time,acc_x,acc_y,acc_z,grav_x,grav_y,grav_z,gyro_yaw,gyro_pitch,gyro_roll,orient_yaw,orient_pitch,orient_roll,gps_lat,gps_lon,gps_speed,gps_accuracy,gps_orient,gps_sats,ins_vel_x,ins_vel_y,ins_vel_z,ins_pos_x,ins_pos_y,ins_pos_z,ins_is_reset,_t_sec,true_vel_x,true_vel_y,true_pos_x,true_pos_y,true_speed_ms,true_heading,err_vel_x,err_vel_y,err_pos_x,err_pos_y
3303496.0,-2.9346,1.7077,10.7054,0.0894,-0.091,9.8057,-0.0679,0.5829,-0.2636,314.89,-87.16,90.11,53.043278,-1.809921,14.83,3,240.48,19 / 19,-13.079959703835119,-6.943906988828858,0.0,0.0,0.0,0.0,False,0.0,-13.079959703835119,-6.943906988828858,0.0,0.0,14.808888888888887,242.037,0.0,0.0,0.0,0.0
3303597.0,1.1261,-1.0037,9.7879,0.015,-0.0432,9.8065,0.0806,0.3032,-0.125,325.5,-87.52,101.37,53.043278,-1.809921,14.83,3,240.48,19 / 19,-13.096558482078343,-7.01109523004524,0.04444000000004966,-1.321914168390106,-0.7047276120539289,0.0022442200000050137,False,0.10100000000011278,-12.922749568640503,-7.238850211120772,-1.2960534110295145,-0.7525672630860613,14.812130555552772,240.74391999998247,0.17380891343784022,-0.22775498107553194,0.025860757360591347,-0.04783965103213239
3303696.0,-0.9103,1.8118,10.1259,0.007,-0.0165,9.8066,0.0605,0.3228,-0.1485,331.43,-87.4,105.09,53.043278,-1.809921,14.83,3,240.48,19 / 19,-13.035332380370798,-6.986779223683727,0.05931475000000545,-2.6154427660774884,-1.3976223975114503,0.0073800801249924546,False,0.1999999999998181,-12.631595043418445,-7.3969910846745295,-2.533678458655983,-1.5011315085835117,14.638055555560278,239.6470000000225,0.4037373369523536,-0.41021186099080253,0.08176430742150531,-0.1035091110720614
3303797.0,1.2022,-0.4722,9.2869,0.0272,0.0019,9.8066,-0.0371,-0.4064,0.2821,331.29,-87.4,106.91,53.043278,-1.809921,14.83,3,240.48,19 / 19,-12.984952092557528,-6.9477533748975,0.049189499999994155,-3.929467131961836,-2.101316293740588,0.012859544749998553,False,0.3009999999999309,-12.885484398036311,-7.2985420435710715,-3.8298655730327673,-2.2310150078202917,14.808930555546313,240.47210000000044,0.09946769452121629,-0.3507886686735713,0.09960155892906863,-0.12969871407970368
3303896.0,0.2553,-0.0662,8.9099,-0.0472,0.0627,9.8063,-0.0264,0.0231,-0.0923,321.62,-87.72,95.56,53.043278,-1.809921,14.83,3,240.48,19 / 19,-12.839354121070409,-6.955412768533748,-0.020927250000119177,-5.207770289538486,-2.7895230178415478,0.014258526124994626,False,0.40000000000009095,-12.698890859921104,-7.1899541984236555,-5.080727252077077,-2.9355460625649146,14.59305555555853,240.48199999999986,0.1404632611493053,-0.23454142988990778,0.12704303746140866,-0.1460230447233668
3303996.0,-1.3471,2.758,9.7219,-0.0237,0.0236,9.8066,-0.0526,0.3007,0.0823,315.29,-88.16,91.04,53.043278,-1.809921,14.83,3,240.48,19 / 19,-12.898815885177159,-6.910643170236773,-0.07000225000007448,-6.494678789849694,-3.482825814779443,0.009712051124989077,False,0.5,-12.535293313445381,-7.246008901642451,-6.324168395386535,-3.669432578218279,14.47888888888889,239.97,0.36352257173177804,-0.3353657314056777,0.1705103944631583,-0.18660676343883598
3304096.0,-1.5816,4.2047,9.7275,0.0086,-0.0456,9.8065,0.0327,-0.1341,0.2721,326.44,-88.11,101.63,53.043278,-1.809921,14.83,3,240.48,19 / 19,-13.15322596124559,-6.74275925133444,-0.07819725000006703,-7.797280882169646,-4.165495935857383,0.0023020761249887417,False,0.599999999999909,-12.408036078784669,-7.7865644764901765,-7.567609538668958,-4.458916558121837,14.648888888887129,237.890000000003,0.745189882460922,-1.0438052251557366,0.22967134350068807,-0.2934206222644544
3304196.0,-1.3746,3.234,10.5261,-0.0231,0.0154,9.8066,0.0827,0.2233,-0.2246,342.01,-88.21,116.11,53.043278,-1.809921,14.83,3,240.48,19 / 19,-13.383615073698213,-6.509175960248187,-0.046182250000096146,-9.12412293391563,-4.828092696435911,-0.003916898875013761,False,0.6999999999998181,-12.32840789459244,-7.670773023915119,-8.797680347098627,-5.226161551759156,14.519999999995633,238.11000000000772,1.055207179105773,-1.1615970636669326,0.3264425868170022,-0.39806885532324454
3304296.0,1.1233,-0.6264,9.5353,0.0309,-0.013,9.8066,0.0449,0.0749,0.0912,334.74,-88.22,111.4,53.043278,-1.809921,14.83,3,240.48,19 / 19,-13.36963639313493,-6.41645279650166,-0.023777250000116514,-10.461785507256069,-5.474374134272816,-0.007414873875021212,False,0.7999999999997272,-12.229748045387325,-7.526145278040507,-10.014380820649508,-5.971167559837558,14.359999999993986,238.39200000002276,1.1398883477476058,-1.109692481538847,0.44740468660656063,-0.49679342556474193
3304396.0,0.8484,0.7286,10.0907,0.0325,-0.0256,9.8066,0.0133,-0.0834,-0.1598,332.69,-88.23,109.42,53.043278,-1.809921,14.83,3,240.48,19 / 19,-13.21657571319252,-6.399112119622234,-0.023142250000114176,-11.791096112577277,-6.115152380081342,-0.009760848875041282,False,0.900000000000091,-12.176317787167243,-7.3313186652388795,-11.231081294090819,-6.693934583723602,14.213055555557562,238.94799999999242,1.0402579260252782,-0.932206545616646,0.560014818486458,-0.5787822036422607
3304496.0,0.302,1.3976,9.0886,-0.0094,0.012,9.8066,0.1123,0.002,-0.0418,332.47,-88.39,108.96,53.043278,-1.809921,14.83,3,240.48,18 / 19,-13.14598949003717,-6.30711970707192,-0.044842250000094404,-13.109224372737563,-6.7504639714154715,-0.01316007387504862,False,1.0,-12.175677962557234,-7.332381221500062,-12.441096600215506,-7.427821099377119,14.213055555555556,238.943,0.9703115274799359,-1.0252615144281414,0.6681277725220571,-0.6773571279616473
3304596.0,0.7526,0.0668,10.8163,-0.0311,-0.0181,9.8066,0.0538,-0.083,0.0839,324.12,-88.59,100.89,53.043278,-1.809921,14.83,3,240.48,18 / 19,-13.066076305579221,-6.236935909319126,-0.030262250000107627,-14.419827662517191,-7.377666752234453,-0.016915298875055305,False,1.099999999999909,-12.20639723879787,-7.196719144767018,-13.664482241192584,-8.139468629472173,14.169999999999591,239.47700000000356,0.8596790667813519,-0.9597832354478921,0.7553454213246074,-0.76180187723772
3304696.0,-1.6408,1.6638,9.9434,-0.0163,0.0058,9.8065,-0.0556,0.1625,0.0944,340.17,-88.8,116.04,53.043278,-1.809921,14.83,3,240.48,18 / 19,-13.07487859965613,-6.189737052723723,0.02705774999984032,-15.72687540777777,-7.999000400336031,-0.017075523875068523,False,1.199999999999818,-12.213017489163075,-7.126135264596814,-14.88118271476968,-8.851116159567228,14.13999999999765,239.7369999999914,0.861861110493054,-0.9363982118730911,0.8456926930080897,-0.8521157592311974
3304796.0,-0.538,-0.3563,11.0505,-0.008,-0.0257,9.8065,0.1622,-0.0307,-0.171,350.63,-88.96,125.98,53.043278,-1.809921,14.83,3,240.48,18 / 19,-13.143743982655037,-6.204359330405161,0.0960877499997776,-17.037806536892138,-8.618705219491911,-0.010918248875093229,False,1.2999999999997272,-12.099518860913223,-7.14936614222189,-16.084512853414285,-9.562763691077386,14.053888888885659,239.4219999999865,1.044225121741814,-0.9450068118167287,0.9532936834778525,-0.9440584715854747
3304896.0,-1.6319,1.6318,8.4323,-0.0218,-0.032,9.8065,0.1498,0.1121,-0.22,348.01,-89.2,123.37,53.043278,-1.809921,14.83,3,240.48,18 / 19,-13.20684101205193,-6.210746104578163,0.08956274999975387,-18.355335786632278,-9.239460491243335,-0.001635723875082885,False,1.400000000000091,-11.99045487880236,-7.178413250812098,-17.2744726571257,-10.285530714256106,13.975000000001076,239.0920000000045,1.2163861332495696,-0.9676671462339348,1.0808631295065787,-1.0460702230127712
3304996.0,-1.2831,0.2539,9.0666,0.0088,-0.01,9.8066,-0.0971,-0.0296,0.1596,350.75,-89.26,128.13,53.043278,-1.809921,14.83,3,240.48,18 / 19,-13.311709736472165,-6.193017350060354,-0.01615725000014996,-19.681263324057277,-9.859648663974697,0.0020345511248939727,False,1.5,-12.089287555172497,-7.374699608091567,-18.48448796322344,-11.030536723042438,14.16111111111111,238.616,1.2224221812996685,-1.1816822580312127,1.1967753608338363,-1.1708880590677406
3305097.0,-0.645,-0.1842,10.4917,0.0185,0.0463,9.8065,0.0152,0.0164,0.0296,337.64,-89.38,111.05,53.043278,-1.809921,14.83,3,240.48,18 / 19,-13.342781761120305,-6.253906384582893,-0.018934750000153048,-21.0273151446872,-10.488218312574883,0.00026240512487669216,False,1.6010000000001128,-12.030052615777825,-7.1647730413045485,-19.693099384183792,-11.7493007284399,14.002005555555652,239.223119999997,1.3127291453424803,-0.9108666567216552,1.3342157605034082,-1.2610824158650171
3305196.0,-0.3753,-0.4104,10.3639,-0.0083,-0.0065,9.8066,0.0322,-0.0975,0.0683,357.47,-89.38,132.52,53.043278,-1.809921,14.83,3,240.48,18 / 19,-13.32920598532089,-6.3399853257799395,0.042559099999663924,-22.34757853813211,-11.111615952235988,0.0014318104498489998,False,1.699999999999818,-12.011903703010177,-7.206926520874922,-20.877777905714698,-12.45383178323346,14.008055555560876,239.03699999999634,1.3173022823107132,-0.8669411950949826,1.4698006324174138,-1.3422158309974712
3305297.0,-1.1814,-0.1566,10.5128,-0.0052,-0.0077,9.8066,0.0248,0.0524,-0.0023,6.55,-89.17,141.35,53.043278,-1.809921,14.83,3,240.48,18 / 19,-13.36155583446918,-6.42171807215963,0.1063607999997352,-23.695462010033015,-11.756081973832655,0.008952265399827054,False,1.8009999999999309,-12.160895949791081,-7.335440859009539,-22.099826513200746,-13.206065462252418,14.20197499999542,238.90164999999428,1.2006598846780978,-0.9137227868499096,1.5956354968322692,-1.4499834884197629
3305397.0,-0.5541,-4.2157,9.4298,0.0284,-0.0419,9.8065,0.105,-0.144,-0.094,9.85,-89.04,148.59,53.043278,-1.809921,14.83,3,240.48,18 / 19,-13.445572229359701,-6.688976693561102,0.12282579999972032,-25.03581841322324,-12.411616712118096,0.020411595399789408,False,1.90099999999984,-12.051649877143591,-7.306495232414099,-23.303022948437224,-13.928610095573152,14.093519444446812,238.77307999999186,1.3939223522161104,-0.6175185388529965,1.7327954647860153,-1.5169933834550555
3305496.0,-2.8731,1.7592,9.815,0.0025,0.009,9.8066,0.0062,0.1381,-0.1707,10.38,-89.07,145.02,53.043278,-1.809921,14.83,3,240.48,17 / 20,-13.59606807507965,-6.84253107162261,0.10458504999969087,-26.37437960829515,-13.081426346495773,0.03166843247477846,False,2.0,-11.98932817658562,-7.125536415635659,-24.481083154194856,-14.622132852867619,13.946944444444444,239.276,1.6067398984940304,-0.28300534401304844,1.8932964541002946,-1.540706506371846
3305597.0,-1.4437,1.9375,10.0343,-0.0388,0.0091,9.8065,-0.0601,-0.0873,0.148,354.95,-89.12,130.12,53.043278,-1.809921,14.83,3,240.48,17 / 20,-13.75911908837203,-6.697263281280132,0.1165030499997042,-27.755816560051002,-13.765185961318124,0.04283338152476038,False,2.1010000000001128,-11.999145269200937,-7.234275267665278,-25.689694575154938,-15.363247039462218,14.011219444444613,238.91425999999566,1.7599738191710923,-0.5370119863851457,2.066121984896064,-1.5980610781440934
3305696.0,-0.761,1.2101,12.3793,-0.0409,0.0053,9.8066,-0.0029,-0.0581,0.0447,2.52,-88.99,139.4,53.043278,-1.809921,14.83,3,240.48,17 / 20,-13.825526804648415,-6.601881779150598,0.2551178999992917,-29.12125653175145,-14.423493641807486,0.06122861854965592,False,2.199999999999818,-11.973921256197684,-7.296583841328915,-26.87437309665917,-16.07878639245709,14.021944444447255,238.6429999999884,1.8516055484507312,-0.6947020621783171,2.246883435092279,-1.655292750649604
3305796.0,-2.9414,0.8739,10.0718,-0.0232,-0.0143,9.8065,0.1313,0.0678,-0.088,13.24,-88.43,147.53,53.043278,-1.809921,14.83,3,240.48,17 / 20,-13.954919014883348,-6.526356720615792,0.39700789999916275,-30.510278822726775,-15.079905566795208,0.09383490854954898,False,2.299999999999727,-12.007072062146705,-7.439478845624556,-28.071018067906255,-16.823792399826804,14.12500000000307,238.218000000071,1.9478469527366435,-0.9131221250087647,2.43926075482052,-1.7438868330315955
3305896.0,-0.2185,0.9407,9.8749,-0.0145,-0.0641,9.8063,0.1232,-0.1604,0.0957,11.33,-87.69,149.24,53.043278,-1.809921,14.83,3,240.48,17 / 20,-14.055224454481236,-6.46778416243163,0.41367789999922344,-31.9107859962001,-15.729612610949943,0.13436919854961576,False,2.400000000000091,-12.291732433161076,-7.110085357542799,-29.30777404367821,-17.51320094643819,14.199999999998976,239.95299999997633,1.7634920213201593,-0.6423011951111688,2.6030119525218893,-1.783588335488247
3305996.0,-1.8771,-0.2673,10.1398,0.0026,-0.0059,9.8066,-0.0466,0.0512,-0.1248,3.03,-87.55,141.59,53.043278,-1.809921,14.83,3,240.48,17 / 20,-14.11117777110329,-6.490343247421684,0.4337478999992052,-33.31910610747805,-16.37751898144202,0.17674048854949867,False,2.5,-12.359351195015599,-6.975508952934119,-30.544530019534534,-18.20260949097463,14.191944444444445,240.56,1.7518265760876908,-0.48516570551243454,2.7745760879435153,-1.825090509532611
3306096.0,-1.2563,-3.0665,9.8966,0.0299,0.0089,9.8065,-0.0939,-0.2307,0.0989,359.37,-87.54,134.42,53.043278,-1.809921,14.83,3,240.48,17 / 20,-14.220399364424557,-6.710794456267479,0.454902899999186,-34.73568496425315,-17.03757586662588,0.22117302854937781,False,2.599999999999909,-11.955339040519469,-7.4374907345345465,-31.721119488448508,-18.9698544846121,14.080000000002006,238.114000000008,2.2650603239050877,-0.7266962782670676,3.0145654758046447,-1.9322786179862206
3306196.0,-2.4399,-1.1368,10.164,-0.0075,0.0237,9.8066,0.0186,-0.1021,0.0426,352.01,-87.36,129.55,53.043278,-1.809921,14.83,3,240.48,17 / 20,-14.342820154481291,-6.991305912267963,0.47726789999916563,-36.16384594019715,-17.72268088505203,0.267781568549253,False,2.699999999999818,-12.156209304267698,-7.391381709542187,-32.93781996199921,-19.703741000973395,14.22694444444483,238.69899999998864,2.1866108502135937,-0.4000757972742237,3.2260259781979386,-1.981060115921366
3306296.0,-0.8169,0.0855,10.1547,-0.0288,-0.018,9.8065,-0.0262,0.0578,-0.0699,346.93,-87.37,126.93,53.043278,-1.809921,14.83,3,240.48,17 / 20,-14.439340875921726,-7.117028902024502,0.5125378999991336,-37.60295399171599,-18.42809762576601,0.31727185854912293,False,2.799999999999727,-12.114143997918362,-7.487106308642103,-34.147835268098596,-20.448747009051342,14.241111111118183,238.28200000005063,2.3251968780033643,-0.37007740661760113,3.455118723617396,-2.020649383285331
3306396.0,-0.0446,-2.7387,9.3113,0.0117,-0.0083,9.8066,0.0206,0.0577,0.0153,354.45,-87.29,129.98,53.043278,-1.809921,14.83,3,240.48,17 / 20,-12.251063278657135,-6.211089448846822,0.42939696499924074,-38.93747419944979,-19.094503543312,0.364368601799213,False,2.900000000000091,-12.421852244468484,-7.311482730456153,-35.39127641132297,-21.16039453980518,14.41388888888653,239.51899999998312,-0.17078896581134906,-1.100393281609331,3.5461977881268183,-2.0658909964931773
3306497.0,-1.1681,0.263,9.1032,0.0032,-0.0005,9.8066,-0.0509,0.0954,-0.0023,353.04,-87.31,130.52,53.043278,-1.809921,14.83,3,240.48,18 / 20,-12.246059124509335,-6.39502299441496,0.3688575649994457,-40.174578880805505,-19.731112221694566,0.40468045556401017,False,3.000999999999749,-12.464219516493433,-7.291535968779063,-36.64675085598928,-21.89083401296751,14.440363888889264,239.67235000000278,-0.21816039198409776,-0.8965129743641027,3.5278280248162233,-2.1597217912729434
3306596.0,-1.2914,-1.3713,9.9855,0.0028,-0.0134,9.8066,0.0331,-0.0943,-0.0321,354.12,-87.5,129.62,53.043278,-1.809921,14.83,3,240.48,18 / 20,-12.308553412299828,-6.51409044704518,0.34288986499940377,-41.390032201379526,-20.370113337047876,0.4399119533490102,False,3.099999999999909,-12.181491627951686,-7.459272317615799,-37.838047693278305,-22.65040655666991,14.28388888889189,238.5190000000243,0.12706178434814142,-0.945181870570619,3.5519845081012207,-2.2802932196220347
3306696.0,-1.4128,1.1705,8.5511,-0.0011,0.0362,9.8065,-0.0017,-0.0305,-0.0783,351.13,-87.81,126.8,53.043278,-1.809921,14.83,3,240.48,18 / 20,-12.390096666750257,-6.592487238924731,0.28905486499945277,-42.62496470533091,-21.025442221345774,0.47150918984892426,False,3.199999999999818,-12.598660389597283,-7.185857588967688,-39.11491467377208,-23.33981510191368,14.503888888892275,240.30100000001713,-0.2085637228470265,-0.5933703500429575,3.5100500315588334,-2.3143728805679054
3306796.0,-0.7572,0.2015,9.6491,0.0028,0.0343,9.8065,-0.0953,0.0083,0.1707,347.07,-87.83,123.05,53.043278,-1.809921,14.83,3,240.48,18 / 20,-12.450602224517679,-6.591258043136748,0.2183998649995171,-43.86699964989318,-21.684629485448248,0.4968819263488497,False,3.299999999999727,-12.78518777441448,-7.1076707091366185,-40.39178165423954,-24.02922364715881,14.628055555560216,240.92899999999895,-0.33458554989680067,-0.5164126659998702,3.4752179956536438,-2.3445941617105603
3306897.0,-1.1196,-0.1391,10.0926,0.0176,-0.0182,9.8065,-0.0432,0.0086,0.0114,344.37,-87.85,120.53,53.043278,-1.809921,14.83,3,240.48,18 / 20,-10.609648701627236,-5.657538298632283,0.19115145524959573,-45.0315423216648,-22.303193700708274,0.517564268021453,False,3.40099999999984,-12.879370670839887,-7.170100351374915,-41.68783506517673,-24.75944073112348,14.740725000001953,240.89472000001325,-2.2697219692126502,-1.5125620527426316,3.3437072564880737,-2.4562470304152058
3306997.0,-1.0447,0.4291,10.6368,0.0104,-0.0451,9.8065,0.123,0.027,-0.1617,343.41,-87.9,119.61,53.043278,-1.809921,14.83,3,240.48,18 / 20,-10.656331413992746,-5.71533426276735,0.24695645524954496,-46.09484132744483,-22.871837328777737,0.53946966354639,False,3.500999999999749,-12.67170174996032,-7.2940828261711035,-42.9381619309352,-25.504335544285635,14.62106944444419,240.07442000000012,-2.0153703359675745,-1.578748563403754,3.156679396509631,-2.6324982155078978
3307097.0,0.2586,0.2618,10.8316,-0.0002,-0.0157,9.8066,0.1227,0.1441,-0.0889,343.28,-87.53,119.69,53.043278,-1.809921,14.83,3,240.48,18 / 20,-10.641964950172385,-5.734507743087612,0.33971145524988244,-47.159756145656964,-23.444329429072567,0.5688030590714681,False,3.6010000000001128,-12.754547350831354,-7.357616854079464,-44.208210040632885,-26.23799967078696,14.724574999996252,240.0210400000064,-2.112582400658969,-1.6231091109918525,2.9515461050240788,-2.7936702417143913
3307197.0,-0.1006,-2.1456,9.027,0.0202,-0.0329,9.8065,-0.0455,0.104,-0.1011,348.4,-87.29,124.49,53.043278,-1.809921,14.83,3,240.48,18 / 20,-10.556674515397525,-5.86804279143985,0.3519764552498713,-48.21968811893449,-24.024456955798414,0.6033874545964244,False,3.701000000000022,-12.606787542744577,-7.15531770558281,-45.465823738889476,-26.949980785662834,14.495850000017239,240.42174000000216,-2.0501130273470523,-1.2872749141429605,2.753864380045016,-2.925523829864421
3307297.0,0.2543,0.7043,11.2329,-0.0138,-0.0313,9.8066,0.0265,0.0727,0.0047,354.3,-86.73,129.95,53.043278,-1.809921,14.83,3,240.48,18 / 20,-10.475337688169544,-5.987076495101601,0.38430645524984197,-49.27128872911189,-24.617212920124945,0.6402016001213766,False,3.800999999999931,-13.119048686490585,-7.419765652932968,-46.80258981960014,-27.693986039404923,15.071949999987075,240.50900000005933,-2.6437109983210405,-1.4326891578313674,2.468698909511744,-3.076773119279977
3307397.0,0.2348,-1.3862,10.9383,-0.0165,-0.0222,9.8066,0.1348,0.1606,-0.0697,359.98,-86.42,134.99,53.043278,-1.809921,14.83,3,240.48,18 / 20,-10.404126674672789,-6.074672757497903,0.5122014552497257,-50.315261947253056,-25.220300382754374,0.6850269956463142,False,3.90099999999984,-13.024789334245872,-6.963587917034548,-48.1118798620702,-28.340806927937003,14.76960000000064,241.86913000004142,-2.6206626595730835,-0.8889151595366451,2.2033820851828594,-3.1205065451826286
3307496.0,-0.2466,1.0692,9.4949,0.0042,-0.0326,9.8066,0.1073,-0.0283,-0.1272,1.85,-86.42,138.48,53.043278,-1.809921,14.83,3,240.48,17 / 21,-10.35679846943077,-6.147265380312949,0.5527865052497913,-51.34292774188784,-25.82528632057699,0.7377438996911255,False,4.0,-12.666673868729374,-7.5185286528182065,-49.30979501513657,-29.166429258049465,14.729999999999999,239.308,-2.3098753992986047,-1.3712632725052574,2.033132726751269,-3.341142937472476
3307596.0,-0.2187,-0.7417,10.7131,-0.0088,-0.0168,9.8066,0.0144,-0.1336,0.1629,5.26,-86.26,139.63,53.043278,-1.809921,14.83,3,240.48,17 / 21,-10.337772832116425,-6.1892800169594375,0.5825215052497643,-52.37765630696426,-26.442113590440048,0.7945093002160517,False,4.099999999999909,-12.836302542888687,-7.402979634910415,-50.600032330455974,-29.88919628198481,14.818055555553467,240.02700000000175,-2.498529710772262,-1.2136996179509776,1.7776239765082877,-3.447082691544761
3307696.0,-1.377,-1.5685,10.9694,-0.0106,0.0262,9.8066,-0.0675,-0.1041,0.2215,3.47,-86.07,139.87,53.043278,-1.809921,14.83,3,240.48,17 / 21,-10.382457606442584,-6.359873054567828,0.6859815052496703,-53.41366782889127,-27.06957124401584,0.8579344507409657,False,4.199999999999818,-12.720307115318608,-7.297671676101657,-51.86352897607133,-30.611963304505814,14.665000000006874,240.15700000000155,-2.3378495088760243,-0.9377986215338288,1.5501388528199413,-3.5423920604899735
3307796.0,-0.7934,-0.0319,9.1522,0.0101,0.017,9.8066,0.002,-0.086,-0.1637,1.22,-85.7,137.89,53.043278,-1.809921,14.83,3,240.48,17 / 21,-10.450444196051073,-6.493729630615354,0.7113965052496473,-54.45531291901501,-27.712251378274416,0.9278033512658681,False,4.299999999999727,-12.946090757393991,-7.410395782937799,-53.15376629141685,-31.34584982157504,14.91694444443851,240.2129999999827,-2.4956465613429177,-0.9166661523224455,1.3015466275981566,-3.633598443300624
3307896.0,-1.9541,-2.1002,9.1249,0.0368,-0.0161,9.8066,-0.0644,-0.1134,-0.0763,2.1,-85.91,136.82,53.043278,-1.809921,14.83,3,240.48,17 / 21,-10.545738072734409,-6.654296604105163,0.6445865052494043,-55.505122032458104,-28.369652690012835,0.9956025017910674,False,4.400000000000091,-12.765852008491755,-7.432588053100913,-54.423948104371114,-32.10197532132109,14.771944444446424,239.79100000000577,-2.2201139357573467,-0.7782914489957502,1.08117392808699,-3.732322631308257
3307996.0,-1.6876,0.5094,9.1112,0.0116,0.0112,9.8066,-0.0269,-0.1053,0.0779,350.69,-86.26,126.88,53.043278,-1.809921,14.83,3,240.48,17 / 21,-10.683806711308929,-6.79790638695387,0.575726505249467,-56.56659927165931,-29.042262839565176,1.0566181523159555,False,4.5,-12.844360742700227,-7.342644081758373,-55.70750025229099,-32.82474234454958,14.795,240.245,-2.160554031391298,-0.5447376948045033,0.8590990193683155,-3.7824795049844013
3308096.0,0.2259,0.4202,9.2629,0.0291,0.0304,9.8065,-0.0095,0.0282,-0.0324,339.53,-86.51,116.98,53.043278,-1.809921,14.83,3,240.48,17 / 21,-10.70760783823052,-6.805551377967672,0.5137665052495234,-57.636169999135305,-29.722435727810634,1.1110928028408555,False,4.599999999999909,-12.911177287808076,-7.328609429237166,-56.99773756763742,-33.55862886020355,14.846111111113075,240.41999999999663,-2.2035694495775555,-0.5230580512694942,0.6384324314978826,-3.836193132392914
3308197.0,-0.7118,-0.0755,9.7778,0.0153,-0.0107,9.8066,-0.0023,-0.0816,0.0214,337.41,-86.66,114.98,53.043278,-1.809921,14.83,3,240.48,17 / 21,-10.670221599913038,-6.835026079948444,0.48485020524949113,-58.71575038576276,-30.411284889436168,1.1615229467211121,False,4.701000000000022,-13.005707685943268,-7.454119417646937,-58.30782983029092,-34.32198203234893,14.99041944444568,240.18114000002106,-2.3354860860302296,-0.6190933376984926,0.4079205554718399,-3.9106971429127597
3308296.0,-0.094,-1.7736,10.5811,-0.0253,0.0235,9.8065,-0.0868,0.2271,-0.0675,335.57,-86.62,113.14,53.043278,-1.809921,14.83,3,240.48,17 / 21,-10.60352037598228,-6.96692184574969,0.5217574052493813,-59.76880061356644,-31.09448131175619,1.211350023440658,False,4.799999999999727,-13.13296410425195,-7.313317141845992,-59.61163803554073,-35.037521384643846,15.031944444441955,240.8879999999795,-2.529443728269671,-0.3463952960963024,0.1571625780257122,-3.943040072887655
3308396.0,3.2082,-1.2732,10.3206,0.027,-0.0189,9.8066,0.0421,0.1269,-0.115,337.03,-86.45,114.58,53.043278,-1.809921,14.83,3,240.48,17 / 21,-10.332088305317878,-7.078786934059675,0.5861774052496157,-60.815581047635256,-31.796766750749214,1.2667467639658094,False,4.900000000000091,-13.01562702493239,-7.397811909551957,-60.90187535079907,-35.78252739337967,14.97111111111194,240.38700000000682,-2.6835387196145124,-0.31902497549228226,-0.08629430316381104,-3.985760642630453
3308496.0,2.1664,0.4408,8.8558,0.0107,-0.0205,9.8066,0.0776,-0.0184,0.0304,334.35,-86.62,114.04,53.043278,-1.809921,14.83,3,240.48,17 / 18,-10.004611816813188,-7.040495018797147,0.5643324052496357,-61.832416053740886,-32.502730848391415,1.3242722544907197,False,5.0,-12.952719563554469,-7.700549866963551,-62.17874233126644,-36.58313086570841,15.068888888888889,239.268,-2.9481077467412806,-0.6600548481664044,-0.3463262775255558,-4.080400017316997
3308596.0,4.1959,1.6146,8.6011,-0.016,0.0224,9.8065,-0.1649,0.3213,-0.0742,330.27,-86.88,110.45,53.043278,-1.809921,14.83,3,240.48,17 / 18,-9.70575223328454,-6.828039496056877,0.45651240524973385,-62.817934256244875,-33.19615757413349,1.3753144950156417,False,5.099999999999909,-12.71721502522333,-7.576469876076194,-63.428868642002094,-37.35037585934619,14.80305555555528,239.21500000000003,-3.01146279193879,-0.7484303800193173,-0.6109343857572185,-4.1542182852127
3308697.0,0.7012,3.0028,10.8126,0.0354,0.0131,9.8065,-0.1193,0.1357,0.0378,330.18,-87.24,107.93,53.043278,-1.809921,14.83,3,240.48,17 / 18,-9.536532093634637,-6.529188553501101,0.44643260524972267,-63.789669614755375,-33.870697590636915,1.4209132180459152,False,5.201000000000022,-12.699416654133143,-7.5667641620096795,-64.70486655072625,-38.11417381119697,14.78280555555482,239.2119999999823,-3.1628845604985063,-1.037575608508578,-0.9151969359708758,-4.243476220560055
3308797.0,1.775,3.7572,9.3636,-0.0006,0.0133,9.8066,-0.0303,0.4551,-0.1091,334.55,-87.49,111.71,53.043278,-1.809921,14.83,3,240.48,17 / 18,-9.512789794432607,-6.202233966967757,0.4745776052496971,-64.74213570915788,-34.50726871665978,1.4669637285708443,False,5.300999999999931,-12.599410413035287,-7.677771232571312,-65.95526026815926,-38.88008446500908,14.754574999985246,238.64350000010808,-3.08662061860268,-1.4755372656035552,-1.2131245590013862,-4.372815748349296
3308896.0,-0.672,4.5015,10.0682,0.0459,-0.0334,9.8065,0.0231,-0.0961,0.0745,332.3,-87.58,111.59,53.043278,-1.809921,14.83,3,240.48,17 / 18,-9.579011510724706,-5.844208947248755,0.4655933552496826,-65.68717987376469,-35.10356764091446,1.5135021911156388,False,5.400000000000091,-12.62370010662729,-6.949121931443517,-67.21935857873301,-39.507557435848895,14.410000000004748,241.16799999996522,-3.044688595902583,-1.1049129841947618,-1.5321787049683167,-4.403989794934432
3308996.0,1.2616,1.1825,10.0544,-0.0141,-0.0077,9.8066,0.0041,0.3061,-0.1796,333.76,-87.77,112.77,53.043278,-1.809921,14.83,3,240.48,17 / 18,-9.614662175218127,-5.60894704807128,0.4910583552496594,-66.64686355806096,-35.67622544067994,1.5613347766405623,False,5.5,-12.597077529913769,-6.5213390270205736,-68.49622555922679,-40.11912953269881,14.185,242.63,-2.9824153546956413,-0.9123919789492936,-1.8493620011658294,-4.442904092018864
3309096.0,3.8795,1.0154,9.4266,0.0179,-0.0399,9.8065,0.1034,-0.2594,0.1738,342.43,-87.91,120.5,53.043278,-1.809921,14.83,3,240.48,17 / 18,-9.349376599471077,-5.456205619593824,0.4844433552496655,-67.59506549679456,-36.22948307406269,1.6101098621654841,False,5.599999999999909,-12.16884771827802,-6.613746684681095,-69.68618536301827,-40.80853807794257,13.849999999991747,241.4759999999844,-2.819471118806943,-1.1575410650872708,-2.091119866223707,-4.57905500387988
3309196.0,3.8812,0.7109,9.8298,-0.0171,0.0225,9.8065,-0.0401,0.2369,-0.144,343.59,-87.69,121.91,53.043278,-1.809921,14.83,3,240.48,17 / 18,-8.941492157081411,-5.301040735391004,0.4665983552496818,-68.50960893462135,-36.767345391811446,1.6576619476904082,False,5.699999999999818,-11.508687721851548,-6.555923422437721,-70.79592315756106,-41.497946623189065,13.244999999999045,240.33199999992627,-2.5671955647701363,-1.2548826870467176,-2.2863142229397084,-4.730601231377619
3309298.0,3.7503,-0.3829,8.8528,-0.0011,-0.034,9.8065,0.1208,-0.637,0.3695,346.89,-87.72,124.93,53.043278,-1.809921,14.83,3,240.48,17 / 18,-8.50941863389998,-5.229924594558078,0.41913265524974624,-69.3996053849602,-37.30442462363812,1.7028342292258178,False,5.80199999999968,-11.145870506123648,-7.0616685804691866,-71.8731710383661,-42.3001068239979,13.194622222192011,237.64374000002698,-2.6364518722236685,-1.8317439859111087,-2.473565653405899,-4.995682200359781
3309396.0,-1.5236,5.1022,9.7361,0.0787,-0.0367,9.8062,-0.0802,-0.2167,0.0583,343.08,-87.79,121.38,53.043278,-1.809921,14.83,3,240.48,17 / 18,-8.41088690752079,-5.031011714755556,0.3689370552495358,-70.22870035649329,-37.8072105027966,1.7414496450404446,False,5.900000000000091,-10.586974781785065,-6.534310265752618,-72.90175090019794,-42.92124168332957,12.441111111121598,238.31699999999063,-2.176087874264274,-1.5032985509970613,-2.6730505437046475,-5.114031180532969
3309497.0,3.6984,2.5824,9.7332,-0.0139,0.0495,9.8064,-0.0121,-0.4762,0.3051,345.78,-88.37,123.58,53.043278,-1.809921,14.83,3,240.48,16 / 19,-8.348734279234334,-4.677256345025335,0.3616650552495605,-71.07506122642155,-38.297478039813875,1.7783450516205241,False,6.000999999999749,-10.543608217242639,-6.0228659746353035,-73.98180655130362,-43.48255367452816,12.14261111111194,240.26380999999768,-2.194873938008305,-1.3456096296099682,-2.906745324882067,-5.185075634714288
3309597.0,-1.6314,5.5382,9.9518,-0.0604,0.0613,9.8062,0.0203,-0.2976,0.2109,342.94,-88.38,120.9,53.043278,-1.809921,14.83,3,240.48,16 / 19,-8.299237395223916,-4.308028230687166,0.3652500552495736,-71.9074598101475,-38.74674226860113,1.8146908071456131,False,6.101000000000113,-10.335329998778956,-5.675855277105065,-75.02382359971534,-44.01673410198351,11.791299999992386,241.22532999998472,-2.0360926035550406,-1.3678270464178999,-3.116363789567842,-5.269991833382377
3309696.0,3.7356,4.664,10.2737,-0.0283,0.0144,9.8065,0.0815,-0.3183,0.1117,349.6,-88.59,127.11,53.043278,-1.809921,14.83,3,240.48,16 / 19,-8.257604400956247,-3.852854759201091,0.39555395524948345,-72.72702347905597,-39.1507059765994,1.8523506056652044,False,6.199999999999818,-9.82543300793286,-5.6116032652376475,-75.97024275377866,-44.58916558395786,11.314999999991269,240.26799999999815,-1.5678286069766134,-1.7587485060365564,-3.2432192747226907,-5.43845960735846
3309798.0,-0.6031,5.5174,10.4609,-0.0252,0.003,9.8065,0.0789,-0.3742,0.2307,359.28,-88.38,136.3,53.043278,-1.809921,14.83,3,240.48,16 / 19,-8.093711062278697,-3.3566112857509776,0.45274025524940603,-73.56094056767982,-39.51838874489145,1.8956136104005892,False,6.30199999999968,-9.535933471186247,-5.466050080173954,-76.93812129532508,-45.1453626066461,10.991477777770857,240.17807999995694,-1.4422224089075506,-2.109438794422976,-3.3771807276452535,-5.626973861754649
3309897.0,1.3229,1.565,10.1022,-0.0374,-0.0169,9.8065,-0.0103,0.0733,-0.085,9.96,-87.92,144.24,53.043278,-1.809921,14.83,3,240.48,16 / 19,-8.006900882364892,-3.0788054439371293,0.4997553552494821,-74.35792085894097,-39.83694187301153,1.9427621431203603,False,6.40099999999984,-9.276429018541569,-5.55865818605561,-77.85719811450055,-45.70734176572375,10.814588888895772,239.06749000005846,-1.2695281361766764,-2.479852742118481,-3.4992772555595764,-5.870399892712214
3309997.0,3.1377,1.4537,9.3654,0.0324,-0.0222,9.8066,0.0346,-0.169,0.0056,4.61,-87.64,141.18,53.043278,-1.809921,14.83,3,240.48,16 / 19,-7.726103986676566,-3.015942375206446,0.49247035524948873,-75.14457110239233,-40.141679263968435,1.9923734286452637,False,6.500999999999749,-8.5514556005697,-5.889970937517044,-78.69912810152184,-46.32958857598818,10.383619444445689,235.4415900000027,-0.8253516138931332,-2.8740285623105986,-3.5545569991295025,-6.187909312019748
3310096.0,0.5266,1.5263,10.112,-0.0185,-0.0116,9.8065,0.0694,0.2595,-0.2576,359.38,-87.37,134.43,53.043278,-1.809921,14.83,3,240.48,16 / 19,-7.495214414477615,-2.938949724827558,0.4857433052494779,-75.89802636325068,-40.436446422920596,2.040795004840041,False,6.599999999999909,-8.00992774397268,-5.753173538287929,-79.4933259930299,-46.90202005796592,9.861944444445006,234.3119999999998,-0.5147133294950654,-2.814223813460371,-3.5952996297792197,-6.465573635045324
3310196.0,1.5128,-1.1452,8.7641,0.0392,-0.0543,9.8064,-0.0438,0.0344,-0.0583,1.44,-87.23,134.46,53.043278,-1.809921,14.83,3,240.48,16 / 19,-7.348388057422498,-2.9789322514613286,0.4488833052495114,-76.64020648684502,-40.73234052173477,2.087526335364948,False,6.699999999999818,-8.041906558045277,-5.77912175401571,-80.31560158781716,-47.4691141844035,9.903055555537957,234.29800000004357,-0.6935185006227789,-2.8001895025543817,-3.675395100972139,-6.736773662668732
3310296.0,-2.2299,2.2971,10.7637,-0.0115,-0.0202,9.8066,-0.0762,0.1876,-0.1195,356.74,-86.79,133.94,53.043278,-1.809921,14.83,3,240.48,16 / 19,-7.343632749742818,-2.986041871414167,0.44460830524951533,-77.37480752720262,-41.030589227878274,2.1322009158898587,False,6.799999999999727,-7.665775601876393,-5.191095943158763,-81.08439584305994,-47.95837186103576,9.25805555553673,235.89499999994626,-0.32214285213357474,-2.205054071744596,-3.7095883158573173,-6.927782633157484
3310396.0,-0.3379,-0.5972,9.864,0.0135,-0.025,9.8065,0.066,0.0102,-0.0917,0.9,-86.68,135.79,53.043278,-1.809921,14.83,3,240.48,16 / 19,-7.430142917692884,-2.9633810776717833,0.49532830524969995,-78.11349631057709,-41.328060375333656,2.1791977464149905,False,6.900000000000091,-7.169938150073551,-5.098800690640072,-81.78633842391497,-48.480988017029915,8.798055555561831,234.5820000000179,0.2602047676193333,-2.1354196129682887,-3.672842113337879,-7.152927641696259
3310496.0,-1.0111,4.287,9.2397,0.0216,0.0129,9.8065,0.0166,0.0019,-0.135,357.93,-86.97,133.14,53.043278,-1.809921,14.83,3,240.48,17 / 18,-7.457640884507624,-2.837185943898592,0.46984830524972315,-78.85788550068644,-41.61808872641191,2.2274565769399177,False,7.0,-7.439046790166919,-4.629498169482104,-82.54844751173339,-48.89240924526816,8.761944444444445,238.105,0.018594094340705247,-1.7923122255835118,-3.69056201104695,-7.27432051885625
3310597.0,-1.2897,1.6799,10.8519,0.0189,-0.0033,9.8066,-0.1552,0.1183,-0.0344,357.62,-87.33,130.99,53.043278,-1.809921,14.83,3,240.48,17 / 18,-7.5348420929780335,-2.5963888042280967,0.49400245524975017,-79.6150058910503,-41.89248425119261,2.2761310403451955,False,7.101000000000113,-7.6708878712706206,-3.568925219219427,-83.37206013996865,-49.15060386510008,8.460636111109041,245.0500800000555,-0.13604577829258702,-0.9725364149913305,-3.757054248918351,-7.258119613907468
3310697.0,0.7314,1.1814,9.9817,0.0053,0.0233,9.8066,-0.0766,-0.2043,0.1746,355.99,-87.45,127.52,53.043278,-1.809921,14.83,3,240.48,17 / 18,-7.5197421598887715,-2.50802175845761,0.5550174552496948,-80.36773510369295,-42.147704779326666,2.32858203587012,False,7.201000000000022,-7.749612786272819,-3.0591698551438733,-84.17294319893377,-49.39790138166917,8.33208888889177,248.45891999981117,-0.22987062638404776,-0.5511480966862634,-3.8052080952408147,-7.2501966023425055
3310796.0,0.3686,3.5132,9.242,-0.0063,0.0502,9.8065,-0.0416,-0.0725,0.0639,1.23,-87.7,132.32,53.043278,-1.809921,14.83,3,240.48,17 / 18,-7.417346235658506,-2.3289999345914523,0.5357322552497523,-81.10712097927033,-42.387137353131884,2.382574146539682,False,7.299999999999727,-7.450194614939381,-3.9421780909354833,-84.83477477518888,-49.9042830779328,8.428888888882431,242.11499999993444,-0.032848379280874695,-1.613178156344031,-3.727653795918542,-7.517145724800919
3310896.0,-0.0913,-0.1246,11.098,-0.0047,-0.0555,9.8065,-0.0048,-0.1883,0.1479,5.81,-88.01,136.59,53.043278,-1.809921,14.83,3,240.48,17 / 18,-7.356388950762052,-2.2193822078623215,0.5720672552498847,-81.84580773859405,-42.6145564602554,2.4379641220648653,False,7.400000000000091,-7.199732591427007,-4.071256516644989,-85.54340252346974,-50.33794329099125,8.271111111113264,240.51300000002186,0.15665635933504518,-1.8518743087826675,-3.6975947848756903,-7.723386830735848
3310996.0,0.8507,-1.1724,10.0381,-0.011,-0.0049,9.8066,0.1161,0.1534,-0.2151,10.97,-87.77,141.31,53.043278,-1.809921,14.83,3,240.48,17 / 18,-7.292275088587279,-2.354131346722594,0.6482072552498155,-82.57824094056085,-42.84323213798444,2.498977847589795,False,7.5,-7.325231479890845,-3.727079061935423,-86.29214127643586,-50.67152807154252,8.21888888888889,243.033,-0.03295639130356598,-1.3729477152128289,-3.7139003358750102,-7.828295933558081
3311097.0,-0.4553,-1.3039,9.068,0.0286,-0.0222,9.8065,0.0853,-0.6019,0.1674,12.63,-87.85,142.87,53.043278,-1.809921,14.83,3,240.48,17 / 18,-7.2629743015603605,-2.545931741389965,0.6225936552497869,-83.31328103476412,-43.090685323934395,2.5631532935700965,False,7.601000000000113,-6.966294294087859,-4.0673450628093875,-86.96774429763947,-51.130763117993666,8.066780555552219,239.72140000002278,0.2966800074725011,-1.5214133214194225,-3.6544632628753533,-8.040077794059272
3311196.0,-4.8997,4.9276,9.5302,-0.0112,0.0694,9.8063,-0.1482,-0.1526,0.1219,6.56,-87.68,136.91,53.043278,-1.809921,14.83,3,240.48,17 / 18,-7.475205872116183,-2.397461080391052,0.5723462052499366,-84.04282095335894,-43.33538326861183,2.6223028166646567,False,7.699999999999818,-6.882561813530245,-3.7920152949520984,-87.66928576848484,-51.461012050736784,7.858055555556836,241.14700000005732,0.5926440585859378,-1.3945542145610466,-3.6264648151258996,-8.125628782124956
3311296.0,3.1463,0.3002,8.9411,0.0097,0.0011,9.8066,-0.0323,-0.5934,0.2597,355.13,-87.76,124.61,53.043278,-1.809921,14.83,3,240.48,17 / 18,-7.488482298863546,-2.153908653505355,0.5152462052499887,-84.79100536190725,-43.56295175530644,2.6766824371896036,False,7.799999999999727,-7.058874344749679,-3.558274579762976,-88.41133935399671,-51.77235784502257,7.90499999999701,243.24800000001616,0.4296079541138669,-1.4043659262576207,-3.6203339920894564,-8.209406089716126
3311396.0,-2.6528,1.5064,9.4528,-0.0072,0.0211,9.8066,0.0516,-0.5895,0.1208,343.3,-87.51,113.86,53.043278,-1.809921,14.83,3,240.48,17 / 18,-7.4245950490526536,-2.138515106919835,0.4542762052497669,-85.53665922930577,-43.77757294332849,2.7251585577147677,False,7.900000000000091,-7.017776248951535,-3.47709221915834,-89.10659676739935,-52.12818161039948,7.8319444444454405,243.6429999999946,0.40681880010111815,-1.338577112238505,-3.5699375380935834,-8.350608667070993
3311496.0,-2.9198,0.3893,10.3733,-0.0233,0.0345,9.8066,-0.107,-0.0329,0.0886,342.57,-87.4,109.37,53.043278,-1.809921,14.83,3,240.48,17 / 18,-7.656175225013924,-2.170278675352357,0.4649162052497573,-86.29069774300841,-43.9930126324419,2.771118178239702,False,8.0,-6.921632094688396,-3.39192122451427,-89.79516901339663,-52.46176639024236,7.708055555555555,243.893,0.7345431303255285,-1.221642549161913,-3.5044712703882226,-8.468753757800457
3311596.0,-3.2731,0.0636,9.4975,-0.0022,0.0316,9.8066,-0.0923,-0.16,0.0859,339.44,-87.49,105.92,53.043278,-1.809921,14.83,3,240.48,17 / 18,-7.892102869058795,-2.288433835361108,0.47779120524974567,-87.06811164771133,-44.215948257977374,2.8182535487646345,False,8.099999999999909,-6.975498390004022,-3.3681834208804116,-90.49042642687398,-52.79535117079029,7.7461111111089656,244.22600000005087,0.9166044790547732,-1.0797495855193038,-3.4223147791626474,-8.579402912812917
3311696.0,1.4529,-0.2219,9.3848,-0.0025,0.0072,9.8066,0.0527,-0.358,0.1278,334.66,-87.52,102.04,53.043278,-1.809921,14.83,3,240.48,17 / 18,-7.910038028196903,-2.3558756002525314,0.441241205249779,-87.8582186925734,-44.448163729757844,2.864205169289569,False,8.199999999999818,-7.034110026918502,-2.848250462515567,-91.23916517981533,-52.98438254556256,7.588888888896937,247.95600000010836,0.8759280012784005,-0.4923748622630355,-3.3809464872419284,-8.536218815804716
3311796.0,-2.7959,-1.1612,9.9259,-0.0257,0.0075,9.8066,0.0491,-0.3045,0.1243,331.07,-87.44,98.28,53.043278,-1.809921,14.83,3,240.48,17 / 18,-7.865557789527783,-2.4823636757311993,0.42611120524979285,-88.64699848345892,-44.690075693556814,2.9075727898145085,False,8.299999999999727,-7.494956492984149,-2.4456760170792418,-92.03470010481588,-53.16229442791268,7.883888888882307,251.92800000001125,0.37060129654363383,0.036687658651957555,-3.3877016213569675,-8.472218734355863
3311896.0,-1.9522,-2.3341,9.9872,-0.0282,0.0266,9.8065,-0.0315,-0.1136,0.0085,338.04,-87.53,102.83,53.043278,-1.809921,14.83,3,240.48,17 / 18,-7.939346477117328,-2.7766156960200115,0.4411012052498474,-89.43724369679404,-44.95302466214533,2.950933410339648,False,8.400000000000091,-7.353471802677372,-2.3605167996564207,-92.75001302054913,-53.41804276005097,7.72305555555775,252.20299999999625,0.5858746744399559,0.41609889636359076,-3.3127693237550915,-8.465018097905642
3311996.0,-2.0885,-0.1134,9.6107,-0.002,0.0209,9.8066,0.0379,-0.1248,0.0973,340.8,-87.4,105.5,53.043278,-1.809921,14.83,3,240.48,17 / 18,-8.018400012529483,-2.997782995491379,0.44033120524984815,-90.23513102127566,-45.241744596720636,2.9950050308645926,False,8.5,-7.0672353319948416,-2.5049993765271252,-93.42521493166774,-53.71826906120136,7.498055555555555,250.483,0.9511646805346414,0.4927836189642538,-3.190083910392076,-8.476524464480725
3312097.0,-2.2326,-0.728,9.6966,0.0059,-0.0105,9.8065,-0.0013,-0.0446,-0.047,337.95,-87.44,104.56,53.043278,-1.809921,14.83,3,240.48,17 / 18,-6.9203261976201125,-2.678625947963016,0.3611464744623563,-90.98953669488905,-45.5284032483654,3.0354796536901043,False,8.601000000000113,-7.260591872615147,-2.481683680568584,-94.1811736654676,-53.93254168596054,7.673013888890581,251.12961999998356,-0.3402656749950346,0.19694226739443188,-3.191636970578543,-8.404138437595137
3312197.0,-2.4701,-1.2356,9.7867,-0.0004,-0.005,9.8066,-0.0575,-0.0742,0.1713,336.33,-87.53,101.31,53.043278,-1.809921,14.83,3,240.48,17 / 18,-7.032432245232753,-2.894576373567822,0.3546464744623623,-91.68717461703106,-45.80706336444169,3.0712693011363075,False,8.701000000000022,-7.314063904352453,-2.650954662400634,-94.90297119365205,-54.23332396174859,7.779730555558036,250.0773999999275,-0.2816316591197001,0.2436217111671879,-3.2157965766209884,-8.4262605973069
3312296.0,-2.9622,0.3407,9.4775,-0.0071,0.0556,9.8065,0.0146,0.1274,-0.1718,335.05,-87.51,100.16,53.043278,-1.809921,14.83,3,240.48,17 / 18,-7.193737464494017,-3.0783766401958115,0.33736602446241376,-92.39137001766044,-46.102724538622105,3.105523919832982,False,8.799999999999727,-7.271951332039965,-2.991047725174283,-95.59789434871982,-54.585589488792515,7.863055555560341,247.6419999999759,-0.07821386754594783,0.08732891502152862,-3.2065243310593843,-8.48286495017041
3312396.0,-3.3531,-0.2625,10.1243,-0.0043,0.0289,9.8066,-0.089,0.1399,-0.0388,329.25,-87.82,94.5,53.043278,-1.809921,14.83,3,240.48,17 / 18,-7.40393999515105,-3.250643926466487,0.33679102446241166,-93.12125389064535,-46.41917556695637,3.139231772279346,False,8.900000000000091,-7.348509845647914,-3.111238185737332,-96.33994793420958,-54.88581579204501,7.979999999998405,247.05300000000804,0.05543014950313552,0.1394057407291549,-3.218694043564227,-8.46664022508864
3312496.0,-2.2901,0.484,10.205,-0.0083,-0.0011,9.8066,-0.0318,0.0217,0.0435,327.31,-87.91,90.19,53.04275,-1.811398,9.15,4,251.58,17 / 18,-7.580277819834505,-3.4126856009167796,0.37259102446237913,-93.87046478139395,-46.75234204332523,3.1747008747255534,False,9.0,-7.507278402078446,-3.408928863101498,-97.08868668714956,-55.25275904845628,8.245,245.578,0.07299941775605845,0.003756737815281852,-3.2182219057556125,-8.500417005131048
3312596.0,-0.8976,-2.5428,9.6546,0.0013,-0.0122,9.8066,0.0053,-0.213,0.1665,326.57,-88.14,90.05,53.04275,-1.811398,9.15,4,251.58,17 / 18,-7.58611344028224,-3.6069060082807485,0.384906024462368,-94.6287843443991,-47.10332162378479,3.2125757271717563,False,9.099999999999909,-7.910904514054031,-3.0068087910657924,-97.91096228191185,-55.508507379905296,8.463055555560954,249.1890000000095,-0.32479107377179073,0.6000972172149561,-3.282177937512756,-8.40518575612051
3312697.0,-2.3272,2.079,9.7848,-0.0122,0.0222,9.8066,0.0381,-0.0216,0.0308,324.83,-88.29,89.78,53.04275,-1.811398,9.15,4,251.58,17 / 18,-7.63756313600637,-3.7414888314900536,0.3761240744623583,-95.39758001150253,-47.474415563193624,3.251007747167498,False,9.201000000000022,-8.317960346813692,-3.0464434368272943,-98.75489781914996,-55.8118471404218,8.85828888888712,249.88479999999942,-0.680397210807322,0.6950453946627593,-3.3573178076474335,-8.337431577228173
3312796.0,-0.703,-0.7661,9.7908,-0.0094,0.0333,9.8065,-0.0486,0.1108,-0.061,321.25,-88.39,86.21,53.04275,-1.811398,9.15,4,251.58,17 / 18,-7.7228264403656866,-3.7919283486282347,0.374257924462364,-96.15791929553068,-47.84731971360837,3.2881516561141613,False,9.299999999999727,-8.26113729016525,-3.028870474636009,-99.57556897371614,-56.120079477458894,8.798888888893355,249.8650000001332,-0.5383108497995632,0.7630578739922256,-3.4176496781854695,-8.272759763850523
3312896.0,-3.5134,1.2842,9.9794,0.0347,-0.0257,9.8065,0.0254,-0.3608,0.1788,315.75,-88.46,80.9,53.04275,-1.811398,9.15,4,251.58,17 / 18,-7.823523224418816,-3.93162988316161,0.38210292446239263,-96.93523677877273,-48.23349762519927,3.3259696985605367,False,9.400000000000091,-8.52420683542478,-2.586764698949579,-100.43795557305688,-56.34246933020056,8.908055555554068,253.11899999995563,-0.7006836110059638,1.344865184212031,-3.5027187942841493,-8.108971705001288
3312997.0,-1.7432,0.5825,9.9156,0.0123,-0.0215,9.8065,-0.0123,-0.0416,0.0342,311.2,-88.33,76.73,53.04275,-1.811398,9.15,4,251.58,17 / 18,-6.800967010285877,-3.4515624892955237,0.3368794582929928,-97.67377353562281,-48.606348840007094,3.362278308889561,False,9.500999999999749,-8.921093262987979,-2.5602867663916107,-101.34265928230309,-56.58943326267427,9.28122500000017,253.9869799999981,-2.120126252702102,0.891275722903913,-3.6688857466802745,-7.983084422667176
3313097.0,-2.5034,3.0161,9.632,0.026,-0.0542,9.8064,-0.0494,-0.3645,0.2367,314.51,-88.07,77.93,53.04275,-1.811398,9.15,4,251.58,17 / 18,-7.001401851369374,-3.4854718548441634,0.3335944582929809,-98.36389197870808,-48.95320055721534,3.3958020047189814,False,9.601000000000113,-8.886688503798293,-2.420263178384934,-102.23158599641505,-56.82338738757675,9.210388888889504,254.76520999998132,-1.8852866524289196,1.0652086764592292,-3.8676940177069667,-7.870186830361412
3313196.0,-1.9359,-3.9266,9.6575,0.0192,-0.0183,9.8066,-0.0494,-0.0311,0.1069,312.38,-88.19,75.71,53.04275,-1.811398,9.15,4,251.58,17 / 18,-7.042341399391577,-3.675665476507905,0.3175663582930287,-99.05905726961868,-49.30767685511621,3.428034465139893,False,9.699999999999818,-8.872497201549658,-2.611654473244175,-103.09196704557198,-57.098594831414054,9.248888888894951,253.59799999995852,-1.8301558021580808,1.06401100326373,-4.0329097759533,-7.790917976297841
3313296.0,2.1164,-1.1472,9.5569,0.0449,-0.0293,9.8065,0.1126,-0.4184,0.0974,308.96,-87.98,75.15,53.04275,-1.811398,9.15,4,251.58,17 / 18,-6.7771412287334805,-3.8344239952211545,0.297621358293047,-99.7500314010243,-49.683181328702325,3.458793850969169,False,9.799999999999727,-9.011487051942218,-2.9146263554134766,-104.00114981700733,-57.40994062640625,9.4711111111102,252.0769999999453,-2.234345823208738,0.9197976398076779,-4.251118415983029,-7.7267592977039214
3313397.0,0.4399,0.1773,8.537,-0.0057,0.0493,9.8065,0.0486,0.2865,-0.2192,318.13,-88.01,77.48,53.04275,-1.811398,9.15,4,251.58,17 / 18,-6.579661794656418,-3.771148179661515,0.22089165829296142,-100.42454995370625,-50.06726272353433,3.4849787583067915,False,9.90099999999984,-8.92392928010403,-3.118216181863439,-104.8863328372827,-57.74686125401659,9.453030555548924,250.7394900000008,-2.344267485447612,0.6529319977980763,-4.461782883576447,-7.6795985304822665
3313497.0,-1.2992,-2.8351,10.3714,0.0295,0.0016,9.8066,0.0349,-0.0219,0.0443,314.4,-88.22,77.59,53.04275,-1.811398,9.15,4,251.58,19 / 19,-6.4395634301088185,-3.9038340726734795,0.18564665829299354,-101.07551121494392,-50.45101183615073,3.505305674136071,False,10.000999999999749,-9.309202164175062,-3.2623105458886315,-105.82900829757851,-58.08044603315892,9.864274999999711,250.68755000000033,-2.8696387340662435,0.641523526784848,-4.7534970826345955,-7.6294341970081945
3313597.0,-4.1014,-1.3277,9.6905,-0.0015,0.02,9.8066,-0.0676,0.1201,-0.0091,311.27,-88.24,74.57,53.04275,-1.811398,9.15,4,251.58,19 / 19,-6.394916788766924,-4.251292308235226,0.20807665829307517,-101.71723522589004,-50.858768155197644,3.524991839965446,False,10.101000000000113,-9.415750813094329,-3.3236302370332433,-106.77843577700575,-58.413697228229715,9.985161111111365,250.55765000002162,-3.0208340243274048,0.9276620712019827,-5.061200551115718,-7.554929073032071
3313696.0,-3.4541,-0.9172,9.8397,0.0116,0.0111,9.8066,-0.0272,-0.0985,0.0354,303.67,-88.34,65.55,53.04275,-1.811398,9.15,4,251.58,19 / 19,-6.463085673685071,-4.611726571415435,0.2039632082930875,-102.35370634777952,-51.29748758973905,3.5453878133614003,False,10.199999999999818,-9.5067013912158,-3.105616221495781,-107.7314732468218,-58.71092126776878,10.001111111119757,251.90900000002773,-3.04361571753073,1.5061103499196538,-5.377766899042285,-7.413433678029733
3313796.0,-0.7703,0.1963,10.0665,-0.0186,0.0108,9.8065,0.0451,0.0393,-0.0693,299.36,-88.35,62.9,53.04275,-1.811398,9.15,4,251.58,19 / 19,-6.4746127157481155,-4.79894972598453,0.21860820829307426,-103.0005912672506,-51.76802140460862,3.566516384190689,False,10.299999999999727,-9.863301162096048,-3.0294488992990174,-108.71419286008167,-59.00002807720191,10.318055555562264,252.92600000000564,-3.388688446347933,1.7695008266855123,-5.713601592831068,-7.232006672593293
3313896.0,-1.5816,-1.7726,10.3181,-0.0033,-0.0265,9.8065,0.0531,-0.0887,0.0822,307.14,-88.54,70.09,53.04275,-1.811398,9.15,4,251.58,19 / 19,-6.405478420896341,-4.935809754188531,0.25717320829321455,-103.64459582408516,-52.25475937861904,3.59030545502009,False,10.400000000000091,-10.027350287580106,-3.053425215481794,-109.7236531430033,-59.30025437903976,10.481944444442208,253.06399999999812,-3.6218718666837644,1.882384538706737,-6.079057318918146,-7.045495000420715
3313996.0,-1.973,-0.9629,9.1102,-0.0013,0.0028,9.8066,-0.0425,0.1031,0.0398,308.28,-88.66,70.99,53.04275,-1.811398,9.15,4,251.58,19 / 19,-6.3316255456028605,-5.156927591629721,0.24792320829322304,-104.28145102240954,-52.75939624590949,3.615560275849389,False,10.5,-9.821157615448527,-2.5472404227967527,-110.69300242138348,-59.52264423179765,10.146111111111113,255.46,-3.4895320698456667,2.609687168832968,-6.411551398973941,-6.763247985888157
3314096.0,-3.0416,-2.8247,10.5308,-0.0031,0.0291,9.8065,0.1025,0.1245,-0.1164,309.35,-88.68,72.81,53.04275,-1.811398,9.15,4,251.58,19 / 19,-6.267852817737148,-5.470079258983558,0.24930820829322184,-104.91142494057597,-53.290746588439674,3.640421846678689,False,10.599999999999909,-10.146890371497618,-2.4694179729639356,-111.70914787179989,-59.76727307152759,10.443055555554054,256.32200000000296,-3.8790375537604698,3.0006612860196227,-6.797722931223916,-6.476526483087916
3314197.0,-0.2951,-0.3169,9.753,-0.0203,0.0239,9.8065,0.0456,0.0222,-0.0391,311.72,-88.79,76.5,53.04275,-1.811398,9.15,4,251.58,19 / 19,-5.251188735177147,-4.846743090569216,0.2406931895492707,-105.4931365389988,-53.811746117092675,3.6651669172697625,False,10.701000000000022,-10.052102452160836,-2.4063415076900583,-112.70884781034135,-60.003339900025686,10.3361138888979,256.5375299999957,-4.80091371698369,2.440401582879158,-7.215711271342556,-6.191593782933012
3314297.0,-0.8508,-1.4009,10.5033,-0.0243,0.0187,9.8066,0.0781,0.0355,-0.1602,324.93,-89.06,86.56,53.04275,-1.811398,9.15,4,251.58,19 / 19,-5.1707430576453275,-4.961026965554685,0.27284318954924147,-106.01423312863945,-54.302134619898425,3.690843736224665,False,10.80099999999993,-10.337026845596707,-2.5051129545343733,-113.73796248561506,-60.25942181625517,10.636280555544499,256.3769999999364,-5.16628378795138,2.4559140110203113,-7.7237293569756105,-5.957287196356745
3314397.0,-0.1217,1.3495,10.2638,-0.0086,0.028,9.8066,0.0423,0.0189,0.0902,331.48,-88.97,95.41,53.04275,-1.811398,9.15,4,251.58,19 / 19,-5.132478077572652,-5.009853595841753,0.33053318954918903,-106.52939418539988,-54.80067864796779,3.7210125551795588,False,10.90099999999984,-10.020128878124053,-2.703049336740867,-114.72756782125157,-60.54797265103249,10.378336111110661,254.9031099999822,-4.887650800551401,2.3068042591008866,-8.198173635851688,-5.747294003064695
3314497.0,-2.4154,2.2765,10.7855,-0.0558,0.0137,9.8064,-0.0545,0.3333,-0.1576,350.73,-89.36,111.41,53.04275,-1.811398,9.15,4,251.58,18 / 20,-5.244970212939159,-4.89866983061167,0.40233318954912384,-107.048266599925,-55.296104819290015,3.757655874134441,False,11.000999999999749,-10.098044502566975,-2.5233477401830204,-115.73702810424206,-60.78281633604133,10.408711111110497,255.9707500000076,-4.853074289627815,2.3753220904286496,-8.688761504317057,-5.486711516751313
3314597.0,-1.6715,-0.8284,9.3921,0.0091,0.0013,9.8066,0.1013,-0.4395,0.0383,356.51,-89.28,117.06,53.04275,-1.811398,9.15,4,251.58,18 / 20,-5.409850381437896,-4.903617672736601,0.4305481895492265,-107.5810076296458,-55.786219194459214,3.79929994308951,False,11.101000000000113,-10.191057465714234,-3.155717878708272,-116.74688949728414,-61.14875883952873,10.66851111111491,252.79421000002566,-4.781207084276338,1.7478997940283292,-9.165881867638348,-5.362539645069518
3314696.0,-1.7877,1.9722,11.2888,0.0206,0.0021,9.8066,0.0975,-0.0663,0.1415,4.79,-89.24,127.56,53.04275,-1.811398,9.15,4,251.58,18 / 20,-5.5236473075597825,-4.901828010760725,0.48339438954906927,-108.12221576524956,-56.27158875579089,3.844540100754741,False,11.199999999999818,-10.504306781735682,-2.933052778792674,-117.78596507203422,-61.41295798516351,10.906111111115749,254.39900000002373,-4.9806594741759,1.968775231968051,-9.663749306784652,-5.141369229372621
3314796.0,-0.2547,0.2122,8.7575,0.0289,-0.001,9.8066,-0.0045,-0.0334,-0.0164,3.3,-89.42,127.74,53.04275,-1.811398,9.15,4,251.58,18 / 20,-5.573175312574294,-4.845086338739489,0.5050443895490496,-108.67705689625576,-56.758934473265455,3.893962039709602,False,11.299999999999727,-10.712042827243103,-2.8164473744411955,-118.85559186196679,-61.679825809040295,11.0761111111116,255.268999999945,-5.138867514668808,2.0286389642982936,-10.178534965711023,-4.92089133577484
3314896.0,-1.6911,1.5545,9.3373,0.0036,-0.012,9.8066,-0.1466,-0.1277,0.1538,341.24,-89.48,102.06,53.04275,-1.811398,9.15,4,251.58,18 / 20,-5.63653787690813,-4.836620302046,0.4291193895487735,-109.23754255573192,-57.24301980530649,3.940670228664663,False,11.400000000000091,-10.654513293396166,-3.07023166616565,-119.90516314952313,-62.013410588860125,11.088055555555393,253.92500000001834,-5.017975416488036,1.7663886358803498,-10.667620593791213,-4.770390783553637
3314996.0,-0.4428,-2.6003,9.3232,0.0309,-0.0285,9.8065,0.0122,0.0368,-0.0077,288.45,-89.53,52.31,53.04275,-1.811398,9.15,4,251.58,18 / 20,-4.7251152879937255,-4.129496148479142,0.32425748111649433,-109.75562521397654,-57.691325627832335,3.978339072197892,False,11.5,-10.625304415698723,-3.1278016911901956,-120.96810477200347,-62.32475638385171,11.076111111111112,253.597,-5.900189127704998,1.0016944572889468,-11.212479558026928,-4.633430756019372
3315096.0,-1.4041,-2.3036,10.2975,0.0159,0.0041,9.8066,0.0311,-0.3388,0.143,288.18,-89.36,49.97,53.04275,-1.811398,9.15,4,251.58,18 / 20,-4.452104510812482,-4.26707232198807,0.32462748111649403,-110.21448620391644,-58.111154051355314,4.010783320309512,False,11.599999999999909,-10.695452010277831,-3.3200028074602765,-122.02436122705844,-62.669460656825734,11.198888888890037,252.75500000003998,-6.243347499465349,0.9470695145277932,-11.809875023141998,-4.55830660547042
3315196.0,2.0113,-3.0207,10.1935,-0.0174,0.0216,9.8066,0.073,0.2505,-0.2624,283.8,-89.43,45.46,53.04275,-1.811398,9.15,4,251.58,18 / 20,-4.125966046069658,-4.278103105149039,0.3685124811164542,-110.64338973176015,-58.53841282271178,4.045440318421128,False,11.699999999999818,-10.932825721882628,-2.789384233975243,-123.13409902162817,-62.902970002010946,11.283055555558116,255.68699999995584,-6.806859675812969,1.4887188711737958,-12.490709289868022,-4.364557179299169
3315298.0,-1.2539,-1.5454,9.6416,0.0231,-0.0703,9.8063,0.0205,-0.2447,0.3366,254.28,-89.76,15.24,53.04275,-1.811398,9.15,4,251.58,18 / 20,-3.8031641227705935,-4.207586786713807,0.37982428111643896,-111.04777537037046,-58.971183007196196,4.083605493294954,False,11.80199999999968,-10.9419289674255,-3.119553478124994,-124.22578686412868,-63.24211452819086,11.377966666668675,254.08702000003737,-7.138764844654907,1.088033308588813,-13.17801149375822,-4.270931520994665
3315396.0,-3.2236,1.5123,11.0066,-0.0474,0.0301,9.8064,-0.0721,0.4499,-0.2198,351.39,-89.83,115.95,53.04275,-1.811398,9.15,4,251.58,18 / 20,-3.833041833362829,-4.190754341974742,0.43053438111665177,-111.42194946222257,-59.38270172250366,4.123313067744542,False,11.900000000000091,-11.039634241516655,-2.9541377074166286,-125.30677843857906,-63.514542098839314,11.42805555555486,255.01899999998705,-7.206592408153826,1.2366166345581133,-13.884828976356488,-4.131840376335653
3315496.0,-1.4792,-3.1698,8.9281,0.0134,0.0175,9.8066,-0.1037,0.2066,-0.0677,151.57,-89.9,-86.53,53.04275,-1.811398,9.15,4,251.58,18 / 18,-4.020858694724034,-3.976417779534393,0.44660438111663725,-111.81464448862656,-59.791060328578745,4.167170005856167,False,12.0,-11.089531626792251,-2.637604253789598,-126.4165162331498,-63.748051444729725,11.398888888888889,256.621,-7.068672932068217,1.3388135257447953,-14.601871744523251,-3.9569911161509808
3315596.0,-1.9316,3.1561,9.9443,-0.0127,0.051,9.8065,-0.0821,0.5137,-0.2259,223.1,-89.64,-14.35,53.04275,-1.811398,9.15,4,251.58,18 / 18,-4.100940696194615,-3.93215951580609,0.409559381116671,-112.22073445817212,-60.18648919334541,4.209978193967793,False,12.099999999999909,-11.0755323603045,-2.860203130585574,-127.5061985253889,-64.04827774658713,11.438888888889707,255.52000000001547,-6.974591664109885,1.0719563852205156,-15.285464067216779,-3.8617885532417233
3315696.0,0.1912,0.453,9.9887,-0.039,0.0301,9.8064,-0.0704,0.5245,-0.3111,208.73,-89.44,-28.65,53.04275,-1.811398,9.15,4,251.58,18 / 18,-4.162501027086353,-4.055072504428239,0.4255443811166565,-112.63390654433579,-60.58585079435676,4.251733382079422,False,12.199999999999818,-11.188301996712218,-2.6544950761740855,-128.61593631993352,-64.28178709247754,11.498888888891269,256.653000000004,-7.025800969625864,1.4005774282541532,-15.982029775597738,-3.6959362981207846
3315796.0,-2.7533,0.6755,9.8419,0.0151,0.0293,9.8066,-0.0005,0.036,-0.1023,249.08,-89.41,14.82,53.04275,-1.811398,9.15,4,251.58,18 / 18,-4.153115496735577,-4.142109928664964,0.4364093811166467,-113.0496873705265,-60.995709916011045,4.294831070191048,False,12.299999999999727,-11.279947166257118,-2.645895426053859,-129.7390444493572,-64.53753542392825,11.586111111117818,256.79899999994535,-7.1268316695215415,1.496214502611105,-16.68935707883071,-3.5418255079172027
3315896.0,0.2054,1.0954,9.7263,-0.0047,0.0321,9.8066,0.026,0.235,-0.1719,254.84,-88.96,17.43,53.04275,-1.811398,9.15,4,251.58,18 / 18,-4.151539866278736,-4.224339644146619,0.43415438111663857,-113.46492013867872,-61.41403239465315,4.33835925830287,False,12.400000000000091,-11.37383256447934,-2.949310562679985,-130.8688377461564,-64.84888121889828,11.749999999997762,255.4630000000182,-7.2222926982006035,1.2750290814666343,-17.40391760747768,-3.4348488242451367
3315996.0,1.1793,-0.7804,10.359,0.0101,-0.0259,9.8066,-0.0988,0.0921,0.0385,243.21,-88.67,7.84,53.04275,-1.811398,9.15,4,251.58,18 / 18,-4.1627258449472535,-4.094007039477329,0.45775438111661715,-113.88063342423965,-61.82994972883397,4.382954696414492,False,12.5,-11.25232489860482,-2.9198988640427306,-131.98526070812713,-65.13798802762393,11.625,255.453,-7.089599053657567,1.1741081754345988,-18.10462728388748,-3.308038298789967
3316096.0,-0.0803,0.6261,9.7869,0.0125,0.0005,9.8066,-0.0444,0.2617,-0.1691,255.65,-88.74,17.81,53.04275,-1.811398,9.15,4,251.58,18 / 18,-4.147267351825934,-3.9712170515364873,0.48438438111659293,-114.29613308407792,-62.23321093338429,4.43006163452611,False,12.599999999999909,-11.28147801700829,-3.230863468443307,-133.10836883755036,-65.49381179302482,11.734999999998417,254.0189999999971,-7.134210665182356,0.7403535830931802,-18.812235753472436,-3.260600859640526
3316196.0,-0.8944,-1.4996,9.6391,0.0178,-0.0105,9.8065,0.0139,0.2519,-0.085,256.67,-88.73,17.27,53.04275,-1.811398,9.15,4,251.58,18 / 18,-4.04926192710665,-3.949252351882916,0.4750193811166014,-114.70595954802418,-62.629234403554904,4.4780318226377265,False,12.699999999999818,-11.157941583389324,-3.2402034865171423,-134.21810663212116,-65.8273965728674,11.618888888889792,253.80699999998947,-7.108679656282674,0.7090488653657738,-19.51214708409698,-3.1981621693124964
3316296.0,0.5255,-1.874,9.2441,0.016,-0.0192,9.8065,0.0374,-0.1012,0.0908,259.59,-88.52,20.67,53.04275,-1.811398,9.15,4,251.58,18 / 18,-3.832495355496478,-3.874432783953509,0.4385143811166346,-115.10004741215398,-63.02041866034637,4.523708510749347,False,12.799999999999727,-11.167598751378172,-3.3245371805239663,-135.32784442666545,-66.16098135271135,11.651944444446615,253.421999999972,-7.335103395881694,0.5498956034295426,-20.227797014511467,-3.1405626923649734
3316396.0,-0.1425,-0.8086,10.1682,-0.0114,0.0228,9.8066,-0.0041,0.0759,-0.0116,250.79,-88.5,15.95,53.04275,-1.811398,9.15,4,251.58,18 / 18,-3.6616385938992475,-3.764682734758603,0.4284643811165981,-115.47475410962514,-63.40237443628337,4.567057448861166,False,12.900000000000091,-11.177781236156738,-3.4733602802768964,-136.43758222116057,-66.52792461122047,11.704999999999279,252.73800000000932,-7.51614264225749,0.29132245448170657,-20.96282811153543,-3.1255501749371035
3316496.0,0.5021,-3.1864,9.3796,-0.0184,-0.0043,9.8065,0.0707,-0.2687,0.2338,246.76,-88.46,10.23,53.04275,-1.811398,9.15,4,251.58,18 / 18,-3.4486386900785164,-3.60720388341781,0.4251893811166012,-115.83026797382371,-63.77096876719185,4.609740136972787,False,13.0,-11.246754113061552,-3.321407521431158,-137.56069035055722,-66.83927040550519,11.726944444444444,253.547,-7.798115422983036,0.28579636198665215,-21.730422376733515,-3.0683016383133364
3316596.0,-1.0477,1.2811,10.1305,-0.046,0.0393,9.8064,0.0332,-0.2064,0.1346,246.46,-88.72,11.07,53.04275,-1.811398,9.15,4,251.58,18 / 18,-3.316423904782395,-3.5285539605060077,0.4200293811166059,-116.16852110356645,-64.12775665938771,4.652001075084409,False,13.099999999999909,-11.386456381098641,-3.2749093924638055,-138.70385398231227,-67.17285518534808,11.84805555555467,253.95399999999137,-8.070032476316246,0.25364456804220215,-22.53533287874582,-3.04509852596037
3316696.0,0.1118,-3.4704,9.8394,-0.0432,0.0581,9.8064,-0.0545,-0.2432,0.2747,222.87,-88.84,-15.93,53.04275,-1.811398,9.15,4,251.58,18 / 18,-3.221597004216258,-3.4008739933640837,0.43785938111658973,-116.49542214901608,-64.47422805708091,4.69489551319603,False,13.199999999999818,-11.287256913230966,-3.3820451800603957,-139.82027694428245,-67.52867895074957,11.783055555553121,253.31999999997066,-8.065659909014707,0.01882881330368802,-23.324854795266376,-3.0544508936686583
3316796.0,-2.3282,2.2651,9.5075,-0.0141,0.052,9.8065,-0.0311,-0.3292,0.1753,220.92,-88.75,-15.26,53.04275,-1.811398,9.15,4,251.58,18 / 18,-3.091134384849423,-3.35746698745996,0.4245393811166019,-116.81105871846907,-64.8121451061218,4.738015451307651,False,13.299999999999727,-11.136899507634757,-3.566021130421629,-140.92332957140124,-67.89562220857594,11.693888888892744,252.2450000000185,-8.045765122785333,-0.20855414296166908,-24.11227085293217,-3.0834771024541396
3316896.0,-3.7809,-2.2603,10.1368,-0.033,0.0568,9.8064,-0.1275,-0.1686,0.1204,211.84,-88.37,-24.25,53.04275,-1.811398,9.15,4,251.58,18 / 18,-2.8615437598165347,-3.4490608465985644,0.42608938111660755,-117.10869262570345,-65.15247149782597,4.780546889419466,False,13.400000000000091,-11.254589785315854,-3.5060608302050063,-142.04643770077462,-68.25144597395285,11.788055555554271,252.69699999999384,-8.39304602549932,-0.05699998360644187,-24.937745075071163,-3.098974476126884
3316996.0,-2.5453,2.5514,10.6745,-0.0111,0.0576,9.8064,0.0752,-0.3696,0.2673,224.37,-88.18,-13.31,53.04275,-1.811398,9.15,4,251.58,18 / 18,-2.6417328006822363,-3.559125736417882,0.4859893811165531,-117.38385645372814,-65.50288082697648,4.826150827531083,False,13.5,-11.161313061751247,-3.7360394453994967,-143.14949032789286,-68.64062821663053,11.77,251.493,-8.519580261069011,-0.17691370898161463,-25.76563387416472,-3.137747389654052
3317096.0,-0.7778,-3.017,10.5952,-0.0145,0.0444,9.8065,0.0315,-0.0491,-0.0714,227.64,-88.04,-9.71,53.04275,-1.811398,9.15,4,251.58,18 / 18,-2.4942558307186635,-3.5925560989731466,0.5688093811164778,-117.64065588529796,-65.8604649187457,4.878890765642686,False,13.599999999999909,-11.367844069922098,-3.6189806854796425,-144.29265395962142,-69.02981046072223,11.929999999997422,252.3410000000158,-8.873588239203436,-0.026424586506495817,-26.65199807432346,-3.1693455419765257
3317196.0,1.0679,-1.507,9.2203,-0.0284,0.0083,9.8066,0.0354,-0.2732,0.3265,223.73,-88.32,-11.62,53.04275,-1.811398,9.15,4,251.58,18 / 18,-2.3354554541672585,-3.354410420298099,0.5789193811164687,-117.88214144954203,-66.20781324470896,4.9362772037542815,False,13.699999999999818,-11.257550840178407,-3.3348522012698005,-145.41576208904482,-69.34115625500772,11.741111111113643,253.49899999997967,-8.922095386011149,0.019558219028298574,-27.533620639502786,-3.133343010298759
3317296.0,2.3342,-2.1749,9.8015,-0.0463,0.0097,9.8065,0.1493,0.0601,-0.055,230.71,-88.78,-7.77,53.04275,-1.811398,9.15,4,251.58,18 / 18,-2.3021042593792744,-3.0303031232700857,0.5493443811164956,-118.11401943521915,-66.52704892188707,4.992690391865878,False,13.799999999999727,-11.301844873013097,-3.508451040130141,-146.53887021846882,-69.70809951354143,11.833888888892048,252.75400000000002,-8.999740613633822,-0.4781479168600553,-28.424850783249667,-3.1810505916543548
3317397.0,1.0546,1.431,9.8667,0.0116,-0.0017,9.8066,-0.0321,-0.3368,0.1774,240.3,-88.91,2.79,53.04275,-1.811398,9.15,4,251.58,18 / 18,-2.360645365728096,-2.78706023545291,0.5521168311164988,-118.34948829128733,-66.82082577150291,5.048314183083706,False,13.90099999999984,-11.375791481331492,-3.531452604982277,-147.6866466156596,-70.06737032093298,11.911330555555205,252.75379000000194,-9.015146115603395,-0.744392369529367,-29.337158324372282,-3.2465445494300695
3317496.0,-1.3394,1.9648,9.2749,-0.0291,0.0401,9.8065,0.0199,0.2208,-0.108,238.57,-88.79,2.87,53.04275,-1.811398,9.15,4,251.58,18 / 18,-2.4717225148178774,-2.8148127154040465,0.5287676811164611,-118.58869050137474,-67.09811848257078,5.101817966439324,False,14.0,-11.38911842147105,-3.561712575950524,-148.8051419795436,-70.40862755047938,11.933055555555557,252.634,-8.917395906653173,-0.7468998605464776,-30.216451478168864,-3.3105090679085976
3317596.0,-2.8829,-0.4469,9.3167,0.0193,-0.0048,9.8066,-0.0552,-0.1934,0.1643,240.93,-88.73,5.47,53.04275,-1.811398,9.15,4,251.58,18 / 18,-2.405696649543923,-2.9684732923808204,0.4776826811165077,-118.83256145959261,-67.38728278295976,5.152140484550927,False,14.099999999999909,-11.467256596696354,-3.8616092688794437,-149.94830561129893,-70.80892928629002,12.09999999999884,251.3890000000095,-9.06155994715243,-0.8931359764986233,-31.115744151706323,-3.4216465033302654
3317696.0,-0.4747,1.6908,9.8594,-0.0087,0.0412,9.8065,-0.0471,0.2908,-0.1232,246.83,-88.48,7.78,53.04275,-1.811398,9.15,4,251.58,18 / 18,-2.3542187483664754,-3.0709292104651627,0.45582268111652774,-119.07055722948792,-67.68925290810178,5.198815752662536,False,14.199999999999818,-11.432439574527088,-3.695882895170977,-151.08478407557507,-71.17587254411715,12.01500000000128,252.0849999999874,-9.078220826160612,-0.6249536847058144,-32.014226846087155,-3.4866196360153765
3317800.0,1.7529,-1.5613,9.9495,-0.0223,0.0574,9.8064,0.0371,0.0775,-0.0233,225.83,-88.18,-9.27,53.04275,-1.811398,9.15,4,251.58,18 / 18,-2.408981701819057,-2.933411579031546,0.4659938811165542,-119.3182436528982,-68.00147862915641,5.24675021389878,False,14.304000000000087,-11.449087421974152,-3.805312964856048,-152.27394165929888,-71.56950258484142,12.06491111111424,251.61487999999142,-9.040105720155095,-0.8719013858245024,-32.95569800640068,-3.568023955685007
3317897.0,-0.7698,1.9124,10.5603,0.0041,-0.0146,9.8066,-0.0014,0.3213,-0.135,229.19,-88.22,-3.93,53.04275,-1.811398,9.15,4,251.58,18 / 18,-2.4500284877321463,-2.837139192039675,0.5094741311164434,-119.55390564709083,-68.28135034155265,5.29406041249196,False,14.40099999999984,-11.504322516511671,-3.86808887870628,-153.38936184609716,-71.9471205565006,12.137199999998256,251.41589000000656,-9.054294028779525,-1.030949686666605,-33.83545619900633,-3.6657702149479405
3317996.0,0.941,-2.014,9.6852,0.0209,-0.0324,9.8065,0.007,0.3404,-0.1949,228.32,-88.3,-6.86,53.04275,-1.811398,9.15,4,251.58,18 / 18,-2.441826818501494,-2.7540907075320415,0.540768031116494,-119.79605248474978,-68.5581162215819,5.346047399522575,False,14.5,-11.578501026219017,-3.984763353807239,-154.53433047304196,-72.34341927495458,12.245,251.009,-9.136674207717522,-1.2306726462751976,-34.73827798829218,-3.7853030533726866
3318096.0,1.3844,0.0104,10.3279,0.0195,-0.0517,9.8065,0.0677,0.1266,-0.0402,238.26,-88.5,3.09,53.04275,-1.811398,9.15,4,251.58,18 / 18,-2.4174776836743166,-2.5213991062013594,0.5607580311164758,-120.03901770985834,-68.82189071226833,5.401123702634173,False,14.599999999999909,-11.496139249966406,-3.854141583467049,-155.68417927222367,-72.72148202520735,12.12500000000116,251.46599999999566,-9.078661566292089,-1.3327424772656897,-35.64516156236533,-3.899591312939023
3318196.0,3.0349,-2.6708,9.6669,-0.002,-0.0351,9.8065,0.0245,0.4244,-0.2901,232.31,-88.73,-3.4,53.04275,-1.811398,9.15,4,251.58,18 / 18,-2.4216088288152067,-2.1895574495279777,0.5798330311164586,-120.28097203548259,-69.05743854005458,5.458153255745768,False,14.699999999999818,-11.555011536768815,-3.945352758008815,-156.8340280713786,-73.12178376101906,12.209999999999562,251.14799999997373,-9.133402707953607,-1.7557953084808373,-36.55305603589602,-4.0643452209644835
3318296.0,-0.303,0.9794,10.0607,0.0312,-0.047,9.8065,0.0671,-0.0919,0.0489,222.65,-88.92,-13.72,53.04275,-1.811398,9.15,4,251.58,18 / 18,-2.4208370692194956,-1.9607245192484655,0.5855480311164535,-120.52309433038411,-69.26495263849321,5.5164223088573605,False,14.799999999999727,-11.471913790260498,-4.133536043555021,-157.9771917031338,-73.54432448238921,12.193888888887662,250.18499999997928,-9.051076721041003,-2.1728115243065558,-37.454097372749686,-4.279371843896001
3318396.0,-0.9031,4.2202,10.1945,-0.0018,-0.004,9.8066,-0.057,0.3434,-0.2038,245.99,-89.02,8.36,53.04275,-1.811398,9.15,4,251.58,18 / 18,-2.5989923815169123,-2.0636579678663445,0.6176430311165704,-120.77408580292185,-69.46617176284968,5.57658186196923,False,14.900000000000091,-11.406829281926884,-4.224267822264556,-159.11367016735878,-73.97798469544767,12.163888888889296,249.6790000000069,-8.80783690040997,-2.1606098543982117,-38.33958436443693,-4.511812932597991
3318496.0,0.8405,-3.1953,9.6105,0.0346,-0.0608,9.8064,0.0601,-0.4625,0.2428,275.81,-88.96,35.97,53.04275,-1.811398,9.15,4,251.58,18 / 18,-2.5629537225285257,-2.11101722249452,0.6272280311165617,-121.03218310812389,-69.67490552236754,5.63882541508083,False,15.0,-11.192018385898452,-4.159606285420652,-160.22340796190343,-74.38940592439202,11.94,249.612,-8.629064663369926,-2.0485890629261316,-39.191224853779545,-4.714500402024484
3318597.0,0.8551,1.0182,9.7567,-0.0502,0.029,9.8064,0.0303,-0.0589,-0.0318,291.6,-88.76,52.01,53.04275,-1.811398,9.15,4,251.58,18 / 18,-2.0087691045153973,-1.6943491086056661,0.5225799839490657,-121.26305511088987,-69.86707652208831,5.696890719841709,False,15.101000000000113,-11.176885345210906,-4.296159684146376,-161.34457739276777,-74.82706915485268,11.974155555557296,248.97418000001926,-9.168116240695507,-2.60181057554071,-40.08152228187791,-4.959992632764369
3318697.0,3.6117,-3.5818,9.189,-0.0083,-0.0106,9.8066,0.0951,-0.5509,0.301,301.07,-88.9,62.59,53.04275,-1.811398,9.15,4,251.58,18 / 18,-1.7217378447254372,-1.5563676700464184,0.48919998394909614,-121.44958045835173,-70.02961236102077,5.747479718236571,False,15.201000000000022,-11.36293836940737,-4.098467143665668,-162.4870056560765,-75.22781567176968,12.079513888878452,250.16585999995834,-9.641200524681933,-2.54209947361925,-41.03742519772476,-5.198203310748909
3318796.0,-1.1487,1.9223,10.134,-0.0634,0.0604,9.8062,0.088,-0.4485,0.2492,312.11,-88.7,72.13,53.04275,-1.811398,9.15,4,251.58,18 / 18,-1.5132074951601,-1.4690247840816562,0.474830133949139,-121.60971025267558,-70.17936928749967,5.795199209072392,False,15.299999999999727,-10.932603418039227,-4.247942686991634,-163.5459361781111,-75.66814758092526,11.728888888897039,248.76600000006,-9.419395922879126,-2.778917902909978,-41.93622592543552,-5.488778293425597
3318897.0,2.6845,-4.1871,9.1784,-0.053,0.0553,9.8063,0.0064,-0.4847,0.319,306.11,-88.79,70.3,53.04275,-1.811398,9.15,4,251.58,18 / 18,-1.2984469340954359,-1.461164639644704,0.4596346839491221,-121.75169880135314,-70.32734385339802,5.842389682376306,False,15.40099999999984,-11.222212355520446,-4.036456211051032,-164.69317776193444,-76.06166642642043,11.926105555558678,250.2168800000242,-9.92376542142501,-2.575291571406328,-42.94147896058129,-5.7343225730224106
3318996.0,-2.4043,4.8739,10.1463,-0.0494,0.0732,9.8062,0.0593,-0.6256,0.3887,298.58,-88.98,59.99,53.04275,-1.811398,9.15,4,251.58,18 / 18,-1.2486867661328134,-1.4555393732408495,0.44534898394909905,-121.87778191951465,-70.4717207020361,5.8871863739373405,False,15.5,-10.93307200287889,-4.258230765190968,-165.7587265997232,-76.4909900380789,11.733055555555554,248.72,-9.684385236746076,-2.802691391950118,-43.88094468020854,-6.019269336042811
3319096.0,2.9172,-1.2741,10.1551,-0.0576,0.0745,9.8062,-0.0482,-0.0867,0.0485,262.36,-89.34,25.81,53.04275,-1.811398,9.15,4,251.58,18 / 18,-1.414860828400717,-1.2568995309386697,0.47975398394906776,-122.01095929924121,-70.60734264724495,5.933441522332207,False,15.599999999999909,-10.981521598338324,-4.071342045929989,-166.85509405938814,-76.90241126702313,11.711944444443409,249.65799999998964,-9.566660769937606,-2.8144425149913195,-44.84413476014693,-6.295068619778178
3319196.0,3.3317,-2.5681,9.5338,-0.0209,0.0139,9.8066,0.1065,-0.5391,0.3615,261.68,-89.27,25.3,53.04275,-1.811398,9.15,4,251.58,18 / 18,-1.2182161666530038,-0.8654224288213004,0.4835339839490643,-122.14261314899377,-70.71345874523286,5.98160592072707,False,15.699999999999818,-10.85587787988541,-4.189152330376971,-167.93809118420046,-77.3249519876849,11.63611111110961,248.8990000000158,-9.637661713232406,-3.3237299015556707,-45.795478035206685,-6.611493242452042
3319296.0,2.0971,-2.3408,10.0801,-0.0654,0.0598,9.8062,-0.0324,0.3991,-0.1785,222.73,-89.46,-14.43,53.04275,-1.811398,9.15,4,251.58,18 / 18,-1.0861570472589281,-0.4601144574329655,0.4835639839490643,-122.25783180968926,-70.77973558954551,6.029960819121932,False,15.799999999999727,-10.84614658694538,-4.0599555148064965,-169.01440314155928,-77.72525372420422,11.581111111103086,249.4779999999733,-9.759989539686453,-3.599841057373531,-46.75657133187002,-6.9455181346587125
3319396.0,3.9777,-0.1459,8.8077,-0.0675,0.0681,9.8061,-0.0351,-0.2154,0.1619,201.7,-89.42,-33.34,53.04275,-1.811398,9.15,4,251.58,18 / 18,-1.2754899448825823,-0.1502442231805462,0.4472889839489324,-122.37591415929677,-70.81025352357629,6.076503467517001,False,15.900000000000091,-10.616301888261514,-4.11246388645003,-170.07065959654147,-78.1477944455451,11.385000000002675,248.82500000000888,-9.340811943378931,-3.9622196632694835,-47.694745437244705,-7.3375409219688095
3319496.0,-0.0463,3.8264,10.6812,-0.0583,0.0381,9.8064,-0.0788,0.3947,-0.0265,221.21,-89.49,-16.05,53.04275,-1.811398,9.15,4,251.58,18 / 20,-1.5925065343151799,-0.14291331177284433,0.4410689839489382,-122.51931398325652,-70.82491140032396,6.120921365911854,False,16.0,-10.568859569810156,-3.8785335225581843,-171.1336012190485,-78.52585719579818,11.258055555555556,249.848,-8.976353035494977,-3.73562021078534,-48.61428723579198,-7.700945795474226
3319596.0,2.3302,-0.0086,9.6912,0.0293,-0.023,9.8065,-0.0382,0.0733,-0.1063,185.1,-89.09,-53.74,53.04275,-1.811398,9.15,4,251.58,18 / 20,-1.853050756768843,-0.2098809424782311,0.4790239839489038,-122.69159184781057,-70.84255111303649,6.166926014306704,False,16.09999999999991,-10.284425644228861,-4.095789199685529,-172.14306150203902,-78.94839791787477,11.069999999996982,248.28500000001074,-8.431374887460018,-3.8859082572072983,-49.45146965422845,-8.10584680483828
3319696.0,-0.7157,3.9805,10.4101,0.0224,0.0075,9.8066,-0.0263,0.3697,-0.2867,187.39,-88.81,-48.56,53.04275,-1.811398,9.15,4,251.58,18 / 20,-2.0002342088539042,-0.33914177505332554,0.5034239839488817,-122.88425609609153,-70.87000224891304,6.216048412701549,False,16.199999999999818,-10.13325562221662,-3.874986531349131,-173.15252178502874,-79.33758016055287,10.848888888882673,249.0729999999975,-8.133021413362716,-3.5358447562958055,-50.268265688937205,-8.467577911639836
3319796.0,1.537,0.2309,10.1234,0.0112,-0.0266,9.8066,-0.0235,0.2642,-0.0579,179.52,-88.63,-56.82,53.04275,-1.811398,9.15,4,251.58,18 / 20,-2.111028424612906,-0.49357766495831557,0.5494339839488399,-123.08981922776469,-70.91163822091359,6.268691311096387,False,16.299999999999727,-9.91439869026104,-3.8095537592887503,-174.13524139828698,-79.7267624032301,10.621111111101367,248.98100000000642,-7.803370265648134,-3.3159760943304346,-51.045422170522286,-8.81512418231651
3319896.0,-0.8461,2.957,10.5364,0.0048,-0.0226,9.8066,-0.0172,0.2169,-0.0905,177.1,-88.78,-61.04,53.04275,-1.811398,9.15,4,251.58,18 / 20,-2.1872645010644347,-0.5956207944708636,0.6017589839490304,-123.30473387404935,-70.96609814388525,6.326250959491491,False,16.40000000000009,-9.702351429646114,-3.6975964362629545,-175.10459067660048,-80.09370566173922,10.383055555558801,249.13799999999787,-7.515086928581679,-3.101975641792091,-51.79985680255113,-9.127607517853974
3319996.0,1.9104,0.1509,10.0641,0.0155,-0.0259,9.8065,-0.0123,0.238,-0.1349,164.26,-88.57,-72.97,53.04275,-1.811398,9.15,4,251.58,18 / 20,-2.2832569488612617,-0.7259713699718996,0.6511189839489856,-123.52825994654543,-71.03217775210733,6.388894857886334,False,16.5,-9.483336864610251,-3.673584341256398,-176.04051411776936,-80.46064891956605,10.17,248.825,-7.20007991574899,-2.9476129712844985,-52.51225417122393,-9.428471167458724
3320096.0,1.4927,-0.6711,9.4648,-0.0034,-0.0177,9.8066,0.0701,-0.1483,0.152,159.39,-88.58,-75.5,53.04275,-1.811398,9.15,4,251.58,18 / 20,-2.517764654889802,-0.7146251496533876,0.6468989839489895,-123.76831102673276,-71.10420757808853,6.453795756281174,False,16.59999999999991,-9.17818850343846,-3.589133710982168,-176.9563820566587,-80.82759217739259,9.8549999999979,248.64200000000574,-6.660423848548657,-2.8745085613287804,-53.188071029925936,-9.723384599304055
3320196.0,-1.548,1.6704,9.5494,-0.0113,0.0154,9.8066,-0.0501,0.0136,-0.0942,156.08,-88.59,-81.58,53.04275,-1.811398,9.15,4,251.58,18 / 20,-2.56044511628827,-0.7196418554799944,0.6169439839490168,-124.02222151529143,-71.17592092834514,6.516987904676017,False,16.699999999999818,-9.060524153211407,-3.46676489815696,-177.85219449321573,-81.17229644966142,9.701111111105865,249.06199999996636,-6.500079036923137,-2.7471230426769653,-53.8299729779243,-9.996375521316281
3320296.0,0.8669,2.4177,9.323,0.018,0.0051,9.8065,-0.0353,-0.2793,0.1567,157.66,-88.41,-80.08,53.04275,-1.811398,9.15,4,251.58,18 / 20,-2.5161382966713344,-0.8590653414068407,0.5798989839490506,-124.27605068593918,-71.2548562881894,6.576830053070866,False,16.799999999999727,-8.805817891456636,-3.5883894944153942,-178.72795142746787,-81.5392397081933,9.508888888883535,247.82900000007933,-6.2896795947853015,-2.7293241530085535,-54.45190074152869,-10.284383420003905
3320396.0,-0.8808,3.3333,9.9658,-0.0191,0.043,9.8064,0.0043,-0.1477,0.0112,167.5,-88.54,-72.31,53.04275,-1.811398,9.15,4,251.58,18 / 20,-2.493460643383188,-1.1004363712526275,0.5636739839489916,-124.52653063294282,-71.35283137382274,6.6340087014659765,False,16.90000000000009,-8.799373162124155,-3.2432943062274893,-179.60370836168687,-81.85058550245603,9.378055555557342,249.76699999997356,-6.305912518740968,-2.1428579349748618,-55.07717772874405,-10.49775412863329
3320497.0,-0.3098,-1.0268,9.7059,-0.0002,-0.001,9.8067,0.0121,-0.3907,0.0727,169.77,-88.39,-69.95,53.04275,-1.811398,9.15,4,251.58,17 / 19,-2.4658658159738134,-1.1542730990638035,0.5666231839489817,-124.7769766191395,-71.46669420207333,6.691088708444631,False,17.00099999999975,-8.647970931163684,-3.2412849852062124,-180.46796680792457,-82.18739493517165,9.235438888889048,249.4538599999998,-6.18210511518987,-2.0870118861424087,-55.690990188785065,-10.720700733098326
3320596.0,-0.2346,4.7707,10.6222,-0.019,0.0183,9.8066,0.0267,-0.4255,0.2282,173.51,-88.63,-65.91,53.04275,-1.811398,9.15,4,251.58,17 / 19,-2.4763495834500073,-1.2857933319306274,0.6020057839490389,-125.02161628141138,-71.58747749040775,6.748935842355676,False,17.09999999999991,-8.590426905719774,-3.2051659916868966,-181.31511122555398,-82.50663556971492,9.168888888888384,249.5390000000156,-6.114077322269766,-1.9193726597562693,-56.293494944142594,-10.919158079307167
3320696.0,2.7559,-1.9174,9.695,-0.0574,0.0442,9.8063,0.0003,-0.0344,-0.0608,156.91,-88.67,-80.64,53.04275,-1.811398,9.15,4,251.58,17 / 19,-2.6620188701372127,-1.4447035462851368,0.6372007839490069,-125.2785347040905,-71.72400233431841,6.810896170750522,False,17.199999999999818,-8.617841947545168,-3.02079617045726,-182.1708126575001,-82.80686187157355,9.131944444438934,250.68299999997075,-5.955823077407955,-1.5760926241721234,-56.892277953409604,-11.082859537255132
3320796.0,-0.6183,1.1555,9.5978,-0.0012,-0.0054,9.8066,0.0246,-0.5405,0.2614,152.31,-88.9,-85.21,53.04275,-1.811398,9.15,4,251.58,17 / 19,-2.8395523545274015,-1.4161758798033248,0.6211757839490215,-125.55361326532348,-71.86704630562271,6.873814999145366,False,17.299999999999727,-8.37052561669396,-3.1111414143708376,-183.00645858714114,-83.1182076658566,8.929999999996852,249.6110000000317,-5.530973262166559,-1.6949655345675128,-57.45284532181766,-11.251161360233894
3320896.0,-2.527,4.5944,10.3747,-0.0404,0.0381,9.8064,0.0013,0.2931,-0.2298,144.84,-88.88,-94.59,53.04275,-1.811398,9.15,4,251.58,17 / 19,-2.61995841240774,-1.544135466853579,0.6391357839490869,-125.82658880367123,-72.0150618729561,6.9368305775405,False,17.40000000000009,-8.339361065044876,-2.9718091622082716,-183.83541934927297,-83.40731447526954,8.853055555556605,250.38599999998942,-5.719402652637136,-1.4276736953546927,-58.00883054560174,-11.392252602313448
3320997.0,-0.6571,1.8719,9.8449,0.0375,-0.0528,9.8064,0.0208,-0.1434,-0.0082,142.83,-89.03,-96.47,53.04275,-1.811398,9.15,4,251.58,17 / 19,-2.3712703835269204,-1.6973985040485178,0.6697539339489833,-126.07864585786507,-72.1787593384861,7.002929508294129,False,17.50099999999975,-8.333743927815041,-2.9206234608050075,-184.67908747981014,-83.6992011592721,8.830705555556111,250.68669999999912,-5.9624735442881205,-1.2232249567564897,-58.600441621945066,-11.520441820786004
3321097.0,-0.9031,0.4641,9.8062,0.0122,0.0072,9.8066,-0.0594,0.3597,-0.3308,142.93,-89.48,-95.76,53.04275,-1.811398,9.15,4,251.58,17 / 19,-2.310913364350934,-1.7265949577190214,0.6716439339489904,-126.31275504525982,-72.34995901157511,7.069999401689272,False,17.601000000000113,-8.133008222586902,-2.7919218980427774,-185.48144127561946,-83.97729966979725,8.598875000001296,251.05353000000085,-5.8220948582359675,-1.065326940323756,-59.16868623035964,-11.627340658222138
3321197.0,1.8115,-1.4686,9.0383,0.0483,-0.0515,9.8064,-0.0459,-0.0058,-0.0861,144.57,-89.64,-97.98,53.04275,-1.811398,9.15,4,251.58,17 / 19,-2.449384561796732,-1.692640097458019,0.6332039339490254,-126.55076994156698,-72.52092076433381,7.135241795084114,False,17.701000000000022,-8.211399019172553,-2.8091296563388544,-186.29696485128056,-84.26618408867344,8.678619444440375,251.1142500000243,-5.762014457375821,-1.1164895588808355,-59.74619490971358,-11.745263324339632
3321297.0,-2.3054,3.4337,9.869,0.0199,-0.0076,9.8066,-0.0604,0.418,-0.3226,255.79,-89.85,12.7,53.04275,-1.811398,9.15,4,251.58,17 / 19,-2.717980220668407,-1.7996599829850148,0.5979039339490575,-126.80913818069,-72.6955357683558,7.196797188478962,False,17.80099999999993,-8.12064554546621,-2.647664926610199,-187.1058032594881,-84.53282952269785,8.541386111108745,251.9419700000465,-5.402665324797804,-0.8480049436251842,-60.296665078798114,-11.837293754342056
3321397.0,1.9476,-0.3944,9.5069,0.0594,-0.0696,9.8061,-0.0489,0.1758,-0.1919,240.52,-89.7,-0.99,53.04275,-1.811398,9.15,4,251.58,17 / 19,-2.8518781825590573,-1.7942534306025755,0.5860339339490683,-127.08763110085111,-72.87523143903502,7.255994081873815,False,17.90099999999984,-8.11509600057741,-2.4774668672852767,-187.90795650018654,-84.77756955662709,8.484850000002018,253.02296000000806,-5.263217818018353,-0.6832134366827012,-60.82032539933543,-11.902338117592066
3321496.0,-0.004,-0.6665,9.779,0.0244,-0.0249,9.8065,0.0043,-0.2487,0.0903,283.08,-89.5,39.41,53.042465,-1.812728,8.14,4,252.5,16 / 20,-2.8043523936471986,-1.6574380313614232,0.5698276339490421,-127.36761451437377,-73.04609016640251,7.313209229484864,False,18.0,-7.974126028920355,-2.510560510104245,-188.69553607596865,-85.03076040476165,8.36,252.524,-5.169773635273156,-0.8531224787428218,-61.32792156159488,-11.984670238359143
3321596.0,0.9713,-1.1817,9.5411,0.0282,-0.0505,9.8064,-0.0257,0.1813,-0.2181,293.58,-89.3,48.9,53.042465,-1.812728,8.14,4,252.5,16 / 20,-2.6294819743735265,-1.617222984681762,0.5551676339490556,-127.63930623277456,-73.20982321720452,7.369458992879717,False,18.09999999999991,-8.079997804257152,-2.336755358746885,-189.49775616842524,-85.26426975065145,8.41111111110968,253.86999999999625,-5.450515829883626,-0.7195323740651227,-61.85844993565068,-12.054446533446935
3321696.0,-0.2622,1.3442,9.3171,0.0205,-0.0375,9.8065,0.0299,0.0539,-0.1266,307.93,-88.96,60.97,53.042465,-1.812728,8.14,4,252.5,16 / 20,-2.5441520938353577,-1.5537942714955661,0.51741263394909,-127.89798793618476,-73.36837408001324,7.423088006274575,False,18.199999999999818,-7.968004720529549,-2.3457157891913156,-190.2932910934283,-85.49777909654125,8.306111111106253,253.5960000000139,-5.423852626694191,-0.7919215176957495,-62.395303157243546,-12.129405016528011
3321796.0,0.5211,0.5302,10.4263,0.0178,-0.0199,9.8066,-0.067,0.1384,-0.1017,303.21,-88.88,60.52,53.042465,-1.812728,8.14,4,252.5,16 / 20,-2.5390780440571397,-1.481035886334381,0.5239176339490841,-128.15214944307917,-73.5201155879046,7.475154519669437,False,18.299999999999727,-7.817281085424552,-2.2260735714959465,-191.0620853486749,-85.73128844172282,8.128055555558749,254.1050000000237,-5.278203041367412,-0.7450376851615654,-62.909935905595745,-12.211172853818226
3321896.0,0.3497,1.6043,10.5466,0.0271,-0.0385,9.8065,0.0146,-0.0991,0.0564,312.27,-88.59,67.05,53.042465,-1.812728,8.14,4,252.5,16 / 20,-2.520544658237498,-1.3751714978420222,0.5918976339493314,-128.40513057819481,-73.66292595711394,7.530945283064561,False,18.40000000000009,-7.9146603544793335,-2.1675818418497452,-191.85762027365107,-85.94255880345425,8.206111111110047,254.68399999999212,-5.394115696241835,-0.792410344007723,-63.45248969545625,-12.279632846340306
3321996.0,1.9481,-0.602,10.3366,-0.0122,-0.0184,9.8065,0.0145,0.3431,-0.1985,319.76,-88.71,74.06,53.042465,-1.812728,8.14,4,252.5,16 / 20,-2.4006199205630026,-1.276371961206454,0.6553926339492737,-128.65118880713462,-73.79550313006625,7.593309796459435,False,18.5,-7.901433014883521,-1.997462468060094,-192.64647003122866,-86.13159017822713,8.15,255.813,-5.5008130943205185,-0.7210905068536402,-63.99528122409404,-12.336087048160877
3322097.0,1.5502,-2.736,9.3324,-0.0045,-0.0421,9.8065,0.0967,-0.2286,0.1336,330.17,-88.93,83.76,53.042465,-1.812728,8.14,4,252.5,16 / 20,-2.097095560715301,-1.3365129672326552,0.6582054839492769,-128.87832343893942,-73.92745381895257,7.659646501413386,False,18.601000000000113,-7.7683507403239265,-2.0489879193252127,-193.42970424812933,-86.34475085302054,8.034050000000255,255.22410000002074,-5.671255179608625,-0.7124749520925575,-64.55138080918991,-12.417297034067971
3322198.0,0.1703,2.6578,9.9203,-0.0263,0.0394,9.8065,0.0017,0.1197,0.0254,348.59,-89.06,104.22,53.042465,-1.812728,8.14,4,252.5,16 / 20,-1.91414383504088,-1.3207513965577076,0.6399951839493386,-129.08089102842442,-74.06164566932352,7.725205635142044,False,18.70199999999977,-7.821154679163128,-1.8797836153174317,-194.21213624498523,-86.53633971181533,8.043961111102929,256.48415999995007,-5.907010844122248,-0.5590322187597241,-65.13124521656081,-12.474694042491805
3322296.0,1.5343,0.1038,9.602,-0.0048,0.0224,9.8066,-0.047,-0.2635,0.2441,12.27,-89.46,127.2,53.042465,-1.812728,8.14,4,252.5,16 / 20,-1.8119747671110866,-1.2575631617332643,0.6355361839493406,-129.2634708399298,-74.18798308267972,7.787706672169051,False,18.799999999999727,-7.472694613269389,-2.047242073810709,-194.93279729468583,-86.75428176820849,7.748055555555067,254.67900000005992,-5.660719846158302,-0.7896789120774446,-65.66932645475603,-12.566298685528764
3322397.0,-0.1454,2.3981,9.6214,-0.0088,0.0523,9.8065,0.0016,-0.0223,0.0922,7.56,-89.64,122.65,53.042465,-1.812728,8.14,4,252.5,16 / 20,-1.6891350554666216,-1.2129220509764678,0.6158462339493187,-129.44027688597018,-74.3127425859217,7.850901484273004,False,18.90099999999984,-7.509630509051525,-1.8536490431301533,-195.68888973175402,-86.93419515922153,7.735030555557286,256.1343700000138,-5.820495453584903,-0.6407269921536856,-66.24861284578384,-12.621452573299834
3322497.0,3.2057,-2.0219,9.7597,0.0053,0.011,9.8066,-0.0023,-0.2364,0.2156,300.02,-89.8,55.61,53.042465,-1.812728,8.14,4,252.5,18 / 19,-1.4564030986964194,-1.030024834729598,0.6042362339493293,-129.59755379367817,-74.4248899302069,7.911905607667881,False,19.00099999999975,-7.375896047836919,-1.937661416655749,-196.42399074314403,-87.13423483219579,7.6261638888893355,255.28089999999978,-5.9194929491404995,-0.9076365819261512,-66.82643694946586,-12.709344901988885
3322596.0,2.4125,2.0232,10.0975,-0.013,0.0385,9.8065,-0.0395,-0.1279,0.0901,263.44,-89.47,21.26,53.042465,-1.812728,8.14,4,252.5,18 / 19,-1.3418448627319197,-0.8026435175237532,0.6163092839493489,-129.7360670677691,-74.51560701364359,7.972322610803964,False,19.09999999999991,-7.197698200825802,-1.8788849116113502,-197.12553221399193,-87.32137589322126,7.438888888890049,255.3699999999949,-5.855853338093882,-1.076241394087597,-67.38946514622282,-12.80576887957767
3322696.0,2.6523,-1.0048,9.859,-0.0336,0.0526,9.8064,0.0237,0.0283,0.1427,214.63,-89.37,-27.98,53.042465,-1.812728,8.14,4,252.5,18 / 19,-1.5143878534000312,-0.5137666577315947,0.6334692839493333,-129.8788787035756,-74.5814275224063,8.034811539198842,False,19.199999999999818,-7.2673146285776395,-1.9480867797649692,-197.84753029719948,-87.52152676112651,7.523888888881445,254.99400000001032,-5.752926775177608,-1.4343201220333746,-67.96865159362389,-12.940099238720208
3322797.0,2.4376,-0.2547,9.4116,-0.0334,0.0254,9.8065,0.0785,-0.1036,0.1426,188.8,-89.27,-51.58,53.042465,-1.812728,8.14,4,252.5,18 / 19,-1.738147760925875,-0.2948024611623374,0.6161629339493141,-130.04313175209924,-74.62226026291049,8.097917966202793,False,19.30099999999993,-7.013574411376936,-1.8313458149861968,-198.54947287808625,-87.71244845036146,7.248730555545466,255.36581999997804,-5.275426650451061,-1.5365433538238593,-68.506341125987,-13.090188187450977
3322897.0,2.1944,-1.1797,9.4772,-0.0502,0.0376,9.8064,-0.0611,0.3125,-0.0547,163.61,-89.04,-76.09,53.042465,-1.812728,8.14,4,252.5,18 / 19,-2.0285564387730677,-0.18540671137885406,0.5799379339493471,-130.23146696208403,-74.64627072153752,8.157723009597671,False,19.40099999999984,-6.7682007201198,-1.8325148787936105,-199.21792277005574,-87.90147982582774,7.011894444446303,254.8501400000046,-4.739644281346732,-1.6471081674147565,-68.98645580797171,-13.255209104290216
3322996.0,1.0314,-0.3802,9.1798,0.0402,-0.0066,9.8065,-0.0181,0.0511,0.0464,153.0,-88.57,-89.16,53.042465,-1.812728,8.14,4,252.5,18 / 19,-2.2676513258165034,-0.13147208151622225,0.5326010839492706,-130.44412924643154,-74.66195622178586,8.212793690983741,False,19.5,-6.648256456195664,-1.8353552142312288,-199.8731360305602,-88.08862088755332,6.896944444444444,254.567,-4.380605130379161,-1.7038831327150066,-69.42900678412866,-13.426664665767461
3323096.0,0.4014,2.4353,9.9477,0.0244,0.0278,9.8065,-0.1689,0.4385,-0.2593,173.33,-88.55,-67.71,53.042465,-1.812728,8.14,4,252.5,18 / 19,-2.3891120388708997,-0.2209771516975763,0.5083110839492928,-130.6769674146657,-74.67957868344654,8.264839299378622,False,19.59999999999991,-6.043068713828119,-2.0648815083171796,-200.44806043017806,-88.32213023273488,6.386111111109704,251.13500000001977,-3.6539566749572194,-1.8439043566196034,-69.77109301551235,-13.642551549288342
3323196.0,0.9935,-0.1387,8.9984,0.0689,-0.0048,9.8064,-0.0734,0.0473,0.0797,188.46,-88.45,-54.41,53.042465,-1.812728,8.14,4,252.5,18 / 19,-2.489277343083904,-0.2727433303404373,0.47495108394932317,-130.92088688376322,-74.70426470754842,8.314002407773508,False,19.699999999999818,-5.9950200786066,-1.8805641098503783,-201.05641066695316,-88.4889226233635,6.283055555552061,252.58399999999813,-3.5057427355226958,-1.6078207795099408,-70.13552378318994,-13.784657915815075
3323296.0,-0.7672,3.6349,9.8136,0.0164,0.0348,9.8065,-0.0389,0.5638,-0.1783,199.24,-88.17,-41.14,53.042465,-1.812728,8.14,4,252.5,18 / 19,-2.5934311411307807,-0.37627448069163666,0.4348860839493596,-131.17502230797373,-74.73671559809999,8.3594942661684,False,19.799999999999727,-5.8706121805617535,-1.8493073366637223,-201.65139056882234,-88.65571501257837,6.154999999999875,252.5150000000242,-3.277181039430973,-1.4730328559720856,-70.4763682608486,-13.918999414478378
3323396.0,2.5817,-1.5671,10.7378,0.0813,-0.1038,9.8057,-0.0557,0.4889,-0.4282,199.57,-87.6,-41.95,53.042465,-1.812728,8.14,4,252.5,18 / 19,-2.738374840772101,-0.3737780772148569,0.4817910839495303,-131.44161260706986,-74.77421822599545,8.405328124563512,False,19.90000000000009,-5.8864824611739435,-1.7876645887366194,-202.2330001358264,-88.84474638875271,6.151944444444486,253.10699999999193,-3.1481076204018423,-1.4138865115217625,-70.79138752875653,-14.070528162757256
3323496.0,-1.7824,4.5639,11.0285,0.0661,-0.1054,9.8058,0.0672,0.6895,-0.4713,223.8,-88.17,-16.59,53.042465,-1.812728,8.14,4,252.5,18 / 19,-2.937624132638964,-0.41115900938034255,0.5894410839494324,-131.72541255574015,-74.81346508032517,8.458889732958411,False,20.0,-5.66300381808822,-1.9090028204965857,-202.79455420053833,-89.0337777642326,5.976111111111111,251.371,-2.7253796854492562,-1.497843811116243,-71.06914164479818,-14.220312683907423
3323596.0,3.5528,-4.4818,10.2007,0.0287,-0.0842,9.8062,-0.0218,0.7071,-0.3923,213.4,-88.33,-25.14,53.042465,-1.812728,8.14,4,252.5,18 / 19,-3.057728479594931,-0.2786788265065824,0.6702360839493589,-132.02518018635158,-74.84795697211949,8.521873591353293,False,20.09999999999991,-5.446183656469132,-1.859867893160294,-203.3427379303707,-89.21168964658,5.755000000000016,251.14499999998395,-2.388455176874201,-1.5811890666537116,-71.31755774401913,-14.363732674460508
3323696.0,2.3675,-1.0946,8.5727,0.0318,-0.0657,9.8063,0.1398,0.1441,-0.0066,216.69,-88.66,-20.39,53.042465,-1.812728,8.14,4,252.5,18 / 19,-3.1510428160842867,0.19483791712060589,0.628241083949397,-132.33561875113526,-74.85214901758879,8.586797449748172,False,20.199999999999818,-5.40787475915522,-1.9717265816124767,-203.87755132535068,-89.42296000690844,5.756111111101751,249.96800000010288,-2.2568319430709334,-2.1665644987330825,-71.54193257421542,-14.570810989319654
3323797.0,1.8438,-0.2593,8.9318,0.0018,-0.0266,9.8066,-0.0857,0.5101,-0.3447,188.28,-88.61,-49.26,53.042465,-1.812728,8.14,4,252.5,18 / 19,-3.3257896997041154,0.4064387267422519,0.5217466839492781,-132.66269879318293,-74.82178454707368,8.64487183202712,False,20.30099999999993,-5.195791867674549,-1.517502097675467,-204.41737859588108,-89.5359340521133,5.412894444443761,253.71876999991426,-1.8700021679704335,-1.923940824417719,-71.75467980269815,-14.714149505039629
3323897.0,-0.5514,1.4489,10.1067,0.0872,-0.1037,9.8056,-0.0376,0.0048,-0.1684,186.82,-88.74,-53.47,53.042465,-1.812728,8.14,4,252.5,18 / 19,-3.436024837739756,0.42019351750796224,0.49300668394930436,-133.0007895200548,-74.7804529348612,8.695609500422002,False,20.40099999999984,-5.120520203831492,-1.6950210092478513,-204.91843189524272,-89.71406832430972,5.3938638888938195,251.68223000005406,-1.6844953660917361,-2.1152145267558136,-71.91764237518791,-14.93361538944852
3323996.0,0.2072,3.1028,11.3777,0.0201,-0.0326,9.8065,-0.0083,0.3687,-0.3197,265.06,-88.8,24.44,53.042465,-1.812728,8.14,4,252.5,18 / 19,-3.5652278186411164,0.39948567534873003,0.5856261339494542,-133.34735152654622,-74.73987881481473,8.749001824908076,False,20.5,-4.729532088736474,-1.8783813098167246,-205.38171399864862,-89.91221768423696,5.088888888888889,248.33900000000003,-1.1643042700953576,-2.2778669851654545,-72.0343624721024,-15.172338869422234
3324096.0,1.115,1.2995,10.7606,0.0554,-0.0561,9.8063,-0.0025,-0.1773,0.0432,281.93,-88.15,43.78,53.042465,-1.812728,8.14,4,252.5,18 / 19,-3.7134797885771538,0.5079433629794654,0.7118761339493395,-133.7112869069068,-74.69450736289836,8.813876938302956,False,20.59999999999991,-4.802205970141827,-1.7932743637760715,-205.8630460541118,-90.07901007415825,5.126111111109717,249.52300000001915,-1.0887261815646734,-2.301217726755537,-72.15175914720501,-15.384502711259884
3324196.0,1.1761,2.0876,10.5824,-0.0427,0.0379,9.8065,0.0707,0.1357,0.0229,282.15,-88.18,43.95,53.042465,-1.812728,8.14,4,252.5,18 / 19,-3.7894211590464604,0.6899831420933077,0.7983611339492609,-134.08643195428763,-74.63461103764477,8.889388801697818,False,20.699999999999818,-4.748121137648825,-1.6415861933200038,-206.33100777469602,-90.24580246478656,5.023888888887418,250.92800000000753,-0.9586999786023647,-2.3315693354133114,-72.24457582040839,-15.61119142714179
3324296.0,2.7494,-0.9988,9.6059,-0.0163,-0.009,9.8066,0.074,-0.1714,0.1438,274.36,-88.47,37.21,53.042465,-1.812728,8.14,4,252.5,18 / 19,-3.755643096176302,0.9414977671953232,0.8271111339492347,-134.46368516704842,-74.55303699218042,8.970662415092669,False,20.799999999999727,-4.704958628291406,-1.6013320411160097,-206.79896949530487,-90.40147536157441,4.969999999983754,251.20400000000103,-0.9493155321151039,-2.5428298083113328,-72.33528432825645,-15.848438369393989
3324396.0,0.4451,1.9128,9.5266,-0.0372,-0.0079,9.8065,0.0756,-0.0236,0.0425,286.2,-88.65,51.1,53.042465,-1.812728,8.14,4,252.5,18 / 19,-3.7166980995344736,1.159241634548441,0.8030711339491473,-134.83730222683533,-74.44800002209286,9.052171528487884,False,20.90000000000009,-4.329825029890687,-1.4715475951457269,-207.2201350437967,-90.54602876592723,4.573055555560971,251.22899999999967,-0.6131269303562132,-2.6307892296941677,-72.38283281696135,-16.098028743834377
3324496.0,2.0233,-0.8657,9.5964,-0.023,-0.0052,9.8066,0.024,0.1332,-0.0272,307.71,-88.71,74.5,53.042465,-1.812728,8.14,4,252.5,18 / 19,-3.6350197884212516,1.277074399611791,0.7785561339491697,-135.20488812123278,-74.32618422038496,9.131252891882728,False,21.0,-4.160013351327207,-1.6574892082367674,-207.62124509003857,-90.74617963383203,4.478055555555555,248.276,-0.524993562905955,-2.9345636078485584,-72.41635696880579,-16.41999541344707
3324596.0,2.8073,-0.3691,9.8802,0.0144,-0.0098,9.8066,-0.0156,-0.0079,0.0428,312.25,-88.35,79.94,53.042465,-1.812728,8.14,4,252.5,18 / 19,-3.3565989562739365,1.4218794927005858,0.771721133949176,-135.55446905846722,-74.19123652576947,9.208766755277574,False,21.09999999999991,-3.978686507110752,-1.6309670990234375,-208.00898480137417,-90.92409151688582,4.299999999995593,247.70999999999455,-0.6220875508368153,-3.0528465917240233,-72.45451574290695,-16.732854991116355
3324697.0,2.9302,-0.1246,9.9913,-0.017,0.016,9.8066,-0.0501,0.2078,0.0061,309.27,-88.15,79.18,53.042465,-1.812728,8.14,4,252.5,18 / 19,-3.073918578217545,1.62359335046405,0.7847602339491906,-135.8792101939594,-74.03744014718949,9.287369064356529,False,21.201000000000022,-3.668428589680277,-1.5327999331560522,-208.38027900082125,-91.06975687121187,3.9757944444410556,247.32351000004277,-0.5945100114627322,-3.156393283620102,-72.50106880686184,-17.03231672402238
3324796.0,2.3638,0.1638,10.1344,0.0237,-0.0062,9.8066,-0.0192,0.0334,0.0254,304.42,-87.87,75.01,53.042465,-1.812728,8.14,4,252.5,18 / 19,-2.8444697155929193,1.836862540292493,0.8101240339491151,-136.17217041450215,-73.86614758059754,9.36631583561726,False,21.299999999999727,-3.5996068545758177,-1.399087339802436,-208.73766805200728,-91.17983984762736,3.8619444444353155,248.7599999999653,-0.7551371389828985,-3.235949880094929,-72.56549763750513,-17.313692267029822
3324896.0,-0.1726,2.5329,10.3887,-0.0343,0.0345,9.8065,-0.0293,0.4547,-0.0922,300.31,-87.65,73.43,53.042465,-1.812728,8.14,4,252.5,18 / 19,-2.8244585744437787,2.0050532144527855,0.8556140339492807,-136.455616829005,-73.67405179285957,9.449602739012484,False,21.40000000000009,-3.3718213968810824,-1.3683321282627339,-209.06524125640453,-91.32439325268751,3.6388888888919317,247.91200000001157,-0.5473628224373037,-3.3733853427155194,-72.60962442739952,-17.650341459827942
3324996.0,1.6734,1.9179,10.1037,0.0046,-0.0263,9.8066,0.0667,0.225,0.0473,299.47,-87.95,74.09,53.042465,-1.812728,8.14,4,252.5,18 / 19,-2.907261519704339,2.194318399186186,0.8995690339492408,-136.74220283371216,-73.46408321217781,9.53736189240733,False,21.5,-3.2777886072168783,-1.3341050986711924,-209.39281446082413,-91.44670767078455,3.5388888888888888,247.853,-0.37052708751253904,-3.5284234978573785,-72.65061162711197,-17.982624458606736
3325097.0,-0.5194,2.1076,9.8804,0.0048,0.0014,9.8066,-0.0674,0.5722,-0.18,304.0,-87.85,78.71,53.042465,-1.812728,8.14,4,252.5,18 / 19,-2.978650592578978,2.3638233007139395,0.9182944339492618,-137.0394413953828,-73.2338970563326,9.629163997536306,False,21.601000000000113,-2.886465845653778,-1.2761619130337207,-209.67606500513176,-91.58158711818031,3.156024999996787,246.14706999995582,0.09218474692519996,-3.6399852137476603,-72.63662360974897,-18.347690061847715
3325197.0,3.4187,-0.3443,8.864,0.0339,0.0004,9.8065,-0.0506,0.2545,0.0558,303.63,-87.98,78.09,53.042465,-1.812728,8.14,4,252.5,18 / 19,-2.8976193891415765,2.541750603916161,0.8748494339493014,-137.33325489446855,-72.98861836110132,9.718821190931152,False,21.701000000000022,-2.6405110003939862,-1.325132943317729,-209.92334934862853,-91.7263629124063,2.954411111109376,243.3496899999048,0.25710838874759023,-3.86688354723389,-72.59009445415998,-18.737744551304985
3325297.0,0.6805,2.7157,9.7712,-0.0197,0.0,9.8066,-0.0143,0.5441,-0.1497,300.48,-88.06,76.95,53.042465,-1.812728,8.14,4,252.5,18 / 19,-2.814763536764886,2.7827412516769034,0.8259444339493459,-137.61887404076361,-72.72239376832191,9.803860884326006,False,21.80099999999993,-2.509192199545089,-1.440619180690245,-210.16374796967438,-91.89282171824647,2.8933499999882972,240.1369599999405,0.305571337219797,-4.223360432367149,-72.54487392891076,-19.17042794992456
3325397.0,2.6309,0.2319,10.2136,-0.019,0.0082,9.8066,-0.0282,0.3801,-0.1536,300.4,-88.0,76.97,53.042465,-1.812728,8.14,4,252.5,18 / 19,-2.784627996513287,3.0123423283917923,0.844519433949329,-137.89884361742727,-72.43263958931874,9.887384077720863,False,21.90099999999984,-2.237886014397704,-1.360106959176808,-210.37747277259686,-92.02647802002203,2.6188388888907475,238.70855000006156,0.546741982115583,-4.3724492875686005,-72.47862915516959,-19.593838430703286
3325496.0,0.3677,1.4401,10.1805,0.0277,-0.0215,9.8066,0.0047,0.3366,-0.105,299.68,-87.84,78.69,53.042465,-1.812728,8.14,4,252.5,17 / 19,-2.70903674769176,3.1940478288685323,0.8831690339493916,-138.17078002226586,-72.12542327653385,9.972904656881989,False,22.0,-2.048606242390076,-1.4396777526730231,-210.5694039297481,-92.18059418784286,2.5038888888888886,234.902,0.6604305053016839,-4.6337255815415554,-72.39862390748223,-20.055170911309006
3325597.0,2.2157,-0.4901,9.6119,0.0036,-0.0153,9.8066,-0.0105,0.3973,-0.1168,298.54,-87.46,80.1,53.042465,-1.812728,8.14,4,252.5,17 / 19,-2.6140659014906116,3.3465738418704367,0.8922135839494018,-138.43959670604985,-71.79512188216117,10.062561479085979,False,22.101000000000113,-1.9841212270412132,-1.4359603007390318,-210.76474452223857,-92.32648193132503,2.449244444438413,234.102249999964,0.6299446744493984,-4.782534142609468,-72.32514781618872,-20.531360049163865
3325696.0,0.1776,1.0246,9.5035,0.022,-0.0134,9.8066,0.0221,0.056,0.0047,300.91,-87.42,82.34,53.042465,-1.812728,8.14,4,252.5,17 / 19,-2.1308851131892714,2.956118196301268,0.737432403857054,-138.6744717812758,-71.48313862627259,10.143228955482158,False,22.199999999999818,-1.629369355833863,-1.2798864336825282,-210.91034746901994,-92.4585815041415,2.071944444442239,231.85000000001992,0.5015157573554083,-4.236004629983796,-72.23587568774414,-20.975442877868915
3325796.0,-0.9575,1.9154,9.5149,-0.0027,0.0195,9.8065,-0.0356,0.1556,0.0619,300.07,-87.59,83.03,53.042465,-1.812728,8.14,4,252.5,17 / 19,-2.2038060954988064,3.00861973511348,0.7076874038570812,-138.89120634171002,-71.18490172970212,10.215484945867798,False,22.299999999999727,-1.5813455376526742,-1.2099048505121077,-211.07079148751555,-92.55865693809427,1.9911111111002195,232.58000000000158,0.6224605578461322,-4.2185245856255875,-72.17958514580553,-21.373755208392154
3325896.0,0.6157,1.354,10.0748,-0.0137,0.0216,9.8066,0.0282,0.0274,0.1152,295.43,-87.66,78.44,53.042465,-1.812728,8.14,4,252.5,17 / 19,-2.2859715176408035,3.0875391704099124,0.706507403857077,-139.1156952223678,-70.88009378442484,10.286194686253763,False,22.40000000000009,-1.3706943047858604,-1.0472927588979744,-211.20449483624475,-92.65873237204022,1.7250000000036303,232.61799999999948,0.9152772128549431,-4.134831929307887,-72.08879961387694,-21.778638587615376
3325997.0,-0.4837,1.1191,10.0568,-0.0019,-0.0025,9.8066,-0.0101,0.0091,-0.0128,291.23,-87.7,76.42,53.042465,-1.812728,8.14,4,252.5,17 / 19,-1.9753650082302385,2.68934282437753,0.6227793207784401,-139.33089271692356,-70.58836124368906,10.353323665847629,False,22.50099999999975,-1.2449642699041212,-1.1027644825812204,-211.31927916114196,-92.78204754589058,1.6631388888890664,228.46575000000195,0.7304007383261173,-3.7921073069587505,-71.9883864442184,-22.193686302201513
3326097.0,-0.6111,0.9207,9.682,0.0035,-0.0002,9.8066,0.0103,0.0804,-0.0191,292.85,-87.66,75.95,53.042465,-1.812728,8.14,4,252.5,17 / 19,-2.0197938395734285,2.699437058558518,0.629054320778463,-139.53065065931446,-70.31892224954129,10.415915347925703,False,22.601000000000113,-1.1731947872499566,-1.069488360928755,-211.43279330422666,-92.8821229798438,1.5875111111089306,227.64745999999755,0.8465990523234719,-3.768925419487273,-71.9021426449122,-22.563200730302512
3326196.0,-0.3414,0.5977,9.7721,0.0068,-0.0043,9.8066,-0.0108,0.0253,-0.0084,292.22,-87.5,75.64,53.042465,-1.812728,8.14,4,252.5,17 / 19,-1.7314966537683858,2.3006346168106844,0.5279978326617135,-139.71633953873433,-70.07141870161125,10.47318942952082,False,22.699999999999818,-1.0697857790978604,-0.9804498169819966,-211.53206804069046,-92.98119765945656,1.4511111111077006,227.49499999990877,0.6617108746705254,-3.2810844337926808,-71.81572850195613,-22.909778957845305
3326297.0,0.5394,0.2615,9.8843,0.0056,-0.0049,9.8066,-0.023,-0.0117,0.0018,292.66,-87.33,76.37,53.042465,-1.812728,8.14,4,252.5,17 / 19,-1.4416037740636538,1.9963942855979884,0.4506482252624586,-139.87658111034003,-69.85441874203937,10.522611055446045,False,22.80099999999993,-0.9224913154639409,-0.9496930864092774,-211.61309227000478,-93.07082077054254,1.3239805555465256,224.17073000008364,0.5191124585997129,-2.946087372007266,-71.73651115966476,-23.21640202850317
3326396.0,0.1786,0.5092,9.904,-0.0056,0.0109,9.8066,0.0127,-0.0284,0.0564,288.72,-87.18,74.97,53.042465,-1.812728,8.14,4,252.5,17 / 19,-1.1855907781537962,1.756563978977602,0.39041411647310176,-140.006627240675,-69.66864730794258,10.564243641362022,False,22.90000000000009,-0.8023366361811398,-0.7714587429027336,-211.69251205915506,-93.13687055694673,1.113055555558462,226.12399999997308,0.3832541419726564,-2.5280227218803355,-71.68588481848008,-23.468223249004154
3326497.0,0.2434,0.9855,10.3815,-0.002,0.0162,9.8066,-0.0171,0.0552,-0.0331,286.36,-87.18,72.68,53.042465,-1.812728,8.14,4,252.5,18 / 19,-1.181882687625601,1.8275892555398456,0.42436021647298694,-140.12618465069644,-69.48764756960006,10.60538974517566,False,23.00099999999975,-0.8383103315385765,-0.7187232638575484,-211.78002090089913,-93.19324638427324,1.1042694444446173,229.38866000001167,0.3435723560870245,-2.546312519397394,-71.65383625020269,-23.70559881467318
3326596.0,0.5082,1.2871,9.5631,0.0096,0.0086,9.8066,-0.019,-0.0286,0.0827,285.88,-87.29,69.74,53.042465,-1.812728,8.14,4,252.5,18 / 19,-1.2123076704133806,1.9240590070380894,0.44075956647301356,-140.24469707341956,-69.30194098060215,10.648213174431557,False,23.09999999999991,-0.7233508045156585,-0.7359843408814175,-211.83958574279913,-93.27030446888345,1.031944444442686,224.50400000003,0.48895686589772214,-2.660043347919507,-71.59488866937957,-23.968363488281298
3326696.0,-0.5869,1.91,9.8869,-0.0109,0.013,9.8066,-0.0057,0.0973,-0.0318,283.48,-87.29,67.4,53.042465,-1.812728,8.14,4,252.5,18 / 19,-1.2996831232477961,1.9913660521872563,0.4325945664730211,-140.3702966131025,-69.10616972764106,10.69188088107882,False,23.199999999999818,-0.6572624679156529,-0.6192861896440498,-211.90643741711463,-93.31478243929367,0.9030555555526073,226.70399999996965,0.6424206553321432,-2.610652241831306,-71.53614080401212,-24.208612711652606
3326796.0,0.6227,1.2495,9.7972,0.0215,-0.0066,9.8065,-0.0032,-0.0093,-0.0467,281.76,-87.24,66.45,53.042465,-1.812728,8.14,4,252.5,18 / 19,-1.17988515195666,1.7529041314583624,0.37071438150206526,-140.49427502686262,-68.91895621845894,10.732046328477537,False,23.299999999999727,-0.5679281100793626,-0.5563116588492983,-211.95323358917835,-93.37037990283608,0.7949999999937017,225.5920000000542,0.6119570418772974,-2.3092157903076607,-71.45895856231573,-24.451423684377133
3326896.0,0.2053,1.7904,9.8621,0.004,0.0058,9.8066,-0.0128,0.0935,-0.028,283.27,-87.11,66.04,53.042465,-1.812728,8.14,4,252.5,18 / 19,-1.2534267173187859,1.860714529452397,0.37301438150207367,-140.61594062032685,-68.73827528541275,10.76923276662788,False,23.40000000000009,-0.46823745807085343,-0.43792366875079675,-212.00002976123892,-93.41485787324294,0.6411111111132106,226.91599999998192,0.7851892592479324,-2.298638198203194,-71.38408914091207,-24.676582587830183
3326996.0,-0.1369,0.1594,10.0961,0.0109,-0.0023,9.8066,-0.0104,0.0459,-0.0429,279.59,-87.03,64.08,53.042465,-1.812728,8.14,4,252.5,18 / 19,-1.0895589720917398,1.6329504269090322,0.33172047427674933,-140.73308990479728,-68.56359203759484,10.804469509416789,False,23.5,-0.32148758321811444,-0.3048671171924219,-212.0267704309975,-93.43709685809453,0.44305555555555554,226.52,0.7680713888736254,-1.937817544101454,-71.2936805262002,-24.87350482049969
3327097.0,-0.945,0.0045,10.1293,-0.0041,0.0011,9.8066,0.0188,-0.0328,0.0236,279.51,-86.96,64.13,53.042465,-1.812728,8.14,4,252.5,18 / 19,-1.0419092794860263,1.618250377889473,0.3626315242767839,-140.84072905150208,-68.39940639695233,10.839534285343781,False,23.601000000000113,-0.2597492133092829,-0.2627586759886738,-212.0535779524035,-93.45933584365285,0.369474999996092,224.67,0.7821600661767434,-1.8810090538781468,-71.2128489009014,-25.059929446700522
3327196.0,-0.9627,-0.7465,9.6164,-0.0093,-0.0128,9.8066,0.033,-0.0108,-0.0103,281.16,-87.03,65.61,53.042465,-1.812728,8.14,4,252.5,18 / 19,-0.8149539846603528,1.3212622448324567,0.31380752563524983,-140.93264378307705,-68.25390052212802,10.873018018314328,False,23.699999999999818,-0.08787780408280373,-0.08889595912691205,-212.06019626818124,-93.45933584365285,0.124999999998037,224.67,0.7270761805775491,-1.4101582039593688,-71.12755248510419,-25.20543532152483
3327296.0,-0.8443,0.1671,9.5668,0.0071,-0.0025,9.8066,-0.0105,-0.0337,0.0355,281.13,-87.05,67.95,53.042465,-1.812728,8.14,4,252.5,18 / 19,-0.6279593650623551,1.073238840413996,0.24845714678997904,-141.00478945056312,-68.1341754678658,10.901131251935563,False,23.799999999999727,-0.0372992457345721,-0.03773139598664607,-212.0468259333021,-93.45933584365285,0.05305555555706759,224.67,0.590660119327783,-1.1109702364006422,-71.04203648273898,-25.32516037578705
3327396.0,-0.8436,0.107,9.9443,0.0004,0.0072,9.8066,-0.0371,0.0184,-0.0216,280.31,-87.06,67.14,53.042465,-1.812728,8.14,4,252.5,18 / 19,-0.5033396361213586,0.8746499975548976,0.20684507477146646,-141.06135440062252,-68.036781025967,10.923896363013718,False,23.90000000000009,-0.06327201894025797,-0.06400509057202337,-212.03345559842384,-93.45933584365285,0.08999999999949598,224.67,0.4400676171811006,-0.938655088126921,-70.97210119780132,-25.42255481768585
3327496.0,-0.8638,-0.0675,9.9096,0.0082,0.0094,9.8066,-0.0144,-0.0164,-0.0199,279.01,-87.02,65.94,53.042465,-1.812728,8.14,4,252.5,18 / 19,-0.38701334470300935,0.7039935632504942,0.1860438135557372,-141.1058720496637,-67.9578488479268,10.94354080743006,False,24.0,-0.045696458123775534,-0.04622589874672018,-212.0267704309975,-93.44821635193468,0.06499999999999997,224.67,0.3413168865792338,-0.7502194619972145,-70.92089838133379,-25.490367504007878
3327597.0,-0.2563,0.0013,9.7517,0.0009,0.0037,9.8066,-0.0005,0.0098,-0.0116,277.56,-86.86,64.06,53.042465,-1.812728,8.14,4,252.5,18 / 19,-0.2790159954994112,0.583761442992444,0.16019764152237892,-141.13950653134395,-67.89281722011145,10.961026000911524,False,24.101000000000113,-0.0043938902043637075,-0.004444797956571714,-212.0267704309975,-93.43709685809453,0.006250000000219794,224.67,0.2746221052950475,-0.5882062409490157,-70.88726389965353,-25.54427963798308
3327696.0,-0.7285,-0.3861,9.7872,0.0022,0.0025,9.8066,0.0003,-0.0282,0.0002,276.28,-86.82,62.71,53.042465,-1.812728,8.14,4,252.5,18 / 19,-0.17331842693154326,0.48721128731292784,0.13303761529403144,-141.16189708525422,-67.8398040699615,10.975541146123893,False,24.199999999999818,-0.01406044865352801,-0.01422335346058858,-212.0267704309975,-93.43709685809424,0.020000000000083368,224.67,0.15925797827801524,-0.5014346407735164,-70.86487334574326,-25.597292788132734
3327796.0,-1.0961,-0.1808,9.8248,0.0018,0.0053,9.8066,-0.0037,0.0053,0.0044,276.67,-86.79,61.66,53.042465,-1.812728,8.14,4,252.5,18 / 19,-0.07938641504854486,0.3690952141637522,0.11302672299992683,-141.1745323273532,-67.79698874488771,10.98784436303858,False,24.299999999999727,-0.01620857275292936,-0.016396365794396822,-212.0267704309972,-93.42597736637592,0.023055555555021225,224.67,0.0631778422956155,-0.385491579958149,-70.852238103644,-25.628988621488205
3327896.0,-0.6605,-0.3014,9.8736,0.0062,-0.0009,9.8066,-0.0216,-0.0418,0.0118,275.6,-86.76,60.8,53.042465,-1.812728,8.14,4,252.5,18 / 19,-0.002667940991270229,0.27239102892421696,0.09968946454995099,-141.1786350451552,-67.76491443273319,10.998480172416112,False,24.40000000000009,-0.007030224326859916,-0.007111676730391311,-212.02008526357136,-93.4148578732437,0.010000000000178108,224.67,-0.004362283335589687,-0.2795027056546083,-70.84145021841616,-25.649943440510512
3327996.0,-0.8623,0.0999,9.8043,0.0082,0.0024,9.8066,0.0089,-0.0223,0.0276,272.64,-86.72,60.08,53.042465,-1.812728,8.14,4,252.5,18 / 19,0.05311396501404176,0.20275707919900218,0.08748154486745587,-141.17611274395406,-67.74115702732705,11.007838722886975,False,24.5,-0.011326472526405885,-0.011457701398759687,-212.02008526357127,-93.41485787324355,0.016111111111111083,224.67,-0.06444043754044765,-0.21421478059776186,-70.84397251961721,-25.6737008459165
3328097.0,-0.4935,-0.3035,9.7299,0.0094,0.0027,9.8066,0.0052,0.0,0.0245,274.12,-86.69,59.33,53.042465,-1.812728,8.14,4,252.5,18 / 19,0.10197351828651957,0.1513704435640431,0.07096394563733376,-141.16828082604738,-67.7232735874275,11.015840220157475,False,24.601000000000113,-0.012769621353597806,-0.012917570594344289,-212.0134000961185,-93.40362718588655,0.018163888889060332,224.67,-0.11474313964011737,-0.1642880141583874,-70.84511927007111,-25.68035359845905
3328196.0,-0.8839,-0.286,9.8882,0.0007,0.0034,9.8066,-0.0058,-0.0136,-0.0072,270.54,-86.62,58.19,53.042465,-1.812728,8.14,4,252.5,18 / 19,0.1592224907640398,0.10775502551331635,0.06052131379173314,-141.15535162359942,-67.7104468767082,11.022348740499195,False,24.699999999999818,-0.02030953694359653,-0.020544843887123968,-212.0134000961185,-93.39261888768495,0.02888888888845688,224.67,-0.17953202770763632,-0.12829986940044033,-70.85804847251907,-25.682172010976743
3328296.0,-0.6539,-0.3153,9.8268,0.0057,0.002,9.8066,-0.0016,0.0213,0.0241,272.1,-86.59,57.67,53.042465,-1.812728,8.14,4,252.5,18 / 19,0.2089660679794414,0.06494686582432081,0.05576536672296927,-141.13694219566227,-67.70181178214133,11.028163074524926,False,24.799999999999727,-0.009178348426682196,-0.009284689064625366,-212.0134000961182,-93.38149939525975,0.013055555555714716,224.67,-0.2181444164061236,-0.07423155488894617,-70.87645790045593,-25.679687613118418
3328396.0,-0.5903,0.0175,9.7672,0.0028,0.0029,9.8066,0.0005,0.0081,-0.0086,269.11,-86.55,56.9,53.042465,-1.812728,8.14,4,252.5,18 / 19,0.2385873576354676,0.0417464654990735,0.046580311714521,-141.11456452438145,-67.69647711557515,11.033280358446818,False,24.90000000000009,-0.011912324553596497,-0.012050341126244028,-212.0067149286924,-93.38149939525975,0.016944444444391388,224.67,-0.2504996821890641,-0.05379680662531753,-70.89215040431094,-25.685022279684603
3328496.0,-0.6207,-0.2561,9.7734,0.0,0.0062,9.8066,0.0073,0.0133,-0.0235,271.2,-86.51,56.95,53.042465,-1.812728,8.14,4,252.5,19 / 21,0.2614155469584896,0.024077549917266832,0.03650351495734576,-141.08956437915177,-67.69318591480433,11.037434549780407,False,25.0,-0.009764200453798194,-0.009877328792034231,-212.0067149286923,-93.37037990283426,0.01388888888888889,224.67,-0.2711797474122878,-0.03395487870930106,-70.91715054954054,-25.677193988029927
3328596.0,-0.6668,-0.337,9.848,0.0055,0.0016,9.8066,0.0035,0.0333,0.0083,268.1,-86.5,56.17,53.042465,-1.812728,8.14,4,252.5,19 / 21,0.29606104910779896,0.006725710829900782,0.031372237713743686,-141.06169054934847,-67.69164575176697,11.04082833741396,False,25.09999999999991,-0.009764200453760896,-0.0098773287919965,-212.00002976123955,-93.35926040970143,0.013888888888835837,224.67,-0.3058252495615599,-0.016603039621897284,-70.93833921189108,-25.667614657934465
3328697.0,-0.786,-0.2587,9.9006,0.0007,0.005,9.8066,0.0002,0.0268,-0.0158,268.4,-86.44,55.74,53.042465,-1.812728,8.14,4,252.5,19 / 21,0.32685618953244133,-0.013514361054358832,0.03247415455668873,-141.0302332287971,-67.6919885786033,11.04405258022362,False,25.201000000000022,-0.0070165544460591,-0.007097848469915048,-212.00002976123955,-93.35914921477685,0.009980555555498255,224.67,-0.3338727439785004,0.006416512584443784,-70.96979653244244,-25.66716063617355
3328797.0,-0.841,-0.5959,9.7783,0.0012,0.0044,9.8066,-0.0003,0.0426,-0.0113,269.32,-86.39,55.12,53.042465,-1.812728,8.14,4,252.5,19 / 21,0.36322335720124593,-0.038625825398160805,0.030391031373182952,-140.99572925146046,-67.69459558792592,11.04719583952011,False,25.30099999999993,-0.00571205726567884,-0.005778237343549318,-211.999962909565,-93.34802972235121,0.008125000000294294,224.67,-0.3689354144669248,0.032847588054611486,-71.00423365810454,-25.653434134425297
3328897.0,-0.8651,-0.3178,9.9306,0.0007,0.0017,9.8066,-0.0277,0.0408,0.0071,268.81,-86.34,54.7,53.042465,-1.812728,8.14,4,252.5,19 / 21,0.3966282583273455,-0.06353400213499048,0.029895376667201854,-140.95773667068406,-67.69970357930256,11.050210159922127,False,25.40099999999984,-0.010502374008174109,-0.010624054848781584,-211.99334459381336,-93.33702142485045,0.01493888888898671,224.67,-0.4071306323355196,0.0529099472862089,-71.0356079231293,-25.637317845547884
3328997.0,-0.6561,-0.2877,9.8349,0.0015,0.0072,9.8066,0.0066,0.0114,-0.0074,267.58,-86.29,53.73,53.042465,-1.812728,8.14,4,252.5,19 / 21,0.41203442616109714,-0.07588948501604079,0.03187957016711571,-140.91730353645968,-67.70667475366011,11.05329890726384,False,25.50099999999975,-0.006340871774674843,-0.006414337317525073,-211.99327774213884,-93.33691022991914,0.009019444444413572,224.67,-0.418375297935772,0.06947514769851572,-71.07597420567916,-25.63023547625903
3329097.0,-0.8126,-0.129,9.7547,0.0031,0.0038,9.8066,-0.0109,0.0223,0.0109,267.12,-86.27,53.32,53.042465,-1.812728,8.14,4,252.5,19 / 21,0.41745202485484445,-0.08343552653942266,0.026090384642044696,-140.87582921390873,-67.71464100423792,11.05619740500431,False,25.601000000000113,-0.015286832230243942,-0.015463945956583703,-211.98665942636057,-93.32590193171764,0.021744444444127937,224.67,-0.4327388570850884,0.06797158058283895,-71.11083021245184,-25.61126092747972
3329196.0,-0.7032,-0.3109,9.6766,0.0003,0.0041,9.8065,-0.0175,0.0319,-0.0095,266.56,-86.22,52.85,53.042465,-1.812728,8.14,4,252.5,19 / 21,0.42258016072247395,-0.09093065983805004,0.014519176945760845,-140.83424762072278,-67.72327213046358,11.0582075783029,False,25.699999999999818,-0.0013669880639153647,-0.0013828260312728543,-211.98665942636057,-93.32590193171734,0.0019444444449901134,224.67,-0.42394714878638934,0.0895478338067772,-71.1524118056378,-25.602629801253755
3329296.0,-0.8286,-0.3731,9.7508,0.0012,0.0049,9.8066,0.0114,0.0062,-0.0167,266.11,-86.17,52.31,53.042465,-1.812728,8.14,4,252.5,19 / 21,0.438240893674945,-0.09693982787663537,0.004440550403903972,-140.79120656800293,-67.73266565484931,11.059155564670382,False,25.799999999999727,-0.01542743671714501,-0.015606179491559614,-211.9866594263603,-93.31478243929169,0.02194444444464908,224.67,-0.45366833039209004,0.08133364838507576,-71.19545285835736,-25.582116784442377
3329396.0,-0.7043,-0.3341,9.8486,-0.0004,-0.0009,9.8066,-0.0286,0.0332,0.0033,263.58,-86.14,52.13,53.042465,-1.812728,8.14,4,252.5,19 / 21,0.45287113475192975,-0.09999850716220976,0.0031837178433162445,-140.74665096658143,-67.7425125716013,11.059536778082744,False,25.90000000000009,-0.01894254888032052,-0.019162017856497876,-211.97997425893445,-93.30366294686681,0.026944444444376204,224.67,-0.4718136836322503,0.08083648930571188,-71.23332329235302,-25.561150375265512
3329496.0,-0.8711,-0.3999,9.7915,0.0022,-0.0007,9.8066,-0.0102,-0.0007,0.0047,265.38,-86.12,51.67,53.042465,-1.812728,8.14,4,252.5,18 / 19,0.4667402901211633,-0.10378300550136288,0.00384516016681776,-140.70067039533782,-67.75270164723446,11.05988822198325,False,26.0,-0.0027339761270634747,-0.0027656520617695647,-211.97997425893436,-93.30366294686665,0.003888888888888861,224.67,-0.4694742662482268,0.10101735343959331,-71.27930386359654,-25.550961299632192
3329596.0,-0.8762,-0.1369,9.8526,0.0004,0.0028,9.8066,-0.0066,0.0048,0.0016,263.0,-86.1,51.63,53.042465,-1.812728,8.14,4,252.5,18 / 19,0.4711530893563974,-0.11487426516548929,0.004577386141793949,-140.653775726364,-67.76363451076779,11.06030934929868,False,26.09999999999991,-0.005663236263210926,-0.005728850699387918,-211.97328909148158,-93.29254345373383,0.008055555555566897,224.67,-0.4768163256196083,0.10914541446610138,-71.31951336511759,-25.52890894296604
3329696.0,-0.8029,-0.4386,9.8778,0.0038,-0.0005,9.8066,-0.0161,-0.0199,0.009,263.52,-86.09,51.47,53.042465,-1.812728,8.14,4,252.5,18 / 19,0.47662457050125645,-0.11985019415215423,0.008867528220520433,-140.60638684337115,-67.77537073373365,11.060981595016797,False,26.199999999999818,-0.006249088290585365,-0.006321490427058218,-211.97328909148158,-93.29254345373353,0.008888888889108684,224.67,-0.4828736587918418,0.113528703725096,-71.36690224811042,-25.517172719999877
3329797.0,-0.8317,-0.166,9.7507,0.0011,0.0051,9.8066,0.0013,-0.0121,-0.0158,266.55,-86.07,51.39,53.042465,-1.812728,8.14,4,252.5,18 / 19,0.48227938749035615,-0.12429169066729266,0.008189858987443177,-140.55796219349253,-67.78769989891705,11.0618429930708,False,26.30099999999993,-0.011955287035812593,-0.012093801373150904,-211.97322223980703,-93.2813127663836,0.017005555555814556,224.67,-0.49423467452616876,0.11219788929414176,-71.4152600463145,-25.493612867466553
3329897.0,-0.4988,-0.2671,9.6825,0.0044,0.001,9.8066,0.0014,-0.0454,-0.0039,262.25,-86.05,50.95,53.042465,-1.812728,8.14,4,252.5,18 / 19,0.47754521993936,-0.11503970928110195,-0.0006928698606663154,-140.50997096312108,-67.79966646891447,11.062217842527138,False,26.40099999999984,-0.01618709151234103,-0.01637463567146913,-211.9666039240554,-93.27019327395169,0.02302500000004891,224.67,-0.49373231145170104,0.09866507360963282,-71.45663296093431,-25.470526805037224
3329996.0,-0.8469,-0.1645,9.7066,0.0025,-0.0002,9.8066,-0.0082,-0.0393,-0.0032,261.74,-86.03,50.67,53.042465,-1.812728,8.14,4,252.5,18 / 19,0.4738597706239509,-0.10500622539615392,-0.010022154381581608,-140.4628764160881,-67.81055874268101,11.061687448827145,False,26.5,-0.014060448653469398,-0.01422335346052929,-211.9666039240554,-93.25918497575003,0.019999999999999997,224.67,-0.4879202192774203,0.09078287193562463,-71.50372750796728,-25.44862623306902
3330097.0,-0.768,-0.6194,9.8506,0.0033,0.0013,9.8065,-0.0031,-0.0341,-0.0066,262.63,-86.02,50.53,53.042465,-1.812728,8.14,4,252.5,18 / 19,0.4886044772026794,-0.1063811681201499,-0.01092692372434701,-140.41427197157282,-67.8212338060536,11.060629520382795,False,26.601000000000113,-0.0070087430857023484,-0.007089946606887781,-211.9599187566292,-93.25918497575003,0.009969444444396089,224.67,-0.4956132202883818,0.09929122151326213,-71.54564678505639,-25.437951169696433
3330196.0,-0.931,-0.6069,9.9121,0.0074,0.001,9.8066,-0.0302,0.0224,-0.0028,261.19,-86.01,50.14,53.042465,-1.812728,8.14,4,252.5,18 / 19,0.5184785132059474,-0.10754056886661675,-0.0030018801657135945,-140.36442136354773,-67.83182293203441,11.05994004459024,False,26.699999999999818,-0.004882100226936395,-0.004938664396054846,-211.95991875662904,-93.25918497574973,0.006944444444497499,224.67,-0.5233606134328838,0.1026019044705619,-71.5954973930813,-25.42736204371532
3330296.0,-0.7427,-0.5085,9.9674,0.0035,0.0007,9.8066,-0.008,0.0331,-0.0189,263.51,-85.99,50.04,53.042465,-1.812728,8.14,4,252.5,18 / 19,0.5400132460283824,-0.10895774754799396,0.008761901859133212,-140.31149677558608,-67.84264784785513,11.060228045674911,False,26.799999999999727,-0.006249088290694595,-0.0063214904271687135,-211.95323358917645,-93.24806548332454,0.008888888889264056,224.67,-0.546262334319077,0.10263625712082525,-71.64173681359037,-25.405417635469405
3330397.0,-0.8673,-0.3314,9.8402,0.0036,-0.0021,9.8066,0.0047,-0.0144,-0.005,262.43,-85.93,49.87,53.042465,-1.812728,8.14,4,252.5,18 / 19,0.5469650371101278,-0.11032862926911607,0.015787944080272547,-140.2566043722875,-67.8537218098844,11.061467812894852,False,26.90099999999984,-0.012664167988623149,-0.01281089544331583,-211.9531667375023,-93.24795428839339,0.01801388888895559,224.67,-0.5596292050987509,0.09751773382580024,-71.69656236521479,-25.394232478508982
3330496.0,-1.1094,-0.5182,9.9736,0.0003,0.0041,9.8066,-0.0285,-0.0062,-0.0174,263.1,-85.93,49.73,53.04241,-1.813062,0.0,3,227.8,18 / 19,0.5534331164310652,-0.12607902847474514,0.0218557899682453,-140.20213466368713,-67.86542398894275,11.063331177730257,False,27.0,-0.009764200453798194,-0.009877328792034231,-211.94654842175026,-93.23694599019173,0.01388888888888889,224.67,-0.5631973168848634,0.11620169968271091,-71.74441375806313,-25.371522001248977
3330597.0,-0.6856,-0.5891,9.8184,-0.0016,-0.0002,9.8066,-0.0033,-0.0318,0.0121,261.31,-85.92,49.35,53.04241,-1.813062,0.0,3,227.8,18 / 19,0.5706937406648068,-0.1299420565797091,0.026248118973017112,-140.14536625740374,-67.87835305373801,11.065760425131794,False,27.101000000000113,-0.010461364366066497,-0.010582570067651046,-211.9464815700759,-93.23683479527438,0.014880555555366532,224.67,-0.5811551050308733,0.11935948651205804,-71.80111531267215,-25.358481741536366
3330696.0,-0.8251,-0.423,9.7789,-0.0027,-0.0004,9.8066,-0.0071,-0.0039,-0.0115,262.23,-85.9,48.89,53.04241,-1.813062,0.0,3,227.8,18 / 19,0.5781063729676177,-0.12072218386425142,0.021637701127066623,-140.0885006517791,-67.89076093363995,11.068130773226741,False,27.199999999999818,-0.0021481240999474964,-0.002173012334360721,-211.93986325432405,-93.22582649847355,0.003055555555714717,224.67,-0.5802544970675652,0.1185491715298907,-71.85136260254495,-25.3350655648336
3330796.0,-0.855,-0.6656,9.9082,0.0005,0.0023,9.8066,-0.0208,-0.0134,0.0083,261.99,-85.91,48.64,53.04241,-1.813062,0.0,3,227.8,18 / 19,0.5895496230296169,-0.12025961087388931,0.021528545958003863,-140.0301178519793,-67.90281002337684,11.070289085580994,False,27.299999999999727,-0.006249088290694595,-0.0063214904271687135,-211.93986325432377,-93.2258264984731,0.008888888889264056,224.67,-0.5957987113203115,0.1139381204467206,-71.90974540234447,-25.323016475096253
3330897.0,-0.7914,-0.18,9.7793,-0.0047,0.0028,9.8066,0.0005,-0.002,0.023,262.03,-85.91,48.87,53.04241,-1.813062,0.0,3,227.8,18 / 19,0.5897588557660555,-0.11990184369150447,0.021484299064306888,-139.97056277380005,-67.91493817683241,11.072461234254623,False,27.40099999999984,-0.012664167988623149,-0.01281089544331583,-211.93317808687127,-93.21470700534074,0.01801388888895559,224.67,-0.6024230237546786,0.10709094824818864,-71.96261531307121,-25.299768828508334
3330996.0,-0.7074,-0.4308,9.818,-0.0022,0.002,9.8066,-0.0029,0.0201,0.001,259.61,-85.92,48.51,53.04241,-1.813062,0.0,3,227.8,18 / 19,0.5776531090616474,-0.1126814676548352,0.017588454204659765,-139.912775881541,-67.92645105074406,11.07439533554144,False,27.5,-0.009764200453798194,-0.009877328792034231,-211.93317808687127,-93.21470700534074,0.01388888888888889,224.67,-0.5874173095154456,0.10280413886280096,-72.02040220533027,-25.28825595459668
3331096.0,-0.9349,-0.394,9.8251,-0.0009,0.0007,9.8066,0.0085,-0.0102,0.026,260.4,-85.94,48.38,53.04241,-1.813062,0.0,3,227.8,18 / 19,0.5783578350446603,-0.11019375920331238,0.016216686073959714,-139.85497533433573,-67.93759481208696,11.076085592555371,False,27.59999999999991,-0.006249088290452157,-0.006321490426923467,-211.92649291944508,-93.21470700534059,0.008888888888919205,224.67,-0.5846069233351124,0.10387226877638892,-72.07151758510935,-25.27711219325363
3331197.0,-0.7889,-0.3491,9.7945,-0.0053,0.0013,9.8066,0.0111,0.0011,0.0189,262.12,-85.95,48.7,53.04241,-1.813062,0.0,3,227.8,18 / 19,0.5767049677888293,-0.1140985876668993,0.014054610662866113,-139.79664466279257,-67.94892157560392,11.077614293040583,False,27.701000000000022,-0.007922672248539864,-0.008014464582188385,-211.92642606777062,-93.20358751291525,0.011269444444911016,224.67,-0.5846276400373691,0.10608412308471092,-72.12978140497805,-25.25466593731133
3331296.0,-0.8121,-0.2929,9.7518,0.0008,-0.0002,9.8066,0.0003,-0.028,-0.0113,259.52,-85.98,48.3,53.04241,-1.813062,0.0,3,227.8,18 / 19,0.5686757558354223,-0.11204034357353718,0.00912739406344458,-139.73994831697334,-67.9601154527003,11.078761802274531,False,27.799999999999727,-0.018942548879705104,-0.01916201785587533,-211.9198077520189,-93.2035875129148,0.026944444443500817,224.67,-0.5876183047151274,0.09287832571766184,-72.17985943504556,-25.2434720602145
3331397.0,-0.8542,-0.5963,9.874,-0.0044,0.0041,9.8066,-0.014,-0.0041,0.008,260.08,-85.99,47.96,53.04241,-1.813062,0.0,3,227.8,18 / 19,0.5746270260842219,-0.11006474064249391,0.008294847453928536,-139.68221152648633,-67.97133175945322,11.07964162547116,False,27.90099999999984,-0.002987845338455857,-0.0030224626099513755,-211.9198077520189,-93.19235682485835,0.004249999999421938,224.67,-0.5776148714226778,0.10704227803254254,-72.23759622553257,-25.22102506540513
3331497.0,-0.7757,-0.3649,9.8528,-0.0002,0.0,9.8066,-0.0029,-0.0051,-0.0056,261.46,-85.99,47.94,53.04241,-1.813062,0.0,3,227.8,18 / 20,0.581306360274214,-0.10756048478677104,0.01187437033583495,-139.62441485716846,-67.98221302072467,11.080650086360647,False,28.00099999999975,-0.027882650815922456,-0.028205700098589935,-211.91974090034438,-93.18134852735693,0.03966111111119124,224.67,-0.6091890110901365,0.07935478468818111,-72.29532604317592,-25.19913550663226
3331597.0,-0.899,-0.3439,9.7531,-0.0017,0.0019,9.8066,-0.0111,0.0405,-0.0192,260.14,-86.01,47.99,53.04241,-1.813062,0.0,3,227.8,18 / 20,0.5767336108284671,-0.10919872514792514,0.009778714785458617,-139.56651285861312,-67.99305098122144,11.081732740616715,False,28.101000000000113,-0.004266955598263454,-0.004316392682072065,-211.91312258456614,-93.18134852735693,0.006069444444378506,224.67,-0.5810005664267305,0.10488233246585307,-72.34660972595302,-25.188297546135487
3331696.0,-0.8219,-0.3885,9.8179,-0.0006,-0.0009,9.8065,0.0094,0.0106,0.0107,258.86,-86.04,47.69,53.04241,-1.813062,0.0,3,227.8,18 / 20,0.5736294279595623,-0.1102704133979105,0.00653213506764516,-139.50956988819328,-68.00391470357943,11.08254012768444,False,28.199999999999818,-0.001366988063590339,-0.0013828260309440626,-211.91312258456614,-93.18134852735663,0.001944444444527787,224.67,-0.5749964160231527,0.10888758736696644,-72.40355269637286,-25.177433823777207
3331796.0,-1.0245,-0.3382,9.8282,0.0006,0.0008,9.8066,-0.006,0.0071,-0.0197,261.26,-86.05,47.61,53.04241,-1.813062,0.0,3,227.8,18 / 20,0.5721801349367707,-0.11747320992589604,0.006946314807497191,-139.45227941004853,-68.01530188474561,11.083214050178197,False,28.299999999999727,-0.003515112163886858,-0.00355583836565785,-211.91312258456585,-93.17022903493144,0.005000000000738964,224.67,-0.5756952471006576,0.11391737156023818,-72.46084317451732,-25.154927150185827
3331896.0,-0.7007,-0.3471,9.7843,0.0012,-0.0031,9.8065,0.0009,0.0096,-0.0014,261.01,-86.09,47.28,53.04241,-1.813062,0.0,3,227.8,18 / 20,0.5681291877914669,-0.12038596428774885,0.005870367586372568,-139.3952639439119,-68.02719484345634,11.083854884297894,False,28.40000000000009,-0.016208572753131832,-0.016396365794601644,-211.90643741711344,-93.17022903493144,0.023055555555309235,224.67,-0.5843377605445987,0.1039895984931472,-72.51117347320152,-25.143034191475095
3331996.0,-0.7927,-0.4742,9.8584,-0.0015,-0.0024,9.8066,0.0046,0.0169,-0.0009,262.78,-86.11,47.68,53.04241,-1.813062,0.0,3,227.8,18 / 20,0.5687114182859246,-0.11346311293822946,0.006239312448415579,-139.3384219136081,-68.03888729731763,11.084460368299633,False,28.5,-0.004296248199671205,-0.004346024668495061,-211.90643741711335,-93.15910954250595,0.0061111111111111106,224.67,-0.5730076664855959,0.1091170882697344,-72.56801550350525,-25.120222245188316
3332098.0,-0.6131,-0.2952,9.7865,-0.0032,0.0002,9.8066,-0.0017,0.0118,-0.0005,261.18,-86.13,47.56,53.04241,-1.813062,0.0,3,227.8,18 / 20,0.5681065006691971,-0.10451496157126373,0.006673275581151427,-139.28044419974148,-68.0500041791176,11.08511891028914,False,28.60199999999986,-0.012634875387175436,-0.012781263456852408,-211.8997522497137,-93.15888715267143,0.01797222222216614,224.67,-0.5807413760563725,0.09173369811441133,-72.61930804997223,-25.108882973553833
3332197.0,-0.8734,-0.4274,9.8126,-0.0033,-0.0016,9.8066,-0.0001,-0.0122,-0.0052,262.89,-86.18,47.47,53.04241,-1.813062,0.0,3,227.8,18 / 20,0.5635525138688322,-0.10037167887625618,0.005074819243977794,-139.22442707852176,-68.06014606781976,11.085700440982984,False,28.701000000000022,-0.009729049332060938,-0.009841770408278126,-211.899685398039,-93.14799005078778,0.013838888888741551,224.67,-0.5732815632008932,0.09052990846797807,-72.67525831951724,-25.087843982968025
3332297.0,-0.7633,-0.3801,9.798,-0.0042,0.0018,9.8066,-0.011,0.0089,0.0022,261.41,-86.24,47.4,53.04241,-1.813062,0.0,3,227.8,18 / 20,0.5650168102211245,-0.10288898310170361,0.00419884635738127,-139.16799861231732,-68.07030910091865,11.086164124263052,False,28.80099999999993,-0.006229559889440481,-0.006301735769234113,-211.89306708226096,-93.14787885584892,0.008861111110993383,224.67,-0.571246370110565,0.0965872473324695,-72.72506846994364,-25.077569754930266
3332396.0,-0.7942,-0.4255,9.7812,-0.0026,0.0007,9.8066,0.0099,0.0156,-0.0045,261.02,-86.31,47.05,53.04241,-1.813062,0.0,3,227.8,18 / 20,0.5651513206425036,-0.1001399491924276,0.0021342619037718153,-139.11205528983947,-68.08035903306723,11.086477613121978,False,28.90000000000009,-0.004296248199697847,-0.004346024668522011,-211.89306708226096,-93.1368705569478,0.0061111111111490065,224.67,-0.5694475688422015,0.09579392452390559,-72.78101179242148,-25.056511523880573
3332497.0,-0.8065,-0.3941,9.8113,-0.0039,0.0012,9.8066,0.0034,-0.0005,0.0,258.97,-86.36,46.99,53.04241,-1.813062,0.0,3,227.8,19 / 21,0.5681470674678119,-0.09796189525064701,0.0009212826182090881,-139.0548237212401,-68.09036317621157,11.086631918120338,False,29.00099999999975,-0.011353812287670056,-0.011485357919370843,-211.89300023058644,-93.13687055694764,0.016149999999990776,224.67,-0.5795008797554819,0.08647653733127617,-72.83817650934634,-25.046507380736074
3332597.0,-0.711,-0.3008,9.7453,-0.0096,-0.0041,9.8066,-0.0168,0.0062,-0.0001,261.85,-86.45,47.45,53.04241,-1.813062,0.0,3,227.8,19 / 21,0.5639743899899655,-0.0938703296306771,-0.0016266597745310122,-138.998217648367,-68.09995478745567,11.086596649262521,False,29.101000000000113,-0.014060448653469398,-0.01422335346052929,-211.88638191480817,-93.13687055694764,0.019999999999999997,224.67,-0.578034838643435,0.0796469761701478,-72.88816426644118,-25.03691576949197
