time,acc_x,acc_y,acc_z,grav_x,grav_y,grav_z,gyro_yaw,gyro_pitch,gyro_roll,orient_yaw,orient_pitch,orient_roll,gps_lat,gps_lon,gps_speed,gps_accuracy,gps_orient,gps_sats,ins_vel_x,ins_vel_y,ins_vel_z,ins_pos_x,ins_pos_y,ins_pos_z,ins_is_reset,_t_sec,true_vel_x,true_vel_y,true_pos_x,true_pos_y,true_speed_ms,true_heading,err_vel_x,err_vel_y,err_pos_x,err_pos_y
987214.0,2.2113,-0.9092,9.7173,0.0131,-0.0097,9.8065,-0.0251,0.1219,-0.1566,94.5,-85.21,172.6,53.05122,-1.757876,6.42,3,275.9,22 / 22,-7.530312116935525,0.839336961971503,0.0,0.0,0.0,0.0,False,0.0,-7.530312116935525,0.839336961971503,0.0,0.0,7.576944444444445,276.36,0.0,0.0,0.0,0.0
987314.0,2.5842,-1.7121,9.5352,-0.0032,-0.0306,9.8066,-0.026,-0.06,-0.0096,90.99,-85.25,168.88,53.05122,-1.757876,6.42,3,275.9,22 / 22,-6.543649778369393,0.5207589544736416,-0.015333999999986024,-0.703698094764606,0.06800479582219537,-0.0007666999999986039,False,0.09999999999990905,-7.246822960844291,0.8632333786954056,-0.7151811885336894,0.08895594152697633,7.298055555551353,276.792999999992,-0.7031731824748979,0.342474424221764,-0.011483093769083408,0.02095114570478096
987414.0,2.5554,1.0745,9.8851,-0.0027,0.0135,9.8066,-0.0406,0.1391,-0.1133,85.27,-85.32,167.29,53.05122,-1.757876,6.42,3,275.9,22 / 22,-6.594189162262593,0.2756885941374635,-0.024983999999988196,-1.3605900417963546,0.10782717325275969,-0.0027825999999977736,False,0.1999999999999318,-6.949022955990887,0.7557644853407689,-1.4036266316816088,0.1667923892082385,6.990000000013659,276.20700000002597,-0.35483379372829393,0.4800758912033054,-0.04303658988525427,0.05896521595547881
987514.0,2.2751,0.2552,9.7454,0.0091,-0.0041,9.8066,-0.0182,0.0494,-0.0717,83.99,-85.42,166.45,53.05122,-1.757876,6.42,3,275.9,21 / 22,-6.532624281282646,0.04489473052060794,-0.02412399999998796,-2.0169307139737658,0.1238563394856669,-0.00523799999999714,False,0.2999999999999545,-6.703552296533359,0.6699306346733745,-2.072020265834684,0.2335093451773226,6.736944444451924,275.7070000000148,-0.17092801525071266,0.6250359041527667,-0.05508955186091802,0.1096530056916557
987614.0,2.5261,1.0642,9.683,0.0209,0.0288,9.8065,-0.0221,0.0781,-0.0785,82.4,-85.61,165.1,53.05122,-1.757876,6.42,3,275.9,21 / 22,-6.465778523274568,-0.1818329007842697,-0.03336899999999001,-2.6668508542017744,0.11700943097248226,-0.008112649999996693,False,0.39999999999997726,-6.508723674057725,0.6501159148179657,-2.713678154650803,0.3002263011459137,6.541111111114005,275.70400000000006,-0.04294515078315708,0.8319488156022354,-0.04682730044902872,0.18321687017343144
987714.0,2.1008,-0.8398,9.9494,0.0194,0.0155,9.8065,-0.0514,0.0813,-0.0583,83.67,-85.95,166.77,53.05122,-1.757876,6.42,3,275.9,21 / 22,-6.453695703150955,-0.4058718386050378,-0.03241399999998971,-3.312824565523197,0.0876241940030102,-0.011401799999996427,False,0.5,-6.259308662212633,0.6797574527775985,-3.335284234420605,0.3669432571145048,6.296111111111111,276.198,0.19438704093832193,1.0856292913826362,-0.022459668897407692,0.2793190631114946
987815.0,2.1301,0.879,9.6621,0.0162,0.0098,9.8066,-0.0184,-0.0419,-0.0076,89.98,-86.19,166.94,53.05122,-1.757876,6.42,3,275.9,21 / 22,-5.496862305312525,-0.5257790294678378,-0.02762916499999115,-3.9163277449505975,0.040575825165330405,-0.014433979832495433,False,0.6009999999999991,-6.052909493078049,0.6651639984989007,-3.942653529800332,0.43432738264271736,6.089349999997541,276.2710199999931,-0.5560471877655244,1.1909430279667386,-0.026325784849734468,0.39375155747738694
987914.0,0.687,-0.5634,9.5606,0.0057,0.0134,9.8066,-0.0204,0.0523,-0.0809,86.27,-86.27,166.78,53.05122,-1.757876,6.42,3,275.9,21 / 22,-5.50547632810409,-0.6614603707406013,-0.04696386499997787,-4.46094350730435,-0.01819252514494738,-0.01812633481749139,False,0.6999999999999318,-5.884948477672372,0.5954883837942387,-4.518340966845308,0.5003771690467569,5.915000000007808,275.7780000000221,-0.379472149568282,1.25694875453484,-0.057397459540958096,0.5185696941917043
988014.0,2.229,-0.0463,9.8056,0.0161,-0.0138,9.8066,-0.0013,-0.0862,-0.0179,83.07,-86.3,163.94,53.05122,-1.757876,6.42,3,275.9,21 / 22,-5.547304671176755,-0.8045630803847589,-0.059318864999980576,-5.013582557268518,-0.09149369770123206,-0.02344047131749052,False,0.7999999999999545,-5.760335909154019,0.6328943148360278,-5.093159492245715,0.5559746332975066,5.795000000003546,276.26999999998543,-0.21303123797726453,1.4374573952207865,-0.07957693497719731,0.6474683309987387
988115.0,1.3193,-1.0256,9.8434,0.0115,-0.002,9.8065,0.0011,-0.0236,-0.0392,78.81,-86.46,160.15,53.05122,-1.757876,6.42,3,275.9,21 / 22,-4.761263992242248,-0.8413510706578168,-0.048888612749983414,-5.534165274771173,-0.1746123623288814,-0.028904948943863654,False,0.9009999999999536,-5.629238445226702,0.6537136546186011,-5.653340197050476,0.623358758825439,5.667069444447151,276.6238900000046,-0.8679744529844537,1.4950647252764178,-0.11917492227930371,0.7979711211543203
988214.0,1.3804,-0.181,9.6829,0.0072,-0.0078,9.8066,-0.0074,-0.1078,0.0402,77.19,-86.52,158.74,53.05122,-1.757876,6.42,3,275.9,21 / 22,-4.819087206000397,-0.9831420273940585,-0.053195112749985334,-6.0083926590844055,-0.26492477068249154,-0.03395809335611447,False,1.0,-5.453640190148572,0.6036290357628644,-6.18932505226672,0.6894085452343601,5.486944444444444,276.316,-0.6345529841481747,1.586771063156923,-0.18093239318231458,0.9543333159168517
988314.0,1.0809,0.3174,9.8281,0.0113,0.0111,9.8066,0.0115,-0.0412,0.0007,76.61,-86.67,158.54,53.05122,-1.757876,6.42,3,275.9,21 / 22,-4.090240983157102,-0.9359598270342806,-0.049563595837483564,-6.453859068541875,-0.3608798634038212,-0.039096028785483246,False,1.099999999999909,-5.329662229277234,0.5399576859811633,-6.717356023256703,0.7338865156444143,5.356944444441674,275.7849999999993,-1.2394212461201324,1.4759175130154438,-0.26349695471482804,1.0947663790482356
988414.0,1.6516,0.6802,9.922,0.01,-0.0059,9.8066,0.0105,-0.1094,0.0384,79.49,-86.82,158.82,53.05122,-1.757876,6.42,3,275.9,21 / 22,-4.041159391772141,-1.0590797035596575,-0.04272359583748196,-6.86042908728843,-0.46063183993354084,-0.04371038836923257,False,1.1999999999999318,-5.128119156652492,0.514747116824242,-7.225335185191348,0.7894839791833027,5.1538888888978915,275.73200000000236,-1.0869597648803504,1.5738268203838994,-0.36490609790291817,1.2501158191168436
988514.0,1.5207,0.165,9.7937,0.0068,-0.0074,9.8066,-0.016,-0.038,-0.0043,78.74,-86.9,157.66,53.05122,-1.757876,6.42,3,275.9,22 / 22,-3.3975206453265305,-1.0248877718831766,-0.03196305646185863,-7.232363089143448,-0.5648302137057062,-0.04744472098420045,False,1.2999999999999545,-4.934975315879002,0.399399381937341,-7.713262538144591,0.8228424571685843,4.951111111117105,274.6270000000327,-1.5374546705524712,1.4242871538205175,-0.4808994490011438,1.3876726708742906
988614.0,1.018,-0.6465,9.8497,0.0029,-0.0203,9.8065,0.0103,-0.0893,0.0154,75.44,-86.97,155.39,53.05122,-1.757876,6.42,3,275.9,22 / 22,-3.4204553012835675,-1.154926989090154,-0.030458056461858243,-7.57326188647403,-0.6738209517543975,-0.050565776630387006,False,1.3999999999999773,-4.841313096540725,0.4593439209302822,-8.20118989108366,0.8673204275782086,4.863055555556857,275.4199999999883,-1.4208577952571577,1.6142709100204362,-0.6279280046096298,1.541141379332606
988714.0,1.0427,-0.3934,9.6861,0.0032,-0.0116,9.8066,0.017,-0.0777,-0.011,67.99,-86.96,150.81,53.05122,-1.757876,6.42,3,275.9,22 / 22,-3.4648882883852425,-1.2702752021807604,-0.034333056461859066,-7.917529065957549,-0.7950810613179707,-0.05380533227657361,False,1.5,-4.656318720901791,0.45901765101944764,-8.662381498659693,0.9229178911209779,4.678888888888889,275.63,-1.1914304325165488,1.729292853200208,-0.7448524327021442,1.7179989524389487
988814.0,0.853,-0.7137,9.7477,0.0072,-0.0119,9.8065,0.0277,-0.0725,0.011,69.71,-86.97,149.3,53.05122,-1.757876,6.42,3,275.9,22 / 22,-2.983006197676073,-1.1746796304369753,-0.036811847992573234,-8.239923790260322,-0.9173288029487463,-0.05736257749929199,False,1.599999999999909,-4.514049503868124,0.4847237116243068,-9.110205233532994,0.9673958615308803,4.539999999998116,276.1289999999966,-1.5310433061920512,1.6594033420612821,-0.8702814432726722,1.8847246644796267
988914.0,0.8701,0.1739,9.7312,0.0042,-0.0079,9.8066,-0.0039,-0.0845,0.0242,66.94,-87.04,146.8,53.05122,-1.757876,6.42,3,275.9,22 / 22,-3.003759045446751,-1.267544346466836,-0.04353184799257473,-8.53926205241653,-1.0394400017939647,-0.0613797622985503,False,1.6999999999999318,-4.378807826829554,0.4507293064860652,-9.54466109571359,1.0118738319375973,4.4019444444505655,275.8770000000112,-1.3750487813828034,1.718273652952901,-1.005399043297059,2.051313833731562
989014.0,0.3143,-0.197,9.8086,0.0063,-0.0074,9.8066,0.0104,-0.0385,0.0152,64.23,-87.15,145.01,53.05122,-1.757876,6.42,3,275.9,22 / 22,-2.5565057029195337,-1.128593599966972,-0.0401258207936892,-8.817275289834908,-1.1592468991156823,-0.06556264573786445,False,1.7999999999999545,-4.220540942063114,0.49953393919436573,-9.965749085238032,1.067471296187361,4.2500000000044915,276.7499999999742,-1.6640352391435806,1.628127539161338,-1.1484737954031239,2.226718195303043
989114.0,0.3107,0.3649,9.8169,0.004,-0.0074,9.8066,-0.0012,-0.0701,0.0184,63.21,-87.2,144.17,53.05122,-1.757876,6.42,3,275.9,22 / 22,-2.177680532565398,-0.9848964336546068,-0.033588447674635626,-9.053984601609208,-1.2649214007967853,-0.06924835916128153,False,1.8999999999999773,-4.058173030402766,0.46739346950032595,-10.366785265756508,1.1119492658903196,4.085000000002439,276.57000000000266,-1.8804924978373676,1.4522899031549328,-1.3128006641473,2.376870666687105
989215.0,0.0483,0.0975,9.8662,0.0054,-0.0043,9.8066,0.0127,-0.0071,-0.0258,65.39,-87.28,143.14,53.05122,-1.757876,6.42,3,275.9,22 / 22,-1.8493554643931267,-0.8470926512825828,-0.025554015523440277,-9.257349919455612,-1.3574368495861124,-0.07223505355278433,False,2.0009999999999764,-3.815911051134345,0.41346769706209135,-10.75137896286633,1.1568720167116846,3.8382500000000164,276.1844599999999,-1.9665555867412183,1.2605603483446741,-1.494029043410718,2.514308866297797
989315.0,-0.2087,0.4451,9.8827,0.0055,-0.0071,9.8066,0.0082,-0.0424,-0.0015,63.21,-87.34,140.48,53.05122,-1.757876,6.42,3,275.9,22 / 22,-1.577202530977145,-0.7086197051393228,-0.01595791319492292,-9.428677819224164,-1.4352224674072254,-0.07431064998870296,False,2.100999999999999,-3.635753460707097,0.4482867978207334,-11.112111007201834,1.2013499871216051,3.6632888888865,277.02941000001033,-2.058550929729952,1.1569065029600563,-1.6834331879776698,2.6365724545288307
989415.0,-0.1064,-0.0043,9.9037,0.0093,0.0049,9.8066,0.0257,0.0097,-0.0235,57.8,-87.38,139.3,53.05122,-1.757876,6.42,3,275.9,22 / 22,-1.3526643002376506,-0.5885377228943568,-0.006207476215691105,-9.575171160784771,-1.5000803388088504,-0.07541891945923265,False,2.200999999999908,-3.4600347102125015,0.4713968536385022,-11.452791242494843,1.245827957535377,3.492000000008392,277.75797000002234,-2.107370409974851,1.059934576532859,-1.8776200817100719,2.7459082963442274
989515.0,-0.1632,-0.2003,9.7692,0.0034,0.0012,9.8066,-0.0133,-0.0246,0.0003,56.53,-87.5,138.46,53.05122,-1.757876,6.42,3,275.9,22 / 22,-1.1852348661485232,-0.5031212210717999,-0.0027433547833368025,-9.702066119104108,-1.5546632860071705,-0.07586646100918415,False,2.300999999999931,-3.2766875412645167,0.4183555409500204,-11.773486508182536,1.2904171235695052,3.30330000000504,277.27680999995016,-2.0914526751159936,0.9214767620218203,-2.071420389078428,2.845080409576676
989615.0,-0.5152,0.0903,9.8632,0.0057,0.008,9.8066,0.0095,0.0005,-0.0165,56.13,-87.66,137.94,53.05122,-1.757876,6.42,3,275.9,22 / 22,-1.0492588005812562,-0.4142470726462488,-0.0015201015658360265,-9.813790802440623,-1.6005317006930835,-0.07607963382664285,False,2.4009999999999536,-3.0943243700961585,0.4864531158482727,-12.080680222442096,1.3457921965640098,3.1323305555595247,278.93362000001093,-2.045065569514902,0.9007001884945216,-2.2668894200014726,2.946323897257093
989714.0,-0.4339,0.0513,9.8774,0.0059,0.0028,9.8066,0.0055,-0.021,-0.0146,55.06,-87.73,136.97,53.05122,-1.757876,6.42,3,275.9,22 / 22,-0.9310260998210428,-0.323993121681989,0.00406406116904196,-9.911814905010583,-1.6370745903123485,-0.07595370782628409,False,2.5,-2.838711795185674,0.4092163408599579,-12.35859829554106,1.3788170904687203,2.8680555555555554,278.203,-1.9076856953646315,0.733209462541947,-2.446783390530477,3.0158916807810687
989814.0,-0.3877,0.5995,9.8079,0.0081,0.0064,9.8065,0.0067,-0.0117,-0.0219,52.72,-87.8,135.43,53.05122,-1.757876,6.42,3,275.9,22 / 22,-0.8113551877044626,-0.23941129297379388,0.006514451993682923,-9.99893396938678,-1.665244811045112,-0.07542478216814832,False,2.599999999999909,-2.6688693094707454,0.40882344472021165,-12.62595574918807,1.4232950608786228,2.699999999997734,278.7090000000075,-1.857514121766283,0.6482347376940055,-2.6270217798012894,3.088539871923735
989914.0,-0.5893,0.2931,9.7704,0.0091,0.0012,9.8066,0.009,-0.0043,-0.0339,53.81,-87.92,133.55,53.05122,-1.757876,6.42,3,275.9,22 / 22,-0.7055006230177382,-0.15654938232981525,0.0040497841946302154,-10.074776759922907,-1.6850428448102968,-0.07489657035873255,False,2.699999999999932,-2.5008822318907016,0.4076529939608539,-12.873261393811697,1.4677730312853396,2.5338888888962536,279.25799999997565,-1.7953816088729635,0.5642023762906692,-2.7984846338887905,3.1528158760956364
990014.0,-0.49,0.3689,9.7767,0.0089,0.0052,9.8066,0.0014,-0.0245,-0.0195,48.73,-87.96,131.55,53.05122,-1.757876,6.42,3,275.9,22 / 22,-0.627417608289434,-0.08939680836447629,0.0006288165654351081,-10.14142267148828,-1.6973401543450142,-0.07466264032072924,False,2.7999999999999545,-2.2423765148725465,0.3403286186468801,-13.093831293104365,1.5011315099774512,2.268055555563413,278.6300000000186,-1.6149589065831125,0.42972542701135635,-2.952408621616085,3.198471664322465
990114.0,-0.6016,0.1796,9.8368,0.0087,0.0019,9.8066,-0.0111,-0.0395,-0.0067,45.7,-88.09,128.87,53.05122,-1.757876,6.42,3,275.9,22 / 22,-0.5679669455192863,-0.03772695609446942,0.0005429940806198994,-10.20119189917873,-1.703696342567963,-0.07460404978842647,False,2.8999999999999773,-2.1573179291707016,0.34670499345119815,-13.307717256051863,1.5344899872544238,2.1850000000012275,279.1299999999926,-1.5893509836514155,0.38443194954566756,-3.1065253568731332,3.238186329822387
990214.0,-0.4889,0.5396,9.9218,0.0081,0.0023,9.8066,-0.0032,-0.06,-0.0051,41.61,-88.22,125.25,53.05122,-1.757876,6.42,3,275.9,22 / 22,-0.5150377635987198,0.009907271119129575,0.006636794968528346,-10.255342134634642,-1.7050873268167304,-0.07424506033596898,False,3.0,-1.9711290763391305,0.32691920637500954,-13.501551409953635,1.5678484659460423,1.9980555555555555,279.41700000000003,-1.4560913127404107,0.31701193525587995,-3.246209275318993,3.2729357927627727
990314.0,-0.6102,0.0813,9.8282,0.0118,0.0022,9.8066,-0.0038,-0.0396,-0.0248,37.77,-88.29,121.8,53.05122,-1.757876,6.42,3,275.9,22 / 22,-0.47512062922825127,0.0440581598574475,0.011451025723243859,-10.304850054275946,-1.702389055267904,-0.0733406693013812,False,3.099999999999909,-1.8168751654067463,0.3209199796277481,-13.688701627510447,1.6123264356484701,1.8449999999989504,280.01700000002876,-1.341754536178495,0.2768618197703006,-3.3838515732345016,3.314715490916374
990414.0,-0.5143,0.5635,9.898,0.0144,0.0008,9.8066,0.0046,-0.0806,-0.0093,34.08,-88.34,118.41,53.05122,-1.757876,6.42,3,275.9,22 / 22,-0.523076182575044,0.08591815831316525,0.01709602572324522,-10.354759894866122,-1.6958902393593718,-0.07191331672905642,False,3.199999999999932,-1.7286132070336657,0.3713715498143566,-13.855800036036335,1.6456849143376615,1.768055555558967,282.12499999990655,-1.2055370244586219,0.28545339150119137,-3.501040141170213,3.3415751536970335
990514.0,-0.7467,0.0473,9.768,0.009,0.0061,9.8066,-0.0278,-0.0525,-0.0286,30.99,-88.44,112.3,53.05122,-1.757876,6.42,3,275.9,20 / 22,-0.4922409477693279,0.10703683975064666,0.01677137186475901,-10.405525751383353,-1.686242489456179,-0.07021994684965582,False,3.2999999999999545,-1.603132481246064,0.363781426956131,-14.022898444574382,1.6901628847471215,1.643888888892559,282.7849999999805,-1.110891533476736,0.2567445872054844,-3.6173726931910295,3.3764053742033004
990614.0,-0.8994,0.4512,9.6673,0.0114,0.0073,9.8066,-0.0237,-0.1285,0.0208,25.06,-88.52,106.81,53.05122,-1.757876,6.42,3,275.9,20 / 22,-0.5723701070702778,0.14731016724942708,0.007871371864757035,-10.458756304125345,-1.6735251391061723,-0.06898780966317974,False,3.3999999999999773,-1.4332701309810005,0.3085749856499411,-14.163261107749788,1.7235213620244227,1.4661111111137384,282.15000000000936,-0.8609000239107227,0.16126481840051404,-3.7045048036244435,3.3970465011305953
990714.0,-1.0887,0.4198,9.6029,0.0156,0.0109,9.8066,-0.0203,-0.1507,0.03,17.16,-88.74,99.53,53.05122,-1.757876,6.42,3,275.9,20 / 22,-0.664918407719685,0.2004346825077345,-0.00928362813524685,-10.520620729864858,-1.6561378966183102,-0.06905842247670425,False,3.5,-1.4128322635250825,0.29785922614446964,-14.310307707268487,1.7568798407160413,1.443888888888889,281.905,-0.7479138558053975,0.09742454363673514,-3.7896869774036297,3.4130177373343518
990814.0,-0.3381,0.8079,9.8823,0.0131,0.0068,9.8066,-0.0175,-0.1841,0.029,8.67,-88.97,88.27,53.05122,-1.757876,6.42,3,275.9,20 / 22,-0.7335411795639413,0.2545790225719253,-0.01568862813524093,-10.590543709228974,-1.633387211364348,-0.07030703529022751,False,3.599999999999909,-1.2744291559635144,0.2716323016285249,-14.437302497767613,1.7791188262749575,1.3030555555531529,282.0320000000391,-0.5408879763995731,0.017053279056599646,-3.8467587885386383,3.4125060376393055
990915.0,-1.6876,0.8822,10.0636,0.0093,0.0067,9.8066,0.0003,-0.1916,0.024,1.47,-89.08,81.4,53.05122,-1.757876,6.42,3,275.9,20 / 22,-0.8371464881414802,0.31804185136315477,0.0011076718647589773,-10.669863436448098,-1.6044698572306266,-0.07104337358188685,False,3.700999999999908,-1.087898796443967,0.29013202049756737,-14.545248069678339,1.8240415763857631,1.1259444444488873,284.93604999983097,-0.25075230830248685,-0.027909830865587404,-3.87538463323024,3.4285114336163898
991014.0,-1.2703,1.0377,9.9911,-0.006,0.0101,9.8066,-0.0261,-0.225,-0.0042,355.89,-89.19,76.02,53.05122,-1.757876,6.42,3,275.9,20 / 22,-0.9916797711830155,0.3840943174374684,0.022956971864769204,-10.760390336284704,-1.5697141168749795,-0.06985217371727465,False,3.7999999999999545,-0.9727150915417673,0.3293026611919801,-14.644504524349962,1.8680747670916273,1.0269444444474003,288.7029999998875,0.01896467964124826,-0.05479165624548832,-3.884114188065258,3.437788883966607
991114.0,-0.9214,1.5511,10.2954,-0.0174,-0.0042,9.8066,0.04,-0.2377,0.0011,5.52,-89.26,78.96,53.05122,-1.757876,6.42,3,275.9,20 / 22,-1.1038748543282073,0.48646481069657244,0.05661697186477692,-10.865168067560289,-1.5261861604682676,-0.06587347653079643,False,3.8999999999999773,-0.9679642272929139,0.27031510257815594,-14.738079633142096,1.879194260932917,1.0050000000003243,285.6030000000458,0.13591062703529344,-0.2161497081184165,-3.8729115655818074,3.4053804214011847
991215.0,-1.4703,0.9318,9.7438,-0.0061,-0.0134,9.8066,0.0169,-0.2296,-0.0431,3.5,-89.12,76.99,53.05122,-1.757876,6.42,3,275.9,20 / 22,-1.2224769864718534,0.5941098057918877,0.07812492186477683,-10.98264883552069,-1.4716171423356008,-0.05906901089745403,False,4.000999999999976,-0.845423142852107,0.20694148576539403,-14.819088941606754,1.8907585323553404,0.8704000000000065,283.75746999999967,0.3770538436197465,-0.3871683200264936,-3.836440106086064,3.3623756746909415
991314.0,-3.3048,1.1075,9.3443,-0.0092,-0.0059,9.8066,0.056,-0.2932,0.0074,12.84,-88.95,85.9,53.05122,-1.757876,6.42,3,275.9,20 / 22,-1.4496291890924613,0.7092862305111031,0.0521275218647946,-11.114918091211035,-1.4070990385386466,-0.05262151493284463,False,4.099999999999909,-0.7626959438869461,0.2414433622526714,-14.89849410533598,1.9347917230606988,0.7999999999984311,287.56599999996445,0.6869332452055152,-0.4678428682584317,-3.783576014124945,3.3418907615993456
991414.0,-1.1329,0.8227,10.1022,0.0101,0.0082,9.8066,0.0165,-0.2592,-0.0418,18.75,-89.02,87.42,53.05122,-1.757876,6.42,3,275.9,20 / 22,-1.652261355551614,0.8333132296422419,0.043787521864792775,-11.270012618443273,-1.3299690655309617,-0.04782576274636417,False,4.199999999999932,-0.6617766293571031,0.17685217794442515,-14.972017405076741,1.9459112161928704,0.6850000000050989,284.96200000011544,0.9904847261945108,-0.6564610516978167,-3.702004786633468,3.275880281723832
991514.0,-1.508,1.4657,9.9334,-0.0007,0.0073,9.8066,0.0161,-0.2732,0.0272,17.11,-89.07,85.88,53.05122,-1.757876,6.42,3,275.9,22 / 22,-1.757489890735939,0.9593410974097957,0.06490252186479765,-11.44050018075769,-1.2403363491783395,-0.04239126055988342,False,4.2999999999999545,-0.8048952215273981,0.21476787701386935,-15.045540704849426,1.957030708618528,0.8330555555511793,284.9400000000006,0.952594669208541,-0.7445732203959263,-3.605040524091736,3.1973670577968676
991614.0,-0.8763,2.0141,10.3131,0.004,0.0039,9.8066,-0.0715,-0.2675,-0.0197,27.11,-89.19,92.58,53.05122,-1.757876,6.42,3,275.9,22 / 22,-1.8170171296184314,1.139004035530048,0.09656252186480496,-11.619225531775449,-1.1354190925313234,-0.03431800837340145,False,4.399999999999977,-0.7540405906966423,0.21425353604188732,-15.119064004608822,1.9792696941768373,0.7838888888896155,285.8619999999864,1.0629765389217891,-0.9247504994881606,-3.499838472833373,3.114688786708161
991714.0,-0.991,0.7255,9.6253,0.0196,0.0119,9.8065,-0.035,-0.2409,-0.0728,11.87,-89.25,74.93,53.05122,-1.757876,6.42,3,275.9,22 / 22,-1.8659662905322176,1.2715446226350848,0.1128175218648087,-11.803374702783023,-1.0148916596230395,-0.02384900618691839,False,4.5,-0.6196004528044696,0.16467767205853923,-15.185903368010853,1.990389186602659,0.6411111111111112,284.884,1.246365837727748,-1.1068669505765456,-3.382528665227831,3.0052808462256984
991814.0,0.2655,1.3558,9.2926,0.0182,0.0058,9.8066,0.0126,-0.2993,-0.0316,7.67,-89.22,68.06,53.05122,-1.757876,6.42,3,275.9,22 / 22,-1.8956351700634553,1.3575105484552643,0.07804752186484035,-11.991454775812635,-0.8834389010686416,-0.014305754000444617,False,4.599999999999909,-0.7830637428931924,0.20276195189125717,-15.266110604114429,2.0126281721612718,0.808888888889355,284.5170000000218,1.112571427170263,-1.1547485965640072,-3.2746558283017944,2.896067073229913
991914.0,0.1042,0.1193,9.3853,0.0024,0.0163,9.8066,0.0003,-0.2122,-0.0223,0.4,-89.28,61.03,53.05122,-1.757876,6.42,3,275.9,22 / 22,-1.8764462681835752,1.4027908157584006,0.03127752186482982,-12.180058847725029,-0.745423832857927,-0.008839501813959864,False,4.699999999999932,-0.8099167157872598,0.2340461134881064,-15.353001776555862,2.034867157718292,0.8430555555540407,286.117999999929,1.0665295523963154,-1.1687447022702941,-3.1729429288308335,2.780290990576219
992014.0,0.7232,1.0755,9.908,-0.0067,0.0163,9.8066,0.0301,-0.3609,0.0556,15.96,-89.53,71.97,53.05122,-1.757876,6.42,3,275.9,22 / 22,-1.831697873278407,1.4252674792511821,0.015277521864826258,-12.36546605479817,-0.6040209181074158,-0.0065117496274765315,False,4.7999999999999545,-0.5465086817766289,0.19423763989437953,-15.406473267270918,2.0682256357020945,0.5800000000077755,289.56599999989805,1.2851891915017781,-1.2310298393568027,-3.041007212472749,2.67224655380951
992114.0,0.2971,-0.7119,10.7886,0.0031,0.0216,9.8065,0.0269,-0.1425,-0.0924,39.41,-89.68,95.26,53.05122,-1.757876,6.42,3,275.9,22 / 22,-1.8109517762692868,1.409927670816684,0.06944252186483864,-12.547598537275595,-0.46226116060399025,-0.002275747440992324,False,4.899999999999977,-0.7130870547352903,0.22878247368721016,-15.48668050340028,2.090464620553738,0.7488888888863929,287.7880000000263,1.0978647215339965,-1.1811451971294737,-2.939081966124684,2.5527257811577284
992215.0,0.2226,0.0594,9.8507,0.0016,-0.0164,9.8065,0.0235,-0.3652,0.0116,43.29,-89.52,96.94,53.05122,-1.757876,6.42,3,275.9,22 / 22,-1.8345726605282657,1.3512066134883334,0.12125552186483826,-12.73169752133387,-0.3228238792465882,0.007354503767356274,False,5.000999999999976,-0.6518980866878943,0.23386620596033533,-15.554455617903459,2.112925995967957,0.692580555555532,289.7400500000001,1.1826745738403714,-1.117340407527998,-2.822758096569588,2.4357498752145452
992315.0,-0.1538,-1.1439,9.4584,0.003,0.0219,9.8066,0.0188,-0.2159,-0.0128,45.53,-89.46,96.44,53.05122,-1.757876,6.42,3,275.9,22 / 22,-1.8938584325838235,1.2966328266012546,0.10604552186483482,-12.918119075989518,-0.19043190724207867,0.01871955595384251,False,5.100999999999999,-0.8991414739934479,0.30069716078878966,-15.647963887318507,2.1353873713753995,0.9481055555556255,288.49117000004634,0.9947169585903756,-0.995935665812465,-2.7298448113289897,2.325819278617478
992415.0,-0.6742,0.5389,9.4488,-0.0057,-0.0058,9.8066,0.01,-0.4431,0.1171,56.61,-89.46,107.36,53.05122,-1.757876,6.42,3,275.9,22 / 22,-1.9607532936462806,1.2933474072829516,0.07074052186486696,-13.110849662300847,-0.06093289554798614,0.02755885814031956,False,5.200999999999908,-0.885872518127688,0.3532222551553704,-15.734988738473037,2.179642951927503,0.953713888885964,291.74087000015163,1.0748807755185927,-0.9401251521275812,-2.62413907617219,2.240575847475489
992515.0,1.3032,0.6512,10.1838,0.0204,0.0155,9.8065,0.0022,-0.2734,0.0425,64.08,-89.67,113.11,53.05122,-1.757876,6.42,3,275.9,20 / 22,-1.9253061382113632,1.2843730408403184,0.07170552186486724,-13.305152633893773,0.06795312685820667,0.03468116032680789,False,5.300999999999931,-0.9670913363021397,0.32160690213249393,-15.83524778360902,2.2021043266408147,1.019180555554691,288.39369999990606,0.9582148019092235,-0.9627661387078246,-2.5300951497152475,2.134151199782608
992615.0,1.148,1.1137,10.3281,0.0034,-0.0128,9.8066,-0.0069,-0.4083,0.1161,40.51,-89.83,90.0,53.05122,-1.757876,6.42,3,275.9,20 / 22,-1.8121984074604371,1.2340837405784397,0.11663552186487747,-13.492027861177405,0.19387596592917322,0.044098212513297264,False,5.400999999999954,-0.975207645232887,0.38470208461870575,-15.935506828731848,2.2465822977510177,1.0483444444440149,291.52845000000525,0.8369907622275501,-0.849381655959734,-2.4434789675544426,2.0527063318218444
992714.0,0.9981,0.8618,9.9506,0.003,-0.0032,9.8066,-0.0111,-0.3478,0.0473,354.89,-89.92,42.19,53.05122,-1.757876,6.42,3,275.9,20 / 22,-1.700748584302587,1.2646049178660363,0.1495728218648929,-13.665918737269756,0.31756105452223277,0.05727552552792707,False,5.5,-1.0042171923175045,0.3890464844638761,-16.03476328340347,2.290615488456882,1.0769444444444443,291.177,0.6965313919850824,-0.8755584334021602,-2.3688445461337153,1.9730544339346492
992814.0,-0.9236,-0.1793,9.8389,-0.013,-0.0064,9.8066,0.0238,-0.3242,0.0652,310.45,-89.95,-4.45,53.05122,-1.757876,6.42,3,275.9,20 / 22,-1.6719842665136238,1.2463785282107651,0.15838282186488495,-13.834555379810412,0.4431102268259587,0.07267330771440196,False,5.599999999999909,-1.0506802642924704,0.4599484110966009,-16.14170626485716,2.3350934595741073,1.1469444444453196,293.64199999999863,0.6213040022211533,-0.7864301171141642,-2.307150885046747,1.8919832327481485
992914.0,-0.0911,1.2291,9.9354,-0.0101,0.006,9.8066,0.0524,-0.401,0.0789,156.22,-89.88,-158.9,53.05122,-1.757876,6.42,3,275.9,20 / 22,-1.6605553909351023,1.1534164316073474,0.16643282186488684,-14.001182362682886,0.5630999748168916,0.08891408990089425,False,5.699999999999932,-1.1102988984237996,0.4837628340507321,-16.255333182686652,2.379571429980824,1.2111111111082662,293.5430000000044,0.5502564925113027,-0.6696535975566154,-2.2541508200037654,1.8164714551639327
993014.0,-1.1258,0.1843,9.4482,-0.0011,0.0083,9.8066,0.046,-0.2866,0.06,170.42,-89.6,-144.75,53.05122,-1.757876,6.42,3,275.9,20 / 22,-1.5760455905715893,1.1264417070956239,0.15494782186488426,-14.163012411758258,0.6770928817520661,0.10498312208738646,False,5.7999999999999545,-1.1340777090429601,0.4444401942568458,-16.368960100484557,2.4240493996834545,1.2180555555553503,291.4000000000633,0.4419678815286292,-0.6820015128387781,-2.205947688726299,1.7469565179313884
993114.0,-0.0536,1.2141,9.7899,-0.0006,-0.0015,9.8066,0.0006,-0.3732,0.0629,181.79,-89.38,-135.65,53.05122,-1.757876,6.42,3,275.9,20 / 22,-1.5136456487232164,1.092836887603226,0.13618782186488002,-14.317496973723033,0.7880568114870338,0.11953990427387798,False,5.899999999999977,-1.334370353395041,0.5645660035072668,-16.502638827301112,2.4796468639333824,1.4488888888854774,292.9329999999773,0.17927529532817532,-0.5282708840959591,-2.185141853578079,1.6915900524463487
993214.0,-1.2996,0.4375,9.615,0.0045,-0.0008,9.8066,-0.0298,-0.2203,0.002,199.51,-89.39,-122.38,53.05122,-1.757876,6.42,3,275.9,20 / 22,-1.4478176010335086,1.0144436251078202,0.12576782186487767,-14.465570136210903,0.89342083712261,0.13263768646036883,False,6.0,-1.350373825163016,0.5836595185115828,-16.636317554144835,2.535244326768993,1.4711111111111113,293.375,0.09744377587049269,-0.43078410659623734,-2.1707474179339314,1.6418234896463828
993314.0,0.607,1.0488,9.9164,-0.0039,-0.0061,9.8066,0.0012,-0.3207,0.0411,206.2,-89.33,-115.46,53.05122,-1.757876,6.42,3,275.9,20 / 22,-1.4280220469036644,0.9604773367061505,0.12167282186488143,-14.609362118607631,0.9921668852132187,0.14500971864684553,False,6.099999999999909,-1.2806314175280638,0.6224489861437802,-16.769996280962015,2.613080776577799,1.4238888888924777,295.92200000004254,0.14739062937560066,-0.33802835056237035,-2.160634162354384,1.6209138913645802
993414.0,-0.792,0.6524,9.8574,0.0162,0.014,9.8066,0.0154,-0.2058,-0.0658,203.36,-89.29,-117.8,53.05122,-1.757876,6.42,3,275.9,20 / 22,-1.437996127293697,0.9026558263175213,0.1296978218648833,-14.752663027317531,1.0853235433644235,0.15757825083333662,False,6.199999999999932,-1.4749064058638646,0.818799519140093,-16.9170428804834,2.6909172242590613,1.6869444444327812,299.0369999998619,-0.0369102785701676,-0.08385630717742831,-2.164379853165869,1.6055936808946378
993515.0,-0.1928,0.6799,9.9788,-0.001,0.002,9.8066,-0.0128,-0.2557,0.0959,208.69,-89.07,-114.66,53.05122,-1.757876,6.42,3,275.9,20 / 21,-1.404670231990858,0.8430568635429982,0.14095427186488324,-14.8962176784614,1.1734820342023788,0.17124618156668972,False,6.300999999999931,-1.4583794824924157,0.9084044260806762,-17.065760464100094,2.7919934132507165,1.718161111105033,301.91712999997293,-0.053709250501557726,0.06534756253767793,-2.1695427856386935,1.6185113790483376
993614.0,-0.0142,0.9941,9.8506,0.0201,0.0122,9.8065,-0.0453,-0.2374,0.0232,219.63,-88.72,-108.45,53.05122,-1.757876,6.42,3,275.9,20 / 21,-1.423323993755106,0.7887656601018966,0.1516512218648883,-15.036203392635892,1.254257249122839,0.1857301535063202,False,6.399999999999977,-1.6144403033953993,1.041273454955751,-17.231187888539647,2.8910680921638483,1.9211111111080814,302.82099999998655,-0.19111630964029325,0.25250779485385433,-2.194984495903755,1.6368108430410093
993714.0,-0.0875,1.1018,9.8373,0.0216,0.0122,9.8065,-0.01,-0.2618,0.0283,221.51,-88.55,-106.19,53.05122,-1.757876,6.42,3,275.9,20 / 21,-1.4655174729358542,0.7219258003535498,0.15538122186488926,-15.180645465970473,1.3297918221456284,0.20108177569281255,False,6.5,-1.7277237957017708,1.163654129583498,-17.41165416975257,3.0133825116750446,2.083055555555555,303.961,-0.2622063227659166,0.4417283292299481,-2.2310087037820967,1.6835906895294162
993814.0,0.9747,0.8702,9.7036,0.0219,-0.0061,9.8065,0.0038,-0.2461,0.0184,222.73,-88.36,-106.46,53.05122,-1.757876,6.42,3,275.9,20 / 21,-1.5414490651449033,0.6943236443031984,0.15176122186489263,-15.330993792874374,1.4006042943784014,0.21643889787928766,False,6.599999999999909,-1.9045257862978324,1.26454954101614,-17.60548832365401,3.1356969311867338,2.286111111113703,303.5830000000135,-0.3630767211529291,0.5702258967129417,-2.274494530779638,1.7350926368083324
993915.0,0.5365,1.123,10.2801,0.008,0.0062,9.8066,-0.041,-0.2897,-0.0093,224.91,-88.24,-103.89,53.05122,-1.757876,6.42,3,275.9,20 / 21,-1.6433490413305647,0.6893171674629953,0.17046642186489247,-15.491826097251383,1.4704781553725936,0.23271139388764167,False,6.700999999999908,-2.0397599804492716,1.406829867162027,-17.814762370521322,3.2819182594372447,2.477880555547694,304.59257999989967,-0.39641093911870695,0.7175126996990316,-2.3229362732699386,1.811440104064651
994015.0,-0.2178,1.9167,9.9894,-0.0125,0.0014,9.8066,-0.0225,-0.2703,-0.0123,227.26,-88.21,-105.96,53.05122,-1.757876,6.42,3,275.9,20 / 21,-1.7413475592339511,0.6092897051280852,0.20327642186489994,-15.661060927279648,1.5354084990021624,0.25139853607413554,False,6.800999999999931,-2.1235814261596624,1.5913094567933002,-18.022031236487287,3.4487106493587225,2.653663888887085,306.84571999994745,-0.38223386692571126,0.9820197516652149,-2.360970309207639,1.9133021503565601
994115.0,-0.1711,2.0011,9.7656,-0.0131,0.0192,9.8065,0.0278,-0.2877,-0.0308,222.91,-88.29,-113.68,53.05122,-1.757876,6.42,3,275.9,20 / 21,-1.842820028869922,0.471386049884124,0.21036142186490156,-15.840269306684883,1.589442286752785,0.27208042826063034,False,6.900999999999954,-2.1207022140832237,1.6941444253578422,-18.235850360031655,3.615836624059542,2.7143305555548984,308.6196499999708,-0.27788218521330177,1.2227583754737181,-2.3955810533467723,2.026394337306757
994214.0,-0.6312,1.2202,9.7039,-0.0151,0.0088,9.8066,0.0595,-0.3431,-0.0375,216.04,-88.41,-121.06,53.05122,-1.757876,6.42,3,275.9,20 / 21,-1.8926977002645533,0.34212475791325736,0.2032433218648983,-16.025177434277126,1.6297110717387744,0.29255386307526504,False,7.0,-2.095208481158047,1.7935918900391619,-18.44098036635564,3.8139859832863054,2.7580555555555555,310.565,-0.20251078089349384,1.4514671321259045,-2.4158029320785133,2.184274911547531
994314.0,0.3937,0.4089,9.858,-0.0102,-0.0072,9.8066,0.0583,-0.3254,0.0243,214.17,-88.41,-126.19,53.05122,-1.757876,6.42,3,275.9,20 / 21,-1.9102746882415018,0.28645279608257423,0.20067332186490075,-16.215326053702256,1.6611399494385375,0.3127496952617366,False,7.099999999999909,-1.9830183314971475,1.8221378988037273,-18.628130583939388,4.014136851899174,2.6930555555559383,312.57900000002587,-0.07274364325564564,1.535685102721153,-2.412804530237132,2.3529969024606365
994414.0,0.5614,-0.334,10.0404,0.0016,0.0058,9.8066,-0.0059,-0.2501,-0.0134,206.43,-88.28,-132.35,53.05122,-1.757876,6.42,3,275.9,20 / 21,-1.93680718989356,0.32774773590742706,0.21492832186490407,-16.407680147609053,1.6918499760380445,0.3335297774482316,False,7.199999999999932,-1.9416324597520291,1.9064388451357428,-18.82196473782676,4.214287719790384,2.721111111109867,314.47599999991587,-0.0048252698584692055,1.5786911092283158,-2.414284590217708,2.5224377437523398
994514.0,1.1286,0.3517,10.2792,-0.0048,0.0178,9.8066,-0.005,-0.235,-0.0232,206.15,-88.15,-135.5,53.051308,-1.758184,3.46,3,353.49,19 / 21,-1.9953584391347585,0.38531133564646103,0.25024332186491216,-16.604288429060514,1.7275029296157471,0.3567883596347277,False,7.2999999999999545,-1.924611332557308,2.0183588514306536,-19.009114955397642,4.425558080121323,2.7888888888868855,316.36199999994426,0.07074710657745054,1.6330475157841926,-2.4048265263371285,2.698055150505575
994614.0,0.5621,-0.2164,9.7539,-0.0143,-0.0018,9.8066,0.0163,-0.1667,-0.0301,200.77,-88.21,-140.26,53.051308,-1.758184,3.46,3,353.49,19 / 21,-2.059726225957098,0.4363268051090853,0.27123332186491694,-16.80704266231515,1.7685848366535337,0.3828621918212251,False,7.399999999999977,-1.7875067968814262,2.0619539323196636,-19.176213363936284,4.636828441160076,2.7288888888897755,319.07799999995984,0.27221942907567165,1.6256271272105782,-2.369170701621133,2.8682436045065423
994714.0,-1.3092,-0.1622,9.487,-0.0224,-0.0202,9.8066,-0.0264,-0.1077,-0.0952,196.38,-88.19,-144.97,53.051308,-1.758184,3.46,3,353.49,19 / 21,-2.002514588336703,0.46891041031175984,0.25261332186491275,-17.010154703029887,1.8138466974245864,0.4090545240077226,False,7.5,-1.7343209729705529,2.0274740960725834,-19.34999570881841,4.848098801491507,2.6680555555555556,319.456,0.26819361536615016,1.5585636857608236,-2.3398410057885215,3.034252104066921
994814.0,0.1915,-0.5224,10.0584,-0.0087,-0.009,9.8065,-0.0113,-0.1741,0.0038,197.39,-88.39,-148.19,53.051308,-1.758184,3.46,3,353.49,19 / 21,-1.924872463519494,0.5096343252693423,0.24921832186491594,-17.206524055622516,1.862773934203597,0.4341461061941912,False,7.599999999999909,-1.6797149509279061,2.025167490022866,-19.51709411736946,5.05936916182285,2.6311111111118723,320.32700000002495,0.2451575125915879,1.5155331647535237,-2.310570061746944,3.1965952276192526
994914.0,-0.9713,-0.5801,9.8043,0.0042,-0.0046,9.8066,-0.0348,-0.1042,-0.0283,201.76,-88.39,-143.58,53.051308,-1.758184,3.46,3,353.49,19 / 21,-1.8553806224210245,0.5692784537814221,0.26168832186491886,-17.395536709919586,1.9167195731561475,0.45969143838068877,False,7.699999999999932,-1.6484401094792356,2.1218660780024097,-19.67750858953837,5.28175901527108,2.686944444441969,322.15699999991887,0.20694051294178895,1.5525876242209877,-2.2819718796187836,3.365039442114932
995015.0,0.8174,0.0513,10.3762,0.0089,0.005,9.8066,-0.0072,-0.1942,0.0381,211.74,-88.23,-135.95,53.051308,-1.758184,3.46,3,353.49,19 / 21,-1.8175994703799196,0.618831615256952,0.2903319218649187,-17.581022204606032,1.976719131642585,0.4875684606890453,False,7.800999999999931,-1.5676979853833348,2.1451861424927436,-19.82602565506607,5.495253274837516,2.6569861111109874,323.8407099999445,0.24990148499658482,1.5263545272357917,-2.245003450460036,3.5185341431949313
995115.0,0.0933,-0.3795,10.1091,0.0063,0.0109,9.8066,0.0166,-0.1375,-0.0229,213.34,-88.1,-134.75,53.051308,-1.758184,3.46,3,353.49,19 / 21,-1.8274359569771086,0.6755586845232243,0.3339319218649287,-17.763273975973924,2.0414386466316086,0.5187816528755448,False,7.900999999999954,-1.4995890042463689,2.1987170130357514,-19.973005415208366,5.717754322525767,2.661419444443986,325.7047399999825,0.3278469527307397,1.523158328512527,-2.2097314392344423,3.6763156758941586
995215.0,0.4954,-0.2057,9.3478,-0.0137,0.0044,9.8065,0.0128,-0.1686,-0.0428,211.24,-88.05,-136.31,53.051308,-1.758184,3.46,3,353.49,19 / 21,-1.817094239217042,0.7346914654832001,0.32611192186492693,-17.945500485783672,2.111951154131946,0.551783845062045,False,8.000999999999976,-1.4708134242333317,2.254696380113181,-20.11336807838298,5.9512636684158355,2.6920249999999997,326.8822099999999,0.3462808149837102,1.5200049146299808,-2.1678675925993076,3.8393125142838898
995315.0,-1.1566,0.0816,9.7536,-0.0184,0.0106,9.8066,0.03,-0.1326,-0.0449,209.3,-88.16,-141.79,53.051308,-1.758184,3.46,3,353.49,19 / 21,-1.7655331291585723,0.7442305582215641,0.3005169218649212,-18.124631854202494,2.185897255317201,0.5831152872485446,False,8.100999999999999,-1.4148670029767338,2.2997101182603306,-20.253663902193964,6.184773014305735,2.70010000000014,328.3985900000148,0.35066612618183846,1.5554795600387665,-2.129032047991469,3.998875758988534
995415.0,-0.2511,-0.5175,10.1291,-0.0117,0.0085,9.8066,0.0417,-0.1917,0.0384,200.86,-88.12,-148.15,53.051308,-1.758184,3.46,3,353.49,19 / 21,-1.6790908775207416,0.7534180479714462,0.31398692186490895,-18.296863054536303,2.260779685626783,0.6138404794350081,False,8.200999999999908,-1.3773982478420368,2.3350810811168285,-20.387275789651603,6.418504750033313,2.7110694444396928,329.4641799999236,0.3016926296787048,1.5816630331453823,-2.090412735115301,4.15772506440653
995514.0,-0.3484,-0.0551,9.8525,0.0057,0.0208,9.8066,0.0443,-0.1182,0.0035,201.03,-87.93,-150.4,53.051308,-1.758184,3.46,3,353.49,18 / 20,-1.6259134851952368,0.7916346269174898,0.33221777186491747,-18.46046077049082,2.3372597930338213,0.6458276117746495,False,8.299999999999955,-1.358581007817532,2.4676777845306113,-20.513000632246182,6.671695598167594,2.8169444444412832,331.16499999994926,0.2673324773777048,1.6760431576131216,-2.0525398617553634,4.334435805133773
995614.0,-0.0698,-0.4372,9.715,-0.0014,0.0111,9.8066,0.0338,-0.2278,0.058,199.22,-87.72,-152.2,53.051308,-1.758184,3.46,3,353.49,18 / 20,-1.582979553771481,0.8302385565006069,0.32992777186491695,-18.62090542243919,2.4183534522047445,0.6789348889611488,False,8.399999999999977,-1.2777038431521268,2.5039605764083026,-20.63331148640175,6.916324437190972,2.811111111111197,332.9659999999734,0.3052757106193542,1.6737220199076956,-2.012406063962562,4.497970984986227
995714.0,0.6811,0.7748,9.5482,0.0047,0.0053,9.8066,-0.0006,-0.1729,0.0237,199.2,-87.63,-152.15,53.051308,-1.758184,3.46,3,353.49,18 / 20,-1.602559043917728,0.8473792855258392,0.312422771864913,-18.780182352323685,2.502234344306086,0.7110524161476477,False,8.5,-1.2549081243565254,2.572145330752212,-20.75362234053054,7.172072768639515,2.8619444444444446,333.99300000000005,0.34765091956120253,1.7247660452263731,-1.9734399882068558,4.669838424333429
995814.0,-0.1473,-0.23,9.8268,0.003,-0.0086,9.8066,-0.0406,-0.194,0.0662,201.86,-87.79,-153.01,53.051308,-1.758184,3.46,3,353.49,18 / 20,-1.620990359862711,0.8526043294328435,0.3005077718649239,-18.94135982251256,2.587233525053943,0.7416989433341117,False,8.599999999999909,-1.2843299027404842,2.5777697144894494,-20.8873010674137,7.42782109867374,2.8800000000021826,333.5160000000297,0.3366604571222267,1.7251653850566058,-1.9459412449011388,4.840587573619797
995914.0,0.435,-0.7005,9.9468,0.0059,-0.0025,9.8066,0.0023,-0.1597,0.0203,200.41,-87.95,-151.09,53.051308,-1.758184,3.46,3,353.49,18 / 20,-1.6024491647865418,0.9234670243959262,0.30852277186492577,-19.10253179874506,2.6760370927454016,0.772150470520611,False,8.699999999999932,-1.2513904959131918,2.770491260894797,-21.000927985190046,7.71692790879303,3.039999999992906,335.6919999999035,0.3510586688733499,1.847024236498871,-1.8983961864449874,5.040890816047629
996014.0,-0.5719,-0.8014,10.225,-0.0042,-0.0002,9.8066,0.0109,-0.1138,-0.0167,202.6,-88.04,-152.14,53.051308,-1.758184,3.46,3,353.49,18 / 20,-1.5530839075901501,1.0122995330575064,0.33644777186493213,-19.26030845236393,2.772825420618095,0.8043989977071112,False,8.799999999999955,-1.2644811918092125,2.778891063152177,-21.127922775688997,7.983795732668381,3.0530555555551695,335.53300000000473,0.28860271578093766,1.7665915300946706,-1.8676143233250677,5.210970312050286
996114.0,0.2554,0.3951,9.8431,-0.0056,0.0009,9.8066,0.0074,-0.1475,-0.0113,197.45,-88.12,-157.8,53.051308,-1.758184,3.46,3,353.49,18 / 20,-1.514251645060963,1.0460845128921765,0.35918777186493733,-19.41367522999652,2.8757446229156027,0.8391807748936126,False,8.899999999999977,-1.2298732937680996,2.8443846482061406,-21.248233629831276,8.272902542100725,3.0988888888882116,336.616999999984,0.2843783512928635,1.798300135313964,-1.834558399834755,5.397157919185123
996214.0,-1.1089,-0.8028,9.8022,-0.0115,-0.0075,9.8066,0.0056,-0.1453,-0.0604,192.82,-88.31,-163.12,53.051308,-1.758184,3.46,3,353.49,18 / 20,-1.4562436849312512,1.0819144535848793,0.3607877718649377,-19.562199996496165,2.9821445712394796,0.8751795520801146,False,9.0,-1.1646183229859506,3.0222616359827774,-21.35517661128519,8.584248336384714,3.238888888888889,338.926,0.29162536194530064,1.9403471823978982,-1.7929766147890263,5.602103765145235
996314.0,0.0641,-0.2426,9.6182,0.0049,0.0059,9.8065,-0.0447,-0.1887,0.1152,191.12,-88.5,-165.22,53.051308,-1.758184,3.46,3,353.49,18 / 20,-1.38227211758399,1.1459878370187173,0.35114277186494647,-19.7041257866218,3.0935396857695583,0.9107760792665764,False,9.099999999999909,-1.0484785727748875,3.0456935946616883,-21.44875172007684,8.884474638243338,3.221111111112365,341.0040000000313,0.3337935448091025,1.899705757642971,-1.7446259334550405,5.79093495247378
996414.0,-0.3664,-0.9656,9.1773,0.0242,0.004,9.8065,-0.0491,-0.0834,0.0668,191.83,-88.44,-164.23,53.051308,-1.758184,3.46,3,353.49,18 / 20,-1.3436542523782715,1.226826585752438,0.31025277186493727,-19.84042210511994,3.212180406908143,0.9438458564530782,False,9.199999999999932,-0.952262903888125,3.1732526650187047,-21.528958956174577,9.206939926344495,3.3130555555514785,343.29599999989836,0.39139134849014656,1.9464260792662667,-1.6885368510546357,5.994759519436352
996514.0,-0.2268,0.0766,9.9524,-0.0035,0.0143,9.8065,0.0862,-0.1012,-0.0138,194.97,-88.33,-163.94,53.051308,-1.758184,3.46,3,353.49,18 / 20,-1.2934424589930507,1.288103473253134,0.2860727718649319,-19.972276940688538,3.3379269098584503,0.9736621336395784,False,9.299999999999955,-0.8454331987174307,3.2559163323534532,-21.602482255934273,9.529405213761793,3.363888888887386,345.4439999999365,0.44800926027561994,1.9678128591003192,-1.6302053152457354,6.1914783039033425
996614.0,0.09,0.0879,9.6973,-0.0128,0.0062,9.8066,0.0588,-0.116,-0.0478,188.15,-88.26,-167.86,53.051308,-1.758184,3.46,3,353.49,18 / 20,-1.2769432902466173,1.3025204204965426,0.28789277186493245,-20.10079622815055,3.4674581045459636,1.0023604108260782,False,9.399999999999977,-0.779576942309558,3.3812955787698105,-21.67600555569367,9.874109486029749,3.469999999998432,347.01699999997675,0.49736634793705936,2.0787751582732676,-1.5752093275431207,6.406651381483785
996714.0,-0.3685,-0.1856,10.011,-0.0253,-0.0042,9.8065,-0.0716,-0.0244,-0.0448,175.47,-88.23,178.32,53.051308,-1.758184,3.46,3,353.49,18 / 20,-1.2571675953470587,1.3357668093262454,0.29264277186493354,-20.227501772430262,3.599372466037133,1.031387188012578,False,9.5,-0.6880836079447792,3.3735993400401996,-21.736160982751624,10.207694265872869,3.4430555555555555,348.472,0.5690839874022795,2.0378325307139544,-1.5086592103213619,6.6083217998357355
996814.0,-1.7708,-0.3993,9.2604,-0.0339,-0.0206,9.8065,-0.015,-0.1694,-0.0178,163.78,-88.19,165.76,53.051308,-1.758184,3.46,3,353.49,18 / 20,-1.1585776530833685,1.4175850356872977,0.27554777186494916,-20.348289034851675,3.7370400582876853,1.0597967151990464,False,9.599999999999909,-0.6654775046653382,3.51958317047113,-21.803000346206353,10.563518031273906,3.581944444443463,349.29300000002456,0.4931001484180303,2.101998134783832,-1.4547113113546786,6.826477972986221
996914.0,-0.6634,-0.1328,10.2729,0.0143,0.0063,9.8066,0.0691,-0.1381,0.0502,157.78,-88.25,159.43,53.051308,-1.758184,3.46,3,353.49,18 / 20,-1.0536387166663215,1.5074015813941557,0.27154777186494833,-20.458899853339183,3.8832893891417912,1.0871514923855474,False,9.699999999999932,-0.5434571161205503,3.4676727589205667,-21.849787900559054,10.908222303517437,3.5100000000031897,351.0929999999202,0.5101816005457712,1.960271177526411,-1.390888047219871,7.024932914375646
997014.0,-1.0435,0.5126,9.9208,0.0125,-0.0006,9.8066,0.0117,-0.1651,0.0271,167.07,-88.28,166.12,53.051308,-1.758184,3.46,3,353.49,18 / 20,-0.9707654739339173,1.5400246964099598,0.300567771864955,-20.560120062869217,4.035660703032032,1.115757269572049,False,9.799999999999955,-0.4174396913616591,3.512224381664156,-21.87652364593666,11.252926575786052,3.536944444443648,353.22199999993705,0.5533257825722582,1.9721996852541963,-1.3164035830674443,7.21726587275402
997114.0,0.9143,0.2312,9.6162,0.0229,-0.0034,9.8066,-0.0495,-0.0776,0.135,175.77,-88.38,175.49,53.051308,-1.758184,3.46,3,353.49,18 / 20,-0.9565427257822992,1.539031341511122,0.29675277186495413,-20.65648547285505,4.189613504928121,1.1456232967585513,False,9.899999999999977,-0.36436698560880115,3.628696801973214,-21.909943327644076,11.61986983431997,3.6469444444428185,354.2659999999846,0.5921757401734979,2.089665460462092,-1.2534578547890263,7.430256329391848
997214.0,-0.3729,0.8209,10.4064,0.0177,-0.006,9.8066,-0.0488,-0.0653,0.1034,181.95,-88.47,-177.92,53.051308,-1.758184,3.46,3,353.49,18 / 20,-0.9781573466234705,1.5091894708827127,0.3172177718649588,-20.75322047647536,4.342024545547847,1.176321823945054,False,10.0,-0.33367476213179603,3.580597195521032,-21.94336300936497,11.98681309214722,3.596111111111111,354.676,0.6444825844916745,2.071407724638319,-1.1901425328896096,7.644788546599372
997315.0,-0.4149,0.3757,9.8765,0.0197,0.0124,9.8066,0.0468,-0.116,0.0383,189.64,-88.32,-169.65,53.051308,-1.758184,3.46,3,353.49,18 / 20,-0.9341164611872275,1.4709491117088205,0.35103257186495856,-20.849790303769797,4.492521543968718,1.2100684663034145,False,10.100999999999999,-0.268236375024369,3.5935414256529965,-21.96368217582464,12.34619509519541,3.6035388888884,355.731150000003,0.6658800861628584,2.122592313944176,-1.1138918720548432,7.853673551226692
997414.0,-1.9266,-0.3827,9.049,0.0308,0.0073,9.8066,0.059,0.0538,0.0598,198.11,-88.21,-160.6,53.051308,-1.758184,3.46,3,353.49,18 / 20,-0.8079886837343319,1.4615404983871634,0.31698647186498174,-20.936024508443356,4.63767977966837,1.243135408968024,False,10.199999999999932,-0.25243266384608565,3.559950231600044,-21.990150563732485,12.69846062221679,3.5688888888904406,355.94399999999047,0.5555560198882462,2.098409733212881,-1.054126055289128,8.060780842548422
997514.0,-1.6195,-1.2813,10.7254,-0.008,-0.0101,9.8066,0.0109,0.0547,-0.0227,210.83,-87.76,-149.72,53.051308,-1.758184,3.46,3,353.49,19 / 19,-0.5913422403301588,1.4847414669675647,0.3250414718649836,-21.005991054646596,4.78499387793614,1.2752368061545296,False,10.299999999999955,-0.1717608636241385,3.4968953684785338,-21.996834500090838,13.043164895193218,3.501111111113114,357.18799999996327,0.4195813767060203,2.012153901510969,-0.9908434454442414,8.258171017257078
997615.0,0.3908,3.1714,10.5977,0.0021,0.0171,9.8066,0.1469,0.0617,0.0419,213.94,-87.59,-146.13,53.051308,-1.758184,3.46,3,353.49,19 / 19,-0.5738659345534158,1.3957702012083442,0.4113863718649829,-21.064834067478216,4.930459717179022,1.3124264122628926,False,10.400999999999954,-0.06422088736072004,3.6032165552738027,-21.99663398200088,13.413444000825727,3.603811111112879,355.37959000532265,0.5096450471926958,2.2074463540654587,-0.9317999145226636,8.482984283646704
997714.0,-1.4931,2.0557,8.7252,-0.0119,0.012,9.8066,-0.0412,0.1211,-0.0879,212.72,-87.18,-146.83,53.051308,-1.758184,3.46,3,353.49,19 / 19,-0.6505854169603723,1.1693041435043592,0.39701157186497615,-21.125444409378176,5.0574308972423605,1.3524421104775444,False,10.5,0.06193605227850375,3.4855608737247006,-21.976782691045507,13.743692933570584,3.486111111111111,1.018,0.712521469238876,2.316256730220341,-0.8513382816673314,8.686262036328223
997815.0,-0.0978,1.075,10.0471,-0.0473,0.0253,9.8065,-0.0186,0.0042,0.0328,204.9,-86.93,-155.22,53.051308,-1.758184,3.46,3,353.49,19 / 19,-0.5465800038520341,0.8587372560603248,0.3013599110852301,-21.185901263129203,5.1598469879203765,1.3877098703665294,False,10.600999999999999,0.12841838592161672,3.3437151588235365,-21.956597203299758,14.080502366280163,3.3461805555556525,2.1994100000033647,0.6749983897736508,2.4849779027632115,-0.7706959401705546,8.920655378359786
997914.0,-4.8406,3.5746,8.4497,0.0187,-0.0005,9.8066,-0.029,0.213,-0.0774,204.04,-86.93,-156.27,53.051308,-1.758184,3.46,3,353.49,19 / 19,-0.4011391841412435,0.5705878991303315,0.24609316108526774,-21.232813362934838,5.230598583102266,1.4148087974389505,False,10.699999999999932,0.14263324231613767,3.350020494986006,-21.943363009365562,14.399743000099521,3.3530555555552475,2.437999999989315,0.5437724264573811,2.779432595855675,-0.7105496464307244,9.169144416997256
998014.0,-1.7414,-1.9333,10.1531,0.0495,-0.0131,9.8065,0.1239,-0.1975,0.1782,217.84,-86.69,-143.8,53.051308,-1.758184,3.46,3,353.49,19 / 19,-0.10578727472035365,0.3510852434124816,0.19556816108525632,-21.258159685877924,5.276682240229417,1.4368918635474817,False,10.799999999999955,0.19485943643427758,3.4294685885740086,-21.923311200320033,14.755566765499635,3.4349999999975775,3.251999999975939,0.30064671115463126,3.078383345161527,-0.6651515144421083,9.478884525270217
998114.0,0.8136,0.8304,10.6247,0.0748,-0.0027,9.8063,-0.0315,-0.0612,0.2074,222.86,-86.1,-137.24,53.051308,-1.758184,3.46,3,353.49,19 / 19,-0.01366962003241394,0.3873660738966896,0.25379316108526967,-21.264132530615566,5.313604806094884,1.4593599296560131,False,10.899999999999977,0.12247759564570163,3.411691161908697,-21.916627263988747,15.1002710384759,3.413888888889201,2.056000000017676,0.13614721567811555,3.024325088012007,-0.6524947333731816,9.786666232381016
998214.0,2.1123,0.4728,10.3225,0.0447,-0.0227,9.8065,-0.0326,-0.0933,0.1247,233.81,-85.43,-127.05,53.051308,-1.758184,3.46,3,353.49,19 / 19,-0.1291166314268565,0.4687259766500208,0.3204881610852849,-21.27127184318853,5.35640940862223,1.4880739957645475,False,11.0,0.18682303873094158,3.463019851028736,-21.889891518625614,15.44497531003719,3.4680555555555554,3.088,0.3159396701577981,2.994293874378715,-0.6186196754370847,10.08856590141496
998314.0,1.3403,1.3454,10.4255,0.0005,0.0247,9.8066,0.0631,-0.0884,-0.0196,235.01,-85.49,-126.1,53.051308,-1.758184,3.46,3,353.49,19 / 19,-0.2787032092631212,0.5666055727899264,0.3772231610852333,-21.29166283522301,5.40817598609418,1.5229595618730416,False,11.099999999999909,0.23318878267594678,3.423177828920183,-21.863155773275313,15.789679583719755,3.4311111111091592,3.8970000000236147,0.511891991939068,2.8565722561302564,-0.5714929380523017,10.381503597625574
998415.0,-2.3067,0.7451,9.1048,-0.0329,-0.0081,9.8066,0.1125,-0.1837,0.0265,231.79,-85.87,-130.17,53.051308,-1.758184,3.46,3,353.49,19 / 19,-0.30523831217302677,0.4791136111755771,0.37303166108523333,-21.321151882055535,5.460984804884437,1.5608474303926498,False,11.200999999999908,0.32255441455553613,3.273150805027861,-21.822717958369353,16.115591913828137,3.2890055555513347,5.628069999999688,0.6277927267285629,2.794037193852284,-0.5015660763138179,10.6546071089437
998514.0,3.6087,-0.0958,10.5564,-0.0036,0.056,9.8065,0.0496,-0.2708,0.0395,221.41,-86.02,-138.59,53.051308,-1.758184,3.46,3,353.49,19 / 20,-0.3709979167149607,0.501730015420897,0.3754027110852345,-21.354625575385505,5.509536564400985,1.5978949318151054,False,11.299999999999955,0.33218503745982225,3.3667072924215025,-21.789632473491967,16.456849142673892,3.3830555555527475,5.634999999999793,0.7031829541747829,2.8649772770006052,-0.43500689810646165,10.947312578272907
998615.0,-1.0151,0.9762,8.7191,-0.0046,0.0228,9.8066,-0.0567,-0.2375,0.3601,209.03,-85.87,-152.71,53.051308,-1.758184,3.46,3,353.49,19 / 20,-0.46288501966701157,0.5760430302424636,0.35834381108523466,-21.396736663672794,5.563964103206985,1.6349491311847137,False,11.400999999999954,0.3471695464946766,3.353489836971472,-21.755811755604082,16.804666873600162,3.3714138888913303,5.910759999991435,0.8100545661616881,2.7774468067290083,-0.35907509193128817,11.240702770393177
998715.0,2.6233,0.4558,10.4691,0.0776,-0.0068,9.8063,-0.0077,-0.3826,0.2375,211.68,-85.64,-149.4,53.051308,-1.758184,3.46,3,353.49,19 / 20,-0.5467845956641557,0.577953344414226,0.3370888110852298,-21.447220144439363,5.621663921939832,1.6697207622932448,False,11.500999999999976,0.36209712205175276,3.189390913843343,-21.715841816292194,17.116235058440314,3.2098805555555465,6.477270000000034,0.9088817177159085,2.611437569429117,-0.2686216718528307,11.494571136500483
998814.0,-0.1108,3.3577,10.8773,0.0349,0.0322,9.8064,-0.0159,0.096,-0.0263,216.43,-85.27,-143.27,53.051308,-1.758184,3.46,3,353.49,19 / 20,-0.7434085862065247,0.5082302045073999,0.4228772610851715,-21.51108470694192,5.675430007611416,1.707339082865654,False,11.599999999999909,0.35198672454641045,3.2892760456326355,-21.689373428368995,17.44648399048439,3.308055555553699,6.1080000000221,1.0953953107529353,2.781045841125236,-0.17828872142707652,11.771053982872973
998915.0,1.6199,1.1583,10.2604,-0.0256,0.0226,9.8065,0.1103,-0.0743,0.0249,213.47,-85.18,-146.81,53.051308,-1.758184,3.46,3,353.49,19 / 20,-0.9193791607042903,0.3831227390438048,0.4998594610851709,-21.595055488160913,5.720443331260752,1.753937287335256,False,11.700999999999908,0.42693073623133637,3.143949334401098,-21.64211799841946,17.77217392934475,3.17280555555173,7.733009999977741,1.3463098969356266,2.760826595357293,-0.047062510258548684,12.051730598083997
999014.0,-4.0844,0.9023,7.8198,-0.0533,0.0236,9.8065,-0.1451,0.3743,-0.2245,203.55,-85.48,-155.24,53.051308,-1.758184,3.46,3,353.49,19 / 20,-0.8322892695328336,0.2778484540401632,0.4239710110851354,-21.68176307545769,5.753161405318424,1.7996668957077075,False,11.799999999999955,0.46632512084364963,3.22451033255283,-21.59579831959375,18.0914145645882,3.2580555555530095,8.22899999998519,1.2986143903764833,2.946661878512667,0.08596475586394092,12.338253159269776
999114.0,-6.5682,-0.9179,8.7342,-0.0659,-0.0339,9.8064,-0.064,0.2079,-0.112,200.96,-85.6,-158.44,53.051308,-1.758184,3.46,3,353.49,19 / 20,-0.3239790813248008,0.10248336168778946,0.2710060110851007,-21.739576493000587,5.772177996104825,1.8344157468162272,False,11.899999999999977,0.5339390605302384,3.1723241697982076,-21.5423268288538,18.41387985271282,3.2169444444450517,9.553999999980418,0.8579181418550392,3.0698408081104183,0.19724966414678846,12.641701856607995
999214.0,1.7988,-0.3446,8.5483,-0.0353,0.0165,9.8065,-0.1279,0.4113,0.0193,197.13,-85.58,-163.07,53.051308,-1.758184,3.46,3,353.49,19 / 20,-0.0670024924504452,0.09388399319090428,0.15446601108507418,-21.759125571689353,5.781996363848762,1.8556893479247407,False,12.0,0.5164377905598699,3.2328996992285055,-21.495539274497595,18.736345139422795,3.2738888888888886,9.076,0.5834402830103151,3.1390157060376014,0.2635862971917575,12.954348775574033
999314.0,-3.1301,0.7513,10.3978,-0.0377,0.0065,9.8065,0.0775,0.3042,-0.4254,198.3,-85.53,-161.57,53.051308,-1.758184,3.46,3,353.49,19 / 20,0.0031400945113564532,0.07544558822868014,0.12110601108510455,-21.762318691586305,5.790462842919734,1.869467949033237,False,12.099999999999909,0.4386783097837523,3.2424037052882726,-21.462119592749982,19.069929919265522,3.2719444444461234,7.705000000002701,0.43553821527239583,3.1669581170595924,0.30019909883632323,13.279467076345789
999414.0,-0.0623,0.106,8.1865,-0.0205,0.0178,9.8065,0.1556,0.0797,-0.0128,200.4,-85.44,-162.37,53.051308,-1.758184,3.46,3,353.49,19 / 20,0.15589057970271775,0.007579122453787918,0.06965601108509295,-21.7543671578756,5.794614078453858,1.8790060501417492,False,12.199999999999932,0.4668003078847138,3.3627551906913595,-21.415332038383994,19.414634192216376,3.3949999999945435,7.902999999991221,0.3109097281819961,3.3551760682375718,0.33903511949160503,13.620020113762518
999514.0,-2.7472,2.2449,9.4043,0.0079,0.0421,9.8065,0.0135,0.2389,-0.1917,196.36,-85.17,-163.62,53.051308,-1.758184,3.46,3,353.49,19 / 19,0.27163057194007734,-0.1216333756524183,-0.031468988914929996,-21.732991100293454,5.788911365793925,1.8809154012502578,False,12.299999999999955,0.46003206314664674,3.390881048007403,-21.368544483961447,19.748218972059828,3.4219444444436484,7.726000000005232,0.1884014912065694,3.5125144236598214,0.3644466163320068,13.959307606265902
999614.0,2.3356,1.4636,10.4171,-0.0255,-0.0525,9.8065,-0.1574,0.0022,0.1169,198.08,-85.37,-161.69,53.051308,-1.758184,3.46,3,353.49,19 / 19,0.2521073126221081,-0.2778166400777007,-0.021063988914927632,-21.70680420606534,5.7689388650074145,1.8782887523587644,False,12.399999999999977,0.506591396400476,3.543975896796743,-21.3150729932215,20.11516222917877,3.579999999997664,8.134999999993955,0.2544840837783679,3.821792536874444,0.3917312128438404,14.346223364171358
999715.0,0.4392,-1.5287,9.2052,0.02,-0.0676,9.8063,-0.1706,0.4198,-0.2305,197.92,-85.31,-161.77,53.051308,-1.758184,3.46,3,353.49,19 / 19,0.13417844881545968,-0.20762084617280732,-0.02060948891492762,-21.687296775112742,5.744424271951764,1.8761842417283567,False,12.500999999999976,0.5225116430757175,3.5175729876821027,-21.26106678760054,20.463758324595872,3.5561694444444236,8.449290000000024,0.3883331942602578,3.72519383385491,0.4262299875122011,14.719334052644108
999814.0,1.166,-1.0676,9.7729,-0.066,-0.0197,9.8063,-0.0214,-0.1318,-0.01,198.82,-86.01,-161.42,53.051308,-1.758184,3.46,3,353.49,19 / 19,0.11353768556795248,-0.03727638419855034,-0.05205188891490621,-21.67503482646077,5.732301859048389,1.8725875035257824,False,12.599999999999909,0.5381733555784839,3.7434573885948783,-21.208130011767746,20.849048746247803,3.7819444444465593,8.181000000002266,0.42463567001053143,3.7807337727934285,0.4669048146930237,15.116746887199414
999915.0,-2.0319,-0.9255,9.8136,0.0041,0.0167,9.8066,0.0225,0.0767,-0.0819,198.96,-86.21,-161.33,53.051308,-1.758184,3.46,3,353.49,19 / 19,0.2022724346682992,0.06696060473238571,-0.05340528891490619,-21.65908641538884,5.733800912185348,1.867261916045377,False,12.700999999999908,0.5724880520796647,3.8952887368003952,-21.147239351704105,21.242122811331818,3.9371444444435557,8.36079999993869,0.3702156174113655,3.8283281320680094,0.5118470636847334,15.50832189914647
1000014.0,-1.3988,-0.9771,9.8865,-0.0125,-0.0118,9.8066,0.0107,0.0142,-0.0112,200.77,-86.21,-159.24,53.051308,-1.758184,3.46,3,353.49,19 / 19,0.3477444660682641,0.10277251087340762,-0.04174238557766854,-21.631860578802364,5.742202701407839,1.8625521061579924,False,12.799999999999955,0.6685410482031511,3.900059256380887,-21.07445128494228,21.627413232283942,3.956944444443853,9.72699999995921,0.320796582134887,3.7972867455074795,0.5574092938600828,15.885210530876103
1000115.0,-0.5013,-0.4511,9.855,-0.0042,-0.0025,9.8066,0.0907,0.2147,-0.0481,201.02,-85.66,-158.47,53.051308,-1.758184,3.46,3,353.49,19 / 19,0.47874915865081297,0.15885684292434846,-0.03526828557766852,-21.59012265075405,5.755414983774625,1.8586630672646478,False,12.900999999999954,0.6830556672441443,4.1250808507910195,-21.0067430098027,22.05429055579083,4.181261111109236,9.401689999981128,0.20430650859333138,3.966224007866671,0.5833796409513496,16.298875572016204
1000215.0,2.7431,-0.3311,10.6459,-0.047,0.025,9.8065,0.0591,0.0602,0.0188,197.92,-85.61,-162.08,53.051308,-1.758184,3.46,3,353.49,19 / 19,0.39975787799431634,0.2518309062691507,0.009111714422341613,-21.546197298921783,5.775949371234305,1.8573552387068812,False,13.000999999999976,0.7954275108379014,4.233819392069886,-20.920119194809107,22.488061964510926,4.307911111111094,10.641090000000153,0.3956696328435851,3.9819884858007355,0.6260781041126755,16.712112593276622
1000315.0,-1.8765,-2.1912,9.1237,-0.0408,0.034,9.8064,0.0614,0.1454,-0.1923,202.08,-85.62,-157.18,53.051308,-1.758184,3.46,3,353.49,19 / 19,0.4176140465390537,0.39885174793687783,0.016926714422343385,-21.505328702695106,5.808483503944614,1.8586571601491158,False,13.100999999999999,0.6977416481849855,4.433456716531998,-20.860030607140576,22.93306406059507,4.488061111113833,8.944849999969078,0.2801276016459318,4.03460496859512,0.64529809555453,17.124580556650454
1000414.0,-1.7071,0.2528,9.5317,-0.0036,-0.0161,9.8065,-0.0228,0.0235,-0.0944,203.76,-85.45,-158.4,53.051308,-1.758184,3.46,3,353.49,19 / 19,0.6328822877222078,0.4407492085612944,-0.030489335577624316,-21.453329134149207,5.8500437512912455,1.8579858104019298,False,13.199999999999932,0.5503678858601654,4.648644579304744,-20.807093831272265,23.395412566123596,4.6811111111024655,6.752000000098209,-0.0825144018620424,4.207895370743449,0.6462353028769421,17.54536881483235
1000515.0,-0.8293,-1.7016,9.3262,-0.0021,-0.0078,9.8066,0.001,-0.1305,0.1483,199.35,-85.41,-160.24,53.051308,-1.758184,3.46,3,353.49,20 / 21,0.7905320158496598,0.484146232468899,-0.06863703557762388,-21.38144671181883,5.89675097106327,1.8529799286585897,False,13.30099999999993,0.5599025021768251,4.621949501467553,-20.752753428808784,23.86721263974535,4.655769444438869,6.906339999939693,-0.23062951367283469,4.1378032689986535,0.628693283010044,17.97046166868208
1000615.0,-2.1882,-0.4117,9.623,-0.0152,0.0077,9.8066,-0.0721,-0.0165,-0.0133,194.66,-85.38,-165.79,53.051308,-1.758184,3.46,3,353.49,20 / 21,0.835400206226143,0.4815027537918758,-0.08656573024098668,-21.30015010071502,5.945033420376319,1.8452197903676575,False,13.400999999999954,0.7504087971778562,4.783268804769574,-20.66606277446434,24.345239629027052,4.8417750000002515,8.915990000005962,-0.08499140904828673,4.301766050977698,0.634087326250679,18.400206208650733
1000715.0,3.2425,-0.7277,10.2334,-0.0036,-0.0016,9.8066,0.0873,-0.4154,0.3053,196.7,-85.08,-163.16,53.051308,-1.758184,3.46,3,353.49,20 / 21,0.8150080457413106,0.5790657859397889,-0.07441073024098391,-21.217629688116627,5.998061847362915,1.8371709673435572,False,13.500999999999976,0.7178914614907566,4.773603996826718,-20.59875553551833,24.8125919055941,4.82736111111109,8.550959999999709,-0.09711658425055403,4.194538210886929,0.6188741525982984,18.814530058231185
1000815.0,-4.0627,-0.8044,7.9969,0.0936,0.0346,9.8061,0.2299,-0.1177,0.1295,200.36,-84.6,-161.84,53.051308,-1.758184,3.46,3,353.49,20 / 21,0.8891621035215469,0.6507336923337766,-0.14356073024099958,-21.132421180653466,6.059551821276607,1.8262723943194556,False,13.600999999999999,1.0270638275143282,4.956439451502421,-20.48532913579769,25.312969076065492,5.061738888889765,11.707129999989013,0.13790172399278133,4.305705759168644,0.6470920448557749,19.253417254788886
1000915.0,4.8312,-0.2827,9.882,0.0157,-0.0244,9.8065,-0.1273,-0.5195,0.3006,196.59,-84.2,-162.68,53.051308,-1.758184,3.46,3,353.49,20 / 21,0.880656193690964,0.7234932069314168,-0.23028073024092066,-21.04393026579292,6.128263166239804,1.8075803212953767,False,13.700999999999908,0.9702051567825564,5.032633352415187,-20.391887705738895,25.81356863633401,5.125319444438089,10.912210000070154,0.08954896309159233,4.30914014548377,0.6520425600540243,19.685305470094207
1001014.0,-4.8324,0.0951,10.4747,0.0625,-0.0048,9.8064,-0.0935,-0.022,0.037,197.15,-84.11,-161.85,53.051308,-1.758184,3.46,3,353.49,20 / 21,0.8963801154190096,0.7535353787044332,-0.19348243024090336,-20.955966968491936,6.201376081228813,1.7866040448515166,False,13.799999999999955,0.8556031800803338,5.196984412046611,-20.31248254199633,26.330958628703478,5.266944444440215,9.349000000046672,-0.04077693533867588,4.443449033342177,0.6434844264956041,20.129582547474666
1001114.0,0.9624,1.2545,8.9984,0.001,-0.0224,9.8065,0.0867,-0.4525,0.2066,197.16,-84.15,-165.31,53.051308,-1.758184,3.46,3,353.49,20 / 21,1.0753645809744419,0.6555595041283764,-0.20049243024090488,-20.85737973367224,6.271830825370469,1.7669053018274217,False,13.899999999999977,0.8682639956867734,5.418936372999997,-20.22559136954877,26.88693326200986,5.488055555552288,9.103000000003636,-0.2071005852876685,4.76337686887162,0.6317883641234694,20.61510243663939
1001214.0,-1.7008,1.2296,9.8625,0.0374,0.0145,9.8065,0.0796,-0.1587,0.0806,192.93,-84.02,-167.21,53.051308,-1.758184,3.46,3,353.49,20 / 21,1.093115984888964,0.5549079122669527,-0.23811243024091333,-20.748955705379043,6.332354196190249,1.7449750588033257,False,14.0,0.9368832445066377,5.450059613083394,-20.12533232443943,27.42066891046624,5.53,9.754,-0.15623274038232626,4.895151700816442,0.6236233809396126,21.08831471427599
1001314.0,-0.8626,0.1839,9.2731,-0.0285,0.0273,9.8065,0.0391,-0.0693,-0.0435,194.96,-83.91,-168.05,53.051308,-1.758184,3.46,3,353.49,20 / 21,1.214189118155311,0.4802345550544896,-0.26199743024089156,-20.633590450226933,6.384111319556275,1.7199695657792582,False,14.099999999999909,1.059898813422888,5.527352335589448,-20.01170540662846,27.976643543065805,5.628055555557476,10.855000000001228,-0.1542903047324231,5.0471177805349585,0.6218850435984713,21.59253222350953
1001414.0,5.281,-0.1449,10.9679,-0.0284,-0.003,9.8066,0.046,0.4883,-0.4184,190.22,-83.55,-170.25,53.051308,-1.758184,3.46,3,353.49,20 / 21,1.0069738202106955,0.5387661029364624,-0.23061243024088438,-20.52253230330861,6.4350613524558335,1.6953390727551638,False,14.199999999999932,1.0953193950183195,5.663952192168498,-19.90476242516924,28.54373766946489,5.768888888882645,10.94499999999601,0.08834557480762406,5.125186089232035,0.6177698781393701,22.108676317009056
1001514.0,-0.2064,-0.8477,10.1139,-0.0528,-0.0167,9.8065,-0.1653,0.5842,-0.14,194.71,-82.9,-167.58,53.051308,-1.758184,3.46,3,353.49,20 / 21,0.7811558568439628,0.6557184440412117,-0.15718743024086765,-20.433125819455856,6.494785579804731,1.6759490797310719,False,14.299999999999955,1.1371445229286858,5.6630700067959605,-19.77776763468387,29.099712302065424,5.776111111110898,11.35399999998791,0.355988666084723,5.0073515627547485,0.6553581847719876,22.604926722260693
1001614.0,10.796,1.4564,10.3152,-0.0466,-0.0045,9.8065,-0.3149,0.6143,-0.1908,193.2,-82.82,-169.77,53.051308,-1.758184,3.46,3,353.49,20 / 21,0.27239067647467907,0.7707544460552078,-0.11639743024085832,-20.380448492789913,6.566109224309568,1.6622698367069824,False,14.399999999999977,0.9400619913220265,5.8195625653867005,-19.70424433492289,29.689045414063422,5.894999999998244,9.17600000003219,0.6676713148473474,5.048808119331492,0.6762041578670228,23.122936189753855
1001714.0,-1.8188,0.3488,11.2019,-0.0709,-0.032,9.8063,0.0048,0.9928,-0.6456,193.96,-83.18,-168.62,53.051308,-1.758184,3.46,3,353.49,20 / 21,-0.17323066460233505,0.8086354357765101,-0.02120743024083656,-20.375490492196295,6.645078718401172,1.655389593682896,False,14.5,1.1233635909965094,6.087212353978085,-19.577249544437425,30.28949801778058,6.1899999999999995,10.456,1.2965942555988446,5.278576918201575,0.7982409477588703,23.644419299379408
1001814.0,7.1692,1.4041,10.5981,-0.1396,-0.0166,9.8056,0.099,-0.248,0.0277,191.71,-83.62,-172.03,53.051308,-1.758184,3.46,3,353.49,20 / 21,-0.4422538931409952,0.7983134425122734,0.08812756975906409,-20.406264720083435,6.7254261623155385,1.6587356006588043,False,14.599999999999909,1.174839195600449,6.032780010459823,-19.463622626652942,30.901070114630183,6.146111111111054,11.019999999995989,1.617093088741444,5.23446656794755,0.9426420934304929,24.175643952314644
1001914.0,-8.4895,-0.5258,8.3299,-0.011,0.0166,9.8066,-0.0686,0.8329,-0.4376,192.08,-83.7,-171.39,53.051308,-1.758184,3.46,3,353.49,20 / 21,-0.3751482828248247,0.7639311305432964,0.0538625697590564,-20.447134828881737,6.803538390968335,1.665835107634712,False,14.699999999999932,1.143092585034363,6.034635109158105,-19.349995708823446,31.512642210728668,6.141944444444629,10.726000000013036,1.5182408678591877,5.270703978614809,1.0971391200582907,24.709103819760333
1002014.0,-2.9543,0.9912,10.0709,-0.1029,-0.0283,9.806,0.0301,-0.8011,0.5935,192.43,-83.41,-174.52,53.051308,-1.758184,3.46,3,353.49,20 / 21,0.19094559907345954,0.6452723442406589,-0.006762430240957316,-20.456344963069306,6.8739985647075486,1.6681901146106175,False,14.799999999999955,1.2366722837860011,6.096955397514102,-19.209633045650016,32.11309481444648,6.221111111108771,11.465999999978125,1.0457266847125415,5.4516830532734435,1.2467119174192902,25.239096249738928
1002114.0,-6.6391,1.6556,10.3073,0.0711,-0.0184,9.8064,0.0101,0.2367,-0.1768,195.0,-82.97,-170.92,53.051308,-1.758184,3.46,3,353.49,20 / 21,0.6363022116135613,0.4235450357748236,0.03148256975905142,-20.414982572534946,6.927439433708335,1.6694261215865225,False,14.899999999999977,1.1760178229582423,6.076127694436874,-19.09600612785133,32.7135474181638,6.188888888889365,10.954000000007568,0.539715611344681,5.65258265866205,1.3189764446836172,25.786107984455462
1002214.0,4.0173,-1.0891,9.2624,-0.0592,-0.0047,9.8064,0.1756,-0.8022,0.6009,195.48,-83.19,-170.45,53.051308,-1.758184,3.46,3,353.49,20 / 21,0.769676291685048,0.3877651651108019,0.029302569759050944,-20.34468364737,6.968004943752625,1.6724653785624284,False,15.0,1.2883179890247154,5.911238174795135,-18.928907719300785,33.25840255904633,6.05,12.295,0.5186416973396674,5.5234730096843325,1.4157759280692161,26.290397615293706
1002314.0,6.7305,1.2796,12.3871,-0.0155,0.0497,9.8065,-0.0349,0.0925,-0.5437,188.04,-83.23,-176.35,53.051308,-1.758184,3.46,3,353.49,20 / 21,0.2601597700353582,0.50228264691051,0.13111256975895838,-20.293191844284028,7.01250733435365,1.6804861355383216,False,15.099999999999909,1.0832020916710918,6.076147747862647,-18.848700483197025,33.89221364145364,6.171944444440257,10.107999999996412,0.8230423216357337,5.573865100952137,1.4444913610870032,26.879706307099987
1002414.0,-4.8715,0.9878,7.6103,-0.0341,0.0022,9.8066,0.1165,-0.6191,0.2581,183.66,-83.31,177.65,53.051308,-1.758184,3.46,3,353.49,20 / 21,0.167018928169555,0.4469795158133032,0.1503175697589628,-20.271832909373778,7.059970442489852,1.6945576425142208,False,15.199999999999932,1.0028175480037025,5.778631495914534,-18.748441438068202,34.45930776643807,5.86500000001361,9.84500000001166,0.8357986198341475,5.331651980101231,1.523391471305576,27.39933732394822
1002514.0,-7.0638,-2.9194,7.6153,0.0935,-0.0057,9.8061,-0.1445,0.0272,0.2344,183.68,-83.48,177.64,53.051308,-1.758184,3.46,3,353.49,20 / 21,0.7768917258614483,0.5313060825388219,-0.06906743024108702,-20.224637376672217,7.108884722407469,1.6986201494901154,False,15.299999999999955,0.8522850504224789,6.213766756716221,-18.688286011021958,35.10423834126922,6.271944444432416,7.8100000000601515,0.07539332456103065,5.682460674177399,1.5363513656502583,27.995353618861756
1002614.0,1.685,0.3849,11.7062,0.0234,-0.0267,9.8065,-0.0918,-0.4029,0.3015,189.29,-83.58,-178.65,53.051308,-1.758184,3.46,3,353.49,20 / 21,1.0618513682622537,0.6746176758925149,-0.08365743024109022,-20.13270022196601,7.169180910329049,1.6909839064660048,False,15.399999999999977,0.9899941544426866,5.797187203762807,-18.5612912205111,35.660212974579224,5.881111111116887,9.6909999999722,-0.07185721381956711,5.122569527870292,1.57140900145491,28.491032064250174
1002714.0,6.5908,-1.2094,11.0247,0.0527,0.0086,9.8065,0.0979,-0.6482,0.4209,188.25,-83.7,-179.56,53.051308,-1.758184,3.46,3,353.49,20 / 21,0.6685570025544136,0.8016950293782014,0.0722225697589453,-20.046179803425158,7.242996545592602,1.6904121634418974,False,15.5,1.0940708873841525,6.02028322655557,-18.44098036635564,36.249546085870385,6.118888888888888,10.3,0.42551388482973884,5.218588197177368,1.605199437069519,29.00654954027778
1002814.0,6.1899,-1.2626,10.3236,0.0624,0.0323,9.8063,0.1312,-1.0186,0.7637,185.55,-83.48,-179.93,53.051308,-1.758184,3.46,3,353.49,20 / 21,0.0587411398120633,1.0272511613499395,0.15897256975886648,-20.009814896306867,7.334443855128926,1.7019719204177775,False,15.599999999999909,1.0562478812471432,5.555480664481603,-18.320669512227255,36.78328173361942,5.655000000006018,10.764999999993357,0.9975067414350799,4.528229503131664,1.6891453840796125,29.448837878490494
1002914.0,11.0858,-0.4418,11.5933,0.1768,0.01,9.805,0.3887,-1.2116,0.616,191.79,-82.95,-175.12,53.051308,-1.758184,3.46,3,353.49,20 / 21,-0.7709291665055135,1.2802173504988108,0.27415256975889274,-20.04542429764155,7.44981728072139,1.7236281773936704,False,15.699999999999932,1.0876950722495993,5.9982905988771265,-18.22041046709844,37.38373433729305,6.096111111091553,10.278000000021592,1.8586242387551128,4.718073248378316,1.82501383054311,29.93391705657166
1003014.0,-11.9684,3.3369,9.6794,0.1363,0.0148,9.8056,0.0792,-1.1122,0.7356,186.22,-82.92,-178.91,53.051308,-1.758184,3.46,3,353.49,20 / 21,-0.7216897029528857,1.2096640815017772,0.3571225697589116,-20.120055241114486,7.574311352321447,1.7551919343695677,False,15.799999999999955,0.9407263166167202,5.764860189948941,-18.14020323099397,37.96194795545272,5.841111111118647,9.268000000029854,1.6624160195696058,4.555196108447164,1.979852010120517,30.387636603131273
1003114.0,11.4013,-5.4617,9.9455,0.12,-0.0688,9.8056,-0.0737,-1.7889,0.9427,185.36,-83.04,175.84,53.051308,-1.758184,3.46,3,353.49,20 / 21,-0.6778532865276325,1.3299529804144095,0.35770256975891174,-20.190032390588527,7.701292205417285,1.790933191345467,False,15.899999999999977,0.7996295318480214,6.0574493486737016,-18.073363867578358,38.57352005300936,6.109999999996026,7.520000000025834,1.477482818375654,4.727496368259292,2.116668523010169,30.872227847592075
1003214.0,-8.2272,1.0996,10.7007,0.1428,-0.0363,9.8055,-0.0351,0.7027,-0.5571,187.67,-83.59,-177.55,53.051308,-1.758184,3.46,3,353.49,20 / 21,-0.8101707608900524,1.5714286741131396,0.40934756975892345,-20.264433592959428,7.8463612881436955,1.8292856983213674,False,16.0,0.878028698144999,5.873624676449943,-17.973104822456026,39.162853164301346,5.938888888888888,8.502,1.6881994590350513,4.302196002336803,2.2913287705034016,31.31649187615765
1003314.0,-4.3443,-1.1948,9.7956,-0.0552,0.0013,9.8064,0.0304,-0.6221,0.4707,188.49,-83.52,-179.66,53.051308,-1.758184,3.46,3,353.49,20 / 21,-0.17607030026131942,1.5145163539837716,0.45349756975888333,-20.31374564601695,8.0006585395484,1.8724279552972185,False,16.09999999999991,0.9324043467149907,6.123306435423122,-17.879529713690495,39.76330576801768,6.19388888888616,8.658000000015198,1.10847464697631,4.60879008143935,2.434215932326456,31.76264722846928
1003415.0,-6.7203,3.5128,9.1865,0.0518,0.0363,9.8064,-0.0195,1.0064,-0.6029,188.33,-83.05,179.78,53.051308,-1.758184,3.46,3,353.49,20 / 21,0.3702689199284649,1.3427698438607731,0.4216219697588837,-20.30393861572376,8.144951492539548,1.9166214920428652,False,16.200999999999908,1.0174417271275795,5.911255886778113,-17.76490020542236,40.34774630202493,5.998180555536489,9.766420000024791,0.6471728071991146,4.56848604291734,2.539038410301398,32.20279480948538
1003514.0,1.0162,-2.4722,8.3488,-0.0911,-0.0225,9.8062,0.0585,0.5991,-0.294,188.05,-82.63,179.57,53.051735,-1.75806,8.64,3,16.8,19 / 21,0.6516055816601015,1.2759289237860139,0.3187609697588356,-20.253355827895103,8.274577081538125,1.9532704475490095,False,16.299999999999955,1.0284749797355064,6.340179956881987,-17.66564375073758,40.96421097540828,6.42305555554287,9.214000000016494,0.37686939807540487,5.064251033095973,2.587712077157523,32.68963389387015
1003614.0,1.3006,1.0437,10.381,-0.0391,0.0008,9.8065,0.0249,0.3315,-0.2114,187.51,-82.96,179.26,53.051735,-1.75806,8.64,3,16.8,19 / 21,0.5572845581802213,1.3877135971383057,0.27458596975882565,-20.19291132090307,8.407759207584371,1.9829377945248994,False,16.399999999999977,1.0205268340373546,6.17118708037933,-17.558700769270775,41.564663579126254,6.255000000002483,9.3899999999974,0.4632422758571333,4.783473483241024,2.6342105516322967,33.156904371541884
1003715.0,-5.5183,-1.9547,10.1738,-0.0489,0.0223,9.8065,-0.0023,0.6886,-0.3199,191.95,-83.12,-175.36,53.051735,-1.75806,8.64,3,16.8,19 / 21,0.7892867208467199,1.4083087858080852,0.32213171975882526,-20.12490947131221,8.548958337923162,2.0130720378455407,False,16.500999999999976,1.1019008677115794,6.118657803473903,-17.430502870269592,42.17167668422334,6.217086111111075,10.208839999999993,0.31261414686485944,4.710349017665818,2.694406601042619,33.62271834630018
1003816.0,-0.5921,1.4705,10.902,-0.0777,-0.0341,9.8062,-0.1467,-0.3813,0.4602,192.89,-83.12,-177.78,53.051735,-1.75806,8.64,3,16.8,19 / 21,1.1070645431159272,1.392991821729093,0.3959879697588246,-20.029143732482098,8.690424018603789,2.049337082166182,False,16.601999999999975,1.181751086147516,6.5118475831570946,-17.309256265000776,42.834732031866544,6.618211111112491,10.28601999999607,0.07468654303158884,5.1188557614280015,2.719887467481321,34.14430801326276
1003914.0,-4.74,2.2664,12.3327,0.0545,-0.0011,9.8064,0.254,0.3885,-0.4217,195.61,-82.67,-174.64,53.051735,-1.75806,8.64,3,16.8,19 / 21,1.3256060805621936,1.1705633818746548,0.5734365697587456,-19.909942871921924,8.816038223580316,2.0968388846025214,False,16.699999999999932,1.166300023946711,6.619144870901414,-17.204452143183826,43.49945530358025,6.721111111106455,9.993000000013257,-0.1593060566154827,5.4485814890267585,2.7054907287380985,34.683417079999934
1004014.0,2.4221,-1.9998,6.8004,-0.1086,0.0618,9.8058,0.2626,-0.4483,-0.0341,194.19,-82.69,-175.89,53.051735,-1.75806,8.64,3,16.8,19 / 21,1.443528797429398,1.148357033144778,0.5494265697587402,-19.771486128022314,8.931984244331314,2.1529820415784084,False,16.799999999999955,1.2092841158923002,6.738461936724061,-17.07745735269846,44.188863848824305,6.846111111107416,10.173999999994649,-0.23424468153709777,5.590104903579283,2.6940287753238543,35.256879604492994
1004114.0,-1.988,-1.5299,9.5819,0.0055,0.0571,9.8064,-0.0077,0.1783,-0.0505,196.54,-83.36,-173.27,53.051735,-1.75806,8.64,3,16.8,19 / 21,1.4809432948348933,1.343986907398707,0.38787656975870344,-19.625262523409067,9.056601441358517,2.1998471985542913,False,16.899999999999977,1.4566067424330915,7.0102708077385625,-16.91704288049229,44.889391885786864,7.159999999995361,11.737999999976886,-0.02433655240180177,5.666283900339856,2.7082196429167773,35.83279044442835
1004214.0,0.0951,-0.5465,12.0285,-0.029,-0.014,9.8065,-0.0625,-0.1642,0.0379,194.8,-83.28,-174.85,53.051735,-1.75806,8.64,3,16.8,19 / 21,1.613767785392499,1.4405546990173146,0.4877315697587261,-19.47052696939766,9.19582852167935,2.2436276055301727,False,17.0,1.5679142320574486,6.907338196729484,-16.74994447195434,45.56768093860608,7.083055555555555,12.789,-0.04585355333505037,5.466783497712169,2.7205824974433206,36.37185241692673
1004314.0,-0.0769,0.6883,11.9368,0.0421,0.0199,9.8065,0.1672,-0.1667,0.2062,196.42,-82.77,-173.47,53.051735,-1.75806,8.64,3,16.8,19 / 21,1.6234634186646995,1.458006491590887,0.7053315697585283,-19.308665409194948,9.340756581209627,2.303280762505981,False,17.09999999999991,1.4903337576152473,7.060535734547234,-16.60958180877952,46.27932846870083,7.216111111111452,11.919000000010069,-0.13312966104945212,5.602529242956347,2.6990836004154275,36.93857188749121
1004414.0,1.496,3.8482,9.1373,0.0241,0.0182,9.8065,-0.0162,0.1328,0.1447,195.32,-82.52,-174.27,53.051735,-1.75806,8.64,3,16.8,19 / 21,1.507906766332599,1.2819557643859947,0.7783715697585449,-19.152096899945047,9.477754694008501,2.3774659194818515,False,17.199999999999932,1.5866289072447048,7.0651467666380325,-16.442483400253632,46.96873701389522,7.241111111110003,12.65699999996728,0.07872214091210594,5.783191002252038,2.7096134996914145,37.49098231988672
1004514.0,-2.4945,-1.4509,8.4344,-0.0373,-0.0546,9.8064,-0.1014,0.0151,-0.1324,193.05,-82.79,-174.14,53.051735,-1.75806,8.64,3,16.8,19 / 21,1.53556551124637,1.182893559739177,0.6762915697585218,-18.999923286066064,9.600997160214789,2.4501990764577215,False,17.299999999999955,1.6728042418732927,7.25264103422803,-16.275384991675725,47.69150403782991,7.443055555549586,12.987999999990215,0.1372387306269227,6.069747474488853,2.7245382943903387,38.09050687761512
1004614.0,0.8098,-1.4088,11.0147,0.0146,-0.0368,9.8065,0.1206,-0.0983,0.1336,197.34,-83.54,-172.36,53.051735,-1.75806,8.64,3,16.8,19 / 21,1.6689656675070845,1.328706956809817,0.66808156975852,-18.839696727128356,9.726577186042267,2.517417733433589,False,17.399999999999977,1.762680592119504,7.442157678454754,-16.09491871047629,48.46986852389272,7.648055555552526,13.324999999995018,0.09371492461241937,6.113450721644936,2.7447780166520666,38.74329133785045
1004714.0,-2.2029,0.5212,8.1316,0.0102,-0.0045,9.8066,-0.1868,0.0743,-0.1097,196.16,-83.96,-174.2,53.051735,-1.75806,8.64,3,16.8,19 / 21,1.7636765804877879,1.3759751116201786,0.6447315697585148,-18.66806461472857,9.861811289463798,2.5830583904094557,False,17.5,2.027673777003631,7.493568616666814,-15.887716683886849,49.22599402510619,7.763055555555555,15.140999999999998,0.26399719651584297,6.117593505046636,2.7803479308417227,39.36418273564239
1004815.0,0.8114,0.1011,11.0239,-0.0101,0.0114,9.8065,-0.0901,0.1961,-0.107,200.27,-83.82,-172.45,53.051735,-1.75806,8.64,3,16.8,19 / 21,1.8375575595671605,1.3526441988945894,0.621612669758515,-18.486202290655797,9.999606564644793,2.647008774505065,False,17.601,1.856902218638018,7.69847335481465,-15.705445739874795,50.012364547294005,7.91925555555723,13.560999999994415,0.019344659070857473,6.34582915592006,2.7807565507810015,40.01275798264921
1004914.0,-2.0003,0.3218,9.1624,0.0052,0.0209,9.8066,0.1849,0.2843,-0.1133,197.48,-83.64,-172.25,53.051735,-1.75806,8.64,3,16.8,19 / 21,1.9023483606067497,1.3398114602543822,0.6499761697584958,-18.301076947607314,10.132883119772577,2.7099524220611144,False,17.699999999999932,1.8307162012668354,7.826801090134524,-15.526784121460661,50.804961983442226,8.038055555550235,13.165000000017734,-0.07163215933991429,6.486989629880142,2.7742928261466524,40.67207886366965
1005014.0,3.1561,-1.5989,14.3852,-0.0288,-0.0531,9.8064,0.1004,-0.2538,-0.0059,199.14,-84.27,-170.68,53.051735,-1.75806,8.64,3,16.8,19 / 21,1.8845071385861853,1.4449503542086555,0.8466911697585405,-18.111734172647623,10.272121210495762,2.784785789036983,False,17.799999999999955,2.057976325031285,7.789678249225981,-15.319582094898587,51.58332646950767,8.056944444443886,14.7989999999517,0.17346918644509968,6.344727895017325,2.7921520777490354,41.311205259011906
1005114.0,7.9099,-2.9601,14.9597,0.0517,0.0627,9.8063,0.0331,-0.7271,0.6074,206.85,-84.65,-164.4,53.051735,-1.75806,8.64,3,16.8,19 / 21,1.4919087216922462,1.90484808017626,1.3332711697586512,-17.942913379633662,10.439611132215045,2.8937839060128674,False,17.899999999999977,2.078913689876521,7.965113132054131,-15.112380068268891,52.39504943497008,8.231944444441858,14.628000000002528,0.5870049681842746,6.060265051877871,2.8305333113647713,41.95543830275504
1005214.0,-12.7304,1.7261,10.3982,0.1286,0.0564,9.8056,0.2225,0.2887,-0.173,201.22,-84.36,-164.31,53.051735,-1.75806,8.64,3,16.8,19 / 21,1.7847174357127402,1.926361513647948,1.6205011697587166,-17.779082071763376,10.6311716119063,3.0414725229887694,False,18.0,2.0604041459933895,7.858263512646136,-14.911861978023136,53.18453341346052,8.123888888888889,14.692,0.2756867102806493,5.931901998998188,2.86722009374024,42.55336180155422
1005314.0,9.2026,-7.308,8.2849,0.0424,0.0436,9.8064,-0.1422,-0.9549,1.0133,200.54,-83.9,-168.56,53.051735,-1.75806,8.64,3,16.8,19 / 21,2.05966255292423,2.14172345773249,1.573991169758759,-17.586863072331703,10.834575860475137,3.201197139964498,False,18.09999999999991,2.1931541533825865,8.082740863068473,-14.691292078745104,53.996256378215676,8.37500000000097,15.181000000007543,0.13349160045835662,5.941017405335983,2.895570993586599,43.161680517740535
1005415.0,-5.1541,2.1312,9.6872,0.268,-0.0907,9.8025,-0.0634,-0.1933,0.4943,206.26,-83.36,-160.48,53.051735,-1.75806,8.64,3,16.8,19 / 21,1.9563806239704182,2.4607731562626682,1.4911105697587599,-17.384052891898524,11.06700193948189,3.3559847778101313,False,18.200999999999908,2.290657772817928,8.131143133698293,-14.461698865420084,54.81631896240758,8.4476388888821,15.733290000003157,0.3342771488475096,5.670369977435625,2.9223540264784393,43.74931702292569
1005515.0,8.0238,-3.4875,10.1456,0.0968,-0.1289,9.8053,-0.3252,-1.1988,0.6535,209.14,-84.23,-158.11,53.051735,-1.75806,8.64,3,16.8,18 / 21,1.892903294080747,2.6194379524632168,1.5020855697587625,-17.19158869599592,11.321012494918243,3.5056445847860416,False,18.30099999999993,2.3223537491053037,8.27901984708466,-14.227694254103575,55.65016971709104,8.598580555556468,15.669399999981025,0.4294504550245566,5.659581894621443,2.9638944418923465,44.329157222172796
1005615.0,-12.7421,0.827,5.7768,0.0962,0.012,9.8061,-0.2243,0.171,-0.2004,205.33,-84.5,-159.17,53.051735,-1.75806,8.64,3,16.8,18 / 21,2.2034543878659885,2.677878682509943,1.3175405697587206,-16.986770811898538,11.585878326666961,3.6466258917619476,False,18.400999999999954,2.4039217134658357,8.223994072861885,-13.98720622453255,56.473012174279845,8.568144444444311,16.293960000013442,0.20046732559984726,5.546115390351941,2.999564587365988,44.88713384761289
1005715.0,-7.9231,3.8672,11.1415,-0.0317,0.0232,9.8065,0.1805,-0.3755,0.2065,205.49,-85.24,-163.27,53.051735,-1.75806,8.64,3,16.8,18 / 21,3.053227412010802,2.0442029072588057,1.18279056975869,-16.72393672190464,11.821982406155453,3.7716424487378464,False,18.500999999999976,2.2793894877855694,8.270037991450195,-13.759818710170409,57.29607702200325,8.578424999999985,15.409109999999908,-0.7738379242252327,6.22583508419139,2.9641180117342305,45.474094615847804
1005814.0,-7.6284,0.7512,9.6383,0.0181,-0.0356,9.8066,-0.0338,0.7684,-0.8936,205.94,-85.05,-159.04,53.051735,-1.75806,8.64,3,16.8,18 / 21,3.6653315947792393,1.5250069473120025,1.2405323197586509,-16.39136805106876,11.998658293956588,3.891596931768873,False,18.59999999999991,2.464890016528912,8.369584350877709,-13.521603218969217,58.132707648915115,8.725000000002346,16.409999999997886,-1.2004415782503273,6.844577403565706,2.869764832099543,46.13404935495853
1005914.0,3.2514,-2.1028,11.5164,-0.1128,0.0221,9.8059,0.1342,-0.0631,0.3594,204.94,-84.63,-160.09,53.051735,-1.75806,8.64,3,16.8,18 / 21,3.9060598269288396,1.5095604679826915,1.3176023197586684,-16.01279847998327,12.150386664721356,4.019503663744768,False,18.699999999999932,2.4903685696775595,8.541292925228436,-13.274297574345587,58.988908584018844,8.896944444436821,16.25500000000687,-1.41569125725128,7.031732457245745,2.738500905637684,46.83852191929749
1006014.0,3.6694,-0.9992,10.2095,0.056,0.0033,9.8064,0.0848,0.9558,-0.3912,196.53,-84.76,-170.21,53.051735,-1.75806,8.64,3,16.8,18 / 21,3.656706940004807,1.7961123705974638,1.4232323197586925,-15.634660141636502,12.315670306650402,4.156545395720667,False,18.799999999999955,2.4333891479998506,8.631606901492301,-13.033675866047847,59.85622901302469,8.968055555553454,15.744000000015106,-1.2233177920049565,6.835494530894837,2.6009842755886545,47.540558706374284
1006114.0,0.5201,-2.3214,10.4141,-0.0924,0.016,9.8061,0.031,0.4764,-0.1959,194.48,-84.46,-173.01,53.051735,-1.75806,8.64,3,16.8,18 / 21,3.5121857994517116,2.0390333203278153,1.473747319758704,-15.276215504663595,12.50742759119671,4.30139437769657,False,18.899999999999977,2.6055245614373854,8.584408909624848,-12.773002348718459,60.72354944061637,8.971111111111066,16.883999999983153,-0.9066612380143262,6.5453755892970324,2.5032131559451365,48.21612184941966
1006214.0,-1.0691,-3.1407,9.982,-0.0243,0.0311,9.8065,-0.0078,0.266,-0.0381,190.49,-84.05,-174.08,53.051735,-1.75806,8.64,3,16.8,18 / 21,3.6092044020305147,2.327193789519923,1.512887319758713,-14.920145994589403,12.725738946689146,4.450726109672475,False,19.0,2.692708731886464,8.56153868677952,-12.505644895044396,61.579750375075236,8.975,17.459,-0.9164956701440508,6.2343448972595965,2.4145010995450065,48.85401142838609
1006314.0,-4.8691,-0.206,8.2574,-0.0093,0.012,9.8066,-0.0996,0.458,-0.2493,189.83,-83.97,-174.6,53.051735,-1.75806,8.64,3,16.8,18 / 21,3.9430175568616694,2.4655359932441447,1.4441923197587754,-14.542534896645137,12.965375435827132,4.598580091648215,False,19.09999999999991,2.5988588706425984,8.702163378294653,-12.251655314058606,62.458190295799206,9.081944444448578,16.628000000006015,-1.344158686219071,6.236627385050508,2.2908795825865305,49.49281485997207
1006415.0,-2.598,-2.5726,9.4,-0.0361,-0.0197,9.8065,0.0099,-0.1716,0.2064,189.08,-83.91,-175.77,53.051735,-1.75806,8.64,3,16.8,18 / 21,4.347950235137516,2.5668549236848763,1.3454193697587764,-14.12384102314918,13.219511177132047,4.73945548196885,False,19.200999999999908,2.7548424917755225,8.971235513442778,-11.97487351018653,63.367764796148755,9.384680555556974,17.070419999993693,-1.5931077433619931,6.404380589757902,2.148967512962651,50.14825361901671
1006515.0,-5.9305,-0.5323,9.0987,0.0358,-0.0514,9.8064,-0.1577,0.2968,-0.126,186.05,-84.08,-175.93,53.051735,-1.75806,8.64,3,16.8,19 / 20,4.804072419631027,2.694131201353536,1.2896893697587637,-13.66623989041065,13.482560483384027,4.871210918944757,False,19.30099999999993,2.7669597009086404,8.933272949547302,-11.7008321201553,64.25721301437515,9.351975000003202,17.209640000004033,-2.037112718722387,6.239141748193766,1.96540777025535,50.774652530991126
1006618.0,2.7459,-0.1211,10.9995,-0.0444,-0.0302,9.8065,0.0811,-0.5043,0.3419,185.56,-84.71,-176.63,53.051735,-1.75806,8.64,3,16.8,19 / 20,4.979895404955554,2.735729613395516,1.3146617197587795,-13.16236554744412,13.762198315343781,5.005335000054996,False,19.403999999999996,2.7189889062639954,8.838698063608378,-11.418302131009465,65.16245091239051,9.24747777777691,17.09895999999161,-2.260906498691559,6.102968450212862,1.7440634164346545,51.40025259704673
1006714.0,-0.7836,-1.0807,10.1198,0.0505,0.0196,9.8065,0.0036,-0.1176,0.0655,187.58,-85.01,-174.26,53.051735,-1.75806,8.64,3,16.8,19 / 20,4.902453772118285,2.8254319056132404,1.3869497197587823,-12.688012786944558,14.029134068256212,5.135012349151843,False,19.5,2.8255950861706842,8.867650607741794,-11.148805817714251,66.01642794833562,9.306944444444445,17.674,-2.076858685947601,6.042218702128554,1.5392069692303068,51.987293880079406
1006814.0,-3.8002,2.0915,10.0367,0.0321,0.0303,9.8065,0.0202,-0.1469,0.247,188.98,-84.9,-172.45,53.051735,-1.75806,8.64,3,16.8,19 / 20,5.129969783974333,2.7663004616749,1.4141097197587578,-12.186391609140383,14.308720686620365,5.275065321127593,False,19.59999999999991,2.8413906330169763,9.055809703946865,-10.868080491365156,66.92822634775102,9.491111111113117,17.420000000003643,-2.2885791509573563,6.289509242271965,1.3183111177752274,52.61950566113066
1006914.0,-1.2715,0.0583,9.4822,0.0697,0.0222,9.8063,0.0444,-0.1705,0.1445,187.33,-84.82,-174.51,53.051735,-1.75806,8.64,3,16.8,19 / 20,5.37414814162199,2.647793553675454,1.4093897197587568,-11.661185712860448,14.579425387387944,5.416240293103501,False,19.699999999999932,2.928204171205483,9.182468906758382,-10.573987292348962,67.85114423881848,9.638055555549041,17.686999999988164,-2.4459439704165065,6.534675353082928,1.087198420511486,53.271718851430535
1007014.0,-4.7247,0.4998,9.6526,0.0629,-0.0136,9.8064,-0.0215,-0.1451,0.0974,190.44,-84.74,-166.98,53.051735,-1.75806,8.64,3,16.8,19 / 20,5.675085019592889,2.594717106167117,1.3854647197587515,-11.108724054799579,14.841550920380133,5.555983015079408,False,19.799999999999955,2.8476230125857223,9.219116007964605,-10.293261966012421,68.78518162237826,9.648888888888568,17.16500000001543,-2.827462007007167,6.624398901797488,0.8154620887871573,53.94363070199813
1007114.0,-0.0926,0.8344,7.855,0.0193,-0.0346,9.8065,-0.2276,-0.2386,0.1724,187.94,-84.92,-170.26,53.051735,-1.75806,8.64,3,16.8,19 / 20,5.912296892350448,2.5106306399810276,1.2801797197587277,-10.52935495920228,15.096818307687599,5.689265237055313,False,19.899999999999977,2.937829465658983,9.175018972959498,-9.999168766975227,69.69698002038056,9.633888888889109,17.75499999999128,-2.974467426691465,6.66438833297847,0.5301861922270525,54.600161712692966
1007214.0,-0.3819,0.5724,9.7113,0.1107,-0.0561,9.8058,-0.0968,-0.6191,0.454,195.01,-84.93,-165.1,53.051735,-1.75806,8.64,3,16.8,19 / 20,5.93372344410097,2.4608549770410657,1.1778297197587044,-9.937053942379574,15.34539258853876,5.812165709031213,False,20.0,2.9319347426906943,9.189734394012945,-9.71175950426843,70.61989791151501,9.64611111111111,17.695,-3.0017887014102755,6.728879416971878,0.2252944381111437,55.27450532297625
1007314.0,6.867,-2.8544,9.7419,0.1664,-0.0018,9.8052,0.0125,-0.8235,0.6402,196.98,-84.42,-162.31,53.051735,-1.75806,8.64,3,16.8,19 / 20,5.671564801563563,2.688861261593952,1.1698247197587117,-9.356789530096876,15.602878400470276,5.929548431006976,False,20.09999999999991,2.8720476501725076,9.296463967291183,-9.424350241588906,71.5539352957817,9.730000000000256,17.167999999989384,-2.7995171513910555,6.607602705697231,-0.06756071149203002,55.951056895311424
1007414.0,-8.3412,2.1916,10.2249,0.064,0.0084,9.8064,-0.0683,-0.6287,0.451,192.15,-84.26,-164.85,53.051735,-1.75806,8.64,3,16.8,19 / 20,5.7824208753882225,2.754863575923464,1.1874997197587158,-8.784090246249157,15.875064642346208,6.047414652982875,False,20.199999999999932,2.750883174841015,9.352725609482015,-9.156992787947482,72.4990921724062,9.74888888888805,16.390000000034494,-3.0315377005472075,6.597862033558551,-0.37290254169832515,56.62402753005998
1007514.0,-10.1288,-4.216,9.418,0.171,-0.1009,9.8046,-0.3934,0.296,0.437,191.04,-84.2,-169.61,53.051735,-1.75806,8.64,3,16.8,19 / 19,6.716156065923327,2.694671895736717,1.1889797197587162,-8.159161399183438,16.14754141592928,6.1662386249587735,False,20.299999999999955,2.8345628617585352,9.141740604724783,-8.86958352525496,73.41089057111662,9.571111111116366,17.22699999997526,-3.881593204164792,6.447068708988066,-0.7104221260715224,57.26334915518734
1007614.0,-1.7951,0.1634,11.5125,0.0085,-0.0466,9.8065,-0.2144,-1.066,0.8541,199.46,-84.52,-162.87,53.051735,-1.75806,8.64,3,16.8,19 / 19,7.348664698896139,2.7909234248649515,1.254839719758731,-7.455920360942304,16.421821181959423,6.288429596934674,False,20.399999999999977,2.740695251133131,9.15669239100595,-8.602226071580207,74.32268896911827,9.558055555555748,16.663000000008335,-4.607969447763008,6.365768966140999,-1.1463057106379022,57.90086778715885
1007714.0,8.1225,-1.0033,10.0104,0.1526,0.0328,9.8053,0.2505,-0.2456,0.2883,194.47,-84.42,-165.43,53.051735,-1.75806,8.64,3,16.8,19 / 19,7.0637662643737436,2.926946298922316,1.3503197197587529,-6.735298812778646,16.707714668148853,6.418687568910578,False,20.5,2.504102031956987,9.162879631262525,-8.354920426938287,75.23448736711991,9.498888888888889,15.285,-4.559664232416757,6.23593333234021,-1.619621614159641,58.52677269897106
1007814.0,8.4433,-2.2341,10.0328,-0.0496,-0.0121,9.8064,-0.1425,-0.6602,0.6799,194.85,-84.3,-164.9,53.051735,-1.75806,8.64,3,16.8,19 / 19,6.316578861813419,3.3173075225318382,1.3718147197587334,-6.066281556469897,17.019927359221278,6.554794290886328,False,20.59999999999991,2.4373656760515656,9.373285099748616,-8.11429871864066,76.17964424381162,9.684999999998201,14.576000000026495,-3.879213185761853,6.055977577216778,-2.048017162170763,59.159716884590345
1007915.0,-2.2023,-0.3514,9.0275,0.108,0.0239,9.806,0.0414,0.0449,-0.0371,200.58,-84.12,-157.55,53.051735,-1.75806,8.64,3,16.8,19 / 19,6.058053173559921,3.5367760639458266,1.3438882197587336,-5.4413626386835485,17.366058580338397,6.691937289331959,False,20.700999999999908,2.714859693646356,9.15914157191191,-7.83765059348145,77.10067182136488,9.553036111111195,16.510340000034034,-3.343193479913565,5.622365507966084,-2.3962879547979012,59.73461324102649
1008014.0,-14.0238,-0.7581,6.7773,0.0749,-0.0609,9.8061,0.4444,-1.5228,0.7521,201.41,-84.37,-153.16,53.051735,-1.75806,8.64,3,16.8,19 / 19,6.8415814652178275,3.3186087502190196,1.1553674697586453,-4.802830724063751,17.705400128639717,6.815650445963127,False,20.799999999999955,2.5928787745084088,9.192426399895433,-7.579583811298397,78.01436053358837,9.551111111111167,15.752000000022642,-4.248702690709418,5.873817649676414,-2.7767530872346455,60.30896040494866
1008114.0,7.1326,2.433,12.6405,0.0332,0.0551,9.8064,0.1858,-1.2529,0.3456,201.42,-84.25,-156.62,53.051735,-1.75806,8.64,3,16.8,19 / 19,7.147501933054192,3.1373766012957343,1.1455924697586433,-4.103376554149992,18.028199396215527,6.9306984429390175,False,20.899999999999977,2.331094276218842,9.11267939247218,-7.3523299757148965,78.92615893229767,9.406111111113251,14.349000000020736,-4.81640765683535,5.9753027911764445,-3.248953421564905,60.89795953608214
1008214.0,-3.6625,-0.2288,10.2277,0.0574,0.0274,9.8064,0.0831,-0.0909,0.0032,199.22,-84.0,-159.16,53.051735,-1.75806,8.64,3,16.8,19 / 19,6.963032488568842,3.127627208627862,1.3083374697586803,-3.3978498330686793,18.34144958671178,7.053394939914911,False,21.0,2.395639713241729,9.12579505382074,-7.118392203748444,79.8379573302993,9.435,14.709,-4.5673927753271135,5.998167845192878,-3.7205423706797647,61.49650774358753
1008315.0,7.5781,-1.0293,12.457,0.0915,0.0453,9.806,0.0106,-0.4579,0.3438,191.51,-84.29,-165.48,53.051735,-1.75806,8.64,3,16.8,19 / 19,6.790211268867837,3.2291086138872878,1.463443169758679,-2.7033110233181334,18.662464745748792,7.193369862210536,False,21.101,2.5425227388483718,9.061432921561297,-6.862531120588237,80.75898490791887,9.411536111110543,15.673279999952925,-4.247688530019465,5.832324307674009,-4.1592200972701034,62.09652016217008
1008415.0,-6.1713,-2.4245,7.1295,0.0359,0.0384,9.8064,-0.3123,-0.0347,-0.123,192.39,-84.2,-164.33,53.051735,-1.75806,8.64,3,16.8,19 / 19,6.768384214792625,3.432061729239192,1.4621031697586802,-2.025381249135727,18.995523262904815,7.339647179186271,False,21.200999999999908,2.0028530688547463,9.153524289972964,-6.675113545592191,81.68156921420761,9.370088888893429,12.342269999967701,-4.765531145937878,5.721462560733771,-4.649732296456463,62.6860459513028
1008515.0,3.3268,1.4584,9.157,0.1025,-0.027,9.806,-0.0085,-0.4678,0.6892,198.22,-84.5,-157.24,53.051735,-1.75806,8.64,3,16.8,18 / 19,6.928183081863561,3.4909601830294843,1.2957631697586425,-1.3405528843027619,19.341674358518326,7.4775404961621685,False,21.30099999999993,2.0949679695430943,9.029082751038029,-6.461227582671198,82.57123982228185,9.268938888888743,13.06287999999739,-4.833215112320467,5.538122568008545,-5.120674698368436,63.22956546376353
1008614.0,2.3948,-5.5968,11.5465,0.0807,-0.0029,9.8063,-0.1445,0.3784,-0.1439,204.22,-84.57,-153.61,53.051735,-1.75806,8.64,3,16.8,18 / 19,6.77018814906267,3.797408135298254,1.3497280697586678,-0.6624835083715958,19.70244859027572,7.608492312518337,False,21.399999999999977,2.1098206227489253,9.030707174041176,-6.249480479353318,83.46291193880229,9.273888888888814,13.1499999999987,-4.6603675263137445,5.233299038742922,-5.586996970981723,63.76046334852657
1008715.0,-3.3755,-5.48,9.0394,-0.0662,-0.0263,9.8064,-0.1403,0.4555,-0.1153,204.34,-84.43,-153.18,53.051735,-1.75806,8.64,3,16.8,18 / 19,7.0621912641590345,4.308516536393949,1.3988443697586674,0.03605165199609406,20.11179778619617,7.747295220713961,False,21.500999999999976,1.7846699689706986,9.117255039281948,-6.074027150358718,84.3839395164293,9.290288888888886,11.075420000000051,-5.277521295188336,4.808738502888,-6.1100788023548125,64.27214173023313
1008815.0,-3.6939,0.0081,10.2664,0.0389,-0.0283,9.8065,0.2271,-0.9466,0.8192,200.97,-84.59,-157.26,53.051735,-1.75806,8.64,3,16.8,18 / 19,7.517391544018824,4.4442162403652095,1.383469369758664,0.7650307924051527,20.549434425034228,7.886410907689859,False,21.601,1.7018204146219205,9.163013511146788,-5.906928741834081,85.30685740826348,9.319711111112259,10.52150999999792,-5.815571129396903,4.718797270781579,-6.6719595342392335,64.75742298322925
1008915.0,5.8999,-4.6157,8.4963,0.1093,-0.0659,9.8057,-0.1352,-0.6431,0.2142,202.11,-83.75,-155.08,53.051735,-1.75806,8.64,3,16.8,18 / 19,7.519024399269814,4.724995914728841,1.3409393697587026,1.5168515895689008,21.007895032788515,8.022631344665603,False,21.700999999999908,1.6919208445101592,9.245837216581661,-5.739897172684426,86.22955290946891,9.399369444452184,10.369900000018216,-5.827103554759654,4.52084130185282,-7.256748762253327,65.2216578766804
1009015.0,0.5912,-0.5897,9.3233,0.0494,-0.0085,9.8065,0.0233,-0.3462,0.035,213.64,-83.98,-144.69,53.051735,-1.75806,8.64,3,16.8,18 / 19,7.342349912463958,5.111197034342908,1.2512543697586822,2.2599203051557586,21.499704680242214,8.152241031641502,False,21.80099999999993,1.5944608610771038,9.088394811103111,-5.579750057930109,87.13045420420664,9.227224999999168,9.950700000039435,-5.747889051386855,3.977197776760203,-7.839670363085868,65.63074952396443
1009115.0,1.3561,3.0476,9.3784,0.0462,0.0217,9.8064,-0.0554,-0.3927,0.1826,215.62,-84.93,-140.38,53.051735,-1.75806,8.64,3,16.8,18 / 19,7.210625853803841,5.085999159763177,1.2056743697586718,2.9875690934693138,22.009564489947635,8.275087468617398,False,21.900999999999954,1.3889867930785083,9.148791753209204,-5.446071331086518,88.05314970619332,9.253630555557592,8.63281000000177,-5.821639060725333,4.062792593446027,-8.433640424555833,66.04358521624569
1009215.0,1.1322,-2.3197,8.2571,0.0288,0.0136,9.8066,-0.0961,0.4765,-0.3383,219.07,-85.12,-136.6,53.051735,-1.75806,8.64,3,16.8,18 / 19,7.117164243339758,5.144613264469214,1.1067843697586492,3.7039585983266567,22.521095111159372,8.39071040559329,False,22.000999999999976,1.3505502048323108,9.019078228165696,-5.31232576489264,88.95405100231807,9.119636111111097,8.516379999999987,-5.766614038507447,3.8744649636964823,-9.016284363219297,66.4329558911587
1009315.0,5.6121,-0.9857,12.6172,0.0622,0.069,9.8062,0.172,-0.4689,0.4114,221.83,-85.06,-136.79,53.051735,-1.75806,8.64,3,16.8,18 / 19,6.992258874212878,5.510298121707247,1.1698343697586637,4.409429754204449,23.053840680468316,8.504541342569182,False,22.101,1.3958089504144742,9.170038061829638,-5.171896262354459,89.87685769782027,9.275661111110482,8.654800000002512,-5.596449923798404,3.6597399401223916,-9.581326016558908,66.82301701735196
1009414.0,-1.6044,1.2541,10.2941,-0.0936,0.0179,9.8061,0.2276,-0.0474,-0.2958,212.9,-84.71,-143.31,53.051735,-1.75806,8.64,3,16.8,18 / 19,6.87175760520695,5.653706916198262,1.3330853697585527,5.095698569935264,23.606458929844262,8.628435869675199,False,22.199999999999932,1.417483170341724,9.121631093588128,-5.026320128828423,90.7795381117754,9.231111111113105,8.832999999992019,-5.454274434865226,3.4679241773898664,-10.122018698763686,67.17307918193113
1009514.0,-5.7038,-3.0004,9.814,0.0324,0.0117,9.8065,0.3429,0.4537,-0.7181,199.85,-84.37,-158.69,53.051735,-1.75806,8.64,3,16.8,19 / 20,7.24171119200943,5.622620884328345,1.3578253697585585,5.801372009796244,24.170275319870722,8.762981406651086,False,22.299999999999955,1.4881662903155688,9.20858195054188,-4.8725895930188905,91.69133651119168,9.328055555552691,9.179999999989743,-5.753544901693862,3.5859610662135353,-10.673961602815133,67.52106119132095
1009614.0,2.9066,-4.766,11.8515,-0.0337,-0.0597,9.8064,0.613,-0.7097,-0.1259,190.47,-84.04,-170.19,53.051735,-1.75806,8.64,3,16.8,19 / 20,7.474412869139039,5.95157352277125,1.460435369758582,6.537178212853834,24.748985040225833,8.903894443626974,False,22.399999999999977,0.8484420649547666,9.299431575158145,-4.8124341659185115,92.6253738947513,9.338055555555407,5.213000000058628,-6.625970804184273,3.3478580523868953,-11.349612378772346,67.87638885452547
1009714.0,11.492,-2.4014,9.7086,0.1355,-0.0238,9.8057,0.0786,1.3738,-0.8754,186.39,-83.4,-175.36,53.051735,-1.75806,8.64,3,16.8,19 / 20,6.827393102783941,6.420974593513971,1.557775369758604,7.252268511450145,25.367612446040233,9.054804980602867,False,22.5,1.1018643085574646,9.221346548076626,-4.698807248108116,93.55941127831157,9.286944444444444,6.814,-5.725528794226476,2.8003719545626558,-11.951075759558261,68.19179883227133
1009815.0,2.8333,1.2895,10.495,0.0131,0.055,9.8064,-0.4342,1.1251,-0.5531,187.26,-83.52,-174.2,53.051735,-1.75806,8.64,3,16.8,19 / 20,6.123625236429525,6.585499982043285,1.587585519758604,7.9062949375804195,26.02443941210587,9.213645705523485,False,22.601,0.9348109034192646,9.391775039734501,-4.6111808426761876,94.51413091869526,9.43819444444619,5.684329999987896,-5.188814333010261,2.8062750576912157,-12.517475780256607,68.4896915065894
1009915.0,18.4688,-1.1505,11.908,0.1762,0.0659,9.8048,-0.1817,1.662,-0.5463,183.87,-84.19,-178.85,53.051735,-1.75806,8.64,3,16.8,19 / 20,5.066469923532621,6.685034523651095,1.727070519758477,8.465799695578017,26.687966137389985,9.379378507499188,False,22.700999999999908,0.8041076735464202,9.526208789956156,-4.537657542909015,95.47029609282045,9.560086111119368,4.824880000004977,-4.2623622499862,2.841174266305061,-13.003457238487032,68.78232995543047
1010014.0,-10.3821,-5.1811,6.0923,0.2789,0.0544,9.8025,-0.4854,1.9039,-1.4257,186.69,-83.85,-171.25,53.051735,-1.75806,8.64,3,16.8,19 / 20,4.7072423141371,7.024064636449532,1.6472270197584395,8.949598451342895,27.366566545815285,9.546406235705355,False,22.799999999999955,0.7705478505754935,9.344394874895736,-4.464869476147194,96.40600140074699,9.376111111116602,4.714000000003311,-3.936694463561607,2.3203302384462035,-13.41446792749009,69.0394348549317
1010114.0,10.3814,-3.1414,6.8116,-0.0355,0.062,9.8063,-0.3176,-1.0906,0.6463,181.59,-84.19,178.44,53.051735,-1.75806,8.64,3,16.8,19 / 20,4.746802911537255,7.418365001516196,1.3117570197583635,9.42230071262672,28.088688027713737,9.694355437681228,False,22.899999999999977,0.6768302287228831,9.382563861884575,-4.398030112731778,97.32891929117494,9.406944444443988,4.12600000000869,-4.069972682814372,1.9641988603683798,-13.820330825358498,69.2402312634612
1010215.0,-0.6341,0.9248,11.1258,-0.0099,-0.076,9.8063,0.3178,0.0965,0.306,178.11,-84.74,-178.78,53.051735,-1.75806,8.64,3,16.8,19 / 20,4.267106961487962,7.572771884375366,1.2271240697583643,9.87750316121449,28.845740440451255,9.822568932701822,False,23.000999999999976,0.8242412095953543,9.448132035938427,-4.310737904116964,98.29475842469165,9.484069444444444,4.985810000000175,-3.442865751892608,1.8753601515630605,-14.188241065331454,69.4490179842404
1010314.0,-6.7976,0.3171,6.7695,-0.0864,-0.0736,9.806,0.4968,-0.2713,0.3512,183.38,-84.18,-175.72,53.051735,-1.75806,8.64,3,16.8,19 / 20,4.641654284802139,7.518798580065646,1.142083069758422,10.31848684290555,29.592773178440577,9.939844686107824,False,23.09999999999991,0.5115354957703487,9.488165242123818,-4.27103532223212,99.24147203011822,9.501944444442932,3.0860000000133563,-4.1301187890317905,1.9693666620581727,-14.58952216513767,69.64869885167764
1010415.0,0.1886,-2.7434,6.8995,-0.0976,-0.0608,9.8059,0.0189,0.2623,0.4584,174.74,-84.39,177.11,53.051735,-1.75806,8.64,3,16.8,19 / 20,4.967236999121562,7.646582072101253,0.8418959197584248,10.803735852743692,30.358624901375,10.040035625078424,False,23.200999999999908,0.6671387507886111,9.367000235209492,-4.19670995011735,100.18473859252921,9.390738888890542,4.073889999960503,-4.300098248332951,1.7204181631082385,-15.000445802861043,69.82611369115422
1010515.0,4.7803,-1.377,11.321,0.0538,0.0495,9.8064,0.0207,0.2578,-0.0481,177.78,-83.81,-179.09,53.051735,-1.75806,8.64,3,16.8,20 / 20,4.708441852460112,7.868833138049171,0.772255919758409,11.287519795322886,31.134395661882696,10.120743217054285,False,23.30099999999993,0.806168012048548,9.318499776694457,-4.116703232103634,101.10776767928802,9.353319444446132,4.944440000028345,-3.902273840411564,1.4496666386452866,-15.404223027426521,69.97337201740532
1010615.0,3.0553,-1.1671,10.0255,0.1112,0.0314,9.8059,-0.0217,0.7801,-0.216,186.41,-83.34,-171.46,53.051735,-1.75806,8.64,3,16.8,20 / 20,4.329017703662734,8.02972121354532,0.8589159197584287,11.739392773129131,31.929323379462602,10.202301809030144,False,23.400999999999954,0.6481418847580075,9.27409300506423,-4.056480965682274,102.04158267299303,9.296713888889231,3.997750000000372,-3.680875818904726,1.24437179151891,-15.795873738811405,70.11225929353043
1010715.0,7.6197,-0.3231,8.8897,-0.0692,-0.0233,9.8063,0.0545,-0.8748,0.5627,185.98,-83.28,-171.86,53.051735,-1.75806,8.64,3,16.8,20 / 20,3.815755350075321,8.186306590545529,0.8240109197584208,12.146631425816127,32.74012476966733,10.286448151006006,False,23.500999999999976,0.6424045208796028,9.251191843014665,-3.9897084416172093,102.95349226593308,9.273469444444448,3.9722500000000065,-3.1733508291957184,1.0648852524691357,-16.136339867433335,70.21336749626575
1010815.0,2.2311,1.09,8.9481,0.0375,-0.0197,9.8065,0.0249,-0.1743,0.1178,185.24,-83.19,-168.77,53.051735,-1.75806,8.64,3,16.8,20 / 20,3.3314580864781576,8.22385542439454,0.7352359197584006,12.503992097643883,33.56063287041452,10.364410492981865,False,23.601,0.62485667728329,9.210733391474276,-3.929887211350598,103.87641015777434,9.231944444444444,3.8809999999762668,-2.7066014091948674,0.986877967079737,-16.43387930899448,70.31577728735982
1010915.0,-4.1015,-0.8613,8.6736,-0.047,-0.0599,9.8063,-0.1946,-0.1237,0.248,187.1,-83.42,-166.81,53.051735,-1.75806,8.64,3,16.8,20 / 20,3.433466378870061,8.222940821590292,0.6356559197584912,12.842238320910987,34.38297268271302,10.432955084957646,False,23.700999999999908,0.3547308877904513,9.223291962568997,-3.9029509478999582,104.79921685460377,9.230113888897021,2.2026199999794738,-3.0787354910796094,1.0003511409787045,-16.745189268810947,70.41624417189075
1011015.0,4.7768,0.7572,9.2472,-0.0327,-0.0269,9.8065,-0.4502,-0.4443,0.1981,191.8,-84.44,-165.2,53.051735,-1.75806,8.64,3,16.8,20 / 20,3.4114583315122653,8.277302989205067,0.5510309197584721,13.184484556430181,35.207984873252975,10.492289426933509,False,23.80099999999993,0.4228799004651081,9.038804664213071,-3.8558960360774606,105.71101525191224,9.048738888889334,2.6786599999446743,-2.988578431047157,0.7615016750080041,-17.040380592507642,70.50303037865928
1011114.0,-5.3972,-0.2007,9.0139,-0.037,-0.0082,9.8065,-0.3159,0.2704,-0.105,190.53,-85.5,-164.06,53.051735,-1.75806,8.64,3,16.8,20 / 20,3.4481615739993705,8.27454267608904,0.4840970197584407,13.524035741753167,36.02730123368542,10.54352825993962,False,23.899999999999977,0.7128774915131653,9.005717858054778,-3.783107969315639,106.61369566663433,9.033888888889111,4.525999999972422,-2.7352840824862055,0.7311751819657388,-17.307143711068807,70.58639443294891
1011214.0,0.3113,0.8118,10.475,-0.0691,-0.0614,9.8062,0.0952,-0.2654,0.1686,190.88,-86.2,-167.33,53.051735,-1.75806,8.64,3,16.8,20 / 20,3.703624294800566,8.223142735613823,0.4778770197584393,13.881625035193245,36.85218550427075,10.591626961915475,False,24.0,0.19008055273896013,8.852959639774173,-3.7764240329704717,107.48101609493399,8.855,1.23,-3.5135437420616062,0.6298169041603501,-17.658049068163717,70.62883059066324
1011315.0,-6.1549,2.3036,12.9665,0.0149,0.0037,9.8066,0.1882,0.525,-0.2195,189.76,-86.06,-165.53,53.051735,-1.75806,8.64,3,16.8,20 / 20,3.9782536551241714,8.043809902662359,0.6712011197584377,14.269559871664441,37.67366661250369,10.649655407961077,False,24.101,0.45674044445907197,9.021391426593782,-3.7223509879594414,108.40182128199035,9.032955555555414,2.8983400000116433,-3.5215132106650993,0.9775815239314234,-17.991910859623882,70.72815466948666
1011415.0,-4.0412,-2.099,7.549,0.0757,0.0908,9.8059,-0.2647,0.8791,-0.3596,192.3,-85.41,-161.96,53.051735,-1.75806,8.64,3,16.8,20 / 20,4.493197234214904,7.962526807392024,0.7163111197583967,14.693132416131009,38.473983448005676,10.719031019936857,False,24.200999999999908,0.584037916565407,9.002741083860293,-3.662462918332092,109.30238899257668,9.021686111117196,3.711580000055181,-3.9091593176494968,1.0402142764682694,-18.3555953344631,70.82840554457101
1011515.0,-3.3083,1.8027,11.0761,-0.066,0.0651,9.8061,-0.2783,-0.3593,0.21,187.34,-85.73,-167.94,53.051735,-1.75806,8.64,3,16.8,19 / 21,4.8763836422467275,7.9366145118082905,0.6669011197583855,15.161611459954198,39.26894051396587,10.788191631912712,False,24.30099999999993,0.38227436250318997,8.874726045538713,-3.6293774334405633,110.19161482095521,8.882988888898145,2.465900000047736,-4.494109279743538,0.9381115337304227,-18.79098889339476,70.92267430698934
1011616.0,-8.8245,0.5467,10.6307,-0.0096,-0.0073,9.8066,0.0946,0.3572,0.2375,182.24,-85.54,-170.62,53.051735,-1.75806,8.64,3,16.8,19 / 21,5.483375107429945,7.806209786314892,0.7726228697583846,15.684779276812865,40.06395314102109,10.860887593383309,False,24.40199999999993,0.13656168243011546,8.573596715137414,-3.62817432490006,111.05660015602129,8.574788888888214,0.9123399999698233,-5.346813424999829,0.7673869288225221,-19.312953601712927,70.9926470150002
1011715.0,-3.1645,7.2015,11.5292,-0.059,-0.0868,9.8061,0.2196,-1.1323,0.0343,192.0,-85.22,-162.17,53.051735,-1.75806,8.64,3,16.8,19 / 21,6.007445994033656,7.406124094607957,0.8986795697584437,16.25357492133558,40.81696366812712,10.943617064139431,False,24.500999999999976,0.43803525683730976,8.607244704359264,-3.5682862552826484,111.91524737933727,8.618461111111115,2.9134799999997774,-5.569410737196346,1.2011206097513067,-19.821861176618228,71.09828371121014
1011815.0,6.9427,-3.095,9.9467,-0.1295,0.0651,9.8055,0.1796,-0.7124,0.702,183.73,-85.29,-175.46,53.051735,-1.75806,8.64,3,16.8,19 / 21,5.761000087445176,7.223460239279942,0.9918095697584648,16.841997225409656,41.54844288482168,11.038141521115298,False,24.601,0.7978908623168814,8.538500755474335,-3.474844825231136,112.78245661200391,8.575699999999426,5.338580000002207,-4.963109225128294,1.3150405161943928,-20.316842050640794,71.23401372718223
1011915.0,2.7758,2.6553,10.8604,-0.1463,0.0251,9.8055,0.3004,-0.3677,0.7632,178.0,-83.98,-178.77,53.051735,-1.75806,8.64,3,16.8,19 / 21,5.297413700845736,7.289434811561786,1.0514995697584106,17.3949179148237,42.27408763736311,11.140306978091049,False,24.700999999999908,0.8153265657143022,8.496858321502762,-3.3949717859620354,113.63876874203105,8.535911111107064,5.48125000006109,-4.482087135131434,1.207423509940976,-20.789889700785736,71.36468110466794
1012015.0,3.5838,2.6989,10.5609,0.0305,-0.0161,9.8065,-0.0055,-0.7134,-0.2185,178.55,-83.61,-174.3,53.051735,-1.75806,8.64,3,16.8,19 / 21,4.993244462975873,7.039282511422597,1.1418995697584313,17.909450823014897,42.99052350351249,11.249976935066917,False,24.80099999999993,0.6219294321142746,8.604086375810668,-3.347649516647371,114.50597797470589,8.626561111109776,4.134249999957749,-4.371315030861599,1.5648038643880717,-21.25710033966227,71.5154544711934
1012114.0,-3.4747,0.1991,7.3342,-0.0465,-0.0852,9.8062,-0.0159,0.0539,0.0343,173.79,-84.03,179.19,53.051735,-1.75806,8.64,3,16.8,19 / 21,4.995920069798875,6.936755866261363,1.0568486697583914,18.40391446738748,43.68233740320817,11.35881497292305,False,24.899999999999977,0.8378678341892962,8.630535637702524,-3.2483930619889017,115.3536169012207,8.671111111110447,5.544999999978939,-4.158052235609579,1.6937797714411609,-21.652307529376383,71.67127949801252
1012214.0,-0.9683,0.1915,9.5459,-0.0483,-0.0443,9.8063,-0.1552,-0.275,0.1646,171.73,-84.83,176.61,53.051735,-1.75806,8.64,3,16.8,19 / 21,5.222018704134885,6.970364809689134,0.9201886697583603,18.914811406084283,44.37769343700585,11.45766683989891,False,25.0,0.18186762186843194,8.67503827427241,-3.2818127436812485,116.24317631437053,8.676944444444445,1.2009999999999998,-5.040151082266453,1.7046734645832755,-22.196624149765533,71.86548287736468
1012314.0,-3.6376,-3.1668,8.5962,0.0164,0.0253,9.8065,-0.027,0.0376,-0.1404,168.95,-85.1,176.66,53.051735,-1.75806,8.64,3,16.8,19 / 21,5.4213321721382774,7.185440983651428,0.8466286697584272,19.446978949897456,45.08548372667224,11.546007706874668,False,25.09999999999991,0.28711796924767224,8.578251916414189,-3.241709125642154,117.08825775640247,8.583055555554191,1.917000000025252,-5.134214202890605,1.3928109327627611,-22.68868807553961,72.00277402973023
1012414.0,0.7338,0.4945,11.7686,-0.0681,-0.0154,9.8064,0.2556,-0.3954,0.3189,171.45,-84.74,176.52,53.051735,-1.75806,8.64,3,16.8,19 / 21,5.538683859740255,7.373129673346661,0.8842036697584358,19.994979751491506,45.81341225952231,11.632549323850531,False,25.199999999999932,0.5574776757980203,8.464717963387834,-3.1548179532007197,117.9222197066565,8.48305555555999,3.7679999999179303,-4.981206183942234,1.091588290041173,-23.149797704692226,72.1088074471342
1012514.0,-0.2772,1.1773,9.4149,-0.0244,0.0166,9.8066,0.0429,-0.3479,0.2238,174.11,-84.55,179.77,53.052452,-1.757877,8.86,3,359.09,19 / 21,5.528931648598963,7.313312361566709,0.9627136697584536,20.548360526908592,46.54773436126814,11.724895190826397,False,25.299999999999955,0.18439172173734836,8.729997335262256,-3.1681858259112063,118.81177911980436,8.731944444437087,1.2100000000756106,-5.344539926861614,1.4166849736955474,-23.716546352819798,72.26404475853622
1012614.0,3.1198,2.202,9.769,0.0251,-0.0133,9.8066,-0.0455,-0.2937,0.1935,178.09,-84.53,-175.28,53.052452,-1.757877,8.86,3,359.09,19 / 21,5.401121756741252,7.167932169162295,0.9412436697584488,21.094863197175727,47.27179658780476,11.820093057802262,False,25.399999999999977,0.7179643120867618,8.631301925294698,-3.061242844434469,119.65686056183871,8.661111111112158,4.754999999947607,-4.68315744465449,1.463369756132403,-24.156106041610194,72.38506397403395
1012714.0,1.3178,-1.8966,9.9216,0.036,-0.0154,9.8065,-0.015,0.0767,0.026,183.34,-84.73,-172.27,53.052452,-1.757877,8.86,3,359.09,19 / 21,5.195384850997323,7.177722478303709,0.9451086697584496,21.624688527562775,47.98907932017822,11.914410674778129,False,25.5,0.4203128047677465,8.587775991638814,-3.0345070990698533,120.52418098943008,8.598055555555556,2.802,-4.775072046229576,1.4100535133351055,-24.659195626632627,72.53510166925186
1012814.0,-4.1426,1.5781,8.6227,-0.0211,-0.0259,9.8065,0.0071,-0.3459,0.2361,180.23,-84.69,-172.58,53.052452,-1.757877,8.86,3,359.09,19 / 21,5.349192279549887,7.222902186677005,0.8916586697584983,22.151917384089657,48.7091105534266,12.006249041753893,False,25.59999999999991,0.6381670712336244,8.50720868318957,-2.954299862966914,121.3581429397443,8.53111111111227,4.289999999985798,-4.711025208316262,1.2843064965125643,-25.10621724705657,72.6490323863177
1012914.0,2.1337,0.1389,11.2155,0.0248,-0.0217,9.8065,0.2192,-0.3197,-0.0048,185.27,-84.79,-170.17,53.052452,-1.757877,8.86,3,359.09,19 / 21,5.456820083817863,7.172315874248329,0.9029036697585009,22.692218002258166,49.428871456473026,12.095977158729763,False,25.699999999999932,0.4883212191291149,8.602262090049022,-2.9141962449047574,122.22546336656555,8.616111111107342,3.2490000000461556,-4.9684988646887485,1.429946215800693,-25.606414247162924,72.79659191009253
1013014.0,-4.3165,0.6724,9.5984,-0.0366,-0.0446,9.8065,0.1117,-0.028,-0.098,179.32,-84.61,-173.72,53.052452,-1.757877,8.86,3,359.09,19 / 21,5.573633425335416,7.170459360729348,0.9629336697585146,23.243740677715955,50.146010218222074,12.189269025705634,False,25.799999999999955,0.20011278182366427,8.567663326401881,-2.9008283722152135,123.07054481001423,8.570000000001363,1.3380000000564864,-5.3735206435117515,1.3972039656725332,-26.144569049931167,72.92453459179215
1013114.0,-0.4622,-0.1292,10.3169,-0.0593,-0.0029,9.8064,0.0729,-0.4532,0.1681,175.21,-84.77,-178.81,53.052452,-1.757877,8.86,3,359.09,19 / 21,5.817476026303903,7.174659899097945,0.9780336697585181,23.81329615029805,50.8632661812136,12.286317392681507,False,25.899999999999977,0.09235607135494489,8.760624307506218,-2.8874604995401416,123.93786523760525,8.761111111108287,0.604000000010848,-5.725119954948958,1.5859644084082731,-26.70075664983819,73.07459905639165
1013214.0,-4.087,-2.5521,10.0456,-0.0074,-0.0354,9.8066,-0.0295,0.0464,-0.024,175.15,-84.9,-178.86,53.052452,-1.757877,8.86,3,359.09,19 / 21,6.036960443889146,7.354528791760365,1.0154936697585268,24.406017973807838,51.589725615756684,12.385993759657381,False,26.0,0.16475714226680643,8.723444278727987,-2.8674086905209895,124.81630515832975,8.725,1.082,-5.87220330162234,1.368915486967622,-27.273426664328827,73.22657954257306
1013314.0,3.5875,2.6131,10.6608,-0.061,-0.0532,9.8062,0.0066,-0.4475,0.2194,174.88,-85.22,-179.11,53.052452,-1.757877,8.86,3,359.09,19 / 21,6.066877628614511,7.3799008184466555,1.0701486697584772,25.01120987743247,52.326447096266364,12.490275876633136,False,26.09999999999991,0.0036740343226276373,8.771110341625016,-2.867408690521172,125.69474507905373,8.77111111111298,0.024000004907001313,-6.063203594291884,1.391209523178361,-27.878618567953644,73.36829798278737
1013415.0,3.5946,-2.8547,11.0445,0.0545,-0.0127,9.8064,-0.0742,0.453,-0.3437,170.29,-85.77,179.06,53.052452,-1.757877,8.86,3,359.09,19 / 21,5.697928601663195,7.37126580026781,1.1757946697584762,25.60533259206149,53.07138101051144,12.603696015278741,False,26.200999999999908,-0.043416248414649444,8.907545290664475,-2.880642884469709,126.60443077292653,8.90766388889063,356.1207800159509,-5.741344850077844,1.5362794903966641,-28.4859754765312,73.53304976241509
1013514.0,2.2326,-0.978,9.5674,-0.0309,0.015,9.8065,-0.2549,0.1263,0.2081,174.68,-86.09,-179.14,53.052452,-1.757877,8.86,3,359.09,19 / 21,5.387041818442183,7.545444528274918,1.2252253697584994,26.154038627856963,53.80975817177465,12.722546507234886,False,26.299999999999955,0.10664864361266434,8.868247639206533,-2.8674086905213847,127.49610289084748,8.868888888890048,0.6890000106122329,-5.280393174829519,1.3228031109316154,-29.021447318378346,73.68634471907284
1013614.0,-1.9062,0.9481,10.4261,0.0023,0.0212,9.8066,-0.2717,0.3505,-0.1174,173.57,-86.66,-176.79,53.052452,-1.757877,8.86,3,359.09,19 / 21,5.37504356501975,7.574497794576979,1.2442353697585038,26.69214289703018,54.56575528791741,12.846019544210765,False,26.399999999999977,-0.07894564358945101,8.765755620465931,-2.880776563195666,128.3856623032908,8.76611111111263,359.4839999946973,-5.453989208609201,1.1912578258889521,-29.572919460225847,73.81990701537337
1013714.0,-4.8979,-1.2012,9.6505,0.0274,-0.0198,9.8066,-0.0365,0.5642,-0.2151,175.94,-86.86,-174.03,53.052452,-1.757877,8.86,3,359.09,19 / 21,5.719054092162202,7.642413467968436,1.267400369758509,27.246847779889404,55.32660085104486,12.971601331186644,False,26.5,-0.18905099749878512,8.869929985386207,-2.9141962449029792,129.29746070129212,8.871944444444445,358.779,-5.908105089660987,1.2275165174177713,-30.161044024792382,73.97085985024727
1013814.0,3.6372,-0.3416,11.0075,0.0441,-0.0042,9.8065,0.1521,-0.0462,-0.0822,178.15,-87.07,-174.97,53.052452,-1.757877,8.86,3,359.09,19 / 21,5.781808569787992,7.757783107378815,1.3196353697584615,27.82189091298639,56.09661067981152,13.100953118162375,False,26.59999999999991,0.1799996718393088,8.709251225469307,-2.887460499539944,130.16478113029822,8.71111111111557,1.1839999999876538,-5.601808897948683,0.9514681180904923,-30.709351412526335,74.0681704504867
1013915.0,-4.17,0.3026,8.9532,0.046,0.0529,9.8063,0.0207,0.327,-0.1782,175.74,-86.54,-177.81,53.052452,-1.757877,8.86,3,359.09,19 / 21,5.81385289436454,7.796697453358248,1.3371790697584616,28.407471816926087,56.88211194812873,13.235122247357978,False,26.700999999999908,0.04261058032891287,9.036394289379054,-2.8875941782660988,131.09659461479822,9.036505555562442,3.870019984045523,-5.771242314035627,1.2396968360208058,-31.295065995192186,74.21448266666948
1014015.0,-2.1595,-1.4503,10.4679,-0.0189,0.0061,9.8066,0.0926,-0.0434,0.0063,173.41,-86.02,-176.58,53.052452,-1.757877,8.86,3,359.09,19 / 21,6.125718235844842,7.9086378379105895,1.3275690697584595,29.004450373436693,57.667378712692354,13.368359654333855,False,26.80099999999993,-0.09372990097000115,8.883291565988191,-2.900694693488466,131.9862652235727,8.88381388888664,355.7953600106312,-6.219448136814844,0.9746537280776018,-31.905145066925158,74.31888651088035
1014114.0,-0.9115,1.8039,9.2761,-0.0177,0.0142,9.8066,-0.2173,0.0772,0.0553,174.57,-85.88,-175.2,53.052452,-1.757877,8.86,3,359.09,19 / 21,6.2806003842188,7.934482347567124,1.3340387197584624,29.618563145130132,58.451613161873865,13.500109239915004,False,26.899999999999977,0.12774351349376684,8.95797810436017,-2.8874604995401416,132.87793734009315,8.958888888887767,0.8170000052993487,-6.152856870725032,1.0234957567930456,-32.50602364467027,74.42632417821929
1014214.0,1.4527,1.0661,9.0787,0.0044,0.0322,9.8065,-0.3121,0.3164,0.0049,174.63,-86.22,-175.05,53.052452,-1.757877,8.86,3,359.09,19 / 21,6.2710690502063375,7.816253175176128,1.2711137197584481,30.246146616851533,59.23914993801121,13.630366861890879,False,27.0,0.048930059088208494,8.89986549613631,-2.887460499539944,133.7674967525363,8.9,0.315,-6.222138991118129,1.0836123209601825,-33.133607116391474,74.52834681452508
1014314.0,-2.3532,-1.7418,8.9583,0.0611,-0.0147,9.8064,-0.0909,0.4939,-0.2922,182.0,-86.43,-170.55,53.052452,-1.757877,8.86,3,359.09,19 / 21,6.329997016895028,7.866067695765368,1.1922987197585198,30.876199920206027,60.02326598155757,13.753537483866616,False,27.09999999999991,-0.036516532596885774,8.827980031407554,-2.887460499540035,134.64593667326056,8.828055555561678,359.7630000000004,-6.366513549491914,0.9619123356421859,-33.76366041974606,74.622670691703
1014414.0,4.1303,0.9843,10.2541,0.0298,-0.0263,9.8066,0.0611,-0.2806,0.0484,182.99,-86.89,-168.95,53.052452,-1.757877,8.86,3,359.09,19 / 21,6.249401955834678,7.936947197242379,1.1722537197585152,31.505169868842653,60.81341672620814,13.871765105842494,False,27.199999999999932,-0.03448743750489178,9.276880339941531,-2.8941444358837285,135.56885456503537,9.276944444424542,359.7869999999989,-6.283889393339569,1.3399331426991523,-34.39931430472638,74.75543783882722
1014514.0,-3.285,-1.3383,9.0827,0.0292,-0.0109,9.8065,-0.0921,0.3547,-0.2018,180.34,-87.04,-168.99,53.052452,-1.757877,8.86,3,359.09,19 / 21,6.212439577593372,7.990936107426296,1.1584287197585121,32.1282619455142,61.609810891441754,13.988299227818372,False,27.299999999999955,0.06201707146555311,9.301737704878784,-2.880776563196259,136.49177245546264,9.301944444443704,0.38200001062347155,-6.150422506127819,1.310801597452488,-35.009038508710454,74.88196156402088
1014614.0,-1.1592,-1.697,8.3402,0.0047,-0.0504,9.8065,-0.0197,-0.2147,0.1584,180.01,-87.29,-169.37,53.052452,-1.757877,8.86,3,359.09,19 / 21,6.441565154641374,8.168325879150613,1.0489087197584872,32.76096218212608,62.41777399077078,14.098666099794247,False,27.399999999999977,-0.172463223392519,9.148374524286668,-2.900828372214522,137.39245136174662,9.150000000002244,358.9199999947011,-6.614028378033893,0.9800486451360548,-35.6617905543406,74.97467737097584
1014714.0,-3.3286,-2.7082,8.6259,0.0562,-0.0431,9.8063,0.0631,0.1119,-0.1412,187.73,-87.75,-161.52,53.052452,-1.757877,8.86,3,359.09,19 / 21,6.690860331679449,8.391036528452748,0.9165487197584571,33.417583456442266,63.24574211115114,14.196938971770116,False,27.5,-0.28645518314111273,9.24361806798039,-2.9342480539219338,138.3153692528809,9.248055555555554,358.225,-6.977315514820562,0.8525815395276428,-36.3518315103642,75.06962714172977
1014814.0,-2.6214,0.4486,11.3657,-0.0375,-0.0234,9.8065,0.1178,-0.6435,0.2901,185.37,-87.77,-163.46,53.052452,-1.757877,8.86,3,359.09,19 / 21,7.0118060062090315,8.493950745591144,0.9354637197584399,34.10271677333607,64.08999147485257,14.289539593745877,False,27.59999999999991,-0.4358373254472781,9.13349603592155,-2.981035608331226,139.23828714401506,9.14388888889447,357.2679999999946,-7.44764333165631,0.6395452903304051,-37.083752381667296,75.1482956691625
1014914.0,6.2065,-0.0585,8.8504,-0.0577,0.0625,9.8063,-0.1718,-0.2976,0.4247,187.83,-87.53,-164.15,53.052452,-1.757877,8.86,3,359.09,19 / 21,6.842609739603531,8.530237059725659,0.9656037197584468,34.79543756062686,64.9412008651186,14.384592965721742,False,27.699999999999932,-0.5221119323560555,9.538777153140513,-3.0345070990674823,140.20568300548928,9.553055555537412,356.8670000000178,-7.364721671959586,1.0085400934148545,-37.82994465969434,75.26448214037067
1015014.0,1.7372,0.5648,8.9955,-0.1019,-0.0003,9.8061,-0.0804,-0.4133,0.2976,179.58,-87.47,-169.85,53.052452,-1.757877,8.86,3,359.09,19 / 21,6.457037493510957,8.57262772353512,0.8772337197584268,35.46041992228273,65.79634410428184,14.476734837697606,False,27.799999999999955,-0.6633789747007951,9.460659426950809,-3.108030398812704,141.1508398821835,9.483888888890935,355.989000000026,-7.120416468211753,0.8880317034156882,-38.56845032109543,75.35449577790166
1015114.0,4.3375,1.4668,11.427,-0.0306,-0.0589,9.8064,0.2159,-0.6045,0.13,181.36,-87.64,-171.37,53.052452,-1.757877,8.86,3,359.09,19 / 21,6.158474990522858,8.502153587092534,0.917693719758436,36.09119554648456,66.65008316981341,14.56648120967347,False,27.899999999999977,-0.47284839671136375,9.478212615980148,-3.1481340168787675,142.09599675887677,9.48999999999991,357.14399999998295,-6.6313233872342225,0.9760590288876134,-39.23932956336333,75.44591358906335
1015214.0,0.3875,0.6782,8.2291,0.0029,-0.023,9.8065,0.0475,0.1659,-0.1166,174.77,-87.57,-175.77,53.052452,-1.757877,8.86,3,359.09,19 / 21,5.929230413889962,8.425234687946766,0.9198337197584366,36.695580816705345,67.49645258356557,14.658357581649334,False,28.0,-0.4293684544496689,9.52143485734525,-3.181553698559902,143.0411536348627,9.53111111111111,357.418,-6.358598868339631,1.0962001693984842,-39.87713451526525,75.54470105129712
1015314.0,2.88,-0.4089,10.0792,-0.045,-0.0374,9.8065,-0.0928,-0.0608,-0.0662,168.16,-87.86,177.09,53.052452,-1.757877,8.86,3,359.09,19 / 21,5.770293710410357,8.407407832246976,0.8545837197584961,37.28055702291983,68.33808470957449,14.7470784536251,False,28.09999999999991,-0.5501944651463531,9.455951438603323,-3.2417091256438866,143.997430004688,9.471944444447624,356.6700000000116,-6.32048817555671,1.048543606356347,-40.522266148563716,75.65934529511351
1015414.0,-2.5639,-1.951,9.2542,-0.0128,-0.0029,9.8066,-0.0469,0.1205,-0.09,159.75,-88.16,168.69,53.052452,-1.757877,8.86,3,359.09,19 / 21,5.710487927761334,8.561058492885588,0.840588719758493,37.854596104828545,69.18650802583132,14.83183707560097,False,28.199999999999932,-0.4199416689110622,9.69591016844271,-3.2818127436794704,144.9648258661622,9.704999999989667,357.5199999999623,-6.130429596672396,1.1348516755571225,-41.13640884850801,75.77831784033087
1015514.0,-1.3513,0.0561,8.8509,-0.022,-0.0114,9.8066,0.0386,-0.1702,0.1211,160.11,-88.15,165.24,53.052452,-1.757877,8.86,3,359.09,19 / 21,5.858380896481439,8.744516769333886,0.765178719758476,38.43303954604082,70.05178678894248,14.912125447576836,False,28.299999999999955,-0.2502085003389394,9.567840070134308,-3.2951806163557276,145.92110223528158,9.57111111111507,358.5019999999709,-6.108589396820378,0.8233233008004213,-41.728220162396546,75.8693154463391
1015614.0,-2.8642,-0.7793,9.4268,0.0395,-0.0068,9.8065,-0.0004,0.4799,-0.2575,170.3,-88.14,179.53,53.052452,-1.757877,8.86,3,359.09,19 / 21,6.056881356613345,8.854683287300022,0.6983987197584608,39.02880265869569,70.93174679177437,14.9853043195527,False,28.399999999999977,-0.7906162362973006,9.880362778590282,-3.408807534177237,146.9329760679418,9.911944444439406,355.4250000000455,-6.847497592910646,1.0256794912902603,-42.437610192872924,76.00122927616744
1015714.0,-1.8611,-0.5111,10.1909,0.0233,-0.0033,9.8065,0.052,0.1604,-0.1428,169.93,-88.09,175.48,53.052452,-1.757877,8.86,3,359.09,19 / 21,6.28039011011554,8.985990835479942,0.6986187197584609,39.645666232032276,71.82378049791357,15.055155191528563,False,28.5,-0.6063519192330811,9.99968871836718,-3.462279024904986,147.93373040747082,10.018055555555554,356.53,-6.886742029348621,1.0136978828872376,-43.10794525693726,76.10994990955724
1015814.0,3.6951,1.1025,10.3436,0.0594,0.031,9.8064,0.0964,0.2158,-0.1917,169.6,-88.01,175.41,53.052452,-1.757877,8.86,3,359.09,19 / 21,6.197365799972813,8.967200151160036,0.744678719758419,40.269554027536124,72.72144004724476,15.12732006350434,False,28.59999999999991,-0.3089526405587118,9.755108829014096,-3.4689629612502517,148.9011262697216,9.760000000000982,358.18599999996815,-6.506318440531524,0.7879086778540607,-43.73851698878637,76.17968622247685
1015914.0,-2.9546,0.581,9.9071,-0.0001,0.0405,9.8065,-0.0798,0.4027,-0.1911,169.83,-87.58,178.78,53.052452,-1.757877,8.86,3,359.09,19 / 21,6.177702709922489,8.90446982574126,0.7765487197584263,40.88830745303103,73.61502354609003,15.2033814354802,False,28.699999999999932,-0.7111743637197699,9.806190013606711,-3.5558541336916862,149.8685221311958,9.831944444441255,355.8520000001035,-6.888877073642258,0.9017201878654522,-44.44416158672272,76.25349858510576
1016014.0,2.6153,-0.3578,9.9987,-0.028,0.045,9.8064,-0.0481,0.1831,-0.128,166.84,-87.19,171.96,53.052452,-1.757877,8.86,3,359.09,19 / 21,6.1977449179384,8.916979999913512,0.7911737197584296,41.50707983442422,74.50609603737297,15.28176755745606,False,28.799999999999955,-0.17147110992635783,10.19050191192154,-3.5424862609944863,150.85815697900534,10.191944444433805,359.03599999990587,-6.369216027864758,1.2735219120080288,-45.049566095418704,76.35206094163237
1016114.0,-1.8653,1.5382,10.03,0.0463,0.0267,9.8065,0.0464,0.3579,-0.2184,159.96,-86.69,167.17,53.052452,-1.757877,8.86,3,359.09,19 / 21,6.178866451416451,8.891642114404915,0.8119437197584344,42.1259104028921,75.39652714308909,15.361923429431922,False,28.899999999999977,-0.8100726936249376,10.04851150497615,-3.6427453061272415,151.8700308109592,10.08111111111275,355.3910000000539,-6.988939145041389,1.1568693905712344,-45.76865570901934,76.47350366787012
1016214.0,3.8851,0.0663,10.6479,-0.0443,-0.0252,9.8065,0.093,-0.4905,0.087,153.31,-86.47,159.41,53.052452,-1.757877,8.86,3,359.09,19 / 21,6.116116597712379,8.788084025024263,0.8651737197584465,42.740659555348685,76.28051345006075,15.445779301407786,False,29.0,-0.46746178070349387,10.138117436812117,-3.676164987875699,152.88190464362106,10.148888888888889,357.36,-6.583578378415873,1.3500334117878534,-46.416824543224386,76.6013911935603
1016315.0,1.8746,1.213,10.1481,-0.0233,-0.0062,9.8065,-0.0008,-0.3371,0.1911,150.47,-86.44,156.15,53.052452,-1.757877,8.86,3,359.09,19 / 21,5.8832033595116,8.623782943759057,0.924900069758446,43.34662521318849,77.1598127319843,15.536178027778387,False,29.101,-0.7848381886366029,9.95181953487272,-3.7639250719814155,153.8816582297434,9.982719444446689,355.49078999999836,-6.668041548148203,1.3280365911136638,-47.11055028516991,76.7218454977591
1016415.0,-2.0596,-0.03,9.815,-0.043,0.0021,9.8065,0.0417,-0.3438,0.2533,149.63,-86.57,159.18,53.052452,-1.757877,8.86,3,359.09,19 / 21,5.911905093044916,8.604454431837349,0.9423900697584301,43.93638063581578,78.02122460076335,15.629542534754146,False,29.200999999999908,-0.8178043272153216,10.11138389067185,-3.8505488869705045,154.8935320609307,10.14440555554462,355.37588999997826,-6.729709420260237,1.5069294588345006,-47.78692952278629,76.87230746016736
1016514.0,0.1802,-1.2228,10.2624,-0.0129,0.0339,9.8066,0.1467,-0.2621,0.1082,154.05,-86.06,160.17,53.052452,-1.757877,8.86,3,359.09,18 / 19,5.9577786264886505,8.734028620308116,0.9653630197584409,44.523929979932966,78.87947951184495,15.723976312685275,False,29.299999999999955,-0.7499529130862882,10.360949225496217,-3.9101027597971556,155.8952871552662,10.38805555554828,355.8599999999856,-6.707731539574938,1.6269206051881007,-48.43403273973012,77.01580764342125
1016614.0,0.2852,0.6612,10.7209,0.0097,0.0118,9.8066,-0.0008,-0.1458,0.1416,156.72,-85.84,163.05,53.052452,-1.757877,8.86,3,359.09,18 / 19,5.917640816257435,8.775936854333786,1.0338630197584564,45.11770095207041,79.75497778557724,15.823937614661142,False,29.399999999999977,-0.766386936100383,10.088989012263024,-3.983626059556158,156.89604149550271,10.118055555559545,355.656000000003,-6.684027752357818,1.3130521579292385,-49.101327011626566,77.14106370992548
1016714.0,-0.173,-0.0551,9.6292,-0.0238,0.009,9.8065,-0.0175,0.0428,-0.0574,161.59,-85.79,165.01,53.052452,-1.757877,8.86,3,359.09,18 / 19,5.033255266305892,7.456563569298029,0.9100975667946951,45.6652457561987,80.56660280675901,15.921135643988823,False,29.5,-0.7485386315790121,10.468271820937485,-4.057149359315556,157.9412738054409,10.495,355.91,-5.781793897884904,3.0117082516394555,-49.72239511551426,77.37467099868188
1016814.0,2.7117,1.9071,9.6993,0.0269,-0.0198,9.8065,0.0277,-0.2116,0.1281,162.61,-85.8,166.43,53.052452,-1.757877,8.86,3,359.09,18 / 19,4.9376331720138795,7.357705247847727,0.8958575667947081,46.16379017811423,81.30731624761562,16.01143340066821,False,29.59999999999991,-0.5572284047980987,10.16084316632373,-4.10393691368508,158.94202814567637,10.17611111111418,356.86099999999817,-5.494861576811978,2.8031379184760024,-50.267727091799316,77.63471189806076
1016914.0,2.6856,-1.8628,9.6133,0.0211,-0.0245,9.8065,-0.1044,-0.21,0.0062,163.73,-86.08,167.97,53.052452,-1.757877,8.86,3,359.09,18 / 19,4.680187448136958,7.30532431338324,0.8808225667947047,46.644681209121885,82.04046772567733,16.1002674073477,False,29.699999999999932,-0.5936552557919432,10.384155516109246,-4.164092340778315,159.97614096311432,10.401111111101136,356.7280000000059,-5.273842703928901,3.078831202726006,-50.8087735499002,77.93567323743699
1017014.0,-2.1681,0.4659,10.5539,-0.0096,0.0056,9.8066,-0.0336,-0.358,0.1559,161.75,-86.39,165.89,53.052452,-1.757877,8.86,3,359.09,18 / 19,4.633672578341262,7.396272831316394,0.9085175667947112,47.110374210445904,82.77554758291248,16.189734414027193,False,29.799999999999955,-0.7143297618919564,10.290236051292867,-4.237615640523834,161.0324927661851,10.315000000002545,356.02900000002063,-5.348002340233219,2.893963219976473,-51.34798985096974,78.25694518327262
1017114.0,2.8984,0.0619,11.1925,-0.0399,0.0357,9.8064,0.0411,-0.4295,0.2293,167.32,-86.11,168.63,53.052452,-1.757877,8.86,3,359.09,18 / 19,4.602306348735337,7.400615200376143,1.0151725667947356,47.57217315679984,83.51539198449727,16.28591892070669,False,29.899999999999977,-0.678095495064452,10.118414948376385,-4.304455003952537,162.03324710571565,10.141111111113682,356.16599999999795,-5.280401843799789,2.7177997480002416,-51.876628160752375,78.51785512121837
1017214.0,-2.311,-0.9121,8.6469,0.0014,0.0453,9.8065,-0.1259,0.1014,-0.1525,165.9,-85.93,170.42,53.052452,-1.757877,8.86,3,359.09,18 / 19,4.562642354733259,7.4655581881425634,1.0264775667947383,48.030420591973375,84.25870065392337,16.388001427386186,False,30.0,-0.7686885667152934,10.395507561216164,-4.38466224004263,163.08959890949393,10.42388888888889,355.771,-5.3313309214485525,2.9299493730736,-52.415082832016004,78.83089825557056
1017314.0,-2.5848,-0.3006,9.9852,-0.0225,-0.0532,9.8064,0.0098,-0.0631,0.0902,169.57,-85.93,171.2,53.052452,-1.757877,8.86,3,359.09,18 / 19,4.788605700029291,7.603491096604438,0.9774175667947831,48.49798299471108,85.01215311816003,16.488196184065572,False,30.09999999999991,-0.7224850988484167,10.052125101832209,-4.458185539815504,164.10147274215524,10.078055555559484,355.8889999999908,-5.511090798877707,2.4486340052277704,-52.95616853452658,79.08931962399521
1017414.0,0.4081,-1.5092,9.9104,0.0669,-0.0314,9.8063,-0.1026,0.1783,-0.2241,176.21,-86.52,179.18,53.052452,-1.757877,8.86,3,359.09,18 / 19,4.890715568380418,7.742791230745575,0.9915325667947863,48.981949058131676,85.7794672345277,16.586643690745074,False,30.199999999999932,-0.865250343531118,10.329937144564584,-4.551760648574057,165.15782454444283,10.36611111109834,355.21200000003,-5.755965911911536,2.5871459138190085,-53.533709706705736,79.37835730991513
1017514.0,-0.1846,1.9545,9.4606,0.0047,0.0298,9.8066,0.0118,0.1815,-0.0906,174.06,-86.49,176.53,53.052452,-1.757877,8.86,3,359.09,18 / 19,4.888803937627736,7.747567134294719,0.9794175667947835,49.470925033432195,86.55398515277989,16.685191197424576,False,30.299999999999955,-0.6815676843342087,10.280487307154898,-4.611916075673152,166.18081787023914,10.30305555555742,356.2069999999706,-5.570371621961945,2.5329201728601785,-54.082841109105345,79.62683271745925
1017614.0,3.5499,-0.5171,10.5183,0.0089,-0.0091,9.8066,-0.0354,0.078,-0.1714,170.6,-86.24,172.68,53.052452,-1.757877,8.86,3,359.09,18 / 19,4.731575440994794,7.6750777927093825,0.9976975667947877,49.95194400236343,87.32511739913026,16.784046954104078,False,30.399999999999977,-0.8288023738596343,10.35076012096936,-4.705491184437526,167.23716967260265,10.383888888887693,355.4220000000116,-5.560377814854428,2.6756823282599775,-54.65743518680096,79.91205227347238
1017714.0,-0.4453,-0.702,10.2589,-0.0034,-0.0239,9.8066,0.0413,0.2767,-0.3018,165.27,-86.27,166.32,53.052452,-1.757877,8.86,3,359.09,18 / 19,4.565565834269978,7.738559465561003,1.055892566794801,50.41680106612678,88.09579926204395,16.88672646078358,False,30.5,-0.7249131740013588,10.185346877432112,-4.772330547866426,168.2601629991053,10.21111111111111,355.92900000000003,-5.290479008271337,2.4467874118711093,-55.189131613993204,80.16436373706134
1017814.0,2.4018,0.0131,10.1082,0.0195,-0.0124,9.8066,0.0614,0.0405,-0.176,155.02,-86.19,157.9,53.052452,-1.757877,8.86,3,359.09,18 / 19,4.466605312913269,7.75398011479267,1.0935825667947667,50.86840962348553,88.87042624106093,16.99420021746296,False,30.59999999999991,-0.613208515794711,10.171532594262581,-4.8324859749244755,169.28315632419162,10.189999999999495,356.54999999998506,-5.07981382870798,2.4175524794699115,-55.70089559841001,80.4127300831307
1017914.0,0.6286,-0.5652,10.5644,0.0166,0.0243,9.8066,-0.041,-0.1137,0.0749,154.36,-86.13,157.06,53.052452,-1.757877,8.86,3,359.09,18 / 19,4.311885684603305,7.741369916179202,1.1465475667947789,51.30733417336146,89.64519374260969,17.106206724142464,False,30.699999999999932,-0.8045489206624079,10.121128304121536,-4.91937714736591,170.30614964849738,10.153055555557193,355.4550000000485,-5.116434605265713,2.379758387942334,-56.22671132072737,80.66095590588769
1018014.0,1.3484,-0.2374,9.9604,0.0102,-0.0053,9.8066,-0.0312,-0.1574,0.1298,160.76,-86.54,161.32,53.052452,-1.757877,8.86,3,359.09,18 / 19,4.199536256998709,7.769261877623668,1.1921225667947892,51.732905270441655,90.42072533230001,17.22314023082197,False,30.799999999999955,-0.6923791254828289,10.148352818435516,-4.9862165107953045,171.32914297358488,10.171944444443886,356.096999999981,-4.891915382481537,2.3790909408118477,-56.71912178123696,80.90841764128487
1018115.0,2.4534,-1.1968,9.6322,-0.0135,-0.0042,9.8066,0.074,-0.3625,0.2136,166.27,-86.6,164.12,53.052452,-1.757877,8.86,3,359.09,18 / 19,3.9951855963285596,7.815047900174071,1.1910772167947892,52.14673872403468,91.20773297607879,17.34349181989324,False,30.900999999999954,-0.7181184473648259,10.126282286100965,-5.06709214053282,172.3624774268471,10.151713888889232,355.9435899999976,-4.713304043693386,2.311234385926894,-57.2138308645675,81.15474445076832
1018215.0,1.629,1.2061,9.9063,0.0245,-0.0078,9.8066,0.0129,-0.0219,-0.0312,173.52,-86.47,172.46,53.052452,-1.757877,8.86,3,359.09,18 / 19,3.220942516419789,6.631904750059712,1.00923663427557,52.507545129672174,91.93008060859064,17.453507512446784,False,31.000999999999976,-0.6873079399851156,10.10552446060954,-5.133864664584466,173.3964790494431,10.128880555555554,356.10912999999994,-3.9082504564049048,3.473619710549829,-57.64140979425664,81.46639844085244
1018315.0,6.4357,1.7005,9.8949,-0.0326,-0.0482,9.8065,0.0858,-0.3196,-0.1026,173.28,-86.75,172.33,53.052452,-1.757877,8.86,3,359.09,18 / 19,2.840515657333492,6.4678901117099254,1.0186316342755724,52.810618038359905,92.58507035167928,17.554900925874364,False,31.101,-0.5458868869404564,10.114052317495643,-5.19402009164244,174.41947237523718,10.128775000001005,356.91058999999524,-3.3864025442739485,3.6461622057857177,-58.00463813000235,81.8344020235579
1018415.0,-0.2602,0.0988,10.0718,0.1648,-0.0337,9.8052,0.0674,1.6537,-1.1933,176.68,-87.01,179.62,53.052452,-1.757877,8.86,3,359.09,18 / 19,2.5482336147079154,6.368695293046494,1.0363016342755562,53.08005550196173,93.22689962191652,17.657647589301828,False,31.200999999999908,-0.6102069288336757,10.181710438742243,-5.2542423580855075,175.442465700943,10.19998055555564,356.57027000001216,-3.158440543541591,3.813015145695749,-58.334297860047236,82.21556607902647
1018515.0,-13.57,-0.0295,10.0198,0.0373,0.0584,9.8063,-0.1902,0.6088,-0.5188,169.56,-86.6,167.96,53.052452,-1.757877,8.86,3,359.09,18 / 19,3.2316909521930013,6.516071741784704,1.0602166342755617,53.36905173030684,93.87113797365822,17.762473502729407,False,31.30099999999993,-0.6558135362717261,10.177271495507599,-5.32081436406091,176.46545902533026,10.198405555554517,356.3129699999616,-3.887504488464727,3.6611997537228946,-58.68986609436775,82.59432105167204
1018615.0,9.3547,2.4007,10.6324,0.2031,0.0659,9.8043,-0.1798,1.379,-0.2486,169.42,-86.68,160.65,53.052452,-1.757877,8.86,3,359.09,18 / 19,3.462407278689976,6.463951914340233,1.1121616342755736,53.703756641851065,94.52013915646462,17.871092416156987,False,31.400999999999954,-0.4309681158118081,10.224990954627826,-5.361185339552777,177.48856354534894,10.234086111109578,357.58660000001544,-3.8933753945017844,3.761039040287593,-59.06494198140384,82.96842438888432
1018715.0,-15.1024,0.9655,9.6492,0.2609,0.0501,9.803,-0.1588,1.6624,-1.2371,180.45,-86.24,-179.47,53.052452,-1.757877,8.86,3,359.09,18 / 19,3.783411347181729,6.23284188472846,1.1455766342755813,54.06604757314473,95.1549788464182,17.98397932958457,False,31.500999999999976,-0.6201658446301109,10.316305462939132,-5.427891024241248,178.52256516863102,10.334930555555566,356.55983,-4.40357719181184,4.083463578210672,-59.49393859738598,83.36758632221282
1018814.0,3.4108,-0.1551,8.9495,0.0479,-0.0132,9.8065,0.0085,-0.2278,0.2413,174.72,-86.26,170.23,53.052452,-1.757877,8.86,3,359.09,18 / 19,4.366994942086265,6.197863639189985,1.0953539342756156,54.46949268446322,95.77029876985175,18.094905392727778,False,31.59999999999991,-0.5632646751749721,10.20251891653181,-5.480827800074129,179.53532855976692,10.218055555558966,356.8399999999958,-4.930259617261237,4.004655277341825,-59.95032048453735,83.76502978991518
1018914.0,-9.4025,-2.5175,9.7465,0.1854,-0.027,9.8048,0.1501,0.7845,-0.6118,179.5,-86.42,179.42,53.052452,-1.757877,8.86,3,359.09,18 / 19,4.67054360722074,6.34676216713963,1.049488934275605,54.921369611928675,96.39753006016838,18.202147536155362,False,31.699999999999932,-0.6328591084523139,10.448907907662614,-5.547667163444624,180.59168036346918,10.468055555544472,356.5340000000136,-5.303402715673053,4.1021457405229835,-60.4690367753733,84.1941503033008
1019014.0,5.4567,1.889,11.1711,-0.0243,0.0213,9.8065,0.1377,-0.6138,0.4214,176.72,-86.15,172.56,53.052452,-1.757877,8.86,3,359.09,18 / 19,4.878110082269716,6.393649388472975,1.11470393427562,55.398802296403304,97.03455063794915,18.310357179582947,False,31.799999999999955,-0.5102359858118638,10.296254142276016,-5.594454717868054,181.62579318027602,10.308888888893595,357.1629999999814,-5.38834606808158,3.9026047538030415,-60.99325701427136,84.59124254232687
1019114.0,3.0089,1.6231,10.9288,0.0929,0.0419,9.8061,0.1432,0.2224,-0.219,178.27,-85.75,177.92,53.052452,-1.757877,8.86,3,359.09,18 / 19,4.468454393624094,6.224967346984252,1.2390339342756482,55.8661305201981,97.66548147472216,18.428044073010536,False,31.899999999999977,-0.40887974666733584,10.519000745751327,-5.634558335906753,182.6821449840545,10.526944444441222,357.77399999999096,-4.877334140291429,4.294033398767075,-61.50068885610485,85.01666350933235
1019215.0,6.9112,-0.0751,9.5517,-0.0593,0.0119,9.8064,-0.0055,-0.6912,0.546,182.42,-85.5,179.16,53.052452,-1.757877,8.86,3,359.09,18 / 19,3.9771515784846825,6.1838167413266,1.2828275342756479,56.29263362178959,98.29212507118184,18.555398077172377,False,32.000999999999976,-0.4907844976166567,10.622920114779246,-5.688297184113617,183.74906030516382,10.634261111111117,357.3548399999999,-4.467936076101339,4.439103373452646,-61.980930805903206,85.45693523398198
1019315.0,-2.293,0.6482,9.8442,0.064,0.0049,9.8064,-0.0394,0.1307,-0.1443,184.61,-85.41,-178.17,53.052452,-1.757877,8.86,3,359.09,18 / 19,3.7517769859177035,6.186821344023375,1.2719575342756455,56.6790800500098,98.91065697544948,18.683137330599973,False,32.101,-0.34377146897714944,10.555281867564986,-5.715032929477161,184.80530091401067,10.560880555555235,358.13462000000504,-4.095548454894853,4.368460523541611,-62.39411297948696,85.89464393856119
1019415.0,-6.733,0.1371,9.9202,-0.0798,-0.0092,9.8063,0.1594,-1.0415,0.5367,185.42,-85.44,-177.02,53.052452,-1.757877,8.86,3,359.09,18 / 19,4.20667699353538,6.132644865287651,1.2795125342756386,57.077002748982096,99.52663028591448,18.81071083402742,False,32.20099999999991,-0.274980111031957,10.534084210824348,-5.741568156762357,185.8506444195041,10.537694444446048,358.5047399999479,-4.481657104567337,4.401439345536697,-62.81857090574445,86.32401413358963
1019515.0,-2.1637,1.1972,9.9776,-0.0466,0.0287,9.8065,0.1932,-0.7256,0.4547,183.23,-85.11,179.98,53.052452,-1.757877,8.86,3,359.09,19 / 19,4.65422850494017,6.0542268954915714,1.2937375342756419,57.52004802390597,100.13597387395357,18.939373337455017,False,32.30099999999993,-0.06084110487653584,10.504359713674624,-5.74818525373014,186.9073298073477,10.504536111103429,359.66811999999663,-4.715069609816706,4.450132818183053,-63.268233277636114,86.77135593339413
1019615.0,-6.5451,0.3942,9.8321,-0.0417,-0.0041,9.8065,0.203,-0.6869,0.3102,189.21,-84.76,-176.41,53.052452,-1.757877,8.86,3,359.09,19 / 19,5.088010542246285,5.94227475924433,1.3035575342756442,58.007159976265406,100.7357989566905,19.06923809088261,False,32.400999999999954,-0.04150251075933583,10.76171997293905,-5.748252093093482,187.9969288927724,10.761799999998976,359.77903999999995,-5.1295130530056205,4.81944521369472,-63.75541206935889,87.26112993608189
1019715.0,7.0666,1.9571,10.2254,-0.1135,-0.0058,9.806,0.0381,-1.0106,0.7108,193.91,-84.52,-174.2,53.052452,-1.757877,8.86,3,359.09,19 / 19,5.053021296981234,5.88517678999012,1.3257675342756494,58.5142115682269,101.32717153415236,19.200704344310203,False,32.500999999999976,-0.03931287552511019,10.829695912244611,-5.7546686719839,189.07551968070962,10.829780555555558,356.1920300000327,-5.092334172506344,4.9445191222544915,-64.26888024021079,87.74834814655726
1019815.0,-7.9524,0.7291,7.3852,-0.0864,-0.0459,9.8061,-0.0616,0.0822,0.0308,191.56,-84.63,-169.23,53.052452,-1.757877,8.86,3,359.09,19 / 19,5.080913029307409,5.784288799447533,1.2256325342756267,59.02090828454145,101.91064481362437,19.328274347737796,False,32.601,0.13145579040089914,10.806294628762924,-5.734483184224441,190.15399927511513,10.807113888887574,0.6970500000154266,-4.9494572389065095,5.022005829315391,-64.7553914687659,88.24335446149075
1019914.0,3.0037,-2.0007,9.7714,-0.075,-0.0439,9.8062,0.0309,-0.4414,0.1219,192.0,-85.16,-172.78,53.052452,-1.757877,8.86,3,359.09,19 / 19,5.346105378591603,5.822340256936628,1.1040258842757094,59.5370456957321,102.485172951915,19.44359243945601,False,32.69999999999993,0.3348492752197126,10.70865496159201,-5.701397699336344,191.21079585828002,10.713888888893063,1.7909999999510067,-5.01125610337189,4.8863147046553825,-65.23844339506844,88.72562290636502
1020015.0,-0.0629,0.0754,10.5638,-0.0075,0.0021,9.8066,-0.0675,0.4289,-0.1893,190.59,-85.11,-174.49,53.052452,-1.757877,8.86,3,359.09,19 / 19,5.23279327376826,5.9734816112690154,1.140481834275709,60.07128007767626,103.08086195625938,19.556940079242853,False,32.80099999999993,0.3598937872606745,10.85685081512824,-5.667309623995587,192.31140324213837,10.862836111108468,1.8985099999658734,-4.872899486507585,4.883369203859225,-65.73858970167186,89.23054128587899
1020115.0,1.3298,0.2663,9.1311,-0.0483,0.0359,9.8064,-0.1357,-0.0187,0.0939,189.55,-84.88,-175.67,53.052452,-1.757877,8.86,3,359.09,19 / 19,5.17839651821165,5.992194452347847,1.14456183427571,60.59183956727538,103.67914575944036,19.67119226267045,False,32.900999999999954,0.5806101000391728,10.936988250961106,-5.600537099943577,193.40133591234945,10.952388888886988,3.0387899999988255,-4.597786418172477,4.944793798613259,-66.19237666721895,89.72219015290909
1020215.0,-2.7363,0.821,10.9606,0.0304,0.0277,9.8065,-0.0609,0.0538,-0.0248,187.76,-84.56,-173.99,53.052452,-1.757877,8.86,3,359.09,19 / 19,5.250996645291347,5.9563051919208085,1.1684818342757155,61.11330922545065,104.27657074165393,19.786844446098048,False,33.000999999999976,0.6011494460752561,11.062852185720557,-5.5405821909497055,194.51339637388844,11.079180555555553,3.11038000000006,-4.649847199216091,5.106546993799748,-66.65389141640036,90.23682563223451
1020314.0,2.3103,0.3412,9.8176,-0.0257,-0.0081,9.8066,-0.0893,-0.0853,0.1961,192.74,-84.68,-171.5,53.052452,-1.757877,8.86,3,359.09,19 / 19,5.275387386047993,5.931283362155032,1.2261443842756763,61.634365235001596,104.86500637508028,19.905378443916263,False,33.09999999999991,0.4758104867280241,11.097860271511848,-5.5008796090912595,195.62523444533682,11.108055555554337,2.4550000000078307,-4.799576899319969,5.166576909356817,-67.13524484409285,90.76022807025653
1020414.0,-0.8483,-1.4744,8.0301,-0.0125,-0.0308,9.8065,-0.271,-0.0171,-0.0369,195.4,-85.12,-168.57,53.052452,-1.757877,8.86,3,359.09,19 / 19,5.232126183106805,6.024190207791821,1.1378643842756562,62.15974091345946,105.46278005357776,20.023578882343855,False,33.19999999999993,0.5822535301583808,11.003494589101393,-5.434040245667618,196.70382523318145,11.018888888892842,3.02899999997455,-4.6498726529484244,4.979304381309572,-67.59378115912708,91.24104517960369
1020515.0,0.8847,-0.2062,11.2446,-0.0299,-0.0366,9.8064,0.0967,-0.0916,0.1187,195.13,-85.81,-169.4,53.052452,-1.757877,8.86,3,359.09,19 / 19,5.266131113695012,6.1305505094647375,1.1207650842756562,62.68990290694794,106.07659445979921,20.137639670505695,False,33.30099999999993,0.6378531796413628,11.193948854923464,-5.3730827462624315,197.84924417364306,11.212113888888387,3.2612899999813503,-4.628277934053649,5.063398345458727,-68.06298565321038,91.77264971384385
1020614.0,-0.3973,-0.1866,10.0981,-0.0039,0.0147,9.8066,0.1741,0.0414,-0.0281,194.51,-85.65,-170.03,53.052452,-1.757877,8.86,3,359.09,19 / 19,5.260766703983382,6.179708484796584,1.2063703842756965,63.21098434892327,106.68595228001543,20.25283287619904,False,33.39999999999998,0.7606076759669425,11.203098751785895,-5.293677582519871,198.96108224439308,11.228888888888639,3.8839999999907038,-4.50015902801644,5.023390266989311,-68.50466193144314,92.27512996437765
1020715.0,-1.9627,-0.4146,10.9922,-0.0106,0.0719,9.8064,-0.0215,0.147,-0.0499,191.1,-84.96,-173.72,53.052452,-1.757877,8.86,3,359.09,19 / 19,5.396128412734181,6.210046538125007,1.280958884275696,63.7491575523175,107.31163490867296,20.378443004260884,False,33.500999999999976,0.9038302936556396,11.209770006664014,-5.198966204563069,200.08448458916808,11.2461611111111,4.609629999999921,-4.492298119078542,4.999723468539007,-68.94812375688056,92.77284968049513
1020814.0,1.2265,-1.214,10.508,-0.0174,0.0431,9.8065,-0.089,-0.1278,0.229,189.93,-84.49,-175.29,53.052452,-1.757877,8.86,3,359.09,19 / 19,5.457041087467995,6.305902714636794,1.3743604342756326,64.28638944257715,107.93117439668424,20.509881310529085,False,33.59999999999991,1.0818084965542545,11.30948876191054,-5.086475555904154,201.21833925702003,11.361111111110482,5.4639999999901505,-4.375232590913741,5.003586047273746,-69.3728649984813,93.28716486033579
1020914.0,-1.5856,1.7694,10.1192,0.0024,-0.0076,9.8066,0.1152,0.0218,-0.0742,191.16,-84.47,-173.38,53.052452,-1.757877,8.86,3,359.09,19 / 19,5.478949472647053,6.2991304090662945,1.425055434275644,64.83318897058302,108.56142605286954,20.649852103956682,False,33.69999999999993,0.9354004129064617,11.276269377217794,-4.99958438346272,202.34140801456408,11.315000000002044,4.742000000032012,-4.543549059740592,4.9771389681514995,-69.83277335404574,93.77998196169455
1021014.0,-1.7332,1.099,9.8714,-0.0186,-0.0124,9.8066,-0.0664,-0.0893,-0.0364,187.61,-84.43,-174.2,53.052452,-1.757877,8.86,3,359.09,19 / 19,5.628903510702102,6.156260657025421,1.4439204342756484,65.38858161975061,109.18419560617426,20.79330089738428,False,33.799999999999955,1.4143806883380634,11.537517937991371,-4.845853847629281,203.50895474471977,11.623888888879756,6.988999999933582,-4.214522822364039,5.38125728096595,-70.2344354673799,94.32475913854552
1021114.0,0.2857,2.0401,9.4913,-0.0357,-0.0351,9.8065,-0.0188,-0.0806,0.087,188.69,-84.85,-177.05,53.052452,-1.757877,8.86,3,359.09,19 / 19,5.6881257264602905,6.017092213139726,1.4313904342756456,65.95443308160885,109.79286324968265,20.93706644081188,False,33.89999999999998,0.9595914937820238,11.769836063221812,-4.75896267517955,204.67650147487743,11.808888888886155,4.661000000034407,-4.728534232678267,5.752743850082085,-70.7133957567884,94.88363822519477
1021214.0,-1.4899,0.0109,10.3088,-0.0006,0.0001,9.8066,-0.0974,0.3577,-0.2752,185.37,-84.94,-177.11,53.052452,-1.757877,8.86,3,359.09,19 / 19,5.742342242159449,5.9365353739126645,1.4407304342756477,66.52595648003997,110.3905446290354,21.080672484239475,False,34.0,1.4855788827631367,11.303910383181098,-4.598548202986769,205.79957023321117,11.40111111111111,7.487,-4.256763359396312,5.367375009268433,-71.12450468302673,95.40902560417577
1021314.0,-2.2339,-0.322,10.814,-0.0376,-0.0123,9.8065,0.1368,-0.0756,0.0573,181.42,-85.07,177.96,53.052452,-1.757877,8.86,3,359.09,19 / 19,5.936505282216574,5.968535922774276,1.516205434275579,67.10989885625824,110.98579819386921,21.2285192776669,False,34.09999999999991,1.7041124573095892,11.440725698734767,-4.418081921760751,206.94487797780872,11.566944444443736,8.472000000000397,-4.232392824906984,5.472189775960491,-71.52798077801899,95.9590797839395
1021414.0,-3.212,2.3365,9.2513,0.0098,0.0064,9.8066,0.0624,0.5215,-0.2143,178.49,-84.68,178.05,53.052452,-1.757877,8.86,3,359.09,19 / 19,6.218589981014823,5.8959375877644735,1.5388054342755844,67.71765361941995,111.57902186939629,21.381269821094495,False,34.19999999999993,1.7022241360285102,11.388487958933576,-4.250983513221577,208.07906622989958,11.515000000002303,8.500999999998713,-4.516365844986312,5.492550371169102,-71.96863713264153,96.5000443605033
1021514.0,-1.2694,-1.3076,9.8387,0.0383,-0.0351,9.8065,-0.1015,0.2177,-0.1395,175.81,-84.6,174.67,53.053314,-1.757869,12.06,3,5.91,19 / 19,6.4458279930944595,5.880137605181082,1.5126404342755784,68.35087451812555,112.16782562904369,21.533842114522088,False,34.299999999999955,1.7783266887913092,11.325118217694556,-4.070517231982477,209.20213498894046,11.4638888888904,8.923999999987496,-4.66750130430315,5.444980612513474,-72.42139175010803,97.03430935989677
1021614.0,-1.2493,0.8701,7.8548,-0.0114,-0.0372,9.8066,-0.1365,0.1006,-0.1066,175.67,-85.21,174.66,53.053314,-1.757869,12.06,3,5.91,19 / 19,6.5743521494409105,5.938349868964747,1.4166504342755566,69.00188352525247,112.75875000275111,21.68030665794968,False,34.39999999999998,1.3435429991865968,11.70313172656034,-3.9568903142224623,210.3696817183895,11.779999999995328,6.549000000035101,-5.230809150254314,5.764781857595593,-72.95877383947493,97.61093171563839
1021715.0,-1.7848,0.0646,8.5378,0.0031,-0.0168,9.8066,-0.0706,0.0794,-0.0329,174.53,-85.62,173.43,53.053314,-1.757869,12.06,3,5.91,19 / 19,6.73478035074827,5.9319945131979175,1.2540050842755581,69.67399471651201,113.35820239405032,21.81517476163651,False,34.500999999999976,1.6577754731728593,11.457783974464219,-3.7816375033192666,211.50431475050786,11.57709999999999,8.232800000000065,-5.077004877575411,5.525789461266301,-73.45563221983127,98.14611235645754
1021815.0,-1.7423,-1.742,9.3835,0.02,-0.0064,9.8066,-0.0448,0.1225,0.0157,172.88,-85.79,171.5,53.053314,-1.757869,12.06,3,5.91,19 / 19,6.903035465418331,6.0616837841147975,1.169405084275539,70.3558855073205,113.9578863089161,21.93634527006409,False,34.601,1.5259506247742023,11.579026443924725,-3.634858261241295,212.6614091570923,11.679169444450267,7.507929999983149,-5.3770848406441285,5.517342659809928,-73.99074376856179,98.70352284817619
1021914.0,1.2443,0.8758,11.1381,-0.002,0.0263,9.8066,0.0167,0.1674,-0.1075,176.63,-85.43,175.87,53.053314,-1.757869,12.06,3,5.91,19 / 19,6.922910649360581,6.137860831321428,1.2143659342755084,71.04026984000159,114.56176376737979,22.054341935482288,False,34.69999999999993,1.329628165786204,12.018619279594018,-3.515750515623104,213.87232190806643,12.091944444425959,6.313000000053515,-5.593282483574377,5.880758448272591,-74.5560203556247,99.31055814068664
1022014.0,0.6727,-0.2598,10.2815,0.0269,0.0573,9.8064,0.1836,0.0814,0.0687,180.87,-84.71,-178.9,53.053314,-1.757869,12.06,3,5.91,19 / 19,6.835782315815157,6.130734647950427,1.304680934275529,71.72820448826053,115.17519354134352,22.18029427890987,False,34.799999999999955,1.7709217621608466,11.733219038852528,-3.3219163617381735,215.03986863751925,11.866111111117787,8.582999999932902,-5.06486055365431,5.602484390902101,-75.0501208499987,99.86467509617573
1022115.0,1.3154,-1.0482,10.2461,-0.0038,0.003,9.8065,0.0548,0.3095,-0.3585,181.86,-84.57,-177.59,53.053314,-1.757869,12.06,3,5.91,19 / 19,6.744467665482202,6.226164815847191,1.3508530842755286,72.41400711231604,115.7992169642653,22.314398746846695,False,34.900999999999954,1.387408095203559,11.764028503143159,-3.199867684145798,216.23065510710006,11.84558055554891,6.725789999983955,-5.357059570278643,5.5378636872959675,-75.61387479646184,100.43143814283476
1022215.0,-2.8199,1.9063,9.4175,-0.0038,-0.019,9.8066,-0.1286,0.1098,0.0886,182.34,-84.56,-177.03,53.053314,-1.757869,12.06,3,5.91,19 / 19,6.824815955167362,6.2060667086118935,1.3533680842755293,73.09247129334868,116.42082854048839,22.449609805274278,False,35.000999999999976,1.66681118243275,12.171483625795863,-3.0260853392505513,217.44234622218758,12.285086111111138,7.797899999999964,-5.158004772734612,5.96541691718397,-76.11855663259924,101.0215176816992
1022317.0,-2.197,0.262,10.1114,-0.0038,-0.0622,9.8064,-0.1188,0.7463,-0.5312,184.4,-85.15,-174.61,53.053314,-1.757869,12.06,3,5.91,19 / 19,7.083371011701175,6.107862516891258,1.3490636842755304,73.8017888286588,117.0488389309889,22.58743382547035,False,35.10299999999995,1.7155519960146803,11.861499118349581,-2.8478247570322734,218.6439185996524,11.985044444441952,8.2305000000191,-5.367819015686495,5.753636601458323,-76.64961358569107,101.59507966866352
1022415.0,-6.1445,-0.9053,8.985,-0.0922,-0.0244,9.8061,-0.0546,0.7898,-0.2992,187.66,-85.36,-170.71,53.053314,-1.757869,12.06,3,5.91,19 / 19,7.503028399280624,6.115916738219232,1.3237355842755416,74.51652239979659,117.64780411448903,22.71840098962929,False,35.20099999999991,1.994542576928705,11.62354384425188,-2.64463309224982,219.7778844614251,11.793430555535377,9.736739999987826,-5.508485822351919,5.507627106032649,-77.1611554920464,102.13008034693605
1022515.0,6.6693,0.1249,9.9992,-0.0984,-0.0072,9.8061,0.015,0.4837,-0.2558,181.37,-85.58,-178.35,53.053314,-1.757869,12.06,3,5.91,19 / 19,7.4885153754411595,6.147558916545766,1.2922805842755345,75.26609958853284,118.26097789722742,22.849201798056875,False,35.30099999999993,2.12335888878542,12.05029791766904,-2.4247984259671624,220.99991670655132,12.235986111132071,9.992500000045956,-5.3651564866557395,5.902739001123274,-77.69089801450001,102.7389388093239
1022615.0,-6.9602,-0.6672,10.1387,-0.0722,0.0044,9.8063,0.0133,1.1062,-0.5664,181.83,-85.19,-177.76,53.053314,-1.757869,12.06,3,5.91,19 / 19,7.5110605232484735,6.197958627495716,1.3185105842755405,76.01607838346749,118.87825377442964,22.979741356484457,False,35.400999999999954,1.696672009284342,11.415195782521497,-2.277551308371496,222.11297792172792,11.540599999993326,8.454280000005532,-5.814388513964132,5.2172371550257814,-78.29362969183899,103.23472414729828
1022714.0,6.5926,-0.2252,11.5556,-0.1425,-0.018,9.8056,0.1014,-0.3746,0.2105,177.42,-85.25,176.81,53.053314,-1.757869,12.06,3,5.91,19 / 19,7.536148447247768,6.242798167306134,1.4215200842755888,76.7609152275074,119.49407123577262,23.1153728745778,False,35.5,1.685801942035072,11.865845811076039,-2.1121238839056367,223.32389067279158,11.985,8.086,-5.850346505212696,5.623047643769905,-78.87303911141304,103.82981943701895
1022814.0,3.5717,0.8262,9.7072,0.0518,0.0102,9.8064,-0.0476,0.4836,-0.2092,177.36,-85.06,176.76,53.053314,-1.757869,12.06,3,5.91,19 / 19,7.035058959892296,6.216612407913206,1.5039950842755139,77.48947559786373,120.11704176453303,23.261648633005223,False,35.59999999999991,2.0856089221873506,12.17572244188627,-1.8715021756060948,224.59151283618942,12.353055555537232,9.720000000097517,-4.9494500377049455,5.959110033973064,-79.36097777346983,104.4744710716564
1022914.0,3.7283,1.9448,9.8163,-0.0639,-0.0055,9.8063,0.1135,-0.7816,0.4762,172.86,-84.85,174.75,53.053314,-1.757869,12.06,3,5.91,19 / 19,6.689811852299752,6.074524808925292,1.4995050842755129,78.17571913847348,120.73159862537509,23.411823641432807,False,35.69999999999993,3.1947470680605923,10.536303487102854,-1.4570981224565767,225.5700281915031,11.010000000059549,16.86799999968307,-3.49506478423916,4.461778678177562,-79.63281726093005,104.83842956612801
1023014.0,1.0364,-0.9608,7.9367,0.0765,-0.0149,9.8063,-0.1081,-0.0235,0.0469,174.09,-84.93,176.44,53.053314,-1.757869,12.06,3,5.91,19 / 19,6.463795003868473,6.024504193491026,1.4064900842754917,78.83339948128204,121.33655007549604,23.55712339986039,False,35.799999999999955,3.4986087140243707,10.231417668818196,-1.0894816236707998,226.58190202345614,10.813055555561377,18.877999999940588,-2.965186289844102,4.20691347532717,-79.92288110495285,105.2453519479601
1023114.0,-8.9087,-2.0516,8.3913,-0.0048,-0.0578,9.8064,0.0688,-0.7455,0.55,173.81,-85.39,175.94,53.053314,-1.757869,12.06,3,5.91,19 / 19,6.8426639254369785,6.244123887818169,1.2422250842754543,79.49872242774747,121.94998147956163,23.689559158287967,False,35.89999999999998,3.48610706814131,10.30755240208746,-0.7486008702497373,227.604895347836,10.881111111110105,18.68600000000284,-3.3565568572956686,4.06342851426929,-80.2473232979972,105.65491386827436
1023214.0,-2.8851,-2.8232,9.9974,0.1017,0.0136,9.8061,0.044,-0.3908,0.2283,177.54,-85.56,-179.38,53.053314,-1.757869,12.06,3,5.91,19 / 19,7.416900734239844,6.568381838820362,1.1809950842754404,80.21170066073147,122.5906067658937,23.81072016671554,False,36.0,2.581186212924227,11.030920233189976,-0.5681345889943883,228.75020309243322,11.328888888888889,13.17,-4.835714521315618,4.462538394369614,-80.77983524972585,106.15959632653953
1023315.0,-1.7746,0.0751,10.1192,0.048,0.0373,9.8065,-0.0761,-0.3992,0.4349,178.01,-85.42,-178.83,53.053314,-1.757869,12.06,3,5.91,19 / 19,7.6514798911332225,6.743525719137488,1.2064117342754404,80.9726538823128,123.26285809757056,23.931284211052358,False,36.101,2.2860099391411675,11.923413617612654,-0.3793802267161009,230.0198267654558,12.140661111117462,10.85406999997078,-5.365469951992055,5.179887898475166,-81.35203410902889,106.75696866788525
1023415.0,5.2507,1.0267,9.4952,0.1484,0.0199,9.8054,0.0602,-0.1377,0.1523,174.87,-85.41,177.37,53.053314,-1.757869,12.06,3,5.91,19 / 19,7.488151066769732,6.695218042470812,1.2064667342754403,81.72963543020725,123.93479528565037,24.05192813447979,False,36.20099999999991,1.92180279924495,12.444822947380302,-0.21876523648346924,231.33170450932545,12.592338888883434,8.778640000014928,-5.566348267524782,5.74960490490949,-81.94840066669072,107.39690922367508
1023514.0,4.2038,-1.6878,9.5272,0.0073,0.0102,9.8066,-0.2116,-0.3106,0.3894,184.01,-85.39,-171.54,53.053314,-1.757869,12.06,3,5.91,19 / 19,7.038174193591571,6.745594414432494,1.1772171842754267,82.44868853059548,124.60011550226739,24.169920488448113,False,36.299999999999955,1.8673806570370386,12.57600334608113,-0.0401036180166702,232.60866704679802,12.71388888888526,8.446000000009931,-5.170793536554532,5.830408931648636,-82.48879214861215,108.00855154453063
1023614.0,-0.4848,-1.4343,8.53,0.1133,0.0012,9.806,-0.1467,0.2597,-0.0712,185.03,-85.98,-170.17,53.053314,-1.757869,12.06,3,5.91,19 / 19,6.873338299523546,6.9398304312816945,1.099412184275409,83.14426415525139,125.28438674455325,24.28375195687568,False,36.39999999999998,1.0500448433138407,12.522998782113975,0.006683936356675559,233.9096476888925,12.566944444446618,4.793000000053988,-5.823293456209705,5.58316835083228,-83.13758021889471,108.62526094433926
1023714.0,-4.9032,0.0764,9.7173,-0.0804,-0.0288,9.8062,0.0758,-0.689,0.2764,187.23,-86.12,-167.9,53.053314,-1.757869,12.06,3,5.91,19 / 19,7.155733291055794,7.000287735209985,1.0311121842753934,83.84571773478052,125.98139265287799,24.390278175303244,False,36.5,0.8598585217078064,12.767188527257977,0.06683936344080406,235.19950883785455,12.796111111111111,3.853,-6.2958747693479875,5.766900792047992,-83.77887837133972,109.21811618497657
1023814.0,-5.9412,-2.114,9.3293,0.0603,0.0392,9.8063,0.0031,0.0035,0.0279,181.66,-85.9,-170.91,53.053314,-1.757869,12.06,3,5.91,19 / 19,7.7069204425945035,7.088716102852688,1.0027771842754192,84.58885042146235,126.68584284478048,24.491972643730694,False,36.59999999999991,0.7493237023945938,12.913277623793253,0.12699479051213983,236.4893699868162,12.935000000005022,3.3210000000027833,-6.95759674019991,5.824561520940565,-84.46185563095021,109.80352714203572
1023915.0,-4.1505,-1.5819,10.9282,-0.0367,0.0014,9.8066,0.0966,-0.9056,0.4865,173.34,-85.79,179.18,53.053314,-1.757869,12.06,3,5.91,19 / 19,8.214134745917397,7.3174754730448655,1.035309284275419,85.3928637084822,127.41335551936331,24.59489601039251,False,36.70099999999991,0.8159297891885439,13.274260250603634,0.21435383849930048,237.88086329955092,13.299325000016575,3.517160000034832,-7.398204956728853,5.956784777558768,-85.17850986998289,110.46750778018762
1024015.0,5.693,0.3958,9.461,0.0873,-0.0076,9.8062,-0.0515,-0.5073,0.3606,169.68,-85.53,174.71,53.053314,-1.757869,12.06,3,5.91,19 / 19,8.137008306278382,7.376914736896088,1.074104284275472,86.2104208610931,128.14807502986136,24.7003666888202,False,36.801000000000045,0.6189140400878699,12.914696341198662,0.26147558971130674,239.14881904774157,12.929519444445814,2.7437099999922734,-7.518094266190512,5.537781604302573,-85.94894527138179,111.00074401788021
1024115.0,-4.5945,-0.0345,8.5535,0.066,-0.0287,9.8063,-0.0501,-0.6836,0.4436,171.39,-85.92,176.91,53.053314,-1.757869,12.06,3,5.91,19 / 19,8.08934465824233,7.36986991435611,0.9941642842755447,87.0217385093184,128.8854142624233,24.803780117247655,False,36.900999999999954,0.6749605269989166,12.860182508963263,0.3411481108949075,240.44868774056576,12.877894444450467,3.004140000011688,-7.414384131243414,5.490312594607152,-86.68059039842349,111.56327347814246
1024215.0,5.344,0.9487,9.3213,0.0683,0.0299,9.8063,0.2132,-1.0502,0.5321,169.15,-86.19,174.68,53.053314,-1.757869,12.06,3,5.91,19 / 19,8.064560008670785,7.3364109993682325,0.9072392842756238,87.82943374266331,129.62072830810885,24.89885029567513,False,37.00099999999986,0.4898717342140164,12.469212250880638,0.36895328605967637,241.63880704035319,12.478936111110867,2.249429999997123,-7.5746882744567685,5.132801251512405,-87.46048045660363,112.01807873224433
1024315.0,-7.3146,-0.0368,9.2684,0.1363,0.0257,9.8056,0.0933,0.4069,-0.2823,179.48,-86.41,-173.48,53.053314,-1.757869,12.06,3,5.91,19 / 19,8.180504418308006,7.271711722557108,0.8560592842755541,88.64168696401336,130.3511344442061,24.98701522410281,False,37.101,1.009254939237203,12.63104295962783,0.5021641373456953,242.86150645364225,12.67129999999328,4.568359999999107,-7.171249479070803,5.359331237070722,-88.13952282666766,112.51037200943614
1024415.0,-2.1419,0.7152,10.1301,-0.0317,0.0381,9.8064,0.1944,-0.9482,0.491,175.42,-86.31,-178.23,53.053314,-1.757869,12.06,3,5.91,19 / 19,8.661041978753868,7.276649913579262,0.8453192842755639,89.48376428386568,131.07855252601226,25.072084152530287,False,37.20099999999991,0.9565424988485978,12.159363893557146,0.588854791697795,244.04039506599392,12.196938888880275,4.498140000030478,-7.70449947990527,4.882713979977884,-88.89490949216788,112.96184253998166
1024515.0,-12.8017,-2.0949,9.4833,0.1174,0.0811,9.8056,-0.1422,1.3836,-0.7259,177.04,-85.92,-172.9,53.053314,-1.757869,12.06,3,5.91,18 / 19,9.409132519260927,7.4142069432893924,0.8453242842755639,90.38727300876765,131.8130953688567,25.15661633095796,False,37.301000000000045,0.8212303446649585,12.363501612245903,0.6552262795834918,245.24207863861187,12.39081111110563,3.8005000000527485,-8.58790217459597,4.949294668956511,-89.73204672918416,113.42898326975518
1024616.0,0.8496,3.0449,10.9467,-0.1363,-0.0481,9.8056,-0.0038,-0.1412,0.0711,182.5,-86.03,-166.43,53.053314,-1.757869,12.06,3,5.91,18 / 19,10.00609593582949,7.428384549510227,0.8865676342755172,91.3677420457486,132.5626462392422,25.24407687284469,False,37.40199999999993,0.4347213718776713,12.561930250929509,0.6762806790407093,246.5313838124856,12.569466666675378,1.9826199999898115,-9.571374563951819,5.133545701419282,-90.69146136670788,113.96873757324337
1024715.0,10.1219,-0.3626,11.0983,0.0783,0.0089,9.8063,-0.0715,1.4973,-0.7402,183.27,-86.11,-165.52,53.053314,-1.757869,12.06,3,5.91,18 / 19,9.465991643464506,7.352149111110382,1.0069367842754355,92.331610380923,133.29428265544243,25.3378053415629,False,37.50099999999986,0.5581509332366565,11.99060698942956,0.7361687486841891,247.68781104996185,12.003630555554976,2.664569999998211,-8.907840710227848,4.638457878319178,-91.5954416322388,114.39352839451942
1024814.0,3.3245,-0.5015,9.7087,-0.183,-0.0646,9.8047,-0.0023,0.6972,-0.383,190.05,-85.37,-160.09,53.053314,-1.757869,12.06,3,5.91,18 / 19,8.818450905632877,7.477213110816605,1.0660249342755312,93.23669028710478,134.028336085429,25.440416946631338,False,37.60000000000002,0.8933115598718516,12.441025253118589,0.828808106387741,248.89872380032529,12.47305555554596,4.106999999983758,-7.925139345761026,4.963812142301984,-92.40788218071704,114.87038771489628
1024915.0,6.0098,0.8017,9.4727,-0.0467,-0.0033,9.8065,-0.0225,1.2455,-0.7058,185.1,-85.92,-170.37,53.053314,-1.757869,12.06,3,5.91,18 / 19,8.361636198999948,7.543883871657462,1.044213984275556,94.10428468588775,134.7869014830431,25.546984012018047,False,37.70099999999991,0.6213501694788534,11.814370915392647,0.8829479907440606,250.04581066460457,11.83069999996974,3.0104299999892037,-7.740286029521094,4.270487043735185,-93.22133669514369,115.25890918156148
1025014.0,-9.0635,-3.2769,7.3746,-0.1865,-0.1054,9.8042,-0.2919,1.0189,-0.8314,169.66,-86.44,178.61,53.053314,-1.757869,12.06,3,5.91,18 / 19,8.479146669216949,7.797286587313111,0.9072969842756491,94.93790343786392,135.5462894207616,25.643583804961267,False,37.79999999999984,0.7091612107688796,12.484875465002357,0.9491189605119132,251.32277320207567,12.504999999979091,3.2509999999925414,-7.769985458448069,4.6875888776892465,-93.98878447735201,115.77648378131406
1025114.0,-2.7487,0.4047,9.3872,-0.0196,0.0022,9.8066,0.1212,0.6596,-0.4009,176.39,-86.48,-173.57,53.053314,-1.757869,12.06,3,5.91,18 / 19,9.03712850333368,8.055436254337515,0.7647219842754547,95.81371719649265,136.33892556284522,25.727184753388936,False,37.89999999999998,0.30005464938669085,11.986244916885427,0.9558028968446599,252.46808094668043,11.990000000007612,1.4340000000268542,-8.737073853946988,3.9308086625479124,-94.85791429964799,116.12915538383521
1025214.0,-7.1509,-1.8843,11.3814,-0.1006,-0.0212,9.806,0.0709,0.7154,-0.5717,168.28,-86.45,-179.55,53.053314,-1.757869,12.06,3,5.91,18 / 19,9.509326799883633,8.235955002739935,0.8224869842754021,96.74103996165267,137.15349512569836,25.80654520181641,False,37.999999999999886,0.2124140510059097,12.15703332574507,0.9624868332154048,253.68010564653838,12.158888888888697,1.0010000000004922,-9.296912748877723,3.921078323005135,-95.77855312843727,116.52661052084002
1025314.0,7.8647,1.4668,8.8365,-0.0883,0.0738,9.8059,-0.0421,0.7347,-0.653,162.83,-86.31,173.42,53.053314,-1.757869,12.06,3,5.91,18 / 19,9.485800341597589,8.242036649255935,0.8527169842754433,97.69079631872803,137.97739470829927,25.890305400244067,False,38.10000000000002,0.5816135892404163,11.589303817683547,1.0560619419947528,254.74757694274535,11.60388888889269,2.8730000000360763,-8.904186752357173,3.347267168427612,-96.63473437673328,116.77018223444608
1025414.0,-6.3694,-0.0851,8.8411,-0.1478,-0.0467,9.8053,0.0663,1.1882,-0.7831,150.61,-86.62,163.75,53.053314,-1.757869,12.06,3,5.91,18 / 19,9.40253912432251,8.242724713375113,0.7559319842755314,98.63521329202318,138.80163277643007,25.970737848671543,False,38.19999999999993,1.0985035937804528,11.810133218736073,1.19642460514571,255.87064570099542,11.861111111099708,5.313999999891772,-8.304035530542057,3.5674085053609605,-97.43878868687747,117.06901292456536
1025514.0,7.0262,-0.1709,7.3789,-0.1005,0.0276,9.806,0.0636,0.7908,-0.5604,144.28,-86.23,152.64,53.053314,-1.757869,12.06,3,5.91,19 / 19,9.378822611568777,8.230420134246497,0.5862669842756858,99.57428137881689,139.6252900188104,26.037847797099044,False,38.29999999999984,0.8175392226707608,12.173690564689753,1.2498960958896488,257.12714837267293,12.201111111100674,3.842000000045184,-8.561283388898017,3.943270430443256,-98.32438528292724,117.50185835386253
1025614.0,-7.1605,-4.4405,11.7723,-0.0937,-0.0046,9.8062,-0.0638,0.9414,-0.507,143.93,-86.9,152.82,53.053314,-1.757869,12.06,3,5.91,19 / 19,9.236872533377115,8.44785246849927,0.5631619842756543,100.50506613606545,140.45920364894883,26.09531924552669,False,38.39999999999998,-0.12658615953847563,12.334350446786859,1.129585241739481,258.37253155051934,12.334999999998022,359.4119999947449,-9.363458692915591,3.886497978287588,-99.37548089432597,117.91332790157051
1025714.0,3.8388,3.5341,11.4333,-0.1705,-0.0323,9.8051,0.1781,0.5256,-0.3078,148.37,-87.09,154.61,53.053314,-1.757869,12.06,3,5.91,19 / 19,9.315292625912816,8.612671494209529,0.742776984275491,101.4326743940291,141.3122298470835,26.160616193954187,False,38.499999999999886,-0.3256668651885324,12.208712753439977,1.0827976873557665,259.60679523664436,12.213055555555693,358.47200000000106,-9.640959491101349,3.5960412592304483,-100.34987670667334,118.29456538956086
1025814.0,-5.727,2.1364,13.0198,-0.0991,0.0778,9.8058,0.1982,1.2053,-0.5071,168.85,-86.94,-178.64,53.053314,-1.757869,12.06,3,5.91,19 / 19,9.542465734758013,8.33883369069254,0.9847669842758211,102.37556231206393,142.15980510632977,26.24699339238187,False,38.60000000000002,-0.3010197500213097,12.238242965841776,1.0493780056608966,260.85217841519733,12.241944444445082,358.59099999998017,-9.843485484779322,3.8994092751492353,-101.32618430640304,118.69237330886756
1025915.0,4.6542,2.2588,9.3067,-0.1937,0.008,9.8047,0.0193,0.3897,-0.4819,157.04,-86.08,167.14,53.053314,-1.757869,12.06,3,5.91,19 / 19,9.6734881717181,8.11966263459961,1.1217835842756656,103.34596798433988,142.99095917075607,26.3533741960936,False,38.70099999999991,-0.588874414301293,12.267771872231231,0.9820707666928915,262.08733166088257,12.281900000013774,357.2519099999827,-10.262362586019393,4.148109237631621,-102.363897217647,119.0963724901265
1026014.0,-8.5256,-3.2087,6.7093,-0.1152,-0.0754,9.8057,-0.1748,1.4895,-0.5936,166.87,-86.17,178.66,53.053314,-1.757869,12.06,3,5.91,19 / 19,9.877766376528257,8.204323111348117,0.9437172342757867,104.31375508447742,143.79899646517993,26.455616486611827,False,38.79999999999984,-0.4933168638512484,11.964834452346913,0.9357510878803869,263.2762278162418,11.975000000009516,357.638999999988,-10.371083240379505,3.7605113409987965,-103.37800399659703,119.4772313510619
1026114.0,3.9021,0.4125,10.4974,-0.0969,-0.1156,9.8054,0.1916,-0.5874,0.2463,152.28,-86.46,162.06,53.053314,-1.757869,12.06,3,5.91,19 / 19,10.090092531705862,8.375365462958996,0.8233872342756227,105.3121480298905,144.62798089389642,26.543971710039518,False,38.89999999999998,-0.16794051822761397,12.102723751984822,0.915699278833719,264.5216109940865,12.103888888886983,359.20499999997685,-10.258033049933475,3.727358289025826,-104.39644875105678,119.89363010019005
1026214.0,0.8211,-0.4296,7.5462,0.047,-0.0335,9.8064,-0.2255,1.1627,-0.3772,161.1,-85.98,175.16,53.053314,-1.757869,12.06,3,5.91,19 / 19,9.876550632896254,8.300297281740761,0.7449022342756941,106.3104801881197,145.46176403113066,26.62238618346701,False,38.999999999999886,-0.5176609886389874,12.078912496613325,0.8555438517367676,265.7447551870787,12.090000000000016,357.54600000000187,-10.394211621535241,3.7786152148725645,-105.45493633638293,120.28299115594803
1026314.0,11.6584,1.1386,11.7569,-0.1192,-0.0771,9.8056,0.281,-1.4176,0.962,156.52,-85.82,166.28,53.053314,-1.757869,12.06,3,5.91,19 / 19,9.315147971736467,8.04998326167206,0.729392234275673,107.27006511835265,146.27927805830242,26.69610090689468,False,39.10000000000002,-0.2025210889651983,12.048298021231714,0.8488599154046212,266.9234214103707,12.04999999999567,359.03699999996326,-9.517669060701666,3.998314759559655,-106.42120520294803,120.64414335206826
1026414.0,-3.0556,-1.3055,10.8977,0.0915,0.0665,9.8059,0.1541,0.0333,-0.2226,154.41,-85.19,163.66,53.053314,-1.757869,12.06,3,5.91,19 / 19,8.907563836973127,7.9172665752901,0.8814572342755348,108.1812007087873,147.0776405501498,26.77664338032217,False,39.19999999999993,-0.7066839791416827,11.735686619183017,0.7619687429632861,268.1020876321596,11.756944444457439,356.55400000011014,-9.61424781611481,3.8184200438929174,-107.41923196582401,121.02444708200983
1026515.0,-7.6701,-1.0249,8.5611,-0.059,0.0359,9.8064,0.234,-0.8355,0.384,157.62,-84.63,167.1,53.053314,-1.757869,12.06,3,5.91,19 / 20,9.351715515090845,8.2659167994018,0.8736549842755261,109.10329431606756,147.89489131057266,26.865276547359098,False,39.301000000000045,-1.004380053338016,11.969574147484446,0.6411231738999771,269.33824163227104,12.011719444428453,355.20253999994145,-10.356095568428861,3.703657348082645,-108.46217114216759,121.44335032169838
1026614.0,-6.6584,-2.2645,9.478,0.0917,0.0495,9.806,0.0201,-0.18,0.1984,151.09,-84.66,162.6,53.053314,-1.757869,12.06,3,5.91,19 / 20,9.912133061918066,8.741323308471523,0.7957320842755792,110.05685482062886,148.7367496959118,26.94791120725232,False,39.39999999999998,-0.606005605215975,12.552324480987128,0.5881863980672797,270.6262124672435,12.566944444436157,357.23599999996964,-10.51813866713404,3.8110011725156046,-109.46866842256158,121.88946277133167
1026714.0,-5.8987,-1.9792,9.4363,0.0292,-0.0066,9.8065,0.1142,-0.8906,0.5388,154.78,-84.79,167.26,53.053314,-1.757869,12.06,3,5.91,19 / 20,10.367090659102896,9.243204814392177,0.760782084275611,111.07081600667898,149.63597610205417,27.02573691567981,False,39.499999999999886,-0.8837085303141565,12.976054310459897,0.48792735294525724,271.9605515866133,13.006111111110613,356.10400000000135,-11.250799189417052,3.73284949606772,-110.58288865373372,122.32457548455912
1026814.0,4.048,-1.6118,10.1995,0.1452,0.0755,9.8052,0.0162,-0.557,0.6456,162.31,-84.59,176.34,53.053314,-1.757869,12.06,3,5.91,19 / 20,10.3706750492399,9.50075562977225,0.7619070842756126,112.10770429209754,150.57317412426366,27.101871374107475,False,39.60000000000002,-1.0966393835037238,12.527090925775159,0.3609325624588853,273.1725762871836,12.575000000003577,354.9969999999928,-11.467314432743624,3.026335296002909,-111.74677172963865,122.59940216291992
1026914.0,-10.8275,-2.5093,9.9614,0.0882,0.0034,9.8062,0.2101,-1.1553,0.6732,159.96,-84.42,176.76,53.053314,-1.757869,12.06,3,5.91,19 / 20,10.61642981189791,9.846688974671808,0.7892870842755877,113.15705953515348,151.54054635448497,27.179431082534965,False,39.69999999999993,-1.2262229863835614,12.758151985274528,0.23393777198201168,274.46243743605015,12.816944444433718,354.5100000000216,-11.842652798281472,2.91146301060272,-112.92312176317147,122.92189108156518
1027014.0,-1.2639,5.1187,12.0856,0.1773,0.0826,9.8047,0.0377,-1.1016,0.9096,157.18,-84.03,170.24,53.053314,-1.757869,12.06,3,5.91,19 / 20,11.235794720201437,9.965809833910992,0.910972084275477,114.24967076175746,152.5311712949132,27.26444404096244,False,39.79999999999984,-1.564148595460215,12.302072831915574,0.04010361807043225,275.64110365863706,12.401111111123875,352.7540000000539,-12.799943315661652,2.3362629980045817,-114.20956714368702,123.10993236372386
1027114.0,-7.6165,1.0479,9.6644,0.121,-0.0164,9.8058,-0.1638,-0.9653,0.6444,163.56,-83.9,178.19,53.053314,-1.757869,12.06,3,5.91,19 / 20,11.770498367419073,9.839140805873052,1.0178070842756228,115.39998541614005,153.52141882690375,27.360882999390128,False,39.89999999999998,-1.5806977521691046,12.284833864284984,-0.11362691779394829,276.864247853045,12.386111111111333,352.66800000000126,-13.351196119588177,2.4456930584119316,-115.513612333934,123.34282902614126
1027214.0,11.1257,2.0717,8.1917,0.1834,-0.0064,9.8049,-0.1082,-0.9508,0.7857,156.17,-84.1,168.87,53.053314,-1.757869,12.06,3,5.91,19 / 20,11.68044444437682,9.60431701352861,0.9299470842757028,116.57253255672879,154.49359171787296,27.458270707817604,False,39.999999999999886,-1.2324383273811714,12.651222923030193,-0.22725383560559811,278.14298950816425,12.71111111111074,354.435999999998,-12.91288277175799,3.046905909501584,-116.79978639233438,123.64939779029129
1027314.0,-1.1345,-1.2642,8.8578,0.0582,-0.0361,9.8064,0.0058,-0.3364,0.14,154.36,-85.07,170.56,53.053314,-1.757869,12.06,3,5.91,19 / 20,11.231915600609387,9.393214126040446,0.8017570842755279,117.71815055897966,155.4434682748527,27.544855916245282,False,40.10000000000002,-1.4497376035056782,12.761807970310521,-0.38098437144212877,279.42173116470207,12.84388888888796,353.51899999999677,-12.681653204115065,3.368593844270075,-118.09913493042178,123.97826288984936
1027414.0,2.85,3.1418,10.9093,0.0564,0.0252,9.8064,0.1526,-0.4951,0.3413,153.3,-86.04,169.43,53.053314,-1.757869,12.06,3,5.91,19 / 20,11.19300293673411,9.297111308506615,0.8094470842755209,118.83939648584581,156.3779845465792,27.62541612467276,False,40.19999999999993,-1.4911816542799738,12.693824424048797,-0.5347149072937435,280.71159231356864,12.781111111113894,353.30000000000973,-12.684184591014084,3.396713115542182,-119.37411139313956,124.33360776698945
1027514.0,-6.0385,-5.2349,7.5903,0.0339,0.0866,9.8061,0.3681,-0.3921,0.6347,150.64,-86.28,166.65,53.053314,-1.757869,12.06,3,5.91,19 / 20,11.264252150164504,9.495420783645217,0.7537620842755717,119.96225924018972,157.31761115118593,27.703576583100244,False,40.29999999999984,-1.4927887122631227,12.604968909006804,-0.6951293795004188,282.0014534632364,12.693055555558258,353.24600000000163,-12.757040862427626,3.109548125361586,-120.65738861969014,124.68384231205044
1027614.0,-4.1424,0.4272,12.0733,-0.0367,0.0568,9.8063,-0.1333,0.1209,-0.4887,144.77,-86.26,159.95,53.053314,-1.757869,12.06,3,5.91,19 / 20,11.571785404902988,9.999520170217195,0.7562770842755752,121.10406111794465,158.29235819888038,27.779078541527905,False,40.39999999999998,-1.636218622647816,12.786850053779359,-0.8622277880517367,283.29131461219976,12.891111111108184,352.708000000008,-13.208004027550803,2.7873298835621636,-121.9662889059964,124.99895641331938
1027714.0,-0.7833,2.4036,12.0714,-0.0059,0.0636,9.8064,0.2089,-0.2363,0.3921,152.31,-85.44,168.53,53.053314,-1.757869,12.06,3,5.91,19 / 20,11.835417847085475,10.03934779755277,0.9828470842753692,122.27442128054301,159.29430159726797,27.866034749955375,False,40.499999999999886,-1.82790512451865,12.77797562531196,-1.0493780056085251,284.5700562687346,12.908055555555537,351.859000000001,-13.663322971604124,2.7386278277591902,-123.32379928615154,125.27575467146664
1027814.0,-5.5247,-1.7196,7.365,0.0183,0.0186,9.8066,-0.3495,0.457,-0.3475,154.74,-85.12,171.08,53.053314,-1.757869,12.06,3,5.91,19 / 20,12.13295598826411,10.173462663433401,0.9740020842753572,123.47283997231213,160.30494212031866,27.963877208383046,False,40.60000000000002,-1.5886997900734199,12.604159070644332,-1.2031085414319516,285.8154394465805,12.703888888883009,352.8159999999956,-13.72165577833753,2.430696407210931,-124.67594851374407,125.51049732626186
1027915.0,4.306,4.3319,11.7361,-0.049,-0.0947,9.806,-0.2739,0.2849,-0.3572,159.25,-85.33,173.25,53.053314,-1.757869,12.06,3,5.91,19 / 20,12.217841376341182,10.116714643598918,0.9481359842753866,124.7025552392233,161.32959607432264,28.060945180844747,False,40.70099999999991,-1.60404742401265,12.205288525995112,-1.3653945158281675,287.0627129390403,12.310249999981611,352.51319000003025,-13.821888800353832,2.0885738823961937,-126.06794975505147,125.73311686471766
1028014.0,-6.2199,-0.4516,7.9188,0.0098,-0.022,9.8066,-0.0593,0.7838,-0.1931,157.35,-85.3,174.29,53.053314,-1.757869,12.06,3,5.91,19 / 20,12.366183715845711,10.006719536763502,0.9501951842753853,125.91946448128573,162.3257060662499,28.154912573687948,False,40.79999999999984,-1.8056699074843376,12.59118565445215,-1.5506732312097238,288.3506837754133,12.719999999987296,351.8390000000209,-14.17185362333005,2.584466117688649,-127.47013771249546,126.02497770916341
1028114.0,5.6952,2.1244,9.0318,-0.1143,-0.0401,9.8059,-0.0213,-0.1858,0.0224,152.63,-85.41,168.75,53.053314,-1.757869,12.06,3,5.91,19 / 20,12.435016288544695,9.948906291191982,0.8170601842752038,127.15952448150693,163.32348735764901,28.2432753421156,False,40.89999999999998,-1.677253814181239,12.43629494618702,-1.7177716397618628,289.596066953261,12.548888888891419,352.3189999999929,-14.112270102725933,2.487388654995039,-128.87729612126878,126.272579595612
1028214.0,1.8711,1.0149,10.8442,0.0069,0.0338,9.8065,0.0927,0.5041,-0.234,154.38,-85.42,170.97,53.053314,-1.757869,12.06,3,5.91,19 / 20,12.162422524699572,9.664150809162996,0.8301951842751919,128.38939642216803,164.30414021266589,28.325638110543043,False,40.999999999999886,-1.63067992631479,12.451732502520825,-1.8781861119689331,290.85256962494435,12.558055555555546,352.53899999999976,-13.793102451014363,2.7875816933578292,-130.26758253413698,126.54842941227847
1028314.0,7.208,0.4709,10.6325,-0.0726,-0.022,9.8063,0.0891,-0.5048,0.4075,151.38,-85.2,167.13,53.053314,-1.757869,12.06,3,5.91,19 / 20,11.788502407642575,9.411265129504999,0.9233651842753191,129.58694266878678,165.25791100960058,28.41331612897069,False,41.10000000000002,-1.6105287693489065,12.521853779818324,-2.038600584123419,292.09795280279116,12.625000000002023,352.67099999999306,-13.399031176991482,3.110588650313325,-131.6255432529102,126.84004179319058
1028414.0,-2.6332,1.1958,10.5404,0.0658,0.0128,9.8063,-0.0441,0.227,-0.1475,154.17,-85.34,171.71,53.053314,-1.757869,12.06,3,5.91,19 / 20,11.621504474250528,9.24812609788472,1.0013451842752483,130.75744301288037,166.19088057096923,28.50955164739813,False,41.19999999999993,-1.7319945956471914,12.643868898544461,-2.219066865376348,293.39893344408256,12.761944444438374,352.20000000002085,-13.353499069897719,3.3957428006597414,-132.9765098782567,127.20805287311333
1028515.0,-6.3045,-0.7256,8.8569,-0.0233,-0.0003,9.8066,0.0969,-0.7482,0.5775,153.36,-85.43,168.83,53.053314,-1.757869,12.06,3,5.91,19 / 20,12.029586721696493,9.454211877685479,0.9904371842752362,131.95182311827702,167.1353486387366,28.61013665701004,False,41.301000000000045,-2.235688349359577,12.477393050453864,-2.468511369632375,294.66777875191804,12.676105555557948,349.8415999999954,-14.26527507105607,3.0231811727683855,-134.4203344879094,127.53243011318145
1028614.0,-4.9774,-0.0968,9.0531,0.0493,0.0403,9.8064,0.0658,-0.0257,-0.0405,152.92,-85.52,169.36,53.053314,-1.757869,12.06,3,5.91,19 / 20,12.503378371738968,9.76906556268584,0.9061238342752935,133.16620489040125,168.08690087203433,28.70401642742823,False,41.39999999999998,-2.1867611484813665,12.401738745225698,-2.68025847295001,295.8896998004817,12.593055555556795,349.9999999999976,-14.690139520220335,2.6326731825398575,-135.84646336335126,127.80279892844737
1028714.0,-1.8576,-0.3516,10.0118,-0.0275,-0.0107,9.8066,0.0899,-0.7904,0.4124,151.35,-85.31,167.24,53.053314,-1.757869,12.06,3,5.91,19 / 20,12.789075276277291,9.973172164049581,0.8787038342753185,134.43082757280092,169.0740127583702,28.79325781085568,False,41.499999999999886,-1.9940616925418189,12.167687453511643,-2.8674086905207767,297.1017245017556,12.3300000000003,350.69299999999924,-14.783136968819111,2.1945152894620623,-137.2982362633217,128.0277117433854
1028814.0,4.7658,1.182,9.3731,0.043,-0.0003,9.8065,-0.039,-0.2292,0.1165,147.32,-85.17,162.25,53.053314,-1.757869,12.06,3,5.91,19 / 20,12.685446666246522,9.880891018055319,0.867283834275303,135.70455366992886,170.0667159174768,28.880557194283327,False,41.60000000000002,-2.0821011922845827,12.061610780701026,-3.081294653441816,298.30262970919176,12.240000000001476,350.2059999999968,-14.767547858531104,2.1807197626457064,-138.78584832337066,128.23591379171495
1028914.0,0.9087,-1.4717,8.6755,-0.0187,0.0091,9.8066,-0.0001,-0.4587,0.1298,141.08,-85.05,158.08,53.053314,-1.757869,12.06,3,5.91,19 / 20,12.424859734114294,9.756509830675276,0.7890488342753742,136.96006898994577,171.04858595991246,28.963373827710786,False,41.69999999999993,-2.1457878710935097,12.152003720052035,-3.3018645527169963,299.51465440966984,12.339999999995566,349.98600000000977,-14.570647605207803,2.395493889376759,-140.26193354266277,128.4660684497574
1029014.0,3.4976,-0.3481,11.2383,0.0335,0.0532,9.8063,0.237,-0.331,0.2545,143.2,-84.91,160.38,53.053314,-1.757869,12.06,3,5.91,19 / 20,12.181554337561927,9.719360710804791,0.8040738342753606,138.19038969352846,172.02237948698559,29.04302996113825,False,41.79999999999984,-1.9682185197813198,11.765394425268852,-3.489014770275563,300.65996215427054,11.92888888890151,350.5029999999842,-14.149772857343248,2.046033714464061,-141.67940446380402,128.63758266728496
1029114.0,-4.4698,-0.2297,8.0092,0.0381,0.0259,9.8064,0.2003,-0.4545,0.2515,141.6,-85.01,158.64,53.053314,-1.757869,12.06,3,5.91,19 / 20,12.187953452664015,9.801378305675653,0.7857838342753357,139.4088650830414,172.99841643781093,29.122522844565893,False,41.89999999999998,-2.5670418773828474,11.849007460112913,-3.7630561602516877,301.8497478692795,12.123888888886007,347.7760000000403,-14.754995330046862,2.04762915443726,-143.1719212432931,128.85133143146857
1029214.0,-1.0203,-0.5056,9.4222,0.0957,0.0126,9.8061,-0.0573,-0.4144,0.3713,143.34,-84.76,156.9,53.053314,-1.757869,12.06,3,5.91,19 / 20,12.370671295577068,10.024968298858422,0.676688834275435,140.63679632045233,173.98973376803673,29.195646477993364,False,41.999999999999886,-3.3166226981481977,12.09863789350337,-4.12398872275595,303.0172945980215,12.544999999999522,344.67000000000354,-15.687293993725266,2.0736695946449473,-144.76078504320827,129.0275608299848
1029314.0,-2.7016,-4.3935,9.0659,0.0411,0.0476,9.8064,-0.0681,-0.3165,0.3875,144.87,-84.83,162.06,53.053314,-1.757869,12.06,3,5.91,19 / 20,12.370160410481628,10.358435617750478,0.6204288342753583,141.87383790575694,175.00890396386856,29.260502361420993,False,42.10000000000002,-2.675960266031511,11.799252052582734,-4.377978303703093,304.19596082131363,12.098888888892157,347.2219999999839,-15.046120676513139,1.4408164348322554,-146.25181620946003,129.18705685744507
1029415.0,3.4307,-1.5616,9.8601,0.0575,-0.0018,9.8065,0.038,-0.5705,0.189,144.12,-84.95,158.13,53.053314,-1.757869,12.06,3,5.91,19 / 20,12.157134862589917,10.606420650165813,0.5857201842753977,143.11246631704566,176.06762920539714,29.321412886857736,False,42.20099999999991,-2.9528931143502657,11.95992853460023,-4.688447146760365,305.39753319846074,12.319069444448578,346.1311000000039,-15.110027976940183,1.3535078844344177,-147.800913463806,129.3299039930636
1029514.0,-3.3692,-4.4522,11.3678,0.0343,0.0452,9.8065,-0.0519,0.3422,-0.1807,148.43,-84.97,162.44,53.053314,-1.757869,12.06,3,5.91,19 / 20,11.991607466698373,10.870044620477675,0.6656428842753435,144.3078290623446,177.13071423629327,29.383355358750954,False,42.29999999999984,-2.949268199061034,11.865917054219114,-4.986216510788047,306.56441275881724,12.226944444447302,346.04200000000276,-14.940875665759407,0.9958724337414395,-149.29404557313265,129.43369852252397
1029615.0,2.4351,-0.4097,10.2114,-0.0271,-0.0073,9.8066,-0.0037,-0.241,0.1338,145.34,-84.73,159.05,53.053314,-1.757869,12.06,3,5.91,19 / 20,11.896688282065911,11.123829921094154,0.7649208342754543,145.51418799765855,178.2414049006439,29.45559882653785,False,42.400999999999954,-3.0091298419683934,12.31411292306084,-5.303369290198647,307.7887800962387,12.676444444445188,346.2680600000014,-14.905818124034305,1.1902830019666855,-150.8175572878572,129.54737519559484
1029715.0,4.4207,0.2154,10.8035,0.0728,0.0081,9.8063,-0.0538,0.7244,-0.4598,146.59,-84.67,164.08,53.053314,-1.757869,12.06,3,5.91,19 / 20,11.596730790363596,10.966402334464524,0.8350008342753906,146.68885895127897,179.3459165134208,29.535594909965322,False,42.50099999999986,-3.0171619477560037,12.257951322611873,-5.60414642556692,309.0228213918078,12.623813888889273,346.17207000000036,-14.613892738119599,1.2915489881473494,-152.29300537684588,129.67690487838698
1029815.0,4.3131,-1.9522,8.4459,-0.0641,-0.0264,9.8063,-0.0624,0.15,0.0294,150.23,-84.9,165.38,53.053314,-1.757869,12.06,3,5.91,19 / 20,11.174019722297775,10.839392501262965,0.8168058342753658,147.8273964769136,180.43620625520867,29.618185243392972,False,42.601,-3.005326507097427,11.943295934875033,-5.905190918402686,310.2349572873003,12.31561944444686,345.87581999999134,-14.179346229395202,1.1039034336120679,-153.7325873953163,129.79875103209162
1029915.0,1.6203,0.5788,9.3571,0.02,-0.0078,9.8065,0.0195,0.5727,-0.3564,146.53,-84.98,164.27,53.053314,-1.757869,12.06,3,5.91,19 / 20,10.878254031170144,10.77425497164261,0.7262908342754482,148.930010164586,181.51688862885297,29.695340076820443,False,42.70099999999991,-3.175357342285204,12.075650840155156,-6.2325032810214696,311.45799028528035,12.486163888892358,345.2673099999853,-14.053611373455348,1.3013958685125449,-155.1625134456075,129.94110165642738
1030014.0,-3.7176,-1.8863,9.743,-0.057,-0.0211,9.8064,-0.0448,0.3717,-0.202,150.75,-85.02,167.16,53.053314,-1.757869,12.06,3,5.91,19 / 20,10.93380135287687,10.903311316695342,0.7008874342754655,150.0097069060956,182.58992816012497,29.765985401113664,False,42.79999999999984,-3.087014025046647,12.018771479066181,-6.536889742029883,312.6578947388412,12.408888888891283,345.59499999998985,-14.020815377923517,1.1154601623708391,-156.54659664812547,130.06796657871624
1030114.0,0.0589,-0.2099,9.6846,-0.0185,-0.0087,9.8066,0.0303,0.3673,-0.2945,150.6,-85.07,166.04,53.053314,-1.757869,12.06,3,5.91,19 / 20,11.034738098891976,11.11048826168319,0.6916024342754529,151.10813387868555,183.6906181390454,29.835609894541303,False,42.89999999999998,-3.256096845972457,11.85917382355191,-6.871086559105536,313.8365609614269,12.298055555557195,344.647000000014,-14.290834944864432,0.7486855618687187,-157.9792204377911,130.14594282238153
1030214.0,-0.6213,-2.6106,8.8957,-0.0766,-0.0254,9.8063,-0.094,0.2457,-0.2449,146.83,-84.91,161.13,53.053314,-1.757869,12.06,3,5.91,19 / 20,10.973273488886976,11.270523512349559,0.6399524342754999,152.2085344580735,184.80966872774601,29.90218763796879,False,42.999999999999886,-3.537193634177183,12.12138553125893,-7.232019121570827,315.04858566199266,12.62694444444407,343.73200000000105,-14.51046712306416,0.8508620189093712,-159.44055357964433,130.23891693424665
1030314.0,1.4614,0.3694,10.785,-0.0202,-0.0383,9.8065,-0.1081,0.2658,-0.1403,145.26,-84.85,159.16,53.053314,-1.757869,12.06,3,5.91,19 / 20,10.868796660731576,11.365639209324337,0.6433224342755045,153.30063796555592,185.94147686383124,29.96635138139643,False,43.10000000000002,-3.2322101412923905,12.288989165781167,-7.55284806594529,316.28284934741276,12.706944444443028,345.2640000000191,-14.101006802023967,0.9233499564568302,-160.8534860315012,130.34137248358152
1030414.0,0.2028,-1.0838,10.3823,-0.0109,-0.0325,9.8065,-0.0387,0.2054,-0.1189,141.31,-84.75,157.89,53.053314,-1.757869,12.06,3,5.91,19 / 20,10.76672398936845,11.369955131678456,0.7210224342754339,154.38241399805995,187.07825658088035,30.034568624823912,False,43.19999999999993,-2.932232753913373,12.265485499309486,-7.846941264974436,317.505993541023,12.61111111111536,346.55499999994277,-13.698956743281823,0.8955303676310304,-162.2293552630344,130.42773696014262
1030514.0,0.5288,0.9985,9.1118,-0.0334,-0.0277,9.8065,0.032,0.0945,-0.0855,139.64,-84.8,155.99,53.05432,-1.75808,12.7,3,345.33,19 / 19,10.725127904844236,11.375377352841276,0.7150624342754395,155.4570065927696,188.2155232051053,30.10637286825139,False,43.29999999999984,-3.157531633970024,12.405580988383436,-8.167770209334046,318.7624962112903,12.80111111110528,345.72000000002566,-13.88265953881426,1.0302036355421595,-163.62477680210364,130.54697300618497
1030614.0,-2.7833,1.4759,10.035,0.0416,0.001,9.8065,0.0652,0.1903,-0.1794,136.6,-84.79,152.4,53.05432,-1.75808,12.7,3,345.33,19 / 19,10.876139728994621,11.38632223755946,0.6917374342754078,156.537069974463,189.3536081846269,30.17671286167903,False,43.39999999999998,-3.45671994004514,12.251693240369654,-8.522018835481916,319.9856404057007,12.730000000001052,344.24400000002186,-14.332859669039761,0.8653710028101944,-165.0590888099449,130.63203222107379
1030714.0,1.6799,-4.0954,9.7679,0.0351,-0.0372,9.8065,-0.0104,0.1283,0.0162,136.71,-84.6,153.17,53.05432,-1.75808,12.7,3,345.33,19 / 19,10.812802509810163,11.543556010301007,0.7012174342753992,157.62151708640226,190.50010209701887,30.246360605106506,False,43.499999999999886,-3.463260929859256,12.414881413925354,-8.876267461590142,321.2199040904107,12.888888888888706,344.41299999999984,-14.27606343966942,0.871325403624347,-166.4977845479924,130.71980199339183
1030814.0,-2.4759,-0.5491,9.6964,0.0463,-0.0228,9.8064,-0.0218,0.1639,-0.1781,136.65,-85.28,153.32,53.05432,-1.75808,12.7,3,345.33,19 / 19,10.66883220703482,11.763738804721125,0.693767434275389,158.69559882224598,191.66546683777156,30.31610984853414,False,43.60000000000002,-3.619970974175925,12.27745128869121,-9.24388396040082,322.44304828411305,12.80000000000241,343.57200000000154,-14.288803181210746,0.5137124839700853,-167.9394827826468,130.7775814463415
1030914.0,2.4698,-3.2693,10.6597,0.0351,-0.0124,9.8066,-0.0217,0.0998,-0.0294,138.51,-85.73,152.84,53.05432,-1.75808,12.7,3,345.33,19 / 19,10.525990585366449,11.933309312966543,0.7309074342753553,159.75533996186508,192.85031924365487,30.387343591961613,False,43.69999999999993,-3.6430752606320187,12.44061139902711,-9.611500459117497,323.68843146186566,12.963055555548326,343.67799999999534,-14.169065845998468,0.5073020860605677,-169.36684042098258,130.8381122182108
1031014.0,0.5165,-1.5225,10.8908,-0.012,0.04,9.8065,-0.0034,-0.0896,0.1118,136.66,-85.61,154.09,53.05432,-1.75808,12.7,3,345.33,19 / 19,10.240948157636478,12.035577837425,0.8277674342752673,160.7936868990143,194.04876360117336,30.465277335389075,False,43.79999999999984,-3.5134020178887924,12.455919567169564,-9.959065148909017,324.9338146404161,12.941944444445094,344.24799999998254,-13.75435017552527,0.42034172974456396,-170.7527520479233,130.8850510392427
1031114.0,-0.4875,-1.3864,10.4105,-0.0313,0.0389,9.8065,0.0273,0.0785,0.1531,142.65,-85.5,157.25,53.05432,-1.75808,12.7,3,345.33,19 / 19,10.134914377224515,12.16753516780715,0.9121674342753826,161.81248002575873,195.25891925143662,30.552274078816726,False,43.89999999999998,-3.3487190346565465,12.510689822678469,-10.293261965999186,326.1903173113948,12.951111111110976,345.0149999999887,-13.483633411881062,0.34315465487131824,-172.10574199175792,130.93139805995816
1031214.0,1.0294,-1.0675,11.1555,0.0238,0.0177,9.8065,0.0701,0.0112,-0.1174,145.94,-85.13,161.32,53.05432,-1.75808,12.7,3,345.33,19 / 19,10.029382149875916,12.278185206288706,1.0098024342752938,162.82069485211284,196.4812052701403,30.648372572244174,False,43.999999999999886,-3.2891210181491153,12.454103997669277,-10.620774846730827,327.4468199830782,12.88111111111119,345.2059999999998,-13.318503168025032,0.1759187913805711,-173.44146969884366,130.96561471293793
1031314.0,0.7294,0.5178,10.8243,0.005,0.0262,9.8066,0.1725,-0.0879,0.0887,145.39,-84.79,160.31,53.05432,-1.75808,12.7,3,345.33,19 / 19,9.931822887346314,12.277168637010632,1.1281274342754553,163.81875510397532,197.70897296230694,30.755269065671857,False,44.10000000000002,-3.1695454814012285,12.7170802426556,-10.928235918457048,328.7366811320415,13.106111111111966,346.00500000000727,-13.101368368747544,0.43991160564496745,-174.74699102243238,131.02770816973455
1031414.0,-0.1918,-0.745,9.6057,0.0091,0.0299,9.8066,0.0509,0.098,-0.0358,149.84,-84.26,164.81,53.05432,-1.75808,12.7,3,345.33,19 / 19,9.89725778339281,12.298081757874346,1.1689624342754181,164.81020913751138,198.93773548205007,30.870123559099298,False,44.19999999999993,-3.073719042529379,12.8000086690024,-11.229013053790021,330.0265422809081,13.163888888886326,346.4969999999782,-12.97097682592219,0.501926911128054,-176.0392221913014,131.088806798858
1031514.0,1.2211,-1.3141,9.0921,-0.0058,-0.0166,9.8066,0.0245,0.1028,-0.1266,146.07,-84.1,163.69,53.05432,-1.75808,12.7,3,345.33,19 / 19,9.790821962067284,12.381512393842405,1.1231874342754598,165.7946131247835,200.1717151896348,30.984731052526737,False,44.29999999999984,-3.153619351693064,12.871236014586836,-11.549841998203076,331.32752292300097,13.25194444444174,346.23300000000813,-12.944441313760347,0.48972362074443154,-177.34445512298657,131.15580773336617
1031614.0,-0.6531,-1.488,8.1199,0.0228,-0.0457,9.8064,-0.1793,0.2906,-0.1037,143.48,-84.43,160.82,53.05432,-1.75808,12.7,3,345.33,19 / 19,9.67534681668095,12.506627994185845,1.003122434275296,166.76792156372224,201.4161222090379,31.09104654595442,False,44.39999999999998,-3.401088382475598,12.920986337660233,-11.904090624311083,332.6396230568153,13.361111111109498,345.25300000001454,-13.076435199156547,0.4143583434743885,-178.67201218803334,131.22350084777742
1031715.0,3.0831,1.6112,10.2811,0.0031,-0.0486,9.8064,-0.1746,0.044,0.0095,143.32,-85.01,157.26,53.05432,-1.75808,12.7,3,345.33,19 / 19,9.5700444785555,12.453848834431922,0.9419012842753656,167.73981382413058,202.67662628888166,31.189270243741117,False,44.50099999999986,-3.640204643449734,12.307006985165469,-12.288216445836444,333.86432397902377,12.834136111110977,343.52252999999786,-13.210249122005234,-0.14684184926645294,-180.02803026996702,131.1876976901421
1031814.0,1.9514,-0.3207,10.0811,0.0281,0.0191,9.8066,0.09,0.3116,-0.1197,135.72,-85.38,152.4,53.05432,-1.75808,12.7,3,345.33,19 / 19,9.402803468509566,12.26678044455876,0.9789718342754256,168.67896979751183,203.9002974381937,31.284353463109536,False,44.60000000000002,-3.2930846940914464,12.515108868388197,-12.5992200038266,335.1192699214945,12.941111111108981,345.25799999999526,-12.695888162601012,0.24832842382943632,-181.2781898013384,131.2189724833008
1031914.0,3.0753,2.4846,10.8269,-0.0588,0.017,9.8064,0.1648,-0.4118,0.3263,138.12,-84.85,155.31,53.05432,-1.75808,12.7,3,345.33,19 / 19,9.276708918588257,12.03883077439171,1.0437068342753668,169.61294541686587,205.1155779991401,31.385487396536984,False,44.69999999999993,-3.325898129058067,12.35719178250014,-12.93341682090457,336.35353360682217,12.796944444450837,344.93600000001425,-12.602607047646323,0.31836100810842893,-182.54636223777044,131.23795560768207
1032014.0,0.4617,1.3516,10.4309,0.0213,0.0135,9.8066,-0.0588,-0.1251,0.1075,139.57,-84.5,156.18,53.05432,-1.75808,12.7,3,345.33,19 / 19,9.258724457243867,11.801551377656157,1.125931834275292,170.53971708565663,206.3075971067414,31.49396932996442,False,44.79999999999984,-3.129871875232329,12.60100284594409,-13.24087789261807,337.6211557709298,12.98388888888315,346.05099999996577,-12.388596332476196,0.7994514682879323,-183.7805949782747,131.3135586641884
1032114.0,-7.0933,-0.3705,8.2174,-0.0608,-0.0354,9.8064,-0.0496,-0.6011,0.5305,137.02,-84.91,154.11,53.05432,-1.75808,12.7,3,345.33,19 / 19,9.518902734782765,12.014632255405292,1.0776818342752261,171.47859844525925,207.4984062883961,31.604150013392093,False,44.89999999999998,-3.28590980414233,12.013734713203664,-13.581758646037704,338.82206097766056,12.455000000007816,344.7030000000199,-12.804812538925095,-0.0008975422016277435,-185.06035709129696,131.32365468926446
1032214.0,1.9823,-0.3868,9.7275,-0.0203,-0.057,9.8064,0.0462,-0.7529,0.2678,142.14,-85.47,157.55,53.05432,-1.75808,12.7,3,345.33,19 / 19,9.663258356691781,12.248830174708793,0.994261834275302,172.4377064998321,208.7115794099007,31.707747196819525,False,44.999999999999886,-3.3625585609743416,12.251947801227809,-13.922639399470874,340.05632466449225,12.704999999999716,344.6530000000001,-13.025816917666123,0.0031176265190158148,-186.36034589930298,131.34474525459154
1032317.0,-7.1041,-2.0054,8.696,-0.0199,-0.0369,9.8065,-0.0591,-0.0301,0.0033,137.7,-85.78,156.51,53.05432,-1.75808,12.7,3,345.33,19 / 19,9.758939907809197,12.549748805082496,0.932987134275263,173.43794971045455,209.98870622736078,31.807000518699944,False,45.10299999999995,-3.481975606589023,12.254308389550165,-14.286512893909304,341.326949090947,12.739419444441697,344.13820000000794,-13.24091551439822,-0.29544041553233136,-187.72446260436385,131.3382428635862
1032415.0,1.88,-5.9722,10.6823,-0.0867,-0.035,9.8062,0.029,-0.3689,0.3176,135.11,-85.8,153.58,53.05432,-1.75808,12.7,3,345.33,19 / 19,9.665048454801909,13.02225123868699,0.9214721342752682,174.38972514022205,211.2417342295049,31.89786902285888,False,45.20099999999991,-3.292054021221943,12.079770805868588,-14.60112577745035,342.51428851839387,12.52032500001213,344.7555300000154,-12.957102476023852,-0.9424804328184031,-188.9908509176724,131.27255428888895
1032515.0,-1.6934,-3.2154,10.8386,0.0263,0.0335,9.8065,-0.0346,0.3003,-0.2797,138.49,-85.75,159.5,53.05432,-1.75808,12.7,3,345.33,19 / 19,9.331023223838628,13.367772135023927,1.0168521342753984,175.33952872415537,212.56123539819225,31.994785236286546,False,45.301000000000045,-3.2930100362339942,11.801542380582767,-14.9420733702607,343.68216883262437,12.25236111110438,344.40924000000786,-12.624033260072622,-1.56622975444116,-190.28160209441606,131.12093343443212
1032614.0,-0.7686,1.9919,9.8345,-0.0282,-0.0098,9.8065,-0.0149,-0.027,0.0707,135.96,-85.73,155.65,53.05432,-1.75808,12.7,3,345.33,19 / 19,7.965322690189142,11.493486573292142,0.9089153991340585,176.19569784689915,213.79186770425306,32.09011072919025,False,45.39999999999998,-3.413139463979738,12.01055576059448,-15.28616241314035,344.87106498798363,12.486111111107622,344.1360000000041,-11.37846215416888,0.5170691873023383,-191.4818602600395,131.07919728373057
1032715.0,3.2104,-1.4635,9.1283,0.0647,-0.0245,9.8064,-0.2117,0.4107,-0.1484,135.99,-86.2,154.18,53.05432,-1.75808,12.7,3,345.33,19 / 19,7.88117232910272,11.412521508012125,0.8760651491340958,176.9959458453725,214.9486211123576,32.18025224687769,False,45.50099999999986,-2.6216672836445816,11.990088446826507,-15.521838008557033,346.0726373645167,12.273500000000322,347.6668199999966,-10.502839612747302,0.5775669388143818,-192.51778385392953,131.1240162521591
1032814.0,0.1534,-0.3386,9.2114,0.0625,-0.0506,9.8062,-0.0894,0.3947,-0.2121,137.34,-87.29,154.27,53.05432,-1.75808,12.7,3,345.33,19 / 19,7.686138434936764,11.38493251640244,0.8130219491339938,177.7665277281937,216.07709508656797,32.2638620582421,False,45.60000000000002,-1.9993842994525501,11.84747599377627,-15.69388252997999,347.23951692557574,12.015000000000619,350.4209999999353,-9.685522734389314,0.4625434773738295,-193.46041025817368,131.16242183900778
1032914.0,5.4967,0.2988,9.0333,0.0525,-0.0163,9.8064,0.0343,0.1038,-0.0032,131.09,-87.48,147.86,53.05432,-1.75808,12.7,3,345.33,19 / 19,7.485067352730378,11.19837039106784,0.7445919491340561,178.52508801757637,217.20626023194046,32.34174275315543,False,45.69999999999993,-2.9078539611602716,11.701038187994342,-16.034763283388358,348.3959441632223,12.056944444442584,346.0440000001941,-10.39292131389065,0.5026677969265023,-194.55985130096474,131.18968393128182
1033014.0,0.2128,0.3201,11.1087,0.0691,0.01,9.8063,0.1083,0.5086,-0.3927,129.44,-87.81,151.37,53.05432,-1.75808,12.7,3,345.33,19 / 19,7.305128629152943,10.985141991297905,0.7710269491340322,179.26459781666986,218.31543585105774,32.41752369806876,False,45.79999999999984,-3.0549169128068656,11.626460983530253,-16.355592227789902,349.5523713995384,12.02111111111221,345.27800000002355,-10.360045541959808,0.6413189922323479,-195.62019004445978,131.23693554848066
1033115.0,3.5615,4.8246,10.3228,-0.0727,-0.0072,9.8063,0.1627,-0.6601,0.2202,121.58,-86.8,139.54,53.05432,-1.75808,12.7,3,345.33,19 / 19,7.406076319519248,10.70661628599435,0.8628460491341349,180.00751366657863,219.41086964406222,32.500034284481394,False,45.900999999999954,-3.082488212000209,11.830264158135765,-16.66559319530076,350.75483333548704,12.225374999994898,345.39506999996274,-10.488564531519458,1.1236478721414151,-196.6731068618794,131.34396369142482
1033215.0,1.6693,-0.4461,10.5941,-0.0069,-0.0063,9.8066,0.0527,-0.042,0.0578,118.5,-86.65,139.14,53.05432,-1.75808,12.7,3,345.33,19 / 19,7.439068829018001,10.384762415936404,0.9280260491340757,180.74977092400482,220.4654385791578,32.589577889394725,False,46.00099999999986,-2.6406731491251367,12.278376383884053,-16.919983812480023,352.0212323560944,12.55916944444516,347.86175000000185,-10.079741978143137,1.8936139679476494,-197.66975473648483,131.5557937769366
1033315.0,-5.2731,-4.1153,8.8043,-0.0765,-0.0612,9.8061,0.1148,-0.702,0.3934,115.08,-86.72,135.66,53.05432,-1.75808,12.7,3,345.33,19 / 19,7.284168014402632,10.665802813393592,0.917281049134061,181.48593276617686,221.51796684062572,32.68184324430826,False,46.101,-2.829597784790233,11.641907213102924,-17.214411208348164,353.16654009999365,11.980874999998507,346.33887999998166,-10.113765799192866,0.9761043997093317,-198.70034397452503,131.64857325936794
1033415.0,-0.3079,-2.4451,9.5667,0.0325,-0.0439,9.8065,0.2328,-0.4373,0.2511,112.3,-86.73,132.73,53.05432,-1.75808,12.7,3,345.33,19 / 19,7.080493869142117,11.069032775173808,0.8551660491341176,182.20416586035344,222.6047086200531,32.77046559922159,False,46.20099999999991,-3.0688140578430363,11.473671303206759,-17.54212460713239,354.3119590394327,11.877019444435472,345.0260800000619,-10.149307926985154,0.404638528032951,-199.74629046748584,131.7072504193796
1033515.0,-5.2059,4.9194,11.2881,-0.0469,-0.0401,9.8064,0.0753,-0.4169,0.3039,125.25,-86.92,144.93,53.05432,-1.75808,12.7,3,345.33,19 / 19,7.304201366223995,11.218607495222972,0.9172410491342025,182.92340062212273,223.71909063357444,32.859085954135125,False,46.301000000000045,-3.398404472325964,11.586929129188462,-17.889421939444368,355.46816388661074,12.075025000005471,343.65386999998327,-10.702605838549959,0.3683216339654898,-200.8128225615671,131.7490732530363
1033614.0,2.8678,1.7352,8.8275,-0.0796,0.0205,9.8063,-0.0717,-0.6416,0.32,122.8,-86.74,141.67,53.05432,-1.75808,12.7,3,345.33,19 / 19,7.628800199522122,11.142676237702387,0.9421048991341856,183.66258419962665,224.8259741783535,32.95112357857435,False,46.39999999999998,-3.229064301787263,11.437935510177976,-18.207042594401088,356.59101025626137,11.885000000002837,344.2349999999913,-10.857864501309386,0.2952592724755885,-201.86962679402774,131.76503607790787
1033714.0,-3.4955,-2.0393,8.4466,-0.0131,-0.0417,9.8065,-0.1199,-0.0485,0.0313,119.39,-86.92,138.6,53.05432,-1.75808,12.7,3,345.33,19 / 19,7.601504215240545,11.196716790164377,0.825144899134292,184.4240994203641,225.94294382974581,33.03948606848769,False,46.499999999999886,-3.470059357474274,10.778231541854028,-18.581343029527755,357.64736205933315,11.323055555556197,342.1540000000024,-11.071563572714819,-0.4184852483103487,-203.00544244989183,131.70441822958733
1033815.0,2.8119,1.7551,9.54,-0.0396,-0.091,9.8061,0.0083,-0.4457,0.2549,117.08,-87.35,132.62,53.05432,-1.75808,12.7,3,345.33,19 / 19,7.5920525814226405,11.252716937416206,0.7429965491342003,185.19137403859642,227.0766402329899,33.11867721162534,False,46.601,-3.3541875514476525,10.61175332087868,-18.918480778607062,358.7143885753673,11.129269444443425,342.4592700000199,-10.946240132870294,-0.6409636165375261,-204.10985481720348,131.63774834237742
1033915.0,1.51,1.0151,10.5694,0.0206,0.0122,9.8066,-0.0423,0.2835,-0.3292,109.8,-87.72,130.47,53.05432,-1.75808,12.7,3,345.33,19 / 19,7.606530280178641,11.015812055768118,0.7678015491341778,185.9513031816758,228.19006668264808,33.19421711653869,False,46.70099999999991,-3.0600512598573752,10.620500153360444,-19.210702475455903,359.78163748163234,11.053075000017191,343.928949999747,-10.666581540036017,-0.39531190240767344,-205.16200565713171,131.59157079898426
1034014.0,3.1563,2.6004,8.8991,-0.0613,-0.0299,9.8064,0.0106,-0.1248,0.175,108.32,-87.54,127.12,53.05432,-1.75808,12.7,3,345.33,19 / 19,7.678735176706943,10.754307961212156,0.7606339491341827,186.70792382179113,229.26768762348786,33.26987467370292,False,46.79999999999984,-1.9321834776976339,10.49359647636262,-19.316576027121297,360.81641746847083,10.670000000011877,349.56699999982516,-9.610918654404577,-0.2607114848495353,-206.02449984891243,131.54872984498297
1034114.0,0.186,2.3367,11.1319,0.0509,0.0309,9.8064,-0.0896,0.3661,-0.0794,114.8,-87.59,131.84,53.05432,-1.75808,12.7,3,345.33,19 / 19,7.83234908910871,10.521910921748253,0.7815189491342113,187.48347803508295,230.33149856763734,33.34698231861645,False,46.89999999999998,-2.523638418764687,11.242172962194905,-19.603985289809497,361.98396419862604,11.521944444431853,347.3480000000328,-10.355987507873397,0.7202620404466522,-207.08746332489244,131.6524656309887
1034214.0,-0.8645,0.1355,9.6833,0.0343,0.0204,9.8065,-0.0747,0.1504,-0.1458,123.21,-87.97,141.63,53.05432,-1.75808,12.7,3,345.33,19 / 19,7.943730856033463,10.515398521420222,0.8416139491341567,188.27228203233935,231.3833640397948,33.42813896352979,False,46.999999999999886,-2.238512724698234,10.649214791399185,-19.804503380042924,363.00695752371456,10.881944444445171,348.1289999999991,-10.182243580731697,0.13381626997896312,-208.07678541238226,131.62359348391976
1034315.0,-0.5431,3.6849,10.3817,0.0008,0.0223,9.8066,0.0396,0.0906,-0.0871,121.85,-87.8,138.58,53.05432,-1.75808,12.7,3,345.33,19 / 19,8.126723097343811,10.493210080431554,0.8644247991341821,189.0838399569858,232.4442987741895,33.514293920317435,False,47.101,-2.442382554922927,10.621034221696554,-20.055418350336943,364.0734280658057,10.898511111109032,347.04897999994273,-10.569105652266739,0.12782414126500008,-209.13925830732273,131.62912929161618
1034415.0,0.5318,-0.1227,10.0339,-0.0183,-0.0056,9.8066,0.0163,-0.0006,-0.0509,115.35,-87.66,132.58,53.05432,-1.75808,12.7,3,345.33,19 / 19,7.021301679696833,8.853606347414336,0.7688588292640238,189.84124119583714,233.4116395955809,33.595958101737274,False,47.20099999999991,-3.14823927127571,10.288018890453369,-20.416284073373756,365.08652504118265,10.75893888885411,342.985530000011,-10.169540950972543,1.4344125430390324,-210.2575252692109,131.67488544560175
1034515.0,2.7518,2.2775,8.7532,0.0064,0.0044,9.8066,0.0359,0.1638,-0.1384,112.13,-87.46,128.68,53.05432,-1.75808,12.7,3,345.33,19 / 19,7.036245745159143,8.678447848349542,0.7275488292639675,190.5441185670809,234.2882423053703,33.67077848466378,False,47.301000000000045,-3.41948645306227,11.01062042501112,-20.770064823927154,366.21982373394457,11.52938888890172,342.7474099999817,-10.455732198221414,2.332172576661579,-211.31418339100804,131.93158142857428
1034615.0,-4.798,4.3312,7.0541,-0.0052,-0.0147,9.8066,-0.0453,0.2873,-0.3333,103.16,-87.08,121.91,53.05432,-1.75808,12.7,3,345.33,19 / 19,7.332032997491801,8.706543192066476,0.5372488292641406,191.26253250421277,235.1574918573903,33.734018367590124,False,47.400999999999954,-3.168627547683529,10.624458377637604,-21.077392216925933,367.26561201922414,11.086919444439939,343.3930699999835,-10.50066054517533,1.9179151855711272,-212.33992472113871,132.10812016183382
1034715.0,1.8794,1.5922,8.5727,-0.0311,-0.0827,9.8062,-0.1321,-0.2202,0.325,98.02,-86.8,114.97,53.05432,-1.75808,12.7,3,345.33,19 / 19,7.638273780539682,8.797879242452188,0.33792382926432196,192.01104784311366,236.03271297911544,33.77777700051651,False,47.50099999999986,-3.0496702189481764,10.96157318070839,-21.372287488310963,368.3652186492099,11.378144444445526,344.4496100000049,-10.687943999487858,2.163693938256202,-213.38333533142463,132.33250567009446
1034815.0,0.4706,-1.3834,7.2232,0.0532,-0.0352,9.8064,-0.2375,-0.0219,-0.321,78.62,-86.94,94.82,53.05432,-1.75808,12.7,3,345.33,19 / 19,7.614403000240092,8.662566684429452,0.1470538292640616,192.7736816821537,236.90573527546073,33.80202588344296,False,47.601,-3.5015921417152507,9.91467577983808,-21.74685528090629,369.34473475752856,10.514844444455473,340.54829999999765,-11.115995141955342,1.2521090954086276,-214.52053696305998,132.43899948206783
1034914.0,0.5231,0.5979,9.6396,-0.0077,-0.0052,9.8066,0.1288,-0.2674,0.1118,70.61,-86.55,86.16,53.05432,-1.75808,12.7,3,345.33,19 / 19,7.561340349078602,8.61075980222955,0.01090407926415421,193.52488097794446,237.76076493654978,33.8098447999151,False,47.69999999999993,-3.7932924044888443,10.64104724705797,-22.143881099576593,370.412539638194,11.296944444409418,340.38000000000756,-11.354632753567447,2.030287444828419,-215.66876207752105,132.65177470164423
1035014.0,0.0342,-0.8485,10.1082,-0.0341,0.0121,9.8065,0.0837,-0.1667,0.0081,77.29,-86.64,92.98,53.05432,-1.75808,12.7,3,345.33,19 / 19,7.529891382424876,8.58382517620226,0.01762907926414814,194.27944256451894,238.6204941854706,33.811271457841514,False,47.79999999999984,-3.1395940356240306,10.869546038430999,-22.43797429861859,371.5133694116736,11.313888888888368,343.8889999998923,-10.669485418048907,2.2857208622287377,-216.71741686313754,132.892875226203
1035114.0,-2.9358,2.6344,11.4763,0.0217,0.0644,9.8064,-0.02,-0.1327,-0.0003,84.23,-86.74,100.76,53.05432,-1.75808,12.7,3,345.33,19 / 19,7.577910555836912,8.73417374092297,0.11618907926428267,195.03483266143306,239.48639413132804,33.81796236576795,False,47.89999999999998,-3.6792136367410215,10.469267549278245,-22.839010479133652,372.5808407071732,11.09694444444765,340.63700000004803,-11.257124192577933,1.7350938083552752,-217.87384314056672,133.09444657584515
1035214.0,5.1172,0.1278,9.7361,-0.0748,0.009,9.8063,-0.0267,-0.3225,0.3337,97.42,-87.12,111.61,53.05432,-1.75808,12.7,3,345.33,19 / 19,7.641140156768547,8.645682887958076,0.19614407926421001,195.79578519706263,240.3553869627713,33.833579023694355,False,47.999999999999886,-3.6954530427741497,10.38721578714205,-23.219994850592286,373.637192510244,11.02500000000008,340.4160000000002,-11.336593199542696,1.7415328991839747,-219.0157800476549,133.28180554747271
1035315.0,-0.2761,1.9344,8.1545,0.0544,-0.0047,9.8065,-0.1859,0.7111,-0.4338,91.96,-87.42,109.23,53.05432,-1.75808,12.7,3,345.33,19 / 19,7.686027898965023,8.40784579763076,0.10914772926411298,196.56980718387803,241.2165901613945,33.848996260025054,False,48.101,-3.427989243804468,10.289886964269805,-23.5643512509104,374.6817576515713,10.84586944444566,341.5749399999999,-11.114017142769491,1.8820411666390449,-220.13415843478842,133.46516749017678
1035415.0,-4.6872,-0.7506,10.3123,-0.0081,-0.0355,9.8065,0.1511,0.0237,-0.2888,85.8,-87.21,103.55,53.05432,-1.75808,12.7,3,345.33,19 / 19,7.701857690462527,8.655211727198571,0.05182272926416522,197.3392014633487,242.0697430376352,33.85704478295146,False,48.20099999999991,-3.454212745237127,10.368917891329698,-23.911715422560125,375.72676757228635,10.929144444456883,341.57562999997054,-11.156070435699654,1.7137061641311266,-221.25091688590882,133.65702453465116
1035515.0,-4.9118,2.9495,9.3228,0.0617,-0.0324,9.8063,0.0533,0.8207,-0.4797,84.84,-86.83,100.64,53.05432,-1.75808,12.7,3,345.33,19 / 19,7.7449889139457655,9.148282873173503,0.05291272926416683,198.11154379357018,242.959917767655,33.862281555877885,False,48.301000000000045,-3.251925797481899,10.148057446335052,-24.239361982032193,376.7502056770849,10.656363888876287,342.2320399999999,-10.996914711427664,0.9997745731615488,-222.35090577560237,133.7902879094299
1035614.0,0.3496,0.865,7.1621,0.05,0.0627,9.8062,-0.4076,-0.0836,-0.0781,89.2,-86.58,101.3,53.05432,-1.75808,12.7,3,345.33,19 / 19,7.884945565637188,9.391835065265857,-0.1019430707357278,198.885225550309,243.87765360560715,33.85985455397505,False,48.39999999999998,-3.384712264033014,10.564946453653796,-24.576833927931112,377.80700226032667,11.093888888882358,342.23599999999993,-11.269657829670201,1.1731113883879392,-223.46205947824012,133.92934865471952
1035714.0,2.5111,4.3662,12.6862,0.0378,0.1178,9.8059,-0.4392,0.4431,-0.2293,71.49,-86.67,87.29,53.05432,-1.75808,12.7,3,345.33,19 / 19,8.148306564722507,9.3270533935202,-0.09019307073573847,199.68688815682626,244.8135980285456,33.85024774690148,False,48.499999999999886,-3.2482895977143906,10.220098218247418,-24.904346808649564,378.8299955854137,10.72388888888931,342.3679999999999,-11.396596162436897,0.8930448247272178,-224.59123496547582,134.0163975568681
1035814.0,11.1347,0.2569,8.9838,-0.036,-0.027,9.8065,0.1443,-0.8049,0.4349,83.9,-87.16,93.98,53.05432,-1.75808,12.7,3,345.33,19 / 19,8.439888479760814,8.725681475846262,0.012641929264401872,200.51629790905156,245.71623477201516,33.84637018982791,False,48.60000000000002,-3.3818628625033442,10.155601455597639,-25.245227562084978,379.8418694180769,10.703888888890843,341.581999999956,-11.821751342264157,1.4299199797513769,-225.76152547113654,134.12563464606174
1035914.0,6.4095,1.0858,10.1017,0.2336,0.0424,9.8038,0.027,1.0539,-0.9228,86.8,-87.31,97.24,53.05432,-1.75808,12.7,3,345.33,19 / 19,8.556861253746977,7.860762830563991,-0.013748070735574085,201.3661353957262,246.54555698733492,33.84631488275435,False,48.69999999999993,-3.9531410205199347,10.08930027722871,-25.68636736059548,380.8648627430888,10.836111111105248,338.6040000001321,-12.510002274266911,2.2285374466647196,-227.05250275632167,134.31930575575387
1036014.0,-4.3446,-0.8041,10.1234,0.0198,-0.0224,9.8065,-0.0351,0.4054,-0.0062,84.23,-88.0,99.76,53.05432,-1.75808,12.7,3,345.33,19 / 19,8.540070705476307,7.760227528003509,0.01684192926439812,202.22098199368656,247.3266065052626,33.84646957568079,False,48.79999999999984,-3.2483238538276447,10.447789454532666,-25.960408750620914,381.9212145454506,10.94111111110789,342.7289999998734,-11.788394559303951,2.687561926529157,-228.18139074430746,134.594608040188
1036114.0,3.8952,2.8768,11.7388,0.0824,0.0485,9.8061,0.182,0.3431,-0.2279,98.86,-88.45,112.28,53.05432,-1.75808,12.7,3,345.33,19 / 19,8.564124273882175,7.764807386884846,0.12928692926455154,203.07619174265565,248.10285825100806,33.85377601860725,False,48.89999999999998,-3.255823859646245,10.618159680813324,-26.281237695020863,382.9998053340816,11.106111111108671,342.95299999999673,-11.81994813352842,2.853352293928478,-229.3574294376765,134.89694708307354
1036214.0,-0.4362,-3.819,11.4656,0.0592,0.0751,9.8062,0.121,0.2683,-0.2789,111.17,-87.92,123.56,53.05432,-1.75808,12.7,3,345.33,19 / 19,8.482145800155314,7.652543727766727,0.30884192926438825,203.92850524635676,248.87372580673994,33.87568246153368,False,48.999999999999886,-2.969403315180235,10.698620781275954,-26.561963021383658,384.0783961234181,11.103055555555558,344.4879999999983,-11.451549115335549,3.0460770535092268,-230.49046826774043,135.20467031667815
1036314.0,0.0882,3.233,9.6108,-0.0002,0.0244,9.8066,0.1543,0.042,0.1703,121.88,-87.37,134.25,53.05432,-1.75808,12.7,3,345.33,19 / 19,8.426029281052386,7.67028678538701,0.3819969292644881,204.7739140004183,249.63986733239867,33.910224404460166,False,49.10000000000002,-3.5405286463789363,10.473884179490648,-26.962999201848323,385.1347479257835,11.056111111110209,341.32299999999043,-11.966557927431323,2.8035973941036385,-231.73691320226663,135.4948805933848
1036415.0,-0.2114,2.1251,10.3386,0.064,0.0266,9.8063,0.0225,0.1248,-0.2931,131.57,-87.24,144.41,53.05432,-1.75808,12.7,3,345.33,19 / 19,8.632073965565327,7.538263836729004,0.3989699792644688,205.63534821437153,250.40789913881466,33.949663233340836,False,49.20099999999991,-3.630062734691623,10.376916765612654,-27.339371657248773,386.17942426054947,10.993888888893824,340.7196099997929,-12.262136700256951,2.8386529288836497,-232.9747198716203,135.7715251217348
1036515.0,5.4339,-0.0002,9.665,0.0168,0.0235,9.8065,0.0791,-0.0753,0.0392,135.58,-87.03,144.64,53.05432,-1.75808,12.7,3,345.33,19 / 21,8.509667391824408,7.308509663967095,0.4184849792644954,206.49243528224218,251.15023781385048,33.99053598126734,False,49.301000000000045,-2.7562563884212303,10.53192061562341,-27.54737575623678,387.2361096491016,10.886611111103349,345.3343099999991,-11.265923780245638,3.223410951656315,-234.03981103847897,136.0858718352511
1036615.0,1.1229,2.5701,9.3346,0.0589,0.0349,9.8063,0.0287,0.358,-0.1997,140.08,-86.81,152.98,53.05432,-1.75808,12.7,3,345.33,19 / 21,8.34190635692888,7.007801430834439,0.3877999792645233,207.3350139696791,251.86605336858992,34.03085022919376,False,49.400999999999954,-2.823345478499965,10.793146394473748,-27.835520251899908,388.3255975403153,11.156411111110664,345.34071000003615,-11.165251835428844,3.785344963639309,-235.170534221579,136.45954417172538
1036714.0,7.9348,2.7963,8.9531,-0.0752,-0.0083,9.8063,0.0507,-0.8426,0.4376,139.76,-86.41,148.9,53.05432,-1.75808,12.7,3,345.33,19 / 21,8.15840356619709,6.539443013899386,0.32218277926456795,208.15177931087328,252.5366419686038,34.06599437574093,False,49.499999999999886,-3.2824493656665936,10.693671397231048,-28.192843488714715,389.38239412425736,11.186111111111078,342.93600000000276,-11.440852931863684,4.154228383331662,-236.344622799588,136.84575215565357
1036814.0,3.2693,-1.8987,10.6746,0.0305,-0.0302,9.8065,0.1155,-0.2392,0.0091,138.97,-86.55,151.28,53.05432,-1.75808,12.7,3,345.33,19 / 21,7.747773706516207,6.165127068594,0.32290277926456895,208.94708817451004,253.17187047272932,34.098248653667426,False,49.60000000000002,-3.25764735775162,10.74915390603513,-28.52035636944684,390.4721044046073,11.231944444444904,343.1400000000113,-11.005421064267827,4.5840268374411295,-237.46744454395687,137.30023393187798
1036914.0,-4.9755,2.1414,10.1554,-0.0989,0.011,9.8061,-0.0002,-0.65,0.3765,139.8,-86.44,152.02,53.05432,-1.75808,12.7,3,345.33,19 / 21,7.808805292362242,6.232626996160113,0.3837377792645137,209.72491712445327,253.79175817596646,34.13358068159385,False,49.69999999999993,-3.1226548690243465,10.821527018700149,-28.834501377480468,391.56181468558293,11.263055555554175,343.9039999999661,-10.931460161386589,4.588900022540035,-238.55941850193375,137.77005650961647
1037014.0,1.9586,-0.9272,10.6813,-0.027,-0.029,9.8065,0.1373,-0.5869,0.2448,136.09,-86.15,147.3,53.05432,-1.75808,12.7,3,345.33,19 / 21,7.952163456352847,6.300967681344003,0.4449077792644581,210.5129655618883,254.4184379098411,34.17501295952026,False,49.79999999999984,-3.228247740135852,10.992724527216067,-29.16201425819813,392.66264446047757,11.456944444438493,343.6340000000083,-11.180411196488699,4.691756845872064,-239.67497982008643,138.24420655063648
1037114.0,-3.2447,1.6593,10.1081,-0.0427,-0.003,9.8065,-0.0175,-0.0791,-0.0381,138.61,-86.31,146.33,53.05432,-1.75808,12.7,3,345.33,19 / 21,8.012714023885259,6.335408251077029,0.5037127792645384,211.3112094359013,255.050256706463,34.22244398744677,False,49.89999999999998,-3.1262853246417475,10.995300873714468,-29.476159266295603,393.7745937263859,11.431111111111493,344.12799999999277,-11.138999348527006,4.6598926226374395,-240.78736870219691,138.7243370199229
1037214.0,1.5652,1.9959,9.1942,-0.0644,-0.0194,9.8064,0.0369,-0.4718,0.2671,133.0,-86.09,139.86,53.05432,-1.75808,12.7,3,345.33,19 / 21,8.194953364719796,6.27868086320636,0.48816277926455265,212.1215928053308,255.68096116217657,34.272037765373184,False,49.999999999999886,-2.9484126331401805,11.274750071700094,-29.763568528989083,394.9087819778503,11.653888888888632,345.34499999999866,-11.143365997859977,4.996069208493734,-241.8851613343199,139.22782081567374
1037314.0,-3.5363,-2.7687,9.7681,0.0192,-0.0235,9.8065,-0.121,0.3892,-0.1844,128.28,-86.23,138.7,53.05432,-1.75808,12.7,3,345.33,19 / 21,8.199423610465498,6.40014615542009,0.4556127792645083,212.94131165409118,256.31490251310873,34.3192265432997,False,50.10000000000002,-2.8220540236771603,11.342250824112439,-30.044293855339035,396.0540897224498,11.688055555550395,346.02799999998376,-11.02147763414266,4.942104668692349,-242.98560550943023,139.73918720934108
1037414.0,2.5612,0.3239,9.4292,-0.0296,-0.0301,9.8065,0.0814,-0.3001,0.1038,128.32,-86.24,135.11,53.05432,-1.75808,12.7,3,345.33,19 / 21,8.116676108997472,6.535740817703128,0.4348127792645273,213.7571166400636,256.9616968617643,34.36374782122611,False,50.19999999999993,-2.9484814235651955,10.948829094008536,-30.351754927015694,397.1438000034254,11.33888888890437,344.9280000000488,-11.065157532562669,4.413088276305408,-244.1088715670793,140.18210314166106
1037514.0,-1.0988,-1.7753,9.9777,0.0485,0.0073,9.8065,0.1033,0.3594,-0.2702,127.25,-86.08,137.24,53.05432,-1.75808,12.7,3,345.33,19 / 20,7.995466767081093,6.5440832347151225,0.42449277926453677,214.5627237838668,257.61568806438464,34.406713099152526,False,50.29999999999984,-3.112712900963977,11.24923577449291,-30.672583871415757,398.2779882541809,11.67194444443422,344.5330000000121,-11.10817966804507,4.705152539777787,-245.23530765528255,140.66230018979627
1037614.0,0.3793,-0.8776,10.7579,-0.0296,0.0005,9.8066,-0.0976,-0.1599,0.088,132.55,-86.13,139.63,53.05432,-1.75808,12.7,3,345.33,19 / 20,7.896622766806983,6.6792342623359975,0.4806077792646134,215.3573282605623,258.2768539392381,34.45196812707905,False,50.39999999999998,-2.9173805775148955,11.472944256044286,-30.96667707046779,399.44553498504615,11.8380555555531,345.73299999998227,-10.814003344321879,4.793709993708289,-246.3240053310301,141.16868104580806
1037715.0,1.343,3.6149,10.0771,-0.0297,0.0132,9.8065,0.2068,-0.2356,0.0533,131.81,-86.1,138.73,53.05432,-1.75808,12.7,3,345.33,19 / 20,7.9262999797010005,6.545709610599824,0.5423036292645435,216.15638585926004,258.9447136048206,34.50362515320971,False,50.50099999999986,-3.0832104702831185,11.393430660603592,-31.28349565304742,400.60262939186265,11.803299999999732,344.85735999999775,-11.00951044998412,4.847721050003768,-247.43988151230747,141.65791578704204
1037814.0,-1.0516,2.6866,9.6755,0.0204,-0.0228,9.8066,-0.042,-0.0093,-0.0416,127.91,-85.96,138.37,53.05432,-1.75808,12.7,3,345.33,19 / 20,6.915693056220118,5.404295908082062,0.46681913237487144,216.89106451453932,259.5362388779963,34.553576729910944,False,50.60000000000002,-2.7703016228629824,11.696402392114944,-31.548179532185603,401.7695089515209,12.019999999996248,346.6749999999895,-9.685994679083102,6.292106484032882,-248.43924404672492,142.23327007352458
1037916.0,-2.5195,-5.0736,8.6771,-0.0228,-0.0687,9.8063,0.1848,-0.6624,0.4281,123.62,-86.32,129.87,53.05432,-1.75808,12.7,3,345.33,19 / 20,6.894224629669278,5.633871023433458,0.4025234323749586,217.59537031651874,260.09918539150283,34.59791320071312,False,50.701999999999884,-2.8558460495461064,11.417930241681674,-31.848288273895374,402.9270481381974,11.76966666665875,345.9574000000125,-9.750070679215384,5.784059218248216,-249.44365859041412,142.82786274669456
1038014.0,-6.2266,0.7951,9.1459,0.0297,-0.0053,9.8065,-0.0099,-0.1614,0.0583,128.81,-86.52,136.08,53.05432,-1.75808,12.7,3,345.33,19 / 20,6.959819378453106,6.108130802300119,0.31479873237499767,218.27421847291643,260.6745434809635,34.633061986785854,False,50.79999999999984,-2.953562654119021,11.572940397245052,-32.143049866569314,404.071243933058,11.943888888883434,345.68300000000863,-9.913382032572127,5.464809594944933,-250.41726833948576,143.39670045209448
1038114.0,3.6434,1.3751,9.1317,-0.074,-0.0521,9.8061,-0.0332,-0.8175,0.6059,127.74,-86.85,135.96,53.05432,-1.75808,12.7,3,345.33,19 / 20,7.111863784972772,6.1612082934376176,0.2480137323749066,218.97780263108868,261.28801043575123,34.66120261002339,False,50.89999999999998,-3.055602511681934,11.492677493098562,-32.457194874639384,405.2276711700843,11.891944444445214,345.11100000000846,-10.167466296654705,5.331469199660944,-251.43499750572806,143.93966073433307
1038214.0,4.1241,1.9533,10.5093,0.007,0.0043,9.8066,0.0722,-0.3666,0.3715,127.06,-87.26,135.96,53.05432,-1.75808,12.7,3,345.33,19 / 20,6.991147139614406,5.772933658415692,0.2493987323749054,219.6829531773174,261.88471753334335,34.686073233260856,False,50.999999999999886,-2.661424207529901,11.764664252261223,-32.71786839195657,406.41745688579874,12.06194444444425,347.2529999999976,-9.652571347144306,5.991730593845531,-252.40082156927394,144.5327393524554
1038314.0,-3.5074,-1.8754,8.0262,-0.0893,-0.0494,9.8061,-0.0375,-0.5744,0.474,135.2,-87.57,145.31,53.05432,-1.75808,12.7,3,345.33,19 / 20,6.987386119076349,5.761931384749714,0.19550873237483188,220.38187984025288,262.4614607855024,34.70831860649837,False,51.10000000000002,-2.5661356831085316,11.608644480226214,-32.97854190925939,407.57388412282546,11.888888888891696,347.53500000003163,-9.55352180218488,5.846713095476501,-253.36042174951228,145.11242333732304
1038414.0,1.9516,4.0351,10.098,-0.0272,-0.038,9.8065,0.1447,-0.5046,0.2562,130.14,-87.69,136.5,53.05432,-1.75808,12.7,3,345.33,19 / 20,7.121869342985622,5.77013120810832,0.12105373237489965,221.08734261335533,263.0380639151448,34.72414672973584,False,51.19999999999993,-2.1655395656975798,11.883181189366315,-33.1790599995168,408.77478933087866,12.078888888880465,349.67199999990527,-9.287408908683203,6.113049981257995,-254.26640261287213,145.73672541573387
1038514.0,-1.0385,1.566,10.3277,-0.0444,-0.0186,9.8064,0.1451,-0.3008,0.2046,134.16,-87.8,141.04,53.05432,-1.75808,12.7,3,345.33,19 / 20,7.290123788260501,5.570794055215297,0.16167373237486282,221.807942269917,263.60511017831044,34.73828310297332,False,51.29999999999984,-1.9353469553466143,12.216539792751748,-33.35952628075717,410.0090530162947,12.368888888879987,350.99799999995935,-9.225470743607115,6.645745737536451,-255.16746855067416,146.40394283798423
1038614.0,3.987,-0.3631,10.0099,-0.069,-0.0108,9.8063,0.0627,-0.6252,0.3667,142.47,-87.68,146.06,53.05432,-1.75808,12.7,3,345.33,19 / 20,7.200441409145911,5.47055183947578,0.19788873237491228,222.5324705297883,264.15717747304575,34.75626122621083,False,51.39999999999998,-2.380298051470155,11.68700923962941,-33.61351586171444,411.17659974574843,11.926944444450974,348.4880000000372,-9.580739460616066,6.2164574001536295,-256.14598639150273,147.01942227270268
1038714.0,1.0207,1.0305,10.4279,0.0114,0.0282,9.8066,0.0366,-0.0248,0.0051,157.29,-87.76,162.43,53.05432,-1.75808,12.7,3,345.33,19 / 20,6.996363540349857,5.322316597174084,0.23911373237487482,223.24231077726245,264.69682089487776,34.7781113494483,False,51.499999999999886,-2.7253578592550713,11.471823123356113,-33.900925124407024,412.3107879972137,11.791111111111265,346.6360000000021,-9.721721399604927,6.149506526182029,-257.14323590166947,147.61396710233595
1038814.0,5.3426,1.7894,11.0676,-0.0447,-0.0059,9.8065,0.1449,-0.3896,0.1312,161.33,-87.51,166.68,53.05432,-1.75808,12.7,3,345.33,19 / 20,6.741349245378106,5.111974917813942,0.33322373237500325,223.9291964165498,265.2185354706279,34.806728222685834,False,51.60000000000002,-2.7788838066384343,11.852483936643441,-34.168282578094114,413.5228126984908,12.173888888896279,346.80500000003616,-9.52023305201654,6.740509018829499,-258.0974789946439,148.30427722786288
1038914.0,1.9309,-1.4337,10.0417,0.0051,0.0136,9.8066,0.0299,0.3564,-0.4331,157.05,-87.21,165.32,53.05432,-1.75808,12.7,3,345.33,19 / 20,6.396609518905481,4.997222476213565,0.40802373237493533,224.58609435476336,265.7239953403288,34.843790595923295,False,51.69999999999993,-2.3639849075002104,12.45146717959125,-34.38885247734272,414.7904348618003,12.67388888886672,349.2499999998916,-8.760594426405692,7.454244703377684,-258.97494683210607,149.06643952147147
1039014.0,-2.0181,4.5783,10.1405,-0.0233,0.0135,9.8066,0.0713,0.2045,-0.17,149.83,-86.8,156.55,53.05432,-1.75808,12.7,3,345.33,19 / 20,6.475887916083502,4.90503373446302,0.4364687323749095,225.22971922651223,266.2191081508622,34.88601521916075,False,51.79999999999984,-2.190004207741937,12.15935469382788,-34.596054503919625,416.00245956236904,12.355000000009788,349.7899999999834,-8.665892123825438,7.254320959364859,-259.8257737304319,149.78335141150683
1039114.0,0.9985,1.4866,8.4219,-0.0307,-0.0258,9.8065,-0.1825,0.1827,-0.1682,140.73,-86.48,145.81,53.05432,-1.75808,12.7,3,345.33,19 / 20,6.6767123916086195,4.694162083589816,0.3839237323748379,225.88734924189774,266.6990679417655,34.92703484239829,False,51.89999999999998,-2.157159201870762,12.134755423072821,-34.80325653053627,417.22560375536335,12.325000000000443,349.9199999999981,-8.833871593479381,7.440593339483005,-260.690605772434,150.52653581359783
1039214.0,-4.3001,0.54,7.7625,0.0399,-0.0082,9.8065,-0.2515,0.4288,-0.2724,130.16,-86.67,137.59,53.05432,-1.75808,12.7,3,345.33,19 / 20,6.83036217558478,4.7753049193841175,0.21247873237499393,226.5627029702568,267.1725412919138,34.956854965635756,False,51.999999999999886,-2.2698498491569374,12.529952429951132,-35.04387823880637,418.4932259194718,12.733888888888423,349.73200000000026,-9.100212024741717,7.754647510567015,-261.60658120906317,151.32068462755802
1039315.0,1.3614,0.185,9.3404,0.031,-0.0213,9.8066,-0.1689,-0.0353,0.0738,121.68,-87.09,125.53,53.05432,-1.75808,12.7,3,345.33,19 / 20,6.945170255310488,4.881242017293475,0.08570353237485248,227.25836735801778,267.6601969122165,34.97191317000564,False,52.101,-1.6927809291273657,12.17572839846483,-35.186045564807365,419.706807349249,12.29283888889285,352.0849999999972,-8.637951184437854,7.294486381171355,-262.44441292282517,152.04661043703248
1039414.0,-3.4536,-1.5429,10.7015,0.1121,-0.0179,9.8059,-0.0375,0.5285,-0.2615,116.23,-87.97,121.7,53.05432,-1.75808,12.7,3,345.33,19 / 20,6.904653453738854,5.024498442441416,0.10691923237483812,227.94393363161527,268.15053106497305,34.981447996860744,False,52.19999999999993,-1.7745008521959493,12.448045168433584,-35.3647071832215,420.96175329092574,12.573888888876303,351.8870000000088,-8.679154305934803,7.423546725992168,-263.30864081483674,152.8112222259527
1039515.0,-4.2216,0.6295,10.8147,0.008,0.037,9.8065,0.2517,-0.2899,0.1649,118.73,-87.99,124.35,53.055233,-1.758387,13.12,6,358.28,21 / 21,7.021334545890377,5.405212617693235,0.20301568237494544,228.64719602559734,268.67723147351046,34.99709971005563,False,52.301000000000045,-1.5434855920304493,12.023891515673363,-35.50547088256799,422.1629920833724,12.12271388890095,352.6860999999142,-8.564820137920826,6.618678897980128,-264.1526669081653,153.48576060986193
1039615.0,-2.0243,-2.5605,9.1873,0.0317,0.0547,9.8064,-0.0239,0.3578,-0.2348,136.1,-87.52,142.2,53.055233,-1.758387,13.12,6,358.28,21 / 21,7.1175052961124,5.75864886511123,0.22245068237492785,229.35413801769684,269.23542454765015,35.018373028293105,False,52.400999999999954,-0.8821515268694898,11.673019081998335,-35.546109215513184,423.3088558012113,11.706330555551922,355.6780199999821,-7.99965682298189,5.9143702168871055,-264.90024723321005,154.07343125356113
1039715.0,-3.981,-2.3458,13.0352,-0.1193,-0.0229,9.8058,0.3083,-1.0682,0.4142,140.46,-87.15,146.21,53.055233,-1.758387,13.12,6,358.28,21 / 21,7.167580586924764,6.162386130134108,0.35291068237480927,230.06839231184804,269.8314762974119,35.04714109653057,False,52.50099999999986,-0.6574134765176659,11.933261671552675,-35.64028587857563,424.51031698468745,11.951436111110697,356.8472900000026,-7.82499406344243,5.770875541418567,-265.70867819042365,154.67884068727557
1039815.0,9.9978,1.0767,6.9837,-0.1012,0.075,9.8058,-0.226,-0.5804,0.7789,141.86,-86.59,143.4,53.055233,-1.758387,13.12,6,358.28,21 / 21,6.874801652957865,6.053260717614422,0.373190682374837,230.77051142384315,270.4422586398001,35.0834461647681,False,52.601,-1.1166743271475725,12.240031340609619,-35.79408325380221,425.76737563100204,12.290880555562213,354.78761999998693,-7.991475980105438,6.186770622995197,-266.56459467764535,155.32511699120192
1039914.0,3.4794,0.968,8.4973,-0.1555,0.0709,9.8052,-0.2237,-0.6815,0.6089,144.1,-86.22,145.36,53.055233,-1.758387,13.12,6,358.28,21 / 21,6.396273021896067,5.590775385117847,0.16864183237497604,231.42742962024798,271.018638426885,35.1102668742482,False,52.69999999999993,-1.3653352371739504,12.689816657611216,-35.95289358127559,427.0663547640816,12.76305555553441,353.85900000004165,-7.761608259070018,7.099041272493369,-267.38032320152354,156.04771633719662
1040015.0,4.5754,-0.4017,11.1692,0.0107,0.0033,9.8066,0.1617,-0.4336,0.2339,149.9,-86.63,152.55,53.055233,-1.758387,13.12,6,358.28,21 / 21,6.063336887995756,5.375877105812123,0.17132843237497905,232.05663992069822,271.57245437767756,35.12743537261809,False,52.801000000000045,-1.3291352982643412,12.730086986256053,-36.06779044700659,428.38023401696074,12.799286111107602,354.03938999999605,-7.392472186260097,7.35420988044393,-268.1244303677048,156.80777963928318
1040115.0,-2.7006,1.3352,9.1512,-0.0587,-0.0102,9.8064,0.1906,-0.3263,0.228,155.19,-86.39,158.22,53.055233,-1.758387,13.12,6,358.28,21 / 21,5.999354416975294,5.30115007755756,0.2066834323749469,232.65977448594623,272.10630573684557,35.14633596585557,False,52.900999999999954,-1.3119759415216912,12.855341290792332,-36.19498575556957,429.6703175557693,12.922119444442947,354.1727800000063,-7.311330358496985,7.5541912132347715,-268.8547602415158,157.56401181892375
1040215.0,0.0765,-0.4785,10.2306,-0.0024,0.0382,9.8065,0.0563,-0.298,0.0545,155.92,-85.85,158.48,53.055233,-1.758387,13.12,6,358.28,21 / 21,6.131510273849507,5.344395843713571,0.1951084323749575,233.2663177204869,272.6385830329086,35.16642555909305,False,53.00099999999986,-1.4166387412157386,12.944196871570187,-36.34203235508793,430.9823064946639,13.021486111111166,353.7542900000001,-7.5481490150652455,7.599801027856616,-269.60835007557483,158.34372346175525
1040315.0,-4.9424,2.3945,9.9191,-0.1116,0.0045,9.8059,0.0644,-0.3485,0.215,152.81,-85.45,158.34,53.055233,-1.758387,13.12,6,358.28,21 / 21,6.387049790694694,5.397882178909173,0.2219284323749942,233.89224572371498,273.1756969340405,35.18727740233057,False,53.101,-1.4285259514849382,12.897917587223596,-36.48914579394415,432.2832871367592,12.976788888889836,353.6799099999943,-7.815575742179632,7.500035408314423,-270.38139151765915,159.1075902027187
1040414.0,1.6802,-0.7515,8.4623,-0.0949,0.0026,9.8061,-0.1171,-0.505,0.1418,149.6,-84.84,149.69,53.055233,-1.758387,13.12,6,358.28,21 / 21,6.56114330130517,5.420398787311417,0.16094938237503578,234.53318128176855,273.71120184186805,35.20622985416069,False,53.19999999999993,-1.5274925874209246,12.95414233907341,-36.64133902445043,433.57125797233823,13.043888888885883,353.2750000000181,-8.088635888726094,7.533743551761993,-271.174520306219,159.86005613047018
1040514.0,-4.4246,-0.9443,8.1022,-0.0435,-0.0306,9.8065,-0.1176,0.1597,-0.2424,135.51,-84.95,140.38,53.055233,-1.758387,13.12,6,358.28,19 / 21,6.583394835133816,5.623872837717364,0.008509382375174512,235.1904081885899,274.263415423119,35.21470279239819,False,53.29999999999984,-1.6282661128692284,13.115423834812825,-36.80175349665711,434.905597091707,13.216111111105825,352.9230000000108,-8.211660948003043,7.491550997095461,-271.992161685247,160.64218166858802
1040614.0,1.6372,-0.7392,10.5436,-0.0613,-0.0264,9.8064,0.155,-0.1585,0.0938,134.65,-84.81,135.54,53.055233,-1.758387,13.12,6,358.28,19 / 21,6.610049570099173,5.803720927263122,-0.03986561762489145,235.85008040885245,274.8347951113688,35.21313498063571,False,53.39999999999998,-1.5869356857614096,12.971341917180373,-36.95548403250718,436.2065777330971,13.068055555557745,353.02499999999844,-8.196985255860582,7.167620989917252,-272.80556444135965,161.3717826217283
1040714.0,2.1673,-1.2633,10.812,0.0152,0.0205,9.8066,-0.0655,0.2737,-0.1001,132.92,-84.41,136.34,53.055233,-1.758387,13.12,6,358.28,19 / 21,6.391398535324075,5.758180031515395,0.047249382375029333,236.50015281412303,275.4128901593072,35.213504168873214,False,53.499999999999886,-1.6443690702860632,13.292565964800696,-37.12258244105812,437.55203634559973,13.393888888888519,352.94800000000015,-8.035767605610138,7.534385933285301,-273.62273525518117,162.13914618629252
1040814.0,-1.6169,-1.1875,10.3264,0.0408,0.0015,9.8065,0.0596,0.4018,-0.231,133.5,-84.49,137.41,53.055233,-1.758387,13.12,6,358.28,19 / 21,6.2689191156473045,5.844267670010895,0.12350438237513336,237.13316869667247,275.9930125443843,35.22204185711073,False,53.60000000000002,-1.5255368201075248,13.051143145738559,-37.27631297690839,438.85301698769644,13.140000000002393,353.33299999998746,-7.794455935754829,7.206875475727664,-274.40948167358084,162.8600044433121
1040914.0,-2.0264,-0.6375,10.8738,0.1063,-0.0602,9.8058,0.2623,-0.4939,0.1996,136.54,-84.43,137.14,53.055233,-1.758387,13.12,6,358.28,19 / 21,6.318844366676395,6.059981804174618,0.2028493823750612,237.76255687078807,276.58822501809306,35.238359545348224,False,53.69999999999993,-1.739934914390853,13.187659098436592,-37.456779258121465,440.1762366145448,13.301944444437265,352.48400000003767,-8.058779281067249,7.127677294261974,-275.21933612890956,163.58801159645174
1041014.0,0.8203,0.9388,11.2259,-0.0279,0.0049,9.8065,0.1514,-0.5667,0.4966,145.8,-85.28,145.92,53.055233,-1.758387,13.12,6,358.28,19 / 21,6.351270125955469,6.115627563962856,0.32716938237494814,238.3960625954191,277.1970054864994,35.2648604835857,False,53.79999999999984,-1.5263355088957917,13.135506737847036,-37.61050979398545,441.49945624219674,13.223888888891285,353.37199999997273,-7.87760563485126,7.01987917388418,-276.00657238940454,164.30245075569735
1041114.0,1.2261,-2.3472,10.898,0.0602,-0.0022,9.8064,-0.1602,0.3679,0.1446,159.51,-85.87,159.26,53.055233,-1.758387,13.12,6,358.28,19 / 21,6.238745291881563,6.168642187385814,0.4526993823751194,239.02556336631181,277.8112189740677,35.303853921823254,False,53.89999999999998,-1.452179217452715,13.05755257700676,-37.75087245714735,442.8004368835865,13.138055555556823,353.65399999999585,-7.690924509334279,6.888910389620946,-276.77643582345917,164.9892179095188
1041214.0,-2.8344,0.5555,8.8028,0.0597,0.0333,9.8063,-0.185,0.3778,-0.167,160.92,-86.4,164.93,53.055233,-1.758387,13.12,6,358.28,19 / 21,6.2802833609447966,6.304426639416127,0.45707438237511544,239.65151479895258,278.4348724154072,35.349342610060724,False,53.999999999999886,-1.4902875371684001,13.116721298573813,-37.90460299302324,444.12365651123815,13.20111111111104,353.5180000000002,-7.7705708981131965,6.812294659157686,-277.5561177919758,165.68878409583095
1041314.0,-0.5398,-0.5981,9.9272,-0.0345,0.0039,9.8065,0.1564,-0.2275,0.1608,160.84,-86.47,164.91,53.055233,-1.758387,13.12,6,358.28,19 / 21,6.436324939444907,6.388876931621262,0.4129093823750552,240.28734521397294,279.0695375939599,35.39284179829829,False,54.10000000000002,-1.2776296887840521,13.10090431752977,-38.03159778349539,445.44687613747914,13.163055555559103,354.4300000000277,-7.713954628228959,6.712027385908508,-278.31894299746835,166.37733854351922
1041414.0,-3.398,-2.3195,9.3081,0.0389,0.0446,9.8065,-0.0873,0.2785,-0.2796,160.66,-85.93,164.23,53.055233,-1.758387,13.12,6,358.28,19 / 21,6.5711957351238635,6.618940521544538,0.3940093823750724,240.93772124770078,279.7199284666176,35.433187736535764,False,54.19999999999993,-0.86446323242375,13.375148655054364,-38.091753210575284,446.8145737361488,13.403055555544917,356.30199999991703,-7.435658967547614,6.756208133509826,-279.02947445827607,167.0946452695312
1041514.0,1.4422,0.1048,11.1054,-0.041,0.014,9.8065,-0.049,-0.2382,0.0966,157.45,-85.66,160.37,53.055233,-1.758387,13.12,6,358.28,20 / 21,6.624995539389885,6.779301731948895,0.434019382375036,241.59753081142586,280.3898405792917,35.47458917477323,False,54.29999999999984,-0.7663503197258227,13.596475436725266,-38.17196044667788,448.19339082592853,13.618055555548956,356.7739999999855,-7.391345859115708,6.817173704776371,-279.76949125810376,167.80355024663686
1041614.0,0.0112,-0.2435,10.427,0.0065,0.0177,9.8066,-0.0404,0.3917,-0.119,155.25,-85.47,157.53,53.055233,-1.758387,13.12,6,358.28,20 / 21,6.550006151413607,6.784597624488479,0.5299743823751669,242.25628089596694,281.06803554711445,35.5227888630108,False,54.39999999999998,-0.6148745687905839,13.763216465997262,-38.23211587373632,449.57220791712655,13.776944444442096,357.44199999999006,-7.164880720204191,6.978618841508783,-280.4883967697033,168.5041723700121
1041714.0,3.617,-1.5385,10.2837,0.0172,-0.0534,9.8064,0.0788,-0.4178,0.0366,153.71,-85.92,156.22,53.055233,-1.758387,13.12,6,358.28,20 / 21,6.342511409932713,6.811085008980798,0.584844382375117,242.90090677403367,281.74781967878727,35.578529801248266,False,54.499999999999886,-0.6709029938663992,13.42936309678076,-38.305639173508716,450.9065470364975,13.446111111111488,357.1400000000003,-7.0134144037991115,6.618278087799962,-281.2065459475424,169.15872735771023
1041814.0,1.7696,2.1714,10.6546,0.0225,-0.0226,9.8065,0.0103,-0.2377,0.155,150.18,-85.97,155.91,53.055233,-1.758387,13.12,6,358.28,20 / 21,6.11667013656299,6.6882693071508905,0.6510943823752074,243.52386585135932,282.42278739459476,35.640326739485864,False,54.60000000000002,-0.38179400423266274,13.499602154814227,-38.332374918872524,452.263125141429,13.504999999997517,358.3799999999992,-6.498464140795653,6.811332847663336,-281.85624077023186,169.84033774683422
1041914.0,0.7695,-1.0946,11.9942,-0.005,0.0235,9.8065,-0.0075,0.0404,0.0243,152.39,-86.11,158.57,53.055233,-1.758387,13.12,6,358.28,20 / 21,6.02727841747827,6.607179745062961,0.8028693823750694,244.13106327906084,283.08755984720483,35.71302492772331,False,54.69999999999993,-0.3898402332646707,13.331245692242133,-38.37916247327832,453.5863447682774,13.336944444451897,358.32500000000243,-6.417118650742941,6.724065947179172,-282.5102257523392,170.49878492107257
1042014.0,-3.563,0.2597,10.739,-0.0549,0.0542,9.8063,-0.1115,0.2095,0.1548,151.82,-85.9,157.61,53.055233,-1.758387,13.12,6,358.28,20 / 21,6.124205460495919,6.7370722792272435,0.9588643823749277,244.738637472959,283.75477244841875,35.80111161596073,False,54.79999999999984,-0.31857494467897357,13.629332844465972,-38.405898218629325,454.96516185876243,13.633055555546465,358.6609999999897,-6.442780405174892,6.892260565238729,-283.1445356915883,171.21038941034368
1042114.0,-1.0594,0.4642,8.0959,-0.0259,-0.0188,9.8065,-0.1453,-0.0974,0.007,159.0,-86.06,162.54,53.055233,-1.758387,13.12,6,358.28,20 / 21,6.339911880091826,6.8339072516886885,0.9199443823748746,245.36184333998924,284.43332142496547,35.895052054198345,False,54.89999999999998,-0.12657820257890545,13.60635568669434,-38.40589821863014,456.33285945612045,13.60694444444483,359.46699999998805,-6.466490082670731,6.772448435005651,-283.7677415586194,171.89953803115498
1042214.0,-0.0247,2.5688,11.5485,-0.0098,-0.0672,9.8063,0.2102,-0.3219,0.1836,153.01,-86.33,155.81,53.055233,-1.758387,13.12,6,358.28,20 / 21,6.452119699563248,6.74423633439775,0.9214993823748733,246.0014449189714,285.11222860426915,35.98712424243575,False,54.999999999999886,-0.09294017037017005,13.759686120138307,-38.41926609131829,457.7227960397406,13.759999999999826,359.6129999999999,-6.545059869933418,7.015449785740556,-284.42071101028966,172.61056743547147
1042314.0,-1.4955,0.8249,11.6117,-0.0182,-0.0569,9.8065,0.1044,0.08,0.0102,149.47,-86.32,155.56,53.055233,-1.758387,13.12,6,358.28,20 / 21,6.5896942452774585,6.6592281385822885,1.0988443823751153,246.65353561621433,285.78240182791905,36.08814143067338,False,55.10000000000002,-0.42515220947674487,13.907391905425637,-38.48610545471994,459.13497160892257,13.91388888888802,358.2490000000018,-7.0148464547542035,7.248163766843349,-285.13964107093426,173.35256978100352
1042415.0,3.289,-3.0177,8.4792,-0.0106,0.0737,9.8064,-0.296,-0.2724,0.0554,150.89,-86.21,156.94,53.055233,-1.758387,13.12,6,358.28,20 / 21,6.448911564739496,6.740612918408594,1.122963182375088,247.31198520961942,286.4590938012963,36.20034271269314,False,55.20099999999991,-0.39210313144602077,13.850723979247908,-38.53282616976453,460.5390299460034,13.856299999994224,358.3783299999497,-6.841014696185517,7.110111060839314,-285.84481137938394,174.07993614470706
1042515.0,-2.1356,0.1281,8.8435,0.0017,0.0106,9.8066,-0.0844,0.1587,0.2904,148.42,-86.6,154.27,53.055233,-1.758387,13.12,6,358.28,20 / 20,6.318244050218058,6.869121469300999,1.008433182374932,247.95034299036817,287.1395805206827,36.30691253093079,False,55.301000000000045,-0.12524554708655106,13.982301716341778,-38.526676948313195,461.95076073478265,13.982900000005987,359.48659000003823,-6.443489597304609,7.11318024704078,-286.47701993868134,174.81118021409992
1042614.0,-0.5482,-1.6498,10.0068,0.0663,0.0019,9.8064,0.0993,0.1066,-0.212,164.74,-86.52,169.76,53.055233,-1.758387,13.12,6,358.28,20 / 20,6.411711922202387,7.031457762591166,0.9706646823749577,248.58047581100254,287.8276591926609,36.40487787523584,False,55.39999999999998,-0.44253541403340957,13.767889722372498,-38.57299662717833,463.3047813575644,13.775000000003104,358.15900000001983,-6.8542473362357965,6.736431959781332,-287.15347243818087,175.4771221649035
1042715.0,1.8822,2.9037,11.0225,0.0957,0.0158,9.8061,0.017,0.2266,-0.497,163.4,-86.26,167.99,53.055233,-1.758387,13.12,6,358.28,20 / 20,6.366152517699741,6.979084397049993,1.0421726823748767,249.22575796521687,288.535191571722,36.506526162155595,False,55.50099999999986,-0.2870759638798553,13.929585147768185,-38.60594843334223,464.73096748608845,13.932586111111032,355.21929000044025,-6.653228481579597,6.9505007507181915,-287.8317063985591,176.19577591436644
1042815.0,-3.8745,0.5392,8.7306,-0.0367,0.0158,9.8065,-0.1226,0.6022,-0.1037,161.46,-86.16,169.38,53.055233,-1.758387,13.12,6,358.28,20 / 20,6.5077726947397725,6.876425406729138,1.0491626823748863,249.86945422583972,289.2279670619119,36.61109293039323,False,55.601,0.055836889546161464,13.996462982111376,-38.55982927258118,466.1321347570612,13.996580555556212,3.8285900050183153,-6.451935805193611,7.120037575382239,-288.4292834984209,176.90416769514928
1042915.0,0.3938,-0.7608,9.5206,0.009,0.0163,9.8066,-0.2419,0.1819,-0.3004,162.22,-86.23,170.33,53.055233,-1.758387,13.12,6,358.28,20 / 20,6.667455883480873,6.9699792380811765,0.9810576823749484,250.52821565475014,289.92028729415176,36.71260394863062,False,55.70099999999991,-0.07359676538161165,14.043361473787591,-38.57961372413364,467.5443103254312,14.043563888886629,356.0997100159646,-6.7410526488624845,7.073382235706415,-289.10782937888376,177.62402303127942
1043015.0,-5.6555,2.093,11.6916,0.0076,-0.0555,9.8065,0.2536,0.4621,-0.2128,153.23,-86.59,160.65,53.055233,-1.758387,13.12,6,358.28,20 / 20,6.9325576267030415,7.0611161572039585,1.0610026823750576,251.20821633026026,290.621842063917,36.814706966868265,False,55.801000000000045,0.0850448658101981,14.09688467154818,-38.57366502081112,468.95693067360196,14.097211111101638,3.9460699897865665,-6.847512760892844,7.0357685143442215,-289.7818813510714,178.335088609685
1043115.0,-2.695,-0.0915,7.889,0.0286,-0.0371,9.8064,0.1654,-0.4313,0.1552,155.03,-86.36,162.07,53.055233,-1.758387,13.12,6,358.28,20 / 20,7.3465465602053595,7.1828404136782895,1.059367682375059,251.92217153960502,291.33403989246045,36.92072548510568,False,55.900999999999954,-0.3609501356713655,14.42042819214769,-38.64043754484989,470.4133618219423,14.424950000001726,358.5661200000073,-7.707496695876725,7.2375877784694,-290.5626090844549,179.07932192948186
1043214.0,-2.802,-2.0921,8.7634,0.0202,0.0051,9.8065,-0.0941,-0.0073,0.2783,159.85,-86.61,167.83,53.055233,-1.758387,13.12,6,358.28,20 / 20,7.555867049643958,7.415024333708379,0.9128031323751589,252.65984101329207,292.0566341974556,37.018347940435746,False,55.999999999999886,-0.47869410995724226,14.301991188261026,-38.69999141766332,471.833432231133,14.310000000000132,358.0830000000006,-8.0345611596012,6.886966854552647,-291.3598324309554,179.77679803367738
1043314.0,-1.634,-0.1495,10.2859,-0.1047,0.0079,9.806,-0.1183,-0.5445,0.4073,170.8,-87.01,177.01,53.055233,-1.758387,13.12,6,358.28,20 / 20,7.730283406961667,7.609194207180477,0.8846031323751204,253.4241485361234,292.80784512450106,37.108218253673385,False,56.10000000000002,-0.5872661964734593,14.48921467406737,-38.76014684473453,473.30120526244315,14.501111111109024,357.678999999999,-8.317549603435126,6.880020466886893,-292.1842953808579,180.4933601379421
1043414.0,3.0177,0.4219,10.6504,-0.0356,0.0028,9.8066,0.1175,-0.2737,0.0065,161.97,-86.85,166.75,53.055233,-1.758387,13.12,6,358.28,20 / 20,7.672766880566825,7.590188530811125,0.9507531323750603,254.19430105049912,293.5678142614,37.19998606691081,False,56.19999999999993,-0.5993311062066151,14.347487662490353,-38.82698620814481,474.73561981636914,14.360000000006258,357.60800000000313,-8.27209798677344,6.757299131679228,-293.02128725864395,181.16780555496916
1043514.0,-8.043,-0.5525,9.483,-0.0156,0.0217,9.8065,0.0979,0.2901,-0.4143,149.38,-86.22,158.91,53.055233,-1.758387,13.12,6,358.28,20 / 21,7.862741987405623,7.778783978211298,0.9767581323750367,254.97107649389704,294.3362628868504,37.296361630148226,False,56.29999999999984,-0.4957089115907997,14.47040069008642,-38.88714163522936,476.1922733552498,14.47888888888524,358.0379999999868,-8.358450898996422,6.691616711875121,-293.8582181291264,181.8560104683994
1043614.0,-0.6589,-1.6473,10.3485,-0.0807,0.0193,9.8063,0.0144,0.0513,0.1413,147.33,-85.54,156.05,53.055233,-1.758387,13.12,6,358.28,20 / 21,8.169519084229231,8.120544840623381,0.9876681323750517,255.77268954747987,295.1312293277932,37.39458294338586,False,56.39999999999998,-0.3871842452991172,14.401740748448823,-38.92724525328181,477.62668790857686,14.406944444445509,358.4599999999937,-8.556703329528348,6.281195907825442,-294.6999348007617,182.49545858078363
1043714.0,-1.7451,0.7094,12.8019,-0.007,0.0456,9.8065,0.1478,-0.2429,0.1739,151.97,-85.09,161.02,53.055233,-1.758387,13.12,6,358.28,20 / 21,8.238575356617016,8.24356360176642,1.1645231323748908,256.59309426952143,295.949434749912,37.50219250662326,False,56.499999999999886,-0.2186551723882669,14.235265260253877,-38.953980998632126,479.0499829701818,14.236944444444637,359.11999999999927,-8.457230529005283,5.991701658487457,-295.54707526815355,183.10054822026984
1043814.0,-1.2038,0.4783,9.8094,-0.0105,0.0425,9.8065,0.012,0.0472,0.0345,156.51,-84.58,166.01,53.055233,-1.758387,13.12,6,358.28,20 / 21,7.13253353043444,7.039760960899564,1.1172596625188311,257.36164971387507,296.7136009780463,37.6162816463681,False,56.60000000000002,-0.4470048604972592,14.50617000497142,-39.00745248937181,480.5177560014914,14.513055555548638,358.2350000000106,-7.579538390931699,7.466409044071856,-296.3691022032469,183.8041550234451
1043914.0,1.6423,2.8431,7.4783,-0.0099,0.0053,9.8066,-0.1604,-0.0278,0.1492,156.89,-84.57,167.19,53.055233,-1.758387,13.12,6,358.28,20 / 21,7.172905510584435,6.905841572408564,1.0009796625189369,258.07692166592534,297.4108811047111,37.72219361261989,False,56.69999999999993,-0.25712857109545806,14.042646114550772,-39.02750429838958,481.91881207743563,14.045000000020751,358.9509999999683,-7.430034081679893,7.136804542142208,-297.10442596431494,184.50793097272452
1044015.0,-0.7609,1.343,8.879,0.0112,-0.0294,9.8066,0.0256,-0.153,-0.0674,155.91,-84.78,165.49,53.055233,-1.758387,13.12,6,358.28,20 / 21,7.210918586713439,6.722248320769727,0.8365516625187533,258.8033047828397,298.0990996443174,37.8149889445344,False,56.801000000000045,-0.5470897331008857,13.922658855524082,-39.088261279742895,483.3223144400019,13.933436111121114,357.7494100000358,-7.758008319814325,7.200410534754355,-297.89156606258257,185.2232147956845
1044115.0,-5.7617,-0.8598,7.6351,-0.0301,-0.0549,9.8064,0.1262,-0.3189,0.2505,152.72,-85.23,162.12,53.055233,-1.758387,13.12,6,358.28,20 / 21,7.503648488230017,6.873498556665037,0.6815916625188944,259.53903313658617,298.7788869881885,37.890896110786215,False,56.900999999999954,-0.8276340049442439,13.566632544160408,-39.14855038554041,484.6796709108212,13.59186111110256,356.5087499999915,-8.33128249317426,6.69313398749537,-298.6875835221266,185.90078392263268
1044214.0,5.6178,-1.2129,9.9728,-0.0262,0.0134,9.8066,0.0293,-0.6358,0.3397,161.04,-85.19,168.39,53.055233,-1.758387,13.12,6,358.28,20 / 21,7.450633359618489,7.035149804189069,0.5823243625189619,260.27927008805415,299.4673650820503,37.95345995402555,False,56.999999999999886,-0.7218827057726496,14.142699645411493,-39.22133845228899,486.0997413193116,14.161111111110456,357.0779999999994,-8.172516065391138,7.107549841222425,-299.50060854034314,186.63237623726127
1044314.0,0.6287,-0.979,10.6357,0.0631,0.0638,9.8062,-0.1187,0.3392,-0.1895,164.65,-85.1,172.81,53.055233,-1.758387,13.12,6,358.28,20 / 21,7.120292819344663,7.067451074221695,0.6320843625190298,261.0078163970033,300.1724951259718,38.01418039027753,False,57.10000000000002,-0.7550655232349358,14.612449290964781,-39.32159749743759,487.57863384375537,14.631944444447427,357.0420000000131,-7.875358342579599,7.544998216743086,-300.3294138944409,187.40613871778356
1044414.0,1.9202,1.3717,14.0929,0.0198,0.0019,9.8066,0.3158,-0.092,0.1434,170.23,-84.67,179.59,53.055233,-1.758387,13.12,6,358.28,20 / 21,6.994522122693193,7.049809073994702,0.8878493625187972,261.7135571441045,300.878358133382,38.09017707652935,False,57.19999999999993,-0.5360655707663388,14.824199582826463,-39.36170111545984,489.0686458605129,14.833888888879935,357.9289999999607,-7.530587693459532,7.774390508831761,-301.07525825956435,188.1902877271309
1044514.0,3.1598,3.2327,12.3522,-0.1001,-0.0296,9.8061,0.2909,-0.2933,0.5868,172.78,-84.13,-176.62,53.055233,-1.758387,13.12,6,358.28,20 / 21,6.77754018113807,6.812997845062246,1.2294393625184865,262.40216025929544,301.5714984793342,38.19604151278112,False,57.29999999999984,-0.6444084261225052,13.986273632627688,-39.42854047888708,490.43634345787285,14.001111111136673,357.3620000000174,-7.421948607260575,7.173275787565442,-301.83070073818254,188.86484497853866
1044615.0,-2.0542,-1.8298,9.5906,0.0888,-0.0038,9.8062,0.0077,-0.0148,-0.5677,173.01,-83.91,-176.39,53.055233,-1.758387,13.12,6,358.28,20 / 21,6.734586518090638,6.762821748258894,1.347079112518618,263.08452265760724,302.2570773687977,38.32615569577064,False,57.400999999999954,-0.545187055547916,14.560881485697537,-39.48241300579498,491.9405884260554,14.571094444447361,357.85582999998985,-7.279773573638554,7.798059737438644,-302.5669356634022,189.6835110572577
1044715.0,-0.4097,-0.8024,8.8215,0.0056,-0.0335,9.8065,0.0834,-0.0152,-0.0217,166.74,-84.29,175.49,53.055233,-1.758387,13.12,6,358.28,20 / 21,6.837776874088453,6.937184658313778,1.2870191125186725,263.7631408272156,302.9420776891257,38.45786060702238,False,57.50099999999986,-0.37348871600813255,14.374524202550292,-39.52318501746777,493.36443946158823,14.379463888888578,358.51198000000244,-7.211265590096586,7.437339544236514,-303.28632584468335,190.42236177246252
1044815.0,0.4895,-2.5391,9.1549,-0.0424,0.0829,9.8062,-0.2794,-0.1008,0.0046,167.03,-84.08,175.12,53.055233,-1.758387,13.12,6,358.28,20 / 21,6.796383973860936,7.126550413497636,1.2051741125185609,264.44484886961396,303.64526444271723,38.58247026827441,False,57.601,-0.8809815374646911,14.605394029245717,-39.62925908722243,494.8437767657355,14.632011111115471,356.5477900000248,-7.677365511325627,7.478843615748081,-304.0741079568364,191.1985123230183
1044917.0,-5.8691,-1.7807,10.79,-0.0377,0.0777,9.8062,0.022,-0.2189,-0.1006,158.84,-84.22,169.27,53.055233,-1.758387,13.12,6,358.28,20 / 21,6.987651417370535,7.467697747091974,1.222085712518538,265.14783467456584,304.3895710989063,38.70626051935114,False,57.70299999999986,-0.4406241939278309,14.935871308995786,-39.65071452288386,496.39694750080656,14.942369444442571,358.31019999999825,-7.428275611298366,7.468173561903812,-304.7985491974497,192.00737640190027
1045015.0,0.4953,1.596,10.0366,-0.142,-0.0011,9.8056,0.1125,-0.8784,0.6435,157.38,-83.16,166.1,53.055233,-1.758387,13.12,6,358.28,20 / 21,7.228139605843438,7.5979189529595486,1.2815374125186496,265.84440843470463,305.1277863172102,38.82893805247819,False,57.801000000000045,-0.4335017786532113,14.973769512671437,-39.70345078062528,497.8677227951516,14.980055555564107,358.3415600000212,-7.661641384496649,7.375850559711888,-305.54785921532994,192.7399364779414
1045114.0,-8.1414,-2.4153,10.4327,0.1407,0.0286,9.8056,-0.0114,1.1106,-0.6768,162.23,-82.85,168.16,53.055233,-1.758387,13.12,6,358.28,20 / 21,7.58004861349187,7.779326866583332,1.3239094125186208,266.5774137515612,305.8889599852771,38.957907670317454,False,57.89999999999998,-0.6135823334216746,14.67022962218974,-39.78947304133532,499.32081809754675,14.683055555559989,357.605000000011,-8.193630946913546,6.890902755606408,-306.36688679289654,193.43185811226965
1045214.0,-7.8099,0.1153,9.2396,0.0702,-0.0042,9.8064,-0.1829,1.0213,-0.2262,164.25,-82.83,176.02,53.055233,-1.758387,13.12,6,358.28,20 / 21,8.306712064392729,8.146362035089824,1.3268594125186182,267.3717517854547,306.68524443036006,39.09044611156919,False,57.999999999999886,-0.6661050773578897,14.66877285007688,-39.85631240473747,500.78859112885414,14.683888888888887,357.4000000000002,-8.972817141750618,6.522410814987056,-307.2280641901922,194.10334669849408
1045314.0,3.4371,1.8341,8.4639,0.0481,-0.0117,9.8065,0.0759,0.1361,-0.0315,170.67,-82.93,-179.29,53.055233,-1.758387,13.12,6,358.28,20 / 21,8.529885800956862,8.155803977837486,1.231369412518488,268.21358167872336,307.5003527310075,39.218357552821224,False,58.10000000000002,-0.7188485593327612,14.782532149418905,-39.943203577185116,502.27860314572274,14.799999999995213,357.215999999999,-9.248734360289623,6.626728171581419,-308.15678525590846,194.77825041471522
1045415.0,-0.5394,-2.9887,7.4811,0.1036,-0.0144,9.806,0.221,0.494,-0.5802,171.76,-82.92,-178.52,53.055233,-1.758387,13.12,6,358.28,20 / 21,8.381257135312833,8.21711384937925,1.0461202625186983,269.06759439700403,308.327185081281,39.33337078141047,False,58.20099999999991,-0.7246250977023558,14.46007487100169,-40.01813050358111,503.7389261173092,14.478280555545915,357.13143000007364,-9.105882233015189,6.24296102162244,-309.08572490058515,195.41174103602816
1045514.0,4.4627,4.0674,14.3878,0.0799,0.0191,9.8063,0.2875,0.0197,-0.1797,168.28,-82.46,177.1,53.055233,-1.758387,13.12,6,358.28,20 / 20,8.212772935532287,8.152398387547878,1.1577724625186225,269.8889988855103,309.13747593700833,39.442463471299746,False,58.29999999999984,-1.1551047031611472,14.6475805061169,-40.157089540123856,505.2030297158051,14.693055555548897,355.49100000005086,-9.367877638693434,6.495182118569023,-310.0460884256342,196.06555377879675
1045614.0,1.6407,-1.5066,7.0989,0.0121,0.1038,9.8061,-0.4453,0.5224,0.0705,170.63,-82.17,-179.06,53.055233,-1.758387,13.12,6,358.28,20 / 20,7.943838222012839,7.9962628630743495,1.2514424625187504,270.69682944338865,309.94490899954053,39.56292421755178,False,58.39999999999998,-0.9797976732131618,15.029207045637376,-40.243980712573354,506.72640021136476,15.06111111110567,356.26999999998844,-8.923635895226,7.032944182563027,-310.940810155962,196.78149121182423
1045715.0,7.4625,-3.4197,8.0568,-0.0424,-0.0088,9.8065,-0.2938,-0.2521,0.3937,175.89,-82.63,-175.85,53.055233,-1.758387,13.12,6,358.28,20 / 20,7.464721412618591,8.230525985589148,1.0263336625190058,271.4749617049367,310.7643618363971,39.67795191186606,False,58.50099999999986,-1.2319092511566097,14.895244193715442,-40.37892938729464,508.2314235447313,14.9461,355.27212000000014,-8.6966306637752,6.664718208126294,-311.8538910922313,197.4670617083342
1045815.0,-3.5745,-0.4271,11.698,0.1236,-0.0392,9.8057,0.23,0.3026,-0.3175,175.1,-83.13,-172.91,53.055233,-1.758387,13.12,6,358.28,20 / 20,7.260862577286773,8.437924279178334,1.0334086625190155,272.21124090443294,311.5977843496366,39.780939028118105,False,58.601,-1.253595351954074,14.893431858168377,-40.50585733843056,509.732555053332,14.946100000001536,355.1886700000051,-8.514457929240848,6.4555075789900425,-312.71709824286347,198.13477070369544
1045915.0,-2.1533,-4.204,6.9751,-0.0147,-0.0765,9.8062,0.3912,-0.6364,0.4077,177.42,-83.18,-173.46,53.055233,-1.758387,13.12,6,358.28,20 / 20,7.539877746830276,8.716288233508607,0.9863986625190584,272.9512779206381,312.45549497527014,39.88192939436992,False,58.70099999999991,-1.1675073791804267,15.006502321938894,-40.6261013532011,511.2333529784445,15.051850000013994,355.551330000003,-8.707385126010703,6.290214088430288,-313.5773792738392,198.77785800317434
1046014.0,-3.544,-0.6017,7.0004,0.0252,0.0431,9.8064,-0.2536,-0.0543,-0.0081,176.47,-82.68,-171.07,53.055233,-1.758387,13.12,6,358.28,20 / 20,7.815198750657963,8.996167154835637,0.7073275625192481,273.7113542072633,313.33226151699256,39.965768842509256,False,58.79999999999984,-1.1603340585570026,14.69425822805757,-40.738592001860376,512.6864482801394,14.740000000009667,355.48500000000206,-8.975532809214965,5.698091073221933,-314.44994620912365,199.35418676314686
1046115.0,-8.9505,0.0089,9.1009,-0.0574,-0.0154,9.8064,-0.2704,-0.8746,0.3301,180.28,-83.22,-170.15,53.055233,-1.758387,13.12,6,358.28,20 / 20,8.449673993358592,9.06191169768812,0.5299715625190501,274.53273028083703,314.24419449904605,40.02825244832376,False,58.900999999999954,-1.3926754710725768,14.575686855158615,-40.880291452289285,514.1582243290549,14.642069444439715,354.54210000000137,-9.84234946443117,5.513775157470494,-315.4130217331263,199.91402983000881
1046215.0,7.282,0.7739,12.3872,-0.0974,-0.0727,9.8058,0.281,-0.9119,0.7038,177.36,-83.79,-169.6,53.055233,-1.758387,13.12,6,358.28,20 / 20,8.54113383115047,9.03060375754113,0.6237115625189649,275.38227067206174,315.1488202718067,40.08593660457561,False,59.00099999999986,-1.44807155230807,14.887337046202665,-41.01437121528701,515.6702529423171,14.957613888888806,354.4444300000011,-9.98920538345854,5.856733288661536,-316.3966418873487,200.52143267051042
1046315.0,1.9751,-2.4222,11.8344,0.0091,0.0245,9.8066,0.0109,0.2837,-0.4245,181.56,-83.53,-167.46,53.055233,-1.758387,13.12,6,358.28,20 / 20,8.089951130465124,9.125604882404513,0.8541265625192793,276.2138249201436,316.05663070380524,40.15982851082762,False,59.101,-1.6778084438479954,14.929119461426003,-41.18835407827294,517.1602649584851,15.023119444443372,353.5876799999884,-9.76775957431312,5.80351457902149,-317.40217899841656,201.10363425467983
1046415.0,6.5751,-2.6951,10.9334,-0.0882,-0.023,9.8061,0.1264,-0.1313,0.3608,178.55,-83.27,-171.81,53.055233,-1.758387,13.12,6,358.28,20 / 20,7.668918792502846,9.402366558803527,1.011851562519136,277.0017684162913,316.9830292758648,40.25312741707946,False,59.20099999999991,-1.8823283196812295,14.828721175952788,-41.38212139279708,518.6503881701746,14.94771388888547,352.7656699999926,-9.551247112184075,5.426354617149261,-318.38388980908843,201.66735889430976
1046515.0,3.1433,1.0226,11.7305,0.0014,0.0526,9.8065,-0.2603,0.7428,-0.4008,179.53,-82.96,-171.22,53.055233,-1.758387,13.12,6,358.28,19 / 21,7.18609685136214,9.503075442798515,1.164381562519344,277.7445191984856,317.9283013759462,40.361939073331534,False,59.301000000000045,-1.8519519207532664,14.90990692827824,-41.56967264653422,520.1516308751078,15.024511111109339,352.9196300000324,-9.038048772115406,5.406831485479724,-319.3141918450198,202.2233294991616
1046615.0,-5.1878,0.5768,7.3362,-0.0014,0.0034,9.8066,-0.1213,0.5505,-0.2217,176.28,-83.47,-175.76,53.055233,-1.758387,13.12,6,358.28,19 / 21,7.295516480347186,9.46554498952191,1.137051562519369,278.4685998650704,318.87673239756134,40.47701072958336,False,59.400999999999954,-2.1515751094287223,14.93111686676899,-41.79659228535279,521.6636594883703,15.085350000001133,351.8001499999909,-9.447091589775908,5.465571877247081,-320.2651921504232,202.78692709080894
1046714.0,1.4954,-0.5605,8.7703,0.0468,-0.0728,9.8062,-0.0488,0.2106,-0.014,175.91,-83.71,-176.23,53.055233,-1.758387,13.12,6,358.28,19 / 21,7.482362117629042,9.502845362826681,0.963464962519487,279.20010485566974,319.81566772000195,40.580986297572714,False,59.499999999999886,-1.9828313396859243,14.878456905148527,-41.98848809771507,523.1387713843677,15.010000000000087,352.4089999999993,-9.465193457314966,5.375611542321845,-321.1885929533848,203.32310366436576
1046815.0,-7.3174,-0.3793,8.6148,0.1097,-0.0478,9.8059,-0.1848,0.7504,-0.5196,180.69,-84.62,-169.61,53.055233,-1.758387,13.12,6,358.28,19 / 21,7.780434308898286,9.567449603336337,0.8509408625193615,279.97087607521024,320.7787176157943,40.67261379173728,False,59.601,-2.016286366321368,14.87616609193483,-42.19094452949981,524.6436835214042,15.012186111111447,352.28127999999896,-9.796720675219653,5.308716488598494,-322.16182060471004,203.86496590560995
1046914.0,5.4143,1.2645,11.3225,0.0548,0.0734,9.8061,0.1477,0.068,-0.1883,179.67,-84.74,-170.98,53.055233,-1.758387,13.12,6,358.28,19 / 21,7.881646133268479,9.544069488064775,0.8669788625193507,280.74614905709694,321.724737810818,40.757650818126635,False,59.69999999999993,-2.0380343795154596,14.897350543420794,-42.38284034186128,526.1187954179945,15.03611111111004,352.21000000000316,-9.919680512783938,5.353281055356019,-323.1289893989582,204.39405760717653
1047014.0,-7.2685,3.6614,8.6528,0.0396,0.0925,9.8061,0.1776,0.8147,-0.2649,179.25,-83.7,-171.58,53.055233,-1.758387,13.12,6,358.28,19 / 21,7.983263937441061,9.327678903328563,0.8850788625193343,281.5393945606317,322.6683252303868,40.84525370437849,False,59.79999999999984,-2.081270798406199,14.901468767594473,-42.59004236843701,527.619926927993,15.046111111110802,352.049000000005,-10.06453473584726,5.57378986426591,-324.12943692906873,204.95160169760618
1047115.0,4.7069,1.3908,11.8597,-0.0352,-0.0119,9.8065,0.0343,-0.0712,0.1253,176.79,-82.92,-175.16,53.055233,-1.758387,13.12,6,358.28,19 / 21,8.124874491045537,9.091262213578428,0.930488462519385,282.3528555512712,323.59848175679167,40.93693985429305,False,59.900999999999954,-1.9260774841939434,15.106495573474751,-42.78568118516482,529.1471892462207,15.22878888889069,352.73400999999706,-10.05095197523948,6.015233359896323,-325.13853673643604,205.54870748942903
1047215.0,0.0784,-1.9066,11.4035,0.0093,-0.0391,9.8065,0.0716,-0.4593,0.1721,177.45,-83.15,-174.8,53.055233,-1.758387,13.12,6,358.28,19 / 21,7.890714290482686,9.130633547247891,1.112983462519219,283.15363499034686,324.50957654483216,41.03911345054489,False,60.00099999999986,-1.8588271083748515,14.993766865869128,-42.96628114511789,530.6483207555123,15.108550000000042,352.93291000000005,-9.749541398857538,5.863133318621237,-326.11991613546473,206.1387442106801
1047315.0,-2.5616,-0.7654,9.7021,-0.0364,-0.0079,9.8065,0.0792,0.0706,-0.2308,183.11,-83.27,-170.81,53.055233,-1.758387,13.12,6,358.28,19 / 21,8.01907182690689,9.283526087329788,1.1875984625193208,283.9491242962174,325.4302845265623,41.154142546796976,False,60.101,-1.8597506227472471,14.959000298153533,-43.160382656486604,532.1492298749574,15.074188888887758,352.91310999998484,-9.878822449654137,5.6754742108237455,-327.109506952704,206.71894534839515
1047415.0,-0.1602,2.2762,9.0268,-0.0102,0.0553,9.8064,0.119,0.2227,-0.0399,179.9,-82.87,-170.68,53.055233,-1.758387,13.12,6,358.28,19 / 21,8.164367802334082,9.22743742171144,1.143378462519361,284.7582962776787,326.3558327020135,41.27069139304881,False,60.20099999999991,-2.1311332243493646,14.840186923378655,-43.38108623446179,533.6280112043675,14.992438888895332,351.82781000003195,-10.295501026683446,5.612749501667215,-328.1393825121405,207.27217850235394
1047514.0,-1.549,-2.4846,9.3134,-0.0687,-0.0466,9.8063,-0.092,0.2823,-0.3531,180.12,-82.94,-170.37,53.055233,-1.758387,13.12,6,358.28,20 / 20,8.255792892808266,9.2639695099842,1.080360012519404,285.5710942320877,327.2711573451318,41.380766447563154,False,60.29999999999984,-2.2931805800954557,14.670747222339157,-43.61268462870846,535.0811065060623,14.848888888893342,351.11600000002204,-10.548973472903722,5.406777712354957,-329.18377886079617,207.80994916093044
1047614.0,3.8475,-2.5089,9.7751,-0.0432,-0.0839,9.8061,-0.0519,0.1081,-0.0582,177.16,-83.78,-175.11,53.055233,-1.758387,13.12,6,358.28,20 / 20,8.140938256544192,9.530563004681254,1.0541200125193682,286.3909307895565,328.2108839708664,41.48749044881524,False,60.39999999999998,-2.509055176352451,14.963039141403804,-43.873358146024636,536.5822380153562,15.171944444439669,350.4810000000094,-10.649993432896643,5.432476136722551,-330.26428893558113,208.3713540444898
1047714.0,-2.9621,-2.0105,8.7264,-0.0117,0.0362,9.8065,0.0722,0.1718,-0.2837,170.92,-83.79,-179.27,53.055233,-1.758387,13.12,6,358.28,20 / 20,8.076589031681088,9.796074152952428,0.9985300125194188,287.201807153967,329.1772158287472,41.590122950067084,False,60.499999999999886,-2.2479552909086835,14.953925932374462,-44.08724410897239,538.0833695253551,15.121944444444498,351.45099999999894,-10.324544322589771,5.1578517794220335,-331.28905126293944,208.90615369660793
1047814.0,-3.3302,-1.4165,11.601,0.0221,0.0413,9.8065,0.1155,-0.0014,0.0642,176.28,-83.37,-175.78,53.055233,-1.758387,13.12,6,358.28,20 / 20,8.371950963145077,10.027342599147673,1.0342350125194675,288.0242341537095,330.16838666635357,41.69176120131917,False,60.60000000000002,-2.133931462694963,14.874656159015045,-44.27439432653013,539.5622620497991,15.026944444443915,351.83600000000536,-10.505882425840039,4.847313559867372,-332.2986284802396,209.3938753834455
1047915.0,3.1125,1.7969,11.6444,0.124,0.0536,9.8057,0.1873,-0.2218,0.3131,181.15,-82.67,-173.55,53.055233,-1.758387,13.12,6,358.28,20 / 20,8.382039222616946,10.049077147584663,1.2176560625192594,288.87031065808947,331.1822458635624,41.805481700608496,False,60.70099999999991,-2.0370676546518682,14.853068509864762,-44.47725179451855,541.0671741867249,14.992119444439965,352.19077000003216,-10.419106877268813,4.803991362280099,-333.34756245260803,209.88492832316246
1048015.0,-2.7614,-4.8444,11.224,0.0188,0.0616,9.8064,0.0261,-0.0683,-0.0934,182.23,-81.91,-166.25,53.055233,-1.758387,13.12,6,358.28,20 / 20,8.37924041742917,10.225466095212264,1.3804110625194814,289.7083746400929,332.1959730257036,41.93538505686061,False,60.801000000000045,-2.2376172158548533,14.924070629365428,-44.71112272708265,542.5569638137533,15.09088611111413,351.4729500000059,-10.616857633284024,4.698604534153164,-334.4194973671756,210.36099078804972
1048115.0,6.2219,5.4119,9.4227,-0.0721,0.0706,9.8061,0.1255,-0.5084,0.2743,185.98,-82.09,-165.61,53.055233,-1.758387,13.12,6,358.28,20 / 20,8.197348521639652,10.251506339315192,1.4320810625194345,290.5372040870456,333.21982164742906,42.07600966311243,False,60.900999999999954,-2.267737647213616,14.815920863284898,-44.937373972255045,544.025515210944,14.988638888885129,351.2973499999593,-10.465086168853269,4.564414523969706,-335.47457805930065,210.80569356351498
1048214.0,0.2926,6.046,11.6482,0.0102,-0.0465,9.8065,-0.1868,0.5859,-0.4175,178.17,-82.28,-172.5,53.055233,-1.758387,13.12,6,358.28,20 / 20,7.865506709291268,9.743630403196589,1.5042322625193854,291.33231542097616,334.20958091618274,42.22135717270175,False,60.999999999999886,-1.5915750724961255,15.155547609918317,-45.06309881484949,545.5556685958488,15.238888888888601,354.00499999999687,-9.457081781787394,5.4119172067217285,-336.3954142358256,211.34608767966608
1048314.0,-6.5718,-2.8862,7.796,0.0114,-0.0904,9.8061,-0.3311,0.7637,-0.2199,164.52,-82.52,177.12,53.055233,-1.758387,13.12,6,358.28,20 / 20,8.141019211502577,9.694894510633679,1.495777262519374,292.13264171701695,335.1815071618756,42.3713576489539,False,61.10000000000002,-1.3224094697023494,15.237724836551054,-45.17672573260895,547.0790390907025,15.295000000000192,355.0399999999773,-9.463428681204928,5.542830325917375,-337.3093674496259,211.89753192882694
1048414.0,0.5104,2.1705,12.6031,-0.0592,-0.0817,9.8061,-0.0716,-0.116,0.0109,161.63,-82.68,173.07,53.055233,-1.758387,13.12,6,358.28,20 / 20,8.427549725410202,9.837972398619277,1.5350672625193382,292.96107016386185,336.1581505073373,42.522899875205695,False,61.19999999999993,-1.7321247074558304,15.209743879821616,-45.37724382286636,548.6024095861492,15.308055555554976,353.5030000000682,-10.159674432866032,5.371771481202339,-338.3383139867282,212.44425907881185
1048514.0,-4.686,3.2879,13.6522,0.0048,-0.0169,9.8066,0.0669,-0.029,0.1295,164.71,-82.65,177.36,53.056442,-1.758545,14.96,3,353.18,19 / 20,8.705330625512449,9.65748546610944,1.8671672625190363,293.8177141814072,337.13292340057285,42.69301160145746,False,61.29999999999984,-2.019761937654848,14.958143050041993,-45.60449765848729,550.0813021105915,15.093888888895464,352.3100000000366,-10.725092563167298,5.300657583932553,-339.4222118398945,212.9483787100187
1048615.0,0.1644,1.8241,9.744,-0.0847,0.128,9.8054,-0.1199,-0.3232,0.2022,168.47,-82.12,177.01,53.056442,-1.758545,14.96,3,353.18,19 / 20,8.987735027186277,9.495463717046608,2.0582037125192496,294.7112139968695,338.1001473343233,42.89124283569711,False,61.400999999999954,-1.6721813669404773,14.31077890745305,-45.76003285717768,551.5074882398218,14.40815000000275,353.3352700000085,-10.659916394126753,4.815315190406443,-340.4712468540472,213.40734090549847
1048715.0,-6.888,-2.2877,6.246,0.0111,-0.014,9.8066,-0.2135,0.8795,-0.1878,165.07,-82.34,176.61,53.056442,-1.758545,14.96,3,353.18,19 / 20,9.301374552628724,9.631092737482868,1.8770387125194143,295.6256694758594,339.0564751570489,43.088004956948865,False,61.50099999999986,-1.7956679330111818,14.116477450957676,-45.941234371388084,552.9092114847202,14.23028888888824,352.7513100000021,-11.097042485639905,4.485384713474808,-341.5669038472475,213.85273632767132
1048815.0,-4.9648,0.0202,7.7539,0.0277,-0.0803,9.8063,-0.1527,0.3334,-0.269,164.68,-82.99,176.78,53.056442,-1.758545,14.96,3,353.18,19 / 20,9.843617873102684,9.922344802501923,1.5963687125190316,296.5829190971473,340.03414703404945,43.26167532820102,False,61.601,-2.2805515259472635,14.576176393718576,-46.194555558725625,554.3768733211125,14.753519444443928,351.1077600000122,-12.124169399049947,4.653831591216653,-342.7774746558729,214.34272628706304
1048915.0,1.3748,-2.1835,7.6381,0.0949,-0.0417,9.806,-0.0037,0.0899,-0.1399,164.25,-83.68,175.89,53.056442,-1.758545,14.96,3,353.18,19 / 20,9.986568072965362,10.100753730283378,1.3853037125192236,297.5744283944498,341.03530196068783,43.4107589494528,False,61.70099999999991,-2.051758248541689,14.575579445693641,-46.38150525818007,555.8338604453679,14.71931388887836,351.9871099999462,-12.03832632150705,4.4748257154102635,-343.9559336526299,214.7985584846801
1049015.0,4.493,-0.1963,10.6722,0.0165,0.0053,9.8066,-0.015,-0.1493,0.0933,171.82,-84.19,-177.87,53.056442,-1.758545,14.96,3,353.18,19 / 20,9.667776614327906,10.192246493683244,1.3201537125191347,298.5571456288158,342.04995197188754,43.546031820704904,False,61.801000000000045,-1.7757367686164984,14.847702169861062,-46.54887102418459,557.3237612673132,14.953519444445497,353.17999000001714,-11.443513382944404,4.655455676177818,-345.10601665300044,215.27380929542568
1049115.0,1.7217,2.9749,12.1443,0.0722,0.0604,9.8061,0.0577,0.2561,-0.1232,175.73,-83.83,-171.84,53.056442,-1.758545,14.96,3,353.18,19 / 20,9.372742435298216,10.042410425303427,1.4803137125189891,299.50917158129624,343.06168481783595,43.68605519195668,False,61.900999999999954,-1.9271562593952654,14.790092054160434,-46.74303937492859,558.8025425968365,14.915136111113801,352.5760500000133,-11.299898694693482,4.747681628857007,-346.2522109562248,215.74085777900052
1049214.0,1.6312,-4.095,11.3745,-0.0309,0.0149,9.8065,-0.0877,0.0663,-0.0769,175.57,-83.71,-173.0,53.056442,-1.758545,14.96,3,353.18,19 / 20,9.206902026451878,10.111847055360098,1.6736359625188577,300.4288639821522,344.0593205631281,43.84217570087095,False,61.999999999999886,-2.1297939826872865,14.581390477945762,-46.96802067216824,560.2556378992316,14.736111111111317,351.690000000001,-11.336696009139164,4.469543422585664,-347.39688465432044,216.1963173361035
1049314.0,1.1588,1.1256,11.3005,-0.0238,0.0643,9.8063,0.1372,0.7405,-0.3635,172.61,-83.53,-176.26,53.056442,-1.758545,14.96,3,353.18,19 / 20,9.063198609230875,10.273562251447585,1.8267209625190666,301.3423690139376,345.0785910284699,44.017193547123085,False,62.10000000000002,-1.4551967512628863,14.630866176851024,-47.101699398986234,561.7234109305426,14.703055555557489,354.3199999999891,-10.518395360493761,4.357303925403439,-348.44406841292385,216.64481990207275
1049414.0,-7.299,-6.3974,9.9923,0.0875,0.0449,9.8061,0.0794,0.8451,-0.7268,169.8,-82.66,179.2,53.056442,-1.758545,14.96,3,353.18,19 / 20,9.317794103653238,10.617030759054387,1.9106959625189903,302.261418649581,346.12312067899404,44.20406439337482,False,62.19999999999993,-1.6586633883601045,14.740864809496127,-47.275481743882196,563.2134229465928,14.833888888883088,353.5800000000328,-10.976457492013342,4.12383405044174,-349.5369003934632,217.09030226759876
1049514.0,-5.3547,0.4543,6.9959,-0.0426,-0.0433,9.8064,0.3422,-0.7615,0.114,162.98,-81.99,174.29,53.056442,-1.758545,14.96,3,353.18,19 / 20,9.882968336791302,11.080466104693631,1.7794409625191097,303.22145677160233,347.20799552218045,44.38857123962656,False,62.29999999999984,-1.5422137603398005,14.814945214794491,-47.43589621607647,564.7034349634588,14.894999999998124,354.05699999998535,-11.425182097131103,3.7344791101008603,-350.6573529876788,217.49543944127834
1049614.0,-1.124,-0.9282,10.5785,-0.0474,0.0113,9.8065,0.1015,-0.6359,0.4553,161.84,-81.75,171.49,53.056442,-1.758545,14.96,3,353.18,19 / 20,10.182639155332604,11.226053567135141,1.6774959625189707,304.2247371462099,348.32332150577344,44.5614180858787,False,62.39999999999998,-1.3297066551906078,14.910827616571387,-47.549523133875944,566.1934469810354,14.969999999998892,354.9039999999875,-11.512345810523211,3.684774049436246,-351.77426028008585,217.870125475262
1049714.0,-4.5681,3.8781,9.8592,-0.0515,-0.0135,9.8065,0.0397,-0.2818,0.2251,161.52,-81.81,171.67,53.056442,-1.758545,14.96,3,353.18,19 / 20,10.497394077731501,11.203460386575392,1.7187159625189332,305.2587388078622,349.44479720345794,44.73122868213044,False,62.499999999999886,-1.1683679842552,14.925450886140826,-47.6564661153695,567.6834589986087,14.971111111111108,355.5239999999993,-11.665762061986701,3.7219904995654343,-352.91520492323167,218.23866179515073
1049814.0,1.7166,1.7065,8.6709,-0.0312,-0.007,9.8066,-0.0413,-0.2818,0.2722,162.68,-81.84,172.82,53.056442,-1.758545,14.96,3,353.18,19 / 20,10.716877030692393,11.012259176537837,1.6645559625188593,306.3194523632848,350.55558318161513,44.90039227838256,False,62.60000000000002,-1.532248571907248,14.602887891146196,-47.82356452388129,569.1289930443609,14.683055555554372,354.00999999999544,-12.24912560259964,3.590628714608359,-354.14301688716614,218.57340986274573
1049914.0,1.6174,-0.6896,10.2037,-0.0193,-0.0487,9.8065,-0.0419,-0.3787,0.427,164.78,-82.14,177.13,53.056442,-1.758545,14.96,3,353.18,19 / 20,10.571962655936405,10.944650561009993,1.6276209625188929,307.3838943476153,351.65342866849153,45.0650011246343,False,62.69999999999993,-1.6016962423521297,14.514950937084851,-48.00403080510765,570.5856465831366,14.603055555559104,353.7030000000136,-12.173658898288535,3.570300376074858,-355.3879251527229,218.9322179146451
1050014.0,2.2183,1.6505,10.1899,0.0024,0.0039,9.8066,-0.126,-0.3133,0.1827,169.85,-82.58,179.32,53.056442,-1.758545,14.96,3,353.18,19 / 20,10.39066138584872,10.88327587697109,1.6666359625188574,308.4320255497036,352.7448249903896,45.22971397088604,False,62.79999999999984,-1.5022293980672283,14.697316072557664,-48.157761340958345,572.0645391082833,14.773888888883647,354.16399999998583,-11.892890783915949,3.814040195586573,-356.58978689066197,219.31971411789368
1050114.0,1.6082,-7.0686,10.8343,-0.0021,0.0107,9.8066,-0.0073,0.1548,-0.1157,170.76,-82.77,-179.25,53.056442,-1.758545,14.96,3,353.18,19 / 20,10.161757065971877,11.145760352353848,1.7371809625189536,309.459646472296,353.84627680185736,45.399904817138165,False,62.89999999999998,-1.4518602309694584,14.426014033065158,-48.29812400414681,573.498953661611,14.498888888892955,354.25299999999874,-11.613617296941335,3.2802536807113096,-357.75777047644283,219.65267685975368
1050214.0,6.3653,1.7396,12.6729,-0.0721,-0.0089,9.8063,0.0556,-0.2864,0.1648,168.67,-82.48,178.33,53.056442,-1.758545,14.96,3,353.18,19 / 20,9.7322325428405,11.36122714785951,1.9318759625187767,310.4543459527357,354.971626176867,45.58335766338988,False,62.999999999999886,-1.6434176530867142,14.566475272841666,-48.49195815804728,574.9667266936251,14.658888888888708,353.56300000000084,-11.375650195927214,3.2052481249821554,-358.946304110783,219.9951005167581
1050314.0,-5.6803,2.4464,11.5473,-0.0285,0.0705,9.8063,-0.3924,0.5766,-0.3447,164.19,-81.63,175.56,53.056442,-1.758545,14.96,3,353.18,19 / 20,9.743852182604432,11.200476531903227,2.162220962519091,311.4281501890093,356.0997113608567,45.78806250964205,False,63.10000000000002,-2.027666571230764,14.63324088243462,-48.70584412098141,576.4344997249354,14.77305555555257,352.1109999999982,-11.771518753835196,3.432764350531393,-360.13399430999067,220.33478836407875
1050415.0,3.7535,-0.4518,11.3332,-0.0789,-0.0315,9.8062,0.1097,-0.4023,0.3412,165.0,-81.9,172.12,53.056442,-1.758545,14.96,3,353.18,19 / 20,9.863628252551493,11.16039269848867,2.327214562518904,312.4183279509835,357.2289352569902,46.014779003656216,False,63.20099999999991,-2.026699595283001,14.431033057421244,-48.914583452890724,577.8947115023054,14.572699999992942,352.0054899999356,-11.890327847834493,3.2706403589325745,-361.3329114038742,220.66577624531521
1050514.0,1.0176,0.8329,9.6858,-0.0233,0.0634,9.8063,0.0434,0.3802,0.0225,162.76,-81.37,173.29,53.056442,-1.758545,14.96,3,353.18,19 / 20,9.641274799053686,11.106690334033651,2.396796712518857,313.3838206520373,358.3311558670993,46.24861756177042,False,63.29999999999984,-1.6828084861000148,14.633559225252133,-49.0667766834344,579.3478068033,14.72999999999512,353.43999999995555,-11.324083285153701,3.5268688912184825,-362.4505973354717,221.01665093620073
1050614.0,-1.0992,2.5751,10.5365,0.02,0.0022,9.8066,0.1411,-0.1146,-0.1637,163.68,-80.46,174.46,53.056442,-1.758545,14.96,3,353.18,19 / 20,9.692412744125518,10.971064330832032,2.427246712518899,314.35050502919756,359.4350436003441,46.48981973302264,False,63.39999999999998,-1.579858849522787,14.734432935026037,-49.22050721928426,580.8266993277434,14.818888888887574,353.8799999999935,-11.272271593648306,3.763368604194005,-363.5710122484818,221.39165572739932
1050714.0,-2.9476,0.1749,8.2906,0.0746,-0.0274,9.8063,-0.2345,0.7648,-0.7141,162.56,-80.42,171.71,53.056442,-1.758545,14.96,3,353.18,19 / 20,9.922980568990424,10.926116493877382,2.3879367125189344,315.3312746948525,360.5299026415786,46.73057890427432,False,63.499999999999886,-1.8837637369371292,14.638177325677212,-49.427709245873075,582.2944723590508,14.758888888888956,352.66700000000134,-11.806744305927552,3.71206083179983,-364.75898394072556,221.76456971747223
1050814.0,-4.6218,1.8391,7.5626,-0.0124,-0.0492,9.8064,-0.3934,0.5647,-0.2298,156.06,-81.47,168.06,53.056442,-1.758545,14.96,3,353.18,19 / 20,10.311337124132681,10.998811236174735,2.1999317125186777,316.34299057951,361.6261490280827,46.95997232552651,False,63.60000000000002,-1.9808788852556953,14.652822275314193,-49.63491127244936,583.7622453910682,14.786111111106791,352.3010000000033,-12.292216009388376,3.6540110391394585,-365.97790185195936,222.13609636298548
1050914.0,1.0744,-0.508,8.3816,0.0069,-0.0088,9.8065,0.0165,0.1639,-0.0185,154.12,-82.33,165.55,53.056442,-1.758545,14.96,3,353.18,19 / 20,10.495052591897215,11.034798822365525,2.0164767125188447,317.3833100653105,362.7278295310087,47.17079274677819,False,63.69999999999993,-1.8853110825826156,14.370748666848343,-49.808693617332025,585.185540451862,14.493888888901845,352.52599999999006,-12.380363674479831,3.3359498444828173,-367.19200368264256,222.45771092085334
1051014.0,-0.1786,-0.3005,11.1828,0.0105,0.0352,9.8065,0.1846,0.0047,-0.135,154.27,-81.91,165.16,53.056442,-1.758545,14.96,3,353.18,19 / 20,10.431347165977993,11.078387385899841,2.014031712518847,318.4296300532033,363.83348884142094,47.37231816802989,False,63.79999999999984,-2.022663395167502,14.244051503609288,-50.02926351660789,586.5977160203344,14.386944444447726,351.91800000001865,-12.454010561145495,3.165664117709447,-368.4588935698112,222.76422717891342
1051114.0,3.2169,3.8999,11.6297,0.0412,-0.0078,9.8065,0.2711,-0.0992,0.1548,155.29,-81.13,165.54,53.056442,-1.758545,14.96,3,353.18,19 / 20,10.36273046327268,10.878250635982074,2.1739917125190655,319.46933393466725,364.93132074251656,47.581719339282074,False,63.89999999999998,-2.078416663794959,14.196720832536803,-50.2230976705237,588.0098915888093,14.34805555555613,351.67100000000363,-12.441147127067639,3.3184701965547294,-369.69243160519096,223.07857084629273
1051214.0,3.4438,-1.0755,11.9775,0.0598,0.0589,9.8062,0.1023,0.2189,-0.0915,157.96,-80.68,169.86,53.056442,-1.758545,14.96,3,353.18,19 / 20,10.113673723536543,10.646090122380377,2.373686712518884,320.4931541440068,366.0075377804337,47.80910326053377,False,63.999999999999886,-1.6479605800073476,14.37473379251769,-50.35009246103738,589.4554256359722,14.468888888888753,353.45999999999793,-11.761634303543891,3.7286436701373127,-370.84324660504416,223.4478878555385
1051314.0,-1.1314,-1.7055,8.6601,0.0707,0.1327,9.8054,-0.3522,0.6527,-0.2325,163.17,-79.72,172.76,53.056442,-1.758545,14.96,3,353.18,19 / 20,9.960545887970392,10.756544745665314,2.424901712518954,321.4968651245835,367.07766952383747,48.04903268178599,False,64.10000000000002,-1.6680565307345578,14.37045820316779,-50.53055874223854,590.9009596817245,14.46694444444715,353.37899999998075,-11.62860241870495,3.613913457502475,-372.02742386682206,223.82329015788707
1051414.0,0.6855,1.3543,11.752,0.0303,0.0973,9.8061,-0.4662,0.0271,0.1039,163.05,-80.06,173.22,53.056442,-1.758545,14.96,3,353.18,19 / 20,9.975369324660216,10.807128901477457,2.4648417125189175,322.4936608852141,368.1558532061936,48.29351985303766,False,64.19999999999993,-2.0201472583052236,14.510048416684185,-50.791232259549254,592.3687327129252,14.649999999991884,352.0740000000579,-11.99551658296544,3.7029195152067285,-373.2848931447634,224.21287950673155
1051514.0,3.008,-0.2014,6.9734,-0.0027,-0.0298,9.8065,0.0986,0.0626,0.1391,165.36,-80.2,176.23,53.056442,-1.758545,14.96,3,353.18,19 / 20,9.813196739272378,10.731461722162436,2.420446712518958,323.48308918840985,369.23278273737463,48.53778427428933,False,64.29999999999984,-1.952500119402982,14.414475076832115,-50.99843428614123,593.8142667593821,14.546111111114302,352.2859999999935,-11.76569685867536,3.6830133546696793,-374.48152347455107,224.5814840220075
1051615.0,-1.0644,3.4612,8.5941,0.0027,-0.0451,9.8065,0.1645,0.2025,-0.2723,165.75,-80.14,176.82,53.056442,-1.758545,14.96,3,353.18,19 / 20,9.758352553223192,10.574393370276116,2.21613381251873,324.471452427682,370.30872841954397,48.771931590803995,False,64.40099999999995,-2.243246960578261,14.415947229564335,-51.24634148506851,595.284930859735,14.589655555558961,351.15571999995285,-12.001599513801454,3.8415538592882186,-375.7177939127505,224.97620244019106
1051715.0,0.9786,-3.6536,7.5842,0.0017,-0.0547,9.8064,-0.0379,0.0693,-0.1895,159.87,-80.38,172.19,53.056442,-1.758545,14.96,3,353.18,19 / 20,9.741993789242649,10.601744031093089,2.0443838125188862,325.4464697448044,371.36753528961145,48.98495747205568,False,64.50099999999986,-1.4291396290752179,14.288588123892053,-51.307232145124225,596.6855421560701,14.359894444444832,354.28812000000096,-11.171133418317867,3.686844092798964,-376.7537018899286,225.3180068664587
1051815.0,2.3631,-2.3621,9.8691,-0.0053,-0.0372,9.8065,-0.1154,0.2914,-0.0299,158.31,-80.6,170.29,53.056442,-1.758545,14.96,3,353.18,19 / 20,9.476242058082597,10.849667549553802,1.936383812518739,326.407381537172,372.4401058686453,49.183995853307835,False,64.601,-1.5886624817363963,13.956577855247298,-51.44104455072084,598.0422314559326,14.046705555555222,353.5060299999973,-11.064904539818993,3.1069103056934964,-377.84842608789285,225.60212558728728
1051914.0,-3.3888,-0.5367,11.8332,0.0166,0.0353,9.8065,-0.1087,0.2019,-0.0907,158.48,-80.95,170.06,53.056442,-1.758545,14.96,3,353.18,19 / 20,9.466850693566519,11.028183679127805,2.0397893125186686,327.345064628378,373.5230595044643,49.38081642299705,False,64.69999999999993,-1.6334063507225032,13.92760104280872,-51.586620684194266,599.3962520779157,14.023055555556613,353.31100000000873,-11.100257044289021,2.8994173636809144,-378.93168531257226,225.87319257345143
1052015.0,2.3357,-0.2724,8.4876,0.0225,-0.001,9.8066,0.1839,-0.1881,0.405,162.33,-80.9,172.12,53.056442,-1.758545,14.96,3,353.18,19 / 20,9.496644617658088,11.120978739493866,2.0755180625187086,328.3027211415959,374.64159220660594,49.58863944543667,False,64.80100000000004,-1.8339557106122977,13.95807989547097,-51.79616208853998,600.8232165702233,14.078049999988135,352.51489000001175,-11.330600328270386,2.8371011559771038,-380.09888323013587,226.18162436361735
1052114.0,0.0582,-1.1821,13.4562,0.1204,0.0217,9.8059,0.3237,0.1397,-0.3732,165.9,-80.31,177.2,53.056442,-1.758545,14.96,3,353.18,19 / 20,9.36424301411482,11.181867270185405,2.19087781251863,329.236335079368,375.74558308408433,49.799826041250874,False,64.89999999999998,-1.989567468118143,14.352760058247597,-52.0277604827472,602.2873201701198,14.48999999999385,352.1080000000061,-11.353810482232962,3.1708927880621918,-381.26409556211524,226.54173708603543
1052214.0,1.6826,4.499,13.594,0.071,-0.0241,9.8063,0.4195,-0.2441,-0.1951,165.41,-79.41,176.29,53.056442,-1.758545,14.96,3,353.18,19 / 20,9.321896730987294,11.026986157504473,2.562722812518292,330.1706420666223,376.85602575546784,50.0375060725025,False,64.99999999999989,-2.0261415225713537,14.62223492874353,-52.24164644568127,603.7662126945601,14.761944444444135,352.111,-11.348038253558649,3.595248771239058,-382.4122885123036,226.91018693909223
1052315.0,1.4596,-3.7337,6.4223,-0.0644,0.0567,9.8062,-0.3206,0.1341,0.1698,166.2,-79.12,176.67,53.056442,-1.758545,14.96,3,353.18,19 / 20,9.180034786343645,10.978902112882395,2.583074312518315,331.10498960824856,377.9673231131236,50.29736882731714,False,65.101,-2.168734047342261,14.453383695661731,-52.47745571979645,605.2256461061462,14.615188888883722,351.46648000000346,-11.348768833685906,3.4744815827793367,-383.582445328045,227.2583229930226
1052415.0,-2.3723,-0.7881,13.189,-0.0967,0.0283,9.8061,-0.5134,-0.2341,0.0886,165.41,-79.69,176.81,53.056442,-1.758545,14.96,3,353.18,19 / 20,9.169193382448132,11.23819609013024,2.5829743125183153,332.02245101668734,379.0781780232732,50.55567125856874,False,65.20099999999991,-2.0507786639908625,14.097880824999711,-52.664071222461345,606.6153602998049,14.246288888900441,351.7236099999484,-11.219972046438993,2.8596847348694716,-384.6865222391487,227.53718227653172
1052515.0,-2.3827,1.042,12.5603,-0.0486,-0.0399,9.8064,0.3317,-0.1879,0.1496,163.16,-79.84,172.05,53.056442,-1.758545,14.96,3,353.18,19 / 20,9.402149211505165,11.318227374608613,2.889774312518734,332.9510181463863,380.2059991965117,50.82930868982096,False,65.30100000000004,-1.7359461562584497,13.8793202365944,-52.79801730673178,607.9829467022387,13.987461111115183,352.8707700000064,-11.138095367763615,2.561092861985788,-385.74903545311804,227.77694750572698
1052615.0,-1.4219,-7.8297,6.4241,0.0237,-0.0162,9.8065,0.3518,-0.2404,0.1217,160.9,-79.29,173.89,53.056442,-1.758545,14.96,3,353.18,19 / 20,9.468245245538508,11.723380378176161,2.8583293125187628,333.8945378692376,381.3580795841499,51.11671387107258,False,65.40099999999995,-1.773160514515336,13.735626784481365,-52.959033333208566,609.3401919767263,13.849611111105906,352.64439000000834,-11.241405760053844,2.012246406305204,-386.8535712024461,227.98211239257637
1052715.0,1.9315,0.3459,14.0293,0.0125,-0.1022,9.8061,0.6181,-1.1012,0.4153,164.29,-79.04,173.92,53.056442,-1.758545,14.96,3,353.18,19 / 20,9.317207099130432,12.101100158048189,2.9003343125187246,334.83381048647016,382.54930361096,51.40464705232419,False,65.50099999999986,-1.947739697516378,14.060519220920751,-53.17853380267198,610.7634870376307,14.194911111111258,352.11347999999697,-11.264946796646809,1.9594190628725627,-388.0123442891421,228.21418342667073
1052815.0,-5.9927,1.5197,14.4026,0.033,-0.1171,9.8058,0.6294,-0.1299,-0.0525,166.24,-78.58,176.05,53.056442,-1.758545,14.96,3,353.18,19 / 20,9.5374723465418,12.08315238123851,3.341264312519326,335.77654445875504,383.758516237926,51.716726983576514,False,65.601,-1.3423674024475887,14.009814422568217,-53.29276227475476,612.1862261246015,14.073999999997053,354.5266899999856,-10.87983974898939,1.926662041329708,-389.0693067335098,228.42770988667547
1052915.0,3.2657,-2.9301,5.4188,-0.0991,0.0681,9.8058,-0.521,-0.2473,0.3951,169.61,-78.79,177.28,53.056442,-1.758545,14.96,3,353.18,19 / 20,9.660263944206523,12.222646296876547,3.351669312519317,336.7364312732916,384.9738061718307,52.05137366482814,False,65.70099999999991,-1.573716163686966,13.78039370095223,-53.46741353134474,613.5547020870453,13.870049999977564,353.48579000008976,-11.233980107893489,1.5577474040756822,-390.20384480463633,228.58089591521457
1053014.0,-1.0624,3.5167,14.0689,-0.0608,0.1293,9.8056,-0.448,0.1313,0.0773,166.46,-79.52,178.45,53.056442,-1.758545,14.96,3,353.18,19 / 20,9.56774442596766,12.206328292542063,3.3454521125193213,337.68821768761455,386.1830404140061,52.38288117536733,False,65.79999999999984,-2.1277418993360757,14.21160140200099,-53.725480313488035,614.9857807930372,14.369999999984499,351.48500000006203,-11.695486325303737,2.005273109458928,-391.4136980011026,228.8027403790311
1053114.0,0.1637,0.518,11.6498,-0.0319,0.016,9.8065,-0.09,0.0354,0.0359,166.17,-79.0,177.46,53.056442,-1.758545,14.96,3,353.18,19 / 20,9.65874126552582,12.048105923637921,3.650722112519738,338.64954197219055,387.3957621248167,52.73268988661976,False,65.89999999999998,-2.3099728993625783,14.31284877640124,-53.99283776716229,616.4424343319218,14.498055555553664,350.83200000000966,-11.968714164888397,2.2647428527633195,-392.64237973935286,229.04667220710513
1053214.0,1.3843,-3.7455,6.765,0.0326,0.0154,9.8066,-0.1575,0.6293,-0.3189,166.54,-79.09,177.96,53.056442,-1.758545,14.96,3,353.18,19 / 20,9.54604120245318,12.214414947638138,3.5907971125197924,339.60978109558863,388.6088881683794,53.09476584787141,False,65.99999999999989,-2.7477793510970394,14.662813174705333,-54.320350647892944,617.9435658412127,14.918055555555076,349.3860000000017,-12.29382055355022,2.4483982270671945,-393.9301317434816,229.33467767283332
1053315.0,-5.7063,0.3383,11.2381,0.0545,-0.0401,9.8064,0.3485,0.1604,-0.1869,166.32,-79.07,177.56,53.056442,-1.758545,14.96,3,353.18,19 / 20,9.718058150613702,12.461315912900664,3.5094820125197015,340.5826181129196,389.855012576838,53.4533299436863,False,66.101,-2.5087488456294675,14.454897704935778,-54.5766796065984,619.4029992542065,14.670988888883288,350.1540500000028,-12.22680699624317,1.9935817920351138,-395.159297719518,229.5479866773685
1053414.0,1.0676,-1.5625,11.7049,0.123,-0.0552,9.8056,0.1816,0.1999,-0.1535,170.35,-78.49,178.37,53.056442,-1.758545,14.96,3,353.18,19 / 20,9.932302466516463,12.606326994014019,3.6743021625195893,341.55531096346687,391.09586090072946,53.8089272603505,False,66.19999999999993,-2.3910003062836935,14.072207415619078,-54.808278000841376,620.7790364711907,14.273888888906674,350.35699999999093,-12.323302772800156,1.4658804216050587,-396.36358896430824,229.68317557046123
1053514.0,-2.123,-3.0769,7.4129,0.0318,0.0351,9.8065,-0.2836,0.4404,-0.0428,173.18,-78.93,-176.72,53.056442,-1.758545,14.96,3,353.18,19 / 19,9.956255351934672,12.867028286860501,3.649527162519612,342.5497388543885,392.369528664772,54.17511872660213,False,66.29999999999984,-3.004229229608442,14.175143975838962,-55.1558426906004,622.2134510245119,14.489999999993367,348.0340000000713,-12.960484581543113,1.3081156889784609,-397.70558154498895,229.84392235973985
1053614.0,5.1257,-0.4117,9.485,0.0421,0.0238,9.8064,-0.2272,0.2975,0.072,176.84,-79.24,-174.4,53.056442,-1.758545,14.96,3,353.18,19 / 19,9.790437496746142,13.065890937925477,3.513757162519427,343.5370734968239,393.66617462601306,54.53328294285457,False,66.39999999999998,-2.3224800864945285,14.056369099131501,-55.33630897183213,623.6033876081368,14.246944444448037,350.61799999996185,-12.11291758324067,0.990478161206024,-398.873382468656,229.93721298212375
1053715.0,0.4898,-1.0693,8.0311,0.0876,0.0009,9.8062,-0.1105,0.3745,-0.259,179.57,-79.5,-170.43,53.056442,-1.758545,14.96,3,353.18,19 / 19,9.511339941290323,13.15327312485908,3.407848562519547,344.51181325744363,394.9902424111822,54.88282403196864,False,66.50099999999986,-2.154427694151621,14.073465004475189,-55.539433797250304,625.0067787771748,14.237461111111559,351.2961000000018,-11.665767635441945,0.9201918796161088,-400.05124705469393,230.01653636599258
1053814.0,2.146,-2.4046,9.3974,-0.0137,-0.0443,9.8064,0.1904,-0.1757,-0.0835,179.54,-80.03,-171.29,53.056442,-1.758545,14.96,3,353.18,19 / 19,9.385675201180195,13.350603958472835,3.2997009625193723,345.44721550699745,396.30218432680925,55.214847733458605,False,66.60000000000002,-2.4522418863997655,13.657707322192183,-55.79750057939379,626.3387828035575,13.87611111111739,349.82100000000315,-11.83791708757996,0.30710336371934766,-401.24471608639124,230.03659847674822
1053914.0,0.8253,-3.3172,10.4757,-0.0392,0.0218,9.8065,0.1018,0.0487,0.0525,174.52,-79.67,-174.01,53.056442,-1.758545,14.96,3,353.18,19 / 19,9.225529677179525,13.658031758596199,3.3126909625193606,346.37777575091457,397.65261611266146,55.54546732971024,False,66.69999999999993,-2.475249759148954,14.085273076573264,-56.031438351343056,627.7620778643515,14.301111111092268,350.03299999999064,-11.700779436328478,0.42724131797706555,-402.40921410225764,230.10946175169
1054014.0,-5.7531,-4.5908,9.3935,-0.1034,-0.0355,9.806,0.1987,-0.9461,0.3899,174.27,-79.24,-174.49,53.056442,-1.758545,14.96,3,353.18,19 / 19,9.435707762550738,14.103436520110714,3.325485962519349,347.31083762290024,399.04068952659554,55.87737617596188,False,66.79999999999984,-2.538525686220001,13.8136856899461,-56.29879580500215,629.1408949541336,14.04500000000786,349.5870000000137,-11.97423344877074,-0.2897508301646141,-403.6096334279024,230.10020542753807
1054114.0,0.3416,-1.5122,10.9144,-0.0503,-0.0041,9.8065,0.1021,-0.6486,0.1956,171.69,-79.05,-179.13,53.056442,-1.758545,14.96,3,353.18,19 / 19,9.674301190650025,14.460106222684097,3.3602159625193964,348.2663380705616,400.46886666373723,56.21166127221427,False,66.89999999999998,-2.5383559839510097,13.91933208486744,-56.55278538598865,630.5419510308895,14.148888888887356,349.6649999999989,-12.212657174601034,-0.5407741378166566,-404.81912345655024,230.07308436715232
1054214.0,-5.8679,-4.4017,7.8902,-0.0845,-0.0319,9.8062,-0.031,-0.5666,0.2464,166.69,-79.02,176.37,53.056442,-1.758545,14.96,3,353.18,19 / 19,9.882634228291721,14.841509381944203,3.319780962519433,349.2441848415078,401.9339474439673,56.54566111846591,False,66.99999999999989,-2.2322565934126497,14.078010475843248,-56.766671348909725,631.9541265986538,14.253888888888767,350.98999999999853,-12.114890821704371,-0.7634989061009545,-406.0108561904175,230.0201791546865
1054314.0,2.2122,-1.4033,8.9619,-0.0817,-0.0637,9.806,0.0702,-1.0324,0.454,168.26,-79.18,175.23,53.056442,-1.758545,14.96,3,353.18,19 / 19,9.995404778626753,15.196806881341264,3.181720962519245,350.23808679185504,403.43586325713363,56.870736214718285,False,67.10000000000002,-2.8577337056013605,14.051231000724723,-57.08750029332408,633.3774216602613,14.33888888888737,348.5039999999961,-12.853138484228113,-1.1455758806165406,-407.3255870851791,229.94155840312771
1054414.0,-7.1836,-2.5252,9.0837,0.0539,0.0339,9.8064,-0.2098,1.0096,-0.7499,167.88,-79.26,173.94,53.056442,-1.758545,14.96,3,353.18,19 / 19,10.198277973972091,15.469240702274156,3.1033359625193166,351.2477709294841,404.969165636313,57.184989060969926,False,67.19999999999993,-2.901985658518704,13.937192644352109,-57.39496136501401,634.7673582423661,14.236111111115667,348.2380000000118,-13.100263632490796,-1.5320480579220472,-408.6427322944981,229.79819260605308
1054514.0,-3.6141,-2.6283,10.1691,-0.0553,-0.0167,9.8064,-0.0257,0.4328,-0.0891,163.51,-79.32,172.07,53.056442,-1.758545,14.96,3,353.18,20 / 21,10.65855926468478,15.872774876316516,3.0853109625193333,352.290612791416,406.53626641524113,57.49442140722158,False,67.29999999999984,-2.2880072287946884,13.531819875980252,-57.61553126429581,636.1128168555787,13.723888888904613,350.40299999993357,-12.946566493479468,-2.3409550003362636,-409.9061440557118,229.57655044033754
1054614.0,9.4435,-3.2527,9.8212,0.0929,0.0235,9.8061,0.0078,0.5141,-0.4282,163.53,-79.39,172.18,53.056442,-1.758545,14.96,3,353.18,20 / 21,10.294226567166987,16.099530686104266,3.104160962519359,353.33825208301,408.1348816933644,57.80389500347394,False,67.39999999999998,-2.4551837359142,13.705719777266106,-57.876204781624864,637.4916339460683,13.923888888885934,349.84400000000824,-12.749410303081188,-2.3938109088381605,-411.2144568646348,229.35675225270393
1054714.0,-2.9823,-4.9595,8.3434,0.0533,0.0274,9.8064,-0.2068,0.5739,-0.2279,164.58,-79.3,173.14,53.056442,-1.758545,14.96,3,353.18,20 / 21,9.871991380536551,16.427691741133362,3.0317259625194253,354.34656298039425,409.76124281472477,58.1106893497256,False,67.49999999999989,-2.3759575689438734,13.911619702420339,-58.123510426292974,638.8926900214068,14.113055555555341,350.30799999999954,-12.247948949480424,-2.5160720387130233,-412.4700734066872,229.13144720668203
1054814.0,1.9438,-2.4082,10.5673,-0.0346,-0.0128,9.8066,-0.0923,-0.2022,0.4437,164.15,-79.72,173.56,53.056442,-1.758545,14.96,3,353.18,20 / 21,9.822433107564553,16.8230530705534,2.996595962519377,355.3312842048006,411.4237800553114,58.41210544597795,False,67.60000000000002,-2.343936323292758,13.9455005635875,-58.37081607090811,640.3048655898812,14.141111111106884,350.4590000000059,-12.166369430857312,-2.8775525069659,-413.70210027570874,228.88108553456976
1054914.0,2.0808,-6.3408,9.4351,0.0752,-0.0144,9.8063,-0.0203,0.087,-0.1978,166.34,-80.22,176.76,53.056442,-1.758545,14.96,3,353.18,20 / 21,9.519513724196946,17.223226634908848,3.0160509625193597,356.2983815463878,413.126094040583,58.71273779222961,False,67.69999999999993,-2.2013078491646407,13.679008324931939,-58.6047538428308,641.6725631878435,13.855000000012685,350.8579999999823,-11.720821573361587,-3.544218309976909,-414.9031353892186,228.5464691472605
1055014.0,2.4289,-3.772,9.0953,0.0337,-0.0076,9.8065,0.19,-0.1544,0.0024,168.69,-80.25,175.93,53.056442,-1.758545,14.96,3,353.18,20 / 21,9.187986293847237,17.69523299775595,2.961905962519409,357.23375654728915,414.87201702221466,59.01163563848128,False,67.79999999999984,-2.4980393132640177,13.672560547864702,-58.87211129650317,643.040260785198,13.898888888887543,349.6460000000372,-11.686025607111254,-4.02267244989125,-416.10586784379234,228.16824376298337
1055114.0,0.4142,-3.1545,8.818,0.0012,0.0498,9.8065,0.067,-0.0102,-0.055,169.18,-79.62,177.1,53.056442,-1.758545,14.96,3,353.18,20 / 21,8.983156202502592,18.034754616778407,2.876905962519293,358.1423136721079,416.6585164029438,59.30357623473361,False,67.89999999999998,-2.5194778628545262,13.808984055134124,-59.1327848137938,644.4301973688209,14.036944444442403,349.6599999999998,-11.502634065357118,-4.225770561644284,-417.2750984859017,227.77168096587712
1055214.0,-3.2626,-3.18,8.873,-0.04,-0.0078,9.8065,0.0705,-0.4861,0.183,165.76,-79.3,176.79,53.056442,-1.758545,14.96,3,353.18,20 / 21,9.052706276439332,18.407407816219077,2.7807909625193803,359.04410679605417,418.48062452459203,59.58646108098529,False,67.99999999999989,-2.4723573818679117,13.711946838086998,-59.38677439480598,645.8090144586014,13.933055555555672,349.7789999999999,-11.525063658307245,-4.695460978132079,-418.43088119086013,227.32838993400935
1055314.0,1.0423,-2.4583,9.1916,-0.0413,-0.0265,9.8065,0.0094,-0.6001,0.3181,168.53,-79.22,175.53,53.056442,-1.758545,14.96,3,353.18,20 / 21,9.096535258872025,18.739131354220802,2.7033559625192747,359.951568872821,420.33795148311657,59.86066842723759,False,68.10000000000002,-2.487203441214204,13.618629835996636,-59.64076397579158,647.1655925642409,13.843888888888372,349.6500000000188,-11.58373870008623,-5.120501518224167,-419.59233284861256,226.82764108112434
1055415.0,-3.1358,-4.1418,7.8955,-0.0663,-0.0357,9.8063,-0.0954,-0.4112,0.1763,163.93,-79.48,172.95,53.056442,-1.758545,14.96,3,353.18,20 / 21,9.114436416157963,19.122798584618337,2.5757828625194197,360.87122294240896,422.24997894502576,60.12726493790174,False,68.20099999999991,-2.181458588303862,13.635053320200434,-59.86387377084851,648.5468559425454,13.808488888890667,350.91030000005645,-11.295895004461824,-5.487745264417903,-420.73509671325746,226.2968769975197
1055515.0,7.7921,-2.8016,10.2747,-0.0795,-0.0619,9.8061,0.1133,-0.9095,0.4711,166.74,-79.76,172.45,53.056442,-1.758545,14.96,3,353.18,19 / 20,8.79590094663298,19.439560704018742,2.503627862519321,361.7667398105497,424.17809690946024,60.381235474154025,False,68.30100000000004,-2.471410115151548,13.546663943285342,-60.11766283374511,649.9036564373324,13.77026944444051,349.66076999997784,-11.267311061784527,-5.8928967607334,-421.8844026442948,225.72555952787218
1055614.0,2.1419,-1.5173,10.7826,0.0194,0.0554,9.8064,-0.0805,0.4996,-0.4128,163.23,-79.66,172.77,53.056442,-1.758545,14.96,3,353.18,19 / 20,8.264794951340043,19.554492816672724,2.5751058625192726,362.6112442574988,426.10830255873316,60.632632793543266,False,68.39999999999998,-2.312063691064432,13.71340458344566,-60.34926122800494,651.2686853569154,13.906944444442402,350.4299999999885,-10.576858642404476,-5.8410882332270635,-422.96050548550375,225.16038279818224
1055715.0,7.2315,0.0404,9.5029,-0.0964,-0.0184,9.8061,0.0969,-0.1976,0.2231,166.16,-79.29,171.76,53.056442,-1.758545,14.96,3,353.18,19 / 20,7.784180685567727,19.534956704788463,2.609051962519234,363.4217175271617,428.0823197595647,60.894432763707414,False,68.50099999999986,-2.5898566126284814,13.575996386473317,-60.62610987127238,652.649392761391,13.820830555555933,349.19944000000095,-10.374037298196209,-5.958960318315146,-424.0478273984341,224.56707300182632
1055815.0,2.8703,-1.0972,9.7538,0.0588,0.008,9.8064,-0.055,0.9687,-0.5845,163.19,-78.92,171.85,53.056442,-1.758545,14.96,3,353.18,19 / 20,7.279497204971149,19.48488654407387,2.5912219625192097,364.1749014216897,430.0333119220105,61.15444645995969,False,68.601,-2.7055650953551287,13.242443328855808,-60.906634679517836,653.9503734027791,13.516005555552693,348.4528400000026,-9.985062300326277,-6.242443215218062,-425.0815361012075,223.91706148076855
1055914.0,-5.869,-2.5842,9.7094,0.0398,-0.0005,9.8065,-0.1269,0.5851,-0.2754,163.97,-79.11,172.64,53.056442,-1.758545,14.96,3,353.18,19 / 20,7.370326977827394,19.726041591517554,2.583792012519215,364.9000677187377,431.974252864721,61.410609651723924,False,68.69999999999993,-2.623450624445052,13.052009617168133,-61.1647014616292,655.2383442376579,13.313055555564645,348.6349999999918,-9.993777602272445,-6.67403197434942,-426.0647691803669,223.2640913729369
1056014.0,0.759,-2.1226,10.0299,0.0818,-0.0108,9.8063,-0.089,0.5538,-0.2822,164.8,-79.66,174.58,53.056442,-1.758545,14.96,3,353.18,19 / 20,7.551258157992774,20.05110465411341,2.590092012519209,365.64614697552804,433.9631101770007,61.66930385297561,False,68.79999999999984,-2.665277286306981,13.243352143595645,-61.44542678800379,656.5838028501591,13.508888888882877,348.62100000000044,-10.216535444299755,-6.807752510517764,-427.0915737635318,222.62069267315843
1056114.0,-3.5356,-3.7563,9.0198,0.0657,0.03,9.8063,-0.1259,0.6737,-0.3523,164.63,-79.9,174.77,53.056442,-1.758545,14.96,3,353.18,19 / 20,7.60666402324325,20.398907601592107,2.5619120125191706,366.40404308459085,435.9856107897887,61.92690405422788,False,68.89999999999998,-2.5879237763873735,13.078355905748692,-61.712784241678676,657.8959029853895,13.331944444447059,348.8069999999973,-10.194587799630623,-7.320551695843415,-428.1168273262695,221.9102921956008
1056214.0,4.1955,-2.1472,10.2293,0.0322,0.0254,9.8065,0.0062,0.0435,-0.0334,167.22,-80.13,173.51,53.056442,-1.758545,14.96,3,353.18,19 / 20,7.498769811900998,20.712544124294023,2.543702012519187,367.1593147763474,438.04118337608116,62.18218475547957,False,68.99999999999989,-2.2604699223225344,12.798860911122533,-61.94003807730138,659.1857641350575,12.996944444444825,349.9839999999987,-9.759239734223533,-7.91368321317149,-429.0993528536488,221.14458075897636
1056314.0,-4.7859,-2.3555,9.6881,0.0634,0.0208,9.8063,0.0211,0.5402,-0.3846,167.99,-80.0,174.82,53.056442,-1.758545,14.96,3,353.18,19 / 20,7.480552241790453,20.963219105915453,2.558907012519208,367.908280879033,440.1249715375945,62.43731520673184,False,69.10000000000002,-2.235798452659048,12.508702666270501,-62.1739758492547,660.4422668046216,12.70694444443964,349.86600000000493,-9.7163506944495,-8.454516439644951,-430.0822567282877,220.31729526702708
1056414.0,3.3075,-2.5782,9.4697,0.0206,0.0041,9.8066,0.0518,-0.0651,-0.0184,164.81,-79.77,173.95,53.056442,-1.758545,14.96,3,353.18,19 / 20,7.496711388874992,21.236667951389126,2.5361320125192286,368.6571440605656,442.2349658904578,62.69206715798353,False,69.19999999999993,-2.1073116100131712,12.20130263553728,-62.3945457485166,661.6765304906568,12.381944444458854,350.2009999999852,-9.604022998888164,-9.035365315851847,-431.0516898090822,219.441564600199
1056514.0,1.8303,-1.7928,9.9302,0.025,0.0234,9.8065,-0.0019,0.3001,-0.1668,164.87,-79.61,174.64,53.056442,-1.758545,14.96,3,353.18,20 / 20,7.190834840446236,21.407772989757856,2.525462012519238,369.391521372031,444.36718793751317,62.94514685923522,False,69.29999999999984,-2.0275176506243304,12.331374320157874,-62.59506383876292,662.9107941767816,12.496944444440913,350.66299999998586,-9.218352491070567,-9.076398669599982,-431.9865852107939,218.5436062392684
1056614.0,2.8668,-1.401,10.0911,-0.0268,-0.0058,9.8065,0.0363,-0.2835,0.1242,163.36,-79.58,172.91,53.056442,-1.758545,14.96,3,353.18,20 / 20,6.920589545309548,21.523859369785647,2.545862012519266,370.0970925913197,446.51376955549324,63.19871306048749,False,69.39999999999998,-2.035672688123656,12.114039910016503,-62.80894980169676,664.1228188773512,12.283888888892038,350.461000000003,-8.956262233433204,-9.409819459769144,-432.9060423930165,217.60904932185792
1056714.0,0.5181,-1.7973,9.4212,-0.0099,-0.014,9.8066,-0.0481,-0.0401,0.0631,163.41,-79.69,172.29,53.056442,-1.758545,14.96,3,353.18,20 / 20,6.711250182764053,21.65601308711733,2.540812012519271,370.7786845777228,448.6727631783364,63.45304676173919,False,69.49999999999989,-1.9976915099255215,11.735067077362368,-63.009467891942386,665.2903656068008,11.90388888888932,350.3390000000001,-8.708941692689574,-9.920946009754962,-433.7881524696652,216.6176024284644
1056814.0,-4.0383,-3.3887,9.3147,-0.0475,-0.0289,9.8064,0.0558,-0.4941,0.2877,163.9,-79.8,172.73,53.056442,-1.758545,14.96,3,353.18,20 / 20,6.806445341123158,21.980886678090005,2.496942012519211,371.4545693539181,450.85460816659975,63.70493446299145,False,69.60000000000002,-1.8729284295066093,11.656603221594962,-63.196618109473334,666.4579123362519,11.806111111104798,350.8719999999997,-8.679373770629768,-10.324283456495044,-434.6511874633914,215.60330416965212
1056914.0,2.5981,-2.6764,9.436,-0.0124,-0.016,9.8066,0.0708,-0.5628,0.2638,162.84,-79.92,171.61,53.056442,-1.758545,14.96,3,353.18,20 / 20,6.788384833181685,22.316560322862212,2.4538120125192506,372.13431086263273,453.06948051664534,63.952472164243154,False,69.69999999999993,-1.8098595040337053,11.23403404489095,-63.38376832705667,667.5809810959166,11.378888888907829,350.8480000000011,-8.598244337215391,-11.082526277971262,-435.5180791896894,214.51150057927129
1057014.0,-4.4929,-2.4754,9.3464,-0.0387,-0.0101,9.8065,0.0139,-0.1788,0.1509,163.33,-79.91,172.41,53.056442,-1.758545,14.96,3,353.18,20 / 20,6.802878580584863,22.61645338779241,2.412267012519288,372.8138740333204,455.31613120217605,64.19577611549487,False,69.79999999999984,-1.730775515553452,10.967326875073148,-63.55755067193929,668.6818108701054,11.103055555564021,351.03199999999435,-8.533654096138315,-11.649126512719263,-436.3714247052597,213.36567966792938
1057114.0,1.974,-1.7012,9.1566,-0.0381,-0.0134,9.8065,-0.0003,-0.5101,0.282,163.34,-79.98,171.79,53.056442,-1.758545,14.96,3,353.18,20 / 20,6.862153415896313,22.88001074089563,2.3567520125192125,373.4971256331454,457.5909544086136,64.43422706674711,False,69.89999999999998,-1.8072541314413764,10.546271023661172,-63.74470088950968,669.7270431800472,10.700000000005957,350.2760000000112,-8.66940754733769,-12.33373971723446,-437.24182652265506,212.1360887714336
1057214.0,-2.7272,-3.1488,8.9619,0.0049,0.0039,9.8066,-0.065,0.1689,-0.1096,166.46,-80.07,172.73,53.056442,-1.758545,14.96,3,353.18,20 / 20,6.8381864891181765,23.145567868030973,2.2820120125192807,374.1821426283955,459.89223333905784,64.66616526799882,False,69.99999999999989,-1.6854860418366917,10.18340188330894,-63.911799298047825,670.7500365051338,10.321944444444874,350.6019999999996,-8.523672530954869,-12.962165984722033,-438.09394192644334,210.857803166076
1057314.0,2.5401,-0.3306,9.3343,-0.0469,-0.0271,9.8065,0.0054,-0.2823,0.1047,162.65,-80.18,171.59,53.056442,-1.758545,14.96,3,353.18,20 / 20,6.806841997830066,23.335826148038006,2.216157012519191,374.8643940527439,462.21630303986444,64.89107371925105,False,70.10000000000002,-1.6575598124252304,9.732919473169146,-64.07889770659905,671.7063128742537,9.873055555549286,350.3350000000121,-8.464401810255296,-13.60290667486886,-438.9432917593429,209.4900098343893
1057414.0,3.5481,-1.4229,9.7369,0.0471,-0.0041,9.8065,-0.0276,0.3965,-0.2853,161.53,-80.42,170.82,53.056442,-1.758545,14.96,3,353.18,20 / 20,6.487804630732137,23.352321831222834,2.1890520125192157,375.5291263841714,464.5507104388254,65.11133417050277,False,70.19999999999993,-1.4528795031843875,9.336521963994361,-64.2259443060937,672.6514697508771,9.448888888907694,351.1549999999636,-7.940684133916525,-14.015799867228473,-439.7550706902651,208.10075931205176
1057514.0,1.6971,-1.5298,9.6747,-0.0435,-0.0161,9.8065,0.0179,-0.412,0.2312,162.05,-80.72,170.5,53.05741,-1.758844,4.71,6,351.67,21 / 21,6.1904819872877495,23.437519006593106,2.178967012519225,376.1630407150718,466.89020248071404,65.3297351217545,False,70.29999999999984,-1.283808385568776,9.017123268117157,-64.35293909658071,673.5521486557468,9.108055555566018,351.8969999999772,-7.474290372856526,-14.42039573847595,-440.5159798116525,206.66194617503277
1057614.0,2.9125,-1.5787,9.6086,0.0079,-0.0081,9.8066,0.0209,-0.2783,0.2142,165.4,-80.82,171.9,53.05741,-1.758844,4.71,6,351.67,21 / 21,5.924069481418174,23.551165674415646,2.1624670125192025,376.76876828850794,469.2396367147677,65.54680682300672,False,70.39999999999998,-1.3718431515047682,8.797572603474325,-64.49998569611233,674.4528275627384,8.903888888891908,351.1370000000112,-7.295912632922942,-14.75359307094132,-441.2687539846203,205.21319084797074
1057714.0,-2.1361,-2.3748,9.4995,-0.0385,-0.0244,9.8064,-0.0098,-0.2524,0.132,162.89,-80.85,172.94,53.05741,-1.758844,4.71,6,351.67,21 / 21,5.8292991122283935,23.76311807832613,2.1372070125192253,377.35643671818974,471.6053509024026,65.76179052425844,False,70.49999999999989,-1.1701502967212631,8.652343585275288,-64.6202965502281,675.3201479896222,8.731111111111307,352.2979999999987,-6.999449408949657,-15.110774493050842,-441.97673326841783,203.7147970872196
1057814.0,1.294,-2.3215,9.6088,-0.0183,-0.0153,9.8066,0.0269,-0.3384,0.2203,165.35,-81.03,171.61,53.05741,-1.758844,4.71,6,351.67,21 / 21,5.803383044038356,24.031329484455316,2.111957012519191,377.93807082600387,473.99507328054494,65.97424872551065,False,70.60000000000002,-1.2164412459594747,8.363948564345518,-64.74729134076753,676.1652294330705,8.451944444439334,351.72500000000434,-7.019824289997831,-15.667380920109798,-442.68536216677137,202.17015615252558
1057914.0,-2.8316,-2.4432,9.2745,-0.0225,-0.0016,9.8066,0.0547,-0.0751,0.0236,163.26,-81.02,172.68,53.05741,-1.758844,4.71,6,351.67,21 / 21,5.810805876239816,24.312400739945915,2.075457012519224,378.51878027201724,476.4122597917628,66.18361942676238,False,70.69999999999993,-1.1256307379545998,8.027577018484426,-64.86760219490074,676.9769523970592,8.106111111126443,352.017999999987,-6.936436614194416,-16.28482372146149,-443.386382466918,200.56469260529644
1058014.0,1.5793,-1.5338,9.6833,-0.0192,-0.003,9.8066,0.0519,-0.3557,0.2439,165.62,-80.89,172.32,53.05741,-1.758844,4.71,6,351.67,21 / 21,5.814709620483649,24.55221151715352,2.0426820125192537,379.1000560468529,478.8554904046155,66.38952637801411,False,70.79999999999984,-1.1446086987193271,7.677086197615726,-64.98791304902939,677.7553168831242,7.7619444444550085,351.5200000000153,-6.959318319202977,-16.875125319537794,-444.0879690958823,198.89982647850871
1058114.0,-1.2058,-1.9044,10.0444,-0.0133,-0.0212,9.8066,0.019,0.0054,-0.0725,163.3,-80.9,173.4,53.05741,-1.758844,4.71,6,351.67,21 / 21,5.748613128944415,24.74278941904883,2.0484020125192615,379.6782221843251,481.320240451429,66.59408057926632,False,70.89999999999998,-0.9561596163401689,7.527572377753424,-65.08148815783554,678.5225618774716,7.588055555558125,352.76099999998166,-6.704772745284584,-17.215217041295404,-444.7597103421606,197.2023214260426
1058215.0,2.4777,-1.5183,9.662,-0.0322,-0.0135,9.8065,-0.0112,-0.2518,0.1523,165.04,-81.08,171.58,53.05741,-1.758844,4.71,6,351.67,21 / 21,5.637532185255957,24.921822765853754,2.053103562519256,380.25322252269154,483.82830336676375,66.80120661080552,False,71.00099999999986,-1.0054819239291344,7.377490764349911,-65.1895005691037,679.2860262438405,7.445694444444598,352.23893000000015,-6.643014109185091,-17.544332001503843,-445.44272309179524,195.45772287707678
1058316.0,1.3776,-1.8046,9.5182,-0.01,-0.0043,9.8066,0.0274,0.1411,-0.1582,161.39,-81.16,171.55,53.05741,-1.758844,4.71,6,351.67,21 / 21,5.400288955278135,25.055375224327744,2.031232012519232,380.81063249028915,486.35215186527074,67.0074655573452,False,71.10199999999998,-1.0021994965406837,7.247639901793736,-65.29751298039822,680.0268068449395,7.316605555552048,352.126879999996,-6.402488451818819,-17.807735322534008,-446.10814547068736,193.6746549796688
1058414.0,1.2773,-1.4351,9.3395,-0.0263,-0.0065,9.8066,0.0131,-0.0807,0.0528,163.84,-81.09,169.48,53.05741,-1.758844,4.71,6,351.67,21 / 21,5.226622826519929,25.194538502577117,1.9942076125192485,381.331351167597,488.81439763788796,67.204712098972,False,71.19999999999993,-1.002956415106633,6.983344716506797,-65.40231710221516,680.7242214243823,7.0550000000118365,351.8270000000136,-6.229579241626562,-18.21119378607032,-446.73366826981214,191.90982378649437
1058514.0,-0.5823,-0.7274,9.5498,0.0274,-0.0122,9.8066,-0.0356,0.1184,-0.0696,160.71,-81.14,169.86,53.05741,-1.758844,4.71,6,351.67,21 / 21,5.158789348452798,25.316942051023123,1.9580076125192813,381.8506217763452,491.33997166556566,67.40232286022375,False,71.29999999999984,-0.957968905658534,6.854493021966974,-65.50926008368205,681.4136299703345,6.921111111115221,352.0439999999934,-6.116758254111332,-18.46244902905615,-447.35988186002726,190.0736583047688
1058614.0,-0.5553,-1.7611,9.4328,0.0198,-0.018,9.8066,-0.0587,-0.0231,0.0607,164.71,-81.51,171.48,53.05741,-1.758844,4.71,6,351.67,21 / 21,5.176037881413141,25.480468471966944,1.9264726125192384,382.36736313783916,493.87984219171864,67.59654687147594,False,71.39999999999998,-0.8216458317446207,6.565733158459933,-65.58946731978655,682.0807995300217,6.61694444444894,352.86699999998785,-5.997683713157762,-18.91473531350701,-447.9568304576257,188.2009573383031
1058714.0,0.7061,-1.6945,9.9954,0.03,-0.0184,9.8065,0.0085,0.0909,-0.0383,166.19,-81.93,173.96,53.05741,-1.758844,4.71,6,351.67,21 / 21,5.1246200519097895,25.67396524028619,1.9172176125192468,382.88239603450484,496.43756387732896,67.78873138272769,False,71.49999999999989,-0.7649286174643557,6.345170245529686,-65.66967455590333,682.7257301055633,6.3911111111113685,353.1259999999997,-5.889548669374145,-19.328794994756503,-448.55207059040816,186.2881662282344
1058814.0,-0.1957,-1.5021,9.4643,0.0107,-0.0047,9.8066,-0.0424,0.0505,-0.0729,165.74,-82.03,174.09,53.05741,-1.758844,4.71,6,351.67,21 / 21,5.060870158964411,25.85040841560856,1.9095376125192365,383.39167054504924,499.0137825601272,67.98006914397988,False,71.60000000000002,-0.8817888068700073,6.2663175481490345,-65.76993360101274,683.3595411858507,6.328055555552731,351.99000000000564,-5.942658965834418,-19.584090867459523,-449.16160414606196,184.34575862572353
1058914.0,1.6452,-1.4217,9.7782,-0.002,-0.0043,9.8066,-0.0109,0.0243,-0.0553,165.76,-82.12,173.49,53.05741,-1.758844,4.71,6,351.67,21 / 21,4.211161592191524,22.101418248268622,1.6073479706413654,383.8552721326066,501.41137389331885,68.15591342313775,False,71.69999999999993,-0.8146227539504618,6.082637329567466,-65.8568247734541,683.9711132826558,6.136944444452919,352.3719999999831,-5.025784346141986,-16.018780918701157,-449.7120969060607,182.55973938933693
1059014.0,-0.6783,-1.5575,9.7042,-0.0017,-0.0067,9.8066,-0.0195,0.1106,-0.1305,164.28,-82.22,172.02,53.05741,-1.758844,4.71,6,351.67,21 / 21,4.124814123180976,22.2616196239519,1.6008029706413713,384.2720709183749,503.62952578692784,68.31632097020174,False,71.79999999999984,-0.6674141573977324,5.873311920074381,-65.92366413684356,684.5604463946551,5.911111111118044,353.51699999996487,-4.792228280578708,-16.38830770387752,-450.19573505521845,180.93092060772722
1059114.0,1.3886,-1.1025,9.8627,-0.0039,-0.017,9.8066,0.0026,-0.0459,-0.0437,163.78,-82.36,170.18,53.05741,-1.758844,4.71,6,351.67,21 / 21,3.4451753682748345,19.04567652138173,1.358710525045163,384.65057039294817,505.6948905941973,68.46429664498628,False,71.89999999999998,-0.7696238069719,5.678078829654668,-66.01055530931735,685.1386600128147,5.7300000000026765,352.28100000001825,-4.214799175246735,-13.367597691727061,-450.6611257022655,179.44376941861742
1059214.0,-0.1406,-1.6941,9.9382,0.0102,-0.0064,9.8066,0.0109,0.0925,-0.0798,162.42,-82.52,168.88,53.05741,-1.758844,4.71,6,351.67,21 / 21,3.3426350495255153,19.189432429187804,1.3680905250451545,384.9899609138379,507.60664604172405,68.60063669749067,False,71.99999999999989,-0.7158131931695407,5.4159567460952065,-66.08407860906358,685.6723956612709,5.46305555555586,352.4709999999998,-4.058448242695056,-13.773475683092597,-451.07403952290144,178.06574961954686
1059314.0,1.0896,-1.3516,9.5956,-0.0002,0.0061,9.8066,0.0108,-0.0994,0.0194,162.06,-82.51,168.53,53.05741,-1.758844,4.71,6,351.67,21 / 21,3.249101404398779,19.347139188796554,1.364115525045149,385.31954773653456,509.5334746226259,68.73724699999538,False,72.10000000000002,-0.6934707987821094,5.269565755469531,-66.16428584516713,686.2061313083127,5.314999999998181,352.5030000000022,-3.9425722031808883,-14.077573433327021,-451.4838335817017,176.67265668568683
1059414.0,-0.3587,-1.399,9.3034,0.0071,-0.001,9.8066,0.0228,0.0271,-0.0279,162.02,-82.53,168.51,53.05741,-1.758844,4.71,6,351.67,21 / 21,3.169821393660149,19.494036857501126,1.3284005250451816,385.64049387643723,511.475533424939,68.87187280249977,False,72.19999999999993,-0.6642961101731055,5.1492715788024865,-66.23780914492112,686.7287474643044,5.1919444444499,352.6489999999935,-3.8341175038332547,-14.344765278698638,-451.87830302135836,175.25321403936545
1059514.0,-0.324,-1.1057,9.3865,0.0029,-0.0041,9.8066,0.023,-0.1199,0.0606,161.68,-82.57,168.65,53.05741,-1.758844,4.71,6,351.67,21 / 21,3.161099560606226,19.65098901126163,1.2822305250452235,385.95703992415025,513.4327847183754,69.00240435500417,False,72.29999999999984,-0.6880756100625667,4.925224209469629,-66.318016381011,687.2180051416442,4.973055555562274,352.0470000000185,-3.8491751706687927,-14.725764801792,-452.27505630516123,173.7852204232688
1059614.0,-0.6605,-1.1989,9.7534,0.0107,-0.0075,9.8066,-0.0141,-0.0372,0.0414,162.89,-82.71,169.42,53.05741,-1.758844,4.71,6,351.67,21 / 21,2.695388857969998,16.83245948980492,1.0697764462884125,386.24986434507946,515.2569571434312,69.12000470357101,False,72.39999999999998,-0.59841135858138,4.753593327679476,-66.37817180809601,687.6961433258509,4.791111111113801,352.8249999999885,-3.293800216551378,-12.078866162125443,-452.62803615317546,172.4391861824197
1059714.0,-0.1738,-1.3433,9.7008,-0.0027,-0.012,9.8066,0.0113,-0.103,0.085,163.02,-82.87,170.17,53.05741,-1.758844,4.71,6,351.67,21 / 21,2.6963494664607097,16.993586714474965,1.0618214462884197,386.51945126130073,516.9482594536437,69.22658459819976,False,72.49999999999989,-0.5231693713595784,4.620475495971459,-66.42495936245227,688.1631620169233,4.65000000000016,353.5399999999992,-3.219518837820288,-12.373111218503507,-452.944410623753,171.21490256327957
1059814.0,1.071,-1.0185,9.9649,0.009,-0.0105,9.8065,0.0286,-0.0724,0.0391,163.27,-83.04,170.9,53.05741,-1.758844,4.71,6,351.67,21 / 21,2.6175309390034243,17.12106556189165,1.0644414462884233,386.7851452815743,518.6539920674643,69.33289774282875,False,72.60000000000002,-0.4864354779790039,4.457425276283379,-66.47843085323244,688.6190612169855,4.483888888887264,353.7719999999908,-3.103966416982428,-12.663640285608272,-453.2635761348067,169.96506914952124
1059914.0,0.4232,-0.8628,9.8545,-0.0048,-0.0071,9.8066,0.0437,-0.0962,0.0361,163.31,-83.13,171.05,53.05741,-1.758844,4.71,6,351.67,21 / 21,2.517427070556524,17.21701910963427,1.074746446288414,387.04189318205204,520.370896301039,69.4398571374575,False,72.69999999999993,-0.5216756915884346,4.342667208662664,-66.53858628027245,689.0638409231742,4.373888888893766,353.15000000002755,-3.0391027621449584,-12.874351900971604,-453.5804794623245,168.6929446221352
1060014.0,0.402,-0.6733,9.6397,-0.0069,-0.0038,9.8066,0.0309,-0.0605,0.0156,166.58,-83.16,170.97,53.05741,-1.758844,4.71,6,351.67,21 / 21,2.088188566348096,14.711561910223999,0.9084727293451564,387.27217396389705,521.9673253520305,69.53901809623908,False,72.79999999999984,-0.5884818926161826,4.154640480101562,-66.61210958004446,689.4863816445448,4.196111111116568,351.9380000000372,-2.6766704589642787,-10.556921430122436,-453.8842835439415,167.5190562925144
1060114.0,-0.6165,-0.7693,9.7485,-0.0071,-0.0052,9.8066,0.0173,-0.0375,0.0218,162.73,-83.18,170.79,53.05741,-1.758844,4.71,6,351.67,21 / 21,1.76629118158641,12.590957221223247,0.7626350699433699,387.46489795129406,523.3324513086047,69.62257348620362,False,72.89999999999998,-0.4658886305494578,3.92746391249529,-66.65221319807074,689.8866833803575,3.955000000003563,353.23499999998086,-2.232179812135868,-8.663493308727958,-454.1171111493648,166.55423207175272
1060216.0,0.1004,0.6866,10.1358,-0.0043,-0.0063,9.8066,0.0392,-0.0815,0.0361,166.2,-83.26,170.5,53.05741,-1.758844,4.71,6,351.67,21 / 21,1.7870873152205546,12.630443024653918,0.7764560699433513,387.646120254631,524.6187427211428,69.70106713433773,False,73.00199999999984,-0.48664445545554247,3.8647390156283548,-66.71317069751602,690.2829820990511,3.895266666667052,352.82449999999875,-2.273731770676097,-8.765704009025562,-454.35929095214703,165.6642393779083
1060315.0,-0.7364,0.8825,9.7901,0.0067,0.0037,9.8066,0.0259,-0.0043,-0.0008,166.64,-83.23,171.13,53.05741,-1.758844,4.71,6,351.67,21 / 21,1.5605320058476753,10.700899769762088,0.6731403044518699,387.8118274110241,525.7736441894682,69.77282215487041,False,73.101,-0.39487080248198536,3.586152990550189,-66.7531406368542,690.6352476267988,3.6078388888874233,353.71604999997913,-1.9554028083296606,-7.114746779211899,-454.5649680478783,164.8616034373306
1060414.0,0.4713,-0.3175,9.9572,-0.0105,0.0026,9.8066,-0.0062,-0.0776,0.0562,166.77,-83.14,171.72,53.05741,-1.758844,4.71,6,351.67,21 / 21,1.5799119780836297,10.703901546775807,0.6797733044518655,387.96727938822863,526.8331818546361,69.8397913785111,False,73.19999999999993,-0.4733510034257582,3.4717684504106963,-66.81931160661723,690.9875131545205,3.5038888888935444,352.23600000006627,-2.0532629815093877,-7.232133096365111,-454.7865909948459,164.15433129988435
1060514.0,-0.3008,-0.8307,9.7193,0.0009,-0.0136,9.8066,-0.0513,0.0206,-0.0295,166.98,-83.27,171.83,53.05741,-1.758844,4.71,6,351.67,21 / 22,1.3250185897242135,9.167429862305978,0.5804933087840833,388.1125259166189,527.8267484250892,69.90280470917284,False,73.29999999999984,-0.4272675135555914,3.4808191289233985,-66.86609916104062,691.3433369199216,3.5069444444443505,353.0019999999764,-1.752286103279805,-5.6866107333825795,-454.9786250776595,163.51658849483238
1060614.0,0.23,0.4907,9.907,-0.0107,-0.0073,9.8066,0.0042,-0.0521,0.0069,166.2,-83.43,171.16,53.05741,-1.758844,4.71,6,351.67,21 / 22,1.1263119204640157,7.8302931239429,0.4939718124664716,388.23509244212846,528.6766345744029,69.95652796523544,False,73.39999999999998,-0.29198704841652856,3.09235667382687,-66.89283490641797,691.6658022073403,3.1061111111170354,354.6059999999763,-1.4182989688805443,-4.737936450116029,-455.12792734854645,162.98916763293744
1060715.0,-0.1067,1.2522,9.7451,0.0001,-0.0043,9.8066,0.0375,0.0488,-0.046,165.92,-83.63,170.48,53.05741,-1.758844,4.71,6,351.67,21 / 22,0.9701664289872151,6.605435095105916,0.42154153059649907,388.34096459877566,529.405638849464,70.00276138906007,False,73.50099999999986,-0.27579131660836675,3.0434742631138785,-66.91997168794846,691.9691419671417,3.055944444444567,354.82215999999994,-1.245957745595582,-3.5619608319920375,-455.26093628672413,162.56350311767767
1060815.0,0.4957,-0.2993,9.8169,-0.002,-0.013,9.8066,-0.0285,-0.0253,0.0131,165.51,-83.72,169.96,53.05741,-1.758844,4.71,6,351.67,21 / 22,0.8181142189105627,5.594431314407063,0.35613005100702133,388.43037863117064,530.0156321699405,70.0416449681403,False,73.601,-0.2662147879423979,2.942101994211726,-66.9600753059871,692.2800429817215,2.954124999996064,354.8288299999872,-1.0843290068529605,-2.6523293201953373,-455.39045393715776,162.26441081178098
1060915.0,0.0504,0.0039,9.8602,0.0061,-0.001,9.8066,0.0084,0.0458,-0.0228,161.6,-83.88,170.04,53.05741,-1.758844,4.71,6,351.67,21 / 22,0.6686676663724297,4.784720199750708,0.30542204335596573,388.5047177254347,530.534589745648,70.07472257285842,False,73.70099999999991,-0.28326640497142797,2.6599707821584375,-67.00011208467282,692.5470220005001,2.675011111111062,353.9213499999984,-0.9519340713438577,-2.12474941759227,-455.50482981010754,162.01243225485211
1061015.0,-0.5891,1.0836,9.7394,0.0029,-0.0021,9.8066,0.0065,-0.0023,-0.0145,165.72,-83.93,170.35,53.05741,-1.758844,4.71,6,351.67,21 / 22,0.6008832700062426,4.050967519764068,0.2590264868525702,388.5681952722537,530.9763741316243,70.10294499936889,False,73.80100000000004,-0.28130387072158164,2.658527537502337,-67.03346492701733,692.8246757320286,2.6733694444522618,353.96033999998764,-0.8821871407278243,-1.392439982261731,-455.60166019927107,161.84830160040428
1061115.0,-0.0008,-0.3015,9.8676,0.0095,-0.0166,9.8066,-0.0184,0.0345,-0.0291,165.65,-84.16,170.51,53.05741,-1.758844,4.71,6,351.67,21 / 22,0.5429256464108437,3.440573863977561,0.21990476382468493,388.62538571807454,531.3509512008111,70.12689156190272,False,73.90099999999995,-0.23371041262605588,2.3893317498016633,-67.05993331494066,693.0691933761202,2.400755555557324,354.41464999996333,-0.7766360590368996,-1.0512421141758979,-455.6853190330152,161.71824217530911
1061215.0,-0.7227,1.6245,9.7499,0.0075,-0.0145,9.8066,-0.0195,0.0163,-0.0178,161.23,-84.36,170.18,53.05741,-1.758844,4.71,6,351.67,21 / 22,0.5084247744937935,2.904660212101653,0.18709754925098207,388.67795323911974,531.6682129046147,70.1472416775565,False,74.00099999999986,-0.1252940045086316,2.2786827544362813,-67.06020067239426,693.3025915270857,2.2821250000001143,356.8526500000003,-0.6337187790024251,-0.6259774576653716,-455.738153911514,161.634378622471
1061315.0,0.0686,0.3734,9.8664,0.0021,-0.0034,9.8065,0.0164,0.0096,-0.0001,164.97,-84.49,170.03,53.05741,-1.758844,4.71,6,351.67,21 / 22,0.4834033535355303,2.420625840638012,0.159160416863335,388.7275446455213,531.934477207252,70.16455457586223,False,74.101,-0.12845502515117582,2.1844576063077326,-67.0866690603037,693.5247589906943,2.18823888888643,356.6359200000222,-0.6118583786867061,-0.23616823433027934,-455.81421370582495,161.59028178344226
1061415.0,-0.29,1.492,9.8253,0.0043,0.0017,9.8066,0.0206,0.0292,-0.0214,165.03,-84.53,170.16,53.05741,-1.758844,4.71,6,351.67,21 / 22,0.439895569696699,2.0066533103868007,0.13861835433383182,388.77370959168286,532.1558411648031,70.17944351442208,False,74.20099999999991,-0.06234912636363958,2.0107287211403877,-67.0866690603037,693.7246874687308,2.011700000009725,358.2253699999406,-0.5022446960603386,0.004075410753586972,-455.8603786519866,161.56884630392778
1061514.0,0.4381,-0.2345,9.8098,0.0016,-0.0006,9.8066,0.04,0.014,-0.0137,164.98,-84.5,170.06,53.05741,-1.758844,4.71,6,351.67,20 / 21,0.3809790529009172,1.675959797910747,0.11874283618375646,388.8143428855014,532.3381305136637,70.1921828933527,False,74.29999999999984,-0.01412907978840585,1.7949443916535113,-67.0866690603037,693.9008202322544,1.795000000006719,359.548999999959,-0.39510813268932304,0.11898459374276427,-455.90101194580507,161.56268971859072
1061614.0,-0.5037,1.7592,9.7708,0.006,-0.0008,9.8066,0.0067,0.0242,-0.0273,161.05,-84.49,170.1,53.05741,-1.758844,4.71,6,351.67,20 / 21,0.3464046400720063,1.388834696829679,0.09954166075619107,388.8507120701501,532.4913702384009,70.20309711819971,False,74.39999999999998,-0.04429009656706171,1.7655556757399913,-67.10003693296508,694.0898516077343,1.766111111111538,358.5630000000146,-0.390694736639068,0.3767209789103123,-455.9507490031152,161.5984813693334
1061714.0,0.1523,0.7895,9.8715,-0.001,-0.0139,9.8066,-0.0125,-0.0223,0.0217,164.46,-84.66,169.52,53.05741,-1.758844,4.71,6,351.67,20 / 21,0.34023000763119415,1.1059134663140775,0.08584291164276128,388.8850438025352,532.616107646558,70.21236634681965,False,74.49999999999989,-0.05048909230095887,1.5480657743399817,-67.11340480568,694.2455245045231,1.548888888889136,358.13200000000046,-0.39071909993215304,0.4421523080259042,-455.9984486082152,161.6294168579651
1061814.0,-0.7796,1.679,9.7876,0.0086,-0.0182,9.8066,-0.0273,0.0051,-0.0162,160.75,-84.88,169.55,53.05741,-1.758844,4.71,6,351.67,20 / 21,0.3452005393989872,0.87274235222311,0.07491297489634974,388.9193153298868,532.715040437485,70.22040414114662,False,74.60000000000002,-0.04555448025686392,1.4073184560909242,-67.12008874201092,694.4011974027261,1.4080555555536918,358.145999999999,-0.39075501965585113,0.5345761038678142,-456.0394040718977,161.68615696524114
1061914.0,0.0097,0.0051,9.9468,0.0032,-0.0134,9.8066,-0.0169,-0.0375,0.0161,163.86,-85.1,169.22,53.05741,-1.758844,4.71,6,351.67,20 / 21,0.3462146266614261,0.7082805273332351,0.06882277866189261,388.9538860881898,532.7940915814627,70.22759092882453,False,74.69999999999993,-0.04301741586142858,1.2812224867636832,-67.1267726783546,694.5346313146536,1.281944444450036,358.07700000000307,-0.3892320425228547,0.5729419594304481,-456.0806587665444,161.74053973319087
1062014.0,-0.2346,0.9007,9.8244,0.0057,-0.0062,9.8066,0.004,-0.0309,0.0022,163.27,-85.31,169.25,53.05741,-1.758844,4.71,6,351.67,20 / 21,0.3133484603677431,0.5911823627644105,0.06521011186260267,388.98686424254123,532.8590647259675,70.23429257335074,False,74.79999999999984,-0.011721142954582146,1.1518848110394662,-67.1267726783549,694.6569457341653,1.1519444444484348,359.4169999999588,-0.32506960332232526,0.5607024482750557,-456.1136369208961,161.7978810081978
1062115.0,-0.1988,0.102,9.8148,-0.0031,0.0022,9.8066,0.033,-0.0244,0.0106,163.84,-85.31,169.43,53.05741,-1.758844,4.71,6,351.67,20 / 21,0.2953527859634517,0.49003590393519025,0.05654035258321359,389.01760365548097,532.9136662484359,70.24044097180527,False,74.90099999999995,-0.041759551790342235,0.964780533008767,-67.1398063542132,694.7575771420478,0.9657055555590499,353.93225000528753,-0.33711233775379396,0.47474462907357673,-456.15741000969416,161.8439108936119
1062215.0,-0.1789,1.9473,9.8273,0.0018,0.004,9.8066,0.0201,-0.0184,0.0047,168.26,-85.24,169.77,53.05741,-1.758844,4.71,6,351.67,20 / 21,0.28449861578036656,0.3585040919821517,0.04928329969573045,389.0465962255681,532.9560932482317,70.24573215441922,False,75.00099999999986,0.024995740789655996,0.7323479559614436,-67.10672086932266,694.8135081903704,0.7327944444444764,1.956369999994675,-0.25950287499071056,0.3738438639792919,-456.1533170948908,161.8574149421387
1062315.0,-0.1522,0.8455,9.8629,0.0012,-0.0076,9.8066,-0.0053,-0.0396,0.0137,164.19,-85.3,170.01,53.05741,-1.758844,4.71,6,351.67,20 / 21,0.28203582877314254,0.2157051790281545,0.04515905474137535,389.0749229477958,532.9848037117822,70.25045427214108,False,75.101,0.07638467457964024,0.7012313020817339,-67.10692138741327,694.9022417420418,0.7053944444422805,6.2073799999405,-0.2056511541935023,0.4855261230535794,-456.18184433520906,161.91743803025963
1062415.0,-0.0785,1.8726,9.6632,0.0055,-0.0142,9.8066,-0.0278,-0.0357,0.0281,164.38,-85.45,170.33,53.05741,-1.758844,4.71,6,351.67,20 / 21,0.27951259164520603,0.09805847267987447,0.03467919653017244,389.1030003688167,533.0004918943675,70.25444618470466,False,75.20099999999991,0.019269982422537045,0.5514479990071695,-67.1267726783549,694.9689586980055,0.5517861111118146,2.001739999938955,-0.260242609222669,0.453389526327295,-456.2297730471716,161.96846680363797
1062515.0,0.1983,-0.194,10.0254,0.001,-0.012,9.8066,-0.0342,0.0033,-0.0108,164.0,-85.71,170.25,53.05741,-1.758844,4.71,6,351.67,22 / 22,0.2509414756915159,0.036471857321014045,0.03267756705065095,389.1295230721836,533.0072184108676,70.25781402288371,False,75.30100000000004,0.031526753265271275,0.5339866367864389,-67.12690635708127,695.0355644590433,0.5349194444478422,3.3836099999383844,-0.21941472242624466,0.49751477946542483,-456.25642942926487,162.02834604817565
1062614.0,-0.0831,1.0815,9.8713,-0.0017,-0.0064,9.8065,0.0149,-0.0137,-0.0014,163.58,-85.82,169.83,53.05741,-1.758844,4.71,6,351.67,22 / 22,0.2181829534131658,0.016915747118956312,0.039699986993045215,389.15274473142426,533.0098610972874,70.26139671180887,False,75.39999999999998,0.04012895249107946,0.4150088395763625,-67.14014055102957,695.0906059472504,0.4169444444462056,5.522999999968062,-0.17805400092208634,0.39809309245740615,-456.2928852824538,162.08074484996303
1062715.0,-0.2281,0.4798,9.7151,-0.0049,-0.0012,9.8066,-0.0032,0.0025,-0.0158,162.74,-85.78,169.32,53.05741,-1.758844,4.71,6,351.67,22 / 22,0.21611737573689077,-0.02242679051021942,0.032590306444089764,389.1746768980463,533.0095827895962,70.26504737162745,False,75.50099999999986,-0.04379400019479513,0.5266376501756663,-67.15344158435475,695.1465369955802,0.5284694444446323,351.6606200004359,-0.2599113759316859,0.5490644406858858,-456.32811848240107,162.136954205984
1062814.0,-0.3146,0.4924,9.7777,-0.0037,-0.0089,9.8066,-0.0089,-0.0182,-0.0046,162.22,-85.85,167.97,53.05741,-1.758844,4.71,6,351.67,22 / 22,0.21619561513661964,-0.02818225978317395,0.02263172297746811,389.19607639109455,533.0070776416067,70.26778086208381,False,75.60000000000002,0.0011381517163065395,0.37694272616678826,-67.14682448740062,695.1795618894855,0.3769444444468994,0.17300000529870022,-0.2150574634203131,0.4051249859499622,-456.3429008784952,162.17248424787886
1062914.0,-0.2693,0.297,9.8056,-0.0019,-0.008,9.8066,-0.0131,-0.005,-0.0075,165.51,-85.94,166.83,53.05741,-1.758844,4.71,6,351.67,22 / 22,0.2160841783781178,-0.025904235143290502,0.01796196453084908,389.21769038077025,533.0043733168603,70.26981054645923,False,75.69999999999993,-0.01236786082931515,0.5429147008787425,-67.16019236004813,695.2462788454492,0.5430555555481905,358.6949999841039,-0.22845203920743296,0.568818936022033,-456.3778827408184,162.24190552858886
1063014.0,-0.3213,0.6846,9.7312,-0.0033,-0.0024,9.8066,-0.025,-0.0032,-0.012,160.71,-85.97,166.31,53.05741,-1.758844,4.71,6,351.67,22 / 22,0.21906189254279954,-0.031100940015004592,0.012016419851224704,389.2394476843163,533.0015230581024,70.27130946567833,False,75.79999999999984,-0.024253837025149876,0.4693737864342861,-67.17356023277634,695.3018763082852,0.47000000000224246,357.04200000005073,-0.24331572956794942,0.5004747264492907,-456.4130079170926,162.30035325018275
1063114.0,-0.0567,0.4778,9.7387,0.0025,-0.0041,9.8066,0.0025,-0.001,-0.0238,159.48,-86.03,165.41,53.05741,-1.758844,4.71,6,351.67,22 / 22,0.21550658092195063,-0.04441838197689155,0.004119456873532695,389.26117610798957,532.9977470920028,70.27211625951456,False,75.89999999999998,0.04696726136851874,0.5368382539706658,-67.16019236004892,695.3574737718282,0.5388888888878707,5.000000005202935,-0.16853931955343188,0.5812566359475573,-456.4213684680385,162.35972667982537
1063214.0,-0.2751,0.4308,9.6827,-0.0004,-0.0068,9.8066,-0.0133,0.0081,-0.011,159.1,-86.09,164.85,53.05741,-1.758844,4.71,6,351.67,22 / 22,0.20711322673816732,-0.045757840227281917,-0.004654211657489733,389.28230709837254,532.9932382808926,70.27208952177536,False,75.99999999999989,-0.0370795933792548,0.46045387772065555,-67.18024416908094,695.401951741531,0.4619444444445319,355.39599999960166,-0.2441928201174221,0.5062117179479375,-456.4625512674535,162.4087134606384
1063314.0,-0.1448,0.3124,9.8534,0.0029,-0.0049,9.8066,0.0094,-0.0034,-0.0209,159.1,-86.1,164.45,53.05741,-1.758844,4.71,6,351.67,22 / 22,0.2010127861591481,-0.03894070137798583,-0.007237079908870653,389.3027133990174,532.9890033538123,70.27149495719704,False,76.10000000000002,-0.02741200120363345,0.3427946179461697,-67.18692810541165,695.4464297133557,0.34388888889134384,355.4279999948233,-0.22842478736278155,0.38173531932415555,-456.4896415044291,162.45742635954332
1063415.0,-0.257,0.3141,9.7547,-0.0002,-0.0074,9.8066,0.0105,0.0064,0.0032,158.74,-86.16,164.09,53.05741,-1.758844,4.71,6,351.67,22 / 22,0.19354509378868842,-0.028658527160552207,-0.006374727922539738,389.32263857195477,532.9855895927711,70.27080756090155,False,76.20099999999991,0.045409885194691545,0.5069054014601171,-67.18037784780738,695.5024719558918,0.5089500000046651,5.10898000021779,-0.14813520859399687,0.5355639286206693,-456.50301641976216,162.51688236312066
1063514.0,-0.1735,0.544,9.7748,0.001,0.0019,9.8066,0.0042,0.0126,-0.0167,158.87,-86.17,164.12,53.05741,-1.758844,4.71,6,351.67,21 / 22,0.1913821042609705,-0.028624956786252605,-0.00894440373415631,389.3416924682582,532.9827540603158,70.27004926388454,False,76.29999999999984,0.0018095513490038045,0.4049959574199224,-67.193612041782,695.5465051465976,0.40500000000322306,0.2560000001504692,-0.18957255291196667,0.433620914206175,-456.5353045100402,162.56375108628185
1063615.0,-0.2081,0.0972,9.7695,-0.0002,0.0006,9.8066,0.0133,0.0229,0.0098,158.58,-86.17,163.75,53.05741,-1.758844,4.71,6,351.67,21 / 22,0.18472345437057203,-0.02074385929855611,-0.010564568174036055,389.36068579896914,532.9802609351035,70.26906406080317,False,76.40099999999995,-0.010406008014041478,0.3721147671379508,-67.20022913874999,695.5803084049936,0.3723138888883395,354.78943000521434,-0.1951294623846135,0.3928586264365069,-456.56091493771913,162.60004746989011
1063715.0,-0.1787,0.6524,9.8253,-0.0026,0.0044,9.8066,-0.0165,0.0038,-0.0048,158.75,-86.19,163.99,53.05741,-1.758844,4.71,6,351.67,21 / 22,0.18073642134619677,-0.01826543967752784,-0.009766132947929836,389.378958792755,532.9783104701547,70.26804752574708,False,76.50099999999986,0.054134488877274574,0.40583507653284845,-67.19367888114571,695.6247863754035,0.40943888888882135,7.6026600000044615,-0.1266019324689222,0.4241005162103763,-456.5726376739007,162.64647590524874
1063815.0,-0.1686,0.0632,9.8563,-0.0017,0.0072,9.8066,-0.0101,0.015,0.0109,158.14,-86.14,163.67,53.05741,-1.758844,4.71,6,351.67,21 / 22,0.17516728800434514,-0.015380478303784539,-0.005398463005736371,389.39675397822253,532.9766281742557,70.2672892959494,False,76.601,0.03206628489109289,0.4616090356802798,-67.20042965684014,695.669153150889,0.4627305555539384,7.563410004967805,-0.14310100311325225,0.4769895139840643,-456.59718363506266,162.6925249766333
1063914.0,-0.217,-0.0678,9.6936,-0.001,-0.0016,9.8066,0.0083,-0.0046,0.0085,158.33,-86.14,163.54,53.05741,-1.758844,4.71,6,351.67,21 / 22,0.16060962978636945,0.015939467497764377,-0.007256248554874088,389.41337493565317,532.9766558442208,70.26666288772715,False,76.69999999999993,-0.0009355050474676857,0.3480542983313522,-67.21366385078748,695.702178044091,0.3480555555606913,359.8459999842228,-0.16154513483383715,0.33211483083358784,-456.62703878644066,162.72552219987028
1064015.0,-0.1835,0.6511,9.7565,-0.0015,-0.0031,9.8066,-0.0081,0.0057,-0.0063,158.38,-86.15,163.46,53.05741,-1.758844,4.71,6,351.67,21 / 22,0.1584143885587095,0.01989760001775789,-0.013173171271650711,389.4294856485796,532.9784656161303,70.26563120202592,False,76.80100000000004,0.06423960511640824,0.44028165806580266,-67.2070467538204,695.7584426778998,0.4449499999969745,8.307840000080292,-0.09417478344230128,0.4203840580480448,-456.6365324024,162.7799770617695
1064115.0,-0.1854,0.0368,9.7829,0.0018,-0.0045,9.8066,0.0096,0.0016,0.0215,158.74,-86.14,163.56,53.05741,-1.758844,4.71,6,351.67,21 / 22,0.15681784129807563,0.01852679761824805,-0.014337945580900175,389.44524726007245,532.980386836012,70.26425564618329,False,76.90099999999995,0.05243386935111119,0.5462134900134451,-67.21373069015142,695.8248260490818,0.5487388888907642,5.472460000070693,-0.10438397194696444,0.527686692395197,-456.65897795022386,162.8444392130698
1064215.0,-0.2236,0.6491,9.8035,0.0007,0.0068,9.8066,0.0045,0.0067,-0.0138,158.53,-86.11,163.59,53.05741,-1.758844,4.71,6,351.67,21 / 22,0.15698595652340908,0.01802313398722621,-0.013330503743764087,389.4609374499635,532.9822143325923,70.26287222371705,False,77.00099999999986,0.005831539602733834,0.42512750293818075,-67.22034778713217,695.8584069162214,0.42516944444428717,0.7813199999981189,-0.15115441692067524,0.40710436895095453,-456.6812852370957,162.87619258362906
1064315.0,-0.3054,1.328,9.824,0.0006,0.0064,9.8066,0.0178,0.0104,-0.0014,159.26,-86.01,164.52,53.05741,-1.758844,4.71,6,351.67,21 / 22,0.18144863124498903,-0.03197697560748671,-0.010727428182198623,389.477859179352,532.9815166405114,70.26166932712076,False,77.101,0.02216876041339379,0.5509287922387627,-67.22034778713217,695.9140043797573,0.551374999999205,2.3049900000097585,-0.15927987083159523,0.5829057678462494,-456.6982069664841,162.93248773924597
1064415.0,-0.0516,1.3299,9.8082,0.005,0.0069,9.8066,0.0133,0.0,0.019,163.99,-86.0,164.78,53.05741,-1.758844,4.71,6,351.67,21 / 22,0.20210239820646245,-0.10590644342514723,-0.008315063954869546,389.49703673082456,532.9746224695597,70.2607172025139,False,77.20099999999991,0.025383896349401344,0.49481343726752564,-67.22048146585833,695.9696018425958,0.49548888888671677,6.541979984250073,-0.17671850185706112,0.6007198806926729,-456.7175181966829,162.99497937303613
1064514.0,-0.2721,1.3173,9.7727,0.0018,0.0013,9.8066,0.004,-0.0042,0.0038,160.19,-85.96,165.63,53.05741,-1.758844,4.71,6,351.67,22 / 22,0.21711596895741003,-0.1684985684256452,-0.008431034361638149,389.5177880399992,532.9610394214731,70.25988827064724,False,77.29999999999984,-0.023771518121102238,0.5433691547937735,-67.23371565980662,696.0246433315033,0.5438888888873882,357.4949999891185,-0.24088748707851226,0.7118677232194186,-456.75150369980577,163.06360391003022
1064615.0,-0.204,1.4042,9.8196,0.0038,0.0028,9.8065,-0.003,0.0101,0.0165,160.99,-85.95,166.51,53.05741,-1.758844,4.71,6,351.67,22 / 22,0.24021822312617236,-0.22320436816410988,-0.00806780420739339,389.54088341669944,532.9412584231752,70.2590550792995,False,77.40099999999995,-0.022303405567711352,0.4679377470857272,-67.24026591739826,696.0806855747506,0.4685249999993019,353.66306000522684,-0.26252162869388374,0.6911421152498372,-456.7811493340977,163.13942715157543
1064714.0,-0.2115,1.6117,9.8874,-0.001,0.0013,9.8066,-0.0047,0.0092,-0.0011,160.92,-85.92,166.52,53.05741,-1.758844,4.71,6,351.67,22 / 22,0.25992097753549737,-0.28101797115066596,-0.0029152060762870566,389.5656403071322,532.9162994173792,70.25851142029046,False,77.49999999999989,0.05100656507885777,0.5124678822314577,-67.22703172347626,696.1247187654565,0.5149999999999466,5.684000000399635,-0.2089144124566396,0.7934858533821236,-456.79267203060846,163.2084193480773
1064814.0,-0.1798,1.5476,9.8068,0.0004,0.0018,9.8066,0.0029,0.0087,0.0118,161.43,-85.9,167.01,53.05741,-1.758844,4.71,6,351.67,22 / 22,0.27787383676236793,-0.3373889360101804,0.0009603248351607572,389.5925300478471,532.885379072021,70.2584136762284,False,77.60000000000002,0.008975815192549079,0.4860282369244561,-67.23371565980733,696.1803162289996,0.4861111111117433,1.058000005248303,-0.26889802156981885,0.8234171729346365,-456.82624570765444,163.29493715697856
1064914.0,-0.1737,1.4307,9.7825,0.0014,0.0029,9.8066,-0.0002,-0.0031,0.011,161.52,-85.86,167.21,53.05741,-1.758844,4.71,6,351.67,22 / 22,0.2886443985214657,-0.37882660240423993,-0.00020372389011231637,389.6208559596113,532.8495682951003,70.25845150627565,False,77.69999999999993,-0.03532784147050415,0.5277076846181692,-67.25376746883838,696.2470331849632,0.5288888888869921,356.16999998425507,-0.32397223999196983,0.9065342870224091,-456.87462342844964,163.39746488986293
1065014.0,-0.042,1.3665,9.8251,-0.0004,0.0048,9.8066,0.0129,-0.0137,0.0043,161.25,-85.84,167.29,53.05741,-1.758844,4.71,6,351.67,22 / 22,0.2899312973379301,-0.40855723626638635,-0.00041541530659513695,389.6497847444042,532.8101991031668,70.25842054931582,False,77.79999999999984,-0.02140195286857373,0.5915574204756059,-67.26045140515659,696.3026306477992,0.5919444444425088,357.9279999999461,-0.3113332502065038,1.0001146567419923,-456.9102361495608,163.49243154463238
1065115.0,-0.3465,1.4167,9.8535,0.0027,0.0034,9.8066,0.0029,-0.0031,0.0111,161.93,-85.79,167.51,53.05741,-1.758844,4.71,6,351.67,22 / 22,0.29801949306184294,-0.4320033378415446,0.0024498994893973644,389.6794762593194,532.7677507941744,70.25852329076704,False,77.90099999999995,0.02034403085571659,0.4821938353183712,-67.24721721122161,696.3586728910466,0.4826444444450558,6.011019994731445,-0.2776754622061264,0.9141971731599158,-456.926693470541,163.5909220968722
1065215.0,-0.0548,1.6242,9.9331,0.0011,0.002,9.8066,-0.0006,-0.0227,0.0049,166.26,-85.73,167.46,53.05741,-1.758844,4.71,6,351.67,22 / 22,0.3036998867286943,-0.46312561735285374,0.009447664565981109,389.7095622283089,532.7229943464147,70.2591181689698,False,78.00099999999986,-0.024653354507912912,0.4404410583244426,-67.26045140515679,696.4030396665322,0.4411361111112103,356.80208999999604,-0.3283532412366072,0.9035666756772963,-456.9700136334657,163.68004532011753
1065315.0,-0.2702,0.6069,9.6401,-0.0004,0.0057,9.8066,0.0015,0.0067,0.0013,161.99,-85.68,167.45,53.05741,-1.758844,4.71,6,351.67,22 / 22,0.2947603405958245,-0.45788521585720826,0.006326264881081664,389.7394852396752,532.6769438047542,70.25990686544216,False,78.101,9.84718469121929e-05,0.36107316877778584,-67.26045140515679,696.4365093394409,0.3610805555555129,356.4159599950258,-0.2946618687489123,0.8189583846349942,-456.999936644832,163.75956553468677
1065414.0,-0.0488,0.8613,9.9067,-0.0015,0.0023,9.8065,-0.0054,0.0223,-0.007,161.83,-85.67,167.22,53.05741,-1.758844,4.71,6,351.67,22 / 22,0.28068581613267124,-0.42078263800838495,0.00257933764892141,389.76796982443324,532.6334497459878,70.2603476927674,False,78.19999999999993,0.022950243723915544,0.35731927904506294,-67.26045140515679,696.4805425301436,0.358055555555691,3.675000015797764,-0.2577355724087557,0.7781019170534479,-457.02842122959004,163.84709278415573
1065514.0,-0.2304,0.9216,9.8396,0.0001,0.0059,9.8066,0.0007,-0.0011,0.005,161.87,-85.6,167.18,53.05741,-1.758844,4.71,6,351.67,20 / 22,0.2716008509865994,-0.4027638170380746,0.00784493700157817,389.79558415778916,532.5922724232355,70.26086890649992,False,78.29999999999984,0.0028553487135395544,0.3980453143693245,-67.26713534151395,696.5250205012608,0.39805555555432776,0.4110000001001901,-0.2687455022730599,0.8008091314073991,-457.0627194993031,163.93274807802527
1065614.0,-0.2261,0.9989,9.7624,-0.0002,0.0025,9.8066,0.0038,0.0093,0.008,161.87,-85.57,167.28,53.05741,-1.758844,4.71,6,351.67,20 / 22,0.27284379298754735,-0.3906693954228483,0.006187946451340851,389.82280638998793,532.5526007626124,70.26157055067257,False,78.39999999999998,0.007050862699494906,0.25101210221768133,-67.26045140515689,696.5472594861127,0.2511111111132829,1.6089999999822944,-0.26579293028805245,0.6416814976405296,-457.08325779514485,163.99465872350027
1065714.0,-0.088,0.8679,9.8788,-0.0005,0.0043,9.8066,0.0048,-0.0158,0.0011,161.97,-85.54,167.37,53.05741,-1.758844,4.71,6,351.67,20 / 22,0.2673996648453793,-0.3801280043980708,0.006445504483638675,389.84981856287953,532.5140608926214,70.26220222321932,False,78.49999999999989,0.004353222246784312,0.168832775983294,-67.26713534151413,696.5694984716714,0.16888888888898235,1.4770000000001502,-0.263046442598595,0.5489607803813648,-457.11695390439365,164.05543757905002
1065815.0,-0.1559,1.0047,9.8641,0.0003,0.0038,9.8066,0.0008,-0.0034,-0.004,161.98,-85.49,167.31,53.05741,-1.758844,4.71,6,351.67,20 / 22,0.26028850088503963,-0.3728588158233205,0.011041758811099159,389.87646681524893,532.4760350582002,70.2630853300157,False,78.601,-0.0019896206327121558,0.14003586651041564,-67.2738861172219,696.5918486521612,0.1400499999985186,359.186,-0.26227812151775176,0.5128946823337361,-457.1503529324708,164.11581359396098
1065915.0,-0.3164,0.8462,9.7897,-0.0005,0.0026,9.8066,-0.006,-0.0028,0.012,162.18,-85.43,167.36,53.05741,-1.758844,4.71,6,351.67,20 / 22,0.26279447786180926,-0.3623902247932756,0.011106744989432784,389.90262096418627,532.4392726061694,70.26419275520573,False,78.70099999999991,-0.0004962410142576261,0.034927030453462196,-67.28057005357861,696.6028569503625,0.034930555555864086,359.186,-0.26329071887606686,0.3973172552467378,-457.1831910177649,164.16358434419305
1066015.0,-0.1337,0.8852,9.8481,0.0013,0.0046,9.8066,0.0144,-0.0188,0.0013,166.51,-85.36,167.42,53.05741,-1.758844,4.71,6,351.67,20 / 22,0.26063583681490843,-0.350158684340201,0.01048198324101935,389.92879247992016,532.4036451607127,70.26527219161726,False,78.80100000000004,-0.0004032673498596827,0.02838324645637587,-67.28725398990964,696.6028569503625,0.028386111110168578,359.186,-0.2610391041647681,0.37854193079657683,-457.2160464698298,164.19921178964978
1066115.0,-0.3113,0.9818,9.9189,0.0013,0.0029,9.8066,0.0015,-0.015,0.0061,162.33,-85.33,167.43,53.05741,-1.758844,4.71,6,351.67,20 / 22,0.26029519223171094,-0.3453787739684182,0.015441935754860607,389.95483903137244,532.3688682877973,70.26656838756705,False,78.90099999999995,-0.0008762649480192435,0.061674330910666465,-67.29393792625369,696.6027457554313,0.06168055555470878,359.186,-0.26117145717973017,0.4070531048790847,-457.24877695762615,164.233877467634
1066215.0,-0.1118,0.8793,9.7602,0.0002,0.0042,9.8066,-0.0063,-0.0232,0.0059,162.22,-85.3,167.39,53.05741,-1.758844,4.71,6,351.67,20 / 22,0.26076916325102206,-0.3402241704529527,0.015922145391629023,389.98089224914656,532.3345881405763,70.26813659162437,False,79.00099999999986,-0.0007042493543255106,0.11547103056787365,-67.30055502322126,696.5916262623055,0.11856388888882648,357.04933000026233,-0.26147341260534757,0.4556952010208264,-457.2814472723678,164.25703812172912
1066315.0,-0.3017,0.9062,9.8525,0.0023,0.0021,9.8066,-0.0103,0.0315,0.0061,162.56,-85.23,167.62,53.05741,-1.758844,4.71,6,351.67,20 / 22,0.2597227783822843,-0.3329976409335387,0.013508323582884616,390.00691684622825,532.300927050007,70.2696081150731,False,79.101,0.09523232577592163,-0.14005228653993348,-67.30062186258493,696.5805067698727,0.16950000000085316,145.7190600002793,-0.1644904526063627,0.1929453543936052,-457.3075387088132,164.27957971986575
1066415.0,-0.1096,0.876,9.8654,-0.0036,0.004,9.8066,0.0024,0.0003,-0.0021,162.6,-85.18,167.73,53.05741,-1.758844,4.71,6,351.67,20 / 22,0.25855247998162817,-0.3268487389342494,0.015927575045447864,390.0328306091464,532.2679347310136,70.27107991000452,False,79.20099999999991,0.05730013194742348,-0.22395085552247737,-67.30730579894178,696.5691648869001,0.23119999999466853,165.60662999963733,-0.2012523480342047,0.10289788341177206,-457.3401364080882,164.30123015588651
1066516.0,-0.0834,0.8263,9.7491,-0.0007,0.0057,9.8066,0.0001,0.0155,0.0043,162.52,-85.12,167.56,53.057503,-1.758886,0.0,3,357.51,20 / 22,0.24798260445238193,-0.32158728705366746,0.013589948788630773,390.0584106309104,532.2351887117012,70.27257054495814,False,79.30200000000002,0.03802313174901409,-0.3490535906531677,-67.31405657464887,696.535472824822,0.35113888888726,173.77017999988246,-0.20995947270336784,-0.027466303599500252,-457.37246720555925,164.30028411312082
1066614.0,-0.2521,0.8842,9.8548,0.0021,0.0037,9.8066,0.0088,-0.0043,-0.022,162.53,-85.03,167.82,53.057503,-1.758886,0.0,3,357.51,20 / 22,0.24395104132750148,-0.31434135544419833,0.011159946470336355,390.08251537955357,532.2040282082188,70.27378328982583,False,79.39999999999998,0.01564299747730511,-0.4066436738637732,-67.32060683224012,696.5027815157042,0.40694444444360284,177.79699999993926,-0.22830804385019637,-0.09230231841957487,-457.4031222117937,164.2987533074854
1066714.0,-0.0725,0.6515,9.7165,-0.0011,0.0058,9.8066,-0.0141,-0.0063,-0.0061,167.12,-84.93,167.82,53.057503,-1.758886,0.0,3,357.51,20 / 22,0.237381762884142,-0.3028663760401152,0.007700954499787533,390.1065820197641,532.1731678216446,70.27472633487433,False,79.49999999999989,0.0008010276169031286,-0.3019433819206724,-67.32729076859758,696.4805425301455,0.3019444444445638,179.84799999999765,-0.23658073526723888,0.0009229941194427993,-457.43387278836167,164.3073747085009
1066814.0,-0.1488,0.889,9.8423,-0.0023,0.0055,9.8066,-0.0021,0.0031,-0.0056,162.65,-84.87,167.76,53.057503,-1.758886,0.0,3,357.51,20 / 22,0.22762415815761133,-0.2946598946491547,0.00422956132481628,390.12983231581626,532.1432915081101,70.27532286066557,False,79.60000000000002,-0.011168737559848476,-0.28088915267733067,-67.33397470494177,696.458303545294,0.281111111111731,182.27699999996386,-0.23879289571745982,0.013770741971824041,-457.46380702075805,164.31501203718392
1066914.0,-0.091,0.8932,9.8521,-0.0016,0.0055,9.8066,-0.0077,0.0186,-0.0037,162.71,-84.8,167.74,53.057503,-1.758886,0.0,3,357.51,20 / 22,0.22423383945331443,-0.2964991109975242,0.007041877126090748,390.1524252156968,532.1137335578278,70.27588643258811,False,79.69999999999993,0.0009416086458140915,-0.323054183299424,-67.34065864127217,696.4249450673121,0.3230555555536958,179.83300000010837,-0.22329223080750035,-0.026555072301899796,-457.49308385696895,164.31121150948434
1067014.0,-0.1478,0.6469,9.7321,-0.0024,0.0036,9.8066,0.0102,0.0147,0.0108,163.37,-84.71,167.63,53.057503,-1.758886,0.0,3,357.51,20 / 22,0.21808186696773862,-0.2884217222503181,0.00474884555717835,390.1745410010178,532.0844875161654,70.27647596872227,False,79.79999999999984,-0.006342600805468354,-0.27298188188158545,-67.34065864127247,696.4027060817531,0.2730555555570903,181.330999999954,-0.224424467773207,0.015439840368732638,-457.51519964229027,164.3182185655877
1067115.0,-0.0694,0.9006,9.8527,-0.0013,0.0033,9.8066,0.0002,0.0041,0.0069,163.09,-84.64,167.73,53.057503,-1.758886,0.0,3,357.51,20 / 22,0.21217523926934834,-0.28258823781829134,0.0028131562236003377,390.1962689848828,532.0556515131818,70.2768578498122,False,79.90099999999995,-0.009347433931998826,-0.24255469001045904,-67.34065864127247,696.3803559019632,0.24273611111158613,182.2042300000309,-0.22152267320134716,0.040033547807832304,-457.53692762615526,164.32470438878136
1067215.0,-0.0475,0.8883,9.8843,0.0005,0.0042,9.8066,0.0179,-0.0034,0.001,163.27,-84.57,167.75,53.057503,-1.758886,0.0,3,357.51,20 / 22,0.20578273596881175,-0.28828833225829803,0.0076484327900555584,390.2171668836447,532.0271076846781,70.27738092926289,False,80.00099999999986,-0.0006188071201369234,-0.21040820396294316,-67.34072548063577,696.369236408144,0.21041111111119706,180.17858999999623,-0.20640154308894867,0.07788012829535487,-457.5578923642805,164.34212872346598
1067315.0,-0.0175,0.7808,9.8751,-0.0033,0.0048,9.8066,0.0,-0.0138,0.0022,163.64,-84.46,167.87,53.057503,-1.758886,0.0,3,357.51,20 / 22,0.1965662030793969,-0.2889956842847535,0.012710417871555718,390.23728433059716,531.9982434838508,70.27839887179597,False,80.101,-0.007873424218837688,-0.14051848290030378,-67.34734257760326,696.3581169164187,0.14073888888836922,183.207,-0.2044396272982346,0.1484772013844497,-457.58462690820045,164.35987343256784
1067415.0,-0.0437,0.7855,9.7931,-0.002,0.0063,9.8066,-0.0038,-0.0164,-0.0115,167.52,-84.41,167.88,53.057503,-1.758886,0.0,3,357.51,20 / 22,0.18582210269226052,-0.2862012249036996,0.01313710519082031,390.25640374588573,531.9694836383915,70.27969124794909,False,80.20099999999991,-0.0057767866403516865,-0.10309939769265924,-67.34740941696653,696.3471086189176,0.10326111111390025,183.207,-0.1915988893326122,0.18310182721104035,-457.60381316285225,164.3776249805261
1067515.0,-0.1119,0.8273,9.8708,-0.0017,0.003,9.8066,-0.0063,0.0082,0.0043,163.56,-84.35,167.89,53.057503,-1.758886,0.0,3,357.51,20 / 21,0.18112481278175438,-0.28457267405542636,0.013317039412200244,390.2747510916595,531.9409449434435,70.28101395517925,False,80.30100000000004,-0.002283582064868041,-0.04075551861740924,-67.35409335332373,696.3472198138415,0.040819444445276055,183.207,-0.1834083948466224,0.24381715543801713,-457.6288444449832,164.40627487039808
1067615.0,0.0256,0.8342,9.8946,-0.0004,0.0044,9.8066,-0.002,0.0079,-0.0051,163.61,-84.28,167.87,53.057503,-1.758886,0.0,3,357.51,20 / 21,0.1762705462824989,-0.285326667733222,0.01778373350036436,390.29262085961267,531.9124499763541,70.28256899382487,False,80.40099999999995,-0.0006671260839947292,-0.011906324696930764,-67.3607104502914,696.3582281113431,0.011925000000028912,183.207,-0.17693767236649363,0.27342034303629126,-457.65333130990405,164.44577813498904
1067714.0,-0.1594,0.6874,9.76,-0.0026,0.0039,9.8065,-0.0065,0.0207,0.0189,163.66,-84.22,167.86,53.057503,-1.758886,0.0,3,357.51,20 / 21,0.17214721161017205,-0.2793463891134209,0.016853870975308587,390.30986753862834,531.8844986600402,70.28428355524642,False,80.49999999999989,-0.0005594348712731732,-0.009984339368473396,-67.3607104502914,696.3582281113431,0.010000000000002209,183.207,-0.1727066464814452,0.26936204974494754,-457.6705779889197,164.47372945130292
1067814.0,-0.0959,0.706,9.8563,0.0014,0.0031,9.8066,0.006,0.004,-0.0048,163.96,-84.16,167.99,53.057503,-1.758886,0.0,3,357.51,20 / 21,0.17218628985351334,-0.26802269253044836,0.014453290329012476,390.32708421370154,531.857130205958,70.28584891331164,False,80.60000000000002,-0.0003418768657961186,-0.006101540725500654,-67.36739438666217,696.3693476030612,0.006111111111435434,183.207,-0.17252816671930946,0.2619211518049477,-457.6944786003637,164.5122173971032
1067915.0,-0.0538,0.8492,9.9384,0.0009,0.0034,9.8066,0.0107,0.0036,0.0058,167.85,-84.09,168.04,53.057503,-1.758886,0.0,3,357.51,20 / 21,0.1684003576937088,-0.2674525844442231,0.02007189177965177,390.34428383940264,531.8300887044708,70.28759243500812,False,80.70099999999991,-0.0015706134010942522,-0.028031032776896583,-67.37407832296628,696.3694587979991,0.02807499999991358,183.207,-0.16997097109480305,0.2394215516673265,-457.7183621623689,164.5393700935283
1068015.0,-0.0413,0.5703,9.7473,-0.0014,0.0049,9.8066,0.0051,-0.0166,-0.0068,167.97,-84.04,168.17,53.057503,-1.758886,0.0,3,357.51,20 / 21,0.1603394518450663,-0.26219780477919286,0.020138108012708204,390.3607208298796,531.8036061850096,70.28960293499775,False,80.80100000000004,-0.0016755074394707592,-0.029903096408713557,-67.3741451623298,696.3804670969014,0.02995000000014256,183.207,-0.16201495928453705,0.2322947083704793,-457.7348659922094,164.5768609118918
1068115.0,0.0,0.6556,9.8198,0.0,0.002,9.8066,0.0046,-0.0027,-0.0124,164.05,-83.98,168.13,53.057503,-1.758886,0.0,3,357.51,20 / 21,0.15054096194020475,-0.24972679087381214,0.015153891810803805,390.3762648505689,531.7780099552269,70.29136753498892,False,80.90099999999995,-0.001395168409529928,-0.024899833014016937,-67.38076225933695,696.3804670969014,0.02493888888897976,183.207,-0.1519361303497347,0.2248269578597952,-457.75702710990583,164.60245714167445
1068215.0,-0.0723,0.8146,9.9071,0.0006,0.0034,9.8066,-0.0077,0.0069,-0.023,164.15,-83.91,168.2,53.057503,-1.758886,0.0,3,357.51,20 / 21,0.14707920637246907,-0.2482568923594244,0.017708808039178913,390.3911458589845,531.7531107710653,70.29301066998141,False,81.00099999999986,-0.0010495619779392605,-0.018731730026308558,-67.38082909870025,696.3805782918256,0.0187611111111268,183.207,-0.14812876835040834,0.22952516233311585,-457.77197495768473,164.62746752076032
1068315.0,-0.0372,0.5764,9.8272,0.0005,0.0038,9.8066,-0.0033,0.0139,0.0026,163.96,-83.86,168.03,53.057503,-1.758886,0.0,3,357.51,20 / 21,0.1447499109868465,-0.24332439202277498,0.020194986833309107,390.40573731485244,531.7285317068462,70.29490585972503,False,81.101,-0.0003412552714756925,-0.006090447014751939,-67.3875130350314,696.3915865893268,0.006099999999984488,183.207,-0.1450911662583222,0.23723394500802303,-457.79325034988386,164.66305488248065
1068415.0,-0.0459,0.6289,9.7738,0.0011,0.0039,9.8066,-0.0123,0.0247,-0.0049,164.28,-83.8,168.26,53.057503,-1.758886,0.0,3,357.51,20 / 21,0.13950438159582473,-0.23186575322134756,0.016642988808313226,390.4199500294816,531.704772199584,70.29674775850711,False,81.20099999999991,-0.000292615517333571,-0.005222364174208176,-67.39419697138798,696.3916977842506,0.0052305555545312235,183.207,-0.1397969971131583,0.22664338904713938,-457.8141470008696,164.6869255846666
1068514.0,-0.0589,0.699,9.9708,0.0005,0.0022,9.8066,0.0147,0.0097,0.0048,164.31,-83.74,168.22,53.057503,-1.758886,0.0,3,357.51,20 / 21,0.13708547995883438,-0.226641655870179,0.01967098798706254,390.4336412276285,531.682076082834,70.29854530035848,False,81.29999999999984,-0.0015695256110320184,-0.028011618783059772,-67.40081406834241,696.4027060817521,0.028055555554847823,183.207,-0.1386550055698664,0.19863003708711924,-457.83445529597094,164.72062999891807
1068615.0,-0.1588,0.6404,9.7482,-0.0002,0.0038,9.8066,0.004,-0.0001,-0.002,164.15,-83.69,168.35,53.057503,-1.758886,0.0,3,357.51,20 / 21,0.14023115270594982,-0.2219295963255597,0.021257512289008327,390.4476457175781,531.6594232345981,70.30061218962243,False,81.40099999999995,-0.0005028697898360112,-0.00897481172106619,-67.4075648440632,696.4027060817524,0.008988888888740186,183.207,-0.14073402249578584,0.21295478460449352,-457.8552105616413,164.74328284715432
1068715.0,0.0448,0.6568,9.8929,0.0007,0.0026,9.8066,0.0117,-0.0145,-0.0107,164.18,-83.64,168.33,53.057503,-1.758886,0.0,3,357.51,20 / 21,0.13797791626874384,-0.21708756455660927,0.01925038544565604,390.4615561710268,531.637472376554,70.30263758450916,False,81.50099999999986,-0.0010590412910346677,-0.018900909110031325,-67.41418194103078,696.4028172766837,0.01893055555555044,183.207,-0.13903695755977852,0.19818665544657793,-457.8757381120576,164.76534490012966
1068814.0,-0.0406,0.4144,9.7616,0.0003,0.0044,9.8066,-0.0042,-0.0051,-0.0174,164.59,-83.58,168.45,53.057503,-1.758886,0.0,3,357.51,20 / 21,0.1284566328963854,-0.2049437595736891,0.018096317628810435,390.4747446812105,531.6165818260096,70.30448624631134,False,81.60000000000002,-0.0012898081754424361,-0.023019449099661967,-67.41418194103088,696.4138255748852,0.023055555555686925,183.207,-0.12974644107182784,0.18192431047402713,-457.88892662224134,164.79724374887564
1068915.0,0.0349,0.5771,9.7968,-0.0022,0.0028,9.8066,0.0015,-0.0138,0.0051,164.6,-83.54,168.42,53.057503,-1.758886,0.0,3,357.51,20 / 21,0.11997381517965307,-0.1916618569143275,0.013025287484491544,390.4872904188383,531.5965532423769,70.30605788736956,False,81.70099999999991,-0.0017758949191909353,-0.03169473064057851,-67.42093271675101,696.4138255748852,0.03174444444533302,183.207,-0.121749710098844,0.15996712627374898,-457.9082231355893,164.8172723325083
1069015.0,-0.0297,0.5611,9.8373,0.0007,0.0041,9.8065,-0.0179,0.005,-0.0038,164.55,-83.47,168.44,53.057503,-1.758886,0.0,3,357.51,20 / 21,0.11387445036284996,-0.18632805897662508,0.011955494361819072,390.4989828321155,531.5776537465823,70.30730692646188,False,81.80100000000004,-0.0006677476782958554,-0.011917418407335031,-67.42754981370565,696.4138255748852,0.011936111111134871,183.207,-0.11454219804114582,0.17441064056929004,-457.9265326458211,164.8361718283029
1069115.0,-0.1715,0.4591,9.7916,-0.0022,0.0027,9.8066,0.008,0.0047,0.0168,164.31,-83.42,168.24,53.057503,-1.758886,0.0,3,357.51,20 / 21,0.11584163551641527,-0.17456996153052026,0.010825170207545724,390.5104686364094,531.559608845557,70.30844595969035,False,81.90099999999995,-0.0006237698814662153,-0.011132538395787641,-67.42761665306912,696.4139367698093,0.011149999999942171,183.207,-0.11646540539788149,0.1634374231347326,-457.9380852894785,164.8543279242523
1069215.0,-0.0976,0.5387,9.7721,-0.0014,0.0034,9.8066,0.0038,0.0013,-0.0014,164.71,-83.38,168.4,53.057503,-1.758886,0.0,3,357.51,20 / 21,0.12001552040790313,-0.1629163154375874,0.007093394676415864,390.5222614942056,531.5427345317087,70.30934188793454,False,82.00099999999986,-0.0008346457482248726,-0.014896079652248422,-67.43423375006302,696.4249450673107,0.014919444444454335,183.207,-0.120850166156128,0.14802023578533896,-457.95649524426864,164.88221053560198
1069314.0,-0.1216,0.5777,9.8412,0.0019,0.0022,9.8066,0.0118,-0.0146,-0.0098,164.59,-83.36,168.37,53.057503,-1.758886,0.0,3,357.51,20 / 21,0.12262455360347964,-0.15829132133249588,0.006029385474953558,390.5342721778692,531.5268347536885,70.30999146555203,False,82.10000000000002,-0.000388496438393249,-0.00693356900604673,-67.43423375006311,696.4249450673107,0.006944444444608659,183.207,-0.12301305004187289,0.15135775232644916,-457.9685059279323,164.89811031362217
1069414.0,0.0224,0.4873,9.8346,-0.0019,0.0023,9.8066,-0.0005,-0.0139,0.0011,164.82,-83.3,168.48,53.057503,-1.758886,0.0,3,357.51,20 / 21,0.11953838610818796,-0.15380595316233645,0.007781227653708185,390.54638032485474,531.5112298899637,70.31068199620846,False,82.19999999999993,-0.0010100907397710018,-0.018027279414803338,-67.44091768640679,696.4249450673107,0.018055555555062913,183.207,-0.12054847684795895,0.1357786737475331,-457.98729801126154,164.91371517734694
1069514.0,-0.108,0.4754,9.7616,0.0003,0.0024,9.8066,-0.0062,-0.0125,-0.0128,164.91,-83.27,168.58,53.057503,-1.758886,0.0,3,357.51,20 / 21,0.11516549087934926,-0.14600803633064954,0.005887293505652651,390.5581155187041,531.4962391904891,70.31136542226642,False,82.29999999999984,-0.001010090739798562,-0.018027279415295208,-67.44091768640709,696.4249450673107,0.018055555555555557,183.207,-0.11617558161914782,0.12798075691535432,-457.9990332051112,164.9287058768216
1069614.0,0.0601,0.5356,9.8603,-0.0036,0.0029,9.8065,-0.0123,0.0023,0.011,164.91,-83.22,168.52,53.057503,-1.758886,0.0,3,357.51,20 / 21,0.11042242125945098,-0.14178544676406246,0.005369699479805306,390.56939491431103,531.4818495163344,70.31192827191569,False,82.39999999999998,-0.0007303733041661711,-0.01303510973113339,-67.44760162273779,696.4360645597361,0.013055555555629452,183.207,-0.11115279456361715,0.12875033703292907,-458.01699653704884,164.95421504340175
1069714.0,-0.052,0.4577,9.8127,-0.0013,0.0041,9.8066,0.0038,0.0159,-0.0022,168.74,-83.16,168.55,53.057503,-1.758886,0.0,3,357.51,20 / 21,0.10344297250840716,-0.13853496136187507,0.007101494557832253,390.5800881839994,531.4678334959281,70.31255183161757,False,82.49999999999989,-0.0004972754411318647,-0.008874968327534677,-67.45428555912181,696.4360645597362,0.008888888888893626,183.207,-0.10394024794953902,0.1296599930343404,-458.03437374312125,164.96823106380816
1069814.0,-0.0118,0.4536,9.7802,-0.001,0.0032,9.8066,0.0012,0.0089,0.0039,164.86,-83.12,168.52,53.057503,-1.758886,0.0,3,357.51,20 / 21,0.09955952257875474,-0.13160716211068713,0.00516927037415629,390.5902383087538,531.4543263897544,70.31316536986417,False,82.60000000000002,-0.0008391523069137086,-0.014976509052780567,-67.46096949543933,696.4360645597363,0.015000000000073895,183.207,-0.10039867488566845,0.11663065305790656,-458.0512078041931,164.9817381699819
1069914.0,0.007,0.4558,9.8214,0.0006,0.002,9.8066,0.0191,0.0022,-0.0058,165.01,-83.09,168.53,53.057503,-1.758886,0.0,3,357.51,20 / 21,0.0942581277108044,-0.1258556814331311,0.0038966298180334005,390.59992919126825,531.4414532475772,70.31361866487377,False,82.69999999999993,-0.001118869742533697,-0.019968678736721035,-67.46096949543933,696.4471840528686,0.019999999999778306,183.207,-0.0953769974533381,0.10588700269641008,-458.06089868670756,165.00573080529136
1070014.0,-0.1329,0.4865,9.7911,-0.0002,0.0052,9.8066,-0.0074,-0.0107,-0.0125,164.98,-83.02,168.59,53.057503,-1.758886,0.0,3,357.51,20 / 21,0.09507088465732023,-0.12099446389859118,0.0032781353453285003,390.60939564188664,531.4291107403106,70.31397740313194,False,82.79999999999984,-0.0006682138740344201,-0.011925738690365248,-67.46765343176993,696.447184052869,0.011944444444691713,183.207,-0.09573909853135465,0.10906872520822594,-458.07704907365655,165.01807331255839
1070114.0,-0.0351,0.3875,9.7651,0.0001,0.0038,9.8066,-0.0098,-0.0147,-0.0019,165.05,-82.99,168.47,53.057503,-1.758886,0.0,3,357.51,20 / 21,0.09673658165009236,-0.1135994430773238,0.00035966504352598366,390.61898601520204,531.4173810449619,70.31415929315139,False,82.89999999999998,-0.0008391523069070481,-0.014976509052661697,-67.4743373681141,696.447184052869,0.014999999999954841,183.207,-0.09757573395699941,0.0986229340246621,-458.09332338331615,165.02980300790716
1070214.0,-0.0774,0.4468,9.8128,-0.0017,0.005,9.8066,-0.018,0.0054,-0.0015,165.14,-82.93,168.56,53.057503,-1.758886,0.0,3,357.51,20 / 21,0.09542063534554467,-0.10631712027387637,-0.0011987847130015118,390.6285938760518,531.4063852167943,70.31411733716791,False,82.99999999999989,-0.0008391523069095745,-0.014976509052706786,-67.48102130448486,696.4583035452945,0.015,183.207,-0.09625978765245424,0.09134061122116958,-458.10961518053665,165.05191832850016
1070314.0,0.0158,0.5143,9.8547,0.0015,0.003,9.8066,-0.0021,0.0144,-0.0101,165.21,-82.89,168.6,53.057503,-1.758886,0.0,3,357.51,20 / 21,0.09357531580290539,-0.1059049130822457,0.0012845329939518491,390.6380436736092,531.3957741151265,70.31412162458196,False,83.10000000000002,-0.0009479313096463174,-0.016917908374161312,-67.48770524078908,696.4583035452945,0.01694444444425149,183.207,-0.09452324711255171,0.08898700470808439,-458.1257489143983,165.06252943016796
1070414.0,-0.0908,0.4285,9.7701,-0.0013,0.0014,9.8066,-0.0018,0.0274,0.0021,165.21,-82.85,168.57,53.057503,-1.758886,0.0,3,357.51,20 / 21,0.09235170582111965,-0.10466668340648028,0.0015806030448586206,390.64734002469044,531.3852455353021,70.31426488138389,False,83.19999999999993,-0.0002175580055274565,-0.003882798643872273,-67.48770524078908,696.4583035452945,0.0038888888894677166,183.207,-0.09256926382664711,0.10078388476260801,-458.1350452654795,165.07305800999234
1070514.0,0.0543,0.4675,9.8189,0.002,0.0015,9.8066,0.0035,-0.006,-0.0112,168.93,-82.83,168.57,53.057503,-1.758886,0.0,3,357.51,19 / 21,0.0886870019188686,-0.10225975050451187,0.00031076258813075776,390.6563919600774,531.3748992136066,70.31435944966555,False,83.29999999999984,-0.0007303733041462959,-0.013035109730778675,-67.49438917713297,696.4583035452945,0.01305555555527418,183.207,-0.08941737522301489,0.0892246407737332,-458.1507811372104,165.08340433168792
1070614.0,0.0281,0.5266,9.8995,0.0011,-0.0005,9.8066,0.0121,0.005,-0.0016,165.06,-82.81,168.64,53.057503,-1.758886,0.0,3,357.51,19 / 21,0.08177745209960942,-0.10552363253591607,0.004730898199917246,390.6649151827784,531.3645100444545,70.31461153270494,False,83.39999999999998,-0.00021755800550265234,-0.003882798643429589,-67.50107311349043,696.4694230377198,0.003888888889024337,183.207,-0.08199501010511207,0.10164083389248647,-458.1659882962688,165.10491299326532
1070714.0,0.0151,0.3989,9.8103,-0.0015,0.0019,9.8066,0.0058,-0.038,-0.0069,165.31,-82.77,168.63,53.057503,-1.758886,0.0,3,357.51,19 / 21,0.07729714437346322,-0.1049088000003078,0.008122513469925957,390.67286891260204,531.3539884228277,70.31525420328843,False,83.49999999999989,-0.0012276487452924886,-0.021910078058569062,-67.50775704982131,696.4694230377199,0.021944444444423918,183.207,-0.07852479311875571,0.08299872194173874,-458.18062596242333,165.11543461489225
1070814.0,0.1149,0.4872,9.7856,-0.0001,0.0038,9.8066,-0.0057,-0.0129,0.008,165.32,-82.72,168.6,53.057503,-1.758886,0.0,3,357.51,19 / 21,0.06944920323335631,-0.10372079434174629,0.006164636449436117,390.6802062299824,531.3435569431106,70.3159685607844,False,83.60000000000002,-0.00021755800549759966,-0.0038827986433394124,-67.51444098615222,696.46942303772,0.0038888888889340198,183.207,-0.0696667612388539,0.09983799569840687,-458.1946472161346,165.12586609460948
1070914.0,-0.2655,0.3673,9.7089,-0.0054,-0.0017,9.8066,0.0115,0.0065,0.0249,165.28,-82.71,168.52,53.057503,-1.758886,0.0,3,357.51,19 / 21,0.07397387376744712,-0.09838004430694883,0.00019094098202535677,390.6873773838324,531.3334519011781,70.31628633965597,False,83.69999999999993,-0.00038849643837648323,-0.006933569005747507,-67.5211249224959,696.480542530145,0.006944444444308968,183.207,-0.0743623702058236,0.09144647530120131,-458.20850230632834,165.1470906289669
1071014.0,-0.0708,0.4461,9.8103,0.003,0.0029,9.8066,-0.0216,0.0139,-0.0224,165.5,-82.67,168.82,53.057503,-1.758886,0.0,3,357.51,19 / 21,0.08499311006603665,-0.09017411845546908,-0.0038369501652747743,390.6953257330241,531.32402419304,70.31610403919682,False,83.79999999999984,-0.0006215943014073447,-0.011093710409284738,-67.5211249224962,696.4805425301455,0.011111111110983214,183.207,-0.08561470436744399,0.07908040804618434,-458.2164506555203,165.15651833710547
1071114.0,-0.323,0.3391,9.6335,-0.0028,0.0021,9.8066,0.0089,0.0078,0.0111,165.35,-82.65,168.75,53.057503,-1.758886,0.0,3,357.51,19 / 21,0.09641991244732402,-0.08143938015903184,-0.010465157640493356,390.7043963841498,531.3154435181093,70.31538893380653,False,83.89999999999998,-0.0009479313096522888,-0.016917908374267883,-67.52780885884017,696.4805425301455,0.01694444444435823,183.207,-0.09736784375697631,0.06452147178476395,-458.23220524298995,165.1650990120362
1071214.0,0.1425,0.426,9.8226,-0.0029,-0.0007,9.8066,-0.025,-0.0004,0.0002,165.49,-82.63,168.94,53.057503,-1.758886,0.0,3,357.51,19 / 21,0.09714359912512552,-0.0754578350370055,-0.015576383994413258,390.7140745597284,531.3075986573496,70.31408685672478,False,83.99999999999989,-0.0008391523069096982,-0.014976509052708992,-67.53449279518435,696.4916620232783,0.01500000000000221,183.207,-0.09798275143203522,0.06048132598429651,-458.2485673549127,165.18406336592875
1071314.0,-0.1915,0.3472,9.7009,0.0006,0.0001,9.8066,-0.0145,-0.024,-0.0299,165.52,-82.65,169.01,53.057503,-1.758886,0.0,3,357.51,19 / 21,0.09243698253315592,-0.07215383069980275,-0.017056426395256414,390.7235535888113,531.3002180740627,70.3124552162053,False,84.10000000000002,-0.0011188697425594198,-0.019968678737180116,-67.54117673151525,696.4916620232783,0.02000000000023811,183.207,-0.09355585227571535,0.05218515196262263,-458.2647303203265,165.19144394921557
1071414.0,0.1276,0.36,9.702,0.0028,-0.0032,9.8066,-0.0218,-0.0309,0.0328,165.61,-82.68,169.0,53.057503,-1.758886,0.0,3,357.51,19 / 21,0.08833713728995854,-0.06646785619717148,-0.02343996243595974,390.73259229480243,531.2932869897179,70.31043039676373,False,84.19999999999993,-0.0020201814795571616,-0.0360545588298772,-67.54786066785894,696.4916620232783,0.03611111111039678,183.207,-0.09035731876951571,0.030413297367294277,-458.28045296266134,165.1983750335604
1071514.0,0.1148,0.5128,10.0043,0.0133,-0.0129,9.8066,-0.1142,0.0012,-0.0205,165.67,-82.92,169.34,53.057503,-1.758886,0.0,3,357.51,20 / 21,0.0870351303833121,-0.08435950126196204,-0.01878996243596388,390.7413609081861,531.285745621845,70.30831890052013,False,84.29999999999984,-0.0007303733042016284,-0.013035109731766203,-67.54786066785924,696.4916620232783,0.013055555556263258,183.207,-0.08776550368751374,0.07132439153019583,-458.28922157604535,165.20591640143334
1071614.0,-0.0145,0.3605,9.9262,0.0155,-0.0347,9.8065,-0.1312,-0.0041,0.0141,165.63,-83.36,169.54,53.057503,-1.758886,0.0,3,357.51,20 / 21,0.09262017701240466,-0.10051136119208225,-0.002929962435942169,390.7503436735559,531.2765020787223,70.30723290427653,False,84.39999999999998,-0.00038849643838911494,-0.006933569005972948,-67.5545446042165,696.5027815157036,0.0069444444445347624,183.207,-0.09300867345079378,0.0935777921861093,-458.3048882777724,165.22627943698137
1071714.0,0.2348,0.3853,9.8007,-0.0021,0.0142,9.8066,0.0613,0.0292,-0.0214,165.34,-83.68,169.67,53.057503,-1.758886,0.0,3,357.51,20 / 21,0.07723059456300307,-0.09520899540368769,0.0023375319294448374,390.75883621213467,531.2667160608925,70.3072032827512,False,84.49999999999989,-0.0010567103124038899,-0.01885930769598758,-67.56122854056066,696.5027815157038,0.01888888888887531,183.207,-0.07828730487540697,0.0763496877077001,-458.3200647526953,165.2360654548113
1071814.0,-0.1713,0.6235,9.7,0.0005,0.0295,9.8065,-0.0038,0.0243,-0.0034,169.39,-83.24,169.6,53.057503,-1.758886,0.0,3,357.51,20 / 21,0.07254859717734184,-0.10073260460912145,-0.002798597859978362,390.7663251717217,531.2569189808918,70.30718022945467,False,84.60000000000002,-0.00027971743566385527,-0.004992169684723367,-67.56791247687829,696.5027815157039,0.005000000000488537,183.207,-0.07282831461300569,0.09574043492439809,-458.3342376486,165.2458625348121
1071914.0,0.1732,0.2116,9.638,0.0018,-0.0176,9.8066,-0.0409,0.0103,0.0177,165.91,-83.33,169.78,53.057503,-1.758886,0.0,3,357.51,20 / 21,0.06924432028348161,-0.09757282024656357,-0.014079058180970952,390.7734148175947,531.247003709649,70.30633634665263,False,84.69999999999993,-0.0021289604822626682,-0.03799595815077425,-67.57459641323526,696.5139010088361,0.03805555555408992,183.207,-0.07137328076574428,0.059576862095789315,-458.34801123082997,165.26689729918712
1072014.0,-0.021,0.4012,9.9883,0.0049,0.0011,9.8066,0.0643,-0.0066,-0.03,165.43,-83.45,169.55,53.057503,-1.758886,0.0,3,357.51,20 / 21,0.05874965512760566,-0.08644620789902849,-0.01141469945382574,390.77981451636526,531.2378027582417,70.3050616587709,False,84.79999999999984,-0.0013985871782050431,-0.024960848421578093,-67.57459641323555,696.5139010088366,0.025000000000400743,183.207,-0.0601482423058107,0.061485359477450395,-458.3544109296008,165.27609825059483
1072115.0,0.146,0.1943,9.6542,0.0005,-0.0157,9.8066,0.0471,0.0003,-0.0434,168.95,-83.44,169.23,53.057503,-1.758886,0.0,3,357.51,20 / 21,0.050899290699252586,-0.07580179957681643,-0.008449084535750426,390.7853517881295,531.2296092338642,70.30405853767942,False,84.90099999999995,-0.0010506497679748702,-0.018751144019670207,-67.58803112528693,696.5140122037607,0.01878055555571665,183.207,-0.05194994046722746,0.057050655557146224,-458.37338291341644,165.28440296989652
1072215.0,-0.1441,0.442,9.724,-0.0079,0.0071,9.8066,0.0331,0.0042,-0.0075,165.14,-83.33,168.66,53.057503,-1.758886,0.0,3,357.51,20 / 21,0.04974183688396956,-0.06704023156698746,-0.01717347185537874,390.79038384450865,531.222467132307,70.30277740985987,False,85.00099999999986,-0.0004534530428815325,-0.008092861743660215,-67.59464822225452,696.5250205012621,0.008105555555549388,183.207,-0.05019528992685109,0.058947369823327246,-458.3850320667632,165.30255336895516
1072314.0,0.0941,0.3435,9.9049,-0.0009,0.0344,9.8066,0.0358,0.0248,-0.006,165.17,-83.09,168.77,53.057503,-1.758886,0.0,3,357.51,20 / 21,0.05226697954568137,-0.06534223550582861,-0.013941081077070828,390.79543328092194,531.2159142001868,70.30123723948971,False,85.10000000000002,-0.0007303733041728314,-0.01303510973125226,-67.59464822225462,696.5250205012621,0.013055555555748506,183.207,-0.052997352849854205,0.05230712577457636,-458.3900815031766,165.3091063010753
1072414.0,-0.179,0.3953,9.7606,0.0116,0.0217,9.8066,0.0214,0.0195,-0.0189,169.79,-82.65,169.76,53.057503,-1.758886,0.0,3,357.51,20 / 21,0.05518670912662731,-0.06259994569752467,-0.009631418915512183,390.80080596535555,531.2095170911267,70.30005861449008,False,85.19999999999993,-0.0014607466082916909,-0.02607021946154127,-67.6013321585983,696.5250205012621,0.026111111110532256,183.207,-0.05664745573491901,0.0365297262359834,-458.4021381239538,165.31550341013542
1072514.0,-0.0303,0.3529,9.8595,0.0067,-0.0027,9.8066,-0.0463,0.0231,0.0012,166.04,-82.51,169.49,53.057503,-1.758886,0.0,3,357.51,21 / 22,0.0628426616122669,-0.059374968489649675,-0.007897706078185537,390.8067074338925,531.2034183454174,70.2991821582404,False,85.29999999999984,-0.00017093843292857866,-0.0030507703632950134,-67.60801609492918,696.5361399943946,0.0030555555562632557,183.207,-0.06301360004519548,0.05632419812635466,-458.4147235288217,165.3327216489772
1072614.0,-0.1479,0.2859,9.804,-0.0042,0.007,9.8066,-0.0332,0.04,0.0228,169.73,-82.55,169.58,53.057503,-1.758886,0.0,3,357.51,21 / 22,0.06722442702477537,-0.05228270626203912,-0.00457955016645471,390.81321078832434,531.1978354616798,70.29855829542817,False,85.39999999999998,-0.000730373304153769,-0.01303510973091205,-67.61470003127337,696.536139994395,0.013055555555407761,183.207,-0.06795480032892913,0.03924759653112707,-458.42791081959774,165.33830453271514
1072714.0,0.0136,0.4196,10.0389,0.0011,0.011,9.8066,-0.0087,-0.0008,0.0082,166.19,-82.48,169.69,53.057503,-1.758886,0.0,3,357.51,21 / 22,0.06980694603430865,-0.049464973349850234,0.005865382358504679,390.8200623569773,531.1927480776992,70.29862258703777,False,85.49999999999989,-0.0005594348712732438,-0.009984339368474657,-67.61470003127347,696.536139994395,0.010000000000003471,183.207,-0.0703663809055819,0.03948063398137558,-458.43476238825076,165.34339191669574
1072814.0,-0.3258,0.4108,9.9163,0.001,0.0053,9.8066,0.0284,0.0288,0.0038,166.22,-82.4,169.65,53.057503,-1.758886,0.0,3,357.51,21 / 22,0.08054444316270026,-0.04987365474871956,0.01951632500474883,390.8275799264372,531.1877811462942,70.29989167240593,False,85.60000000000002,-0.0002797174356422665,-0.004992169684338068,-67.62138396763093,696.5361399943951,0.005000000000102633,183.207,-0.08082416059834253,0.04488148506438149,-458.44896389406813,165.34835884810082
1072914.0,0.0522,0.4747,9.9077,0.0007,-0.0015,9.8066,-0.0013,-0.0229,-0.0003,166.18,-82.44,169.62,53.057503,-1.758886,0.0,3,357.51,21 / 22,0.088638700615318,-0.05288622636397826,0.025543626254028402,390.8360390836261,531.1826431522386,70.30214466996887,False,85.69999999999993,-0.0006682138740033618,-0.011925738689810948,-67.62806790394805,696.5472594861126,0.011944444444136542,183.207,-0.08930691448932136,0.04096048767416731,-458.46410698757416,165.36461633387398
1073014.0,0.1384,0.2933,9.9164,-0.0022,0.0074,9.8066,-0.0085,-0.014,0.0042,169.77,-82.42,169.67,53.057503,-1.758886,0.0,3,357.51,21 / 22,0.07505855045001397,-0.055119948757687144,0.030671082315916025,390.84422394617934,531.1772428434825,70.30495540539737,False,85.79999999999984,-0.00010877900276470799,-0.0019413993219536217,-67.63475184030551,696.547259486113,0.0019444444447513712,183.207,-0.07516732945277868,0.053178549435733524,-458.47897578648485,165.3700166426305
1073114.0,0.2173,0.2935,9.8702,-0.006,0.0021,9.8066,0.0096,-0.0343,0.0205,166.3,-82.39,169.94,53.057503,-1.758886,0.0,3,357.51,21 / 22,0.054856652984879975,-0.05120400125301014,0.033435669968538716,390.8507197063511,531.171926645982,70.3081607430116,False,85.89999999999998,-0.0026262359234390533,-0.04687092647910347,-67.6414357766364,696.547259486113,0.04694444444377934,183.207,-0.05748288890831903,0.004333074773906667,-458.49215548298747,165.37533284013102
1073214.0,0.0276,0.3692,9.9297,0.0045,-0.0054,9.8066,0.0041,-0.0218,-0.0223,166.36,-82.4,169.88,53.057503,-1.758886,0.0,3,357.51,21 / 22,0.04312750166631864,-0.050069088771428606,0.03635081947325078,390.8556189140836,531.1668629914808,70.31165006748368,False,85.99999999999989,-0.0013364277480426405,-0.023851477380262904,-67.64811971300715,696.547259486113,0.023888888888915098,183.207,-0.04446392941436128,0.026217611391165702,-458.50373862709074,165.38039649463224
1073314.0,-0.3465,0.4234,9.8808,-0.0079,0.0079,9.8066,0.0025,-0.0116,0.0289,166.29,-82.28,169.64,53.057503,-1.758886,0.0,3,357.51,21 / 22,0.05774543170856697,-0.04878985957665359,0.039279196552274694,390.86066256075236,531.1619200440634,70.31543156828496,False,86.10000000000002,-0.0017404640439472765,-0.031062389146117052,-67.64811971300726,696.5583789785386,0.03111111111087297,183.207,-0.05948589575251424,0.01772747043053654,-458.5087822737596,165.39645893447516
1073414.0,-0.0037,0.3763,9.8501,0.0,0.0009,9.8066,0.0146,-0.0084,0.0048,169.99,-82.25,169.89,53.057503,-1.758886,0.0,3,357.51,21 / 22,0.07128221541755782,-0.04792179383417761,0.038385317069429,390.8671139431087,531.1570844613929,70.31931479396604,False,86.19999999999993,-0.0008391523069495368,-0.01497650905342,-67.65480364932436,696.5583789785386,0.01500000000071433,183.207,-0.07212136772450735,0.03294528478075762,-458.52191759243306,165.40129451714574
1073514.0,-0.2491,0.3625,9.8796,-0.0011,0.0025,9.8066,0.0078,0.0095,0.0098,166.51,-82.18,169.88,53.057503,-1.758886,0.0,3,357.51,21 / 22,0.07815025649048606,-0.04570391929903249,0.03757451950901017,390.87458556670407,531.1524031757363,70.32311278579496,False,86.29999999999984,-0.0010100907397933149,-0.018027279415201564,-67.66148758568183,696.5583789785386,0.018055555555461764,183.207,-0.07916034723027937,0.027676639883830925,-458.5360731523859,165.40597580280235
1073615.0,0.0334,0.4176,9.9013,-0.0027,0.004,9.8066,0.0064,-0.018,0.0123,166.6,-82.14,169.99,53.057503,-1.758886,0.0,3,357.51,21 / 22,0.08326387456342825,-0.04573639802598267,0.03913257158266676,390.8827369803223,531.1477854397114,70.32698649389509,False,86.40099999999995,-0.0008957173883466114,-0.015986036700111762,-67.6682383613763,696.5694984716714,0.016011111111259784,183.207,-0.08415959195177486,0.02975036132587091,-458.55097534169863,165.42171303196005
1073714.0,-0.2008,0.4412,9.8808,0.0011,0.0018,9.8066,0.0135,-0.0029,-0.0109,166.62,-82.11,169.99,53.057503,-1.758886,0.0,3,357.51,21 / 22,0.08606458568269035,-0.04934572844901273,0.04036494584526203,390.89111873910446,531.1430788744508,70.33092162100778,False,86.49999999999989,-0.00034187686577861077,-0.00610154072518819,-67.67485545837017,696.5694984716714,0.00611111111112248,183.207,-0.08640646254846895,0.04324418772382454,-458.56597419747465,165.42641959722062
1073815.0,0.0476,0.1979,9.8224,-0.0025,0.0033,9.8066,0.0035,-0.0265,-0.0011,166.67,-82.06,170.03,53.057503,-1.758886,0.0,3,357.51,21 / 22,0.08597930910746349,-0.04359256703086602,0.03816916146847712,390.89980695579135,531.138385490529,70.33488759342713,False,86.601,-0.0004511220642522224,-0.008051260329642663,-67.67492229773359,696.5694984716714,0.008063888888900495,183.207,-0.08643043117171571,0.03554130670122335,-458.57472925352494,165.4311129811424
1073915.0,-0.0038,0.2875,9.8886,0.0012,0.0028,9.8065,0.0021,-0.0117,-0.0109,166.78,-82.01,170.15,53.057503,-1.758886,0.0,3,357.51,21 / 22,0.07612239991983695,-0.03427701774740591,0.03659603724820183,390.9079120412427,531.1344920112901,70.33862585336296,False,86.70099999999991,-0.0005006942097741903,-0.008935983734510633,-67.68160623406413,696.5696096666022,0.008949999999728491,183.207,-0.07662309412961114,0.025341034012895274,-458.58951827530683,165.43511765531207
1074014.0,0.1085,0.3363,9.886,-0.0027,0.0026,9.8065,-0.0113,-0.0194,0.0047,166.78,-81.98,170.12,53.057503,-1.758886,0.0,3,357.51,21 / 22,0.06655655875528688,-0.03264145821387463,0.037893329160966965,390.9149746496971,531.1311795467301,70.34231307700021,False,86.79999999999984,-0.0008391523068990805,-0.014976509052519496,-67.68822333104487,696.5806179648039,0.014999999999812417,183.207,-0.06739571106218596,0.017664949161355137,-458.603197980742,165.44943841807378
1074114.0,-0.0541,0.2958,9.8154,0.001,0.0027,9.8066,-0.0078,0.0113,-0.0144,166.81,-81.96,170.14,53.057503,-1.758886,0.0,3,357.51,21 / 22,0.06060603715254197,-0.031143878953649836,0.035953579786827054,390.9213327794925,531.1279902798717,70.3460054224476,False,86.89999999999998,-0.0012898081754284265,-0.02301944909941193,-67.68822333104507,696.5806179648042,0.0230555555554365,183.207,-0.06189584532797039,0.008124429854237905,-458.6095561105376,165.4526276849325
1074214.0,-0.1392,0.2285,9.8147,-0.0005,0.0011,9.8066,-0.0119,0.0175,-0.0053,166.73,-81.92,170.16,53.057503,-1.758886,0.0,3,357.51,21 / 22,0.06474552241073712,-0.022996342398025033,0.03127454281880242,390.9276003574707,531.1252832688041,70.34936682857789,False,86.99999999999989,-0.0012276487452937074,-0.02191007805859082,-67.69490726737585,696.5806179648042,0.021944444444445706,183.207,-0.06597317115603084,0.0010862643394342134,-458.62250762484655,165.45533469600014
1074314.0,0.0117,0.2603,9.7809,-0.0002,0.0029,9.8066,-0.0108,0.026,-0.0013,166.74,-81.9,170.16,53.057503,-1.758886,0.0,3,357.51,21 / 22,0.06519616421416498,-0.015237512035217738,0.02583111139598112,390.93409744180195,531.1233715760824,70.35222211128863,False,87.10000000000002,-0.0004972754411334371,-0.00887496832756274,-67.70159120373333,696.5917374572297,0.008888888888921732,183.207,-0.06569343965529842,0.006362543707654999,-458.6356886455353,165.4683658811473
1074414.0,-0.0948,0.3633,9.8416,0.001,0.0019,9.8066,-0.0048,0.0264,0.0015,166.77,-81.85,170.16,53.057503,-1.758886,0.0,3,357.51,21 / 22,0.06505591007438635,-0.014656932745883164,0.022347444686583666,390.9406100455164,531.1218768538433,70.35463103909275,False,87.19999999999993,-0.0006215943014089877,-0.011093710409314061,-67.70827514005043,696.5917374572297,0.011111111111012583,183.207,-0.06567750437579534,0.003563222336569102,-458.6488851855668,165.46986060338634
1074516.0,0.0856,0.2651,9.9171,-0.0004,0.0037,9.8066,-0.0108,0.0343,-0.0012,170.46,-81.8,170.19,53.057503,-1.758886,0.0,3,357.51,22 / 22,0.062050502493577166,-0.015075318948088988,0.02529841798360164,390.94709247255736,531.1203605090069,70.35706097808894,False,87.30200000000002,-0.0010657234297622694,-0.01902016649670756,-67.7149590764081,696.6026345605002,0.01904999999976958,183.207,-0.06311622592333943,-0.00394484754861857,-458.66205154896545,165.48227405149328
1074614.0,0.045,0.166,9.7964,-0.0007,0.0019,9.8066,0.0047,0.0127,0.006,166.79,-81.79,170.12,53.057503,-1.758886,0.0,3,357.51,22 / 22,0.051683763003227946,-0.008661396604540872,0.025676985286059578,390.9526654515667,531.1191974099448,70.35955877284916,False,87.39999999999998,-0.0015073661809234997,-0.026902247742706255,-67.7149590764081,696.5917374572298,0.02694444444432536,183.207,-0.05319112918415145,-0.018240851138165384,-458.6676245279748,165.47254004728495
1074714.0,0.037,0.2807,9.7978,0.0003,0.0016,9.8066,-0.0027,0.0076,0.0058,166.86,-81.77,170.21,53.057503,-1.758886,0.0,3,357.51,22 / 22,0.045020609323375524,-0.0033574186771042703,0.02101368749315146,390.95750067018304,531.1185964691807,70.36189330648811,False,87.49999999999989,-0.0008391523069103341,-0.014976509052720344,-67.72164301275217,696.6028569503625,0.015000000000013579,183.207,-0.04585976163028586,-0.011619090375616075,-458.6791436829352,165.48426048118176
1074814.0,-0.0278,0.4318,9.9411,0.003,-0.0006,9.8066,0.0191,-0.0016,-0.0169,167.05,-81.75,170.33,53.057503,-1.758886,0.0,3,357.51,22 / 22,0.044923472428075865,-0.009164093595458911,0.023199634369186112,390.9619978742706,531.1179703935671,70.36410397258123,False,87.60000000000002,-0.0012276487452961631,-0.021910078058634645,-67.72832694908297,696.6028569503625,0.021944444444489602,183.207,-0.04615112117337203,-0.012745984463175734,-458.69032482335354,165.48488655679535
1074914.0,0.098,0.1865,9.802,-0.0024,0.0035,9.8065,-0.0129,-0.023,0.0065,166.94,-81.73,170.31,53.057503,-1.758886,0.0,3,357.51,22 / 22,0.041410322332834495,-0.010787421258319677,0.02523618921380323,390.96631456400866,531.1169728178245,70.36652576376038,False,87.69999999999993,-0.001398587178175045,-0.024960848421042712,-67.72832694908297,696.6028569503625,0.02499999999986452,183.207,-0.04280890951100954,-0.014173427162723035,-458.6946415130916,165.485884132538
1075014.0,-0.0314,0.3106,9.8345,-0.0018,0.0015,9.8066,0.005,-0.0206,-0.0043,167.01,-81.7,170.22,53.057503,-1.758886,0.0,3,357.51,22 / 22,0.037419554515165265,-0.00710991225780646,0.02243676083173189,390.97025605785103,531.1160779511487,70.36890941126265,False,87.79999999999984,-0.0006215943014383497,-0.011093710409838094,-67.73501088541357,696.6139764420803,0.011111111111537435,183.207,-0.038041148816603615,-0.003983798152031634,-458.70526694326463,165.49789849093168
1075114.0,-0.1016,0.3328,9.9003,-0.0015,0.0009,9.8066,-0.0076,-0.0091,0.0091,167.01,-81.65,170.18,53.057503,-1.758886,0.0,3,357.51,22 / 22,0.043694590345395405,-0.008133204856570167,0.024234996706979196,390.97431176509406,531.115315795293,70.37124299913958,False,87.89999999999998,-0.000497275441133437,-0.00887496832756274,-67.74169482177103,696.6139764420807,0.008888888888921732,183.207,-0.04419186578652884,-0.0007417634709925725,-458.7160065868651,165.4986606467877
1075214.0,-0.0343,0.4178,9.9193,0.0025,0.0001,9.8066,0.0022,0.0026,-0.0076,167.08,-81.64,170.27,53.057503,-1.758886,0.0,3,357.51,22 / 22,0.05016605026798668,-0.013421458568420024,0.029367497200924367,390.97900479712473,531.1142380621218,70.37392312383497,False,87.99999999999989,-0.000730373304161772,-0.01303510973105488,-67.7483787581152,696.6250959352135,0.013055555555550817,183.207,-0.05089642357214845,0.00038634883736514414,-458.72738355523995,165.5108578730917
1075314.0,-0.0924,0.2028,9.8155,-0.0011,0.0009,9.8066,-0.006,0.0139,0.0111,166.94,-81.6,170.2,53.057503,-1.758886,0.0,3,357.51,22 / 22,0.054038836360828416,-0.012613570608091937,0.030126122620792797,390.9842150414562,531.1129363106629,70.37689780482606,False,88.10000000000002,-0.0009013117370526305,-0.016085880093676695,-67.7550626944594,696.6250959352135,0.01611111111113982,183.207,-0.054940148097881045,-0.003472309485584758,-458.7392777359156,165.51215962455058
1075415.0,0.0913,0.2491,9.8304,0.0009,0.0009,9.8066,0.0018,0.0085,0.0076,166.91,-81.58,170.25,53.057503,-1.758886,0.0,3,357.51,22 / 22,0.050569316116841796,-0.006090111986564061,0.027006559227672304,390.9894977531563,531.1119917746919,70.3797830052594,False,88.20099999999991,-0.0010184822628303751,-0.01817704450515689,-67.76181347015323,696.6250959352135,0.018205555554889126,183.207,-0.05158779837967217,-0.012086932518592827,-458.75131122330953,165.5131041605216
1075514.0,-0.1239,0.1307,9.808,0.0001,0.001,9.8066,0.0099,0.0017,0.0079,167.11,-81.57,170.25,53.057503,-1.758886,0.0,3,357.51,19 / 22,0.04815575885277355,0.0025986623239536034,0.024011657843520745,390.9943846443673,531.1118189479336,70.38230840700442,False,88.29999999999984,-0.001849243046682378,-0.03300378846754228,-67.76843056713398,696.6250959352135,0.03305555555509512,183.207,-0.050005001899455934,-0.035602450791495883,-458.7628152115013,165.51327698727994
1075615.0,0.0481,0.2196,9.8071,-0.0009,0.0018,9.8066,0.0071,-0.0174,0.0088,170.58,-81.54,170.34,53.057503,-1.758886,0.0,3,357.51,19 / 22,0.04786269546123677,0.011776066700544902,0.020487174166992767,390.9992335763102,531.1125448717493,70.38455559802095,False,88.40099999999995,-0.001010090739798562,-0.018027279415295208,-67.76849740649752,696.636215427639,0.018055555555555557,183.207,-0.04887278620103533,-0.02980334611584011,-458.76773098280773,165.52367055588968
1075715.0,-0.077,0.2896,9.8894,0.0006,0.0016,9.8066,0.0136,-0.014,-0.0082,167.13,-81.52,170.42,53.057503,-1.758886,0.0,3,357.51,19 / 22,0.04710859949817682,0.012452292543760755,0.020950098041940698,391.00398214105815,531.1137562897114,70.38662746163139,False,88.50099999999986,-0.0010105569355245657,-0.018035599698101246,-67.77518134284182,696.636215427639,0.018063888888887866,183.207,-0.048119156433701384,-0.030487892241862,-458.7791634839,165.5224591379275
1075815.0,0.05,0.1647,9.8433,-0.0007,0.0009,9.8066,0.0058,-0.023,-0.0025,167.25,-81.5,170.41,53.057503,-1.758886,0.0,3,357.51,19 / 22,0.045753047526018144,0.015301951908196387,0.02288208333565654,391.00862522340935,531.115144001934,70.38881907070028,False,88.601,-0.0010556225223756555,-0.018839893702757564,-67.78179843983561,696.6363266225704,0.018869444444417297,183.207,-0.0468086700483938,-0.03414184561095395,-458.79042366324495,165.5211826206364
1075914.0,-0.0461,0.0845,9.8413,-0.0002,0.0007,9.8066,0.0029,-0.012,-0.0094,167.14,-81.47,170.39,53.057503,-1.758886,0.0,3,357.51,19 / 22,0.0413555964569986,0.025799696515008977,0.022449718335306054,391.0129371012865,531.1171785335309,70.39106299488299,False,88.69999999999993,-0.0009479313096619349,-0.016917908374440037,-67.78179843983561,696.6473349207713,0.016944444444530655,183.207,-0.042303527766660534,-0.042717604889449014,-458.7947355411221,165.53015638724037
1076014.0,0.0105,0.1763,9.7618,-0.0014,0.0028,9.8066,-0.0189,0.0007,0.0026,167.26,-81.44,170.37,53.057503,-1.758886,0.0,3,357.51,19 / 22,0.03938956605222799,0.03474141247676164,0.018648760585010568,391.01697435941196,531.1202055889805,70.393117918829,False,88.79999999999984,-0.001118869742540852,-0.019968678736848735,-67.78848237616621,696.6473349207718,0.019999999999906204,183.207,-0.040508435794768836,-0.05471009121361038,-458.80545673557816,165.52712933179123
1076114.0,0.0489,0.3112,9.8777,0.0007,0.003,9.8066,-0.0057,0.0175,-0.001,167.27,-81.43,170.38,53.057503,-1.758886,0.0,3,357.51,19 / 22,0.03592272180797856,0.032047764250276556,0.01696494649726055,391.02073997380495,531.1235450478168,70.39489860418313,False,88.89999999999998,-0.0015073661809244182,-0.02690224774272265,-67.78848237616641,696.6473349207718,0.026944444444341784,183.207,-0.037430087988902974,-0.05895001199299921,-458.8092223499714,165.52378987295492
1076214.0,0.0147,0.0818,9.8556,-0.0013,0.002,9.8066,-0.0101,0.0264,0.0027,167.32,-81.4,170.43,53.057503,-1.758886,0.0,3,357.51,19 / 22,0.03192460195991724,0.033635827717431184,0.019520204522666944,391.02413233999334,531.1268292274152,70.39672286173412,False,88.99999999999989,-0.0012898081754353342,-0.023019449099535214,-67.79516631249719,696.6473349207718,0.023055555555559975,183.207,-0.033214410135352576,-0.0566552768169664,-458.81929865249055,165.52050569335654
1076314.0,0.0536,0.2387,9.7919,0.0017,0.0025,9.8066,0.0064,0.0065,-0.0052,170.82,-81.37,170.48,53.057503,-1.758886,0.0,3,357.51,19 / 22,0.027729073110373148,0.03793345190275283,0.01804567384426897,391.0271150237469,531.1304076913963,70.39860115565247,False,89.10000000000002,-0.0009479313096522888,-0.016917908374267883,-67.80185024884138,696.6584544131973,0.01694444444435823,183.207,-0.028677004420025437,-0.054851360277020714,-458.8289652725883,165.52804672180105
1076414.0,0.0175,0.338,9.8696,0.0005,0.0005,9.8065,0.0013,0.0151,-0.0008,167.36,-81.35,170.47,53.057503,-1.758886,0.0,3,357.51,19 / 22,0.02643509182443164,0.030935548786695778,0.017387322767626816,391.02982323199365,531.1338511414308,70.40037280548306,False,89.19999999999993,-0.0006215943014289686,-0.011093710409670669,-67.80853418518507,696.6584544131973,0.01111111111136975,183.207,-0.027056686125860607,-0.04202925919636645,-458.8383574171787,165.52460327176652
1076514.0,0.0381,0.2167,9.9065,-0.0012,0.0017,9.8066,0.0127,-0.0233,-0.0037,167.41,-81.34,170.53,53.057503,-1.758886,0.0,3,357.51,20 / 22,0.025700664943968065,0.02605671163835499,0.02169822435247653,391.0324300198321,531.136700754452,70.40232708283907,False,89.29999999999984,-0.000668213874019156,-0.011925738690092828,-67.80853418518537,696.6584544131973,0.011944444444418863,183.207,-0.02636887881798722,-0.03798245032844782,-458.8409642050174,165.5217536587453
1076614.0,0.0464,0.1334,9.7667,0.0004,0.0038,9.8066,-0.0106,-0.0116,0.0018,167.44,-81.3,170.55,53.057503,-1.758886,0.0,3,357.51,20 / 22,0.021983059146528858,0.030126373284406597,0.020989240699608554,391.03481420603663,531.1395099086982,70.40446145609167,False,89.39999999999998,-0.00017093843289633676,-0.003050770362719585,-67.81521812152936,696.66957390633,0.0030555555556869285,183.207,-0.022153997579425194,-0.03317714364712618,-458.850032327566,165.53006399763183
1076714.0,-0.0609,0.2619,9.8477,-0.0007,0.0015,9.8066,-0.005,-0.0171,-0.0007,170.92,-81.3,170.55,53.057503,-1.758886,0.0,3,357.51,20 / 22,0.023420658960722283,0.03231006491061833,0.01788760459466727,391.037084391942,531.142631730608,70.40640529835638,False,89.49999999999989,-0.0002175580054950203,-0.0038827986432933784,-67.82190205786023,696.6695739063301,0.003888888888887914,183.207,-0.023638216966217304,-0.03619286355391171,-458.8589864498023,165.52694217572218
1076814.0,-0.0714,0.2673,9.9069,0.0001,-0.0008,9.8066,-0.0053,0.0104,-0.0033,167.34,-81.27,170.55,53.057503,-1.758886,0.0,3,357.51,20 / 22,0.030764703694592315,0.02971019766910449,0.02120971390547542,391.0397936600748,531.145732743737,70.40836016428139,False,89.60000000000002,-0.0008391523069070482,-0.014976509052661697,-67.82190205786034,696.6695739063301,0.014999999999954841,183.207,-0.03160385600149936,-0.04468670672176619,-458.86169571793516,165.52384116259316
1076914.0,0.0077,0.0319,9.7666,-0.0014,0.0018,9.8066,-0.0016,0.0074,0.004,167.46,-81.24,170.52,53.057503,-1.758886,0.0,3,357.51,20 / 22,0.03196749316693429,0.03672244551583015,0.020586756819651855,391.04293026991786,531.1490543758962,70.41044998781764,False,89.69999999999993,-0.000668213874028166,-0.011925738690253632,-67.82858599419073,696.6695739063301,0.01194444444457992,183.207,-0.032635707040962456,-0.04864818420608378,-458.8715162641086,165.52051953043394
1077014.0,0.0762,0.2052,9.8194,-0.0006,0.0014,9.8066,-0.0097,0.0091,0.0125,167.47,-81.21,170.51,53.057503,-1.758886,0.0,3,357.51,20 / 22,0.0262964426450797,0.04388552672020002,0.01633849329670519,391.04584346670845,531.153084774508,70.41229625032346,False,89.79999999999984,-0.0014607466082997467,-0.02607021946168505,-67.83526993056148,696.680693398048,0.02611111111067626,183.207,-0.027757189253379447,-0.06995574618188508,-458.8811133972699,165.52760862354
1077114.0,-0.0071,0.2097,9.9083,-0.0021,0.002,9.8066,0.0016,-0.0023,0.0082,167.51,-81.22,170.58,53.057503,-1.758886,0.0,3,357.51,20 / 22,0.023733343610060215,0.04273234923149433,0.018749719302206116,391.0483449560212,531.1574156683056,70.41405066095341,False,89.89999999999998,-0.0007769928767782299,-0.013867138011945897,-67.84195386690567,696.6806933980483,0.013888888889069525,183.207,-0.024510336486838445,-0.05659948724344023,-458.89029882292687,165.52327772974274
1077214.0,0.1279,0.0485,9.7827,-0.0012,0.0014,9.8066,0.0078,-0.0256,0.0086,167.3,-81.19,170.51,53.057503,-1.758886,0.0,3,357.51,20 / 22,0.017939904962247708,0.047762754459881734,0.019239511406872276,391.0504286184498,531.1619404234901,70.41595012248887,False,89.99999999999989,-6.215943014226263e-05,-0.001109371040955747,-67.84195386690577,696.6806933980483,0.001111111111125638,183.207,-0.01800206439238997,-0.048872125500837485,-458.8923824853556,165.5187529745582
1077314.0,0.016,0.1809,9.8086,0.002,0.0014,9.8066,0.0037,-0.0095,-0.0142,167.39,-81.18,170.53,53.057503,-1.758886,0.0,3,357.51,20 / 22,0.011783899130329442,0.053023849715775936,0.015418584695840225,391.05191480865443,531.1669797536989,70.417683027294,False,90.10000000000002,-0.0013985871781918107,-0.02496084842134193,-67.84863780321008,696.6806933980484,0.025000000000164214,183.207,-0.013182486308521252,-0.07798469813711786,-458.9005526118645,165.51371364434954
1077414.0,0.1087,0.1809,9.9247,-0.0009,0.0005,9.8066,-0.0149,-0.0004,0.0047,170.97,-81.16,170.58,53.057503,-1.758886,0.0,3,357.51,20 / 22,0.008789893462132327,0.052348467568731495,0.018205796991459595,391.05294349828404,531.1722483695631,70.41936424637836,False,90.19999999999993,-0.002020181479569564,-0.036054558830098546,-67.85532173958035,696.6918128911807,0.036111111110618474,183.207,-0.010810074941701891,-0.08840302639883005,-458.9082652378644,165.51956452161755
1077514.0,-0.0097,0.0361,9.7678,-0.0016,0.0039,9.8066,-0.0195,0.0223,-0.0035,167.57,-81.14,170.6,53.057503,-1.758886,0.0,3,357.51,21 / 21,0.0059995365831753845,0.05801542695178404,0.0188409274427376,391.0536829697863,531.1777665642892,70.42121658260007,False,90.29999999999984,-0.0004506558685736879,-0.008042940047683817,-67.85532173958065,696.6918128911811,0.008055555556416703,183.207,-0.006450192451749073,-0.06605836699946786,-458.9090047093669,165.51404632689196
1077614.0,-0.0273,0.2354,9.8489,-0.001,0.0,9.8066,-0.002,0.0111,0.005,167.53,-81.13,170.54,53.057503,-1.758886,0.0,3,357.51,21 / 21,0.009578602513430148,0.06166675100720781,0.0161592883263272,391.05446187674113,531.1837506731871,70.42296659338852,False,90.39999999999998,-0.00010877900275258861,-0.0019413993217373242,-67.86200567592462,696.6918128911811,0.0019444444445347346,183.207,-0.009687381516182736,-0.06360815032894514,-458.9164675526657,165.50806221799405
1077714.0,-0.1441,0.2144,9.9205,-0.0008,0.0016,9.8066,0.008,-0.0005,-0.0039,167.56,-81.13,170.58,53.057503,-1.758886,0.0,3,357.51,21 / 21,0.01982929437762355,0.0586011664918958,0.020369645077372177,391.0559322715857,531.189764069062,70.4247930400587,False,90.49999999999989,-0.0011810291726863302,-0.021078049777861874,-67.86868961228208,696.6918128911811,0.021111111111089324,183.207,-0.021010323550309882,-0.07967921626975767,-458.92462188386776,165.50204882211915
1077814.0,0.01,-0.0111,9.7245,0.0028,-0.0009,9.8066,-0.0028,-0.0153,-0.0049,170.96,-81.12,170.68,53.057503,-1.758886,0.0,3,357.51,21 / 21,0.025451454306749676,0.06587832545917754,0.018661448315768294,391.0581963090199,531.1959880436596,70.42674459472836,False,90.60000000000002,-0.001460746608315806,-0.026070219461971657,-67.8686896122822,696.7029323828992,0.026111111110963318,183.207,-0.026912200915065482,-0.0919485449211492,-458.9268859213021,165.50694433923968
1077914.0,0.1242,0.2578,9.8625,-0.0015,0.0046,9.8066,0.0036,-0.0125,-0.0226,167.46,-81.11,170.59,53.057503,-1.758886,0.0,3,357.51,21 / 21,0.019492935106296676,0.06780189006978157,0.014744481068404178,391.0604435284905,531.202672054436,70.42841489119756,False,90.69999999999993,-0.000901311737075827,-0.016085880094090687,-67.87537354857272,696.7029323828992,0.01611111111155446,183.207,-0.0203942468433725,-0.08388777016387226,-458.93581707706323,165.50026032846324
1078014.0,-0.0276,0.1534,9.8567,0.002,-0.0008,9.8066,0.0026,-0.0008,-0.0005,167.44,-81.07,170.52,53.057503,-1.758886,0.0,3,357.51,21 / 21,0.016770373542952067,0.0629639063000334,0.01703355890813954,391.06225669392296,531.2092103442545,70.43000379319639,False,90.79999999999984,-0.0007769928767719406,-0.01386713801183365,-67.88205748494347,696.7029323828992,0.013888888888957101,183.207,-0.017547366419724007,-0.07683104431186705,-458.9443141788664,165.4937220386447
1078114.0,0.1028,0.1424,9.8923,-0.0011,0.0011,9.8066,-0.0065,0.0061,-0.0004,167.56,-81.05,170.51,53.057503,-1.758886,0.0,3,357.51,21 / 21,0.014287484158064006,0.06384137261394758,0.02024577507192655,391.063809586808,531.2155506082003,70.4318677598954,False,90.89999999999998,-0.0010567103124005154,-0.018859307695927356,-67.88205748494367,696.7029323828992,0.018888888888814993,183.207,-0.015344194470464522,-0.08270068030987493,-458.9458670717517,165.48738177469897
1078214.0,-0.0121,0.1391,9.8121,0.0001,0.0022,9.8066,-0.0169,0.0147,0.0018,167.56,-81.04,170.49,53.057503,-1.758886,0.0,3,357.51,21 / 21,0.011414405824055321,0.06503298729049489,0.02108065881113408,391.06509468130713,531.2219943261955,70.43393408158954,False,90.99999999999989,-0.0004972754411322357,-0.008874968327541298,-67.88874142127446,696.7140518774468,0.008888888888900258,183.207,-0.011911681265187556,-0.07390795561803619,-458.9538361025816,165.49205755125126
1078314.0,-0.0634,0.1341,9.8598,-0.0012,0.0017,9.8066,-0.0015,0.0253,0.0009,167.54,-81.04,170.47,53.057503,-1.758886,0.0,3,357.51,21 / 21,0.015791641425965147,0.06791335317983616,0.020409059989467373,391.06645498366964,531.228641643219,70.43600856752957,False,91.10000000000002,-0.0005594348712698342,-0.009984339368413805,-67.89542535761855,696.7140518774468,0.009999999999942524,183.207,-0.016351076297234982,-0.07789769254824996,-458.9618803412882,165.48541023422774
1078414.0,-0.1392,0.2851,9.8298,0.0021,0.0005,9.8066,-0.0015,0.0156,-0.0091,170.98,-81.02,170.5,53.057503,-1.758886,0.0,3,357.51,21 / 21,0.026173125395563022,0.06495007114582887,0.020590450991044385,391.06855322201073,531.2352848144353,70.4380585430786,False,91.19999999999993,-0.0003418768657876208,-0.0061015407253489935,-67.89542535761855,696.7140518774468,0.006111111111283535,183.207,-0.026515002261350642,-0.07105161187117787,-458.96397857962927,165.47876706301145
1078514.0,0.0595,0.1683,9.8582,0.0016,0.0005,9.8066,-0.0045,0.008,0.0034,170.96,-81.02,170.47,53.057503,-1.758886,0.0,3,357.51,20 / 22,0.030457239181471356,0.05991958149449355,0.020676633342384915,391.0713847402396,531.2415282970674,70.44012189729527,False,91.29999999999984,-0.00010877900275469091,-0.0019413993217748454,-67.90210929396243,696.7140518774468,0.0019444444445723148,183.207,-0.030566018184226048,-0.061860980816268396,-458.973494034202,165.4725235803794
1078615.0,-0.0792,0.1368,9.8693,0.0033,-0.0014,9.8066,0.0221,-0.0066,-0.0169,167.84,-81.03,170.69,53.057503,-1.758886,0.0,3,357.51,20 / 22,0.03027772559718226,0.06184974878461327,0.02247717334103274,391.0744518559609,531.2476776482465,70.44230116453278,False,91.40099999999995,-0.001010090739798562,-0.018027279415295208,-67.90217613332584,696.7141630723638,0.018055555555555557,183.207,-0.03128781633698082,-0.07987702819990848,-458.9766279892867,165.4664854241173
1078715.0,-0.0597,0.2169,9.9322,-0.0033,0.0019,9.8066,0.0103,-0.0254,0.0013,167.45,-80.97,170.45,53.057503,-1.758886,0.0,3,357.51,20 / 22,0.03522252475557152,0.06243131086364888,0.027104097339870632,391.0777268684785,531.2538917012289,70.44478022806682,False,91.50099999999986,-0.001004962586812522,-0.017935756304428792,-67.90886006965712,696.7251713691649,0.017963888888900145,183.207,-0.03622748734238404,-0.08036706716807768,-458.98658693813564,165.47127966793596
1078814.0,0.0504,0.0234,9.7506,-0.0011,0.0031,9.8066,-0.0062,-0.0304,-0.0046,167.53,-80.95,170.36,53.057503,-1.758886,0.0,3,357.51,20 / 22,0.03294042941803192,0.06633397143695281,0.025962695238894825,391.0811009347101,531.2602655827028,70.44740703429947,False,91.60000000000002,-0.0004972754411417051,-0.0088749683277103,-67.91547716666418,696.7251713691649,0.008888888889069524,183.207,-0.03343770485917363,-0.07520893976466311,-458.99657810137427,165.46490578646205
1078914.0,0.0312,0.0924,9.803,-0.0013,0.0008,9.8066,-0.0085,-0.0023,0.006,167.72,-80.94,170.43,53.057503,-1.758886,0.0,3,357.51,20 / 22,0.026145714239670347,0.07411164311862027,0.01953104095306301,391.084055241893,531.2672878634306,70.44968172110907,False,91.69999999999993,-0.0011810291726572332,-0.021078049777342567,-67.92216110299458,696.7251713691649,0.021111111110569205,183.207,-0.02732674341232758,-0.09518969289596284,-459.00621634488755,165.45788350573423
1079014.0,0.0005,0.2501,9.964,-0.0006,-0.0011,9.8066,0.001,0.0066,-0.0062,167.54,-80.93,170.37,53.057503,-1.758886,0.0,3,357.51,20 / 22,0.024521561721190813,0.07177269984465394,0.023133634810097718,391.086588605691,531.2745820805787,70.45181495489723,False,91.79999999999984,-0.0006215943014316718,-0.01109371040971891,-67.92216110299488,696.7362908622973,0.011111111111418066,183.207,-0.025143156022622484,-0.08286641025437284,-459.0087497086859,165.46170878171858
1079114.0,-0.015,0.0489,9.8811,0.001,0.0006,9.8066,-0.0078,0.0099,0.0057,167.42,-80.92,170.35,53.057503,-1.758886,0.0,3,357.51,20 / 22,0.02461535629720185,0.07201547316681695,0.02951508958859656,391.0890454515919,531.2817714892293,70.45444739111717,False,91.89999999999998,-0.0011810291726792811,-0.021078049777736065,-67.92884503932557,696.7362908622977,0.021111111110963317,183.207,-0.025796385469881132,-0.093093522944553,-459.01789049091747,165.45451937306836
1079214.0,-0.0013,0.1013,9.8451,-0.0007,-0.0012,9.8066,0.0139,-0.003,0.0109,167.55,-80.92,170.38,53.057503,-1.758886,0.0,3,357.51,20 / 22,0.023406626441702872,0.07841317516641184,0.02988607615030278,391.09144655072885,531.2892929216459,70.45741744940412,False,91.99999999999989,-0.0010100907397987563,-0.018027279415298678,-67.92884503932567,696.7362908622977,0.01805555555555903,183.207,-0.024416717181501627,-0.09644045458171052,-459.0202915900545,165.44699794065173
1079314.0,-0.1107,0.2006,9.9406,-0.002,0.0006,9.8066,0.0064,-0.0163,0.0044,167.48,-80.91,170.43,53.057503,-1.758886,0.0,3,357.51,20 / 22,0.0277575869516906,0.07843764449992642,0.03273016472776742,391.09400476139854,531.2971354626293,70.46054826144803,False,92.10000000000002,-0.001227648745287895,-0.021910078058487083,-67.92884503932576,696.7362908622977,0.02194444444434181,183.207,-0.028985235696978494,-0.10034772255841351,-459.0228498007243,165.43915539966838
1079414.0,0.0627,0.0869,9.896,-0.0006,0.0013,9.8066,0.0097,-0.0283,0.0062,171.0,-80.9,170.46,53.057503,-1.758886,0.0,3,357.51,20 / 22,0.029119693204373288,0.07855117599013368,0.03731089001859375,391.0968486254063,531.3049849036538,70.46405031418534,False,92.19999999999993,-0.0008391523069267996,-0.014976509053014205,-67.93552897566944,696.7362908622977,0.015000000000307902,183.207,-0.029958845511300087,-0.09352768504314789,-459.0323776010758,165.43130595864386
1079515.0,-0.1662,0.0489,9.8155,-0.001,-0.0008,9.8066,-0.0021,0.0115,-0.001,167.65,-80.89,170.51,53.057503,-1.758886,0.0,3,357.51,22 / 22,0.03128017329268753,0.08561709006645708,0.035929491515809486,391.0998988186644,531.3132754010896,70.46774895345284,False,92.30100000000004,-0.0011731038453671116,-0.020936604970566916,-67.93559581503312,696.7362908622977,0.020969444444848374,183.207,-0.03245327713805464,-0.106553695037024,-459.03549463369757,165.42301546120802
1079614.0,0.021,0.1774,9.8985,-0.0032,-0.001,9.8066,-0.0015,0.0055,-0.0005,171.01,-80.88,170.47,53.057503,-1.758886,0.0,3,357.51,22 / 22,0.03531659551128864,0.08776322722502983,0.03477702028843525,391.1031953587202,531.3218577267955,70.47124892578715,False,92.39999999999998,-0.0003884964383957753,-0.0069335690060918186,-67.94221291202702,696.7362908622977,0.0069444444446538165,183.207,-0.035705091949684416,-0.09469679623112165,-459.0454082707472,165.41443313550212
1079714.0,0.0591,0.1385,9.9467,0.0002,0.0,9.8066,-0.0197,0.0257,0.0092,167.58,-80.87,170.38,53.057503,-1.758886,0.0,3,357.51,22 / 22,0.030289975679080424,0.08396982003349361,0.039416217245161055,391.1064756872797,531.3304443791585,70.47495858766382,False,92.49999999999989,-0.0006215943014142347,-0.011093710409407705,-67.94221291202712,696.7474103540159,0.011111111111106374,183.207,-0.030911569980494658,-0.09506353044290132,-459.04868859930684,165.41696597485736
1079814.0,-0.0038,-0.0192,9.7913,0.0001,-0.0015,9.8066,0.0081,0.0066,-0.0057,167.47,-80.89,170.41,53.057503,-1.758886,0.0,3,357.51,22 / 22,0.024982999803962295,0.08919856662634817,0.03880353465839415,391.10923933605386,531.3391027984915,70.478869575259,False,92.60000000000002,-0.000901311737063425,-0.016085880093869347,-67.94889684837129,696.7474103540159,0.016111111111332774,183.207,-0.02588431154102572,-0.10528444672021753,-459.05813618442517,165.4083075555244
1079914.0,0.0077,0.1929,9.9374,0.0002,0.0025,9.8066,0.0034,-0.0029,-0.0063,167.38,-80.86,170.3,53.057503,-1.758886,0.0,3,357.51,22 / 22,0.023090253510412686,0.09186077195898879,0.037887504459630614,391.11164299871956,531.3481557654208,70.4827041272149,False,92.69999999999993,-0.0017404640439233911,-0.03106238914569076,-67.95558078471497,696.7474103540159,0.031111111110446014,183.207,-0.024830717554336076,-0.12292316110467955,-459.06722378343454,165.3992545885951
1080014.0,-0.0665,0.1855,9.8694,0.0007,0.0024,9.8066,0.0034,-0.0169,-0.0053,167.58,-80.86,170.37,53.057503,-1.758886,0.0,3,357.51,22 / 22,0.025978861284657314,0.08620022940570873,0.04042812879067863,391.1140964544593,531.3570588154889,70.48661990887742,False,92.79999999999984,-0.0004972754411697599,-0.008874968328211,-67.95558078471527,696.7474103540159,0.008888888889571012,183.207,-0.026476136725827073,-0.09507519773391973,-459.06967723917455,165.39035153852694
1080115.0,-0.0367,0.0851,9.8201,0.0023,0.0009,9.8066,0.0001,-0.0092,-0.0135,170.95,-80.85,170.34,53.057503,-1.758886,0.0,3,357.51,22 / 22,0.02987321211912968,0.08622781732217695,0.03763479447208057,391.11691698416615,531.3657664318487,70.4905620865022,False,92.90099999999995,-0.0008413278869612901,-0.015015337039081991,-67.95564762407834,696.7585298471487,0.01503888888883106,183.207,-0.03071454000609097,-0.10124315436125894,-459.0725646082445,165.3927634153
1080215.0,-0.1151,0.1759,9.9103,0.0013,0.0002,9.8066,-0.0062,0.0039,-0.0128,167.53,-80.84,170.46,53.057503,-1.758886,0.0,3,357.51,22 / 22,0.0350309727591999,0.08697143842276582,0.03696632530126398,391.12016219341007,531.3744263946359,70.49429214249086,False,93.00099999999986,-0.0010489403836379222,-0.01872063631590051,-67.96233156039635,696.7585298471487,0.01875000000001705,183.207,-0.03607991314283782,-0.10569207473866633,-459.08249375380643,165.38410345251282
1080315.0,0.0898,0.2061,9.8693,0.0014,-0.0005,9.8066,-0.0066,0.0145,-0.0049,167.49,-80.84,170.4,53.057503,-1.758886,0.0,3,357.51,22 / 22,0.03477513460199805,0.08158607235794013,0.03848912650608409,391.12365249877814,531.3828542701749,70.49806491508123,False,93.101,-0.0002846901900547831,-0.005080919367634796,-67.96894865739014,696.7585298471487,0.005088888889012984,183.207,-0.03505982479205283,-0.08666699172557493,-459.09260115616826,165.37567557697378
1080415.0,-0.0391,0.2397,9.8745,0.0003,0.0015,9.8066,-0.0128,0.0223,-0.0012,167.61,-80.84,170.39,53.057503,-1.758886,0.0,3,357.51,22 / 22,0.03199222224865439,0.07365787944257643,0.03826200753016649,391.12699086662064,531.390616467765,70.50190247178304,False,93.20099999999991,-0.0007731079124015444,-0.013797802322014767,-67.96894865739014,696.7585298471487,0.01381944444475298,183.207,-0.032765330161055935,-0.0874556817645912,-459.09593952401076,165.3679133793837
1080515.0,0.0516,0.0385,9.8464,0.0004,-0.0006,9.8066,-0.0019,0.0167,0.0021,167.58,-80.83,170.34,53.057503,-1.758886,0.0,3,357.51,21 / 22,0.029683820789212254,0.0742269268540885,0.037095706400647736,391.1300746687725,531.3980107080798,70.50567035747959,False,93.30100000000004,-0.00039300299705646803,-0.007013998406121687,-67.96901549675326,696.7586410420727,0.007024999999770315,183.207,-0.030076823786268723,-0.08124092526021019,-459.0990901655258,165.36063033399284
1080614.0,0.0095,0.0813,9.9235,0.0,-0.0004,9.8066,-0.0042,0.0258,0.0025,167.58,-80.83,170.34,53.057503,-1.758886,0.0,3,357.51,21 / 22,0.024265309322221866,0.08066544837003436,0.03812029544054613,391.13274515071305,531.4056778806535,70.50939354957072,False,93.39999999999998,-0.0008391523069029141,-0.014976509052587917,-67.97563259372085,696.7696493395741,0.014999999999880945,183.207,-0.02510446162912478,-0.09564195742262228,-459.1083777444339,165.36397145892067
1080714.0,0.1602,0.2716,9.9141,-0.0008,-0.0021,9.8066,0.0137,0.0063,0.0039,167.55,-80.84,170.3,53.057503,-1.758886,0.0,3,357.51,21 / 22,0.01727361426965291,0.07564604332386285,0.0419350011244556,391.13482209689266,531.4134934552382,70.51339631439896,False,93.49999999999989,-0.0015695256110707795,-0.02801161878375155,-67.97563259372095,696.7696493395742,0.02805555555554068,183.207,-0.01884313988072369,-0.1036576621076144,-459.1104546906136,165.3561558843361
1080815.0,0.0363,-0.0172,9.8303,0.0009,0.0007,9.8066,0.0048,0.0013,0.009,167.51,-80.84,170.24,53.057503,-1.758886,0.0,3,357.51,21 / 22,0.009249486138346981,0.0753303195402485,0.04127221845579354,391.13616151346326,531.4211177615628,70.51759827898776,False,93.601,-0.0008436588656011211,-0.015056938453287311,-67.98231653007831,696.7696493395742,0.015080555555668016,183.207,-0.010093145003948102,-0.09038725799353582,-459.1184780435416,165.3485315780115
1080915.0,-0.1627,0.0178,9.8473,-0.0011,0.0004,9.8066,0.0113,-0.0341,0.0057,167.49,-80.83,170.39,53.057503,-1.758886,0.0,3,357.51,21 / 22,0.013544894724896422,0.08845161882301715,0.03781413568742207,391.13730123250645,531.4293068584809,70.52155259669492,False,93.70099999999991,-0.0012863894067924962,-0.022958433692550118,-67.98231653007831,696.7696493395742,0.022994444444715954,183.207,-0.014831284131688919,-0.11141005251556726,-459.11961776258477,165.34034248109333
1081015.0,0.0478,0.0997,9.816,0.0003,0.0037,9.8066,-0.0078,-0.0256,0.0033,167.67,-80.81,170.48,53.057503,-1.758886,0.0,3,357.51,21 / 22,0.017813019250182673,0.09465069370873856,0.034267015334311764,391.1388691282052,531.4384619741076,70.525156654246,False,93.80100000000004,-0.0009440463452843483,-0.016848572684492826,-67.98238336944142,696.7696493395742,0.016875000000198002,183.207,-0.01875706559546702,-0.11149926639323139,-459.12125249764665,165.3311873654667
1081115.0,-0.0681,0.0059,9.8368,-0.0038,0.0024,9.8066,0.0042,-0.0088,0.0056,167.5,-80.78,170.36,53.057503,-1.758886,0.0,3,357.51,21 / 22,0.01740842677691125,0.09954222920478832,0.030805713034163563,391.14063020050656,531.4481716202532,70.52841029066443,False,93.90099999999995,-0.0005605226612989073,-0.010003753361658792,-67.98900046640911,696.7696493395742,0.01001944444441553,183.207,-0.017968949438210157,-0.10954598256644711,-459.12963066691566,165.32147771932102
1081215.0,0.0104,0.1544,9.8542,-0.0034,0.0003,9.8066,-0.0025,0.0073,0.0044,167.6,-80.76,170.3,53.057503,-1.758886,0.0,3,357.51,21 / 22,0.019107516670640583,0.10176981931584408,0.029487106079036103,391.14245599767895,531.4582372226793,70.53142493162008,False,94.00099999999986,-0.0006649505039385615,-0.011867496710476103,-67.98906730577241,696.7697605345127,0.011886111111118272,183.207,-0.019772467174579145,-0.11363731602632018,-459.13152330345133,165.3115233118334
1081315.0,0.0681,0.115,9.815,-0.0047,0.0021,9.8066,-0.0066,0.0151,0.0131,167.62,-80.76,170.34,53.057503,-1.758886,0.0,3,357.51,21 / 22,0.015917108073460282,0.09788680532395762,0.027439790167183977,391.1442072289162,531.4682200539113,70.53427127643239,False,94.101,-0.0003502683888587857,-0.0062513058159129895,-67.9956844027399,696.7807688334143,0.006261111111320522,183.207,-0.01626737646231907,-0.1041381111398706,-459.13989163165604,165.312548779503
1081415.0,0.065,0.0091,9.926,-0.0034,-0.0001,9.8066,-0.0025,0.0087,0.0157,167.48,-80.73,170.07,53.057503,-1.758886,0.0,3,357.51,21 / 22,0.009590507632126991,0.10011414102379254,0.028751071642101476,391.14548260970145,531.4781201012287,70.53708081952286,False,94.20099999999991,-0.0011797859840902436,-0.021055862357163377,-67.9956844027399,696.7807688334143,0.02108888888898762,183.207,-0.010770293616217235,-0.12117000338095592,-459.1411670124413,165.30264873218562
1081515.0,-0.0254,0.0815,9.8148,0.0,-0.0006,9.8066,0.009,-0.0108,-0.0042,167.56,-80.73,170.22,53.057503,-1.758886,0.0,3,357.51,20 / 21,0.007780112060510355,0.10425209913878464,0.0298571608957937,391.1463511406861,531.4883384132369,70.54001123114975,False,94.30100000000004,-0.0010478525936347485,-0.018701222323117755,-67.99575124210341,696.7807688334143,0.018730555556007007,183.207,-0.008827964654145103,-0.1229533214619024,-459.1421023827895,165.29243042017742
1081614.0,0.027,0.2125,9.9777,-0.0002,-0.0006,9.8066,0.0082,-0.0211,-0.0146,167.52,-80.73,170.15,53.057503,-1.758886,0.0,3,357.51,20 / 21,0.009662822389581322,0.09956913798721563,0.03291842676141959,391.14721456594134,531.4984275644746,70.54311862273877,False,94.39999999999998,-0.00017093843290207848,-0.0030507703628220584,-68.00236833911045,696.7807688334143,0.003055555555789558,183.207,-0.0098337608224834,-0.10261990835003769,-459.1495829050518,165.28234126893972
1081715.0,-0.0576,-0.0727,9.8984,0.0045,0.002,9.8065,0.0136,-0.0094,-0.0045,167.57,-80.72,170.01,53.057503,-1.758886,0.0,3,357.51,20 / 21,0.011251294363071165,0.10257096704170855,0.03926135274719394,391.14827072883736,531.5086356397785,70.54676370160395,False,94.50099999999986,-0.0010105569355245657,-0.018035599698101246,-68.00236833911055,696.7807688334143,0.018063888888887866,183.207,-0.01226185129859573,-0.1206065667398098,-459.1506390679479,165.2721331936358
1081814.0,0.0314,0.0777,9.8735,0.0044,-0.0006,9.8066,-0.0022,0.0014,0.0192,171.01,-80.71,170.49,53.057503,-1.758886,0.0,3,357.51,20 / 21,0.011625454847899955,0.11027233001747502,0.040045244835125705,391.1494031279233,531.5191713829829,70.55068937818429,False,94.60000000000002,-0.0010567103124087835,-0.01885930769607492,-68.00236833911065,696.7807688334144,0.018888888888962785,183.207,-0.012682165160308739,-0.12913163771354993,-459.15177146703394,165.2615974504315
1081916.0,0.0348,0.318,9.9529,-0.0014,0.0037,9.8065,-0.0165,0.0173,-0.0119,167.75,-80.71,170.52,53.057503,-1.758886,0.0,3,357.51,20 / 21,0.011733902197392688,0.1001106521949696,0.04327634310984436,391.1505944551326,531.5299009150757,70.55493877916948,False,94.70199999999988,-0.0013152935418401254,-0.023474291227156323,-68.00905227545464,696.7918883251325,0.02351111111195204,183.207,-0.013049195739232813,-0.12358494342212592,-459.1596467305872,165.2619874100568
1082014.0,0.1211,-0.0179,9.8017,-0.0005,-0.001,9.8066,-0.0064,0.0148,0.0181,170.98,-80.68,170.28,53.057503,-1.758886,0.0,3,357.51,20 / 21,0.007435211582800206,0.09456989883284697,0.042670036643365127,391.1515337417078,531.539440262076,70.55915015177739,False,94.79999999999984,-0.00027971743566896083,-0.004992169684814491,-68.00905227545464,696.7918883251325,0.0050000000005798045,183.207,-0.007714929018469167,-0.09956206851766146,-459.1605860171624,165.25244806305648
1082114.0,-0.0795,0.0874,9.8521,-0.0014,-0.0001,9.8066,0.0029,0.0174,0.0018,167.59,-80.69,170.43,53.057503,-1.758886,0.0,3,357.51,20 / 21,0.006372826971284243,0.10067383588365113,0.037990781146862766,391.1522241436355,531.5492024488119,70.5631831926669,False,94.89999999999998,-0.0006682138740148453,-0.011925738690015893,-68.00905227545464,696.7918883251325,0.011944444444341808,183.207,-0.007041040845299088,-0.11259957457366702,-459.16127641909014,165.2426858763206
1082214.0,-0.0204,0.1767,9.9237,-0.0006,0.0001,9.8066,0.0006,-0.001,0.0004,167.65,-80.69,170.32,53.057503,-1.758886,0.0,3,357.51,20 / 21,0.0124495955871287,0.09880120258822679,0.03919841397482713,391.15316526476346,531.5591762007355,70.56704265242298,False,94.99999999999989,-0.0012276487452930007,-0.021910078058578204,-68.01573621177212,696.7918883251325,0.021944444444433074,183.207,-0.013677244332421701,-0.120711280646805,-459.16890147653555,165.23271212439704
1082314.0,0.0508,0.0195,9.8115,-0.001,0.001,9.8066,0.0045,0.0002,0.0005,167.7,-80.69,170.41,53.057503,-1.758886,0.0,3,357.51,20 / 21,0.01160623166857223,0.09884093021551231,0.03849940187861021,391.15436805612626,531.5690583073757,70.57092754321566,False,95.10000000000002,-0.0001087790027574116,-0.0019413993218234022,-68.01573621177214,696.7918883251325,0.001944444444620947,183.207,-0.011715010671329643,-0.10078232953733571,-459.1701042678984,165.2228300177568
1082414.0,-0.0522,-0.0091,9.7617,0.0015,0.0004,9.8066,0.0013,-0.0155,-0.0212,167.85,-80.67,170.42,53.057503,-1.758886,0.0,3,357.51,20 / 21,0.010564263676551335,0.10686931715899345,0.031020241596820274,391.1554765808935,531.5793438197444,70.57440352538943,False,95.19999999999993,-0.0007769928767384975,-0.013867138011236783,-68.01573621177214,696.7918883251325,0.0138888888883593,183.207,-0.011341256553289832,-0.12073645517023024,-459.17121279266564,165.2125445053881
1082515.0,-0.0201,0.1989,10.0043,-0.001,0.0025,9.8066,-0.0164,-0.0155,0.0057,171.03,-80.66,170.36,53.057503,-1.758886,0.0,3,357.51,21 / 22,0.01450367978721214,0.1068705777691423,0.032921852857304604,391.1567425120384,531.5901376844383,70.57763260115937,False,95.30100000000004,-0.0006660382939718394,-0.011886910703796131,-68.01580305113539,696.7919995200635,0.011905555555666436,183.207,-0.015169718081183978,-0.11875748847293843,-459.1725455631738,165.2018618356252
1082614.0,0.0281,0.1398,9.8264,-0.0005,-0.0007,9.8066,-0.004,-0.0063,-0.0088,167.7,-80.67,170.4,53.057503,-1.758886,0.0,3,357.51,21 / 22,0.015743991663571107,0.0997193955391413,0.03713067992870275,391.15823977177524,531.600363888117,70.58110020153227,False,95.39999999999998,-0.00045065586852872604,-0.008042940046881372,-68.02242014811611,696.8030078182652,0.008055555555613002,183.207,-0.016194647532099832,-0.10776233558602268,-459.18065991989135,165.20264393014816
1082714.0,-0.0752,0.0016,9.8327,0.0016,0.0024,9.8066,-0.0186,0.0219,-0.0094,167.68,-80.66,170.35,53.057503,-1.758886,0.0,3,357.51,21 / 22,0.017128103554566905,0.10259742834040064,0.033507577939395634,391.15988337653613,531.610479729311,70.58463211442567,False,95.49999999999989,-0.0004972754411315467,-0.008874968327529003,-68.02242014811621,696.8030078182653,0.008888888888887942,183.207,-0.01762537899569845,-0.11147239666792964,-459.18230352465235,165.1925280889543
1082815.0,0.0114,0.1284,9.9268,-0.0017,-0.0021,9.8065,0.0053,0.0105,0.0165,167.67,-80.66,170.34,53.057503,-1.758886,0.0,3,357.51,21 / 22,0.01893492154662851,0.10585343779074914,0.03475707624849338,391.16170455930376,531.6210064980506,70.58807947946217,False,95.601,-0.0006748960127701216,-0.012044996077186043,-68.02248698747988,696.8030078182653,0.012063888889055642,183.207,-0.019609817559398633,-0.11789843386793518,-459.1841915467836,165.18200132021468
1082915.0,0.038,0.0966,9.8759,0.0001,-0.0002,9.8066,-0.0053,0.0217,0.0084,167.74,-80.66,170.44,53.057503,-1.758886,0.0,3,357.51,21 / 22,0.016596297224811773,0.10346585079991144,0.03759301481121209,391.16348112024235,531.6314724624801,70.59169698401514,False,95.70099999999991,-0.0013269484349867184,-0.023682298297244837,-68.02910408447359,696.8030078182653,0.023719444445197264,183.207,-0.01792324565979849,-0.12714814909715627,-459.19258520471595,165.17153535578518
1083014.0,0.0633,0.1231,9.8801,0.0016,-0.0018,9.8066,0.0076,0.0011,-0.0037,167.73,-80.67,170.45,53.057503,-1.758886,0.0,3,357.51,21 / 22,0.012428681751690393,0.10105434460966158,0.03795816508952625,391.16491785670166,531.6415962121529,70.59543676742022,False,95.79999999999984,-0.0003884964384131595,-0.006933569006402074,-68.02910408447359,696.8030078182653,0.006944444444964559,183.207,-0.012817178190103553,-0.10798791361606365,-459.19402194117527,165.16141160611244
1083114.0,-0.0968,0.1065,9.8528,-0.0009,-0.0001,9.8066,0.0043,-0.0061,0.0048,167.7,-80.67,170.39,53.057503,-1.758886,0.0,3,357.51,21 / 22,0.014551298266228075,0.09994602146769042,0.03734744032610433,391.1662668557026,531.6516462304568,70.59920204769101,False,95.89999999999998,-0.0002797174356381324,-0.004992169684264287,-68.02910408447359,696.8030078182653,0.005000000000028737,183.207,-0.014831015701866207,-0.10493819115195471,-459.1953709401762,165.15136158780854
1083214.0,0.1074,0.1529,9.9189,-0.0002,0.0008,9.8066,0.0021,-0.025,-0.0095,167.71,-80.68,170.42,53.057503,-1.758886,0.0,3,357.51,21 / 22,0.014791733083712413,0.09736708087572873,0.03847732427718264,391.1677340072701,531.661511885574,70.60299328592117,False,95.99999999999989,-0.00017093843288911107,-0.0030507703625906263,-68.02910408447359,696.8030078182653,0.003055555555557766,183.207,-0.014962671516601524,-0.10041785123831937,-459.1968380917437,165.14149593269133
1083314.0,-0.0147,0.133,9.8252,0.0003,-0.0005,9.8066,-0.0026,-0.0038,-0.0024,171.05,-80.67,170.4,53.057503,-1.758886,0.0,3,357.51,21 / 22,0.012188568550287939,0.09319953532689289,0.03826472563561293,391.1690830223518,531.6710402163841,70.60683038841682,False,96.10000000000002,-0.0004972754411407865,-0.008874968327693905,-68.02910408447359,696.8030078182653,0.008888888889053103,183.207,-0.012685843991428726,-0.1020745036545868,-459.1981871068254,165.13196760188123
1083414.0,-0.0826,0.0799,9.8593,0.0,-0.0008,9.8066,0.0001,0.0092,-0.0133,167.73,-80.67,170.45,53.057503,-1.758886,0.0,3,357.51,21 / 22,0.017208589603758588,0.09440582356021292,0.035551016790268286,391.1705528802595,531.6804204843285,70.61052117553811,False,96.19999999999993,-0.0011188697425185388,-0.01996867873645051,-68.02910408447359,696.8030078182653,0.019999999999507353,183.207,-0.018327459346277126,-0.11437450229666343,-459.1996569647331,165.12258733393685
1083515.0,0.0921,0.1583,9.879,0.0004,-0.0011,9.8065,-0.0016,0.0168,0.0154,167.71,-80.66,170.41,53.057503,-1.758886,0.0,3,357.51,21 / 22,0.0169317166748734,0.09367876809601666,0.035583989271734034,391.17227696572655,531.6899187562071,70.61411349334425,False,96.30100000000004,-0.001457327839676042,-0.026009204055041424,-68.03572118144126,696.8141273099835,0.026050000000174243,183.207,-0.01838904451454944,-0.11968797215105809,-459.2079981471678,165.12420855377638
1083614.0,0.01,0.1556,9.8989,0.0014,0.0,9.8066,0.0031,0.0125,-0.0011,171.18,-80.67,170.47,53.057503,-1.758886,0.0,3,357.51,21 / 22,0.013821331772126626,0.0887706429753158,0.037171935880969224,391.1737992416247,531.6989500020552,70.61771491163931,False,96.39999999999998,-0.0011188697425511518,-0.019968678737032557,-68.02910408447369,696.8141273099835,0.020000000000090314,183.207,-0.014940201514677778,-0.10873932171234835,-459.2029033260984,165.11517730792832
1083715.0,-0.0798,0.0498,9.7924,-0.0005,-0.0007,9.8066,0.0099,-0.0118,0.0065,167.62,-80.66,170.44,53.057503,-1.758886,0.0,3,357.51,21 / 22,0.017367980532482598,0.09091110823335855,0.03494429549882009,391.17537430189606,531.7080239304912,70.62135678132398,False,96.50099999999986,-0.0006649505039385615,-0.011867496710476103,-68.02910408447359,696.8141273099835,0.011886111111118272,183.207,-0.01803293103642116,-0.10277860494383464,-459.20447838636966,165.1061033794923
1083815.0,-0.024,0.1668,9.8765,-0.0004,0.0009,9.8066,0.0088,-0.0162,-0.0057,167.75,-80.66,170.47,53.057503,-1.758886,0.0,3,357.51,21 / 22,0.021537976807350312,0.09250310378528291,0.03206565117400038,391.17731959976305,531.7171946410922,70.62470727865762,False,96.601,-0.0003406336771734102,-0.006079353304327038,-68.02917092383699,696.8141273099835,0.006088888888857864,183.207,-0.021878610484523723,-0.09858245708960994,-459.20649052360005,165.09693266889133
1083915.0,0.0806,0.1495,9.9291,0.0002,-0.0013,9.8065,0.0004,-0.0044,-0.0084,167.78,-80.65,170.5,53.057503,-1.758886,0.0,3,357.51,21 / 22,0.019345562076273918,0.08826090023649451,0.03542855349789294,391.17936377670725,531.7262328412933,70.62808198889121,False,96.70099999999991,-0.0002237739484816016,-0.003993735746895569,-68.03578802080438,696.8141273099835,0.003999999999506319,183.207,-0.01956933602475552,-0.09225463598339008,-459.2151517975116,165.08789446869025
1084015.0,-0.0341,0.033,9.7584,0.0008,0.0003,9.8066,-0.0059,-0.0045,-0.0131,167.78,-80.66,170.52,53.057503,-1.758886,0.0,3,357.51,21 / 22,0.016700475320179098,0.09030209048440635,0.033267770473213346,391.18116607857706,531.7351609908293,70.63151680508977,False,96.80100000000004,-0.0008413278869583221,-0.01501533703902902,-68.03578802080438,696.8141273099835,0.015038888888778006,183.207,-0.01754180320713742,-0.10531742752343537,-459.21695409938144,165.07896631915423
1084114.0,0.0312,0.143,9.8002,-0.0009,0.0014,9.8066,-0.0099,0.011,0.017,167.71,-80.66,170.41,53.057503,-1.758886,0.0,3,357.51,21 / 22,0.01641655181085582,0.09259185347916477,0.025976102402232967,391.18280537142005,531.7442142410555,70.63444937679711,False,96.89999999999998,-0.0010567103124014341,-0.018859307695943753,-68.03578802080438,696.8141273099835,0.018888888888831414,183.207,-0.017473262123257255,-0.11145116117510852,-459.2185933922244,165.06991306892803
1084214.0,0.1375,0.167,9.9462,0.0003,-0.0003,9.8066,-0.0053,0.0157,0.0076,167.6,-80.66,170.49,53.057503,-1.758886,0.0,3,357.51,21 / 22,0.010264465436903148,0.08757607755648444,0.027736437041892905,391.18413942228244,531.7532226376072,70.63713500376932,False,96.99999999999989,-0.0008391523069098219,-0.0149765090527112,-68.03578802080438,696.8141273099835,0.01500000000000442,183.207,-0.01110361774381297,-0.10255258660919564,-459.2199274430868,165.0609046723763
1084314.0,-0.1731,-0.0014,9.776,-0.0001,-0.0003,9.8066,0.0011,-0.0027,0.0226,167.89,-80.66,170.48,53.057503,-1.758886,0.0,3,357.51,21 / 22,0.012254269535424498,0.09113381209785329,0.028204221485615293,391.18526535903106,531.76215813209,70.6399320366957,False,97.10000000000002,-0.0002175580054950733,-0.0038827986432943243,-68.03578802080438,696.8141273099835,0.003888888888888861,183.207,-0.01247182754091957,-0.09501661074114762,-459.22105337983544,165.0519691778935
1084414.0,-0.0383,0.1377,9.8284,-0.0009,-0.001,9.8066,0.0151,-0.0184,0.0118,171.17,-80.68,170.6,53.057503,-1.758886,0.0,3,357.51,21 / 22,0.02136010789391201,0.09677432671361846,0.023595338262773394,391.1869460779025,531.7715535390306,70.64252201468311,False,97.19999999999993,-0.0002175580054950733,-0.0038827986432943243,-68.03578802080438,696.8141273099835,0.003888888888888861,183.207,-0.021577665899407083,-0.10065712535691279,-459.2227340987069,165.0425737709529
1084514.0,-0.0092,0.1053,9.8945,0.0016,-0.0006,9.8066,0.0109,-0.0193,-0.0091,167.82,-80.66,170.6,53.057503,-1.758886,0.0,3,357.51,20 / 22,0.02323169821629793,0.09567555809850298,0.02471403752335324,391.189175668208,531.7811760332712,70.64493748347242,False,97.29999999999984,-0.0004972754411230136,-0.008874968327376711,-68.03578802080438,696.8141273099835,0.008888888888735413,183.207,-0.023728973657420944,-0.10455052642587968,-459.2249636890124,165.0329512767123
1084614.0,0.0664,-0.0387,9.8138,-0.0003,-0.0005,9.8066,0.0061,-0.027,-0.0072,167.88,-80.66,170.7,53.057503,-1.758886,0.0,3,357.51,20 / 22,0.018543843168305433,0.10132624178562455,0.025044431894855862,391.1912644452772,531.7910261232654,70.64742540694333,False,97.39999999999998,-0.00021755800549920734,-0.003882798643368105,-68.03578802080438,696.8141273099835,0.0038888888889627576,183.207,-0.01876140117380464,-0.10520904042899265,-459.2270524660816,165.02310118671812
1084714.0,-0.1172,0.0195,9.7649,0.0009,-0.0011,9.8066,-0.005,-0.0169,-0.0151,167.77,-80.65,170.7,53.057503,-1.758886,0.0,3,357.51,20 / 22,0.018266122496039275,0.1106667959782669,0.019817267110628926,391.19310494356046,531.8016257751535,70.64966849189359,False,97.49999999999989,-0.0008391523069088678,-0.014976509052694174,-68.03578802080438,696.8141273099835,0.014999999999987367,183.207,-0.019105274802948144,-0.12564330503096108,-459.22889296436483,165.01250153483
1084814.0,0.1925,0.0659,9.8602,-0.0027,0.0007,9.8066,-0.0135,-0.0073,0.0042,167.76,-80.66,170.68,53.057503,-1.758886,0.0,3,357.51,20 / 22,0.013708615673278697,0.11311970766824038,0.017346177044035387,391.19470368046893,531.8128151003359,70.65152666410133,False,97.60000000000002,-0.00021755800549691065,-0.0038827986433271158,-68.03578802080438,696.8141273099835,0.0038888888889217037,183.207,-0.013926173678775607,-0.1170025063115675,-459.2304917012733,165.0013122096476
1084914.0,-0.0016,0.1381,9.8547,-0.0001,0.0003,9.8066,0.0001,0.016,-0.0011,167.92,-80.65,170.68,53.057503,-1.758886,0.0,3,357.51,20 / 22,0.006116484734590704,0.10923366396888752,0.019062250487426206,391.1956949354893,531.8239327689178,70.6533470854779,False,97.69999999999993,-0.00034187686577246275,-0.006101540725078464,-68.03578802080438,696.8141273099835,0.006111111111012582,183.207,-0.006458361600363167,-0.11533520469396598,-459.2314829562937,164.99019454106576
1085015.0,0.0802,0.0522,9.8207,-0.0027,-0.0006,9.8066,-0.0071,0.0232,0.0215,167.73,-80.65,170.63,53.057503,-1.758886,0.0,3,357.51,20 / 22,0.004189412100910409,0.1076566542738673,0.01886855541431529,391.1962153832795,531.8348857299891,70.65526259117594,False,97.80100000000004,-0.0013280362249960048,-0.023701712290136685,-68.03578802080438,696.8141273099835,0.023738888889316575,183.207,-0.005517448325906414,-0.131358366564004,-459.23200340408386,164.97924157999444
1085114.0,-0.0614,0.0869,9.7677,0.0008,0.0005,9.8066,0.0039,0.0196,0.0024,167.76,-80.66,170.69,53.057503,-1.758886,0.0,3,357.51,20 / 22,0.004557212427211176,0.1086660563022994,0.014990604602168757,391.1966483411936,531.8455937041626,70.65693861959676,False,97.89999999999998,-0.0004972754411440018,-0.008874968327751292,-68.03578802080438,696.8141273099835,0.008888888889110578,183.207,-0.0050544878683551776,-0.1175410246300507,-459.232436361998,164.96853360582088
1085215.0,0.0824,0.1061,9.896,0.0,0.0007,9.8066,-0.0061,0.0088,0.0173,167.89,-80.65,170.71,53.057503,-1.758886,0.0,3,357.51,20 / 22,0.005307697498126766,0.10759597765378019,0.014905433911841055,391.19714651914484,531.8565149368774,70.65844836954172,False,98.00099999999986,-0.00022874670291916054,-0.00408248543063923,-68.03578802080438,696.8252468031163,0.004088888888864305,183.207,-0.005536444201045926,-0.11167846308441942,-459.2329345399492,164.96873186623895
1085314.0,0.0258,0.147,9.9228,0.0014,0.0009,9.8066,0.0087,-0.0079,-0.0085,171.27,-80.66,170.76,53.057503,-1.758886,0.0,3,357.51,20 / 22,0.0031881484268347572,0.10309427157944087,0.02131603132507898,391.19756706351814,531.8669441042144,70.66024133207095,False,98.10000000000002,-0.0013364277480264752,-0.023851477379974402,-68.03578802080438,696.8252468031162,0.023888888888626145,183.207,-0.004524576174861232,-0.12694574895941527,-459.2333550843225,164.95830269890178
1085414.0,-0.0403,0.0187,9.7151,-0.0004,0.0011,9.8066,-0.0034,-0.0136,-0.0004,167.96,-80.64,170.82,53.057503,-1.758886,0.0,3,357.51,20 / 22,0.00570631410570245,0.10410859288093774,0.01916412662631624,391.19801178664477,531.8773042474375,70.66226533996853,False,98.19999999999993,-0.000341876865822071,-0.006101540725963833,-68.03578802080438,696.814127309984,0.006111111111899343,183.207,-0.006048190971524521,-0.11021013360690157,-459.23379980744915,164.93682306254652
1085514.0,0.1545,0.1409,9.9375,0.0006,0.0009,9.8066,-0.0066,-0.0008,-0.0224,167.91,-80.65,170.92,53.057503,-1.758886,0.0,3,357.51,20 / 21,0.002134297542414246,0.10411916396905335,0.017959757632367318,391.1984038172272,531.88771563528,70.66412153418146,False,98.29999999999984,-0.0006682138740105699,-0.01192573868993959,-68.03578802080438,696.825246803116,0.011944444444265387,183.207,-0.0028025114164248162,-0.11604490265899295,-459.23419183803156,164.93753116783603
1085614.0,-0.021,0.1504,9.9569,-0.0012,-0.0002,9.8066,-0.0051,0.0226,-0.0092,167.97,-80.64,170.83,53.057503,-1.758886,0.0,3,357.51,20 / 21,-0.000535594487452975,0.09848248764590359,0.027212543987528533,391.19848375237996,531.8978457178607,70.66638014926247,False,98.39999999999998,-0.0004972754411341261,-0.008874968327575037,-68.03578802080438,696.8252468031163,0.008888888888934049,183.207,3.831904631884891e-05,-0.10735745597347862,-459.23427177318433,164.9274010852556
1085714.0,0.1231,-0.0344,9.7032,-0.0005,0.0003,9.8066,-0.0053,0.0036,0.0046,167.88,-80.64,170.87,53.057503,-1.758886,0.0,3,357.51,20 / 21,-0.00306680962506134,0.10125313936273211,0.025119662389397487,391.1983036321743,531.9078324992112,70.6689967595813,False,98.49999999999989,-0.0006682138740203927,-0.0119257386901149,-68.03578802080438,696.8252468031163,0.011944444444440969,183.207,0.002398595751040947,-0.11317887805284702,-459.2340916529787,164.91741430390516
1085814.0,0.1068,0.0983,9.8962,0.0024,0.0003,9.8066,-0.0051,0.0249,0.0088,167.88,-80.63,170.86,53.057503,-1.758886,0.0,3,357.51,20 / 21,-0.011002435156268689,0.10463663751196728,0.02076096303098715,391.19760016993524,531.918126988055,70.67129079085232,False,98.60000000000002,-0.00010877900274914356,-0.0019413993216758408,-68.03578802080438,696.8252468031163,0.001944444444473154,183.207,0.010893656153519546,-0.10657803683364311,-459.2333881907396,164.90711981506138
1085914.0,0.1963,0.0945,9.9486,-0.0032,0.0003,9.8066,0.0071,-0.0142,0.021,168.04,-80.65,170.97,53.057503,-1.758886,0.0,3,357.51,20 / 21,-0.01962248730258734,0.10152286618832539,0.027485568576330225,391.1960689238123,531.92843496324,70.6737031174327,False,98.69999999999993,-0.00021755800549025026,-0.003882798643208247,-68.03578802080438,696.8252468031163,0.0038888888888026487,183.207,0.01940492929709709,-0.10540566483153363,-459.23185694461665,164.89681183987636
1086014.0,0.0382,-0.0485,9.7534,0.0004,0.0013,9.8066,0.0008,-0.0085,0.0037,168.02,-80.64,170.92,53.057503,-1.758886,0.0,3,357.51,20 / 21,-0.025376421511135172,0.10559241023987954,0.02713248328987731,391.1938189783716,531.9387907270614,70.67643402002601,False,98.79999999999984,-0.0010100907397742349,-0.018027279414861038,-68.03578802080438,696.8252468031163,0.018055555555120704,183.207,0.02436633077136094,-0.12361968965474059,-459.229606999176,164.88645607605497
1086114.0,-0.0572,0.1089,9.8332,0.0006,-0.0016,9.8066,0.0035,-0.0199,-0.0069,168.07,-80.65,171.01,53.057503,-1.758886,0.0,3,357.51,20 / 21,-0.019596576348555092,0.11068351937400321,0.021927860796394166,391.19157032847863,531.9496045235421,70.67888703723033,False,98.89999999999998,-0.0004972754411391787,-0.008874968327665213,-68.03578802080438,696.8252468031163,0.008888888889024366,183.207,0.019099300907415913,-0.11955848770166842,-459.227358349283,164.8756422795742
1086214.0,0.0059,0.1048,9.947,0.0002,-0.0013,9.8066,-0.0082,-0.0048,-0.0021,167.95,-80.65,170.99,53.057503,-1.758886,0.0,3,357.51,20 / 21,-0.011997317268190937,0.1089237734060953,0.025731931676928593,391.1899906337978,531.9605848881811,70.681270026854,False,98.99999999999989,-0.0010567103124040134,-0.018859307695989785,-68.03578802080438,696.8252468031163,0.01888888888887752,183.207,0.010940606955786924,-0.12778308110208508,-459.22577865460215,164.86466191493525
1086315.0,-0.0411,-0.084,9.7471,-0.002,0.0018,9.8066,-0.0085,-0.0013,0.0077,168.08,-80.66,171.04,53.057503,-1.758886,0.0,3,357.51,20 / 21,-0.00787644465925136,0.11553471375144703,0.025340481925393173,391.18898700882045,531.9719200417826,70.68384918374092,False,99.101,-0.0006720988384098513,-0.011995074380273993,-68.03578802080438,696.8252468031163,0.012013888888985837,183.207,0.0072043458208415085,-0.12752978813172103,-459.2247750296248,164.85332676133373
1086415.0,0.1827,0.172,9.8674,-0.0019,-0.0001,9.8066,-0.0084,0.0107,0.0164,167.91,-80.63,170.92,53.057503,-1.758886,0.0,3,357.51,20 / 21,-0.01115088876208772,0.11656103634548336,0.021590409636584183,391.1880356421494,531.9835248292874,70.68619572831902,False,99.20099999999991,-0.001048940383671489,-0.018720636316499582,-68.03578802080438,696.8252468031163,0.018750000000617068,183.207,0.010101948378416232,-0.13528167266198293,-459.22382366295375,164.84172197382895
1086515.0,-0.1369,-0.0007,9.8484,-0.0022,0.0013,9.8066,-0.0058,0.0084,0.0135,168.03,-80.65,170.95,53.057503,-1.758886,0.0,3,357.51,21 / 21,-0.00923046913371478,0.11481569938201511,0.022708098191102536,391.1870165742546,531.9950936660738,70.6884106537104,False,99.30100000000004,-0.0002842239943089305,-0.0050725990844745095,-68.03578802080438,696.8252468031163,0.005080555555325869,183.207,0.00894624513940585,-0.11988829846648962,-459.22280459505896,164.83015313704254
1086615.0,0.0464,0.0214,9.7397,-0.0023,-0.001,9.8066,0.0114,-0.0127,0.0209,168.13,-80.65,170.85,53.057503,-1.758886,0.0,3,357.51,21 / 21,-0.003234718022442905,0.12080942374532402,0.018230883462438133,391.1863933148968,532.0068749222302,70.69045760279307,False,99.40099999999995,-0.0007280423255351989,-0.012993508317086176,-68.03572118144116,696.8252468031163,0.013013888888950846,183.207,0.002506675696907706,-0.1338029320624102,-459.22211449633795,164.81837188088616
1086714.0,-0.0047,0.1474,9.8915,0.0008,-0.0001,9.8066,-0.0012,-0.0007,-0.0119,168.05,-80.65,170.98,53.057503,-1.758886,0.0,3,357.51,21 / 21,-0.0023315228246539835,0.11842186245339424,0.01624939344307194,391.1861177859749,532.018716870897,70.69216437649989,False,99.49999999999989,-0.0004972754411318647,-0.008874968327534677,-68.0291040844736,696.8252468031163,0.008888888888893626,183.207,0.0018342473835221188,-0.1272968307809289,-459.2152218704485,164.8065299322193
1086814.0,-0.0021,0.0788,9.8671,-0.0001,-0.0005,9.8065,0.0073,-0.0225,-0.0024,168.04,-80.65,170.96,53.057503,-1.758886,0.0,3,357.51,21 / 21,0.0009462117455191494,0.11458975947806666,0.01998723442661968,391.1860485204209,532.0303674519936,70.69397620789337,False,99.60000000000002,-0.0003418768657821088,-0.006101540725250619,-68.02910408447359,696.8252468031163,0.006111111111185007,183.207,-0.0012880886113012583,-0.12069130020331728,-459.2151526048945,164.79487935112274
1086915.0,-0.046,-0.0965,9.7368,-0.0011,0.0016,9.8066,-0.0147,-0.0028,-0.0124,168.07,-80.65,171.01,53.057503,-1.758886,0.0,3,357.51,21 / 21,0.0033338352624115546,0.12208088657107403,0.016585654262627286,391.1862646627948,532.0423193196191,70.69582313877217,False,99.70099999999991,-0.000636046368858178,-0.011351639175285328,-68.02903724511032,696.8251356081855,0.0113694444432967,183.207,-0.003969881631269732,-0.13343252574635936,-459.21530190790514,164.78281628856644
1087015.0,-0.0014,0.1295,9.8544,-0.0002,-0.0007,9.8066,-0.0035,0.0024,-0.0079,167.89,-80.65,170.9,53.057503,-1.758886,0.0,3,357.51,21 / 21,0.005739281883694593,0.12609382181198592,0.013158556123231987,391.18671831865214,532.0547280550383,70.69731034929147,False,99.80100000000004,-0.002048930216088499,-0.03656764293793513,-68.02242014811621,696.8141273099835,0.036625000000910825,183.207,-0.0077882120997830925,-0.16266146474992105,-459.20913846676837,164.75939925494527
1087114.0,0.1184,0.1487,9.9,0.0012,-0.0003,9.8066,-0.0128,0.0367,0.0016,168.01,-80.65,170.9,53.057503,-1.758886,0.0,3,357.51,21 / 21,0.0031152060122317236,0.11775431692080338,0.01712155520474322,391.18715661580296,532.0667985379055,70.69880921480221,False,99.89999999999998,-0.00027971743566293657,-0.004992169684706976,-68.02242014811621,696.8141273099835,0.005000000000472113,183.207,-0.00339492344789466,-0.12274648660551035,-459.2095767639192,164.74732877207805
1087214.0,0.0393,-0.0675,9.7708,0.0013,-0.002,9.8066,0.0026,0.028,-0.0018,168.05,-80.66,170.98,53.057503,-1.758886,0.0,3,357.51,21 / 21,-0.002541421779686613,0.118601213063979,0.016997071924029557,391.18718530501457,532.0786163144047,70.70051514615865,False,99.99999999999989,-0.0007303733041615247,-0.013035109731050466,-68.02242014811621,696.8141273099835,0.013055555555546397,183.207,0.001811048475525088,-0.13163632279502946,-459.2096054531308,164.7355109955788
1087314.0,0.1203,0.1983,9.8095,0.0017,0.0,9.8066,-0.0017,0.0096,0.0101,167.97,-80.66,171.04,53.057503,-1.758886,0.0,3,357.51,21 / 21,-0.0069922533704332955,0.1172402416852524,0.013045011135423232,391.1867086212571,532.0904083871421,70.70201725031163,False,100.10000000000002,-0.0007769928767674356,-0.013867138011753247,-68.02242014811621,696.8141273099835,0.013888888888876573,183.207,0.00621526049366586,-0.13110737969700564,-459.2091287693733,164.72371892284139
1087414.0,-0.0029,0.201,9.949,0.0039,-0.0007,9.8066,0.0131,0.0024,-0.0141,168.03,-80.67,171.15,53.057503,-1.758886,0.0,3,357.51,21 / 21,-0.006659191216751743,0.10529159542200457,0.01725925946510417,391.1860260490277,532.1015349789975,70.70353246384165,False,100.19999999999993,-0.000730373304164104,-0.0130351097310965,-68.02242014811621,696.8141273099835,0.013055555555592502,183.207,0.005928817912587639,-0.11832670515310108,-459.2084461971439,164.712592330986
1087514.0,0.195,0.0099,9.8452,-0.0013,0.0012,9.8066,-0.0041,-0.0302,0.007,168.13,-80.66,171.12,53.057503,-1.758886,0.0,3,357.51,21 / 22,-0.011123407570225627,0.10232618971761435,0.0223586205453316,391.18513691908834,532.1119158682545,70.70551335784218,False,100.29999999999984,-0.000730373304162037,-0.01303510973105961,-68.02242014811621,696.8141273099835,0.013055555555555555,183.207,0.01039303426606359,-0.11536129944867396,-459.20755706720456,164.702211441729
1087614.0,-0.0596,0.1708,9.854,0.0008,0.0006,9.8065,0.0037,-0.0092,-0.0102,168.15,-80.66,171.15,53.057503,-1.758886,0.0,3,357.51,21 / 22,-0.012816242238122996,0.10155193519820709,0.02265557746353686,391.18393993659794,532.1221097745004,70.70776406774263,False,100.39999999999998,-0.0007769928767674356,-0.013867138011753247,-68.01573621177224,696.8141273099835,0.013888888888876573,183.207,0.01203924936135556,-0.11541907320996034,-459.19967614837014,164.69201753548316
1087715.0,-0.0353,0.186,9.9511,-0.0022,0.0005,9.8066,-0.009,-0.0019,0.004,167.99,-80.65,171.06,53.057503,-1.758886,0.0,3,357.51,21 / 22,-0.0030700813518195658,0.09568397632472853,0.02749025584399702,391.18313767725664,532.1320701880322,70.71029643232465,False,100.50099999999986,-0.000776526681042121,-0.013858817728959506,-68.01573621177214,696.8141273099835,0.01388055555555658,183.207,0.0022935546707774446,-0.10954279405368803,-459.1988738890288,164.6820571219513
1087815.0,-0.0061,0.1019,9.9006,0.0012,-0.0013,9.8066,0.0015,0.0087,-0.0013,168.1,-80.66,171.08,53.057503,-1.758886,0.0,3,357.51,21 / 22,0.00230357899188389,0.09300371863915828,0.033498717467411385,391.18309935213864,532.1415045727805,70.71334588099023,False,100.601,-0.000733636674249019,-0.013093351710790336,-68.01573621177214,696.814238504915,0.013113888888970325,183.207,-0.0030372156661329086,-0.10609707034994861,-459.1988355639108,164.67273393213452
1087915.0,-0.0707,0.1928,9.802,-0.0006,-0.0021,9.8066,-0.0048,-0.0026,0.0226,168.24,-80.66,171.05,53.057503,-1.758886,0.0,3,357.51,21 / 22,0.00842138739106342,0.09073420335533036,0.03226915984729629,391.18363560045776,532.1506914688802,70.71663427485596,False,100.70099999999991,-0.0010539131380607118,-0.018809385999380576,-68.01573621177214,696.8251356081855,0.018838888889111033,183.207,-0.009475300529124132,-0.10954358935471094,-459.1993718122299,164.67444413930536
1088014.0,0.2196,0.1566,9.9501,0.0006,-0.0018,9.8066,0.0128,-0.0065,0.0051,168.09,-80.69,171.07,53.057503,-1.758886,0.0,3,357.51,21 / 22,0.004738675779360195,0.0844767991461671,0.03326879587019794,391.1842870235847,532.159364413504,70.71987840366398,False,100.79999999999984,-0.0007769928767767107,-0.013867138011918781,-68.01573621177214,696.8141273099839,0.013888888889042366,183.207,-0.005515668656136906,-0.09834393715808588,-459.20002323535687,164.65476289647984
1088115.0,0.0369,0.0909,9.8476,-0.0033,0.0014,9.8066,-0.0007,-0.0308,0.0179,167.93,-80.68,171.1,53.057503,-1.758886,0.0,3,357.51,21 / 22,-0.003894949826908196,0.08264524078540011,0.03619384648967716,391.1843296317453,532.1678040765206,70.72338626710317,False,100.90099999999995,-0.0003895842284099201,-0.006952982999070375,-68.00905227545464,696.8141273099835,0.006963888888859975,183.207,0.003505365598498276,-0.0895982237844705,-459.1933819071999,164.6463232334629
1088215.0,0.1681,0.1174,9.847,-0.0032,0.0009,9.8066,0.0089,-0.045,0.0048,171.44,-80.67,171.05,53.057503,-1.758886,0.0,3,357.51,21 / 22,-0.009039042679087483,0.08338257495160271,0.03422001951622247,391.18368293212,532.1761054673075,70.72690696040345,False,101.00099999999986,-0.0005000726154876215,-0.008924890024366175,-68.00905227545464,696.8141273099835,0.00893888888888275,183.207,0.008538970063599861,-0.0923074649759689,-459.19273520757463,164.63802184267604
1088315.0,-0.0368,0.1648,9.8881,-0.0006,-0.0006,9.8066,-0.012,0.008,-0.0072,168.08,-80.66,171.02,53.057503,-1.758886,0.0,3,357.51,21 / 22,-0.009678381081476586,0.08158431510648546,0.03426351658879618,391.182747060932,532.1843538118104,70.73033113720871,False,101.101,-0.0007759050867391305,-0.01384772401852197,-68.00905227545464,696.8141273099835,0.0138694444444173,183.207,0.008902475994737456,-0.09543203912500743,-459.1917993363866,164.6297734981731
1088415.0,0.1825,0.1364,9.8959,-0.0016,-0.001,9.8066,-0.0004,0.0015,0.0008,168.07,-80.66,171.02,53.057503,-1.758886,0.0,3,357.51,21 / 22,-0.010973752776154592,0.07881761543581207,0.03637873910047016,391.1817144542391,532.1923739083376,70.73386324999316,False,101.20099999999991,-0.000668213874020587,-0.011925738690118367,-68.00905227545464,696.8141273099835,0.011944444444444443,183.207,0.010305538902134004,-0.09074335412593044,-459.19076672969373,164.62175340164595
1088515.0,-0.069,0.1072,9.8271,0.0009,-0.0006,9.8066,-0.0068,0.0259,0.0033,168.07,-80.66,171.02,53.057503,-1.758886,0.0,3,357.51,20 / 21,-0.01124281068091658,0.07914451543037114,0.035584178235406,391.1806036260663,532.2002720148809,70.73746139585997,False,101.30100000000004,-0.0006621533295990759,-0.011817575013935,-68.00905227545464,696.8141273099835,0.011836111111419996,183.207,0.010580657351317505,-0.09096209044430614,-459.1896559015209,164.61385529510267
1088614.0,-0.0156,0.1103,9.8766,-0.0002,-0.0049,9.8066,0.0117,-0.0064,0.0045,168.08,-80.7,171.07,53.057503,-1.758886,0.0,3,357.51,20 / 21,-0.003523096284523295,0.08209798018918944,0.03405013150009255,391.1798727136715,532.208253518414,70.74090829419187,False,101.39999999999998,-6.215943015040705e-05,-0.0011093710411011013,-68.00905227545464,696.8141273099835,0.001111111111271221,183.207,0.003460936854372888,-0.08320735123029055,-459.1889249891261,164.60587379156948
1088715.0,-0.2482,0.484,9.9907,0.0016,-0.0023,9.8066,0.026,0.0058,-0.0314,168.19,-80.69,171.05,53.057503,-1.758886,0.0,3,357.51,20 / 21,0.014016648749140445,0.0706417115422319,0.03984556177506635,391.180402638071,532.2159668728465,70.74464002670226,False,101.50099999999986,-0.0007258667454773352,-0.012954680330601246,-68.00898543609121,696.8141273099835,0.01297500000000989,183.207,-0.01474251549461778,-0.08359639187283315,-459.1893880741622,164.59816043713704
1088815.0,0.1093,-0.0927,9.7351,-0.0045,0.003,9.8066,-0.0045,-0.0132,0.0045,168.06,-80.67,171.01,53.057503,-1.758886,0.0,3,357.51,20 / 21,0.021776169460488475,0.06823869743536823,0.03864997750881295,391.18219227898146,532.2229108932954,70.74856480366645,False,101.601,-0.00028189301569451277,-0.005030997670722745,-68.00236833911055,696.8141273099835,0.0050388888889431795,183.207,-0.02205806247618299,-0.07326969510609098,-459.184560618092,164.5912164166881
1088915.0,0.1193,0.145,9.8972,-0.001,0.0,9.8066,-0.0123,0.0151,-0.0011,168.25,-80.67,171.06,53.057503,-1.758886,0.0,3,357.51,20 / 21,0.010139681422339083,0.07710551238359357,0.033659980882490274,391.1837880715256,532.2301781037863,70.75218030158602,False,101.70099999999991,-0.0004968092454076101,-0.008866648044759855,-68.00236833911055,696.8141273099835,0.008880555555592579,183.207,-0.010636490667746693,-0.08597216042835343,-459.18615641063616,164.5839492061972
1089015.0,-0.0472,0.2138,9.9729,0.0038,0.0005,9.8066,-0.0072,0.0129,-0.0248,168.16,-80.68,171.18,53.057503,-1.758886,0.0,3,357.51,20 / 21,0.009456495072171538,0.07326665228848253,0.03952498375013163,391.18476788035036,532.2376967120199,70.75583954981767,False,101.80100000000004,-0.00045562862292264806,-0.008131689729846238,-68.00236833911055,696.8142385049146,0.008144444444190971,183.207,-0.009912123695094187,-0.08139834201832877,-459.1871362194609,164.57654179289466
1089114.0,0.0992,0.0758,9.8143,0.0036,0.0007,9.8066,-0.0124,0.02,0.0007,164.76,-80.67,171.06,53.057503,-1.758886,0.0,3,357.51,20 / 21,0.008648682588984347,0.072748154629913,0.0409130786876069,391.1856640866446,532.2449244449624,70.75982123390833,False,101.89999999999998,-0.0009479313096497626,-0.016917908374222794,-68.00236833911055,696.8252468031162,0.01694444444431307,183.207,-0.00959661389863411,-0.0896660630041358,-459.1880324257551,164.5803223581538
1089215.0,0.0413,0.2332,9.7972,-0.0026,0.0009,9.8066,-0.0003,0.0352,0.0232,165.16,-80.67,171.16,53.057503,-1.758886,0.0,3,357.51,20 / 21,0.004342908444907481,0.07095752530047642,0.034698851884465975,391.1863201619918,532.2521815817989,70.76363963640222,False,102.00099999999986,-0.0007314610941893788,-0.013054523724273698,-68.00230149974685,696.8141273099835,0.013074999999997611,183.207,-0.00507436953909686,-0.08401204902475011,-459.18862166173864,164.56194572818458
1089315.0,0.0828,0.2282,9.9955,-0.0015,-0.002,9.8066,0.0049,0.0156,0.002,165.26,-80.68,171.32,53.057503,-1.758886,0.0,3,357.51,20 / 21,0.0030997112191174614,0.0632894683173859,0.03711852410180653,391.18669229297495,532.2588939314799,70.76723050520154,False,102.101,-0.0008363551325493042,-0.014926587355794736,-67.9956844027399,696.8141273099835,0.014949999999930196,183.207,-0.003936066351666765,-0.07821605567318063,-459.1823766957149,164.55523337850366
1089415.0,-0.0705,0.0464,9.9281,0.0026,0.0013,9.8066,0.0062,0.0043,-0.0072,165.49,-80.69,171.21,53.057503,-1.758886,0.0,3,357.51,20 / 21,0.004663093839909642,0.06564449817302043,0.044738495486523616,391.1870804332279,532.2653406298044,70.77132335618096,False,102.20099999999991,-0.0005572592912277646,-0.009945511382210753,-67.9956844027399,696.8141273099835,0.009961111111283888,183.207,-0.005220353131137407,-0.07559000955523118,-459.18276483596776,164.5487866801791
1089515.0,0.1068,-0.1633,9.7202,0.0004,-0.0033,9.8066,0.0241,-0.0138,-0.0039,165.07,-80.71,171.27,53.057503,-1.758886,0.0,3,357.51,19 / 22,0.0007150939509923356,0.0834566278268628,0.039515221163547186,391.18734934261744,532.2727956861045,70.77553604201347,False,102.30100000000004,-0.0003474712144747543,-0.0062013841185768704,-67.9956844027399,696.8141273099835,0.006211111110825984,183.207,-0.0010625651654670898,-0.08965801194543968,-459.1830337453573,164.54133162387905
1089614.0,-0.0762,0.0625,9.906,0.0025,0.002,9.8066,-0.0091,-0.0016,-0.0113,165.07,-80.7,171.27,53.057503,-1.758886,0.0,3,357.51,19 / 22,-0.002278121940233363,0.09775056295894673,0.03413070548901482,391.187271972732,532.2817654420484,70.77918151538277,False,102.39999999999998,-0.0009013117370427548,-0.01608588009350044,-67.9956844027399,696.8141273099835,0.01611111111096329,183.207,0.0013768102031906084,-0.11383644305244717,-459.1829563754719,164.53236186793515
1089714.0,-0.142,0.2149,9.9058,-0.0045,0.0011,9.8066,-0.0075,-0.0247,0.024,165.52,-80.7,171.29,53.057503,-1.758886,0.0,3,357.51,19 / 22,0.00954075857964255,0.09730239765960254,0.037447349665654966,391.187635104564,532.2915180900793,70.7827604181405,False,102.49999999999989,-0.000668213874020852,-0.011925738690123096,-67.98900046640912,696.8141273099835,0.01194444444444918,183.207,-0.010208972453663402,-0.10922813634972564,-459.1766355709731,164.5226092199042
1089814.0,0.1547,-0.1164,9.7213,-0.0003,0.001,9.8066,-0.0262,0.0053,0.0076,165.5,-80.71,171.25,53.057503,-1.758886,0.0,3,357.51,19 / 22,0.008256683266095022,0.10179866697799682,0.03241674721580751,391.18852497665625,532.3014731433112,70.78625362298457,False,102.60000000000002,-0.00021755800550104468,-0.0038827986434008966,-67.98900046640911,696.8141273099835,0.0038888888889956003,183.207,-0.008474241271596067,-0.10568146562139771,-459.17752544306535,164.5126541666723
1089914.0,0.1322,0.1964,9.8842,-0.0008,0.0011,9.8066,0.0059,-0.0038,0.0145,162.58,-80.73,171.34,53.057503,-1.758886,0.0,3,357.51,19 / 22,-0.004420553123740843,0.10328355938424816,0.027222735133436704,391.1887167831634,532.3117272546293,70.78923559710204,False,102.69999999999993,-0.0006215943013965855,-0.01109371040909272,-67.98900046640911,696.8141273099835,0.011111111110790894,183.207,0.0037989588223442576,-0.11437726979334088,-459.1777172495725,164.5024000553542
1090014.0,-0.1465,0.2755,10.0371,0.0032,-0.0005,9.8066,0.0126,0.0056,0.0055,163.1,-80.72,171.48,53.057503,-1.758886,0.0,3,357.51,19 / 22,0.0012815571650490391,0.0919912019786328,0.036229324863409365,391.18855983336545,532.3214909926975,70.79240820010187,False,102.79999999999984,-0.0010567103123912934,-0.01885930769576277,-67.9823165300785,696.8141273099835,0.018888888888650146,183.207,-0.0023382674774403327,-0.11085050967439557,-459.17087636344394,164.49263631728604
1090114.0,0.0083,-0.1157,9.6604,0.0027,-0.0029,9.8066,0.0206,-0.0169,0.0143,163.25,-80.75,171.73,53.057503,-1.758886,0.0,3,357.51,19 / 22,0.007371262870092687,0.0966542185022522,0.03437342613390288,391.1889924743672,532.3309232637215,70.79593833765175,False,102.89999999999998,-0.0009479313096587195,-0.016917908374382652,-67.98231653007831,696.8141273099835,0.01694444444447318,183.207,-0.008319194179751407,-0.11357212687663484,-459.1713090044455,164.48320404626202
1090214.0,-0.0313,0.1088,9.9126,-0.0013,0.0015,9.8066,-0.0064,-0.0114,0.003,161.04,-80.74,171.8,53.057503,-1.758886,0.0,3,357.51,19 / 22,0.005529480378997338,0.10603811051688909,0.027504662213818996,391.1896375115296,532.3410578801725,70.79903224206913,False,102.99999999999989,-0.0019580220494545253,-0.03494518778962867,-67.98231653007831,696.8141273099835,0.03499999999997947,183.207,-0.007487502428451863,-0.14098329830651776,-459.17195404160793,164.47306942981106
1090314.0,-0.4151,0.0432,9.889,-0.0038,-0.0005,9.8065,-0.0038,-0.0335,0.0126,158.4,-80.75,171.77,53.057503,-1.758886,0.0,3,357.51,19 / 22,0.021817113008892778,0.11409843571786296,0.031381712881757055,391.191004841199,532.3520647074843,70.80197656082392,False,103.10000000000002,-0.001118869742546099,-0.01996867873694238,-67.97563259372095,696.8141273099835,0.019999999999999997,183.207,-0.022935982751438877,-0.13406711445480535,-459.16663743491995,164.46206260249926
1090414.0,-0.1278,-0.3058,9.6127,-0.0014,-0.001,9.8066,-0.0147,-0.0448,0.0001,160.97,-80.76,171.73,53.057503,-1.758886,0.0,3,357.51,19 / 22,0.033783965022491036,0.13894651220192203,0.02193145594949784,391.1937848951006,532.3647169548802,70.80464221926547,False,103.19999999999993,-0.001118869742546099,-0.01996867873694238,-67.97563259372095,696.8141273099835,0.019999999999999997,183.207,-0.03490283476503714,-0.15891519093886441,-459.1694174888215,164.44941035510328
1090514.0,-0.1926,-0.0752,9.9675,0.0047,-0.0027,9.8066,0.0053,0.0381,-0.0148,161.08,-80.77,171.89,53.057503,-1.758886,0.0,3,357.51,19 / 21,0.03412481411578103,0.16102102843083582,0.017234987557074477,391.19718033405746,532.3797153319118,70.8066005414408,False,103.29999999999984,-0.0004506558685460219,-0.008042940047190054,-67.97563259372095,696.8141273099835,0.008055555555922168,183.207,-0.03457546998432705,-0.16906396847802588,-459.1728129277784,164.4344119780717
1090614.0,0.0379,0.0923,9.8944,0.0022,0.0002,9.8066,-0.0049,0.0054,-0.0312,161.17,-80.79,172.04,53.057503,-1.758886,0.0,3,357.51,19 / 21,0.033299589988181624,0.16149824637640298,0.025215239423527706,391.2005515542627,532.3958412956522,70.80872305278983,False,103.39999999999998,-0.0016161451836604738,-0.028843647064164913,-67.96894865739024,696.8141273099835,0.028888888888580985,183.207,-0.0349157351718421,-0.1903418934405679,-459.1695002116529,164.41828601433133
1090714.0,0.1395,0.0186,9.748,0.0028,0.0015,9.8066,0.0102,0.0516,-0.0105,161.07,-80.78,171.88,53.057503,-1.758886,0.0,3,357.51,19 / 21,0.020537517082552456,0.1535551271002158,0.022669703509997412,391.2032434096162,532.411593964326,70.8111172999365,False,103.49999999999989,-0.0009013117370518356,-0.01608588009366251,-67.96894865739014,696.8141273099835,0.016111111111125613,183.207,-0.02143882881960429,-0.1696410071938783,-459.17219206700634,164.4025333456575
1090814.0,0.0141,0.0646,9.8807,-0.0017,0.0022,9.8065,-0.0155,0.0214,-0.0038,158.52,-80.76,171.95,53.057503,-1.758886,0.0,3,357.51,19 / 21,0.009861007624950936,0.14820012982568814,0.019923747983498677,391.2047633358516,532.4266817271723,70.81324697251118,False,103.60000000000002,-0.0008391523069022251,-0.01497650905257562,-67.96894865739004,696.8141273099835,0.014999999999868629,183.207,-0.010700159931853161,-0.16317663887826375,-459.1737119932417,164.3874455828112
1090914.0,0.1014,-0.1142,9.7587,0.001,0.001,9.8066,0.0056,0.0262,-0.0353,161.05,-80.79,171.86,53.057503,-1.758886,0.0,3,357.51,19 / 21,0.0004815025151740957,0.14951008180519482,0.01804443578597285,391.20528046135865,532.4415672377538,70.81514538169965,False,103.69999999999993,-0.0003418768658000229,-0.0061015407255703355,-67.96226472103308,696.8141273099835,0.006111111111505224,183.207,-0.0008233793809741185,-0.15561162253076516,-459.16754518239173,164.3725600722297
1091015.0,-0.4431,0.4047,10.0282,0.0008,-0.0009,9.8066,0.0273,-0.015,-0.0079,160.63,-80.77,171.77,53.057503,-1.758886,0.0,3,357.51,19 / 21,0.016112762796228416,0.1436325385587428,0.02278955041808526,391.2061184717569,532.4563709400823,70.81720749800296,False,103.80100000000004,-0.00022206456416747904,-0.003963228043533239,-67.96226472103278,696.8141273099835,0.003969444444214732,183.207,-0.016334827360395893,-0.14759576660227605,-459.1683831927897,164.35775636990127
1091114.0,-0.0792,0.0042,9.9874,0.0063,-0.0014,9.8066,0.0218,0.0278,-0.0203,160.49,-80.74,171.76,53.057503,-1.758886,0.0,3,357.51,19 / 21,0.0377718474882386,0.13608507879605716,0.03629789035536097,391.20878575996596,532.4702169621413,70.82013232632124,False,103.89999999999998,-0.0006682138740139266,-0.011925738689999497,-67.96226472103278,696.8141273099835,0.011944444444325387,183.207,-0.038440061362252524,-0.14801081748605666,-459.17105048099876,164.3439103478422
1091214.0,-0.211,-0.0887,9.7773,0.0035,0.0028,9.8066,-0.0264,0.0318,-0.0273,161.23,-80.74,172.09,53.057503,-1.758886,0.0,3,357.51,19 / 21,0.040353818901175065,0.14625787082866212,0.037287706802051,391.2126920432854,532.4843341096225,70.8238116061791,False,103.99999999999989,-0.0009479313096567939,-0.016917908374348284,-67.95558078471528,696.8141273099835,0.01694444444443876,183.207,-0.04130175021083186,-0.1631757792030104,-459.1682728280007,164.329793200361
1091314.0,0.1095,0.4732,10.0318,0.0002,0.0046,9.8066,-0.0343,0.028,0.0056,161.17,-80.73,171.99,53.057503,-1.758886,0.0,3,357.51,19 / 21,0.041540033039342714,0.13342562622061716,0.04001605078175478,391.21678673588247,532.498318284475,70.8276767940583,False,104.10000000000002,-0.0011810291726774438,-0.021078049777703275,-67.95558078471517,696.8141273099835,0.021111111110930475,183.207,-0.042721062212020156,-0.15450367599832043,-459.1723675205976,164.31580902550854
1091415.0,-0.3942,0.0808,9.8836,0.0033,0.0007,9.8066,-0.009,0.057,-0.0159,161.14,-80.77,171.98,53.057503,-1.758886,0.0,3,357.51,19 / 21,0.05238567200717863,0.1182760172476379,0.0469812856644769,391.2215299839873,532.5110292174701,70.83207015954883,False,104.20099999999991,-0.0004972754411315997,-0.008874968327529948,-67.94889684837119,696.8141273099835,0.008888888888888889,183.207,-0.05288294744831023,-0.12715098557516785,-459.1704268323585,164.30309809251344
1091515.0,0.3553,0.0711,9.8758,0.0029,0.002,9.8066,-0.0009,0.0183,-0.0037,157.89,-80.77,171.97,53.057503,-1.758886,0.0,3,357.51,19 / 20,0.04583495509724582,0.11732422306769481,0.04614334281481386,391.2264410153425,532.5228092294859,70.8367263909728,False,104.30100000000004,-0.0004968092454068681,-0.008866648044746612,-67.94889684837119,696.8140161150667,0.008880555555579315,183.207,-0.04633176434265269,-0.12619087111244143,-459.1753378637137,164.29120688558078
1091615.0,-0.1382,0.2645,9.9481,0.0039,0.0007,9.8066,0.004,0.0396,-0.0238,158.76,-80.76,172.07,53.057503,-1.758886,0.0,3,357.51,19 / 20,0.03236920544051998,0.1059447070837253,0.04817234139258369,391.2303512233694,532.5339726759935,70.84144217518316,False,104.40099999999995,-0.00045625021722992226,-0.00814278344036023,-67.94883000900785,696.8031190131824,0.008155555555406825,183.207,-0.0328254556577499,-0.11408749052408554,-459.17918123237723,164.2691463371889
1091715.0,0.1644,0.2566,9.8513,-0.0015,-0.0003,9.8066,-0.0036,-0.0095,0.0119,161.1,-80.76,171.92,53.057503,-1.758886,0.0,3,357.51,19 / 20,0.03134540238032327,0.09225324310858807,0.048855740183689,391.23353695376045,532.5438825735031,70.84629357926197,False,104.50099999999986,-0.0009999898324018165,-0.01784700662116439,-67.94221291202712,696.8141273099835,0.017875000000022172,183.207,-0.03234539221272508,-0.11010024972975246,-459.17574986578757,164.27024473648044
1091815.0,-0.2558,-0.1477,9.7654,0.005,0.0009,9.8066,0.0028,0.0177,-0.0217,161.2,-80.77,172.07,53.057503,-1.758886,0.0,3,357.51,19 / 20,0.029689416205087513,0.09846692336776851,0.04167187915613589,391.2365886946897,532.5534185818269,70.85081996022896,False,104.601,-1.0100907412087237e-05,-0.00018027279440462632,-67.94221291202712,696.8141273099835,0.00018055555580762456,183.207,-0.0296995171124996,-0.09864719616217313,-459.17880160671683,164.2607087281566
1091914.0,-0.2209,0.1658,9.9662,-0.0031,0.0027,9.8066,-0.0102,-0.0454,0.012,161.14,-80.74,171.95,53.057503,-1.758886,0.0,3,357.51,19 / 20,0.04235683659949722,0.11240668520496781,0.04039856978271218,391.2401549842035,532.5638568254512,70.85488244745143,False,104.69999999999993,-0.0010100907397537766,-0.018027279414495917,-67.94221291202712,696.8141273099835,0.01805555555475501,183.207,-0.043366927339250995,-0.13043396461946372,-459.18236789623063,164.25027048453228
1092015.0,-0.0286,0.0441,9.9048,0.0004,-0.0005,9.8066,0.0012,-0.018,0.0045,161.16,-80.75,171.98,53.057503,-1.758886,0.0,3,357.51,19 / 20,0.046883783391877494,0.11389927129570075,0.04540055681531777,391.24466163551307,532.5752852762546,70.85921530334464,False,104.80100000000004,-0.0006677476782958554,-0.011917418407335031,-67.93552897566974,696.8140161150667,0.011936111111134871,183.207,-0.04755153107017335,-0.12581668970303578,-459.1801906111828,164.2387308388121
1092114.0,-0.2373,-0.0096,9.7588,-0.0016,-0.0025,9.8066,-0.0104,0.0018,0.0105,161.15,-80.76,171.98,53.057503,-1.758886,0.0,3,357.51,19 / 20,0.048786228483999716,0.12200988271344947,0.040706845793018746,391.24939730110094,532.586962779378,70.86347761977375,False,104.89999999999998,-0.0006215943014151887,-0.011093710409424733,-67.93552897566974,696.8030078182654,0.011111111111123428,183.207,-0.049407822785414904,-0.1331035931228742,-459.1849262767707,164.2160450388874
1092214.0,0.0028,0.2507,9.9771,-0.0007,0.0001,9.8066,0.011,-0.0054,0.0081,161.09,-80.76,171.91,53.057503,-1.758886,0.0,3,357.51,19 / 20,0.052064213729069164,0.12042013782273865,0.039811318924061284,391.2544398232116,532.5990842804049,70.86750352800959,False,104.99999999999989,-0.0005594348712731202,-0.00998433936847245,-67.93552897566974,696.8030078182653,0.010000000000001261,183.207,-0.052623648600342285,-0.1304044771912111,-459.18996879888135,164.20392353786042
1092314.0,0.0181,0.1275,9.8746,-0.0007,-0.0007,9.8066,0.0014,0.0017,0.0116,161.13,-80.74,171.93,53.057503,-1.758886,0.0,3,357.51,19 / 20,0.04645855775727165,0.11004759048131288,0.04397162108546593,391.25936596178593,532.6106076668201,70.87169267501008,False,105.10000000000002,-0.0009479313096770929,-0.016917908374710567,-67.92884503932576,696.8030078182653,0.016944444444801608,183.207,-0.04740648906694875,-0.12696549885602346,-459.1882110011117,164.1924001514452
1092414.0,0.1076,0.0599,9.8788,0.0,-0.0017,9.8066,0.0187,-0.0242,-0.0024,161.16,-80.76,172.0,53.057503,-1.758886,0.0,3,357.51,19 / 20,0.03486156547581165,0.1074644060519041,0.04333012792264064,391.26343196794755,532.6214832666468,70.87605776246048,False,105.19999999999993,-0.002299898915173705,-0.04104672851375618,-67.93552897566944,696.8030078182653,0.04111111111003961,183.207,-0.03716146439098535,-0.14851113456566029,-459.198960943617,164.1815245516185
1092514.0,-0.1662,0.17,9.8696,-0.001,0.0011,9.8066,0.002,-0.0113,-0.0104,160.63,-80.73,171.95,53.057503,-1.758886,0.0,3,357.51,19 / 21,0.032938337139802897,0.1061618665065839,0.04257235873423938,391.2668219630783,532.6321645802748,70.88035288679332,False,105.29999999999984,-0.0007303733042102144,-0.013035109731919441,-67.92884503932586,696.8030078182653,0.013055555556416732,183.207,-0.03366871044401311,-0.11919697623850334,-459.1956670024042,164.17084323799054
1092615.0,0.084,0.0918,9.7876,-0.0021,0.0019,9.8066,-0.0052,-0.0182,0.0009,160.99,-80.71,171.91,53.057503,-1.758886,0.0,3,357.51,19 / 21,0.03271738659407303,0.10422448042913265,0.03807091242410561,391.2701375771269,532.6427890907951,70.88442537198682,False,105.40099999999995,-0.0007381432329181642,-0.013173781110971058,-67.92884503932567,696.8030078182653,0.013194444444237912,183.207,-0.033455529826991195,-0.11739826154010372,-459.19898261645255,164.16021872747024
1092715.0,0.013,0.1018,9.9433,0.0032,0.0008,9.8066,-0.0103,0.0252,-0.0081,161.11,-80.72,171.89,53.057503,-1.758886,0.0,3,357.51,19 / 21,0.02439792065021485,0.10264962923750744,0.03735827556048528,391.2729933424891,532.6531327962784,70.88819683138605,False,105.50099999999986,-0.0014995962521634327,-0.026763576362724497,-67.92884503932567,696.8030078182653,0.026805555555572583,183.207,-0.025897516902378282,-0.12941320560023192,-459.20183838181475,164.14987502198687
1092815.0,-0.1653,0.1544,9.8584,-0.0001,0.0014,9.8066,-0.0054,0.0207,-0.0024,161.22,-80.71,172.04,53.057503,-1.758886,0.0,3,357.51,19 / 21,0.02824113659051691,0.10221595905003558,0.03976153422642347,391.2756252953511,532.6633760756928,70.89205282187541,False,105.601,-0.0007275761298017667,-0.01298518803414756,-67.92877819996227,696.8030078182653,0.013005555555485751,183.207,-0.028968712720318677,-0.11520114708418314,-459.2044034953134,164.13963174257253
1092915.0,-0.0916,0.0565,9.8188,0.0004,0.0014,9.8066,-0.0117,0.0357,0.0037,157.97,-80.69,172.0,53.057503,-1.758886,0.0,3,357.51,19 / 21,0.034505982714881735,0.10527740732149991,0.036513054092457496,391.2787626513164,532.6737507440114,70.89586655129135,False,105.70099999999991,-0.0004551624271907437,-0.00812336944693489,-67.92216110299488,696.8030078182653,0.008136111110753184,183.207,-0.03496114514207248,-0.1134007767684348,-459.2009237543113,164.12925707425393
1093015.0,-0.1625,0.1599,9.8858,0.0021,0.0011,9.8066,0.0119,0.0065,-0.0117,161.28,-80.69,172.11,53.057503,-1.758886,0.0,3,357.51,19 / 21,0.039801417928338655,0.10761198848047557,0.03491634597859418,391.2824780213486,532.6843952138015,70.89943802129491,False,105.80100000000004,-0.0008985145627026332,-0.016035958396947988,-67.92216110299488,696.8030078182653,0.016061111111253648,183.207,-0.040699932491041285,-0.12364794687742356,-459.2046391243435,164.1186126044638
1093115.0,0.0835,0.1831,9.8764,0.0009,0.0031,9.8066,-0.0021,-0.0052,-0.001,161.3,-80.67,172.13,53.057503,-1.758886,0.0,3,357.51,19 / 21,0.039598420197699914,0.101933461079684,0.03600714408179934,391.28644801325487,532.6948724862795,70.90298419579793,False,105.90099999999995,-0.000626567055818421,-0.011182460092555762,-67.92216110299488,696.8030078182653,0.011199999999867821,183.207,-0.040224987253518335,-0.11311592117223976,-459.20860911624976,164.10813533198586
1093215.0,-0.1079,0.1109,9.9228,-0.0013,-0.0001,9.8066,0.0158,-0.0122,-0.0154,158.69,-80.67,172.11,53.057503,-1.758886,0.0,3,357.51,19 / 21,0.03616607012010933,0.09854285007466014,0.03850682246952234,391.2902362377708,532.7048963018372,70.90670989412548,False,106.00099999999986,-0.0011115660095053755,-0.01983832763964779,-67.92209426363158,696.8030078182653,0.019869444444460472,183.207,-0.037277636129614704,-0.11838117771430792,-459.21233050140233,164.09811151642816
1093315.0,-0.0449,0.241,9.84,0.0001,-0.0002,9.8066,-0.0034,-0.0113,-0.0152,163.87,-80.65,172.0,53.057503,-1.758886,0.0,3,357.51,19 / 21,0.03931474587903615,0.09489547764498348,0.03908454909910272,391.29401027857074,532.7145682182231,70.91058946270392,False,106.101,-0.0003895842284130563,-0.0069529829991263475,-67.91547716666408,696.8030078182653,0.006963888888916035,183.207,-0.039704330107449205,-0.10184846064410982,-459.2094874452348,164.0884396000422
1093415.0,-0.0328,-0.0115,9.8887,-0.0011,-0.0006,9.8066,0.0073,0.015,0.0031,161.19,-80.65,171.94,53.057503,-1.758886,0.0,3,357.51,19 / 21,0.037672721454056944,0.09548925872066695,0.0381263667342329,391.2978596519374,532.7240874550414,70.91445000849559,False,106.20099999999991,-0.0005000726154755375,-0.008924890024150508,-67.91547716666408,696.8030078182653,0.008938888888666745,183.207,-0.03817279406953248,-0.10441414874481746,-459.2133368186015,164.07892036322392
1093515.0,0.0702,0.0493,9.8193,0.0019,-0.0003,9.8066,-0.0095,-0.0075,-0.0061,160.72,-80.64,171.99,53.057503,-1.758886,0.0,3,357.51,20 / 20,0.028835625164029828,0.102294064296466,0.03643216172410351,391.30118506926834,532.7339766211923,70.91817793491852,False,106.30100000000004,-0.0007720201223709873,-0.013778388328743294,-67.91547716666408,696.8030078182653,0.013800000000253446,183.207,-0.029607645286400815,-0.1160724526252093,-459.2166622359324,164.06903119707306
1093615.0,0.0015,0.062,9.9245,-0.0025,-0.0012,9.8066,-0.0064,0.0174,0.01,158.59,-80.64,171.94,53.057503,-1.758886,0.0,3,357.51,20 / 20,0.020539814681350556,0.10462937958412889,0.036513587465483,391.3036538412606,532.7443227933862,70.92182522237799,False,106.40099999999995,-0.00029152772734583805,-0.005202950181700995,-67.91547716666408,696.8030078182653,0.005211111110797183,183.207,-0.020831342408696395,-0.10983232976582989,-459.21913100792466,164.05868502487908
1093714.0,-0.1751,0.0082,9.7222,-0.0022,-0.0017,9.8066,0.013,-0.0054,0.0103,161.13,-80.64,171.84,53.057503,-1.758886,0.0,3,357.51,20 / 20,0.022796250043087836,0.11143502751612855,0.03244185434565968,391.3057989764645,532.7550179815377,70.92523851674764,False,106.49999999999989,-0.0014607466083227313,-0.026070219462095257,-67.91547716666408,696.8030078182653,0.026111111111087104,183.207,-0.024256996651410567,-0.1375052469782238,-459.22127614312853,164.04798983672765
1093815.0,0.0568,-0.1006,9.8302,-0.0014,0.0016,9.8066,-0.0031,0.0016,0.0051,160.63,-80.63,171.84,53.057503,-1.758886,0.0,3,357.51,20 / 20,0.020593831363630008,0.12349050401450072,0.02496144369380788,391.3079901755755,532.76688172088,70.92813738329863,False,106.601,-0.0005572592912150614,-0.009945511381984039,-67.91547716666408,696.8028966233338,0.009961111111056818,183.207,-0.021151090654845068,-0.13343601539648475,-459.2234673422396,164.03601490245387
1093915.0,-0.1478,0.0993,9.88,-0.001,-0.0015,9.8066,0.0026,-0.0158,-0.0028,157.93,-80.64,171.88,53.057503,-1.758886,0.0,3,357.51,20 / 20,0.01831670565269284,0.12974676805378874,0.02533547713973302,391.30993570242634,532.7795435844833,70.93065222934031,False,106.70099999999991,-0.0003446740401219125,-0.006151462421797398,-67.91541032730066,696.7918883251325,0.006161111110888967,183.207,-0.018661379692814752,-0.13589823047558613,-459.225346029727,164.01234474064916
1094015.0,0.0763,0.1355,9.8183,-0.0026,0.0002,9.8066,0.0011,-0.013,0.0003,161.09,-80.64,171.78,53.057503,-1.758886,0.0,3,357.51,20 / 20,0.01896815816224917,0.1253419647861509,0.025147655568778106,391.3117999456171,532.7922980211254,70.93317638597574,False,106.80100000000004,-0.0006237698814632473,-0.01113253839573467,-67.90879323029343,696.7918883251325,0.011149999999889118,183.207,-0.019591928043712417,-0.13647450318188556,-459.22059317591055,163.99959030400714
1094115.0,-0.1636,-0.0311,9.6116,-0.0004,-0.0001,9.8066,0.0007,-0.0301,0.0061,161.21,-80.63,171.74,53.057503,-1.758886,0.0,3,357.51,20 / 20,0.018933303251771942,0.12671922270531497,0.013581007233468525,391.31369501868784,532.8049010804999,70.93511281911586,False,106.90099999999995,-0.0008397739012100646,-0.0149876027630997,-67.90879323029343,696.7918883251325,0.015011111111094587,183.207,-0.019773077152982006,-0.14170682546841468,-459.2224882489813,163.9869872446326
1094215.0,0.1226,0.2974,9.9331,0.0028,0.0013,9.8066,-0.0016,-0.0298,0.0279,161.23,-80.62,171.97,53.057503,-1.758886,0.0,3,357.51,20 / 20,0.019267046610749083,0.12074748259306835,0.008628356148450898,391.31560503618095,532.8172744157648,70.93622328728495,False,107.00099999999986,-0.0008933864097089611,-0.01594443528594536,-67.90879323029343,696.7918883251325,0.01596944444446181,183.207,-0.020160433020458043,-0.13669191787901372,-459.2243982664744,163.9746139093677
1094315.0,0.0793,0.1053,9.9581,0.0011,-0.0033,9.8066,0.0018,0.0024,0.0019,161.41,-80.62,172.23,53.057503,-1.758886,0.0,3,357.51,20 / 20,0.011666778217549904,0.1068680967673757,0.019144852726199407,391.31715172742236,532.8286551947328,70.93761194772868,False,107.101,-0.00011437335146807651,-0.002041242715471249,-67.90879323029343,696.7918883251325,0.0020444444445840244,183.207,-0.01178115156901798,-0.10890933948284695,-459.2259449577158,163.96323313039966
1094415.0,0.0692,0.0504,9.816,-0.0027,-0.0008,9.8066,-0.0114,0.0077,0.0118,160.85,-80.63,172.17,53.057503,-1.758886,0.0,3,357.51,20 / 20,0.003920470180165534,0.10571900453993276,0.023107124817263357,391.31793108984226,532.8392845497982,70.93972454660586,False,107.20099999999991,-0.0006705448526405351,-0.011967340103968833,-67.90872639093041,696.7918883251325,0.01198611111092599,183.207,-0.004591015032806069,-0.1176863446439016,-459.2266574807727,163.9526037753343
1094515.0,-0.2585,0.1867,9.7707,-0.0013,0.0011,9.8066,0.0124,-0.0013,0.0046,161.33,-80.64,172.13,53.057503,-1.758886,0.0,3,357.51,19 / 21,0.012035817209930333,0.10605668314092222,0.01851055609467238,391.31872890421175,532.8498733341822,70.94180543065146,False,107.30100000000004,-0.0009034873170997705,-0.016124708079970237,-67.90210929396262,696.7918883251325,0.01614999999988909,183.207,-0.012939304527030102,-0.12218139122089246,-459.22083819817436,163.94201499095027
1094614.0,-0.0541,0.0928,9.8335,0.0004,-0.0001,9.8066,-0.0039,-0.0055,-0.0012,158.78,-80.62,172.17,53.057503,-1.758886,0.0,3,357.51,19 / 21,0.02402320784580565,0.10627617705510142,0.015351090180471854,391.320513825952,532.860383810762,70.94348158214207,False,107.39999999999998,-0.0011188697425428837,-0.019968678736884994,-67.90210929396262,696.7918883251325,0.019999999999942522,183.207,-0.025142077588348532,-0.1262448557919864,-459.2226231199146,163.93150451437054
1094714.0,-0.0009,-0.0756,9.8194,-0.0013,0.0013,9.8066,0.001,-0.0173,-0.0001,161.39,-80.63,172.21,53.057503,-1.758886,0.0,3,357.51,19 / 21,0.020426677443288313,0.11368426450087481,0.014731426653399623,391.32273632021645,532.8713818328398,70.94498570798376,False,107.49999999999989,-0.0013364277480409266,-0.02385147738023232,-67.90210929396262,696.7918883251325,0.023888888888884467,183.207,-0.02176310519132924,-0.13753574188110712,-459.22484561417906,163.9205064922927
1094815.0,-0.0098,0.2649,9.8401,-0.0022,0.0007,9.8066,-0.0061,-0.0127,0.0018,160.89,-80.61,172.22,53.057503,-1.758886,0.0,3,357.51,19 / 21,0.018313354759091544,0.11253073568910535,0.014504847655391923,391.3246926918427,532.8828056903494,70.94646213983636,False,107.601,-0.001182583158443255,-0.021105784053945878,-67.90210929396262,696.7918883251325,0.02113888888892767,183.207,-0.0194959379175348,-0.13363651974305124,-459.2268019858053,163.9090826347831
1094914.0,-0.0358,0.0323,9.8615,-0.0005,-0.0011,9.8066,-0.0094,0.0188,-0.0036,160.86,-80.6,172.16,53.057503,-1.758886,0.0,3,357.51,19 / 21,0.019239859167951998,0.10740888023113698,0.01604434300708062,391.3265515759321,532.8936927013375,70.94797432477415,False,107.69999999999993,-0.0013364277480342839,-0.023851477380113766,-67.90210929396262,696.7918883251325,0.023888888888765725,183.207,-0.020576286915986283,-0.13126035761125074,-459.2286608698947,163.898195623795
1095014.0,0.0933,-0.0157,10.0305,-0.0042,0.0034,9.8066,-0.0151,0.0122,0.0183,161.33,-80.58,172.07,53.057503,-1.758886,0.0,3,357.51,19 / 21,0.012104024238047212,0.11304663342411851,0.02548244155600778,391.32811877010244,532.9047154770202,70.9500506640023,False,107.79999999999984,-0.0010567103124132355,-0.018859307696154376,-67.90210929396262,696.7918883251325,0.018888888889042367,183.207,-0.013160734550460447,-0.13190594112027287,-459.23022806406505,163.8871728481123
1095114.0,0.0877,-0.0949,9.8105,-0.0049,0.0007,9.8066,0.0064,0.0177,-0.0079,161.26,-80.59,171.98,53.057503,-1.758886,0.0,3,357.51,19 / 21,-0.0005934303447525903,0.12126629991434476,0.03133732532261983,391.3286942997971,532.9164311236872,70.95289165234624,False,107.89999999999998,-0.0007769928767722585,-0.013867138011839326,-67.90210929396262,696.7918883251325,0.013888888888962787,183.207,-0.0001835625320196682,-0.1351334379261841,-459.23080359375973,163.87545720144533
1095214.0,-0.1764,0.0936,9.7642,-0.0032,-0.0002,9.8066,0.0089,0.0173,-0.0215,160.98,-80.55,171.55,53.057503,-1.758886,0.0,3,357.51,19 / 21,0.0008972255593518194,0.12756611534768264,0.0249962265242284,391.32870948955787,532.9288727444502,70.95570832993857,False,107.99999999999989,-0.0012276487452931243,-0.02191007805858041,-67.89542535761856,696.7918883251325,0.021944444444435288,183.207,-0.0021248743046449435,-0.14947619340626306,-459.2241348471764,163.86301558068226
1095314.0,-0.394,0.2769,9.8356,-0.0025,0.0021,9.8066,0.0242,0.0021,-0.0176,160.8,-80.51,171.23,53.057503,-1.758886,0.0,3,357.51,19 / 21,0.026580425506871713,0.12468340517547177,0.02067304254559341,391.3300833721112,532.9414852204765,70.95799179339207,False,108.10000000000002,-2.067012396232235e-14,-3.689035900793281e-13,-67.89542535761855,696.7918883251325,3.6948222257374535e-13,183.207,-0.026580425506892384,-0.12468340517584067,-459.2255087297297,163.85040310465604
1095414.0,-0.2003,-0.1077,9.6601,0.0011,0.0033,9.8065,-0.0161,0.0,-0.0191,160.84,-80.44,171.24,53.057503,-1.758886,0.0,3,357.51,19 / 21,0.04653761139968866,0.13066556730066567,0.012574086163758966,391.3337392739565,532.9542526691002,70.95965414982753,False,108.19999999999993,-0.0013985871781206135,-0.024960848420071263,-67.89542535761855,696.7918883251325,0.02499999999889155,183.207,-0.04793619857780927,-0.15562641572073693,-459.22916463157503,163.83763565603226
1095514.0,0.2631,0.1371,9.9221,0.0041,0.0016,9.8066,-0.0086,-0.001,-0.0146,160.88,-80.45,171.3,53.057503,-1.758886,0.0,3,357.51,19 / 20,0.035177265160345,0.13219090330250405,0.009366223239196385,391.3378250177845,532.9673954926304,70.96075116529768,False,108.29999999999984,-0.000901311737066287,-0.016085880093920424,-67.89542535761855,696.7918883251325,0.016111111111383934,183.207,-0.036078576897411285,-0.14827678339642447,-459.23325037540303,163.82449283250207
1095614.0,-0.1621,0.2227,9.878,0.001,0.0008,9.8066,-0.0043,0.0357,-0.002,161.03,-80.44,171.3,53.057503,-1.758886,0.0,3,357.51,19 / 20,0.028612318630846713,0.1196622968209864,0.01590028975332783,391.3410144969741,532.9799881526367,70.96201449094731,False,108.39999999999998,-0.0005594348712781022,-0.009984339368561366,-67.89542535761855,696.7918883251325,0.010000000000090317,183.207,-0.029171753502124816,-0.12964663618954778,-459.2364398545926,163.81190017249583
1095714.0,0.146,-0.1487,9.7642,-0.0036,0.0014,9.8065,-0.0083,0.0075,0.0162,158.3,-80.43,171.29,53.057503,-1.758886,0.0,3,357.51,19 / 20,0.023066018081424496,0.1216959793498259,0.014743496290327618,391.3435984138097,532.9920560664452,70.9635466802495,False,108.49999999999989,-0.0004972754411316704,-0.00887496832753121,-67.89542535761855,696.7918883251325,0.008888888888890152,183.207,-0.023563293522556168,-0.1305709476773571,-459.2390237714282,163.79983225868727
1095815.0,0.0301,0.1027,9.8682,0.0012,0.0007,9.8066,0.0,0.0247,0.004,160.52,-80.41,171.21,53.057503,-1.758886,0.0,3,357.51,19 / 20,0.008799236722397453,0.12580550868391158,0.013351839346779462,391.3452076091773,533.0045548915909,70.96496549469917,False,108.601,-0.00028142681996780105,-0.00502267738790407,-67.89542535761855,696.7918883251325,0.005030555555598212,183.207,-0.009080663542365254,-0.13082818607181565,-459.24063296679583,163.78733343354156
1095915.0,0.1806,0.1313,9.8775,-0.0016,0.0013,9.8066,0.005,-0.0272,0.0143,160.76,-80.42,171.31,53.057503,-1.758886,0.0,3,357.51,19 / 20,-3.0294369017090476e-05,0.11776182206909744,0.016976063444757446,391.345646056295,533.0167332581286,70.96648188983875,False,108.70099999999991,-0.0004640201459465465,-0.008281454819566662,-67.89542535761855,696.7919995200633,0.008294444443383061,183.207,-0.00043372577692945603,-0.1260432768886641,-459.2410714139135,163.7752662619347
1096015.0,0.1472,-0.016,9.8851,0.0009,-0.0019,9.8066,0.0193,-0.0242,0.0084,160.45,-80.42,171.35,53.057503,-1.758886,0.0,3,357.51,19 / 20,-0.013921956081475874,0.11401207486460253,0.020774903928052493,391.34494844377247,533.0283219529754,70.96836943820739,False,108.80100000000004,-0.0017776043034971431,-0.03172523834379958,-67.89542535761855,696.8028966233343,0.03177500000048313,183.207,0.012144351777978731,-0.1457373132084021,-459.240373801391,163.7745746703589
1096115.0,-0.2834,0.0516,9.7827,-0.0043,-0.0038,9.8066,0.0117,-0.0404,0.0068,161.0,-80.4,171.43,53.057503,-1.758886,0.0,3,357.51,19 / 20,-0.00817109891098763,0.12047514378310487,0.01997491833884255,391.34384379102283,533.0400463139077,70.97040692932073,False,108.90099999999995,-0.0008408616912359225,-0.015007016756287305,-67.89542535761855,696.7919995200637,0.015030555555510118,183.207,0.007330237219751708,-0.13548216053939216,-459.23926914864137,163.75195320615592
1096215.0,-0.1295,-0.0283,9.858,0.0014,-0.0013,9.8066,0.009,-0.0273,-0.0012,160.93,-80.4,171.32,53.057503,-1.758886,0.0,3,357.51,19 / 20,0.007745804885597302,0.13036610503994955,0.018143180588015187,391.34382252632156,533.0525883763489,70.97231283426707,False,109.00099999999986,-0.0010038747967851802,-0.017916342311214705,-67.89542535761855,696.802896623334,0.01794444444445809,183.207,-0.008749679682382482,-0.14828244735116425,-459.2392478839401,163.75030824698513
1096314.0,-0.2116,0.1057,9.835,-0.0037,-0.0005,9.8066,-0.0097,-0.032,0.0196,160.98,-80.38,171.39,53.057503,-1.758886,0.0,3,357.51,19 / 20,0.019009390388508664,0.13536108165633237,0.018775080999818436,391.3451469084876,533.0657418720904,70.97414028821568,False,109.10000000000002,-0.00038849643838245463,-0.00693356900585408,-67.89542535761855,696.7918883251326,0.0069444444444157075,183.207,-0.019397886826891118,-0.14229465066218644,-459.24057226610614,163.72614645304225
1096414.0,0.2724,0.1896,9.8864,-0.003,-0.0013,9.8066,-0.005,-0.0213,0.0238,161.04,-80.38,171.26,53.057503,-1.758886,0.0,3,357.51,19 / 20,0.015591671834747847,0.1255396901881392,0.02055306884984158,391.34687696159875,533.0787869106825,70.97610669570815,False,109.19999999999993,-0.0002797174356413478,-0.0049921696843216725,-67.89542535761855,696.8030078182649,0.0050000000000862115,183.207,-0.015871389270389193,-0.13053185987246088,-459.2423023192173,163.72422090758232
1096514.0,-0.1519,0.0224,9.8749,-0.0044,0.0015,9.8065,-0.0066,0.0143,0.0127,160.86,-80.36,171.18,53.057503,-1.758886,0.0,3,357.51,20 / 20,0.009107314331022966,0.11972267814071405,0.023760108522359682,391.34811191090705,533.0910500290989,70.97832235457676,False,109.29999999999984,-0.0006682138740086619,-0.011925738689905537,-67.89542535761855,696.8030078182653,0.01194444444423128,183.207,-0.009775528205031627,-0.1316484168306196,-459.2435372685256,163.71195778916638
1096614.0,0.1294,0.2069,9.8868,-0.0019,-0.0019,9.8066,0.0062,-0.0099,0.0177,160.37,-80.37,171.18,53.057503,-1.758886,0.0,3,357.51,20 / 20,0.009565101219611379,0.11601717300161231,0.026503092244014356,391.34904553168457,533.1028370216561,70.98083551461508,False,109.39999999999998,-0.002020181479577143,-0.03605455883023381,-67.89542535761855,696.8030078182653,0.03611111111075395,183.207,-0.011585282699188522,-0.15207173183184614,-459.2444708893031,163.7001707966092
1096715.0,-0.0051,0.0425,9.8389,0.0003,0.0007,9.8065,0.0027,0.0024,-0.0035,160.42,-80.36,171.26,53.057503,-1.758886,0.0,3,357.51,20 / 20,0.004225116229688347,0.11012595301757365,0.027352398407406768,391.3497419376658,533.11425724952,70.98355521689298,False,109.50099999999986,-0.0008944741997363029,-0.015963849279159448,-67.89542535761855,696.8030078182653,0.015988888888903867,183.207,-0.00511959042942465,-0.1260898022967331,-459.2451672952843,163.68875056874526
1096814.0,0.1582,0.0417,9.8515,-0.0005,0.0,9.8066,0.0094,-0.0154,-0.004,160.96,-80.35,171.32,53.057503,-1.758886,0.0,3,357.51,20 / 20,-0.003634607883001607,0.11110083333014847,0.02649352114630106,391.3497711678289,533.1252079754443,70.9862205899109,False,109.60000000000002,-0.00021755800549691065,-0.0038827986433271158,-67.89542535761855,696.8030078182653,0.0038888888889217037,183.207,0.003417049877504696,-0.1149836319734756,-459.24519652544745,163.67779984282106
1096915.0,-0.1859,0.1753,9.9174,-0.0004,0.0034,9.8066,-0.0127,-0.0037,-0.0102,157.76,-80.34,171.28,53.057503,-1.758886,0.0,3,357.51,20 / 20,-0.0015862431345569506,0.10991383293570493,0.029198622974348384,391.3495075148525,533.1363692160907,70.989033043189,False,109.70099999999991,-0.0003513561788324304,-0.006270719808168736,-67.89542535761855,696.8030078182653,0.0062805555548027334,183.207,0.0012348869557245203,-0.11618455274387367,-459.24493287247105,163.66663860217466
1097015.0,-0.0291,-0.0344,9.7984,-0.0031,-0.0004,9.8066,-0.005,-0.0081,0.0119,157.75,-80.32,171.24,53.057503,-1.758886,0.0,3,357.51,20 / 20,0.005861339734965799,0.11436136534153861,0.029175079528202183,391.34972126968256,533.1475829760045,70.99195172831413,False,109.80100000000004,-0.0012797072680659014,-0.022839176305891856,-67.89542535761855,696.8030078182653,0.02287500000051481,183.207,-0.007141047003031701,-0.13720054164743045,-459.2451466273011,163.6554248422608
1097115.0,-0.1229,0.001,9.8318,-0.0002,0.0016,9.8066,-0.0105,0.0362,0.0023,160.98,-80.31,171.3,53.057503,-1.758886,0.0,3,357.51,20 / 20,0.007660177950430773,0.12378997448213278,0.025517067598971262,391.3503973455668,533.1594905429957,70.9946863356705,False,109.90099999999995,-0.00028593337864142647,-0.005103106788164753,-67.89542535761855,696.8030078182653,0.005111111110945885,183.207,-0.007946111329072199,-0.12889308127029753,-459.24582270318535,163.64351727526957
1097215.0,-0.0618,0.1826,9.9459,0.0017,-0.0004,9.8066,0.0131,0.011,0.0006,160.99,-80.3,171.32,53.057503,-1.758886,0.0,3,357.51,20 / 20,0.014262517263251446,0.12358211036856054,0.02867650745911924,391.3514934803275,533.1718591472383,70.9973960144234,False,110.00099999999986,-0.0009023995270783647,-0.01610529408686209,-67.89542535761855,696.8030078182653,0.01613055555555314,183.207,-0.01516491679032981,-0.13968740445542263,-459.24691883794605,163.63114867102706
1097315.0,0.1208,0.0202,9.8035,0.0022,0.0005,9.8066,0.0021,0.0139,-0.0092,158.43,-80.29,171.33,53.057503,-1.758886,0.0,3,357.51,20 / 20,0.009949165537294318,0.11899680575298212,0.03015928134025928,391.35270406446756,533.1839880930444,71.00033780386337,False,110.101,-0.0010010776224154687,-0.017866420614134158,-67.89542535761855,696.8030078182653,0.01789444444421952,183.207,-0.010950243159709787,-0.1368632263671163,-459.2481294220861,163.61901972522094
1097415.0,-0.0898,-0.0103,9.8581,0.0014,0.0001,9.8066,0.0117,0.008,-0.0146,161.05,-80.29,171.4,53.057503,-1.758886,0.0,3,357.51,20 / 20,0.00475134526454109,0.12323557137573508,0.027688139139218568,391.35343909000767,533.1960997119008,71.00323017488735,False,110.20099999999991,-0.00011437335143541135,-0.002041242714888268,-67.8953585182554,696.8030078182653,0.0020444444440001286,183.207,-0.004865718615976501,-0.12527681409062336,-459.2487976082631,163.60690810636447
1097514.0,0.0211,0.1886,9.9254,0.0004,0.0007,9.8066,-0.0066,-0.015,-0.0023,161.09,-80.28,171.45,53.057503,-1.758886,0.0,3,357.51,21 / 21,0.0070477916100062975,0.12154402872157831,0.030696083268330968,391.35402314728293,533.2082163021056,71.00612019389652,False,110.29999999999984,-0.0006682138740034149,-0.011925738689811893,-67.88874142127467,696.8030078182653,0.01194444444413749,183.207,-0.007716005484009712,-0.13346976741139022,-459.2427645685576,163.59479151615972
1097614.0,-0.0355,0.0092,9.8282,-0.0006,0.0001,9.8066,-0.0089,-0.0007,-0.0039,161.07,-80.28,171.42,53.057503,-1.758886,0.0,3,357.51,21 / 21,0.007120709873860215,0.11874243088454436,0.032054420778089524,391.35473157235714,533.220230625086,71.00925771909884,False,110.39999999999998,-0.001460746608312361,-0.026070219461910175,-67.88874142127447,696.8030078182653,0.02611111111090174,183.207,-0.008581456482172576,-0.14481265034645455,-459.2434729936316,163.58277719317937
1097714.0,-0.0506,-0.0246,9.8812,-0.0015,0.0013,9.8066,-0.0135,0.0254,0.0062,161.04,-80.27,171.36,53.057503,-1.758886,0.0,3,357.51,21 / 21,0.007117377216157775,0.12592112843098693,0.03133050766137244,391.3554434767116,533.2324638030517,71.01242696552082,False,110.49999999999989,-0.0011188697425464876,-0.019968678736949314,-67.88874142127447,696.8030078182653,0.020000000000006943,183.207,-0.008236246958704263,-0.14588980716793626,-459.2441848979861,163.5705440152136
1097814.0,-0.0655,0.1396,9.8614,0.0011,0.0013,9.8066,-0.007,0.0182,0.0066,161.07,-80.27,171.41,53.057503,-1.758886,0.0,3,357.51,21 / 21,0.010118482301959612,0.1271943831913001,0.0321261815121741,391.35630526968754,533.2451195786329,71.0155997999795,False,110.60000000000002,-0.0018492430466865474,-0.033003788467616695,-67.88874142127457,696.8141273099835,0.03305555555516965,183.207,-0.011967725348646159,-0.1601981716589168,-459.2450466909621,163.56900773135067
1097915.0,0.0228,-0.0313,9.8979,0.0006,0.0007,9.8066,-0.0121,0.0187,0.0037,161.08,-80.26,171.42,53.057503,-1.758886,0.0,3,357.51,21 / 21,0.00964574877397505,0.12772829186612444,0.03357430428534091,391.3573033633569,533.2579931737232,71.01891767451227,False,110.70099999999991,-0.000395800171393233,-0.0070639201026142335,-67.8953585182554,696.8141273099835,0.007074999999419958,183.207,-0.010041548945368283,-0.13479221196873867,-459.2526618816123,163.5561341362603
1098015.0,-0.0409,-0.0965,9.8494,0.0015,-0.0003,9.8066,0.0127,0.0018,-0.0066,161.12,-80.28,171.49,53.057503,-1.758886,0.0,3,357.51,21 / 21,0.005003378574733705,0.13714097594240113,0.034233158642547556,391.3580358197243,533.2712366371137,71.02230804765867,False,110.80100000000004,-0.0011171603582220831,-0.01993817103340348,-67.88874142127447,696.8141273099835,0.019969444444531564,183.207,-0.006120538932955788,-0.1570791469758046,-459.24677724099877,163.54289067286982
1098115.0,-0.016,0.0697,9.967,-0.0005,0.0009,9.8066,0.0028,-0.0163,-0.0025,161.1,-80.27,171.45,53.057503,-1.758886,0.0,3,357.51,21 / 21,0.004012250267050578,0.1416156748982556,0.03772993484615761,391.3584866011664,533.2851744696558,71.0259062023331,False,110.90099999999995,-0.0009418707652273327,-0.01680974469802303,-67.88874142127447,696.8141273099835,0.016836111111272204,183.207,-0.004954121032277911,-0.15842541959627865,-459.2472280224409,163.52895284032775
1098215.0,-0.0661,0.0832,9.8627,-0.0001,0.0006,9.8066,0.0091,-0.0242,-0.0074,161.13,-80.26,171.49,53.057503,-1.758886,0.0,3,357.51,21 / 21,0.006656083619913092,0.1385389018224537,0.041267444619225685,391.35902001786076,533.2991821984918,71.02985607130637,False,111.00099999999986,-0.0003541533532294038,-0.006320641505735833,-67.8888082606379,696.8141273099835,0.006330555555528611,183.207,-0.007010236973142496,-0.14485954332818954,-459.2478282784987,163.51494511149167
1098314.0,-0.0133,-0.0822,9.824,0.0,0.0005,9.8066,-0.0043,-0.0047,-0.0093,160.81,-80.25,171.5,53.057503,-1.758886,0.0,3,357.51,21 / 21,0.00661764426342163,0.14174319831713383,0.03816563292634688,391.359677067391,533.3130561624488,71.03378800864488,False,111.10000000000002,-0.001569525611058289,-0.02801161878352863,-67.89542535761855,696.8141273099835,0.028055555555317413,183.207,-0.008187169874479918,-0.16975481710066245,-459.2551024250095,163.50107114753473
1098414.0,-0.1068,0.0944,10.002,0.0006,-0.0006,9.8066,-0.0004,0.0136,-0.0063,161.12,-80.24,171.46,53.057503,-1.758886,0.0,3,357.51,21 / 21,0.008383783642831431,0.14481893437819565,0.04148053798738669,391.3604271387863,533.3273842690835,71.03777031719056,False,111.19999999999993,-0.0006682138740605493,-0.011925738690831581,-67.89542535761855,696.8141273099835,0.011944444445158773,183.207,-0.00905199751689198,-0.15674467306902723,-459.2558524964048,163.48674304090002
1098514.0,-0.0629,0.0873,9.8391,0.0,-0.0014,9.8066,-0.0094,0.0167,0.0099,161.09,-80.24,171.41,53.057503,-1.758886,0.0,3,357.51,20 / 21,0.014287516225942425,0.1413099209985077,0.044939957289269965,391.36156070377973,533.3416907118523,71.04209134195439,False,111.29999999999984,-0.00038849643839264836,-0.006933569006036009,-67.89542535761855,696.8141273099835,0.006944444444597922,183.207,-0.014676012664335073,-0.1482434900045437,-459.25698606139827,163.47243659813125
1098614.0,0.0822,0.0303,9.9039,0.0009,0.0002,9.8066,0.0063,0.0163,0.0019,161.24,-80.24,171.43,53.057503,-1.758886,0.0,3,357.51,20 / 21,0.010843187064713985,0.1383140156976655,0.043711213695887055,391.3628172389443,533.3556719086871,71.04652390050366,False,111.39999999999998,-0.0009013117370434438,-0.016085880093512736,-67.89542535761855,696.8141273099835,0.016111111110975608,183.207,-0.011744498801757429,-0.15439989579117824,-459.2582425965628,163.45845540129642
1098714.0,0.0707,0.1501,9.9891,0.0005,-0.003,9.8066,0.0196,-0.011,0.0073,160.64,-80.23,171.45,53.057503,-1.758886,0.0,3,357.51,20 / 21,0.003372991720734333,0.13138765681445722,0.04904178164149326,391.36352804788356,533.3691569923127,71.05116155027052,False,111.49999999999989,-0.0011810291726872314,-0.02107804977787795,-67.89542535761855,696.8141273099835,0.02111111111110543,183.207,-0.004554020893421565,-0.15246570659233516,-459.2589534055021,163.44497031767082
1098814.0,-0.0147,-0.056,9.7976,0.0003,0.0008,9.8066,0.0041,-0.0077,-0.0119,161.13,-80.24,171.47,53.057503,-1.758886,0.0,3,357.51,20 / 21,-0.00028374685834240966,0.1302952139258011,0.04905501439527936,391.3636825101267,533.3822411358498,71.05606639007236,False,111.60000000000002,-0.0002175580055116094,-0.003882798643589447,-67.89542535761855,696.8141273099835,0.0038888888891844466,183.207,6.618885283080027e-05,-0.13417801256939055,-459.25910786774523,163.43188617413375
1098914.0,-0.0685,0.0613,9.8666,-0.0001,0.0003,9.8066,0.0064,-0.0183,-0.0042,161.1,-80.23,171.41,53.057503,-1.758886,0.0,3,357.51,20 / 21,0.001019342241934265,0.13486853142458405,0.0438600122359855,391.36371928989587,533.3954993231173,71.06071214140393,False,111.69999999999993,-0.0013364277479915657,-0.023851477379351366,-67.89542535761855,696.8141273099835,0.02388888888800213,183.207,-0.0023557699899258307,-0.15872000880393541,-459.2591446475144,163.41862798686623
1099014.0,-0.0642,0.0567,9.9318,-0.001,0.0009,9.8066,-0.0023,-0.0258,-0.0025,158.58,-80.22,171.48,53.057503,-1.758886,0.0,3,357.51,20 / 21,0.005210906496430634,0.13499548067893388,0.045147760400580605,391.36403080233276,533.4089925237224,71.06516253003575,False,111.79999999999984,-0.001336427748041174,-0.023851477380236734,-67.90210929396243,696.825246803116,0.023888888888888887,183.207,-0.0065473342444718075,-0.15884695805917062,-459.2661400962952,163.41625427939357
1099114.0,-0.119,-0.0071,9.8419,-0.0014,-0.0003,9.8066,-0.009,-0.0073,0.0084,160.63,-80.22,171.42,53.057503,-1.758886,0.0,3,357.51,20 / 21,0.009751651208016921,0.1385779783380607,0.04519259634050293,391.364778930218,533.4226711966733,71.06967954787281,False,111.89999999999998,-0.0013985871781817052,-0.02496084842116158,-67.89542535761865,696.8252468031163,0.024999999999983577,183.207,-0.011150238386198627,-0.1635388267592223,-459.26020428783664,163.40257560644307
1099214.0,0.1309,0.0171,9.7969,-0.0015,-0.0002,9.8066,-0.0088,-0.0044,0.0172,161.1,-80.22,171.41,53.057503,-1.758886,0.0,3,357.51,20 / 21,0.00567194508805145,0.14043916121388475,0.03949745688942662,391.3655501100328,533.4366220536508,71.0739140505343,False,111.99999999999989,-0.001398587178182624,-0.024960848421177975,-67.90210929396261,696.8252468031163,0.024999999999999998,183.207,-0.007070532266234074,-0.16540000963506274,-459.2676594039954,163.38862474946552
1099314.0,-0.1349,0.0441,9.9501,-0.0008,0.0006,9.8066,0.0058,0.0179,0.0077,161.27,-80.22,171.45,53.057503,-1.758886,0.0,3,357.51,20 / 21,0.0036939712973743702,0.14013752483729197,0.0392550883560205,391.36601840585206,533.4506508879534,71.07785167779657,False,112.10000000000002,-0.0010567103124014341,-0.018859307695943753,-67.90210929396262,696.8252468031163,0.018888888888831414,183.207,-0.004750681609775804,-0.1589968325332357,-459.26812769981467,163.3745959151629
1099414.0,0.0645,0.0669,9.8431,-0.0004,0.0004,9.8066,-0.001,-0.0033,0.0072,161.17,-80.21,171.5,53.057503,-1.758886,0.0,3,357.51,20 / 21,0.005377911214410436,0.1387961991585702,0.04101257510261054,391.36647199997765,533.4645975741532,71.0818650609695,False,112.19999999999993,-0.0008391523069192205,-0.014976509052878942,-67.90210929396262,696.8252468031163,0.015000000000172424,183.207,-0.006217063521329657,-0.15377270821144914,-459.26858129394026,163.3606492289631
1099514.0,0.095,-0.0119,9.7948,0.0006,-0.0001,9.8065,0.0095,0.0052,-0.0165,160.71,-80.22,171.54,53.057503,-1.758886,0.0,3,357.51,21 / 21,-0.003313392596795391,0.13672284005059515,0.035906188837218064,391.36657522590855,533.4783735261137,71.0857109991665,False,112.29999999999984,-0.00038849643839789535,-0.006933569006129655,-67.90210929396262,696.8252468031163,0.006944444444691713,183.207,0.0029248961583974954,-0.1436564090567248,-459.26868451987116,163.3468732770026
1099614.0,0.0383,0.1008,9.9659,0.0007,0.0003,9.8066,0.0065,-0.0112,-0.015,161.2,-80.22,171.55,53.057503,-1.758886,0.0,3,357.51,21 / 21,-0.009178404097753539,0.13395687905397657,0.03678476051164395,391.3659506360738,533.491907512069,71.08934554663394,False,112.39999999999998,-0.0005594348712705231,-0.0099843393684261,-67.90210929396262,696.8252468031163,0.00999999999995484,183.207,0.008618969226483015,-0.14394121842240268,-459.26805993003643,163.3333392910473
1099714.0,-0.0801,-0.0719,9.8135,0.0005,0.0017,9.8066,0.0011,-0.0104,-0.0168,158.64,-80.2,171.54,53.057503,-1.758886,0.0,3,357.51,21 / 21,-0.008546019637742597,0.13649850076514078,0.038326296434890945,391.36506441488706,533.50543028106,71.09310109948126,False,112.49999999999989,-0.0006682138740204633,-0.01192573869011616,-67.90210929396262,696.8252468031163,0.011944444444442233,183.207,0.007877805763722134,-0.14842423945525693,-459.26717370884967,163.31981652205639
1099814.0,-0.0444,0.0414,9.8935,-0.001,0.0002,9.8066,-0.0043,-0.0007,-0.0011,161.18,-80.19,171.49,53.057503,-1.758886,0.0,3,357.51,21 / 21,-0.005498495186295421,0.1421818286360238,0.03655960196966274,391.3643621891459,533.51936429753,71.0968453944015,False,112.60000000000002,-0.0002797174356381324,-0.004992169684264287,-67.90210929396262,696.8252468031164,0.005000000000028737,183.207,0.005218777750657289,-0.14717399832028807,-459.2664714831085,163.3058825055864
1099914.0,0.101,0.1294,9.7892,0.0036,-0.0005,9.8066,0.0012,0.0323,-0.0111,161.16,-80.18,171.45,53.057503,-1.758886,0.0,3,357.51,21 / 21,-0.006743410115462054,0.13639414263649707,0.034025161674210644,391.3637500938808,533.5332930960936,71.1003746325837,False,112.69999999999993,-0.00038849643837923927,-0.006933569005796694,-67.90210929396262,696.8363662955413,0.006944444444358233,183.207,0.0063549136770828145,-0.14332771164229377,-459.2658593878434,163.30307319944768
1100014.0,-0.0741,0.0533,9.8179,0.0001,0.0003,9.8066,-0.0099,0.044,0.0029,161.03,-80.18,171.49,53.057503,-1.758886,0.0,3,357.51,21 / 21,-0.006471076847014711,0.1314099849334713,0.028657887423079297,391.3630893695327,533.5466833024722,71.10350878503856,False,112.79999999999984,-0.00017093843289566542,-0.0030507703627076035,-67.90210929396262,696.8363662955418,0.0030555555556749264,183.207,0.006300138414119046,-0.1344607552961789,-459.2651986634953,163.28968299306962
1100114.0,0.1889,0.0239,9.8825,0.0025,-0.0011,9.8066,0.0033,0.0336,-0.0025,158.65,-80.17,171.54,53.057503,-1.758886,0.0,3,357.51,21 / 21,-0.011567201162716844,0.1298376297740007,0.028060954309622504,391.36218745563224,533.5597456832076,71.10634472712519,False,112.89999999999998,-0.0006215943014078393,-0.011093710409293567,-67.90210929396262,696.8363662955418,0.011111111110992056,183.207,0.010945606861309005,-0.14093134018329428,-459.26429674959485,163.27662061233423
1100214.0,-0.0841,-0.0762,9.8251,0.001,0.0021,9.8066,-0.0059,0.0265,-0.0055,158.67,-80.18,171.57,53.057503,-1.758886,0.0,3,357.51,21 / 21,-0.01793840668499125,0.13388138050285936,0.02785956116317558,391.3607121752399,533.5729316337214,71.10914075289882,False,112.99999999999989,-0.0012276487452929476,-0.02191007805857726,-67.90210929396262,696.8363662955418,0.021944444444432127,183.207,0.016710757939698305,-0.1557914585614366,-459.2628214692025,163.26343466182038
1100314.0,0.0691,0.1349,9.9164,-0.0022,0.0009,9.8066,0.0089,-0.0136,-0.0023,161.23,-80.18,171.57,53.057503,-1.758886,0.0,3,357.51,21 / 21,-0.0166613475843631,0.134873408362287,0.029129126988706733,391.3589821875264,533.5863693731646,71.11199018730642,False,113.10000000000002,-0.0016783046138242016,-0.02995301810550375,-67.90210929396272,696.8363662955418,0.030000000000090316,183.207,0.014983042970538898,-0.16482642646779075,-459.26109148148913,163.24999692237714
1100414.0,-0.0248,-0.2225,9.7244,0.0009,0.0027,9.8066,0.0003,-0.0128,-0.0206,158.7,-80.17,171.6,53.057503,-1.758886,0.0,3,357.51,21 / 21,-0.020174247090582687,0.1405938662647666,0.025928507940399654,391.35714040779266,533.600142736896,71.11474306905286,False,113.19999999999993,-0.002020181479581966,-0.03605455883031989,-67.90879323029313,696.8363662955418,0.03611111111084016,183.207,0.01815406561100072,-0.1766484250950865,-459.2659336380858,163.23622355864575
1100514.0,0.0066,0.0257,9.8735,-0.0002,0.0005,9.8066,-0.0018,-0.0228,-0.0086,161.22,-80.16,171.53,53.057503,-1.758886,0.0,3,357.51,20 / 22,-0.022140388621685395,0.15070496920971715,0.021384731749340316,391.355024676007,533.6147076786698,71.11710873103735,False,113.29999999999984,-0.001460746608341246,-0.026070219462425694,-67.90879323029343,696.8363662955418,0.02611111111141806,183.207,0.02067964201334415,-0.17677518867214284,-459.26381790630046,163.221658616872
1100614.0,-0.1065,-0.0457,9.9043,-0.0006,0.0012,9.8065,-0.0046,-0.0009,-0.0038,161.21,-80.15,171.5,53.057503,-1.758886,0.0,3,357.51,20 / 22,-0.017192446167906245,0.15346043970442497,0.02516827198694882,391.3530580342675,533.6299159491156,71.11943638122416,False,113.39999999999998,-0.000947931309664691,-0.016917908374489227,-67.90879323029343,696.8363662955418,0.016944444444579917,183.207,0.016244514858241552,-0.1703783480789142,-459.26185126456096,163.2064503464262
1100714.0,-0.0183,-0.0321,9.8025,-0.0027,0.0025,9.8066,-0.0207,0.0003,0.014,161.19,-80.16,171.49,53.057503,-1.758886,0.0,3,357.51,20 / 22,-0.012782496612718675,0.1584685973497409,0.025366781188902905,391.3515592871285,533.6455124009683,71.12196313388296,False,113.49999999999989,-0.0010100907397984913,-0.018027279415293945,-67.90879323029343,696.8363662955418,0.018055555555554294,183.207,0.011772405872920184,-0.17649587676503484,-459.26035251742195,163.19085389457348
1100814.0,0.1368,0.0896,9.8947,-0.0005,-0.0009,9.8066,0.0015,0.0084,0.0136,160.67,-80.15,171.41,53.057503,-1.758886,0.0,3,357.51,20 / 22,-0.01702846284950518,0.15390055925349816,0.025127514010572404,391.3500687391554,533.6611308587985,71.12448784864293,False,113.60000000000002,-0.001289808175425211,-0.023019449099354546,-67.90879323029343,696.8474857886746,0.023055555555379026,183.207,0.015738654674079967,-0.1769200083528527,-459.25886196944884,163.18635492987607
1100914.0,-0.046,-0.049,9.8696,-0.0013,-0.0004,9.8066,-0.0033,0.0134,0.0077,160.68,-80.14,171.42,53.057503,-1.758886,0.0,3,357.51,20 / 22,-0.019881104496865015,0.15107765823709407,0.027775886908980772,391.3482232607881,533.6763797696731,71.12713301868891,False,113.69999999999993,-0.0006215943014441268,-0.011093710409941197,-67.90879323029343,696.8474857886746,0.011111111111640704,183.207,0.01925951019542089,-0.16217136864703527,-459.2570164910815,163.1711060190015
1101014.0,0.0551,0.118,9.9083,-0.0014,-0.0009,9.8066,0.0111,0.0004,0.0107,161.15,-80.14,171.4,53.057503,-1.758886,0.0,3,357.51,20 / 22,-0.00045065586853075773,-0.008042940046917631,0.030605003872627375,-67.91547716666388,696.8474857886746,71.13005206322799,True,113.79999999999984,-0.00045065586853075773,-0.008042940046917631,-67.91547716666388,696.8474857886746,0.008055555555649319,183.207,0.0,0.0,0.0,0.0
1101114.0,0.0041,-0.0161,9.8043,0.0,-0.0004,9.8066,0.0084,0.0024,-0.0062,161.21,-80.14,171.49,53.057503,-1.758886,0.0,3,357.51,20 / 22,-0.003497043578262418,0.011440195960847633,0.030234503291739077,-67.91567455163622,696.8476556514703,71.13309403858622,False,113.89999999999998,-0.000388496438384981,-0.006933569005899168,-67.91547716666408,696.8474857886746,0.006944444444460867,183.207,0.003108547139877437,-0.0183737649667468,0.00019738497213950268,-0.00016986279570119223
1101215.0,0.0413,0.0291,9.9178,0.0006,0.0002,9.8066,0.0053,-0.023,-0.0088,158.65,-80.14,171.51,53.057503,-1.758886,0.0,3,357.51,20 / 22,-0.0072219034253612965,0.03187408711818652,0.030369567797972934,-67.91621585845989,696.8498430227658,71.13615454417625,False,114.00099999999986,-0.0004961876511042579,-0.00885555433431586,-67.91547716666408,696.8474857886746,0.008869444444446832,183.207,0.006725715774257039,-0.04072964145250238,0.0007386917958172035,-0.002357234091164173
1101315.0,-0.1453,0.0916,9.8275,-0.0016,0.0021,9.8066,-0.0138,-0.0186,0.008,160.9,-80.14,171.52,53.057503,-1.758886,0.0,3,357.51,20 / 22,-0.0029141610211782707,0.04676799090693854,0.03142413262828471,-67.91672266168221,696.853775126667,71.13924422919757,False,114.101,-0.0003968879614648732,-0.007083334096618923,-67.91554400602747,696.847596983599,0.007094444444653856,183.207,0.0025172730597133974,-0.053851325003557465,0.0011786556547406235,-0.006178143067927522
1101415.0,0.0404,-0.0219,9.8484,-0.0007,-0.0003,9.8066,0.0004,-0.0136,-0.0025,160.75,-80.13,171.51,53.057503,-1.758886,0.0,3,357.51,20 / 22,0.0004278586350636852,0.061581385919587756,0.02937101273403965,-67.91684697680152,696.8591925955083,71.14228398646569,False,114.20099999999991,-0.0012181694322391811,-0.02174089897559766,-67.92216110299488,696.8586052811002,0.02177500000075282,183.207,-0.0016460280673028663,-0.08332228489518542,-0.005314126193354696,-0.0005873144081078863
1101515.0,-0.078,-0.0025,9.8595,-0.0001,-0.0002,9.8066,-0.0069,0.0315,0.004,158.62,-80.12,171.44,53.057503,-1.758886,0.0,3,357.51,20 / 21,-0.0012525770817581315,0.07708438105852447,0.028985860823939256,-67.91688821272386,696.8661258838572,71.14520183014359,False,114.30100000000004,-0.0002790958413368826,-0.004981075973857813,-67.92216110299488,696.8586052811002,0.004988888888920569,183.207,0.0009734812404212489,-0.08206545703238229,-0.00527289027101574,-0.007520602757040251
1101614.0,-0.0746,0.1196,9.9263,0.0001,-0.0008,9.8066,0.0077,0.015,0.0017,161.15,-80.13,171.4,53.057503,-1.758886,0.0,3,357.51,20 / 21,0.003920203765216246,0.08596454667831316,0.03189591920034349,-67.91675616520303,696.8741968057801,71.1482154782548,False,114.39999999999998,-0.00021755800549599197,-0.00388279864331072,-67.92216110299488,696.8586052811002,0.0038888888889052823,183.207,-0.004137761770712238,-0.08984734532162388,-0.005404937791851694,-0.015591524679962276
1101714.0,0.1162,-0.1093,9.8075,0.0016,-0.0016,9.8066,0.0045,0.0185,-0.0043,161.16,-80.12,171.41,53.057503,-1.758886,0.0,3,357.51,20 / 21,-0.0003419738869008463,0.09527218561106969,0.0322327813202873,-67.91657725370911,696.8832586423946,71.15142191328083,False,114.49999999999989,-0.0007769928767674886,-0.013867138011754192,-67.92216110299488,696.8586052811002,0.013888888888877522,183.207,-0.0004350189898666423,-0.10913932362282389,-0.00558384928577027,-0.0246533612944404
1101814.0,-0.0568,-0.0403,9.8466,0.0006,0.0017,9.8066,0.0034,-0.0016,-0.0088,160.7,-80.13,171.43,53.057503,-1.758886,0.0,3,357.51,20 / 21,-0.00698633100029886,0.1093752796850542,0.029131864122246602,-67.91694366895346,696.8934910156594,71.15449014555296,False,114.60000000000002,-0.0012276487452936367,-0.021910078058589556,-67.92884503932567,696.8586052811003,0.021944444444444444,183.207,0.005758682255005223,-0.13128535774364375,-0.011901370372200404,-0.03488573455911137
1101914.0,0.0019,0.1382,9.9817,-0.0012,0.0018,9.8065,-0.0046,-0.0243,-0.0018,160.71,-80.13,171.45,53.057503,-1.758886,0.0,3,357.51,20 / 21,-0.004686973804109246,0.11298211187445581,0.03389958450390137,-67.91752733419368,696.9046088852374,71.15764171798426,False,114.69999999999993,-0.0012276487452936367,-0.021910078058589556,-67.92884503932567,696.8697247742325,0.021944444444444444,183.207,0.003459325058815609,-0.13489218993304536,-0.0113177051319866,-0.0348841110048852
1102014.0,0.0096,-0.081,9.7592,0.0002,0.0005,9.8066,-0.0051,-0.0224,-0.0092,161.18,-80.12,171.44,53.057503,-1.758886,0.0,3,357.51,20 / 21,-0.005844401526823818,0.11676973630713974,0.03423764682831128,-67.91805390296022,696.9160964776464,71.16104857955087,False,114.79999999999984,-0.00101009073980524,-0.01802727941541439,-67.92884503932567,696.869724774233,0.018055555555674927,183.207,0.004834310787018578,-0.13479701572255415,-0.010791136365440934,-0.04637170341345609
1102114.0,0.0675,-0.0973,9.7838,-0.0023,-0.0001,9.8066,-0.0145,0.0113,0.0138,161.1,-80.11,171.31,53.057503,-1.758886,0.0,3,357.51,20 / 21,-0.012666988284211365,0.12855034515765798,0.026114249804060526,-67.91897947245077,696.9283624817197,71.16406617438248,False,114.89999999999998,-0.0006215943014202414,-0.01109371040951491,-67.93552897566964,696.869724774233,0.011111111111213745,183.207,0.012045393982791124,-0.13964405556717288,-0.016549503218868722,-0.058637707486695945
1102215.0,-0.0558,0.118,9.9871,0.0018,-0.0015,9.8066,0.0045,0.0147,0.0012,158.59,-80.13,171.4,53.057503,-1.758886,0.0,3,357.51,20 / 21,-0.013480631686062401,0.13179682213353386,0.028962092333443785,-67.92029992725926,696.9415100136679,71.16684752966043,False,115.00099999999986,-0.0005062885585010033,-0.009035827128446678,-67.93552897566974,696.869724774233,0.009049999999980218,183.207,0.012974343127561398,-0.14083264926198052,-0.015229048410475343,-0.07178523943491655
1102314.0,-0.0051,-0.1057,9.8353,0.0008,-0.0012,9.8066,0.0004,0.0165,0.0031,158.56,-80.12,171.35,53.057503,-1.758886,0.0,3,357.51,20 / 21,-0.0120388946710827,0.13531621751130452,0.03341566098344149,-67.92156314381394,696.9547321091303,71.16993522844962,False,115.10000000000002,-0.0013985871781686142,-0.02496084842092794,-67.93552897566974,696.869724774233,0.02499999999974957,183.207,0.010640307492914086,-0.16027706593223245,-0.013965831855799138,-0.08500733489734102
1102414.0,0.0077,-0.0594,9.8311,0.0002,-0.0012,9.8066,0.0066,0.0009,0.0099,160.99,-80.14,171.39,53.057503,-1.758886,0.0,3,357.51,20 / 21,-0.015505136305557679,0.14468283397848117,0.03066006183592324,-67.92294034536278,696.9687320617048,71.17313901459059,False,115.19999999999993,-0.00045065586856753994,-0.008042940047574092,-67.93552897566974,696.869724774233,0.008055555556306809,183.207,0.015054480436990139,-0.15272577402605525,-0.012588630306964887,-0.09900728747186349
1102514.0,-0.135,0.0783,10.0081,-0.0024,0.002,9.8066,-0.0021,-0.0228,-0.0001,161.19,-80.14,171.47,53.057503,-1.758886,0.0,3,357.51,20 / 20,-0.009976225959949344,0.147144814049776,0.03566180256052607,-67.92421441347605,696.9833234441062,71.17645510781041,False,115.29999999999984,-0.0012898081754093285,-0.02301944909907109,-67.94221291202692,696.8808442659507,0.02305555555509512,183.207,0.008686417784540015,-0.17016426314884708,-0.01799849855086677,-0.1024791781554768
1102614.0,0.0257,0.0179,9.8284,-0.0017,-0.0002,9.8066,0.0095,-0.0395,0.0019,160.68,-80.13,171.41,53.057503,-1.758886,0.0,3,357.51,20 / 20,-0.004986680232429717,0.14587185489837065,0.03979853217646019,-67.92496255878567,696.9979742775536,71.18022812454727,False,115.39999999999998,-0.001181029172689157,-0.02107804977791232,-67.94221291202712,696.880844265951,0.02111111111113985,183.207,0.0038056510597405603,-0.16694990467628296,-0.017250353241450966,-0.11713001160251224
1102714.0,-0.1225,-0.124,9.8324,0.0007,-0.0006,9.8066,-0.0036,0.0024,-0.0062,158.03,-80.13,171.44,53.057503,-1.758886,0.0,3,357.51,20 / 20,-0.005030555516414655,0.15284867559907148,0.035847502349989374,-67.92546342057311,697.0129103040784,71.18401042627359,False,115.49999999999989,-0.0010567103124047908,-0.01885930769600366,-67.94221291202712,696.880844265951,0.018888888888891415,183.207,0.003973845204009864,-0.17170798329507514,-0.01674949145400717,-0.13206603812739104
1102814.0,0.0413,0.0601,9.9155,0.001,-0.0024,9.8066,-0.0012,-0.009,-0.0036,161.18,-80.14,171.45,53.057503,-1.758886,0.0,3,357.51,20 / 20,-0.005025082429211775,0.1568840652119056,0.0361908769974988,-67.92596620247039,697.028396941119,71.18761234524096,False,115.60000000000002,-0.0008391523069045218,-0.01497650905261661,-67.94889684837119,696.880844265951,0.014999999999909681,183.207,0.004185930122307253,-0.1718605742645222,-0.022930645900800073,-0.14755267516795811
1102914.0,-0.0207,0.0949,9.8815,0.0012,-0.0002,9.8066,-0.0095,0.0199,0.0059,158.6,-80.14,171.43,53.057503,-1.758886,0.0,3,357.51,20 / 20,-0.005471583112328425,0.15006126663142852,0.038569495447866954,-67.92649103574747,697.0437442077111,71.19135036386324,False,115.69999999999993,-0.0004972754411467577,-0.008874968327800478,-67.94889684837119,696.880844265951,0.008888888889159844,183.207,0.0049743076711816665,-0.15893623495922898,-0.02240581262371677,-0.16289994176008804
1103014.0,-0.0235,0.0771,9.8131,-0.0003,-0.0004,9.8066,-0.0029,0.0273,0.0091,160.73,-80.14,171.49,53.057503,-1.758886,0.0,3,357.51,20 / 20,-0.0030805277091482744,0.14447352442956995,0.036239321130683864,-67.92691864128855,697.0584709472641,71.19509080469216,False,115.79999999999984,-0.0002175580055036594,-0.0038827986434475607,-67.95558078471507,696.8919637590835,0.003888888889042338,183.207,0.002862969703644615,-0.14835632307301752,-0.02866214342651574,-0.16650718818061705
1103114.0,-0.0253,-0.0145,9.8844,0.0024,-0.0001,9.8066,0.0046,0.0177,-0.0034,158.82,-80.14,171.52,53.057503,-1.758886,0.0,3,357.51,20 / 20,-0.0025146007096085495,0.14412724258427329,0.034381922961086206,-67.92719839770949,697.0729009856149,71.19862186689674,False,115.89999999999998,-0.00034187686577613743,-0.006101540725144047,-67.95558078471527,696.8919637590839,0.006111111111078267,183.207,0.002172723843832412,-0.15022878330941733,-0.028382387005777332,-0.1809372265310003
1103214.0,-0.1362,0.0011,9.9484,-0.0007,0.0,9.8066,0.0042,0.0119,-0.0022,161.26,-80.15,171.58,53.057503,-1.758886,0.0,3,357.51,20 / 20,0.0015461120511507994,0.1484220963519747,0.03855338451691479,-67.92724682214241,697.0875284525616,71.20226863227064,False,115.99999999999989,-0.0007769928767676299,-0.013867138011756715,-67.95558078471527,696.8919637590839,0.013888888888880048,183.207,-0.002323104927918429,-0.1622892343637314,-0.028333962572858695,-0.19556469347776329
1103314.0,-0.0647,0.172,9.9037,0.0035,-0.0021,9.8066,0.0146,-0.0036,-0.0196,161.33,-80.17,171.7,53.057503,-1.758886,0.0,3,357.51,20 / 20,0.009669723738297822,0.1451210187751875,0.04291937683939147,-67.92668603035294,697.1022056083181,71.20634227033847,False,116.10000000000002,-0.0017870836165444085,-0.03189441742666315,-67.96226472103278,696.8919637590839,0.03194444444404622,183.207,-0.011456807354842231,-0.17701543620185065,-0.03557869067984143,-0.21024184923419398
1103414.0,-0.101,-0.149,9.8069,0.0017,0.0015,9.8066,-0.0037,-0.0056,-0.0153,161.33,-80.16,171.7,53.057503,-1.758886,0.0,3,357.51,20 / 20,0.013131790840860844,0.1478743266846967,0.040616720313479085,-67.92554595462398,697.1168553755911,71.2105190751961,False,116.19999999999993,-0.00027971743570335823,-0.004992169685428389,-67.96226472103278,696.8919637590839,0.00500000000119466,183.207,-0.013411508276564201,-0.1528664963701251,-0.036718766408796455,-0.22489161650719325
1103516.0,-0.0441,0.0079,9.9546,-0.0012,0.0014,9.8066,-0.01,-0.0107,0.0007,160.78,-80.16,171.59,53.057503,-1.758886,0.0,3,357.51,20 / 21,0.012933209107625616,0.15716633171325964,0.04094868226646288,-67.92421663962661,697.1324124491694,71.21467891072768,False,116.30200000000002,-0.0010657234297622694,-0.01902016649670756,-67.96239839975973,696.9030832515094,0.01904999999976958,183.207,-0.013998932537387886,-0.1761864982099672,-0.038181760133127796,-0.2293291976599221
1103614.0,-0.1603,0.1272,9.9524,0.0003,0.0007,9.8066,-0.0141,0.0158,0.0026,158.68,-80.16,171.57,53.057503,-1.758886,0.0,3,357.51,20 / 21,0.01831767957023912,0.15403739266293903,0.047038984926488045,-67.9226853460814,697.1476614316638,71.21899030642014,False,116.39999999999998,-0.0015073661809234997,-0.026902247742706255,-67.96894865739004,696.9030832515094,0.02694444444432536,183.207,-0.019825045751162618,-0.18093964040564528,-0.04626331130864969,-0.24457818015434896
1103714.0,0.0786,-0.1189,9.7626,-0.0004,-0.0007,9.8066,0.003,0.0055,0.0143,161.24,-80.16,171.56,53.057503,-1.758886,0.0,3,357.51,20 / 21,0.016468521757284773,0.15521440780184795,0.04430538718751103,-67.92094603601502,697.163124021687,71.22355752502584,False,116.49999999999989,-0.0006215943014155066,-0.011093710409430406,-67.96894865739014,696.9030832515094,0.011111111111129113,183.207,-0.01709011605870028,-0.16630811821127836,-0.04800262137511879,-0.26004077017762484
1103814.0,-0.0095,0.0568,9.9854,0.0014,-0.0018,9.8065,0.0128,0.0196,-0.006,160.76,-80.17,171.57,53.057503,-1.758886,0.0,3,357.51,20 / 21,0.008181146132190297,0.15667725010832767,0.04338432910939228,-67.91971355262055,697.1787186045826,71.22794201084069,False,116.60000000000002,-0.0010567103124064867,-0.018859307696033927,-67.97563259372095,696.9030832515095,0.01888888888892173,183.207,-0.009237856444596784,-0.1755365578043616,-0.05591904110039536,-0.27563535307308484
1103914.0,0.0642,0.1679,9.9235,0.0014,-0.002,9.8066,0.023,-0.0212,-0.0044,161.24,-80.18,171.57,53.057503,-1.758886,0.0,3,357.51,20 / 21,0.005636403811852696,0.14657604081594916,0.049439679742972094,-67.91902267512334,697.1938812691288,71.23258321128331,False,116.69999999999993,-0.0011810291726820372,-0.021078049777785254,-67.97563259372095,696.9142027446418,0.021111111111012583,183.207,-0.006817432984534733,-0.16765409059373443,-0.05660991859760145,-0.27967852448705344
1104014.0,-0.0266,-0.1904,9.7904,0.0,0.0024,9.8066,0.0023,-0.0061,-0.0067,160.81,-80.15,171.63,53.057503,-1.758886,0.0,3,357.51,20 / 21,0.000714636362666714,0.14815109228277706,0.04629922778152247,-67.91870512311462,697.2086176257837,71.23737015665954,False,116.79999999999984,-0.0006215943014316718,-0.01109371040971891,-67.97563259372095,696.9142027446422,0.011111111111418066,183.207,-0.0013362306640983858,-0.15924480269249597,-0.056927470606325414,-0.29441488114150616
1104114.0,-0.1478,-0.03,9.9042,-0.0021,0.0005,9.8066,0.0036,-0.0408,0.0013,161.34,-80.14,171.68,53.057503,-1.758886,0.0,3,357.51,20 / 21,0.0023833949783011086,0.1603436175108824,0.04280959361429884,-67.91855022154758,697.2240423612734,71.24182559772933,False,116.89999999999998,-0.0017870836165494609,-0.031894417426753335,-67.98231653007821,696.9142027446422,0.03194444444413654,183.207,-0.00417047859485057,-0.19223803493763575,-0.06376630853063148,-0.3098396166311659
1104214.0,-0.0179,0.0086,9.8801,-0.0018,0.0014,9.8066,-0.0121,-0.0146,0.0059,161.28,-80.12,171.59,53.057503,-1.758886,0.0,3,357.51,20 / 21,0.006326906127417523,0.1626002736935682,0.04365565457214745,-67.91811470649229,697.2401895558336,71.24614886013865,False,116.99999999999989,-0.0002175580054968576,-0.00388279864332617,-67.9890004664091,696.9142027446422,0.00388888888892076,183.207,-0.006544464132914381,-0.16648307233689436,-0.07088575991680557,-0.325986811191342
1104314.0,-0.131,-0.1875,9.8091,-0.0004,-0.0006,9.8066,-0.0039,0.0065,0.0073,158.68,-80.14,171.55,53.057503,-1.758886,0.0,3,357.51,20 / 21,0.005887676669781836,0.17068780980896614,0.040333056386329835,-67.91750397735242,697.2568539600087,71.25034829568658,False,117.10000000000002,-0.0008391523069127898,-0.01497650905276417,-67.98900046640911,696.9142027446424,0.015000000000057474,183.207,-0.006726828976694625,-0.18566431886173032,-0.07149648905668471,-0.34265121536634524
1104414.0,0.0284,0.0311,9.8811,0.0,0.0007,9.8066,-0.0099,0.0158,0.0157,160.79,-80.14,171.58,53.057503,-1.758886,0.0,3,357.51,20 / 21,0.003872497952877815,0.17600955679315688,0.03755134792837747,-67.91701596862129,697.2741888283388,71.2542425159023,False,117.19999999999993,-0.0010567103123950033,-0.018859307695828983,-67.98900046640911,696.9253222370672,0.018888888888716465,183.207,-0.0049292082652728185,-0.19486886448898588,-0.0719844977878239,-0.3488665912715305
1104517.0,-0.0347,0.0052,9.875,0.0006,0.0007,9.8066,-0.0027,0.0244,0.0039,161.3,-80.14,171.64,53.057503,-1.758886,0.0,3,357.51,20 / 21,0.0018243647368894618,0.1720626913653024,0.03816971573912488,-67.91672258019277,697.292114549119,71.25814215068118,False,117.303,-0.0004455277155437461,-0.007951416936033876,-67.9956844027399,696.9253222370677,0.007963888888976539,183.207,-0.002269892452433208,-0.18001410830133627,-0.07896182254712869,-0.36679231205130236
1104614.0,-0.0338,-0.0997,9.7664,-0.0019,-0.0008,9.8066,-0.0092,0.0069,0.0108,161.15,-80.16,171.64,53.057503,-1.758886,0.0,3,357.51,20 / 21,0.0009140319050383416,0.1733424106913051,0.03360268087825599,-67.91658976795563,697.3088666965688,71.26162311191712,False,117.39999999999998,-0.0002797174356390511,-0.004992169684280683,-67.9956844027399,696.9253222370677,0.005000000000045158,183.207,-0.0011937493406773928,-0.17833458037558578,-0.07909463478426915,-0.3835444595010813
1104715.0,-0.0179,-0.0218,9.8606,-0.0003,0.0015,9.8066,0.0062,-0.0013,-0.0029,158.34,-80.18,171.72,53.057503,-1.758886,0.0,3,357.51,20 / 21,-0.0016031113051621223,0.17636443737421179,0.029150351246517003,-67.91662456646533,697.326526892396,71.26479214003942,False,117.50099999999986,-0.0011210453226007827,-0.020007506723370556,-67.9957512421036,696.9364417302005,0.02003888888888411,183.207,0.00048206598256133964,-0.19637194409758235,-0.07912667563826403,-0.3900851621955326
1104815.0,0.2845,0.1266,9.913,-0.001,0.0022,9.8066,-0.0001,-0.0241,-0.0042,161.4,-80.16,171.79,53.057503,-1.758886,0.0,3,357.51,20 / 21,-0.013402504194476165,0.16522016659270644,0.0315905485595488,-67.91737484724031,697.3436061225945,71.26782918502973,False,117.601,-0.0013359615523144623,-0.02384315709741806,-68.00236833911055,696.9364417302005,0.023880555555543918,183.207,0.012066542642161704,-0.1890633236901245,-0.08499349187023597,-0.40716439239395186
1104915.0,-0.1418,-0.0184,9.7634,0.0005,-0.0005,9.8066,-0.0008,0.0029,-0.015,158.78,-80.17,171.73,53.057503,-1.758886,0.0,3,357.51,20 / 21,-0.018373642578928782,0.1575281854943738,0.02953371627561413,-67.91896365457897,697.3597435401988,71.27088539827147,False,117.70099999999991,-0.0012919837554803716,-0.023058277085791237,-68.00243517847369,696.9364417302005,0.023094444444271663,183.207,0.01708165882344841,-0.18058646258016503,-0.08347152389471546,-0.4233018099982928
1105014.0,-0.1805,-0.1804,9.8375,0.0011,-0.0007,9.8065,-0.0072,0.0002,-0.0094,161.36,-80.17,171.74,53.057503,-1.758886,0.0,3,357.51,20 / 21,-0.008121060129853924,0.1693044618574343,0.02458192883427246,-67.92027514236305,697.3759217562427,71.27356412270441,False,117.79999999999984,-0.001507366180923482,-0.026902247742705943,-68.00905227545444,696.9364417302005,0.026944444444325047,183.207,0.0066136939489304415,-0.19620670960014025,-0.08877713309138358,-0.4394800260422471
1105114.0,0.0713,-0.0878,9.7611,0.0022,0.0004,9.8066,-0.0158,0.0196,-0.0024,160.9,-80.18,171.8,53.057503,-1.758886,0.0,3,357.51,20 / 21,-0.008322012017841418,0.17934565852249343,0.020269889509130834,-67.92109729597044,697.3933542622618,71.27580671362159,False,117.89999999999998,-0.0016161451836760913,-0.028843647064443638,-68.01573621177204,696.9475612219186,0.02888888888886015,183.207,0.006705866834165327,-0.20818930558693707,-0.09463891580159611,-0.44579304034323286
1105214.0,-0.0531,-0.0448,9.8982,-0.0008,-0.0008,9.8065,-0.0045,0.0308,0.0053,158.79,-80.19,171.75,53.057503,-1.758886,0.0,3,357.51,20 / 21,-0.012415088329825782,0.18069759243340325,0.01918440608275948,-67.92213415098783,697.4113564248096,71.27777942840119,False,117.99999999999989,-0.0010567103124052854,-0.01885930769601249,-68.01573621177214,696.9475612219187,0.01888888888890026,183.207,0.011358378017420498,-0.19955690012941574,-0.09360206078430622,-0.4637952028908785
1105314.0,0.0046,-0.0077,9.783,-0.0003,-0.0007,9.8066,0.0028,0.0267,-0.0035,160.89,-80.19,171.78,53.057503,-1.758886,0.0,3,357.51,20 / 21,-0.012103643091306562,0.1795572277441991,0.01919249517034949,-67.92336008755889,697.4293691658185,71.27969827346385,False,118.10000000000002,-0.001181029172681578,-0.021078049777777056,-68.01573621177224,696.9475612219187,0.02111111111100437,183.207,0.010922613918624985,-0.20063527752197616,-0.09237612421334518,-0.4818079438997529
1105417.0,0.0195,-0.15,9.7451,0.0018,0.0002,9.8066,0.0119,0.009,-0.012,158.17,-80.19,171.73,53.057503,-1.758886,0.0,3,357.51,20 / 21,-0.01670553063536855,0.18245762737044063,0.012583990894802988,-67.92484376000581,697.4480129308569,71.2813347624962,False,118.20299999999986,-0.0007602098306548898,-0.013567607831156816,-68.02242014811621,696.9475612219187,0.013588888889334997,183.207,0.01594532080471366,-0.19602523520159745,-0.09757638811039726,-0.5004517089381579
1105515.0,0.1036,-0.0278,9.9374,0.0015,0.0011,9.8066,0.0068,-0.0066,-0.0122,160.9,-80.19,171.8,53.057503,-1.758886,0.0,3,357.51,20 / 21,-0.024473875544014232,0.18291680182103387,0.013578572260588033,-67.92686155090861,697.4659162778872,71.28261672809082,False,118.30100000000004,-0.0002175580054950733,-0.0038827986432943243,-68.0224869874796,696.9475612219187,0.003888888888888861,183.207,0.02425631753851916,-0.1867996004643282,-0.09562543657098388,-0.5183550559685273
1105615.0,-0.0874,0.193,9.8295,-0.0007,0.0027,9.8066,0.0019,-0.0019,-0.0155,161.41,-80.17,171.82,53.057503,-1.758886,0.0,3,357.51,20 / 21,-0.02135728296259075,0.17175114359993862,0.018069786421493927,-67.92915310883394,697.4836496751583,71.28419914602492,False,118.40099999999995,-0.00022936829720438662,-0.004093579140759725,-68.02910408447359,696.9476724168499,0.004099999999686045,183.207,0.02112791466538636,-0.17584472274069834,-0.0999509756396435,-0.535977258308435
1105715.0,0.1183,-0.1892,9.7432,-0.0023,0.0025,9.8066,-0.0156,-0.0155,0.0069,161.37,-80.18,171.76,53.057503,-1.758886,0.0,3,357.51,20 / 21,-0.021398907734210895,0.16860695904147707,0.013633818458271427,-67.93129091836879,697.5006675802904,71.28578432626891,False,118.50099999999986,-0.001399208772483962,-0.024971942131586027,-68.02917092383689,696.9586807150515,0.025011111111109745,183.207,0.019999698961726934,-0.1935789011730631,-0.09788000546809883,-0.5419868652388686
1105815.0,0.0164,0.1233,9.9001,-0.0003,0.0009,9.8066,-0.0047,-0.0114,0.0024,160.87,-80.17,171.73,53.057503,-1.758886,0.0,3,357.51,20 / 21,-0.02662036382043908,0.16733535671158786,0.0128637456895325,-67.93369188194653,697.517464696078,71.28710920447631,False,118.601,-0.001462922188382062,-0.02610904744860637,-68.03578802080438,696.9586807150515,0.02615000000005429,183.207,0.025157441632057017,-0.19344440416019423,-0.10209613885784563,-0.5587839810265223
1105915.0,-0.1511,0.1606,9.8688,-0.0009,-0.0004,9.8066,-0.0138,0.0158,0.0072,160.85,-80.17,171.72,53.057503,-1.758886,0.0,3,357.51,20 / 21,-0.015525324442337823,0.15588997758345732,0.017547183836096675,-67.93579916635967,697.5336259627928,71.2886297509526,False,118.70099999999991,-0.001671622475108631,-0.029833760719042233,-68.03585486016752,696.9587919099823,0.029880555556086232,183.207,0.013853701967229192,-0.18572373830249955,-0.10005569380784607,-0.5748340528105018
1106015.0,-0.0109,0.0055,9.8656,-0.0009,-0.0009,9.8066,0.0037,0.011,0.0141,161.3,-80.18,171.67,53.057503,-1.758886,0.0,3,357.51,20 / 21,-0.006552591559600146,0.15127595201711547,0.02006185626068928,-67.93690306215977,697.5489842592729,71.29051020295744,False,118.80100000000004,-0.001007759761174904,-0.017985678001378527,-68.04247195714846,696.9698002081843,0.018013888889007693,183.207,0.005544831798425242,-0.16926163001849398,-0.10556889498869282,-0.5791840510885322
1106114.0,-0.0806,0.0676,9.8935,-0.0007,0.0012,9.8066,-0.0078,0.0142,0.0051,161.15,-80.17,171.65,53.057503,-1.758886,0.0,3,357.51,20 / 21,-0.003026191525406656,0.14987378910360438,0.02318711282158177,-67.93737721192248,697.5638911714583,71.292651026927,False,118.89999999999998,-0.0007769928767715696,-0.01386713801182703,-68.04247195714846,696.9698002081843,0.01388888888895047,183.207,0.002249198648635086,-0.16374092711543142,-0.10509474522598339,-0.5940909632739704
1106214.0,0.0197,0.0974,9.8421,0.0003,-0.0013,9.8066,0.0121,-0.0156,0.0027,161.31,-80.19,171.69,53.057503,-1.758886,0.0,3,357.51,20 / 21,1.8620468204550117e-05,0.14478055816259666,0.024906795898339818,-67.93752759047534,697.5786238888215,71.295055722363,False,118.99999999999989,-0.0011188697425457104,-0.019968678736935443,-68.04247195714846,696.9698002081843,0.01999999999999305,183.207,-0.0011374902107502607,-0.1647492368995321,-0.10494436667312357,-0.6088236806372151
1106314.0,-0.1597,0.082,9.8386,-0.0007,0.0012,9.8066,0.0012,-0.0169,-0.006,158.79,-80.18,171.75,53.057503,-1.758886,0.0,3,357.51,20 / 21,0.005548520965120489,0.14121609299075671,0.024035276513592795,-67.93724923340368,697.5929237213792,71.2975028259836,False,119.10000000000002,-0.001289808175425211,-0.023019449099354546,-68.04915589347935,696.9698002081843,0.023055555555379026,183.207,-0.0068383291405457,-0.16423554209011126,-0.11190666007567529,-0.6231235131948551
1106414.0,0.0957,0.0485,9.9008,-0.001,-0.0007,9.8066,0.0148,-0.0336,-0.004,161.35,-80.18,171.74,53.057503,-1.758886,0.0,3,357.51,20 / 21,0.006529119813989487,0.13912286034304736,0.025789235036549042,-67.93664535136472,697.6069406690459,71.2999940515611,False,119.19999999999993,-0.0006215943014441268,-0.011093710409941197,-68.05583982982304,696.9698002081843,0.011111111111640704,183.207,-0.007150714115433614,-0.15021657075298855,-0.11919447845832565,-0.6371404608615876
1106514.0,0.0993,-0.0076,9.8369,0.0024,-0.0021,9.8066,-0.0013,0.0093,-0.0149,161.37,-80.17,171.75,53.057503,-1.758886,0.0,3,357.51,20 / 21,-0.003806981935170277,0.13715292076917612,0.027207849781061933,-67.93650924447077,697.6207544581015,71.30264390580197,False,119.29999999999984,-0.0005594348712749575,-0.009984339368505242,-68.05583982982334,696.9809197006094,0.010000000000034105,183.207,0.0032475470638953195,-0.14713726013768136,-0.11933058535257146,-0.6398347574920535
1106614.0,0.0114,0.0811,9.902,-0.0014,-0.0011,9.8066,-0.0031,0.0032,-0.0028,161.33,-80.18,171.71,53.057503,-1.758886,0.0,3,357.51,20 / 21,-0.0087578398304036,0.13531130318931944,0.028464672313909943,-67.93713748555905,697.6343776692994,71.30542753190673,False,119.39999999999998,-0.00034187686578119014,-0.006101540725234224,-68.06252376616732,696.9809197006098,0.006111111111168585,183.207,0.00841596296462241,-0.14141284391455367,-0.12538628060826795,-0.6534579686896222
1106714.0,0.0671,-0.0913,9.8153,0.0008,-0.0005,9.8066,-0.004,0.0181,0.0086,161.19,-80.18,171.71,53.057503,-1.758886,0.0,3,357.51,20 / 21,-0.01285075865906321,0.13753827373389513,0.02861497146681947,-67.93821791548352,697.6480201481455,71.30828151409577,False,119.49999999999989,-0.0005594348712728021,-0.009984339368466776,-68.06252376616742,696.9809197006098,0.009999999999995577,183.207,0.012291323787790409,-0.1475226131023619,-0.12430585068389632,-0.6671004475357449
1106814.0,0.0153,0.0461,9.8742,0.0005,0.0015,9.8066,-0.0056,0.027,0.001,161.38,-80.18,171.78,53.057503,-1.758886,0.0,3,357.51,20 / 21,-0.016954622715399763,0.14078825485309307,0.027561225746801046,-67.93970818455225,697.6619364745749,71.31109032395645,False,119.60000000000002,-0.0005594348712755758,-0.009984339368516278,-68.06920770251149,696.9809197006099,0.010000000000045157,183.207,0.016395187844124186,-0.15077259422160935,-0.1294995179592462,-0.6810167739649842
1106914.0,-0.0628,0.0531,9.9677,0.0015,-0.0013,9.8066,0.0079,0.0143,-0.0026,161.35,-80.17,171.72,53.057503,-1.758886,0.0,3,357.51,20 / 21,-0.013209439611596489,0.13951540289147396,0.033142541884772135,-67.94121638766859,697.6759516574621,71.31412551233802,False,119.69999999999993,-0.000730373304154458,-0.013035109730924345,-68.06920770251149,696.9920391930349,0.013055555555420078,183.207,0.01247906630744203,-0.1525505126223983,-0.12799131484290172,-0.6839124644271806
1107014.0,-0.1133,-0.0527,9.8355,0.0001,0.0017,9.8066,0.0014,0.0079,-0.002,160.89,-80.18,171.78,53.057503,-1.758886,0.0,3,357.51,20 / 21,-0.0063178989784397075,0.14418134792591894,0.03624191060204904,-67.9421927545981,697.6901364950029,71.31759473496236,False,119.79999999999984,-0.00150736618090631,-0.026902247742399465,-68.06920770251149,696.9920391930353,0.02694444444401809,183.207,0.004810532797533398,-0.1710835956683184,-0.12701494791339485,-0.6980973019675503
1107114.0,0.0889,-0.002,9.8138,0.0018,-0.001,9.8066,0.0136,-0.0112,-0.011,161.44,-80.18,171.88,53.057503,-1.758886,0.0,3,357.51,20 / 21,-0.0073012011574252085,0.14831171721367759,0.03233562401174382,-67.9428737096049,697.7047611482599,71.32102361169305,False,119.89999999999998,-0.001460746608324763,-0.026070219462131516,-68.07589163884218,696.9920391930353,0.026111111111123426,183.207,0.005840454549100446,-0.1743819366758091,-0.13301792923728328,-0.7127219552245379
1107214.0,-0.095,0.0217,9.9272,0.0008,0.001,9.8066,-0.0049,-0.0048,-0.0166,160.97,-80.18,171.9,53.057503,-1.758886,0.0,3,357.51,20 / 21,-0.007819906887764997,0.14857597211031096,0.032912530409977346,-67.94362976500716,697.7196055327261,71.32428601941413,False,119.99999999999989,-0.0009479313096576949,-0.016917908374364365,-68.08257557518635,697.0031586861681,0.016944444444454865,183.207,0.006871975578107301,-0.1654938804846753,-0.1389458101791945,-0.7164468465579148
1107314.0,-0.0845,0.1124,9.8939,-0.0022,0.0015,9.8066,-0.0051,-0.0287,0.004,161.43,-80.18,171.86,53.057503,-1.758886,0.0,3,357.51,20 / 21,0.0002715410886741567,0.1465378336491326,0.03680715084849282,-67.94400718329712,697.734361223014,71.32777200347707,False,120.10000000000002,-0.000388496438389804,-0.006933569005985246,-68.08257557518637,697.0031586861681,0.006944444444547079,183.207,-0.0006600375270639607,-0.15347140265511783,-0.13856839188925107,-0.731202536845899
1107415.0,0.1573,-0.1122,9.7673,-0.0014,0.0005,9.8066,-0.0102,0.0012,0.0046,161.4,-80.17,171.8,53.057503,-1.758886,0.0,3,357.51,20 / 21,-0.004787988400895822,0.1469778768149492,0.03334218572121665,-67.94423526388638,697.7491837663924,71.33131454497384,False,120.20099999999991,-0.0007905125527638236,-0.014108426212098249,-68.08264241454991,697.0031586861681,0.01413055555448186,183.207,0.003997475848131998,-0.16108630302704746,-0.13840715066352516,-0.7460250802242854
1107514.0,0.0648,-0.0108,9.8815,-0.0011,-0.0008,9.8066,-0.0029,0.0094,0.0113,160.91,-80.18,171.8,53.057503,-1.758886,0.0,3,357.51,21 / 21,-0.01669482633626188,0.14978682313806876,0.029834520363033246,-67.94529866321587,697.76387361904,71.334441791925,False,120.29999999999984,-0.002128960482303161,-0.03799595815149692,-68.0892595115701,697.0031586861681,0.03805555555481373,183.207,0.014565865853958717,-0.1877827812895657,-0.14396084835424006,-0.7607149328719061
1107614.0,-0.0167,0.0114,9.9314,-0.0001,0.0002,9.8066,-0.0059,0.0246,0.0069,160.88,-80.18,171.76,53.057503,-1.758886,0.0,3,357.51,21 / 21,-0.01836205990105668,0.1498033364955729,0.033842342308589915,-67.94705150752773,697.7788531270218,71.33762563505859,False,120.39999999999998,-0.0009479313096745668,-0.016917908374665478,-68.0892595115703,697.0142781778862,0.01694444444475645,183.207,0.017414128591382114,-0.16672124487023837,-0.1422080040425726,-0.7645749491355218
1107716.0,-0.0742,-0.1322,9.7393,-0.0007,-0.0006,9.8066,0.0093,-0.0001,0.0131,161.36,-80.19,171.76,53.057503,-1.758886,0.0,3,357.51,21 / 21,-0.015745907860103776,0.1572103075352813,0.03125428096229811,-67.94879101388355,697.7945108228673,71.34094556284539,False,120.50199999999984,-0.0007592774391759053,-0.013550967265063274,-68.09594344784796,697.0142781778864,0.013572222222188153,183.207,0.014986630420927871,-0.1707612748003446,-0.1471524339644077,-0.7802326449809698
1107814.0,-0.0974,-0.0649,9.8545,0.0017,-0.0002,9.8066,0.0007,0.0068,-0.0106,160.77,-80.18,171.84,53.057503,-1.758886,0.0,3,357.51,21 / 21,-0.011411197627915521,0.1664416015235636,0.025753963817951916,-67.95012171205246,697.8103697664112,71.34373896683962,False,120.60000000000002,-0.0021755800549335238,-0.0388279864326361,-68.09594344784806,697.0142781778864,0.03888888888858099,183.207,0.009235617572981997,-0.2052695879561997,-0.1458217357955931,-0.7960915885248596
1107917.0,-0.1133,0.0089,9.9152,0.0002,0.0002,9.8066,0.0171,-0.0366,-0.0083,160.91,-80.2,171.82,53.057503,-1.758886,0.0,3,357.51,21 / 21,-0.004133513278955431,0.17068588053072992,0.028737279245248427,-67.95092226466417,697.827731831737,71.34654526585737,False,120.70299999999986,-0.0009984358466643712,-0.017819272345428037,-68.10262738421861,697.0146117626798,0.01784722222253202,183.207,0.0031350774322910597,-0.18850515287615796,-0.15170511955443544,-0.8131200690571632
1108015.0,0.1306,-0.0146,9.7958,-0.0022,0.0024,9.8066,-0.0105,-0.0164,0.0088,163.68,-80.18,171.87,53.057503,-1.758886,0.0,3,357.51,21 / 21,-0.005971065934520408,0.1680847673542647,0.02849589235846885,-67.95141738904563,697.8443315934834,71.34934969126596,False,120.80100000000004,-0.0006259454615119948,-0.011171366382056905,-68.10269422358186,697.0253976710192,0.011188888888667124,183.207,0.005345120473008414,-0.1792561337363216,-0.1512768345362332,-0.8189339224642254
1108115.0,0.0979,-0.0364,9.8711,-0.0027,0.0001,9.8066,-0.0051,-0.0227,0.0076,166.22,-80.19,171.95,53.057503,-1.758886,0.0,3,357.51,21 / 21,-0.015589490128499322,0.165691268606858,0.0264995085046965,-67.95249541684878,697.8610203952815,71.35209946130911,False,120.90099999999995,-0.0010579535010056297,-0.01888149511678697,-68.10931132056268,697.0253976710192,0.018911111111078065,183.207,0.014531536627493692,-0.18457276372364498,-0.1568159037139054,-0.8356227242622936
1108215.0,0.0694,0.1016,10.0768,0.0011,-0.0019,9.8066,-0.0026,-0.0064,0.0021,165.88,-80.19,171.89,53.057503,-1.758886,0.0,3,357.51,21 / 21,-0.019624092522781147,0.15972682768920418,0.036745082228979174,-67.95425609598134,697.8772913000962,71.3552616908458,False,121.00099999999986,-0.0011754348239755056,-0.020978206384211173,-68.10937815992611,697.0255088659504,0.02101111111112339,183.207,0.018448657698805642,-0.18070503407341534,-0.15512206394477346,-0.8517824341457754
1108315.0,-1.6623,-4.0696,7.3974,-0.0652,0.0539,9.8062,0.0022,-0.2063,0.5515,167.82,-79.96,169.78,53.057503,-1.758886,0.0,3,357.51,21 / 21,0.016761429238997566,0.39777940222118996,-0.07020991777116664,-67.95439922914552,697.9051666115918,71.35358844906868,False,121.101,-0.0006203511128099351,-0.011071522988562637,-68.11599525690677,697.036517164152,0.011088888888857866,183.207,-0.017381780351807503,-0.4088509252097526,-0.1615960277612487,-0.8686494474397932
1108415.0,-2.5601,-1.2718,8.988,0.0486,-0.0482,9.8064,0.1613,-0.035,-0.3341,169.45,-80.11,172.93,53.057503,-1.758886,0.0,3,357.51,21 / 21,0.17032417674830205,0.7275386263704846,-0.2316049177710198,-67.94504494884616,697.9614325130214,71.33849770729158,False,121.20099999999991,-0.0005006942097741903,-0.008935983734510633,-68.11606209626979,697.036517164152,0.008949999999728491,183.207,-0.17082487095807625,-0.7364746101049953,-0.17101714742362617,-0.9249153488693764
1108517.0,0.1974,-0.4376,9.7436,0.0131,-0.0269,9.8065,0.1529,-0.3855,0.0506,168.55,-79.94,171.22,53.057503,-1.758886,0.0,3,357.51,21 / 22,0.2737593661730534,0.8629983390911655,-0.27657161777105904,-67.92239668815715,698.04254989826,71.31258070397891,False,121.303,-0.0008274974137692003,-0.014768501982729257,-68.12267919323756,697.036517164152,0.014791666666865932,183.207,-0.2745868635868226,-0.8777668410738948,-0.20028250508040912,-1.0060327341079756
1108614.0,2.812,-0.0332,9.75,-0.0272,0.0072,9.8065,-0.0368,-0.1711,0.2066,168.76,-79.94,171.59,53.057503,-1.758886,0.0,3,357.51,21 / 22,0.12711213638624774,0.883447806301143,-0.28237706777105775,-67.90295442028302,698.1272525363114,71.28547169273013,False,121.39999999999998,-0.0004506558685312524,-0.008042940046926461,-68.12267919323756,697.036517164152,0.00805555555565816,183.207,-0.12756279225477898,-0.8914907463480695,-0.2197247729545353,-1.090735372159429
1108714.0,1.2766,-0.3898,9.3411,-0.0373,0.0053,9.8065,-0.0516,-0.2299,0.1648,169.23,-80.04,172.49,53.057503,-1.758886,0.0,3,357.51,21 / 22,-0.07623881881807179,0.8922565076719277,-0.3084870677710339,-67.90041075440462,698.2160377520099,71.25592848595305,False,121.49999999999989,-0.0003884964383841329,-0.006933569005884033,-68.12936312958163,697.0476366565774,0.006944444444445708,183.207,0.07585032237968765,-0.8991900766778117,-0.22895237517701617,-1.1684010954325004
1108814.0,1.2104,0.3296,10.4131,-0.0201,-0.0049,9.8065,0.0329,-0.2853,0.1406,168.62,-80.04,171.63,53.057503,-1.758886,0.0,3,357.51,21 / 22,-0.1974748854614634,0.8987464789632473,-0.30144206777102417,-67.91409643961862,698.3055879013418,71.2254320291759,False,121.60000000000002,-0.0015073661809193656,-0.026902247742632477,-68.12936312958175,697.0476366565774,0.026944444444251463,183.207,0.19596751928054404,-0.9256487267058798,-0.21526668996312992,-1.2579512447643992
1108914.0,-1.9076,-0.2254,9.4209,-0.0129,-0.0023,9.8066,-0.0039,-0.0615,0.0247,168.69,-80.03,171.54,53.057503,-1.758886,0.0,3,357.51,21 / 22,-0.13699850680900402,0.7886129797001618,-0.246846007605379,-67.93082010923213,698.389955874275,71.1980176254071,False,121.69999999999993,-0.0007769928768005077,-0.013867138012343494,-68.13604706592542,697.0476366565774,0.013888888889467745,183.207,0.13622151393220353,-0.8024801177125053,-0.20522695669329494,-1.3423192176975363
1109014.0,0.9272,-0.2182,9.6179,-0.0221,-0.0111,9.8065,0.0304,-0.2331,0.1321,171.89,-80.03,171.37,53.057503,-1.758886,0.0,3,357.51,21 / 22,-0.09127548070659905,0.8499526213361732,-0.2755710076053528,-67.9422338086079,698.4718841543267,71.1718967746466,False,121.79999999999984,-0.0011810291726751473,-0.021078049777662283,-68.13604706592572,697.0476366565774,0.021111111110889424,183.207,0.0900944515339239,-0.8710306711138355,-0.19381325731782795,-1.4242474977493202
1109115.0,0.4312,0.1573,9.9429,0.0006,-0.0004,9.8066,-0.0232,0.1095,-0.0465,168.71,-80.02,171.56,53.057503,-1.758886,0.0,3,357.51,21 / 22,-0.1571201440827255,0.8697980425697814,-0.2782222576053557,-67.95477778765976,698.5587315628541,71.14393021475342,False,121.90099999999995,-0.0003908274170109004,-0.006975170419856206,-68.14273100226981,697.0587561490029,0.006986111111049152,183.207,0.1567293166657146,-0.8767732129896376,-0.18795321461004733,-1.499975413851189
1109214.0,1.503,0.1076,10.0678,-0.0205,0.0008,9.8066,-0.002,-0.1171,0.0916,168.56,-80.03,171.31,53.057503,-1.758886,0.0,3,357.51,21 / 22,-0.24735013719434118,0.8651077733428381,-0.258550957605369,-67.97479906658296,698.6446094007417,71.11735994060051,False,121.99999999999989,-0.0006215943014142347,-0.011093710409407705,-68.14273100226981,697.0587561490029,0.011111111111106374,183.207,0.24672854289292695,-0.8762014837522457,-0.16793193568685183,-1.585853251738854
1109314.0,-1.1113,-0.155,9.6459,0.0086,0.0059,9.8066,-0.0331,0.1797,-0.0791,168.68,-80.05,171.54,53.057503,-1.758886,0.0,3,357.51,21 / 22,-0.2659328776973248,0.890810122166851,-0.25353095760536215,-68.00046321732758,698.7324052955173,71.09175584483994,False,122.10000000000002,-0.0011188697425353047,-0.01996867873674973,-68.1494149386006,697.0587561490029,0.019999999999807044,183.207,0.26481400795478954,-0.9107788009036006,-0.14895172127302203,-1.6736491465144354
1109414.0,-0.5928,0.1101,9.9539,-0.0054,-0.0063,9.8066,0.021,-0.0036,-0.0106,168.69,-80.06,171.56,53.057503,-1.758886,0.0,3,357.51,21 / 22,-0.15448802677229362,0.7965389056882182,-0.21607506396455725,-68.02148426255104,698.81677274691,71.06827554376146,False,122.19999999999993,-0.0003884964384164454,-0.00693356900646072,-68.1494149386006,697.0587561490029,0.006944444445023299,183.207,0.15409953033387716,-0.8034724746946789,-0.12793067604955866,-1.758016597907158
1109514.0,-1.3185,-0.0375,9.7486,0.0015,-0.0005,9.8066,-0.0061,0.1516,-0.1015,172.09,-80.05,171.8,53.057503,-1.758886,0.0,3,357.51,20 / 22,-0.05741570837611569,0.8352008221736869,-0.21161506396456123,-68.03207944930845,698.8983597333031,71.04689103736503,False,122.29999999999984,-0.0024086779179191757,-0.04298812783536647,-68.1560988749179,697.0587561490029,0.04305555555444711,183.207,0.055007030458196514,-0.8781889500090533,-0.1240194256094469,-1.839603584300221
1109614.0,0.9342,0.0722,9.9229,-0.0148,-0.0038,9.8065,-0.0058,0.0672,-0.0569,168.81,-80.03,171.95,53.057503,-1.758886,0.0,3,357.51,20 / 22,-0.0355801858804993,0.8608406991443295,-0.2087050639645572,-68.03672924402129,698.9831618093691,71.02587503096855,False,122.39999999999998,-0.0020668010522082642,-0.03688658711138652,-68.1560988749181,697.0698756421356,0.03694444444453476,183.207,0.03351338482829103,-0.897727286255716,-0.11936963089681285,-1.9132861672335366
1109714.0,0.4634,0.0285,9.8776,-0.0059,-0.0025,9.8066,-0.0087,0.1034,-0.0703,168.74,-80.05,171.65,53.057503,-1.758886,0.0,3,357.51,20 / 22,-0.1020289635858824,0.8696847839057654,-0.1993450639645657,-68.0436097014946,699.0696880835216,71.00547252457211,False,122.49999999999989,-0.0003884964383859702,-0.006933569005916827,-68.16278281128875,697.0698756421357,0.006944444444478549,183.207,0.10164046714749643,-0.8766183529116822,-0.11917310979414708,-1.9998124413858704
1109814.0,-1.211,-0.0786,9.8469,-0.012,-0.0016,9.8066,-0.0121,0.1251,-0.084,168.63,-80.05,171.45,53.057503,-1.758886,0.0,3,357.51,20 / 22,-0.06481240660597999,0.9069265876733439,-0.1937850639645581,-68.05195177000421,699.1585186521006,70.98581601817563,False,122.60000000000002,-0.0017870836165552028,-0.0318944174268558,-68.16946674763284,697.0698756421357,0.031944444444239176,183.207,0.06302532298942479,-0.9388210051001997,-0.11751497762863039,-2.088643009964926
1109914.0,0.316,0.0347,9.8546,-0.0114,-0.0018,9.8066,-0.0024,0.0405,-0.0114,168.38,-80.05,171.52,53.057503,-1.758886,0.0,3,357.51,20 / 22,-0.01730838939810763,0.8034297639444703,-0.1609688043698778,-68.05605780980441,699.2440364696814,70.96807832475892,False,122.69999999999993,-0.001010090739833012,-0.018027279415910046,-68.16946674763284,697.0698756421357,0.01805555555617136,183.207,0.016298298658274618,-0.8214570433603804,-0.11340893782842443,-2.174160827545734
1110015.0,-0.4828,-0.0918,9.7518,-0.0029,-0.0009,9.8066,-0.0172,0.1323,-0.0588,168.79,-80.04,171.72,53.057503,-1.758886,0.0,3,357.51,20 / 22,-0.008533478053879879,0.8354354680186249,-0.16131725436987818,-68.05736282411074,699.3267991638957,70.95180287879255,False,122.80100000000004,-0.0021723166848776274,-0.038769744453460174,-68.17615068396363,697.0809951338539,0.03883055555572188,183.207,0.006361161369002251,-0.874205212472085,-0.11878785985288687,-2.245804030041768
1110115.0,0.5669,0.2402,9.9972,-0.0092,-0.0029,9.8066,0.0161,-0.0209,0.0195,168.71,-80.05,171.6,53.057503,-1.758886,0.0,3,357.51,20 / 22,-0.008572358423359577,0.7264749566478435,-0.1313524162144017,-68.05821811593461,699.404894685129,70.93716939526335,False,122.90099999999995,-0.0018441148937290922,-0.03291226535726043,-68.17615068396363,697.0809951338539,0.0329638888890252,183.207,0.0067282435296304845,-0.7593872220051039,-0.11793256802901908,-2.323899551275076
1110215.0,-0.7993,-0.1065,9.7959,0.0008,-0.0006,9.8066,-0.0086,0.059,-0.0302,168.81,-80.04,171.76,53.057503,-1.758886,0.0,3,357.51,20 / 22,0.00447566892826462,0.6370748574470247,-0.10400805378224837,-68.05842295040937,699.4730721758336,70.92540137176353,False,123.00099999999986,-0.0013409343067258758,-0.023931906780695098,-68.17621752332705,697.0809951338539,0.02396944444443455,183.207,-0.005816603234990496,-0.6610067642277199,-0.11779457291768836,-2.3920770419797464
1110315.0,0.0099,0.0274,9.8699,-0.0063,-0.0009,9.8066,0.0195,-0.0905,0.041,168.72,-80.04,171.6,53.057503,-1.758886,0.0,3,357.51,20 / 22,0.04354368192366284,0.6759861131288963,-0.10138305378224477,-68.05602198286677,699.5387252243626,70.91513181638528,False,123.101,-0.0017849080365086982,-0.0318555894405736,-68.18283462030772,697.0811063287854,0.03190555555550126,183.207,-0.04532858996017154,-0.70784170256947,-0.12681263744094906,-2.457618895577184
1110414.0,0.6586,0.0689,9.831,0.0068,0.0003,9.8066,0.0044,-0.0038,-0.0185,168.71,-80.03,171.58,53.057503,-1.758886,0.0,3,357.51,20 / 22,0.011139340250495029,0.5881426739720268,-0.08248982571491055,-68.05331517326916,699.601299599324,70.90603010885017,False,123.19999999999993,-0.001569525611081256,-0.02801161878393852,-68.18283462030772,697.0921146269862,0.02805555555572795,183.207,-0.012708865861576284,-0.6161542927559653,-0.129519447038561,-2.509184972337721
1110514.0,0.1982,-0.073,9.8291,-0.0028,0.0003,9.8066,0.0066,-0.1089,0.046,172.01,-80.04,171.66,53.057503,-1.758886,0.0,3,357.51,20 / 21,-0.02892581815109375,0.6078737315753426,-0.08014982571491262,-68.05420449716418,699.6611004196013,70.89789812627869,False,123.29999999999984,-0.0007303733041877953,-0.01303510973151932,-68.18951855666488,697.0921146269867,0.013055555556015985,183.207,0.028195444846905955,-0.620908841306862,-0.13531405950070052,-2.568985792614626
1110614.0,0.5656,0.0939,9.8709,0.0099,0.0017,9.8066,-0.003,-0.0492,0.0326,168.62,-80.05,171.64,53.057503,-1.758886,0.0,3,357.51,20 / 21,-0.05456301148047779,0.5331608533850103,-0.0644426018576706,-68.05837893864576,699.7181521488494,70.89066850490005,False,123.39999999999998,-0.0004972754411350447,-0.008874968327591432,-68.18951855666508,697.0921146269867,0.00888888888895047,183.207,0.05406573603934275,-0.5420358217126017,-0.1311396180193185,-2.626037521862713
1110714.0,0.3938,0.046,9.9493,0.0036,0.0008,9.8066,0.0,-0.0559,0.0471,168.88,-80.06,171.9,53.057503,-1.758886,0.0,3,357.51,20 / 21,-0.08426127393792068,0.4626516916166223,-0.04598296157902797,-68.06532015291667,699.7679427760994,70.88514722672822,False,123.49999999999989,-0.001958022049454013,-0.034945187789619525,-68.18951855666508,697.0921146269867,0.034999999999970305,183.207,0.08230325188846667,-0.4975968794062418,-0.12419840374840874,-2.6758281491127036
1110814.0,0.245,0.0927,9.9141,0.0059,0.0013,9.8066,0.0027,-0.0474,0.0454,168.96,-80.06,172.03,53.057503,-1.758886,0.0,3,357.51,20 / 21,-0.09612314972559587,0.4055106454044967,-0.028456267342159284,-68.07433937409986,699.8113508929505,70.88142526528216,False,123.60000000000002,-0.00251745692071724,-0.044929527157915414,-68.20288642935324,697.0921146269868,0.04499999999979473,183.207,0.09360569280487863,-0.45044017256241214,-0.12854705525337806,-2.719236265963673
1110914.0,-0.5325,-0.177,9.6867,0.0043,0.0045,9.8065,0.0084,-0.0119,0.0167,168.92,-80.05,171.97,53.057503,-1.758886,0.0,3,357.51,20 / 21,-0.06938866516925171,0.3738181183991894,-0.02471907724083488,-68.0826149648446,699.8503173311407,70.87876649805301,False,123.69999999999993,-0.0017404640439950473,-0.031062389146969627,-68.20288642935324,697.1032341194118,0.03111111111172689,183.207,0.06764820112525667,-0.404880507546159,-0.12027146450864734,-2.7470832117288637
1111014.0,0.0802,0.0617,9.9508,0.0027,0.0012,9.8066,0.0085,-0.0592,0.0369,168.71,-80.06,171.8,53.057503,-1.758886,0.0,3,357.51,20 / 21,-0.040078916484042854,0.3495035659627555,-0.019982715654710565,-68.08808834392725,699.8864834153587,70.87653140840824,False,123.79999999999984,-0.0017870836165652553,-0.03189441742703521,-68.20288642935324,697.1032341194123,0.031944444444418865,183.207,0.0382918328674776,-0.3813979833897907,-0.11479808542598846,-2.7832492959464616
1111114.0,-0.2235,-0.0808,9.8549,0.0055,0.0029,9.8066,0.013,-0.0066,-0.0117,168.79,-80.04,171.91,53.057503,-1.758886,0.0,3,357.51,20 / 21,-0.027305815669990977,0.3223208654210681,-0.008808308306492782,-68.09145758053496,699.920074636928,70.87509185721018,False,123.89999999999998,-0.00021755800551826973,-0.0038827986437083156,-68.20957036568393,697.1032341194123,0.003888888889303506,183.207,0.027088257664472707,-0.3262036640647764,-0.11811278514896628,-2.816840517515743
1111215.0,0.4336,-0.0329,9.8302,0.0004,0.0016,9.8066,0.0052,-0.0569,0.0148,172.11,-80.04,171.83,53.057503,-1.758886,0.0,3,357.51,20 / 21,-0.031457525584851306,0.3015347535914351,-0.0044050470605223,-68.09442512926833,699.9515793456881,70.87442458276415,False,124.00099999999986,-0.001775894919142599,-0.03169473063971584,-68.21625430201483,697.1033453143435,0.031744444444469,183.207,0.029681630665708707,-0.33322948423115095,-0.12182917274650151,-2.848234031344532
1111315.0,-0.0816,0.0642,9.8304,0.004,0.001,9.8066,0.0036,0.0258,-0.0319,168.88,-80.04,171.88,53.057503,-1.758886,0.0,3,357.51,20 / 21,-0.03960736388426728,0.2763693887162035,-0.0017340400014412172,-68.0979783737418,699.9804745528035,70.87411762841106,False,124.101,-0.0006720988384098513,-0.011995074380273993,-68.21625430201483,697.1143536125451,0.012013888888985837,183.207,0.038935265045857426,-0.28836446309647745,-0.1182759282730359,-2.8661209402583836
1111415.0,0.3609,0.0669,9.8542,-0.0035,0.0005,9.8066,-0.0112,-0.0009,0.0052,172.15,-80.05,171.95,53.057503,-1.758886,0.0,3,357.51,20 / 21,-0.042887332385650435,0.25121114504899367,0.0015563159987722437,-68.10210310855528,700.0068535794917,70.87410874221092,False,124.20099999999991,-0.0010523591523140796,-0.018781651723480265,-68.2163211413781,697.1143536125451,0.01881111111145667,183.207,0.041834973233336355,-0.26999279677247395,-0.11421803282281928,-2.892499966946616
1111514.0,-0.286,-0.0232,9.8339,0.0021,-0.0017,9.8066,-0.0163,0.0548,-0.0153,168.79,-80.05,171.92,53.057503,-1.758886,0.0,3,357.51,20 / 20,-0.037876914140214206,0.23494964567280627,0.004470078598954332,-68.10610093875832,700.0309185386324,70.8744070487435,False,124.29999999999984,-0.0006215943014278557,-0.011093710409650804,-68.222938238372,697.1143536125451,0.011111111111349853,183.207,0.03725531983878635,-0.24604335608245706,-0.11683729961367817,-2.9165649260872897
1111614.0,0.1975,-0.1854,9.8595,-0.0025,-0.002,9.8066,-0.0148,0.0377,0.0009,168.79,-80.05,171.93,53.057503,-1.758886,0.0,3,357.51,20 / 20,-0.029272649352510328,0.23240065390175624,0.007203816809115895,-68.10945841693295,700.0542860536111,70.8749907435139,False,124.39999999999998,-0.0007769928767658279,-0.013867138011724555,-68.2229382383722,697.1143536125451,0.013888888888847836,183.207,0.0284956564757445,-0.2462677919134808,-0.11347982143924185,-2.9399324410660483
1111714.0,-0.2226,0.017,9.8398,-0.0015,-0.0005,9.8066,-0.0095,0.0502,-0.0078,168.77,-80.04,171.88,53.057503,-1.758886,0.0,3,357.51,20 / 20,-0.02427443054108593,0.2280377357506433,0.009778244287745274,-68.11213577092762,700.0773079730938,70.87583984656875,False,124.49999999999989,-0.0008391523069095038,-0.014976509052705525,-68.22962217471625,697.1143536125451,0.014999999999998737,183.207,0.023435278234176425,-0.24301424480334882,-0.11748640378863229,-2.962954360548679
1111814.0,-0.1335,-0.1742,9.7796,-0.0043,0.0,9.8066,0.0029,0.0371,-0.018,168.85,-80.03,171.82,53.057503,-1.758886,0.0,3,357.51,20 / 20,-0.006113358419167856,0.22659230410820086,0.008570757644583912,-68.11365516037564,700.1000394750868,70.87675729666537,False,124.60000000000002,-0.0008391523069178425,-0.014976509052854347,-68.22962217471637,697.1143536125452,0.015000000000147793,183.207,0.005274206112250013,-0.24156881316105522,-0.11596701434072543,-2.9856858625415725
1111914.0,0.3248,0.0344,9.9036,-0.0038,-0.0001,9.8066,-0.0034,0.0226,-0.0119,168.82,-80.03,171.78,53.057503,-1.758886,0.0,3,357.51,20 / 20,-0.013344933791244594,0.22011878284032826,0.010255893997893721,-68.11462807498616,700.1223750294341,70.8776986292475,False,124.69999999999993,-0.0013985871781578198,-0.02496084842073529,-68.23630611103349,697.1254731049701,0.02499999999955662,183.207,0.011946346613086774,-0.24507963126106355,-0.12167803604732796,-2.996901924464055
1112014.0,-0.1019,-0.0125,9.927,-0.0024,0.0004,9.8066,0.0028,0.0199,-0.0308,168.86,-80.03,171.84,53.057503,-1.758886,0.0,3,357.51,20 / 20,-0.0012898081754384259,-0.023019449099590392,0.01795275989820133,-68.23630611103378,697.1254731049705,70.8791090619423,True,124.79999999999984,-0.0012898081754384259,-0.023019449099590392,-68.23630611103378,697.1254731049705,0.02305555555561524,183.207,0.0,0.0,0.0,0.0
1112114.0,0.1897,-0.0692,9.7893,-0.0022,-0.002,9.8066,-0.0127,-0.0189,0.0043,168.69,-80.03,171.74,53.057503,-1.758886,0.0,3,357.51,20 / 20,-0.004481645667606376,0.0063602940966334745,0.01963734591347717,-68.23659468372594,697.1246401472204,70.88098856723289,False,124.89999999999998,-0.0007769928767757037,-0.01386713801190081,-68.24299004737777,697.1254731049705,0.013888888889024367,183.207,0.003704652790830672,-0.020227432108534282,-0.006395363651833463,0.0008329577501626773
1112214.0,-0.2276,0.0117,9.8865,0.0004,0.001,9.8066,0.0013,0.0055,-0.018,168.94,-80.04,171.73,53.057503,-1.758886,0.0,3,357.51,20 / 20,-0.001736242467290203,0.0313420286667963,0.019347994026453253,-68.23690557813268,697.1265252633585,70.88293783422988,False,124.99999999999989,-0.0005594348712732968,-0.009984339368475604,-68.24299004737787,697.1254731049705,0.01000000000000442,183.207,0.0011768075960169062,-0.041326368035271906,-0.006084469245195123,-0.001052158388006319
1112314.0,0.0055,-0.0268,9.8235,-0.0019,0.0001,9.8066,-0.0063,0.0072,0.0121,168.81,-80.04,171.76,53.057503,-1.758886,0.0,3,357.51,20 / 20,0.008653836462481164,0.052344761964145566,0.02055554492249088,-68.23655969843291,697.1307096028901,70.88493301117732,False,125.10000000000002,-0.0007303733041604294,-0.013035109731030918,-68.24967398372195,697.1365925981032,0.013055555555526817,183.207,-0.009384209766641593,-0.06537987169517648,-0.01311428528903491,0.0058829952131418395
1112414.0,0.0531,0.0417,9.963,-0.0001,0.0019,9.8066,0.004,0.0226,0.0009,168.87,-80.03,171.86,53.057503,-1.758886,0.0,3,357.51,20 / 20,0.006010262998415853,0.06665552444046388,0.024833213184110536,-68.23582649345987,697.1366596172103,70.88720244908265,False,125.19999999999993,-0.0006215943014193227,-0.011093710409498513,-68.24967398372195,697.125473104971,0.011111111111197324,183.207,-0.0066318572998351755,-0.07774923484996239,-0.013847490262079987,-0.011186512239305557
1112515.0,0.1605,0.017,9.8702,0.0,0.0004,9.8066,0.0031,-0.0005,0.0192,168.86,-80.04,171.85,53.057503,-1.758886,0.0,3,357.51,20 / 21,-0.0024037924476763657,0.07591109567281451,0.030547438706504528,-68.23564436669706,697.143859231526,70.88999917200313,False,125.30100000000004,-0.0002175580054950733,-0.0038827986432943243,-68.2497408230852,697.1365925981033,0.003888888888888861,183.207,0.0021862344421812925,-0.07979389431610884,-0.014096456388145384,-0.007266633422659652
1112614.0,-0.0025,0.0942,9.8627,0.0005,0.0013,9.8066,0.0119,-0.0077,-0.0074,165.61,-80.04,171.83,53.057503,-1.758886,0.0,3,357.51,20 / 21,-0.007122280969295237,0.08174610498296608,0.030997492900525506,-68.2361159073312,697.1516632629584,70.89304564611767,False,125.39999999999998,-0.0002175580054950733,-0.0038827986432943243,-68.25635792006592,697.1365925981033,0.003888888888888861,183.207,0.006904722963800163,-0.08562890362626041,-0.0202420127347267,-0.015070664855102223
1112714.0,0.1306,-0.1469,9.7984,0.0005,-0.0013,9.8066,-0.0012,-0.0356,0.0086,168.83,-80.04,171.8,53.057503,-1.758886,0.0,3,357.51,20 / 21,-0.011292060567763478,0.09395661101913791,0.028379368965444927,-68.23703662440805,697.1604483987585,70.89601448921097,False,125.49999999999989,-0.0010567103124036953,-0.018859307695984113,-68.25635792006602,697.1365925981033,0.018888888888871833,183.207,0.010235350255359783,-0.11281591871512202,-0.019321295657974247,-0.02385580065515569
1112815.0,0.1193,0.0031,9.851,0.0023,0.0,9.8066,0.0024,-0.0409,0.0034,168.51,-80.04,171.74,53.057503,-1.758886,0.0,3,357.51,20 / 21,-0.020394334312772766,0.10731330321665022,0.025672056120630043,-68.23863678734952,697.1706125294274,70.89874408617781,False,125.601,-0.000667126083991593,-0.011906324696874792,-68.26304185639682,697.1365925981033,0.011924999999972853,183.207,0.019727208228781174,-0.11921962791352501,-0.02440506904730455,-0.034019931324110075
1112914.0,-0.1991,0.1249,9.8931,0.0027,-0.0014,9.8066,-0.015,-0.0031,0.0053,168.75,-80.05,171.85,53.057503,-1.758886,0.0,3,357.51,20 / 21,-0.012103908778069718,0.10960445309664518,0.027324657702531896,-68.24024545038252,697.181349958365,70.90136742351206,False,125.69999999999993,-0.0005594348712778725,-0.009984339368557266,-68.26304185639682,697.1365925981033,0.01000000000008621,183.207,0.011544473906791846,-0.11958879246520245,-0.02279640601430799,-0.044757360261655776
1113014.0,-0.0112,-0.1137,9.8172,0.0012,0.0012,9.8066,0.0048,-0.0115,0.0092,168.88,-80.05,171.88,53.057503,-1.758886,0.0,3,357.51,20 / 21,-0.0004515894905830849,0.11770712242360967,0.02734845904714842,-68.24087322529594,697.192715537141,70.90410107934954,False,125.79999999999984,-0.0010100907397847289,-0.01802727941504833,-68.26972579275399,697.1477120898212,0.01805555555530829,183.207,-0.000558501249201644,-0.135734401838658,-0.02885256745804554,-0.045003447319800216
1113114.0,-0.0284,0.0006,9.8315,0.0005,0.0016,9.8066,-0.0098,0.019,0.0079,168.78,-80.04,171.91,53.057503,-1.758886,0.0,3,357.51,20 / 21,0.0013131176322636075,0.12835943298778676,0.02475069019007825,-68.24083014888886,697.2050188649116,70.90670603681141,False,125.89999999999998,-0.0017870836165552028,-0.0318944174268558,-68.26972579275419,697.1477120898215,0.031944444444239176,183.207,-0.0031002012488188105,-0.16025385041464257,-0.028895643865325837,-0.057306775090069095
1113214.0,0.0285,0.0432,9.8957,0.0015,-0.0004,9.8066,0.0062,0.0028,0.0085,168.76,-80.04,171.87,53.057503,-1.758886,0.0,3,357.51,20 / 21,0.002423515524564721,0.13054470160596487,0.02587883666156215,-68.24064331723102,697.2179640716413,70.909237513154,False,125.99999999999989,-0.0016161451836778932,-0.0288436470644758,-68.27640972908496,697.1477120898215,0.02888888888889236,183.207,-0.004039660708242614,-0.15938834867044066,-0.035766411853941804,-0.07025198181975156
1113314.0,-0.0533,-0.0602,9.8647,0.0007,-0.0002,9.8066,0.0059,-0.0034,-0.0018,168.89,-80.05,171.92,53.057503,-1.758886,0.0,3,357.51,20 / 21,0.003930585404958108,0.13513845208237446,0.02824876116233636,-68.24032561218455,697.2312482293257,70.91194389304519,False,126.10000000000002,-0.0007303733041661711,-0.013035109731133391,-68.27640972908497,697.1477120898215,0.01305555555562945,183.207,-0.004660958709124279,-0.14817356181350785,-0.03608411690042601,-0.08353613950419003
1113415.0,0.0773,0.0652,9.8511,0.0001,0.0,9.8066,0.0126,-0.0188,-0.0089,169.02,-80.04,171.87,53.057503,-1.758886,0.0,3,357.51,20 / 21,0.0033977602623136965,0.13796039501915477,0.028411259487980955,-68.23995553072835,697.2450397211044,70.91480522408803,False,126.20099999999991,-0.0010240766115182506,-0.018276887898398007,-68.27647656844825,697.1478232847594,0.01830555555444484,183.207,-0.004421836873831947,-0.1562372829175528,-0.03652103771989346,-0.09721643634497923
1113515.0,-0.0121,0.0962,9.9211,0.0009,0.0006,9.8065,0.0039,-0.0034,-0.0207,168.81,-80.05,171.96,53.057503,-1.758886,0.0,3,357.51,20 / 22,0.00249616427308269,0.13327306441497855,0.030902820564793067,-68.23966083450158,697.2586013940761,70.91777092809068,False,126.30100000000004,-0.002394070451939595,-0.042727425642595324,-68.28309366544235,697.1588315836617,0.04279444444518894,183.207,-0.0048902347250222855,-0.17600049005757387,-0.043432830940773215,-0.09976981041438648
1113615.0,-0.0991,-0.1991,9.8014,-0.0002,-0.0012,9.8066,-0.0015,-0.0119,-0.0046,168.91,-80.05,171.94,53.057503,-1.758886,0.0,3,357.51,20 / 22,0.006910281397702626,0.1417496932947369,0.03090839748006987,-68.23919051221804,697.2723525319616,70.92086148899291,False,126.40099999999995,-0.0009412491709268425,-0.016798650987630115,-68.28316050480582,697.1588315836617,0.016825000000177615,183.207,-0.007851530568629469,-0.15854834428236703,-0.04396999258777612,-0.11352094829987891
1113714.0,-0.0228,-0.0187,9.8265,-0.0001,-0.0006,9.8066,-0.0029,-0.0001,0.0019,168.9,-80.06,171.94,53.057503,-1.758886,0.0,3,357.51,20 / 22,0.010137450285235093,0.15349802625246314,0.02688643285805896,-68.23834664949975,697.2869672940792,70.92372233309464,False,126.49999999999989,-0.00027971743563728446,-0.0049921696842491516,-68.2897776017997,697.1588315836617,0.005000000000013579,183.207,-0.010417167720872377,-0.1584901959367123,-0.05143095229995254,-0.12813571041749583
1113814.0,-0.0002,-0.0087,9.9078,0.0005,-0.0022,9.8066,-0.0101,0.013,0.0084,168.82,-80.06,171.98,53.057503,-1.758886,0.0,3,357.51,20 / 22,0.010336509463152673,0.1550688377541285,0.02799596792935715,-68.23732295151233,697.3023956372796,70.92646645313403,False,126.60000000000002,-0.0005594348712854516,-0.009984339368692531,-68.29646153813052,697.1588315836617,0.010000000000221687,183.207,-0.010895944334438124,-0.16505317712282103,-0.05913858661818949,-0.14356405361786528
1113914.0,-0.0464,-0.0928,9.76,0.0003,0.0013,9.8066,0.0104,0.0165,0.0049,168.82,-80.07,171.99,53.057503,-1.758886,0.0,3,357.51,20 / 22,0.01086146959307973,0.1596897883459732,0.026112822739951507,-68.23626305255951,697.3181335685846,70.92917189266748,False,126.69999999999993,-0.0013985871781454177,-0.02496084842051395,-68.29646153813052,697.1588315836617,0.02499999999933493,183.207,-0.012260056771225148,-0.18465063676648713,-0.060198485571007154,-0.15930198492287673
1114014.0,0.0251,-0.1612,9.7979,-0.0007,0.0004,9.8066,-0.0065,0.0188,0.003,168.73,-80.07,171.94,53.057503,-1.758886,0.0,3,357.51,20 / 22,0.0089676761625431,0.16976437688831555,0.019841399328960972,-68.23527159527173,697.3346062768463,70.93146960377092,False,126.79999999999984,-0.00027971743567086903,-0.004992169684848544,-68.29646153813052,697.1588315836617,0.005000000000613909,183.207,-0.00924739359821397,-0.17475654657316408,-0.06118994285878898,-0.17577469318462136
1114114.0,-0.0021,0.0491,9.8556,-0.0001,0.0002,9.8066,0.0091,0.0006,-0.0066,168.81,-80.06,171.97,53.057503,-1.758886,0.0,3,357.51,20 / 22,0.006678568566049765,0.1720465936095336,0.01857368942961925,-68.2344892830353,697.3516968253713,70.93339035820885,False,126.89999999999998,-0.0016161451836579474,-0.02884364706411982,-68.3031454744612,697.1699510753797,0.02888888888853583,183.207,-0.008294713749707713,-0.2008902406736534,-0.06865619142590162,-0.18174574999159177
1114214.0,-0.013,-0.0086,9.7958,0.001,0.0002,9.8066,0.0042,-0.002,-0.0038,168.75,-80.07,171.88,53.057503,-1.758886,0.0,3,357.51,20 / 22,0.00759255547461675,0.16794216360792744,0.017406886015174965,-68.23377572683327,697.3686962632321,70.9351893869811,False,126.99999999999989,-0.0011188697425466645,-0.019968678736952468,-68.3031454744613,697.1699510753798,0.0200000000000101,183.207,-0.008711425217163414,-0.1879108423448799,-0.06936974762803061,-0.1987451878522961
1114315.0,-0.0284,-0.0723,9.8535,-0.0007,0.0004,9.8066,0.0016,-0.0135,-0.0063,168.86,-80.06,171.86,53.057503,-1.758886,0.0,3,357.51,20 / 22,0.008497901994100835,0.17000058502915744,0.016341153112900506,-68.2329631587311,697.3857623720382,70.93689366295706,False,127.101,-0.0013308333993206334,-0.023751633986412633,-68.30321231382497,697.1699510753798,0.02378888888874928,183.207,-0.009828735393421469,-0.19375221901557008,-0.07024915509387597,-0.215811296658444
1114414.0,0.0915,0.0083,9.8065,0.0005,-0.0019,9.8066,-0.0138,-0.0213,0.0013,169.03,-80.08,171.9,53.057503,-1.758886,0.0,3,357.51,20 / 22,0.005104312283444486,0.1696711792367706,0.015854882645964147,-68.23228984912436,697.4025761243694,70.93848736672713,False,127.19999999999993,-0.0007769928767929287,-0.013867138012208229,-68.30982941081837,697.1699510753798,0.013888888889332268,183.207,-0.005881305160237415,-0.18353831724897884,-0.07753956169401022,-0.2326250489895756
1114514.0,-0.067,0.0484,9.8407,0.0014,0.0009,9.8066,0.0003,0.012,0.0032,168.75,-80.07,171.89,53.057503,-1.758886,0.0,3,357.51,20 / 20,0.004779530479108597,0.16493634810582883,0.014917400249068253,-68.23179565698624,697.4193065007365,70.94002598087188,False,127.29999999999984,-0.001010090739791407,-0.01802727941516751,-68.30982941081866,697.1699510753798,0.01805555555542766,183.207,-0.005789621218900004,-0.18296362752099635,-0.07803375383242894,-0.2493554253567254
1114614.0,-0.0564,0.0371,9.8854,-0.0001,0.0001,9.8066,-0.0099,0.0278,0.0042,168.76,-80.08,171.9,53.057503,-1.758886,0.0,3,357.51,20 / 20,0.010857578052877933,0.16092112451603705,0.01747379021171463,-68.23101380155964,697.4355993743676,70.94164554039492,False,127.39999999999998,-0.0007303733041661711,-0.01303510973113339,-68.30982941081866,697.1699510753798,0.013055555555629452,183.207,-0.011587951357044103,-0.17395623424717044,-0.0788156092590242,-0.2656482989877986
1114714.0,0.1706,-0.0358,9.7762,-0.0058,0.0007,9.8066,0.0034,0.0164,0.0024,168.77,-80.07,171.73,53.057503,-1.758886,0.0,3,357.51,20 / 20,0.005425906357938113,0.1590503235421772,0.016905471679955618,-68.2301996273391,697.4515979467704,70.94336450348949,False,127.49999999999989,-0.0003884964383844509,-0.0069335690058897085,-68.31651334714945,697.1699510753798,0.0069444444444513925,183.207,-0.005814402796322563,-0.16598389254806692,-0.08631371981034874,-0.2816468713906488
1114814.0,-0.1968,0.0203,9.8659,-0.0034,-0.0008,9.8066,-0.0003,0.052,-0.0254,168.82,-80.07,171.79,53.057503,-1.758886,0.0,3,357.51,20 / 20,0.006535360514931236,0.159314261971092,0.015593650927963961,-68.22960156399546,697.4675161760462,70.94498945961989,False,127.60000000000002,-0.000668213874028166,-0.011925738690253632,-68.31651334714957,697.1810705685126,0.01194444444457992,183.207,-0.007203574388959402,-0.17124000066134562,-0.08691178315410752,-0.2864456075335511
1114914.0,-0.0785,0.0325,9.9185,-0.0011,0.0013,9.8066,0.0199,0.0027,-0.029,168.66,-80.05,171.71,53.057503,-1.758886,0.0,3,357.51,20 / 20,0.01840676234059393,0.15876087493809843,0.020526353288762792,-68.22835445785269,697.4834199328916,70.94679545983072,False,127.69999999999993,-0.0011810291726648122,-0.021078049777477834,-68.32319728349324,697.1810705685126,0.021111111110704683,183.207,-0.019587791513258745,-0.17983892471557628,-0.0948428256405549,-0.3023493643789834
1115015.0,-0.0111,-0.116,9.7439,-0.0035,0.0007,9.8066,-0.0147,-0.0032,-0.0055,168.75,-80.04,171.65,53.057503,-1.758886,0.0,3,357.51,20 / 20,0.019651234208110754,0.1627180129858244,0.019555017795450772,-68.22643252902698,697.4996546167317,70.94881956907048,False,127.80100000000004,-0.0007726417166706294,-0.013789482039121075,-68.32319728349354,697.1810705685126,0.013811111111332878,183.207,-0.020423875924781384,-0.17650749502494548,-0.09676475446656241,-0.31858404821912245
1115114.0,0.1187,0.0522,9.8813,0.0022,-0.0006,9.8066,-0.002,0.0261,-0.0078,172.05,-80.03,171.72,53.057503,-1.758886,0.0,3,357.51,20 / 20,0.01316017916569356,0.16331037112827126,0.017122457626132844,-68.22480836406498,697.5157930217454,70.95063510410385,False,127.89999999999998,-0.0003418768657844055,-0.006101540725291609,-68.32319728349354,697.1810705685126,0.00611111111122606,183.207,-0.013502056031477966,-0.16941191185356289,-0.0983889194285581,-0.3347224532327573
1115215.0,-0.2343,0.091,9.9322,-0.0023,0.0016,9.8066,0.0011,0.0364,-0.0217,168.69,-80.02,171.73,53.057503,-1.758886,0.0,3,357.51,20 / 20,0.018691082788540907,0.1574849368527139,0.02314767398220319,-68.22319987533629,697.5319931847984,70.95266874575007,False,128.00099999999986,-0.0011759010197015093,-0.02098652666701721,-68.32988121982434,697.1810705685126,0.0210194444444557,183.207,-0.019866983808242415,-0.1784714635197311,-0.10668134448805233,-0.35092261628574306
1115315.0,0.2475,-0.2167,9.7306,-0.0024,0.002,9.8066,0.0073,0.0152,0.0068,168.82,-80.0,171.74,53.057503,-1.758886,0.0,3,357.51,20 / 20,0.015247975214041396,0.16228461842688782,0.02177927288487566,-68.22150292243616,697.5479816625624,70.95491509309343,False,128.101,-0.000669301664049581,-0.011945152683361942,-68.32994805918788,697.181181763437,0.011963888888916033,183.207,-0.015917276878090976,-0.17422977111024976,-0.10844513675172607,-0.36679989912533983
1115415.0,-0.003,-0.0149,9.8287,0.0029,-0.0047,9.8066,-0.0237,0.0273,0.0027,168.85,-80.03,171.83,53.057503,-1.758886,0.0,3,357.51,20 / 20,0.0018335975765142308,0.16884848383753598,0.016217381952146462,-68.22064884379664,697.5645383176756,70.95681492583529,False,128.2009999999999,-0.0007804116454107152,-0.013928153418746229,-68.33656515616842,697.1921900609382,0.013949999999728492,183.207,-0.002614009221924946,-0.1827766372562822,-0.11591631237178035,-0.37234825673738214
1115515.0,0.1214,0.0847,9.8451,0.0007,-0.0031,9.8066,-0.0017,-0.0159,0.0113,168.87,-80.06,171.89,53.057503,-1.758886,0.0,3,357.51,21 / 21,-0.0018212197366845391,0.16290385443338817,0.016356024659328047,-68.22064822490465,697.5811259345892,70.95844359616586,False,128.30100000000004,-0.001111099813800572,-0.01983000735722011,-68.33656515616842,697.1921900609382,0.019861111111507117,183.207,0.0007101199228839671,-0.1827338617906083,-0.11591693126376867,-0.38893587365100757
1115615.0,-0.0672,-0.1202,9.7959,0.0019,0.0012,9.8066,0.0085,-0.0033,-0.0104,168.75,-80.05,171.85,53.057503,-1.758886,0.0,3,357.51,21 / 21,-0.0031462503529883076,0.1627733247841536,0.015079870960427818,-68.22089659840914,697.59740979355,70.96001539094685,False,128.40099999999995,-0.0003440524458296904,-0.006140368711552044,-68.33663199553176,697.1921900609382,0.0061499999999421705,183.207,0.002802197907158617,-0.16891369349570565,-0.11573539712262004,-0.4052197326118403
1115716.0,-0.0477,0.0648,9.8861,-0.0024,-0.0001,9.8066,0.0038,-0.0218,-0.0109,168.82,-80.04,171.78,53.057503,-1.758886,0.0,3,357.51,21 / 21,0.0026604773796734503,0.16514739314697405,0.015766837816360364,-68.22092112994429,697.6139697898055,70.96157314974008,False,128.50199999999984,-0.0005693803800950257,-0.010161838735010083,-68.3432490925125,697.1921900609382,0.010177777777766054,183.207,-0.003229857759768476,-0.17530923188198413,-0.12232796256820677,-0.4217797288673637
1115814.0,-0.0855,-0.0481,9.8754,-0.0003,0.0017,9.8066,0.0116,-0.0192,-0.0026,168.85,-80.04,171.83,53.057503,-1.758886,0.0,3,357.51,21 / 21,0.008795670145749725,0.1635668002668146,0.019574342143917994,-68.22035977871553,697.6300767852829,70.96330486755814,False,128.60000000000002,-0.0010567103124039605,-0.01885930769598884,-68.3432490925126,697.1921900609382,0.018888888888876573,183.207,-0.009852380458153686,-0.18242610796280345,-0.12288931379706014,-0.43788672434470755
1115915.0,-0.0034,0.0871,9.8697,0.0004,-0.0009,9.8066,-0.0343,0.0148,0.0061,168.71,-80.05,171.78,53.057503,-1.758886,0.0,3,357.51,21 / 21,0.012515148495015869,0.1616280691489884,0.022295705822323954,-68.21928358237417,697.6464991261884,70.96541930498043,False,128.7009999999999,-0.0010066719711559714,-0.017966264008314525,-68.34993302885658,697.192301255869,0.017994444444715957,183.207,-0.013521820466171841,-0.17959433315730292,-0.1306494464824084,-0.4541978703193763
1116015.0,0.0351,-0.007,9.8162,0.0003,0.0015,9.8066,0.0079,-0.0091,0.0006,168.62,-80.05,171.64,53.057503,-1.758886,0.0,3,357.51,21 / 21,0.010889145743722996,0.1570472523785037,0.022036849948979625,-68.21811336766224,697.6624328922647,70.967635932769,False,128.80100000000004,-0.000671632642668619,-0.011986754097196165,-68.3499998682197,697.203309554071,0.01200555555538131,183.207,-0.011560778386391614,-0.16903400647569986,-0.13188650055745654,-0.4591233381937627
1116114.0,-0.7674,-0.0603,9.7975,-0.0138,0.0136,9.8066,-0.0546,-0.0017,0.0713,168.47,-79.95,171.29,53.057503,-1.758886,0.0,3,357.51,21 / 21,0.04673905061305368,0.1946638834877877,0.022056649948979653,-68.21526077194258,697.6798425934901,70.96981856101395,False,128.89999999999998,-0.0010100907397935094,-0.01802727941520503,-68.35661696518727,697.203309554071,0.01805555555546524,183.207,-0.04774914135284719,-0.21269116290299273,-0.14135619324468962,-0.4765330394191096
1116214.0,0.1879,-0.0004,9.8167,-0.0008,-0.0011,9.8066,-0.0024,-0.015,0.0253,168.65,-80.01,171.65,53.057503,-1.758886,0.0,3,357.51,21 / 21,0.06420270900769331,0.19620892560210812,0.018786402456632732,-68.20971368396155,697.6993862339446,70.97186071363423,False,128.9999999999999,-0.0009013117370511466,-0.01608588009365021,-68.35661696518737,697.203309554071,0.016111111111113293,183.207,-0.06510402074474446,-0.21229480569575832,-0.14690328122581775,-0.4960766798735676
1116314.0,0.277,0.0732,9.9134,0.0011,0.0001,9.8066,-0.0122,0.0412,-0.0325,168.8,-80.0,171.71,53.057503,-1.758886,0.0,3,357.51,21 / 21,0.03672569492151692,0.1831512092026911,0.02093244208814465,-68.20466726376509,697.7183542406848,70.97384665586146,False,129.10000000000002,-0.001010090739794428,-0.018027279415221427,-68.36330090153146,697.203309554071,0.01805555555548166,183.207,-0.03773578566131135,-0.20117848861791252,-0.1586336377663713,-0.5150446866138054
1116414.0,0.2576,-0.0253,9.8695,-0.0061,0.0022,9.8066,0.0275,-0.0101,-0.0162,168.71,-79.99,171.73,53.057503,-1.758886,0.0,3,357.51,21 / 21,0.010268685922484644,0.1725177133388129,0.025000575774916434,-68.20231754472289,697.7361376868118,70.97614330675462,False,129.19999999999993,-0.0007303733041744391,-0.013035109731280952,-68.36330090153146,697.203309554071,0.013055555555777244,183.207,-0.010999059226659082,-0.18555282307009385,-0.1609833568085719,-0.5328281327408604
1116514.0,-0.0023,0.1504,9.9111,-0.0003,0.0023,9.8066,-0.0198,0.0074,-0.0124,168.63,-79.96,171.59,53.057503,-1.758886,0.0,3,357.51,21 / 21,4.5718658004051824e-05,0.16257170822546368,0.028360739408672536,-68.20180182449387,697.7528921578901,70.9788113725138,False,129.29999999999984,-0.0008391523069062355,-0.014976509052647195,-68.3699848379152,697.2144290457887,0.014999999999940315,183.207,-0.0008848709649102873,-0.17754821727811088,-0.16818301342132713,-0.5384631121013399
1116614.0,-0.2527,0.0272,10.0095,-0.0031,0.0006,9.8066,0.0335,0.0307,-0.0394,168.72,-80.02,171.79,53.057503,-1.758886,0.0,3,357.51,21 / 21,0.013063285759269683,0.15617349171022835,0.037166878497389456,-68.20114637427301,697.7688294178869,70.9820877534091,False,129.39999999999998,-0.0012898081754284265,-0.02301944909941193,-68.3699848379154,697.2144290457891,0.0230555555554365,183.207,-0.01435309393469811,-0.17919294080964027,-0.16883846364238764,-0.5544003720978026
1116715.0,-0.0329,0.055,10.0608,-0.0047,0.0015,9.8066,0.0155,0.0441,-0.0287,168.95,-80.04,171.75,53.057503,-1.758886,0.0,3,357.51,21 / 21,0.02479309472393006,0.15517551189687617,0.051208571722758806,-68.19923462705862,697.784552542569,70.98655071364522,False,129.50099999999986,-0.002781479100256459,-0.04964158065455268,-68.37005167727817,697.2144290457891,0.049719444444478886,183.207,-0.02757457382418652,-0.20481709255142885,-0.1708170502195543,-0.5701234967799564
1116816.0,-0.2967,0.0474,9.7643,-0.0048,0.0026,9.8066,-0.0123,0.0543,-0.0061,168.69,-80.04,171.75,53.057503,-1.758886,0.0,3,357.51,21 / 21,0.036778839808532755,0.15385332232597987,0.05261880096435522,-68.19612524436472,697.8001584986973,70.99179399596592,False,129.60199999999998,-0.001215527656408089,-0.021693750705463862,-68.37666877419304,697.2144290457891,0.021727777777635404,183.207,-0.037994367464940844,-0.17554707303144373,-0.1805435298283129,-0.5857294529082537
1116914.0,0.441,-0.2754,9.9743,-0.002,-0.0035,9.8066,-0.041,0.0995,-0.0451,168.8,-80.05,171.75,53.057503,-1.758886,0.0,3,357.51,21 / 21,0.028753736240852337,0.1902924737508203,0.05875850096435254,-68.1929141481383,697.8170216427051,70.99725148376042,False,129.69999999999993,-0.0006215943014413708,-0.01109371040989201,-68.37666877419304,697.2144290457891,0.011111111111591437,183.207,-0.029375330542293708,-0.20138618416071233,-0.18375462605473558,-0.6025925969159971
1117016.0,-0.5789,-0.0033,10.004,-0.0144,0.0023,9.8065,0.0341,0.1008,-0.0945,168.66,-80.1,171.55,53.057503,-1.758886,0.0,3,357.51,21 / 21,0.033996254949254616,0.23359240988266355,0.07737350096436882,-68.1897138985876,697.8386397717704,71.00419421585879,False,129.80200000000002,-0.0008525165843708729,-0.015215023826168033,-68.38335271056368,697.2255485396292,0.015238888888547233,183.207,-0.03484877153362549,-0.2488074337088316,-0.19363881197608634,-0.613091232141187
1117114.0,0.7044,0.105,9.9069,-0.0111,0.0032,9.8066,0.0394,-0.0266,-0.0318,168.48,-80.1,171.24,53.057503,-1.758886,0.0,3,357.51,21 / 21,0.025486457209760102,0.21608899081002442,0.07816251581970801,-68.1867992456918,697.8606741604044,71.01181548068121,False,129.89999999999998,-0.0015073661809202844,-0.02690224774264887,-68.38335271056368,697.2255485396292,0.026944444444267884,183.207,-0.026993823390680387,-0.2429912385526733,-0.19655346487188297,-0.6351256207751703
1117214.0,-0.132,-0.0456,9.8846,-0.0026,0.0035,9.8066,-0.011,0.0106,-0.0163,168.47,-80.08,171.4,53.057503,-1.758886,0.0,3,357.51,21 / 21,-0.0008409890443067638,0.1996153433703633,0.07401163844674502,-68.18556697228352,697.8814593771134,71.01942418839452,False,129.9999999999999,-0.002175580054949989,-0.038827986432929965,-68.39003664690776,697.2255485396292,0.03888888888887531,183.207,-0.001334591010643225,-0.23844332980329325,-0.20446967462423515,-0.6559108374841571
1117315.0,0.1125,0.0944,10.0087,0.0064,-0.0122,9.8066,0.0026,0.046,-0.0136,168.72,-80.17,171.7,53.057503,-1.758886,0.0,3,357.51,21 / 21,0.0013888312974759784,0.19130668519008748,0.07492889267974674,-68.18553930624974,697.9012009395557,71.02694568521642,False,130.101,-0.0007698445422918782,-0.013739560341879193,-68.39003664690777,697.2256597345465,0.013761111110932724,183.207,-0.0021586758397678565,-0.20504624553196668,-0.20449734065803682,-0.6755412050091536
1117414.0,-0.4666,-0.0262,9.8367,-0.0041,0.0009,9.8066,-0.0147,0.0643,-0.0272,168.93,-80.15,171.8,53.057503,-1.758886,0.0,3,357.51,21 / 21,0.017331903260185483,0.18567365300592795,0.07345516627777812,-68.18461262988913,697.9198614662964,71.03429069613482,False,130.19999999999993,-6.215943017314418e-05,-0.0011093710415068948,-68.39003664690777,697.236668031347,0.0011111111116776512,183.207,-0.017394062690358626,-0.18678302404743485,-0.2054240170186432,-0.6831934349494304
1117514.0,0.0096,-0.0027,9.9076,-0.0037,0.0,9.8066,-0.0178,0.0162,0.0235,168.79,-80.13,171.72,53.057503,-1.758886,0.0,3,357.51,21 / 21,0.03454247662255977,0.18602093344714196,0.06800439133610642,-68.182018910895,697.938446195619,71.0413636740155,False,130.29999999999984,-0.0003418768657693887,-0.006101540725023601,-68.39672058326494,697.2366680313474,0.0061111111109576335,183.207,-0.03488435348832916,-0.19212247417216557,-0.21470167236994087,-0.701778164271559
1117614.0,0.0986,0.2202,9.9801,0.0012,0.0002,9.8066,0.0161,0.043,-0.0297,168.62,-80.12,171.7,53.057503,-1.758886,0.0,3,357.51,21 / 21,0.027599262238934465,0.17141693268894131,0.06946573263570643,-68.17891182395192,697.9563180889259,71.0482371802141,False,130.39999999999998,-0.0006215943014103657,-0.011093710409338656,-68.39672058326514,697.2366680313474,0.011111111111037216,183.207,-0.02822085654034483,-0.18251064309827997,-0.21780875931321475,-0.7196500575784057
1117714.0,0.1436,0.1393,9.9142,-0.0049,0.0006,9.8066,0.0164,-0.0316,-0.0022,168.61,-80.13,171.49,53.057503,-1.758886,0.0,3,357.51,21 / 21,0.017269868172787785,0.15196282109623746,0.07098837274033963,-68.17666836743133,697.9724870766152,71.0552598854829,False,130.4999999999999,-0.001507366180929153,-0.026902247742807153,-68.41008845592673,697.2366680313474,0.026944444444426417,183.207,-0.018777234353716938,-0.17886506883904463,-0.23342008849539297,-0.7358190452677036
1117815.0,0.0252,-0.0257,9.8546,0.002,0.0043,9.8065,0.0166,-0.0267,-0.0017,171.87,-80.07,171.47,53.057503,-1.758886,0.0,3,357.51,21 / 21,0.010150752710469516,0.14648558276897256,0.06701495432929613,-68.17528362607672,697.9875587210104,71.06222905349992,False,130.601,-0.00018601209471933296,-0.003319792840392246,-68.41008845592674,697.2477875244803,0.003325000000376164,183.207,-0.010336764805188848,-0.1498053756093648,-0.23480482985002027,-0.7397711965301141
1117914.0,-0.3866,0.0273,9.9272,0.0009,-0.0003,9.8066,-0.0152,-0.0739,0.0306,165.39,-80.08,171.5,53.057503,-1.758886,0.0,3,357.51,21 / 21,0.028631747235024905,0.17814549946760103,0.07535570432929045,-68.17336389232942,698.0036279595811,71.06927640110351,False,130.69999999999993,-0.0016783046137523153,-0.02995301810422078,-68.41008845592674,697.2477875244803,0.029999999998805336,183.207,-0.03031005184877722,-0.2080985175718218,-0.23672456359732053,-0.7558404351008221
1118014.0,-0.0348,0.0865,9.8623,0.0006,0.0014,9.8066,-0.0026,-0.0094,-0.0007,168.69,-80.15,171.65,53.057503,-1.758886,0.0,3,357.51,21 / 21,0.04294580797148947,0.17440514177616337,0.07154084867989007,-68.1697850145691,698.0212554916433,71.07662122875396,False,130.79999999999984,-0.0010100907398190731,-0.018027279415661276,-68.41677239225733,697.2477875244803,0.018055555555922198,183.207,-0.04395589871130854,-0.19243242119182463,-0.2469873776882281,-0.7734679671630147
1118114.0,-0.0767,-0.0537,9.8983,0.0014,-0.0019,9.8065,-0.0047,0.001,0.0106,168.73,-80.16,171.72,53.057503,-1.758886,0.0,3,357.51,21 / 21,0.04235031170234014,0.17107207410328318,0.06706997137791515,-68.1655202085854,698.0385293524373,71.08355176975687,False,130.89999999999998,-0.00017093843290138947,-0.003050770362809759,-68.41677239225753,697.2477875244803,0.003055555555777245,183.207,-0.04252125013524153,-0.17412284446609294,-0.251252183672122,-0.7907418279570493
1118214.0,0.0937,0.0014,9.7713,0.0032,-0.0024,9.8066,-0.0158,0.0113,0.0183,168.75,-80.14,171.74,53.057503,-1.758886,0.0,3,357.51,21 / 21,0.035790943490870177,0.1707180267440034,0.059402225671225786,-68.16161314582575,698.0556188574797,71.08987537960932,False,130.9999999999999,-0.0006215943014139874,-0.011093710409403292,-68.41677239225753,697.2477875244803,0.011111111111101954,183.207,-0.036412537792284164,-0.1818117371534067,-0.25515924643177357,-0.8078313329993989
1118314.0,-0.0772,0.0421,9.9493,0.0011,-0.0004,9.8066,-0.0011,0.0111,0.0092,168.78,-80.15,171.8,53.057503,-1.758886,0.0,3,357.51,21 / 21,0.03104120367364848,0.16642472568953934,0.05505214182054815,-68.15827153846752,698.0724759951014,71.09559809798392,False,131.10000000000002,-0.0002797174356431851,-0.004992169684354464,-68.42345632861499,697.2589070169057,0.005000000000119055,183.207,-0.03132092110929167,-0.1714168953738938,-0.2651847901474724,-0.8135689781956899
1118414.0,0.0405,-0.0218,9.8668,0.0013,-0.0004,9.8066,0.0039,0.0054,0.0093,168.78,-80.14,171.79,53.057503,-1.758886,0.0,3,357.51,21 / 21,0.029035512619916763,0.16418430397125444,0.05541332054745808,-68.15526770265284,698.0890064465844,71.10112137110232,False,131.19999999999993,-0.0007303733041420558,-0.013035109730703003,-68.43014026494538,697.2589070169057,0.013055555555198389,183.207,-0.029765885924058818,-0.17721941370195746,-0.2748725622925434,-0.8300994296787394
1118514.0,0.0153,0.0224,9.8623,0.0001,0.0012,9.8066,0.0077,-0.0041,-0.0118,168.8,-80.15,171.84,53.057503,-1.758886,0.0,3,357.51,20 / 21,0.023315343222682732,0.1623362545850982,0.0520228224653349,-68.15265015986071,698.1053324745122,71.10649317825296,False,131.29999999999984,-0.0011810291726737161,-0.021078049777636748,-68.43014026494568,697.2589070169057,0.02111111111086384,183.207,-0.024496372395356448,-0.18341430436273495,-0.27749010508496497,-0.8464254576065287
1118614.0,-0.0828,-0.0638,9.785,-0.0001,-0.0003,9.8066,0.0076,-0.015,-0.0093,168.68,-80.15,171.82,53.057503,-1.758886,0.0,3,357.51,20 / 21,0.023219828676043417,0.1635418394360028,0.04566439909553666,-68.15032340126578,698.1216263792134,71.11137753933102,False,131.39999999999998,-0.0009479313096605569,-0.016917908374415445,-68.43014026494568,697.2589070169057,0.016944444444506025,183.207,-0.024167759985703974,-0.18045974781041826,-0.27981686367989766,-0.8627193623076437
1118714.0,0.0155,-0.0626,9.8761,-0.001,0.0017,9.8066,0.001,-0.005,-0.0065,168.78,-80.14,171.8,53.057503,-1.758886,0.0,3,357.51,20 / 21,0.02242370466654206,0.16810839694611643,0.04084623923120434,-68.14804122459866,698.1382088910325,71.11570307124735,False,131.4999999999999,-0.0003418768657786638,-0.0061015407251891335,-68.43014026494568,697.2589070169057,0.006111111111123427,183.207,-0.022765581532320726,-0.17420993767130555,-0.2820990403470205,-0.8793018741267815
1118814.0,-0.0043,0.1515,9.9044,0.0024,-0.0003,9.8066,-0.0046,-0.0069,0.01,168.71,-80.13,171.67,53.057503,-1.758886,0.0,3,357.51,20 / 21,0.02027454446641474,0.16236186558616789,0.04182530334653343,-68.145906312142,698.1547324041592,71.11983664837625,False,131.60000000000002,-0.001289808175438302,-0.023019449099588186,-68.43682420127648,697.2700265100385,0.02305555555561303,183.207,-0.02156435264185304,-0.18538131468575608,-0.2909178891344766,-0.8847058941206569
1118914.0,-0.0943,-0.1298,9.7943,0.0008,0.0024,9.8066,0.0109,0.0175,0.0064,168.78,-80.12,171.77,53.057503,-1.758886,0.0,3,357.51,20 / 21,0.022469357639536235,0.16118672048276542,0.039181007844550184,-68.14376911703671,698.1709098334626,71.1238869639358,False,131.69999999999993,-0.0015073661809205138,-0.02690224774265297,-68.43682420127648,697.2700265100385,0.026944444444271992,183.207,-0.02397672382045675,-0.18808896822541837,-0.2930550842397679,-0.9008833234240683
1119014.0,-0.0833,0.0415,9.9226,-0.002,0.0018,9.8066,0.0009,0.0074,-0.0006,168.78,-80.12,171.77,53.057503,-1.758886,0.0,3,357.51,20 / 21,0.02672517281181679,0.16542445912265458,0.03770685666786366,-68.14130939051415,698.1872403924428,71.12773135716142,False,131.79999999999984,-0.001010090739813826,-0.01802727941556763,-68.43682420127648,697.2700265100385,0.018055555555828405,183.207,-0.027735263551630616,-0.18345173853822222,-0.29551481076232733,-0.9172138824043259
1119114.0,-0.0792,0.1781,9.9341,-0.0008,0.0014,9.8066,0.0153,-0.0066,-0.0172,168.74,-80.1,171.69,53.057503,-1.758886,0.0,3,357.51,20 / 21,0.032255917521090555,0.15606968598091683,0.04239532816769827,-68.1383603359975,698.2033150996981,71.13173646640321,False,131.89999999999998,-0.0012276487452904214,-0.02191007805853217,-68.44350813763374,697.2700265100385,0.02194444444438697,183.207,-0.03348356626638098,-0.177979764039449,-0.3051478016362381,-0.9332885896595826
1119215.0,-0.0201,-0.0471,9.8265,0.0009,-0.0006,9.8066,0.0006,-0.0062,-0.0021,168.76,-80.1,171.73,53.057503,-1.758886,0.0,3,357.51,20 / 21,0.03364657805644394,0.15147564987258247,0.042358881442536404,-68.13503225997084,698.2188461391587,71.13601655398853,False,132.00099999999986,-0.0017804014778273008,-0.03177516004017421,-68.44357497699727,697.2701377049557,0.03182500000001466,183.207,-0.03542697953427124,-0.18325080991275666,-0.30854271702642677,-0.948708434203013
1119314.0,-0.1104,0.0089,9.9388,0.0022,0.0004,9.8066,0.0025,-0.0276,-0.0018,168.79,-80.09,171.77,53.057503,-1.758886,0.0,3,357.51,20 / 21,0.03461319877025147,0.15443205213958794,0.04240044922616633,-68.13165340101791,698.2339885704083,71.14021214085663,False,132.10000000000002,-0.0011188697425451803,-0.019968678736925982,-68.45019207397793,697.2811460017567,0.019999999999983576,183.207,-0.03573206851279665,-0.17440073087651392,-0.3185386729600168,-0.9528425686515902
1119415.0,-0.0403,0.1492,9.9654,0.004,-0.0016,9.8066,-0.006,-0.0102,0.0125,168.86,-80.08,171.79,53.057503,-1.758886,0.0,3,357.51,20 / 21,0.038059317049569684,0.14936220887580764,0.04852726434222731,-68.12798343896901,698.2493301805896,71.14480399039184,False,132.2009999999999,-0.0010506497679927842,-0.018751144019989924,-68.45019207397793,697.2811460017567,0.018780555556036867,183.207,-0.039109966817562465,-0.16811335289579757,-0.32220863500891994,-0.9681841788328711
1119514.0,-0.2071,-0.1228,9.8275,0.0007,0.0027,9.8066,-0.0058,0.009,0.0136,168.86,-80.09,171.89,53.057503,-1.758886,0.0,3,357.51,20 / 20,0.043753564491559684,0.15091124364310096,0.04880484469088817,-68.12393370133273,698.2641937164892,71.14962192978898,False,132.29999999999984,-0.0004506558685441138,-0.008042940047156,-68.45019207397793,697.2811460017567,0.008055555555888062,183.207,-0.044204220360103796,-0.15895418369025696,-0.3262583726451993,-0.9830477147324928
1119614.0,0.0686,0.027,9.8951,0.0019,-0.001,9.8066,-0.0034,-0.0005,0.0235,168.94,-80.09,171.93,53.057503,-1.758886,0.0,3,357.51,20 / 20,0.04317827837290546,0.1566742973821619,0.04612936798726133,-68.1195871091895,698.2795729935405,71.15436864042289,False,132.39999999999998,-0.0012898081754226846,-0.023019449099309457,-68.45687601034848,697.2811460017567,0.023055555555333864,183.207,-0.044468086548328144,-0.17969374648147135,-0.3372889011589848,-0.998426991783731
1119714.0,-0.1067,0.0328,9.9008,0.0047,0.0004,9.8066,0.0049,0.0017,0.0092,168.95,-80.12,172.07,53.057503,-1.758886,0.0,3,357.51,20 / 20,0.03979785516940854,0.15425188134407428,0.046970462789165106,-68.11543830251239,698.2951193024768,71.1590236319617,False,132.4999999999999,-0.001958022049454914,-0.03494518778963561,-68.45687601034858,697.2811460017567,0.03499999999998642,183.207,-0.04175587721886346,-0.18919706913370987,-0.3414377078361923,-1.0139733007200675
1119814.0,0.0475,0.0013,9.8272,0.0033,-0.0012,9.8066,-0.0006,-0.015,0.012,168.92,-80.14,172.04,53.057503,-1.758886,0.0,3,357.51,20 / 20,0.037591150146366104,0.15343630990324306,0.044799643370797025,-68.11156885224659,698.3105037120392,71.16361213726971,False,132.60000000000002,-0.000776992876778919,-0.013867138011958194,-68.4635599466395,697.2922654948895,0.013888888889081841,183.207,-0.03836814302314502,-0.16730344791520124,-0.35199109439291476,-1.018238217149701
1119914.0,-0.073,-0.0766,9.81,0.0003,0.0001,9.8066,0.0074,-0.0183,-0.0042,168.77,-80.14,171.97,53.057503,-1.758886,0.0,3,357.51,20 / 20,0.03337014338403456,0.15704099545665226,0.039095446865176596,-68.10802078757007,698.3260275773072,71.16780689178151,False,132.69999999999993,-0.0015073661808977768,-0.026902247742247178,-68.4635599466395,697.2922654948895,0.02694444444386556,183.207,-0.03487750956493234,-0.18394324319889943,-0.355539159069437,-1.0337620824176383
1120015.0,0.0685,0.0438,9.8798,0.0003,-0.0007,9.8066,-0.0007,-0.0219,-0.0035,168.85,-80.16,171.94,53.057503,-1.758886,0.0,3,357.51,20 / 20,0.029251030331221478,0.15840516915074287,0.03651489233540382,-68.10485841829744,698.3419576086199,71.17162521391114,False,132.80100000000004,-0.0007376770371828325,-0.01316546082799854,-68.4635599466395,697.2922654948895,0.013186111110738861,183.207,-0.02998870736840431,-0.17157062997874142,-0.3587015283420669,-1.0496921137303161
1120115.0,-0.0465,0.0745,9.7669,-0.0003,0.0004,9.8066,0.0036,-0.0116,-0.0152,168.82,-80.16,171.88,53.057503,-1.758886,0.0,3,357.51,20 / 20,0.025894720863313243,0.1527972042387183,0.03245715848509197,-68.10210113073772,698.3575177272893,71.17507381645217,False,132.90099999999995,-0.001457327839671378,-0.02600920405495818,-68.46362678600312,697.2922654948895,0.026050000000090872,183.207,-0.027352048702984622,-0.17880640829367647,-0.36152565526539604,-1.0652522323997573
1120215.0,-0.1519,0.0083,9.8617,-0.0021,-0.0011,9.8066,-0.0101,-0.0071,-0.0123,168.77,-80.2,171.83,53.057503,-1.758886,0.0,3,357.51,20 / 20,0.03192278104615293,0.1513316909756167,0.028238834712327653,-68.09921025564225,698.37272417205,71.17810861611204,False,133.00099999999986,-0.0011210453226007827,-0.020007506723370556,-68.47024388301017,697.2923766898208,0.02003888888888411,183.207,-0.03304382636875371,-0.17133919769898726,-0.3710336273679218,-1.0803474822291719
1120314.0,-0.0009,-0.0994,9.8062,0.0006,-0.001,9.8066,-0.0127,0.0003,-0.0018,168.79,-80.21,171.87,53.057503,-1.758886,0.0,3,357.51,20 / 20,0.03363844069228822,0.1566772929766142,0.026300304505482323,-68.0959649751662,698.3879706167556,71.18080830350333,False,133.10000000000002,-0.001336427748024638,-0.023851477379941612,-68.47024388301017,697.3033849880223,0.0238888888885933,183.207,-0.034974868440312855,-0.18052877035655582,-0.3742789078439728,-1.0845856287332936
1120415.0,0.0345,-0.0645,9.6513,0.0003,0.004,9.8066,-0.0231,0.005,0.0154,168.69,-80.19,171.87,53.057503,-1.758886,0.0,3,357.51,20 / 20,0.026751755106040637,0.16329238814655406,0.01566754382966767,-68.09291527027838,698.4041290856524,71.18292767984425,False,133.2009999999999,-0.0002259495285268865,-0.004032563733156004,-68.47024388301017,697.3033849880223,0.004038888888222429,183.207,-0.02697770463456752,-0.16732495187971005,-0.3773286127317874,-1.1007440976300131
1120515.0,-0.3368,0.2469,10.0165,0.004,-0.0049,9.8066,-0.0226,0.0009,0.0342,168.72,-80.17,171.91,53.057503,-1.758886,0.0,3,357.51,21 / 21,0.037775848986277796,0.15697559337759232,0.015633662255220792,-68.08968889007376,698.4201424847286,71.1844927401485,False,133.30100000000004,-0.001052825348031886,-0.018789972006140004,-68.47024388301017,697.3033849880223,0.01881944444464245,183.207,-0.038828674334309685,-0.1757655653837323,-0.3805549929364105,-1.1167574967062137
1120615.0,-0.0929,-0.0735,9.8381,0.0024,0.0,9.8066,0.0065,0.0012,0.0068,168.81,-80.15,171.86,53.057503,-1.758886,0.0,3,357.51,21 / 21,0.05241306130528129,0.15303544807728875,0.023543862916928452,-68.08517944455919,698.4356430368013,71.18645161640711,False,133.40099999999995,-0.0006671260839947292,-0.011906324696930764,-68.47031072237351,697.3033849880223,0.011925000000028912,183.207,-0.05308018738927602,-0.1649417727742195,-0.3851312778143239,-1.1322580487789082
1120715.0,-0.0296,0.0649,9.8396,-0.001,0.0006,9.8066,0.0019,0.0052,0.0089,168.83,-80.15,171.9,53.057503,-1.758886,0.0,3,357.51,21 / 21,0.0505555087933878,0.15471379153808815,0.022749283479386807,-68.08003101605426,698.451030498782,71.18876627372693,False,133.50099999999986,-0.0005611442556017295,-0.010014847072093328,-68.47692781935424,697.3033849880223,0.010030555555551803,183.207,-0.051116653048989526,-0.16472863861018147,-0.3968968032999811,-1.1476455107596166
1120815.0,0.1,0.0401,9.8711,0.0015,0.0017,9.8066,0.0146,-0.0115,0.0034,168.78,-80.14,171.98,53.057503,-1.758886,0.0,3,357.51,21 / 21,0.04186634937080172,0.1498114317885987,0.023476390957484522,-68.07540992314605,698.4662567599484,71.19107755744878,False,133.601,-0.000730373304162037,-0.01303510973105961,-68.47692781935424,697.3033849880223,0.013055555555555555,183.207,-0.042596722674963755,-0.16284654151965833,-0.40151789620819045,-1.1628717719260067
1120916.0,-0.155,0.0998,9.9416,0.0013,-0.0009,9.8066,0.0031,-0.0243,-0.0005,168.73,-80.15,171.91,53.057503,-1.758886,0.0,3,357.51,21 / 21,0.0400251102869456,0.1454142128762056,0.028514177313852158,-68.07127440443334,698.4811656550039,71.19370308114648,False,133.70199999999988,-0.0007381432329124224,-0.013173781110868584,-68.47692781935424,697.3036073778703,0.013194444444135279,183.207,-0.040763253519858024,-0.15858799398707418,-0.4056534149209057,-1.1775582771335849
1121014.0,0.096,0.0634,9.8719,0.0008,-0.0002,9.8066,0.0023,-0.0378,0.0025,168.71,-80.14,171.86,53.057503,-1.758886,0.0,3,357.51,21 / 21,0.03867064493629231,0.1402166303543701,0.032575380716770644,-68.0674183124274,698.4951615663222,71.19669646948998,False,133.79999999999984,-0.0011188697425341739,-0.01996867873672955,-68.47692781935424,697.3145044804475,0.019999999999786834,183.207,-0.039789514678826486,-0.16018530909109965,-0.4095095069268382,-1.1806570858747136
1121114.0,-0.1074,-0.0005,9.8246,0.0026,-0.0009,9.8066,-0.0136,0.0199,0.0018,168.87,-80.15,171.95,53.057503,-1.758886,0.0,3,357.51,21 / 21,0.03482780344047025,0.13991084474937895,0.031225073609259933,-68.06374339000857,698.5091679400774,71.19988649220629,False,133.89999999999998,-0.0007769928767731773,-0.01386713801185572,-68.48361175569823,697.3145044804478,0.013888888888979208,183.207,-0.03560479631724343,-0.15377798276123467,-0.41986836568966623,-1.1946634596296235
1121214.0,-0.1345,0.1046,9.9155,-0.0008,0.0009,9.8065,-0.0005,0.0039,0.0016,168.7,-80.15,171.97,53.057503,-1.758886,0.0,3,357.51,21 / 21,0.04150940640451506,0.1398528824194767,0.03193031256786609,-68.05992652951632,698.5231561264359,71.20304426151515,False,133.9999999999999,-0.001616145183676745,-0.028843647064455302,-68.48361175569833,697.3145044804478,0.028888888888871835,183.207,-0.043125551588191806,-0.168696529483932,-0.4236852261820161,-1.208651645988084
1121314.0,-0.0904,-0.0149,9.7805,0.0016,0.0,9.8065,-0.0143,0.0218,0.0041,168.81,-80.14,172.04,53.057503,-1.758886,0.0,3,357.51,21 / 21,0.04634810916606175,0.1402689659323093,0.030655515682691006,-68.05553365373778,698.5371622188535,71.20617355292768,False,134.10000000000002,-0.0016161451836554212,-0.028843647064074735,-68.49029569202912,697.3145044804478,0.028888888888490668,183.207,-0.04796425434971718,-0.16911261299638405,-0.4347620382913391,-1.222657738405701
1121414.0,0.0042,0.13,9.9067,0.001,-0.0017,9.8066,0.0071,0.0017,0.0062,168.79,-80.15,172.01,53.057503,-1.758886,0.0,3,357.51,21 / 21,0.04490175921942943,0.13840685392203267,0.029197938330284577,-68.05097116031851,698.5510960098462,71.20916622562832,False,134.19999999999993,-0.00010877900281436943,-0.0019413993228399422,-68.49029569202912,697.3145044804478,0.0019444444456390778,183.207,-0.0450105382222438,-0.1403482532448726,-0.4393245317106107,-1.2365915293984244
1121514.0,-0.2622,0.09,9.7909,0.0001,0.0029,9.8066,0.008,-0.0342,0.0223,168.88,-80.14,171.97,53.057503,-1.758886,0.0,3,357.51,20 / 21,0.051712496044782987,0.13385265703050167,0.028400997580738736,-68.0461404475553,698.5647089853938,71.21204617242387,False,134.29999999999984,-0.0006682138740034149,-0.011925738689811893,-68.49029569202912,697.3145044804478,0.01194444444413749,183.207,-0.0523807099187864,-0.14577839572031356,-0.44415524447381927,-1.2502045049460548
1121614.0,-0.4499,0.1883,9.8756,0.0031,0.0035,9.8066,0.0369,-0.0114,-0.0266,165.54,-80.15,171.83,53.057503,-1.758886,0.0,3,357.51,20 / 21,0.07645571846066872,0.13246957961941974,0.0264018479436311,-68.03973203683002,698.5780250972264,71.21478631470009,False,134.39999999999998,-0.00038849643838819635,-0.006933569005956553,-68.49029569202912,697.3256239728732,0.0069444444445183415,183.207,-0.07684421489905692,-0.13940314862537628,-0.4505636551991046,-1.2524011243531277
1121714.0,0.1031,-0.0075,9.8203,-0.0046,0.0031,9.8066,0.0359,-0.0435,-0.0094,168.85,-80.15,171.92,53.057503,-1.758886,0.0,3,357.51,20 / 21,0.08144869427529976,0.1323636222716159,0.02595207075208329,-68.03183681619322,698.5912667573209,71.21740401063488,False,134.4999999999999,-0.0003884964383840623,-0.006933569005882772,-68.49029569202912,697.3256239728734,0.006944444444444445,183.207,-0.08183719071368382,-0.13929719127749868,-0.45845887583590184,-1.2656427844475502
1121815.0,0.2219,-0.085,9.8925,0.0017,0.0005,9.8066,-0.0031,0.0103,0.004,165.64,-80.16,172.0,53.057503,-1.758886,0.0,3,357.51,20 / 21,0.05502698850959342,0.13664825028481445,0.0263302976392756,-68.02494479421257,698.604851856885,71.22004427023865,False,134.601,-0.0015028596222386133,-0.026821818342244598,-68.49036253139266,697.3256239728734,0.0268638888887764,183.207,-0.05652984813183203,-0.16347006862705904,-0.46541773718008983,-1.279227884011675
1121915.0,0.2497,0.0982,9.8328,-0.0017,0.0009,9.8065,-0.0045,-0.0326,0.0354,168.74,-80.16,171.93,53.057503,-1.758886,0.0,3,357.51,20 / 21,0.027454470094776362,0.1344213754227156,0.027140752993380007,-68.02082072128236,698.6184053381704,71.22271782277028,False,134.7009999999999,-0.0010483187893728363,-0.018709542606139457,-68.4969796283732,697.3256239728734,0.01873888888955532,183.207,-0.0285027888841492,-0.15313091802885506,-0.4761589070908343,-1.29278136529706
1122014.0,0.1082,0.0321,9.8978,0.0039,-0.001,9.8066,0.003,-0.0334,0.0018,165.64,-80.16,172.0,53.057503,-1.758886,0.0,3,357.51,20 / 21,0.010067434017139491,0.12875926084257683,0.028005037544369733,-68.01896338702882,698.6314327796655,71.2254475394019,False,134.79999999999984,-0.00021755800552083148,-0.003882798643754036,-68.4969796283732,697.3256239728734,0.003888888889349294,183.207,-0.010284992022660323,-0.13264205948633087,-0.4780162413443776,-1.305808806792129
1122114.0,-0.377,-0.1109,9.8295,0.0013,0.0019,9.8066,0.0027,-0.0242,0.0277,168.87,-80.15,171.95,53.057503,-1.758886,0.0,3,357.51,20 / 21,0.019585190354515686,0.1379746929648195,0.02864928191272092,-68.01748075581024,698.6447694773559,71.22828025537476,False,134.89999999999998,-0.0005594348712679968,-0.009984339368381013,-68.4969796283732,697.3256239728734,0.009999999999909682,183.207,-0.020144625225783683,-0.1479590323332005,-0.47949887256295654,-1.3191455044825489
1122214.0,-0.0439,0.1084,9.8896,0.0045,-0.0004,9.8066,-0.0077,-0.0435,0.0242,168.96,-80.15,171.84,53.057503,-1.758886,0.0,3,357.51,20 / 21,0.035179662251892445,0.1440952849909115,0.028848389625808706,-68.01474251317993,698.6588729762536,71.23115513895168,False,134.9999999999999,-0.0009013117370506342,-0.016085880093641067,-68.4969796283732,697.3256239728734,0.016111111111104137,183.207,-0.03608097398894308,-0.16018116508455257,-0.4822371151932714,-1.3332490033802742
1122314.0,-0.4783,-0.0589,9.8589,0.0033,0.0005,9.8066,-0.0076,-0.0255,0.0096,168.88,-80.15,171.98,53.057503,-1.758886,0.0,3,357.51,20 / 21,0.053088991489106264,0.14795693824046177,0.030267131181945288,-68.01032908049287,698.6734755874152,71.23411091499207,False,135.10000000000002,-0.0013985871781676956,-0.024960848420911546,-68.4969796283732,697.3367434660062,0.02499999999973315,183.207,-0.05448757866727396,-0.1729177866613733,-0.48665054788033046,-1.3367321214089998
1122414.0,0.2089,0.1786,9.8089,0.0039,-0.0004,9.8066,0.0045,-0.0463,0.0322,165.45,-80.14,171.91,53.057503,-1.758886,0.0,3,357.51,20 / 21,0.058198820501919366,0.1458358859839195,0.028043311504651423,-68.00476468989332,698.6881652286264,71.2370264371264,False,135.19999999999993,-0.0003884964384288474,-0.006933569006682065,-68.4969796283732,697.3367434660062,0.006944444445244988,183.207,-0.058587316940348216,-0.15276945499060157,-0.49221493847987574,-1.351421762620248
1122514.0,0.2356,0.1824,9.968,0.0056,0.0017,9.8066,-0.0033,0.0472,-0.0316,168.79,-80.14,171.81,53.057503,-1.758886,0.0,3,357.51,20 / 20,0.03474565365901101,0.12810631940737466,0.030789814778947412,-68.00011746618527,698.7018623388959,71.23996809344058,False,135.29999999999984,-0.001460746608291161,-0.02607021946153181,-68.5036635647038,697.3367434660062,0.02611111111052278,183.207,-0.036206400267302166,-0.15417653886890648,-0.5035460985185267,-1.3651188728897523
1122614.0,0.281,-0.0102,9.8547,-0.0008,-0.0001,9.8065,-0.0003,-0.0166,0.0118,168.73,-80.14,171.9,53.057503,-1.758886,0.0,3,357.51,20 / 20,0.010366496698042309,0.12069725791636897,0.03507084256211746,-67.99786185866742,698.7143025177621,71.24326112630764,False,135.39999999999998,-0.001460746608324074,-0.02607021946211922,-68.503663564704,697.3367434660062,0.02611111111111111,183.207,-0.011827243306366383,-0.1467674773784882,-0.5058017060365785,-1.3775590517559522
1122714.0,-0.3009,-0.0173,9.9238,0.0045,0.0001,9.8066,0.0079,0.0313,-0.0159,165.61,-80.15,171.95,53.057503,-1.758886,0.0,3,357.51,20 / 20,0.00951740860296632,0.12784919324350777,0.036831216177793474,-67.99686766340237,698.7267298403201,71.24685622924464,False,135.4999999999999,-0.0007769928767689018,-0.013867138011779417,-68.503663564704,697.3478629584316,0.013888888888902785,183.207,-0.010294401479735222,-0.14171633125528718,-0.5067959013016292,-1.3788668818884844
1122814.0,-0.1262,0.0842,9.7829,-0.0002,-0.0022,9.8066,0.0059,-0.0316,0.0132,168.76,-80.13,171.94,53.057503,-1.758886,0.0,3,357.51,20 / 20,0.026556851733817357,0.1333724932429542,0.0352760337511299,-67.99506395038553,698.7397909246445,71.2504615917411,False,135.60000000000002,-0.0002175580055051787,-0.003882798643474677,-68.503663564704,697.3478629584316,0.003888888889069497,183.207,-0.026774409739322536,-0.13725529188642888,-0.5085996143184701,-1.3919279662128474
1122914.0,-0.2942,-0.0604,9.8303,0.0036,-0.001,9.8066,0.008,0.0084,-0.0115,168.94,-80.14,171.97,53.057503,-1.758886,0.0,3,357.51,20 / 20,0.04129139406185776,0.13908500741677465,0.029980378688460426,-67.99167153809574,698.7534137996774,71.25372441236307,False,135.69999999999993,-0.0009013117370207067,-0.016085880093106946,-68.503663564704,697.3478629584316,0.016111111110569173,183.207,-0.04219270579887846,-0.1551708875098816,-0.5119920266082545,-1.4055508412458266
1123015.0,0.0158,-0.0429,9.7859,-0.0036,-0.0043,9.8066,0.0164,-0.0426,0.0291,168.89,-80.14,171.99,53.057503,-1.758886,0.0,3,357.51,20 / 20,0.046991523536982646,0.14836205698959745,0.025607804385191515,-67.987213250757,698.76792987643,71.2565316156083,False,135.80100000000004,-0.0007849182040885622,-0.014008582819082255,-68.503663564704,697.3478629584316,0.014030555555151626,183.207,-0.04777644174107121,-0.16237063980867972,-0.5164503139470042,-1.4200669179983834
1123114.0,0.1486,-0.0095,10.0319,0.0038,0.0007,9.8066,0.0129,0.0144,-0.0184,165.98,-80.14,172.01,53.057503,-1.758886,0.0,3,357.51,20 / 20,0.0331818353950902,0.149665703903267,0.03037097122740699,-67.98324466948986,698.7826822505942,71.25930256500112,False,135.89999999999998,-0.0015695256110598967,-0.028011618783557322,-68.503663564704,697.3478629584316,0.028055555555346154,183.207,-0.0347513610061501,-0.17767732268682432,-0.5204188952141351,-1.434819292162615
1123214.0,0.2413,-0.2122,9.8877,0.0002,-0.0019,9.8066,0.0183,-0.0317,0.0016,168.76,-80.12,171.94,53.057503,-1.758886,0.0,3,357.51,20 / 20,0.010542732153406049,0.15619975186852106,0.03883307554328418,-67.98105844111244,698.7979755233828,71.26276276733965,False,135.9999999999999,-0.0009479313096578185,-0.01691790837436657,-68.503663564704,697.3589824508572,0.016944444444457075,183.207,-0.011490663463063868,-0.17311766024288763,-0.5226051235915605,-1.4389930725255908
1123314.0,-0.2326,2.1342,10.0702,-0.0014,-0.0124,9.8066,-0.0165,-0.0078,0.015,168.83,-80.19,171.83,53.057503,-1.758886,0.0,3,357.51,20 / 20,0.029850645391886532,0.08919048608594207,0.056063075543307764,-67.97903877223517,698.8102450352806,71.26750757489398,False,136.10000000000002,-0.0004506558685261997,-0.008042940046836285,-68.51034750106136,697.3589824508572,0.008055555555567844,183.207,-0.030301301260412732,-0.09723342613277836,-0.5313087288261897,-1.4512625844233753
1123414.0,0.0124,-0.1675,10.1183,-0.0058,-0.0006,9.8066,0.0138,-0.0281,0.0127,168.57,-80.23,171.81,53.057503,-1.758886,0.0,3,357.51,20 / 20,0.05163534559304297,0.018882096771554873,0.0720996142117894,-67.97496447268593,698.8156486644234,71.27391570938173,False,136.19999999999993,-0.0004972754411295327,-0.008874968327493057,-68.51034750106136,697.3589824508572,0.008888888888851941,183.207,-0.0521326210341725,-0.02775706509904793,-0.5353830283754348,-1.4566662135662227
1123514.0,-0.3701,2.1605,10.1768,0.001,0.0133,9.8066,0.0484,-0.0031,-0.0134,165.36,-80.09,171.7,53.057503,-1.758886,0.0,3,357.51,20 / 20,0.09482813198788484,-0.04548971926887441,0.10618961421175843,-67.96764129880688,698.8143182832986,71.2828301708029,False,136.29999999999984,-0.0006215943014106836,-0.01109371040934433,-68.51034750106136,697.3589824508572,0.0111111111110429,183.207,-0.09544972628929552,0.03439600885953008,-0.5427062022544789,-1.455335832441392
1123614.0,-0.0024,2.4026,10.2966,-0.0043,0.0114,9.8066,0.0587,-0.0396,0.0123,168.69,-79.87,171.7,53.057503,-1.758886,0.0,3,357.51,20 / 20,0.16399420736802767,-0.2357222661383606,0.14919461421181715,-67.95470018183907,698.8002576840282,71.2955993822241,False,136.39999999999998,-0.00045065586852803703,-0.008042940046869076,-68.51034750106136,697.3589824508572,0.008055555555600686,183.207,-0.16444486323655572,0.2276793260914915,-0.5556473192222882,-1.4412752331710408
1123714.0,0.3031,2.6301,10.0159,-0.0034,0.0119,9.8066,0.0012,-0.0147,0.0013,168.79,-79.62,171.64,53.057503,-1.758886,0.0,3,357.51,20 / 20,0.19947257808420932,-0.45806552815996415,0.18415461421178542,-67.93652684256648,698.7655682943133,71.31226684364526,False,136.4999999999999,-0.0006215943014143052,-0.011093710409408968,-68.51034750106136,697.3701019446972,0.011111111111107637,183.207,-0.20009417238562363,0.44697181775055517,-0.5738206584948813,-1.395466349616072
1123814.0,0.4689,3.1823,10.0768,-0.0113,-0.0062,9.8066,-0.0006,-0.0612,0.0404,168.5,-79.6,171.09,53.057503,-1.758886,0.0,3,357.51,20 / 20,0.219976413230173,-0.7232283842442655,0.20812461421181822,-67.91555439300073,698.7065035986931,71.33188080506646,False,136.60000000000002,-0.0012898081754226848,-0.023019449099309457,-68.51034750106136,697.3701019446972,0.023055555555333864,183.207,-0.22126622140559568,0.7002089351449561,-0.5947931080606281,-1.3364016539958357
1123914.0,-0.6659,3.1236,10.2524,0.0002,-0.0057,9.8066,-0.0333,0.0103,-0.0255,164.87,-79.65,170.97,53.057503,-1.758886,0.0,3,357.51,20 / 20,0.3017492854590426,-0.9985183846898414,0.24391961421178573,-67.8894681080663,698.6204162602464,71.35448301648762,False,136.69999999999993,-0.000450655868562717,-0.008042940047488014,-68.51034750106136,697.3701019446972,0.008055555556220596,183.207,-0.30219994132760536,0.9904754446423534,-0.6208793929950644,-1.2503143155491898
1124014.0,-0.6919,2.394,10.1985,-0.0094,-0.0186,9.8066,-0.0437,-0.0993,0.0225,168.07,-79.79,170.48,53.057503,-1.758886,0.0,3,357.51,20 / 20,0.4332630635706053,-1.2231733945359822,0.28579961421174765,-67.85271749061485,698.5093316712853,71.38096897790878,False,136.79999999999984,-0.0011188697425255879,-0.01996867873657631,-68.51034750106136,697.3701019446972,0.019999999999633356,183.207,-0.43438193331313085,1.203204715799406,-0.6576300104465105,-1.1392297265880416
1124114.0,-0.5593,1.6801,9.9554,-0.0056,-0.0071,9.8066,-0.0515,-0.0729,0.0197,163.99,-80.01,169.52,53.057503,-1.758886,0.0,3,357.51,20 / 20,0.541710536687537,-1.378793757261209,0.3128296142117845,-67.80396881060187,698.3792333136953,71.41090043932999,False,136.89999999999998,-0.0015073661809244182,-0.02690224774272265,-68.51703143739205,697.3812214364153,0.026944444444341784,183.207,-0.5432179028684614,1.3518915095184862,-0.7130626267901761,-0.9980118772799642
1124214.0,-0.8965,1.421,9.6559,-0.0016,-0.0322,9.8065,-0.0621,-0.0671,0.0578,166.98,-80.51,169.02,53.057503,-1.758886,0.0,3,357.51,20 / 20,0.6509852892672102,-1.4835706693776276,0.31272961421178463,-67.74433401930419,698.2361150923634,71.44217840075115,False,136.9999999999999,-0.000668213874021541,-0.011925738690135393,-68.51703143739215,697.3812214364154,0.011944444444461496,183.207,-0.6516535031412317,1.4716449306874921,-0.772697418087958,-0.8548936559479898
1124314.0,0.1574,1.0486,9.8251,0.0035,-0.0056,9.8066,0.0078,-0.0833,0.0409,163.77,-80.67,169.4,53.057503,-1.758886,0.0,3,357.51,20 / 20,0.7172556563281725,-1.5678562191856669,0.30611461421177577,-67.67592197202433,698.0835437479351,71.47312061217237,False,137.10000000000002,-0.0010567103123973,-0.01885930769586997,-68.51034750106146,697.3812214364156,0.01888888888875752,183.207,-0.7183123666405697,1.5489969114897968,-0.8344255290371336,-0.7023223115195378
1124414.0,0.0946,0.0109,9.9917,0.0015,-0.0127,9.8066,-0.0139,-0.0404,0.0161,167.26,-80.74,169.72,53.057503,-1.758886,0.0,3,357.51,20 / 20,0.6115070339891792,-1.3554036348796326,0.2688461720800016,-67.60948383750852,697.937380755232,71.50186865148693,False,137.19999999999993,-0.0005594348712950976,-0.009984339368864687,-68.51703143739185,697.3923409288404,0.010000000000394112,183.207,-0.6120664688604742,1.3454192955107678,-0.9075475998833298,-0.5450398263915304
1124515.0,0.4657,0.842,9.824,-0.0102,-0.0026,9.8066,-0.0054,-0.087,0.021,164.06,-80.81,169.53,53.057503,-1.758886,0.0,3,357.51,20 / 21,0.5956585196212589,-1.3766834412152125,0.2790673720800131,-67.54852197705112,697.799410357889,71.52953828546704,False,137.30100000000004,-0.0006203511128152153,-0.011071522988656874,-68.51703143739215,697.3923409288409,0.01108888888895225,183.207,-0.5962788707340742,1.3656119182265556,-0.9685094603410249,-0.40706942904807875
1124615.0,-0.6955,0.8209,9.7817,-0.013,0.0015,9.8066,-0.0043,-0.0287,-0.0137,163.47,-80.88,169.14,53.057503,-1.758886,0.0,3,357.51,20 / 21,0.5342847964628568,-1.211801952800124,0.2368842662680115,-67.49202481124696,697.6699860881884,71.55533586738441,False,137.40099999999995,-0.0004989848254579477,-0.008905476031110467,-68.51703143739215,697.3923409288409,0.008919444444399008,183.207,-0.5347837812883147,1.2028964767690136,-1.025006626145185,-0.2776451593474576
1124715.0,0.3694,0.6964,9.9959,-0.0122,-0.015,9.8066,-0.0079,-0.0952,0.0297,162.76,-80.93,168.02,53.057503,-1.758886,0.0,3,357.51,20 / 21,0.5703936214431541,-1.252637889330153,0.24509926626800416,-67.43679089035172,697.5467640960819,71.57943504401119,False,137.50099999999986,-0.0006766053970886524,-0.012075503780627045,-68.51703143739215,697.3923409288409,0.012094444444426027,183.207,-0.5710702268402428,1.240562385549526,-1.0802405470404324,-0.15442316724102056
1124814.0,-0.9434,0.8178,9.7709,-0.0017,-0.0134,9.8066,-0.0401,0.0062,-0.0156,162.62,-81.07,167.51,53.057503,-1.758886,0.0,3,357.51,20 / 21,0.5253282125028755,-1.0953109628280102,0.21479288882781403,-67.3825526595713,697.4305406278999,71.60219970568848,False,137.60000000000002,-0.0015073661809110975,-0.026902247742484914,-68.51703143739215,697.392340928841,0.026944444444103672,183.207,-0.5268355786837866,1.0684087150855253,-1.1344787778208456,-0.038199699058850456
1124914.0,-0.1702,0.1235,9.518,-0.007,-0.0103,9.8066,-0.0335,-0.0707,0.0476,162.18,-81.23,167.24,53.057503,-1.758886,0.0,3,357.51,20 / 21,0.5906224988252027,-1.096191863730935,0.19857288882782884,-67.32675512400495,697.320965486572,71.62286799457124,False,137.69999999999993,-0.00021755800555226055,-0.003882798644314959,-68.51703143739215,697.4034604219734,0.0038888888899110963,183.207,-0.5908400568307549,1.0923090650866198,-1.1902763133872014,0.08249493540131425
1125016.0,-0.9985,0.635,10.0872,0.0111,-0.0072,9.8066,0.0202,0.0046,0.0088,161.85,-81.42,167.43,53.057503,-1.758886,0.0,3,357.51,20 / 21,0.5585673742160131,-0.9235955972418409,0.16843582050365424,-67.2681464404798,697.2179563260623,71.64158543874716,False,137.80200000000002,-0.0003608354919440028,-0.006439898892180005,-68.51716511611858,697.4034604219738,0.006449999999515327,183.207,-0.5589282097079571,0.9171556983496609,-1.24901867563878,0.1855040959114831
1125114.0,0.155,0.7321,10.0931,0.0105,-0.005,9.8066,-0.0043,-0.0613,0.0663,162.72,-81.5,168.69,53.057503,-1.758886,0.0,3,357.51,20 / 21,0.6162126569431656,-0.9476556481561313,0.19621882050364187,-67.21058221895302,697.1262650150379,71.6594535161565,False,137.89999999999998,-0.001289808175421077,-0.02301944909928077,-68.52371537372285,697.4034604219738,0.023055555555305127,183.207,-0.6175024651185868,0.9246361990568506,-1.3131331547698295,0.2771954069359026
1125214.0,0.063,1.023,10.0314,0.0059,0.0196,9.8066,-0.0018,0.0224,0.0224,163.87,-81.43,170.1,53.057503,-1.758886,0.0,3,357.51,20 / 21,0.5349640272608249,-0.8564343518519753,0.18851199742807584,-67.15302338474288,697.0360605150375,71.67869005705307,False,137.9999999999999,-0.0005594348712738798,-0.009984339368486009,-68.52371537372295,697.4145799143993,0.01000000000001484,183.207,-0.5355234621320988,0.8464500124834893,-1.3706919889800702,0.3785193993617213
1125314.0,0.3109,1.8583,9.8828,0.0075,0.0019,9.8066,-0.0073,-0.011,0.0176,167.77,-81.36,171.33,53.057503,-1.758886,0.0,3,357.51,20 / 21,0.4677932635320481,-0.8271926937517002,0.17302344781388193,-67.10288552020317,696.9518791627572,71.6967668293152,False,138.10000000000002,-0.0001709384329046048,-0.0030507703628671464,-68.52371537372295,697.4145799143993,0.0030555555558347196,183.207,-0.4679642019649527,0.8241419233888331,-1.420829853519777,0.46270075164204627
1125414.0,0.3308,1.088,9.6591,0.0178,-0.0011,9.8066,-0.0658,0.0799,-0.0479,165.62,-81.31,172.69,53.057503,-1.758886,0.0,3,357.51,20 / 21,0.46989657511310406,-0.9507057134587059,0.16945344781388524,-67.05600102827096,696.8629842423968,71.71389067409656,False,138.19999999999993,-0.0012276487452467844,-0.021910078057753374,-68.52371537372295,697.4145799143993,0.02194444444360695,183.207,-0.47112422385835084,0.9287956354009526,-1.467714345451995,0.5515956720024633
1125514.0,-0.6265,0.6312,9.8313,0.0089,-0.0146,9.8066,0.0074,0.0667,-0.0292,165.52,-81.5,172.72,53.057503,-1.758886,0.0,3,357.51,21 / 21,0.4294138231835312,-0.8524160309842906,0.1388121806418073,-67.01103550835616,696.7728281551747,71.72930395551933,False,138.29999999999984,-0.0007769928767819577,-0.013867138012012425,-68.52371537372295,697.4145799143993,0.013888888889136159,183.207,-0.4301908160603132,0.8385488929722782,-1.5126798653667919,0.6417517592245758
1125614.0,0.0875,0.1542,10.0927,0.0069,0.004,9.8066,-0.0068,0.0405,-0.0301,168.58,-81.39,172.65,53.057503,-1.758886,0.0,3,357.51,21 / 21,0.39539207029192663,-0.7277539698540573,0.13119510354555433,-66.96979521368233,696.6938196551326,71.74280431972872,False,138.39999999999998,-0.0010567103124005154,-0.018859307695927356,-68.52371537372295,697.425699407532,0.018888888888814993,183.207,-0.39644878060432714,0.7088946621581299,-1.5539201600406187,0.7318797523993226
1125714.0,-0.8671,1.3648,9.9092,0.0086,-0.014,9.8065,-0.0485,0.0497,-0.0168,168.96,-81.53,172.86,53.057503,-1.758886,0.0,3,357.51,21 / 21,0.38196153083695433,-0.652358509290574,0.12803133801370625,-66.93092753362592,696.6248140311754,71.75576564180668,False,138.4999999999999,-0.0009479313096572356,-0.016917908374356166,-68.52371537372295,697.4256994075321,0.016944444444446653,183.207,-0.3829094621466116,0.6354406009162179,-1.5927878400970314,0.8008853763566322
1125814.0,-0.8152,1.8742,9.9508,0.0078,0.0071,9.8066,-0.0034,-0.0352,0.0307,165.73,-81.59,173.13,53.057503,-1.758886,0.0,3,357.51,21 / 21,0.5006176411682803,-0.7644245474676671,0.1403663380137231,-66.8867985750256,696.5539748783374,71.76918552560807,False,138.60000000000002,-0.0040248230987731,-0.07183177489752961,-68.52371537372295,697.4368188992507,0.07194444444705957,183.20699999803432,-0.5046424642670534,0.6925927725701375,-1.6369167986973565,0.8828440209133532
1125914.0,0.2095,-0.9282,9.8537,0.021,-0.0219,9.8066,-0.073,-0.0197,0.0518,169.84,-81.73,174.51,53.057503,-1.758886,0.0,3,357.51,21 / 21,0.5453662617627586,-0.7739920878572077,0.14992633801371444,-66.83449937987909,696.4770540465712,71.78370015940942,False,138.69999999999993,0.19123391503427822,0.15929616676628505,-68.52371537372295,697.4701773779399,0.24888888888104352,50.20600000589701,-0.3541323467284804,0.9332882546234929,-1.6892159938438596,0.9931233313686789
1126014.0,0.2171,0.87,9.9842,0.0119,-0.0067,9.8066,0.013,-0.0095,0.0001,170.46,-82.1,176.35,53.057503,-1.758886,0.0,3,357.51,21 / 21,0.446376166333391,-0.6353905250487605,0.1369828873116486,-66.78491225847434,696.4065849159259,71.79804562067568,False,138.79999999999984,0.08201904650287535,0.4475465070843357,-68.52371537372295,697.5257748407745,0.4549999999936733,10.385000001222323,-0.36435711983051566,1.0829370321330962,-1.738803115248615,1.1191899248485697
1126114.0,-0.3966,2.5353,9.9482,-0.0104,0.0231,9.8066,0.0434,0.0189,-0.0161,170.59,-81.9,176.29,53.057503,-1.758886,0.0,3,357.51,21 / 21,0.48512359992827386,-0.7745800376816703,0.15293788731167038,-66.73833727016118,696.3360863877894,71.81254165940686,False,138.89999999999998,0.057794627619846224,0.6886903142303152,-68.51703143739225,697.5924917967427,0.6911111111076216,4.797000000082586,-0.42732897230842765,1.4632703519119854,-1.778694167231066,1.2564054089533556
1126214.0,-0.7364,1.5483,9.9333,-0.0064,0.0074,9.8066,0.0049,0.0072,0.0068,170.41,-81.69,175.86,53.057503,-1.758886,0.0,3,357.51,21 / 21,0.49007344168476774,-0.7983797520160149,0.14139570421490946,-66.68957741808057,696.2574383983045,71.82725833898317,False,138.9999999999999,0.06191593998729058,1.0270242266147924,-68.51703143739215,697.7036867245351,1.028888888888505,3.4500000000015314,-0.4281575016974772,1.8254039786308072,-1.827454019311574,1.4462483262306023
1126315.0,-0.792,0.9271,9.598,0.0074,-0.0032,9.8066,-0.009,-0.024,0.0203,170.4,-81.66,175.95,53.057503,-1.758886,0.0,3,357.51,21 / 21,0.5005881877056386,-0.7489955886364716,0.11666649858266914,-66.6395490057963,696.1792959436015,71.84029048022447,False,139.101,0.008964380164353344,1.1839283711361839,-68.51703143739215,697.8273354817516,1.1839638888917081,4.035290005013708,-0.49162380754128526,1.9329239597726555,-1.8774824315958512,1.6480395381501012
1126415.0,-0.703,1.9304,9.8118,0.0263,-0.005,9.8066,-0.0528,-0.0274,0.0718,171.24,-81.71,177.2,53.057503,-1.758886,0.0,3,357.51,21 / 21,0.5988981613399753,-0.8508244287543124,0.10649149858267848,-66.58457468834406,696.099304942732,71.85144838008273,False,139.2009999999999,-0.010210815132950206,1.3853508423566279,-68.51696459802913,697.9609917835336,1.3853888888822246,359.5772499999812,-0.6091089764729255,2.23617527111094,-1.932389909685071,1.8616868408015534
1126515.0,-0.228,2.4408,9.762,0.0091,-0.0221,9.8066,-0.0414,-0.0154,0.0629,172.62,-82.01,179.69,53.057503,-1.758886,0.0,3,357.51,21 / 21,0.5762509276526272,-0.8781886453233161,0.08883902379527447,-66.52581723389436,696.012854289028,71.86121490620164,False,139.30100000000004,-0.0002828560206260921,1.5348678248029595,-68.51041434042448,698.1167758759607,1.5348694444416486,359.989950000023,-0.5765337836732533,2.4130564701262758,-1.9845971065301171,2.1039215869326426
1126614.0,-0.0652,-1.071,10.1701,-0.0068,-0.0155,9.8065,-0.0373,-0.0081,0.0777,176.6,-82.36,-179.97,53.057503,-1.758886,0.0,3,357.51,21 / 21,0.6068943422231157,-0.9166160592168842,0.10461962379526381,-66.46725154303554,695.9240114561534,71.87079110925737,False,139.39999999999998,-0.02298486265754214,1.6317825730890017,-68.51703143739205,698.281900342683,1.6319444444429951,359.1930000000119,-0.6298792048806579,2.5483986323058856,-2.0497798943565044,2.357888886529622
1126715.0,-0.0192,1.4485,10.0565,-0.0133,-0.0107,9.8066,-0.0064,0.0662,-0.0438,173.1,-82.45,179.98,53.057503,-1.758886,0.0,3,357.51,21 / 21,0.6207711362093723,-0.9075753721726675,0.1355912737952287,-66.40525443637478,695.8318897888684,71.88292175958567,False,139.50099999999986,-0.05072616366807636,1.4531116193564717,-68.52358169499635,698.4168909835884,1.454005555555439,357.9994399999976,-0.6714972998774487,2.360686991529139,-2.1183272586215764,2.5850011947200073
1126814.0,-0.4978,0.0504,9.8337,-0.0132,-0.0141,9.8065,0.0276,0.0295,-0.0378,175.36,-82.42,178.21,53.057503,-1.758886,0.0,3,357.51,21 / 21,0.5599530314966952,-0.8094302851808522,0.12690315022596327,-66.34680859007324,695.7468980088292,71.89591523357474,False,139.60000000000002,-0.0020534180475956375,1.5480541936767962,-68.51034750106136,698.5710071514092,1.54805555555542,359.9239999946912,-0.5620064495442908,2.3574844788576486,-2.163538910988123,2.824109142579914
1126914.0,-0.3726,0.205,9.8296,-0.0008,-0.0013,9.8066,-0.0587,0.0389,0.0228,171.34,-82.52,177.29,53.057503,-1.758886,0.0,3,357.51,21 / 21,0.5169890218659259,-0.6715661225742161,0.10999267769206686,-66.29296148740515,695.6728481884415,71.90776002497063,False,139.69999999999993,0.019230312876703976,1.5387687309708284,-68.51034750106136,698.7266800488934,1.538888888889295,0.716000015926511,-0.4977587089892219,2.2103348535450444,-2.21738601365621,3.053831860451851
1127015.0,-0.9132,1.5732,10.2699,0.021,0.0124,9.8066,-0.0095,0.0315,0.074,175.27,-82.67,178.16,53.057503,-1.758886,0.0,3,357.51,21 / 21,0.5929679238330147,-0.7268867389493271,0.13454577769209428,-66.23690866164729,695.6022263189345,71.92010921696755,False,139.80100000000004,-0.013267878140894574,1.4637284321228816,-68.51676407993928,698.8727901815313,1.4638249999978061,355.8786300101516,-0.6062358019739092,2.1906151710722086,-2.2798554182919872,3.2705638625967595
1127115.0,1.1216,0.2889,10.0851,0.016,0.0139,9.8065,-0.028,-0.0118,0.0503,177.38,-82.56,-178.72,53.057503,-1.758886,0.0,3,357.51,21 / 21,0.5051567259633577,-0.672795414950417,0.14588616103825156,-66.18200242915752,695.5322422112396,71.93413081390405,False,139.90099999999995,0.09042397111129785,1.5365132067648108,-68.49042937075568,699.0283518848032,1.5392000000011894,6.966109994700084,-0.41473275485205985,2.209308621715228,-2.3084269415981566,3.4961096735636374
1127215.0,-0.4978,-0.5055,9.4771,-0.0162,-0.0092,9.8066,-0.0065,-0.0468,0.0152,176.89,-82.67,-179.47,53.057503,-1.758886,0.0,3,357.51,21 / 21,0.40660931324871014,-0.5408400991788037,0.12183148688251587,-66.13641412719696,695.4715604355332,71.94751669630007,False,140.00099999999986,-0.004951559184805203,1.4617100666833276,-68.503663564704,699.1731276797145,1.4617194444442332,359.80665000000084,-0.41156087243351536,2.0025501658621314,-2.3672494375070414,3.7015672441813194
1127314.0,0.3323,0.2676,10.7754,-0.0053,-0.0156,9.8066,0.0776,-0.0724,0.0224,177.14,-82.72,-179.39,53.057503,-1.758886,0.0,3,357.51,21 / 21,0.41906865098675683,-0.5019085654718669,0.15347188688256708,-66.09554306796724,695.4199443766329,71.96114421330147,False,140.10000000000002,-0.02341206154423406,1.6317764997455777,-68.5036635647041,699.3382521450364,1.63194444444279,359.1779999999895,-0.44248071253099086,2.1336850652174446,-2.4081204967368564,3.918307768403565
1127414.0,-0.5398,1.5609,10.0436,-0.0188,0.0034,9.8066,0.1278,0.0079,-0.0357,176.62,-82.56,-179.86,53.057503,-1.758886,0.0,3,357.51,21 / 21,0.4396526626764437,-0.5654783196846211,0.21375688688251226,-66.05260700228412,695.3665750323751,71.9795056519897,False,140.19999999999993,-0.04074367040726391,1.51945383389454,-68.51034750106106,699.4828055500959,1.5200000000049634,358.46400000003166,-0.4803963330837076,2.084932153579161,-2.4577404987769427,4.116230517720851
1127514.0,0.4845,1.7168,9.5713,-0.0159,0.031,9.8065,0.0402,-0.0996,0.092,172.36,-82.14,178.63,53.057503,-1.758886,0.0,3,357.51,22 / 22,0.4624353196506251,-0.7029891881867754,0.21383688688251226,-66.00750260316781,695.3031516569815,72.00088534067793,False,140.29999999999984,-0.027272139460219277,1.4547443866243526,-68.51703143739195,699.6384784475911,1.4550000000019954,358.92599999998583,-0.4897074591108444,2.157733574811128,-2.5095288342241417,4.3353267906095425
1127615.0,-0.3812,0.956,9.8357,-0.0235,0.0123,9.8066,0.0027,-0.0363,0.0078,176.43,-81.88,179.65,53.057503,-1.758886,0.0,3,357.51,22 / 22,0.40439615870395546,-0.6900058635876177,0.17290592635012558,-65.96372761351086,695.2328054068669,72.0204158527462,False,140.40099999999995,-0.07767249659309457,1.5820474944817653,-68.52364853435974,699.7846997751531,1.5839694444443249,357.18912999996115,-0.48206865529705,2.272053358069383,-2.5599209208488816,4.5518943682861845
1127715.0,0.8192,0.5788,10.3341,-0.0214,-0.0098,9.8065,0.0101,-0.133,0.0465,175.22,-81.82,177.75,53.057503,-1.758886,0.0,3,357.51,22 / 22,0.3924588205382768,-0.7417526167530084,0.20073092635010026,-65.92388486454878,695.1612174828499,72.03909769538119,False,140.50099999999986,-0.005990098646887733,1.5928009694460525,-68.51696459802885,699.9514921657817,1.5928138888887822,356.184090000441,-0.3984489191851645,2.334553586199061,-2.5930797334800673,4.790274682931795
1127815.0,-0.9702,0.9401,10.0477,0.0007,-0.0087,9.8066,-0.0401,0.0272,-0.0807,171.9,-81.84,177.77,53.057503,-1.758886,0.0,3,357.51,22 / 22,0.41209832910559296,-0.7865342756304656,0.23915592635015276,-65.88365700706653,695.0848031382307,72.06109203801623,False,140.601,0.016719809183014668,1.679411566333443,-68.51048117978816,700.1183957513277,1.6795000000008529,4.170910005006197,-0.3953785199225783,2.465945841963909,-2.6268241727216264,5.033592613097085
1127915.0,0.7994,-0.3197,10.2987,-0.031,-0.0156,9.8066,0.0321,-0.1613,0.0499,174.14,-81.93,176.12,53.057503,-1.758886,0.0,3,357.51,22 / 22,0.42849512366540105,-0.787205758824177,0.2758109263501195,-65.84162733442803,695.006116136508,72.08684038065121,False,140.7009999999999,-0.02465363149802884,1.7400103477763498,-68.52364853435994,700.296307633662,1.7401888888880495,355.5881200159405,-0.4531487551634299,2.5272161066005268,-2.68202119993191,5.290191497153955
1128015.0,-0.1517,0.4427,9.8744,-0.0361,0.0014,9.8065,0.0125,0.08,-0.1111,169.69,-81.89,174.38,53.057503,-1.758886,0.0,3,357.51,22 / 22,0.4011401564033867,-0.7685562247175021,0.30380092635015776,-65.80014557042453,694.9283280373309,72.11582097328626,False,140.80100000000004,0.012195249367570313,1.7600668573170521,-68.51696459802903,700.4743307109333,1.7601111111076262,0.3964099999760208,-0.38894490703581636,2.5286230820345543,-2.716819027604501,5.546002673602402
1128115.0,-0.838,-0.088,10.2419,-0.0267,0.0108,9.8065,-0.0125,-0.0668,0.0333,164.45,-81.66,171.22,53.057503,-1.758886,0.0,3,357.51,22 / 22,0.4520542446115357,-0.7461403945012232,0.3289509263501349,-65.75748585037383,694.85259320637,72.14745856592124,False,140.90099999999995,0.040342755731122976,1.8814063964235048,-68.51028066169789,700.66336208572,1.8818388888878068,1.2284200000008625,-0.41171148888041276,2.627546790924728,-2.7527948113240654,5.810768879350007
1128214.0,-1.1411,-0.4332,9.6681,0.0166,0.005,9.8066,0.0032,0.0157,0.0704,167.88,-81.73,171.48,53.057503,-1.758886,0.0,3,357.51,22 / 22,0.46022780038405703,-0.5702568226848048,0.29209193989760623,-65.71232788914658,694.7874315441193,72.17820018780048,False,140.9999999999999,0.03993042117532771,1.9534808295931378,-68.50366356470401,700.8505031481453,1.953888888888806,1.171000000000066,-0.42029737920872934,2.5237376522779424,-2.791335675557434,6.0630716040260495
1128314.0,0.3184,0.1947,9.238,0.0389,0.0084,9.8065,-0.0142,-0.0421,0.137,170.64,-81.71,175.22,53.057503,-1.758886,0.0,3,357.51,22 / 22,0.4986882222605169,-0.5219413901806494,0.25673193989755805,-65.66438208801428,694.732821633476,72.20564138179029,False,141.10000000000002,0.0028844851285415264,1.878053340431434,-68.51034750106126,701.0395345229185,1.8780555555574316,0.08800000001080366,-0.4958037371319754,2.3999947306120832,-2.845965413046983,6.306712889442565
1128415.0,1.1535,-0.108,10.122,0.0232,0.0095,9.8066,0.0282,-0.0465,0.0335,176.3,-81.61,179.33,53.057503,-1.758886,0.0,3,357.51,22 / 22,0.42932442735689486,-0.5051474603303197,0.2439402898975726,-65.61751744920865,694.6809536465253,72.2309253293949,False,141.2009999999999,0.02895516396873573,2.005238930534115,-68.50359672534098,701.2417980944193,2.0054499999980004,0.8270999999640127,-0.40036926338815915,2.5103863908644346,-2.8860792761323353,6.5608444478940555
1128515.0,1.4534,0.6772,9.6067,-0.0008,0.0155,9.8066,0.007,-0.0599,0.0324,180.0,-81.54,-180.0,53.057583,-1.758898,3.17,2,357.65,22 / 22,0.25866393024898116,-0.43395088362034945,0.21225374641294345,-65.58311803132831,694.6339987293277,72.25373503121047,False,141.30100000000004,0.05858273707674171,2.049380152434096,-68.49684594964683,701.4529572605273,2.0502194444438184,1.6372999999763345,-0.20008119317223944,2.483331036054446,-2.9137279183185143,6.818958531199655
1128615.0,-0.051,0.5471,10.5737,-0.0479,0.0132,9.8065,0.0468,0.007,-0.1287,172.53,-81.33,178.97,53.057583,-1.758898,3.17,2,357.65,22 / 22,0.19674558308566248,-0.4676669444969276,0.24060874641291774,-65.5603475556616,694.5889178379218,72.27637815585175,False,141.40099999999995,0.08788077739495292,2.0717469464887257,-68.48374543442489,701.653330518288,2.0736361111085952,6.031189994688068,-0.10886480569070955,2.5394138909856534,-2.9233978787632964,7.0644126803662175
1128715.0,-0.1701,0.4249,9.797,-0.0491,0.0018,9.8065,0.0264,0.0054,-0.1577,173.1,-81.1,174.11,53.057583,-1.758898,3.17,2,357.65,22 / 22,0.21687001808083586,-0.4873028518382456,0.2784787464128834,-65.5396667756033,694.5411693481051,72.30233253049302,False,141.50099999999986,-0.012764235944823156,2.2410435697929136,-68.4970464677365,701.8757203717453,2.241080555555559,359.6736600000006,-0.229634254025659,2.7283464216311595,-2.957379692133202,7.334551023640188
1128815.0,-1.2895,1.2733,9.6991,-0.0301,0.0044,9.8066,-0.0143,-0.0722,-0.055,167.38,-80.99,170.16,53.057583,-1.758898,3.17,2,357.65,22 / 22,0.30650840243961464,-0.5281120166567556,0.2726187464128755,-65.51349785457724,694.4903986046803,72.32988740513434,False,141.601,-0.029821390824678495,2.240394656050335,-68.50379724343107,702.0984438092827,2.240594444447989,359.2380599999917,-0.33632979326429313,2.768506672707091,-2.9902993888538276,7.6080452046023765
1128915.0,-1.8451,0.3381,9.9492,0.004,-0.0183,9.8066,-0.03,-0.0487,0.0784,166.52,-81.06,168.59,53.057583,-1.758898,3.17,2,357.65,22 / 22,0.4772357800156832,-0.5436933684221689,0.2743687464128739,-65.47431064545451,694.4368083354265,72.3572367797756,False,141.7009999999999,-0.058126982824492815,2.491859672461627,-68.51703143739215,702.3541921400196,2.4925444444417786,358.66339999994045,-0.535362762840176,3.035553040883796,-3.04272079193764,7.917383804593101
1129014.0,1.3964,0.7168,9.677,0.0747,-0.0056,9.8063,-0.0538,-0.1371,0.2263,173.15,-81.26,174.19,53.057583,-1.758898,3.17,2,357.65,22 / 22,0.5071625522268334,-0.5551228552676623,0.27500729641287347,-65.42558292800854,694.3824169323539,72.38443089389546,False,141.79999999999984,-0.00044539832836310717,2.5519444055742446,-68.51703143739215,702.6073829888537,2.5519444444426025,359.98999999995885,-0.5076079505551965,3.107067260841907,-3.0914485093836106,8.224966056499852
1129114.0,1.5586,0.4871,10.3953,0.0266,-0.0049,9.8066,-0.0634,-0.064,0.0243,174.75,-81.23,176.83,53.057583,-1.758898,3.17,2,357.65,22 / 22,0.3703234348043166,-0.6032612041897906,0.29795729641290486,-65.38170862865692,694.3244977293809,72.41307912353679,False,141.89999999999998,0.0038433298912160844,2.5311081931847617,-68.52371537372285,702.8631313203027,2.531111111111419,0.087000005319112,-0.3664801049131005,3.1343693973745523,-3.1420067450659275,8.53863359092179
1129214.0,1.2573,-0.7571,9.8663,-0.0013,-0.019,9.8066,-0.0761,-0.0731,0.0126,175.11,-81.38,177.68,53.057583,-1.758898,3.17,2,357.65,22 / 22,0.2331325419403986,-0.5751922474011004,0.3303722964128755,-65.35153582981971,694.2655750568015,72.44449560317805,False,141.9999999999999,0.00939489901584958,2.6780390763604554,-68.52371537372295,703.1299991441766,2.6780555555553884,0.2009999999998704,-0.223737642924549,3.2532313237615558,-3.1721795439032405,8.864424087375141
1129314.0,0.1164,0.7699,9.5507,-0.015,-0.0115,9.8066,-0.0298,-0.1051,-0.0184,174.37,-81.53,176.33,53.057583,-1.758898,3.17,2,357.65,22 / 22,0.1692108603185704,-0.5546071733040687,0.3205572964128623,-65.33141865970673,694.2090850857661,72.47704208281938,False,142.10000000000002,-0.03033071516000264,2.706774514626854,-68.5370832464248,703.4079864604772,2.7069444444457456,359.35799999997107,-0.19954157547857304,3.2613816879309225,-3.205664586718072,9.198901374711113
1129414.0,0.3522,-0.0545,9.6508,-0.0429,-0.007,9.8065,0.0242,-0.0573,-0.1468,172.55,-81.46,173.36,53.057583,-1.758898,3.17,2,357.65,22 / 22,0.15273070306062592,-0.5658830820766757,0.2999672964128811,-65.31532158153779,694.1530605729971,72.50806831246064,False,142.19999999999993,-0.1268382835326488,2.792120529240863,-68.56381899178625,703.6970932698888,2.794999999996096,357.39900000008686,-0.2795689865932747,3.3580036113175384,-3.2484974102484614,9.54403269689169
1129515.0,-0.3856,0.0133,9.1808,-0.0477,0.0067,9.8065,-0.0111,-0.1417,0.0095,169.32,-81.4,168.14,53.057583,-1.758898,3.17,2,357.65,22 / 22,0.1561677424242379,-0.5349390001752189,0.26049144641283706,-65.29972221004078,694.0974690578433,72.53637147897336,False,142.30100000000004,-0.09753986896715613,2.9238222009300894,-68.57725370383871,703.989091146709,2.925450000001885,358.08941999998456,-0.25370761139139403,3.4587612011053084,-3.277531493797923,9.891622088865688
1129615.0,-1.6626,0.0191,10.2842,0.0233,-0.0006,9.8066,-0.0035,-0.1276,0.0633,172.73,-81.49,168.52,53.057583,-1.758898,3.17,2,357.65,22 / 22,0.2600107556283617,-0.49515223076440074,0.2530764464128438,-65.27891328513817,694.0459644962964,72.56204987361463,False,142.40099999999995,-0.06843895231588895,2.8607003907037556,-68.58393764016986,704.27842034599,2.8615194444421848,358.629349999995,-0.32844970794425066,3.3558526214681565,-3.3050243550316907,10.232455849693565
1129714.0,1.2511,-0.313,9.5912,0.0365,-0.009,9.8065,-0.0516,-0.1981,0.1746,174.48,-81.54,171.3,53.057583,-1.758898,3.17,2,357.65,22 / 22,0.28201941063807423,-0.4493054966822346,0.2660503964128351,-65.25208279190801,693.9992138387878,72.58774665233447,False,142.4999999999999,-0.05461551957536458,3.0114492327516045,-68.59055473716374,704.5866526823311,3.011944444444272,358.9609999999996,-0.3366349302134388,3.460754729433839,-3.3384719452557334,10.587438843543282
1129815.0,2.3355,-0.1924,9.9233,0.0349,0.0004,9.8066,0.0543,-0.16,0.0701,175.93,-81.62,173.6,53.057583,-1.758898,3.17,2,357.65,22 / 22,0.10349462076377564,-0.4109860975835537,0.2610609964128296,-65.23261433332219,693.9557691132774,72.6143657776722,False,142.601,-0.029580547096094333,2.9083900909875045,-68.5907552552541,704.8677534572889,2.908544444446678,359.41777999998715,-0.13307516785986997,3.319376188571058,-3.3581409219319056,10.911984344011557
1129915.0,0.6585,-0.0513,9.7668,-0.0152,0.0088,9.8065,-0.016,-0.0752,-0.039,176.72,-81.69,174.86,53.057583,-1.758898,3.17,2,357.65,22 / 22,-0.041981447850599124,-0.38201446864525784,0.2649009964128261,-65.22953867467653,693.916119084966,72.64066387731346,False,142.7009999999999,-0.07987366159051701,3.0670040958235645,-68.61067338553269,705.1793216421053,3.068044444439557,358.5080799999863,-0.037892213739917885,3.4490185644688225,-3.381134710856159,11.263202557139266
1130014.0,0.6084,0.0005,9.8382,-0.044,-0.0056,9.8065,0.0186,-0.08,-0.1195,176.52,-81.82,174.73,53.057583,-1.758898,3.17,2,357.65,22 / 22,-0.09993226638677552,-0.35650357294605656,0.2644901464128265,-65.23656340353128,693.8795624419073,72.66686873888331,False,142.79999999999984,-0.06581223505550957,3.1762627021047796,-68.6172904825266,705.5095705741495,3.1769444444410677,358.8129999999906,0.034120031331265954,3.532766275050836,-3.3807270789953208,11.63000813224221
1130114.0,1.0422,-1.6884,9.3428,-0.0432,-0.0098,9.8065,0.0422,0.0034,-0.1553,176.78,-82.01,169.84,53.057583,-1.758898,3.17,2,357.65,22 / 22,-0.18220611595374916,-0.25005483708233855,0.2428751464127971,-65.25067032264832,693.8492345214058,72.69223700352462,False,142.89999999999998,-0.04226705002152855,3.140826723783322,-68.62397441885749,705.820916368435,3.1411111111116408,359.2289999999939,0.1399390659322206,3.3908815608656604,-3.373304096209168,11.971681847029117
1130214.0,-1.3326,-0.406,9.2973,-0.0234,0.0161,9.8066,-0.006,-0.0179,-0.0606,171.15,-81.81,166.09,53.057583,-1.758898,3.17,2,357.65,22 / 22,-0.17267657582594065,-0.11126014817722252,0.19421514641284143,-65.26841445723728,693.8311687721429,72.71409151816589,False,142.9999999999999,-0.054244613300877216,3.177592584980822,-68.63065835518836,706.1433816558516,3.1780555555555137,359.0220000000002,0.11843196252506344,3.288852733158045,-3.3622438979510747,12.312212883708753
1130314.0,-0.7115,-0.3582,10.0966,-0.0058,-0.0034,9.8066,-0.0241,-0.218,0.1345,173.85,-81.67,165.83,53.057583,-1.758898,3.17,2,357.65,22 / 22,-0.07361789047632562,-0.032098909092229524,0.18324514641282655,-65.28072918055241,693.8240008192794,72.7329645328072,False,143.10000000000002,-0.06250385568877538,3.3094098065999917,-68.63734229155892,706.4769664356949,3.3099999999994663,358.9179999947165,0.011114034787550242,3.341508715692221,-3.35661311100651,12.652965616415486
1130415.0,0.0395,-1.0273,9.5029,0.0281,-0.0345,9.8065,-0.0838,-0.0889,0.0583,175.04,-81.76,167.73,53.057583,-1.758898,3.17,2,357.65,22 / 22,-0.04244935096634681,0.06864463318704443,0.18254824641282744,-65.28659057624526,693.8258463783461,72.75143709914488,False,143.2009999999999,0.08038816315019642,3.2733126389379126,-68.63079203391479,706.8138870640189,3.2743194444425314,5.007079984094128,0.12283751411654323,3.204668005750868,-3.344201457669527,12.988040685672786
1130514.0,1.6511,-3.2035,10.3021,0.0016,-0.0063,9.8066,-0.0017,-0.0997,0.0036,176.88,-82.18,170.02,53.057583,-1.758898,3.17,2,357.65,22 / 22,-0.13454570728976425,0.29976987996808485,0.19203739641282103,-65.29535183162893,693.8440828967473,72.76997908846474,False,143.29999999999984,-0.03270822482965689,3.3167831734302724,-68.64402622788941,707.1441359960631,3.316944444443123,359.43499998901075,0.10183748246010736,3.0170132934621874,-3.3486743962604777,13.300053099315846
1130615.0,-0.0498,-2.1325,10.6334,-0.0117,0.035,9.8065,0.0863,-0.0287,-0.0713,176.62,-82.19,169.63,53.057583,-1.758898,3.17,2,357.65,22 / 22,-0.22549223154275821,0.5916423286206731,0.2588084964128956,-65.31353374753999,693.889099213281,72.79274680605246,False,143.40099999999995,-0.17449105981714924,3.3214499230371946,-68.67757958833664,707.4810566237048,3.326030555555675,356.9927599999959,0.051001171725608974,2.7298075944165214,-3.364045840796649,13.591957410423788
1130714.0,-0.2899,-1.5563,9.6637,-0.0496,0.0308,9.8065,0.0683,-0.1372,-0.0564,178.07,-81.63,166.68,53.057583,-1.758898,3.17,2,357.65,22 / 22,-0.2123749552876148,0.8012677469748184,0.29265659641287267,-65.33520817328808,693.958048262023,72.82004432814732,False,143.4999999999999,-0.15826858084030979,3.3142787640860782,-68.6908137822718,707.8113055557491,3.318055555555565,357.2659999999997,0.05410637444730501,2.5130110171112596,-3.3556056089837227,13.853257293726074
1130814.0,-1.3594,-0.5522,9.2131,-0.0184,0.0262,9.8065,0.0766,-0.0332,-0.0995,173.59,-81.15,163.65,53.057583,-1.758898,3.17,2,357.65,22 / 22,-0.13157783060345574,0.9415591708586113,0.25583159641282255,-65.35240581258266,694.0451896079148,72.84746873778865,False,143.60000000000002,-0.14783625004612164,3.388721227449864,-68.71086559129067,708.1560098287251,3.3919444444444156,357.5019999947164,-0.0162584194426659,2.447162056591253,-3.35845977870801,14.110820220810297
1130914.0,-1.4269,-1.067,9.2229,-0.0312,0.032,9.8065,0.0466,-0.2424,0.042,172.58,-80.74,161.62,53.057583,-1.758898,3.17,2,357.65,22 / 22,-8.513864963305418e-05,1.0659111839746918,0.19696659641287614,-65.35898896104531,694.1455631256564,72.87010864742992,False,143.69999999999993,0.0004141666238948183,3.3899999746999434,-68.70418165496027,708.4895946085435,3.3900000000000863,0.007000015850564978,0.0004993052735278725,2.3240887907252517,-3.345192693914953,14.34403148288709
1131014.0,0.5494,-0.3784,9.5663,0.0156,-0.0032,9.8066,0.0151,-0.2212,0.0828,171.31,-80.54,160.43,53.057583,-1.758898,3.17,2,357.65,22 / 22,0.03638964431655679,1.1698469894395576,0.15576159641291365,-65.35717373576198,694.257351034327,72.88774505707119,False,143.79999999999984,0.09898326563295157,3.480537232569452,-68.69081378227223,708.8454183732364,3.481944444441622,1.628999999950212,0.06259362131639477,2.3106902431298946,-3.3336400465102543,14.588067338909354
1131114.0,-0.5615,-1.9561,9.7789,0.0117,-0.0196,9.8066,-0.0347,-0.1195,0.05,171.51,-80.78,160.9,53.057583,-1.758898,3.17,2,357.65,22 / 22,0.02207972976251577,1.312569048059852,0.14235659641289544,-65.35425026705802,694.3814718362022,72.9026509667125,False,143.89999999999998,0.17870266834076173,3.4653954112523757,-68.67076197325316,709.1901226455058,3.470000000000177,2.9519999999804467,0.15662293857824597,2.1528263631925237,-3.3165117061951435,14.808650809303572
1131214.0,0.954,-1.0434,10.0167,0.0153,0.0001,9.8065,0.0381,-0.1581,0.0935,171.67,-81.01,161.28,53.057583,-1.758898,3.17,2,357.65,22 / 22,-0.01688607434810348,1.4854402218592806,0.1514715964128872,-65.3539905842873,694.521372299698,72.91734237635377,False,143.9999999999999,0.11574918173939062,3.5700685205081655,-68.66407803690879,709.5459464123214,3.571944444444329,1.8570000000012448,0.1326352560874941,2.0846282986488847,-3.310087452621488,15.02457411262344
1131314.0,0.1129,-1.0178,9.3837,0.0167,0.0042,9.8066,0.0475,-0.0716,-0.048,175.18,-81.0,161.98,53.057583,-1.758898,3.17,2,357.65,22 / 22,-0.07820986477152962,1.6075634467834856,0.1408265964128727,-65.3587453812433,694.6760224831303,72.93195728599508,False,144.10000000000002,-0.019123943523715513,3.511892375294951,-68.68412984591474,709.901770177016,3.5119444444453927,359.6879999999761,0.05908592124781411,1.9043289285114655,-3.325384464671444,15.22574769388575
1131414.0,1.804,-1.0581,9.6127,-0.0154,0.0114,9.8066,0.0006,-0.181,0.0761,172.49,-81.01,161.74,53.057583,-1.758898,3.17,2,357.65,22 / 22,-0.18092462736598214,1.7256203975377145,0.1099815964129008,-65.37170210585016,694.8426816753462,72.94449769563636,False,144.19999999999993,-0.1205627623802822,3.574078244711325,-68.70418165495907,710.2575939423914,3.576111111108266,358.0680000000719,0.06036186498569994,1.8484578471736106,-3.3324795491089105,15.414912267045224
1131514.0,-1.7393,-0.2448,10.6032,-0.0139,-0.0212,9.8066,-0.0494,0.0165,-0.0955,170.35,-80.91,159.21,53.057583,-1.758898,3.17,2,357.65,22 / 22,-0.19120291255730698,1.8202135809833668,0.14011159641287343,-65.39030848284631,695.019973374272,72.95700235527764,False,144.29999999999984,0.03990371266024889,3.6117240154059767,-68.69081378227223,710.6245371995104,3.611944444443344,0.6330000109716138,0.23110662521755587,1.7915104344226098,-3.3005052994259216,15.604563825238415
1131614.0,-1.5474,-1.0855,9.529,-0.0178,-0.0189,9.8066,-0.0633,-0.116,0.0288,169.14,-80.85,157.23,53.057583,-1.758898,3.17,2,357.65,22 / 22,-0.04018030236467643,1.9420860339924049,0.16605659641290885,-65.40187764359243,695.208088355021,72.97231076491894,False,144.39999999999998,0.1908420291376412,3.5899309631128125,-68.67076197325316,710.9803609649127,3.59500000000025,3.0429999999643824,0.23102233150231763,1.6478449291204076,-3.268884329660736,15.77227260989173
1131714.0,-0.9406,-0.8816,9.4994,-0.0068,-0.0053,9.8065,-0.0377,0.0828,-0.0804,168.26,-80.97,155.72,53.057583,-1.758898,3.17,2,357.65,22 / 22,0.06373782485090401,2.0900659540029514,0.13681159641293547,-65.40069976746811,695.4096959544206,72.98745417456023,False,144.4999999999999,0.27549717371633986,3.633459445465409,-68.64402622788985,711.3473042227394,3.643888888888833,4.33599999999853,0.21175934886543585,1.5433934914624579,-3.2433264604217413,15.93760826831874
1131814.0,-0.3968,-0.9101,9.5409,-0.0069,0.0051,9.8066,0.0126,-0.0218,-0.0168,171.05,-81.03,155.24,53.057583,-1.758898,3.17,2,357.65,22 / 22,0.09764147950718435,1.8854479066295757,0.09193735695096199,-65.3926308022502,695.6084716474525,72.99889162222844,False,144.60000000000002,0.3651796383968842,3.5976246885408085,-68.60392260983822,711.7031279881417,3.616111111110668,5.796000000001124,0.2675381588896999,1.7121767819112328,-3.211291807588026,16.0946563406892
1131914.0,0.8654,-0.9217,9.5053,0.0064,-0.0041,9.8066,-0.0494,0.0759,-0.028,168.29,-81.12,155.9,53.057583,-1.758898,3.17,2,357.65,22 / 22,0.05998320085147465,1.9971724547597434,0.06358235695098786,-65.38474956823227,695.8026026655217,73.00666760792353,False,144.69999999999993,0.36688219320611387,3.56729454314504,-68.57718686447677,712.0700712459418,3.5861111111124413,5.871999999996631,0.30689899235463924,1.5701220883852967,-3.1924372962445062,16.267468580420086
1132015.0,-0.3262,-1.5123,9.4781,-0.0147,-0.0189,9.8065,-0.0577,0.0821,-0.0789,168.45,-81.35,156.34,53.057583,-1.758898,3.17,2,357.65,22 / 22,0.00952562181536986,2.1396556131610414,0.03177240695095238,-65.38123937268759,696.011512482952,73.01148302350059,False,144.80100000000004,0.2540043307320755,3.6169846215113237,-68.56368531306106,712.4404615471999,3.625894444447438,4.016850000017535,0.24447870891670564,1.4773290083502824,-3.1824459403734693,16.428949064247945
1132115.0,0.7018,-1.7818,10.072,-0.0125,-0.0242,9.8065,-0.0079,0.0479,-0.054,170.97,-81.74,155.55,53.057583,-1.758898,3.17,2,357.65,22 / 22,-0.03670789366678526,2.3268269074540484,0.02861240695095525,-65.38259848628016,696.2348366089825,73.01450226419568,False,144.90099999999995,0.21094417250818417,3.516502213065081,-68.55005008293264,712.7853882093235,3.5228555555542007,3.4322699999639097,0.24765206617496943,1.1896753056110327,-3.1674515966524837,16.55055160034101
1132215.0,-1.1147,-1.4678,9.462,-0.007,-0.0048,9.8066,-0.047,0.095,-0.0614,169.92,-81.83,155.39,53.057583,-1.758898,3.17,2,357.65,22 / 22,-0.04140051354933426,2.5186439695688203,0.024647406950958857,-65.38650390664097,696.4771101528335,73.01716525489078,False,145.00099999999986,0.36835477026891467,3.5935671279829084,-68.5099464648809,713.152220272226,3.6124138888889674,5.8529199999978,0.40975528381824894,1.0749231584140881,-3.1234425582399297,16.67511011939257
1132315.0,0.3935,-1.8218,9.8393,-0.0131,-0.0049,9.8066,0.0035,-0.0123,-0.0106,167.42,-81.87,155.13,53.057583,-1.758898,3.17,2,357.65,22 / 22,-0.031743305260292703,2.3057451879997064,0.007690295908296964,-65.39016109758145,696.7183296107122,73.01878214003375,False,145.101,0.47200359568897954,3.517521090189187,-68.4696423287385,713.5080440376278,3.5490611111113513,7.642590000021765,0.5037469009492722,1.2117759021894807,-3.0794812311570468,16.789714426915566
1132414.0,-1.3676,-1.1275,9.5392,-0.0148,0.0004,9.8066,-0.0157,0.0702,-0.0905,170.1,-81.84,154.25,53.057583,-1.758898,3.17,2,357.65,22 / 22,-0.012202766242097485,2.4832271493494558,-0.003932304091695129,-65.39233642812083,696.9553837414109,73.01896816062867,False,145.19999999999993,0.5692939065564045,3.5203768128912007,-68.41008845592941,713.8603095653493,3.5661111111103474,9.185999999930877,0.581496672798502,1.037149663541745,-3.0177520278085836,16.90492582393847
1132514.0,0.1123,-1.6256,9.5711,-0.0163,0.0024,9.8065,0.0077,-0.0024,-0.0279,166.52,-81.8,153.85,53.057583,-1.758898,3.17,2,357.65,22 / 22,0.018661866146294902,2.257275213968013,-0.02471995847792142,-65.39201347312562,697.1924088595765,73.01753554750019,False,145.29999999999984,0.6864542081925675,3.505362710797635,-68.34324909251454,714.2050138376181,3.571944444444266,11.079999999941863,0.6677923420462726,1.2480874968296218,-2.9512356193889246,17.012604978041622
1132614.0,-0.6613,-1.322,9.6662,-0.0103,-0.0021,9.8066,-0.0066,0.0121,-0.0489,165.32,-81.81,153.11,53.057583,-1.758898,3.17,2,357.65,22 / 22,0.007856495937101554,2.069512782112239,-0.03699196470625498,-65.39068755502144,697.4087482593808,73.01444995134098,False,145.39999999999998,0.6137565841144519,3.325785783958999,-68.28977760180051,714.5385986174618,3.3819444444472526,10.456000000009222,0.6059000881773503,1.2562730018467598,-2.8990900467790652,17.129850358081057
1132714.0,-0.2155,-1.4885,9.7385,-0.0139,0.0016,9.8066,0.0158,-0.0301,-0.0006,167.64,-81.82,151.97,53.057583,-1.758898,3.17,2,357.65,22 / 22,0.01505077273215136,1.907595431096304,-0.04030867000030862,-65.38954219158798,697.607603670041,73.01058491960565,False,145.4999999999999,0.5190009527318039,3.335980252584151,-68.24967398372199,714.8833028911446,3.376111111111118,8.843000000001833,0.5039501799996525,1.4283848214878472,-2.8601317921340126,17.275699221103537
1132814.0,-0.7566,-1.2111,9.6417,-0.0008,0.0026,9.8066,0.0095,0.0157,-0.0206,168.36,-81.83,151.69,53.057583,-1.758898,3.17,2,357.65,22 / 22,0.029943371985363915,1.765388930548422,-0.04416911950027578,-65.3872924843521,697.7912528881235,73.00636103013062,False,145.60000000000002,0.4959746180048303,3.2453756268170313,-68.20957036568304,715.2057681771472,3.283055555552391,8.68900000004054,0.4660312460194664,1.4799866962686092,-2.8222778813309333,17.41451528902371
1132914.0,-0.783,-1.2469,9.64,-0.006,-0.0055,9.8065,0.0101,-0.0419,0.0305,164.82,-81.85,151.27,53.057583,-1.758898,3.17,2,357.65,22 / 22,0.06486389998245409,1.6406139106776279,-0.05163675157522151,-65.38255212075372,697.9615530301846,73.00157073657685,False,145.69999999999993,0.6082684968670433,3.008004063847329,-68.14273100227278,715.5059944789837,3.0688888888983845,11.431999999878382,0.5434045968845892,1.367390153169701,-2.7601788815190673,17.544441448799034
1133014.0,-0.8287,-1.1024,9.7284,0.0033,-0.0037,9.8066,-0.0075,-0.0121,-0.0081,168.11,-81.88,151.19,53.057583,-1.758898,3.17,2,357.65,22 / 22,0.0981974244285812,1.5307590083002856,-0.05429948883892872,-65.37439905453317,698.1201216761334,72.99627392455615,False,145.79999999999984,0.635913574502706,2.7915409794586106,-68.08257557518822,715.7839817959917,2.8630555555618735,12.832999999956996,0.5377161500741248,1.260781971158325,-2.7081765206550443,17.663860119858327
1133114.0,-0.6904,-1.1294,9.6738,-0.0009,-0.0041,9.8066,-0.0055,-0.0519,0.0321,168.05,-81.89,151.1,53.057583,-1.758898,3.17,2,357.65,22 / 22,0.12771464797422194,1.4305591293537816,-0.05512631551310157,-65.36310345091302,698.2681875830164,72.99080263433854,False,145.89999999999998,0.6962759591890751,2.7057374063492827,-68.00905227545572,716.0508496198667,2.793888888889911,14.430999999976382,0.5685613112148532,1.2751782769955011,-2.6459488245426996,17.782662036850297
1133214.0,0.1656,-0.7761,9.7489,0.0065,-0.0054,9.8066,0.0157,-0.0273,0.0237,167.83,-81.92,150.95,53.057583,-1.758898,3.17,2,357.65,22 / 22,0.11410303978205893,1.323046796516758,-0.05495786818612889,-65.35101256652521,698.4058678793098,72.98529842515357,False,145.9999999999999,0.7369277059877032,2.5454739354683165,-67.93552897566983,716.3065979513152,2.6500000000001633,16.14599999999805,0.6228246662056443,1.2224271389515584,-2.5845164091446122,17.900730072005445
1133314.0,-0.2049,-0.554,9.7658,0.0057,0.0024,9.8066,0.0243,-0.0465,0.0379,168.02,-81.95,151.26,53.057583,-1.758898,3.17,2,357.65,22 / 22,0.08739098465361549,1.2034664668635662,-0.05090468795821517,-65.34093786530342,698.5321935424789,72.98000529734635,False,146.10000000000002,0.6662549840945391,2.4634375867261986,-67.87537354857223,716.5512267896313,2.551944444443545,15.133999999978112,0.5788639994409236,1.2599711198626324,-2.5344356832688106,18.01903324715238
1133415.0,0.2271,-0.1714,9.9831,0.0084,0.001,9.8065,0.0243,-0.0326,0.0278,164.95,-81.95,151.37,53.057583,-1.758898,3.17,2,357.65,22 / 22,0.06664610489346166,1.0761183525189266,-0.03744835476448942,-65.3331589922813,698.6473125758577,72.97554346868885,False,146.2009999999999,0.5879112553455003,2.4191028221786,-67.82130050359221,716.7980795278721,2.489519444451516,13.660149999968233,0.5212651504520386,1.3429844696596733,-2.488141511310914,18.150766952014465
1133514.0,-0.3191,0.132,9.8734,0.004,0.001,9.8066,0.0134,-0.0133,0.0153,164.36,-81.96,151.81,53.057583,-1.758898,3.17,2,357.65,22 / 22,0.05925929113438296,0.9404963438156514,-0.021598461549822895,-65.32692667517793,698.7471350033261,72.9726206512813,False,146.29999999999984,0.5786694243081644,2.2590056638638436,-67.76174663079193,717.0182454821014,2.3319444444493302,14.367999999978053,0.5194101331737814,1.318509320048192,-2.434819955614003,18.271110478775313
1133614.0,0.1767,0.3623,9.848,0.0057,-0.0016,9.8066,0.0027,-0.0284,0.0283,169.46,-82.02,151.96,53.057583,-1.758898,3.17,2,357.65,22 / 22,0.060568741142676075,0.8044257944323403,-0.013764442317343105,-65.32093527356407,698.8343811102386,72.97085250608794,False,146.39999999999998,0.5474374909612818,2.1411240490681482,-67.7149590764088,717.2295158417262,2.210000000001802,14.342000000000384,0.48686874981860573,1.336698254635808,-2.3940238028447283,18.395134731487587
1133714.0,-0.0365,1.0465,10.035,0.0032,-0.0021,9.8066,0.008,-0.0237,0.0044,165.31,-82.04,152.02,53.057583,-1.758898,3.17,2,357.65,22 / 22,0.060081943885227924,0.6478883326457979,-0.0002375259697519766,-65.31490273931269,698.9069968165925,72.97015240767358,False,146.4999999999999,0.5496947467310657,2.0650344413734603,-67.65480364932473,717.4296667103391,2.136944444444527,14.90599999999936,0.48961280284583775,1.4171461087276622,-2.339900910012048,18.522669893746638
1133814.0,0.4638,1.1264,9.996,0.0038,-0.0003,9.8066,0.0141,-0.0249,0.013,168.48,-82.02,152.02,53.057583,-1.758898,3.17,2,357.65,22 / 22,0.05428178141092289,0.48050774137149915,0.017550352925735112,-65.30918455304787,698.9634166202934,72.97101804902138,False,146.60000000000002,0.6139529463855964,1.9675468970174554,-67.58796428592282,717.6186980858196,2.061111111109395,17.330000000019684,0.5596711649746735,1.4870391556459563,-2.278779732874952,18.655281465526173
1133916.0,-0.3225,-0.3552,9.3742,0.0016,-0.0033,9.8066,-0.0147,-0.0041,0.0034,168.6,-82.03,152.21,53.057583,-1.758898,3.17,2,357.65,22 / 22,0.05614577041361452,0.46842726993293016,0.005152252925752001,-65.30355274790483,699.0118123058699,72.97217588191981,False,146.70199999999988,0.620998319732455,1.8412091683474898,-67.52687310775525,717.8110653090708,1.9431222222264022,18.63690000005587,0.5648525493188404,1.3727818984145597,-2.223320359850419,18.799253003200988
1134014.0,0.0997,-0.0795,9.909,-0.0003,-0.0052,9.8066,-0.0023,-0.0064,0.0066,168.51,-82.08,151.97,53.057583,-1.758898,3.17,2,357.65,22 / 22,0.054082089173797795,0.4405422178537145,-0.009369250013104593,-65.29815158278505,699.0563518107714,72.97196924906252,False,146.79999999999984,0.5537735361579269,1.7663372317710948,-67.4810213044863,717.9745218505005,1.8511111111139928,17.407000000038522,0.4996914469841291,1.3257950139173804,-2.182869721701252,18.918170039729148
1134114.0,0.0219,0.3716,10.2288,0.0012,-0.0021,9.8066,-0.0084,0.004,-0.0108,168.29,-82.13,151.81,53.057583,-1.758898,3.17,2,357.65,22 / 22,0.05204317401266879,0.4524076312353429,0.01685574998693126,-65.29284531962573,699.1009993032259,72.97234357406121,False,146.89999999999998,0.5256363701438308,1.6723965400739433,-67.42754981370645,718.1413142411295,1.7530555555570049,17.447999999999393,0.473593196131162,1.2199889088386004,-2.1347044940807223,19.040314937903645
1134214.0,-0.0201,-0.2687,9.6509,-0.0001,-0.0034,9.8065,-0.0031,-0.0174,0.0117,164.94,-82.16,151.57,53.057583,-1.758898,3.17,2,357.65,22 / 22,0.044461387162523854,0.403418255808181,0.02564938748888131,-65.28802009156698,699.143790597578,72.974468830935,False,146.9999999999999,0.4864778201039726,1.626877991829807,-67.38744619566778,718.3081066303434,1.6980555555556183,16.64800000000091,0.44201643294144877,1.223459736021626,-2.0994261041008,19.16431603276544
1134314.0,-0.1075,0.247,9.8696,0.0014,-0.0036,9.8066,-0.0004,0.029,-0.0191,168.21,-82.2,151.59,53.057583,-1.758898,3.17,2,357.65,22 / 22,0.04232394716161047,0.3680884873585571,0.01785797936554379,-65.28368082485076,699.1823659347364,72.97664419927771,False,147.10000000000002,0.45585902230812925,1.5409292648618442,-67.34734257760266,718.4637795285468,1.6069444444433647,16.480000000011483,0.41353507514651877,1.1728407775032872,-2.063661752751898,19.281413593810385
1134414.0,-0.2102,0.0885,9.8761,-0.0034,0.0,9.8066,-0.003,-0.0078,0.0006,164.95,-82.21,151.64,53.057583,-1.758898,3.17,2,357.65,22 / 22,0.05225517335952179,0.32549619838876737,0.020806282460707124,-65.2789518688247,699.2170451690237,72.97857741236902,False,147.19999999999993,0.455040794176811,1.464838898685328,-67.30723895958042,718.6083329328989,1.533888888892128,17.25699999996555,0.4027856208172892,1.1393427002965606,-2.028287090755711,19.391287763875198
1134514.0,-0.2744,0.1902,9.9405,0.0,-0.0037,9.8066,0.0064,0.0444,-0.0262,168.1,-82.25,151.48,53.057583,-1.758898,3.17,2,357.65,21 / 22,0.06713532928097717,0.2931309235762814,0.026325590091593215,-65.27298234369269,699.2479765251219,72.98093400599663,False,147.29999999999984,0.42026426638178127,1.3395081032824945,-67.27381927785926,718.7417668448364,1.403888888892879,17.418999999995027,0.3531289371008041,1.0463771797062131,-2.0008369341665713,19.49379031971455
1134614.0,-0.3116,0.0841,9.8309,-0.0051,0.0007,9.8066,-0.0048,0.0204,-0.0175,164.69,-82.28,151.51,53.057583,-1.758898,3.17,2,357.65,21 / 22,0.08384369278080125,0.2669807944938778,0.02909600157786344,-65.26543339258959,699.2759821110254,72.98370508558011,False,147.39999999999998,0.3721581105430833,1.1921500734189665,-67.2470835324956,718.8640812643483,1.2488888888911798,17.33700000000121,0.28831441776228206,0.9251692789250887,-1.9816501399060087,19.5880991533229
1134715.0,0.3107,0.0506,9.8113,-0.0019,-0.002,9.8065,-0.003,0.0341,-0.0168,167.87,-82.3,151.31,53.057583,-1.758898,3.17,2,357.65,21 / 22,0.07247476871293297,0.2455667516281005,0.025972133841182524,-65.25753931028416,699.3018657621045,72.98648602641877,False,147.50099999999986,0.3566040203593527,1.0435640189633146,-67.2200804296787,718.9651574526339,1.1028111111112435,18.866319999999835,0.2841292516464197,0.7979972673352141,-1.962541119394544,19.663291690529377
1134814.0,-0.1555,0.0043,9.8746,-0.0039,-0.0003,9.8066,0.0007,0.0528,-0.0371,166.81,-82.33,151.13,53.057583,-1.758898,3.17,2,357.65,21 / 22,0.05604543706726393,0.2282689022400957,0.025130958765010064,-65.25117756009803,699.325320626971,72.98901562950279,False,147.60000000000002,0.3242527409248666,0.9418585380389776,-67.19361204178212,719.0642321315469,0.9961111111087013,18.997000000012267,0.26820730385760266,0.7135896357988819,-1.9424344816840886,19.738911504575867
1134915.0,0.3884,0.0695,9.8366,-0.0052,0.0,9.8066,0.0026,0.0176,0.001,167.75,-82.35,151.18,53.057583,-1.758898,3.17,2,357.65,21 / 22,0.03886674719688838,0.21243418830266073,0.02556367245025383,-65.2463844947927,699.3475761330434,72.99157570837916,False,147.7009999999999,0.28212371141154524,0.782328840014982,-67.17342655405007,719.1427357502027,0.8316444444507138,19.831009999982186,0.24325696421465687,0.5698946517123213,-1.9270420592573743,19.795159617159356
1135015.0,-0.243,0.1557,9.7817,-0.0035,-0.0013,9.8066,-0.0064,0.0379,-0.0391,167.69,-82.39,151.11,53.057583,-1.758898,3.17,2,357.65,21 / 22,0.029555266236922118,0.19319656643291772,0.021941621582716155,-65.24296339412099,699.3678576707802,72.99395097308081,False,147.80100000000004,0.23876108390979142,0.6480282497756504,-67.16005868132262,719.2092303163237,0.6906138888926827,20.22545000000727,0.2092058176728693,0.4548316833427327,-1.917095287201633,19.841372645543515
1135115.0,0.4364,0.0108,9.8988,-0.004,-0.0038,9.8065,-0.0012,-0.0187,0.0254,167.46,-82.44,150.8,53.057583,-1.758898,3.17,2,357.65,21 / 22,0.0190811279406005,0.17875970785190604,0.021506378345306196,-65.24053157441212,699.3864554844944,72.99612337307721,False,147.90099999999995,0.19055306723467383,0.5238553561521551,-67.14675764803681,719.2535970924955,0.5574388888910451,19.9944499999681,0.17147193929407334,0.345095648300249,-1.906226073624694,19.867141608001134
1135215.0,-0.2027,0.1615,9.8324,0.0018,-0.0067,9.8065,-0.0095,0.0402,-0.0105,166.44,-82.5,150.73,53.057583,-1.758898,3.17,2,357.65,21 / 22,0.008407179067613527,0.16610186824279538,0.02329117159350573,-65.2391571590617,699.4036985632991,72.99836325057414,False,148.00099999999986,0.15533158765410598,0.3823100938277351,-67.14014055102977,719.2869555690934,0.41266111111126186,22.109180000001082,0.14692440858649247,0.21620822558493974,-1.9009833919680688,19.883257005794235
1135315.0,-0.3956,0.1132,9.7959,-0.0034,-0.0054,9.8066,0.0117,-0.0481,0.0281,163.87,-82.59,150.4,53.057583,-1.758898,3.17,2,357.65,21 / 22,0.03409761636614521,0.15985723553946357,0.020434995854480765,-65.23703191929002,699.4199965184882,73.00054955894655,False,148.101,0.10485585583782515,0.26983155168610184,-67.14014055102977,719.3200916586152,0.2894888888866241,21.236,0.07075823947167995,0.10997431614663827,-1.9031086317397552,19.90009514012695
1135415.0,0.2799,0.1441,9.954,0.0033,-0.0053,9.8066,0.0033,-0.0273,0.0058,166.99,-82.7,150.32,53.057583,-1.758898,3.17,2,357.65,21 / 22,0.03585063939369131,0.1505563002132161,0.02317524647630343,-65.23353450650202,699.4355171952759,73.00273007106308,False,148.2009999999999,0.04630858621520427,0.1191685249716938,-67.14014055102977,719.3310999554161,0.12785000000461563,21.236,0.010457946821512958,-0.03138777524152228,-1.9066060445277486,19.8955827601402
1135514.0,-0.0139,-0.0372,9.7946,0.001,-0.0056,9.8066,-0.0001,-0.0413,0.0156,166.89,-82.75,150.06,53.057583,-1.758898,3.17,2,357.65,21 / 22,0.02078114150143813,0.14412312009943448,0.025391707004854158,-65.23073123334771,699.4501038265814,73.0051341352604,False,148.29999999999984,0.00905525737572143,0.02330241004743691,-67.14014055102977,719.3310999554161,0.025000000003188916,21.236,-0.0117258841257167,-0.12082071005199757,-1.9094093176820621,19.88099612883468
1135614.0,0.2183,0.1209,9.902,0.0027,-0.005,9.8066,0.0014,-0.0312,0.0133,166.61,-82.81,149.85,53.057583,-1.758898,3.17,2,357.65,21 / 22,0.010173011436068134,0.14031647510161305,0.025123200954130915,-65.22918352570083,699.4643258063415,73.00765988065835,False,148.39999999999998,0.035516731702074804,0.0913972305067267,-67.15350842371772,719.319980463698,0.09805555555447584,21.236,0.025343720266006668,-0.04891924459488635,-1.9243248980168914,19.855654657356467
1135714.0,-0.2099,0.3597,9.8412,0.0026,-0.0029,9.8066,-0.0063,0.0027,0.0166,166.58,-82.89,149.73,53.057583,-1.758898,3.17,2,357.65,21 / 22,0.013101507022474054,0.12260793200270279,0.026875470811006295,-65.22801979977791,699.4774720266968,73.01025981424661,False,148.4999999999999,-0.16098374680664262,0.01761352748445222,-67.16687629639279,719.3088609712725,0.16194444444437178,276.2439999997101,-0.1740852538291167,-0.10499440451825057,-1.938856496614875,19.83138894457568
1135814.0,0.0472,-0.012,9.7861,0.0002,-0.0048,9.8066,-0.0032,-0.0114,0.0214,166.33,-82.95,149.57,53.057583,-1.758898,3.17,2,357.65,21 / 22,0.021299767232328685,0.11472427864454206,0.02343915018935621,-65.22629973606517,699.4893386372291,73.01277554529663,False,148.60000000000002,-0.14793034331393806,-0.13624350457670453,-67.17356023277695,719.2866219842991,0.20111111111113986,227.3549999997951,-0.16923011054626674,-0.2509677832212466,-1.9472604967117775,19.797283347069992
1135914.0,-0.2702,0.2848,9.8904,0.0034,-0.0068,9.8066,0.0054,0.0115,0.0046,162.83,-83.03,149.36,53.057583,-1.758898,3.17,2,357.65,21 / 22,0.029826517804558875,0.11262506320423549,0.02260927766095034,-65.22374342181332,699.5007061043216,73.01507796668915,False,148.69999999999993,-0.11205022784256355,-0.16934079568215218,-67.18692810541116,719.2643830008642,0.20305555555546934,213.49200000061464,-0.14187674564712244,-0.2819658588863877,-1.9631846835978308,19.76367689654262
1136015.0,-0.0053,0.3397,9.8674,-0.0009,-0.0039,9.8066,0.0007,-0.0287,0.0163,166.05,-83.1,149.14,53.057583,-1.758898,3.17,2,357.65,21 / 22,0.04296046646610206,0.09687317336275057,0.025420548511814748,-65.22006767910766,699.5112857652682,73.01750347291087,False,148.80100000000004,-0.07562436173768926,-0.1392827477233387,-67.20036281747646,719.2531523127993,0.1584888888900294,208.5,-0.11858482820379132,-0.2361559210860893,-1.9802951383688026,19.741866547531117
1136115.0,-0.298,0.2274,9.7913,0.0016,-0.0045,9.8066,0.0,0.0059,-0.015,162.34,-83.13,148.96,53.057583,-1.758898,3.17,2,357.65,21 / 22,0.05430577252493297,0.08627372664150351,0.023536966235040813,-65.21520436715811,699.5204431102684,73.01995134864822,False,148.90099999999995,-0.05620930195935448,-0.1035246558730025,-67.2070467538205,719.2421440145976,0.11780000000161919,208.5,-0.11051507448428745,-0.189798382514506,-1.9918423866623982,19.72170090432917
1136215.0,-0.0283,0.2049,9.8534,-0.0038,-0.0023,9.8066,0.0019,-0.0163,-0.0092,165.7,-83.17,148.85,53.057583,-1.758898,3.17,2,357.65,21 / 22,0.06349550982855232,0.08307929079492267,0.021340921299783537,-65.20931430304044,699.5289107611402,73.02219524302495,False,149.00099999999986,-0.004828581565620094,-0.008893140948396943,-67.21373069015151,719.2421440145976,0.010119444444429778,208.5,-0.0683240913941724,-0.09197243174331961,-2.004416387111064,19.71323325345736
1136315.0,0.1817,0.2923,9.9278,0.001,-0.005,9.8066,-0.0166,0.027,-0.0069,165.59,-83.22,148.59,53.057583,-1.758898,3.17,2,357.65,21 / 22,0.052578664209955925,0.07180569388072275,0.025275533104825797,-65.20351059433851,699.536655010374,73.02452606574519,False,149.101,-0.010485563756725248,-0.01931200605078418,-67.22034778713217,719.2421440145976,0.02197500000004266,208.5,-0.06306422796668118,-0.09111769993150692,-2.016837192793659,19.705489004223523
1136415.0,0.1142,0.2936,9.8108,-0.0021,-0.0052,9.8066,-0.0192,0.0189,0.0012,165.47,-83.28,148.47,53.057583,-1.758898,3.17,2,357.65,21 / 22,0.038368499667088884,0.057067207905261166,0.02680945313909713,-65.19896323614466,699.5430986554634,73.02713031505739,False,149.2009999999999,-0.011857395192769262,-0.02183860525023551,-67.22041462649531,719.2421440145976,0.02485000000066643,208.5,-0.05022589485985815,-0.07890581315549668,-2.0214513903506486,19.699045359134175
1136515.0,0.0026,0.1781,9.8599,-0.0001,-0.0039,9.8066,-0.0105,0.0405,0.0011,165.31,-83.34,148.3,53.057583,-1.758898,3.17,2,357.65,22 / 22,0.03243335611699912,0.05114234633097403,0.02522753516823594,-65.19542314335546,699.5485091331752,73.02973216447276,False,149.30100000000004,-0.004833883329452355,-0.008902905582667826,-67.22709856283936,719.2421440145976,0.010130555555183305,208.5,-0.03726723944645148,-0.06004525191364186,-2.0316754194839035,19.693634881422327
1136615.0,-0.1907,0.3721,9.9208,-0.0042,-0.0021,9.8066,0.0069,0.0208,-0.0097,161.65,-83.36,148.03,53.057583,-1.758898,3.17,2,357.65,22 / 22,0.040852351901556755,0.046905304076415,0.028557904892994104,-65.19175885795453,699.5534115156956,73.03242143647581,False,149.40099999999995,-0.011082012206909176,-0.020410527441352713,-67.23371565980703,719.2421440145976,0.02322499999974803,208.5,-0.05193436410846593,-0.06731583151776771,-2.041956801852507,19.688732498901913
1136714.0,0.0202,0.399,9.8152,-0.0032,-0.0005,9.8065,0.0027,0.0161,-0.0062,164.87,-83.38,147.86,53.057583,-1.758898,3.17,2,357.65,22 / 22,0.04955406393664416,0.03411592039587553,0.029436821659041556,-65.18728374037053,699.557422066307,73.03529217544013,False,149.4999999999999,-0.01908635041037514,-0.03515268450646168,-67.23371565980703,719.2421440145976,0.03999999999998073,208.5,-0.0686404143470193,-0.06926860490233722,-2.0464319194365004,19.68472194829053
1136814.0,-0.2205,0.2172,9.8458,-0.0022,-0.0034,9.8066,0.0104,0.0123,-0.0191,164.93,-83.4,147.8,53.057583,-1.758898,3.17,2,357.65,22 / 22,0.056543454009763336,0.029204939420991623,0.027048548410188195,-65.18197886447321,699.5605881092979,73.0381164439436,False,149.60000000000002,-0.006627205003535152,-0.012205793231286304,-67.24039959612455,719.2421440145976,0.013888888888741097,208.5,-0.06317065901329849,-0.041410732652277925,-2.0584207316513385,19.68155590529966
1136914.0,0.0161,0.3453,9.9162,-0.0018,-0.0023,9.8066,-0.0042,-0.0152,-0.002,164.64,-83.45,147.61,53.057583,-1.758898,3.17,2,357.65,22 / 22,0.06206779776243004,0.027290694680843032,0.02931101614865429,-65.1760483018846,699.5634128910029,73.04093442217153,False,149.69999999999993,-0.0018556174012211366,-0.0034176221051861553,-67.24039959612455,719.2421440145976,0.003888888889332238,208.5,-0.06392341516365117,-0.030708316786029186,-2.064351294239941,19.678731123594616
1137014.0,-0.1088,0.3331,9.8147,-0.001,-0.0014,9.8066,0.0008,-0.0022,-0.0173,164.7,-83.49,147.57,53.057583,-1.758898,3.17,2,357.65,22 / 22,0.06346345715034032,0.01970443650263822,0.02991236372635165,-65.16977173913898,699.5657626475621,73.04389559116528,False,149.79999999999984,-0.0023857938012817677,-0.004394085563279854,-67.247083532495,719.2421440145976,0.004999999999965893,208.5,-0.0658492509516221,-0.024098522065918074,-2.0773117933560172,19.676381367035447
1137114.0,0.0026,0.2712,9.887,-0.0003,-0.0033,9.8066,-0.0052,0.007,0.009,160.93,-83.53,147.4,53.057583,-1.758898,3.17,2,357.65,22 / 22,0.06433149807108259,0.016610876161607526,0.029182509167404103,-65.1633819913779,699.5675784131953,73.04685033480997,False,149.89999999999998,-0.0038437789020697288,-0.007079360074181677,-67.2470835324952,719.2421440145976,0.00805555555551037,208.5,-0.06817527697315232,-0.023690236235789204,-2.0837015411172928,19.674565601402264
1137214.0,0.0117,0.4077,9.8986,-0.0005,-0.0009,9.8066,-0.0005,0.0202,-0.0036,164.5,-83.55,147.35,53.057583,-1.758898,3.17,2,357.65,22 / 22,0.06098435536924758,0.00958494754495535,0.0321278827922869,-65.15711619870589,699.5688882043806,73.04991585440796,False,149.9999999999999,-0.00530176400288288,-0.009764634585129895,-67.25376746883926,719.2421440145976,0.011111111111107637,208.5,-0.06628611937213046,-0.019349582130085245,-2.096651270133364,19.673255810216915
1137314.0,-0.1275,0.2548,9.8368,-0.0012,-0.0024,9.8066,-0.0029,0.0181,0.0167,163.37,-83.58,147.2,53.057583,-1.758898,3.17,2,357.65,22 / 22,0.0632635576670584,0.005754249803546663,0.032497950373451004,-65.15090380305406,699.569655164248,73.05314714606625,False,150.10000000000002,-0.004241411202315466,-0.00781170766812079,-67.25376746883937,719.2421440145976,0.00888888888890531,208.5,-0.06750496886937388,-0.013565957471667452,-2.102863665785307,19.67248885034951
1137415.0,-0.0596,0.1903,9.8411,-0.0016,-0.0039,9.8066,0.0063,0.0022,-0.006,164.27,-83.59,147.07,53.057583,-1.758898,3.17,2,357.65,22 / 22,0.06575219144807494,0.012301650860577332,0.0303962128174303,-65.14438850772376,699.5705669872316,73.05632330130739,False,150.2009999999999,-0.004757007751652927,-0.008761318381629841,-67.26051824452006,719.2421440145976,0.009969444444580198,208.5,-0.07050919919972787,-0.021062969242207172,-2.116129736796296,19.67157702736597
1137515.0,-0.0409,0.4062,9.9551,-0.0005,-0.002,9.8066,0.0018,-0.0154,0.0007,163.82,-83.65,146.65,53.057693,-1.758873,0.0,2,15.53,21 / 22,0.06602898774423266,0.010528025669150414,0.03361003089482644,-65.13779944876414,699.5717084710581,73.059523613493,False,150.30100000000004,-0.0033997561666040633,-0.006261571927264078,-67.2672021808774,719.2421440145976,0.007124999999485189,208.5,-0.06942874391083673,-0.01678959759641449,-2.129402732113263,19.670435543539497
1137614.0,-0.0218,0.2664,9.7996,-0.0007,-0.0009,9.8066,0.0002,-0.0249,-0.0102,161.16,-83.68,146.59,53.057693,-1.758873,0.0,2,15.53,21 / 22,0.06544186499361652,0.005694252917393368,0.03451793126059846,-65.13129164155362,699.5725114738481,73.0628959476197,False,150.39999999999998,-0.01192896900636288,-0.02197042781631462,-67.27381927785814,719.2421440145976,0.024999999999733152,208.5,-0.0773708339999794,-0.027664680733707987,-2.1425276363045214,19.66963254074949
1137714.0,-0.07,0.2872,9.8152,-0.0012,-0.0015,9.8066,-0.0077,0.0004,-0.001,163.59,-83.69,146.36,53.057693,-1.758873,0.0,2,15.53,21 / 22,0.06481238037714507,0.0067774613064996835,0.029403991571508713,-65.12477892928509,699.5731350595593,73.0660920437613,False,150.4999999999999,-0.00569939630310796,-0.010496982179030962,-67.27381927785824,719.2421440145976,0.011944444444459286,208.5,-0.07051177668025303,-0.017274443485530644,-2.149040348573152,19.669008955038294
1137814.0,0.0166,0.4111,9.9471,-0.0011,-0.0002,9.8066,-0.0004,-0.0041,-0.0002,163.44,-83.71,146.17,53.057693,-1.758873,0.0,2,15.53,21 / 22,0.06450990116600464,0.0011996829500194933,0.03132589283579116,-65.11831281520791,699.5735339167721,73.06912853798167,False,150.60000000000002,-0.0014579851008206725,-0.0026852745109620705,-67.2805032142157,719.2421440145977,0.00305555555561303,208.5,-0.0659678862668253,-0.0038849574609815638,-2.162190399007784,19.668610097825535
1137915.0,-0.035,0.3515,9.8609,-0.0014,-0.0021,9.8066,-0.0089,0.0231,0.0089,159.11,-83.72,146.07,53.057693,-1.758873,0.0,2,15.53,21 / 22,0.0638499126314837,-0.006252149409965539,0.03498450641041312,-65.11183064461115,699.5732787672159,73.0724772131436,False,150.7009999999999,-0.0033467385266736454,-0.00616392558159403,-67.28718715054639,719.2532635077304,0.007013888888580356,208.5,-0.06719665115815734,8.822382837150953e-05,-2.175356505935241,19.679984740514442
1138014.0,-0.0499,0.315,9.8219,0.0001,-0.0019,9.8066,0.0068,0.0137,0.0028,162.18,-83.75,145.89,53.057693,-1.758873,0.0,2,15.53,21 / 22,0.06465168742523761,-0.0076548163013188935,0.03266104294884922,-65.10546981540834,699.5725903724132,73.07582566783688,False,150.79999999999984,-0.00662720500350396,-0.012205793231228855,-67.28718715054639,719.2532635077304,0.013888888888675727,208.5,-0.07127889242874157,-0.0045509769299099615,-2.181717335138046,19.680673135317193
1138114.0,0.0262,0.4277,9.92,-0.0008,-0.0017,9.8066,0.008,-0.0042,-0.001,160.65,-83.75,145.75,53.057693,-1.758873,0.0,2,15.53,21 / 22,0.06400462230232118,-0.012928030116422901,0.033227386506529316,-65.09903699992195,699.5715612300922,73.07912008930965,False,150.89999999999998,-0.007687557804166895,-0.014158720148413888,-67.29387108689038,719.2532635077304,0.01611111111107824,208.5,-0.07169218010648808,-0.0012306900319909875,-2.1948340869684273,19.681702277638124
1138215.0,0.0172,0.4094,9.8745,-0.0003,-0.0014,9.8066,0.006,-0.0094,-0.0049,162.98,-83.79,145.6,53.057693,-1.758873,0.0,2,15.53,21 / 22,0.0619697185834088,-0.022266209957613206,0.036021288530541117,-65.09267529570722,699.5697839209685,73.08261714739902,False,151.00099999999986,-0.007649120015166373,-0.01408792654770923,-67.30055502322126,719.2532635077304,0.01603055555556542,208.5,-0.06961883859857518,0.008178283409903977,-2.2078797275140403,19.683479586761905
1138315.0,-0.0474,0.3983,9.8684,-0.0003,-0.0027,9.8066,0.0124,-0.012,-0.0175,163.0,-83.79,145.48,53.057693,-1.758873,0.0,2,15.53,21 / 22,0.06254455469607559,-0.028133329747158712,0.03612609525096746,-65.08644958204324,699.5672639439832,73.0862245165881,False,151.101,-0.0038437789020912766,-0.007079360074221363,-67.30062186258493,719.2532635077304,0.008055555555555528,208.5,-0.06638833359816687,0.02105396967293735,-2.214172280541689,19.685999563747146
1138414.0,-0.0439,0.3502,9.8577,-0.001,-0.0008,9.8066,-0.0013,-0.0129,-0.0064,158.32,-83.8,145.29,53.057693,-1.758873,0.0,2,15.53,21 / 22,0.06481177100499554,-0.029449880304123065,0.035453240963319116,-65.08014544392104,699.5644135750857,73.0897676937307,False,151.19999999999993,-0.0038437789020912766,-0.007079360074221363,-67.30723895957834,719.2532635077304,0.008055555555555528,208.5,-0.06865554990708682,0.0223705202299017,-2.2270935156573017,19.688849932644644
1138514.0,0.0819,0.3999,9.8774,-0.0005,-0.0007,9.8065,-0.0033,0.0082,-0.0053,162.64,-83.8,145.15,53.057693,-1.758873,0.0,2,15.53,22 / 23,0.061656792531901365,-0.032290522194933974,0.03531175481881656,-65.0738220157442,699.5613265549608,73.09330594351981,False,151.29999999999984,-0.0053017640028397844,-0.009764634585050523,-67.31392289592252,719.2532635077304,0.01111111111101732,208.5,-0.06695855653474114,0.02252588760988345,-2.2401008801783178,19.691936952769538
1138615.0,0.0791,0.4967,9.8588,-0.0007,0.0023,9.8066,-0.0197,0.0142,0.0042,162.59,-83.79,145.07,53.057693,-1.758873,0.0,2,15.53,22 / 23,0.05574726482403401,-0.04277355577640061,0.03529047409600002,-65.06789311084772,699.5575358190233,73.09687135608002,False,151.40099999999995,-0.005391893990799549,-0.009930633372833364,-67.31392289592272,719.2532635077304,0.011299999999719118,208.5,-0.06113915881483356,0.032842922403567246,-2.2460297850749953,19.695727688707052
1138715.0,-0.0818,0.2682,9.8667,0.0,-0.0012,9.8066,0.0011,0.0112,-0.0005,158.88,-83.79,144.86,53.057693,-1.758873,0.0,2,15.53,22 / 23,0.05553214864310281,-0.043727963814004504,0.03476540298159574,-65.06232914017437,699.5532107430438,73.1003741499339,False,151.50099999999986,-0.014261745167765915,-0.02626686703401962,-67.31398973528589,719.2532635077304,0.02988888888890253,208.5,-0.06979389381086873,0.017461096779984885,-2.2516605951115167,19.700052764686575
1138815.0,-0.0122,0.3685,9.8508,-0.0012,0.0004,9.8066,-0.0016,0.0166,0.0108,158.92,-83.79,144.71,53.057693,-1.758873,0.0,2,15.53,22 / 23,0.05761557783239527,-0.0378911738114237,0.033979092534362446,-65.0566717538506,699.5491297861626,73.10381137470971,False,151.601,-0.008946726754775137,-0.01647782086224145,-67.32067367160388,719.2532635077304,0.018749999999806102,208.5,-0.06656230458717041,0.02141335294918225,-2.2640019177532906,19.704133721567814
1138915.0,0.0123,0.429,9.8356,0.0005,0.0008,9.8065,0.0037,0.004,-0.0061,163.49,-83.79,144.64,53.057693,-1.758873,0.0,2,15.53,22 / 23,0.05764913734860635,-0.04109336208169058,0.03198897865420526,-65.05090851809155,699.5451805593679,73.10710977826913,False,151.7009999999999,-0.002380492037318712,-0.004384320928768077,-67.32729076859759,719.2532635077304,0.004988888888938253,208.5,-0.06002962938592506,0.036709041152922506,-2.276382250506046,19.708082948362517
1139014.0,-0.0388,0.2159,9.8269,-0.0014,-0.0001,9.8065,0.0039,0.0004,-0.0003,162.35,-83.78,144.55,53.057693,-1.758873,0.0,2,15.53,22 / 23,0.05653170028305332,-0.03753560798596438,0.029260721856073094,-65.04525656662878,699.5412884253495,73.11014163844439,False,151.79999999999984,-0.0018556174010258488,-0.0034176221048264803,-67.32729076859759,719.2532635077304,0.003888888888922967,208.5,-0.05838731768407917,0.034117985881137895,-2.2820342019688127,19.71197508238083
1139114.0,0.0226,0.374,9.8843,-0.0007,0.0022,9.8066,0.0049,-0.0198,-0.0103,158.81,-83.76,144.51,53.057693,-1.758873,0.0,2,15.53,22 / 23,0.054880961356823584,-0.032163558894033564,0.029032363577667846,-65.03968593354678,699.5378034670056,73.11305629271608,False,151.89999999999998,-0.007157381403815769,-0.013182256689785166,-67.33397470494157,719.2532635077304,0.014999999999835784,208.5,-0.06203834276063935,0.018981302204248398,-2.2942887713947897,19.715460040724793
1139214.0,0.0545,0.3208,9.868,-0.0007,0.0017,9.8065,-0.0101,-0.0129,0.0007,162.22,-83.74,144.49,53.057693,-1.758873,0.0,2,15.53,22 / 23,0.051055709688486245,-0.03304547673363784,0.030585009041012343,-65.03438909999451,699.5345430152242,73.11603716134701,False,151.9999999999999,-0.004771587602598796,-0.00878817112662465,-67.33397470494167,719.2532635077304,0.010000000000005681,208.5,-0.05582729729108504,0.024257305607013193,-2.299585604947154,19.718720492506122
1139314.0,0.0108,0.2367,9.7901,-0.0008,0.0008,9.8066,0.0002,0.002,-0.004,162.18,-83.74,144.42,53.057693,-1.758873,0.0,2,15.53,22 / 23,0.04627697544753168,-0.028274349147125344,0.02790125768486318,-65.0295224657377,699.5314770239302,73.1189614746833,False,152.10000000000002,-0.005301764002904127,-0.009764634585169027,-67.34065864127247,719.2532635077304,0.011111111111152166,208.5,-0.05157873945043581,0.01850971456195632,-2.31113617553477,19.7217864838002
1139414.0,-0.0497,0.3619,9.8822,-0.0007,0.0009,9.8066,-0.0088,0.014,0.0022,162.16,-83.71,144.37,53.057693,-1.758873,0.0,2,15.53,22 / 23,0.046967920758905414,-0.024523779451786677,0.026223569032131466,-65.02486022092738,699.5288371175002,73.12166771601915,False,152.19999999999993,-0.0066272050035469056,-0.012205793231307951,-67.34065864127247,719.2532635077304,0.01388888888876573,208.5,-0.05359512576245232,0.012317986220478725,-2.3157984203450894,19.724426390230178
1139514.0,0.0576,0.3571,9.8328,-0.0008,0.0013,9.8066,0.0026,0.0157,0.0066,158.58,-83.71,144.32,53.057693,-1.758873,0.0,2,15.53,23 / 23,0.04744996810483982,-0.026717855073541037,0.02661228367730786,-65.0201393264842,699.5262750357739,73.12430950865462,False,152.29999999999984,-0.008615366504626347,-0.015867531200728643,-67.34734257760306,719.2532635077304,0.01805555555542766,208.5,-0.056065334609466166,0.010850323872812394,-2.32720325111886,19.726988471956474
1139614.0,-0.0174,0.2614,9.8338,0.0001,0.0014,9.8066,-0.0023,0.0113,-0.0023,162.15,-83.67,144.3,53.057693,-1.758873,0.0,2,15.53,23 / 23,0.04524420586240581,-0.024936939454118838,0.02488569112571485,-65.01550461778584,699.5236922960476,73.12688440739477,False,152.39999999999998,-0.008085190104406755,-0.014891067742342176,-67.34734257760326,719.2532635077304,0.016944444444460863,208.5,-0.05332939596681256,0.010045871711776662,-2.3318379598174204,19.72957121168281
1139714.0,-0.0136,0.2946,9.8021,-0.0007,0.0003,9.8066,0.014,-0.0111,-0.0102,158.74,-83.65,144.26,53.057693,-1.758873,0.0,2,15.53,23 / 23,0.045216464698046265,-0.019855110356790613,0.022113337456856775,-65.01098158425782,699.521452693557,73.1292343588239,False,152.4999999999999,-0.011398792606197989,-0.0209939643580289,-67.3540265139606,719.2532635077304,0.02388888888888099,208.5,-0.05661525730424426,-0.0011388540012382854,-2.343044929702785,19.7318108141734
1139814.0,0.1127,0.3288,9.8033,-0.0026,-0.0008,9.8066,0.0057,-0.0227,0.0081,162.07,-83.64,144.15,53.057693,-1.758873,0.0,2,15.53,23 / 23,0.04081225655322358,-0.019958621076397502,0.01846058683832783,-65.00668014819524,699.5194620069853,73.13126305503866,False,152.60000000000002,-0.008085190104349946,-0.014891067742237548,-67.35402651396072,719.2532635077304,0.01694444444434181,208.5,-0.04889744665757353,0.005067553334159954,-2.3473463657654747,19.733801500745017
1139914.0,-0.244,0.2604,9.8792,0.0018,-0.0046,9.8066,0.0219,0.0027,-0.0294,157.9,-83.62,144.26,53.057693,-1.758873,0.0,2,15.53,23 / 23,0.04559286819127028,-0.014964318162884063,0.01863249881257607,-65.00235989195802,699.5177158600234,73.1331177093212,False,152.69999999999993,-0.004771587602743002,-0.008788171126890242,-67.36071045029111,719.2532635077304,0.010000000000307901,208.5,-0.05036445579401328,0.006176147035993821,-2.358350558333086,19.735547647706994
1140015.0,0.0577,0.4052,9.8341,-0.0062,0.005,9.8066,-0.0119,-0.025,0.033,157.83,-83.6,144.13,53.057693,-1.758873,0.0,2,15.53,23 / 23,0.05342846099931733,-0.012921769078858548,0.020130123990694512,-64.99735931483389,699.5163076126177,73.13507522177277,False,152.80100000000004,-0.00857162695178829,-0.015786972965743388,-67.36077728965492,719.2532635077304,0.017963888889150258,208.5,-0.06200008795110562,-0.00286520388688484,-2.363417974821033,19.736955895112715
1140115.0,-0.3624,0.4641,9.8382,0.001,0.0026,9.8066,-0.0082,0.0317,-0.0061,157.71,-83.62,144.2,53.057693,-1.758873,0.0,2,15.53,23 / 23,0.06786587789834873,-0.017245425380027962,0.019618105392088102,-64.99129459788901,699.5147992528947,73.1370626332419,False,152.90099999999995,-0.004285150755266386,-0.007892265903313914,-67.36739438666207,719.2532635077304,0.008980555555419245,208.5,-0.07215102865361511,0.009353159476714048,-2.376099788773061,19.738464254835662
1140215.0,0.1904,0.273,9.7933,-0.0036,0.0015,9.8066,-0.0079,-0.0144,0.0204,153.86,-83.59,144.19,53.057693,-1.758873,0.0,2,15.53,23 / 23,0.0729646781714856,-0.018176431599921574,0.017448889583274268,-64.98425307008553,699.5130281600457,73.13891598299067,False,153.00099999999986,-0.00861006474068514,-0.01585776656625711,-67.3674612260251,719.2532635077304,0.01804444444444581,208.5,-0.08157474291217073,0.0023186650336644646,-2.3832081559395704,19.74023534768469
1140314.0,0.1332,0.2429,9.8774,0.0024,0.0013,9.8066,0.0035,0.0116,-0.0205,150.66,-83.6,144.34,53.057693,-1.758873,0.0,2,15.53,23 / 23,0.05436791037303374,-0.018604127108783067,0.017246661145787084,-64.97795010695256,699.5112075223896,73.14063341275175,False,153.10000000000002,-0.008085190104328399,-0.014891067742197863,-67.37407832296638,719.2532635077304,0.01694444444429665,208.5,-0.06245310047736214,0.0037130593665852044,-2.396128216013821,19.742055985340812
1140414.0,0.2029,0.3621,9.8348,-0.0014,0.0008,9.8066,0.0022,-0.0127,0.0016,150.33,-83.59,144.34,53.057693,-1.758873,0.0,2,15.53,23 / 23,0.04006627033823501,-0.022836424159496566,0.01886291197391522,-64.973228397917,699.5091354948262,73.14243889140774,False,153.19999999999993,-0.0033136025020143976,-0.0061028966160977405,-67.38076225933665,719.2532635077304,0.006944444444887822,208.5,-0.04337987284024941,0.016733527543398824,-2.407533861419651,19.744128012904184
1140514.0,-0.0207,0.426,9.8087,0.0032,-0.0005,9.8066,-0.0022,0.0271,-0.0299,150.39,-83.57,144.4,53.057693,-1.758873,0.0,2,15.53,23 / 23,0.0374440877125646,-0.029981982819523224,0.017316975177826797,-64.96935288001445,699.5064945744772,73.14424788576532,False,153.29999999999984,-0.0042414112022791505,-0.007811707668053906,-67.38076225933695,719.2532635077304,0.008888888888829202,208.5,-0.04168549891484375,0.02217027515146932,-2.4114093793224924,19.74676893325318
1140615.0,-0.3232,0.2269,9.8445,-0.0001,0.001,9.8066,-0.0143,0.0236,-0.0059,150.23,-83.56,144.4,53.057693,-1.758873,0.0,2,15.53,23 / 23,0.051981445339291145,-0.019916506860082644,0.016432136401154738,-64.96483689059534,699.5039747007484,73.14595221590007,False,153.40099999999995,-0.005296462238889537,-0.009754869950562337,-67.38744619566774,719.2532635077304,0.011100000000016524,208.5,-0.05727790757818068,0.010161636909520308,-2.422609305072399,19.74928880698201
1140715.0,0.0486,0.3368,9.7868,0.0033,0.0018,9.8066,-0.0119,0.0312,-0.0046,150.42,-83.55,144.4,53.057693,-1.758873,0.0,2,15.53,23 / 23,0.059703728151666094,-0.009576361194013587,0.014732315940980859,-64.95925263192079,699.5025000573456,73.14751043851717,False,153.50099999999986,-0.004786167453602225,-0.008815023871725471,-67.3875130350313,719.2532635077304,0.010030555555551803,208.5,-0.06448989560526831,0.0007613373222881154,-2.4282604031105137,19.75076345038474
1140815.0,-0.1796,0.4394,9.8402,0.0023,0.0012,9.8066,-0.0053,0.0454,-0.0078,150.31,-83.53,144.64,53.057693,-1.758873,0.0,2,15.53,23 / 23,0.0654525571933681,-0.011674511450689613,0.013104718549834525,-64.95299481765353,699.5014375137134,73.14890229024172,False,153.601,-0.00622029461637133,-0.011456357526983376,-67.39413013202511,719.2532635077304,0.013036111111083964,208.5,-0.07167285180973942,0.00021815392370623694,-2.4411353143715786,19.75182599401694
1140915.0,-0.0262,0.2864,9.8153,0.0005,0.0028,9.8066,0.0007,0.0197,0.0013,147.47,-83.5,144.78,53.057693,-1.758873,0.0,2,15.53,23 / 23,0.07198193154929436,-0.009833613460910502,0.012932510767357762,-64.9461230932164,699.5003621074678,73.15020415170758,False,153.7009999999999,-0.005377314139589982,-0.009903780627352884,-67.39419697138798,719.2532635077304,0.011269444443740988,208.5,-0.07735924568888435,-7.01671664423819e-05,-2.4480738781715843,19.752901400262544
1141014.0,-0.2522,0.1786,9.7928,0.0063,0.0012,9.8066,0.0025,0.0367,-0.0273,147.67,-83.5,145.04,53.057693,-1.758873,0.0,2,15.53,23 / 23,0.07412520983300575,0.0032140002685911817,0.010773844152254308,-64.93889078971799,699.5000344366148,73.15137761627611,False,153.79999999999984,-0.012856777706763087,-0.02367923886852026,-67.40081406834241,719.2532635077304,0.026944444443958403,208.5,-0.08698198753976884,-0.026893239137111443,-2.4619232786244254,19.753229071115584
1141114.0,0.3655,0.2829,9.8283,0.0028,0.0004,9.8065,0.0078,-0.0008,-0.0157,147.54,-83.48,145.08,53.057693,-1.758873,0.0,2,15.53,23 / 23,0.06195312731752007,0.005607598150903683,0.009489267529416671,-64.93208687286045,699.5004755165357,73.1523907718602,False,153.89999999999998,-0.013386954107275608,-0.024655702327446235,-67.40081406834261,719.2532635077304,0.028055555555539104,208.5,-0.07534008142479567,-0.03026330047834992,-2.4687271954821597,19.752787991194623
1141214.0,-0.0596,0.1655,9.8089,0.0021,0.0022,9.8066,-0.0095,0.0246,-0.0094,147.88,-83.44,145.22,53.057693,-1.758873,0.0,2,15.53,23 / 23,0.04441608205017496,0.003727089284154601,0.009081627400003294,-64.92676841239208,699.5009422509075,73.15331931660667,False,153.9999999999999,-0.007687557804189046,-0.014158720148454686,-67.40749800469997,719.2532635077304,0.016111111111124662,208.5,-0.052103639854364,-0.017885809432609288,-2.4807295923078954,19.752321256822825
1141314.0,0.2627,0.297,9.7825,-0.0048,0.0032,9.8066,-0.0074,-0.0176,0.0238,147.98,-83.43,145.33,53.057693,-1.758873,0.0,2,15.53,23 / 23,0.03347460762740613,0.004017356946636462,0.006788633290001586,-64.92287387790819,699.5013294732191,73.15411282964116,False,154.10000000000002,-0.011398792606152782,-0.020993964357945642,-67.41418194103078,719.2532635077304,0.023888888888786253,208.5,-0.044873400233558916,-0.025011321304582106,-2.491308063122588,19.751934034511237
1141414.0,-0.1334,0.3513,9.8596,0.0029,0.0008,9.8066,-0.0036,0.0252,-0.001,147.87,-83.4,145.31,53.057693,-1.758873,0.0,2,15.53,23 / 23,0.03102904823689531,-0.0007545127292407624,0.006994338296500326,-64.91964869511497,699.50149261543,73.15480197822049,False,154.19999999999993,-0.008085190104545838,-0.014891067742598334,-67.41418194103078,719.2532635077304,0.016944444444752346,208.5,-0.03911423834144115,-0.014136555013357572,-2.494533245915804,19.75177089230033
1141514.0,-0.303,0.1266,9.791,-0.0032,0.0021,9.8066,0.0075,-0.0254,0.0206,148.07,-83.36,145.34,53.057693,-1.758873,0.0,2,15.53,23 / 23,0.04551593443798413,0.014061331447083278,0.007530437552023915,-64.91582144598124,699.502157956366,73.15552821701291,False,154.29999999999984,-0.001457985100996673,-0.002685274511286223,-67.42086587738794,719.2532635077304,0.00305555555598188,208.5,-0.0469739195389808,-0.0167466059583695,-2.505044431406702,19.75110555136439
1141615.0,-0.1641,0.3145,9.789,-0.0003,0.0018,9.8066,0.0065,-0.0249,0.0082,148.28,-83.35,145.6,53.057693,-1.758873,0.0,2,15.53,23 / 23,0.05832157680460368,0.028773033289313434,0.004971469419218784,-64.91057765166349,699.5043210917852,73.15615956331496,False,154.40099999999995,-0.009533897118200916,-0.017559254142740736,-67.42086587738814,719.2532635077304,0.019980555555584468,208.5,-0.0678554739228046,-0.04633228743205417,-2.5102882257246506,19.74894241594518
1141715.0,-0.1709,0.3562,9.8304,-0.0039,0.0007,9.8066,0.0017,-0.0227,0.0079,148.41,-83.32,145.72,53.057693,-1.758873,0.0,2,15.53,23 / 23,0.06941997904418216,0.02979823303901191,0.00448499900633573,-64.90419057387105,699.5072496551016,73.15663238673623,False,154.50099999999986,-0.008657780616705243,-0.015945648277512513,-67.42086587738814,719.2532635077304,0.01814444444443353,208.5,-0.07807775966088741,-0.04574388131652442,-2.51667530351709,19.74601385262872
1141815.0,0.0588,0.2328,9.8743,-0.0012,0.0004,9.8066,-0.0024,-0.0209,0.0059,148.41,-83.29,145.68,53.057693,-1.758873,0.0,2,15.53,23 / 23,0.06897283890011943,0.02864375518104216,0.007696749155390675,-64.89727093297383,699.5101717545126,73.15724147414433,False,154.601,-0.012790505656866414,-0.023557180936462814,-67.42093271675141,719.2532635077304,0.02680555555536163,208.5,-0.08176334455698585,-0.052200936117504974,-2.523661783777584,19.743091753217755
1141914.0,-0.104,0.3589,9.8303,-0.0004,0.002,9.8066,-0.006,0.0134,0.0057,151.49,-83.26,145.8,53.057693,-1.758873,0.0,2,15.53,23 / 23,0.06616419137476044,0.025623799172697817,0.010383684282079477,-64.89058164997522,699.5128579984531,73.15813645559948,False,154.69999999999993,-0.006229572703683167,-0.011473445638072392,-67.42754981370535,719.2532635077304,0.013055555556171359,208.5,-0.07239376407844361,-0.03709724481077021,-2.536968163730137,19.740405509277252
1142015.0,0.067,0.2819,9.8175,-0.0032,0.0012,9.8066,-0.0007,-0.0022,0.0181,148.47,-83.23,145.85,53.057693,-1.758873,0.0,2,15.53,23 / 23,0.06473266856263576,0.021102674785113025,0.010307044139769265,-64.88397135854837,699.5152176853879,73.15918133738478,False,154.80100000000004,-0.003838477138103509,-0.007069595439664072,-67.42754981370565,719.2532635077304,0.008044444444476098,208.5,-0.06857114570073927,-0.0281722702247771,-2.543578455157288,19.73804582234243
1142114.0,-0.0785,0.1625,9.843,-0.0009,0.0013,9.8066,0.0025,0.0069,-0.0068,148.79,-83.22,146.06,53.057693,-1.758873,0.0,2,15.53,23 / 23,0.05814121792308211,0.0241654440917722,0.010746927518802605,-64.87788910116733,699.5174584572724,73.16022350898187,False,154.89999999999998,-0.003313602501810672,-0.006102896615722524,-67.42754981370565,719.2532635077304,0.006944444444460867,208.5,-0.06145482042489279,-0.030268340707494724,-2.5496607125383264,19.735805050457998
1142214.0,0.3468,0.4469,9.9905,-0.0016,-0.0006,9.8066,0.0144,-0.0282,0.0066,148.95,-83.2,146.03,53.057693,-1.758873,0.0,2,15.53,23 / 23,0.04599402401724169,0.014688461367608114,0.018493388390973784,-64.87268233907031,699.5194011525454,73.16168552477735,False,154.9999999999999,-0.006627205003601906,-0.012205793231409249,-67.434233750063,719.2532635077304,0.013888888888880995,208.5,-0.052621229020843596,-0.026894254599017363,-2.561551410992692,19.73386235518501
1142314.0,-0.0359,0.1585,9.6533,-0.0025,0.0006,9.8066,0.0047,0.0044,-0.0156,149.02,-83.15,146.25,53.057693,-1.758873,0.0,2,15.53,23 / 23,0.034056920092685176,0.005835131771342465,0.017015630132329557,-64.8686797918648,699.5204273322023,73.16346097570352,False,155.10000000000002,-0.0029159702016060846,-0.0053705490218592,-67.43423375006302,719.2532635077304,0.0061111111111521645,208.5,-0.03697289029429126,-0.011205680793201665,-2.5655539581982083,19.732836175528064
1142414.0,0.0013,0.1713,9.7829,0.0068,-0.002,9.8066,0.0017,0.0038,-0.0044,152.04,-83.13,146.35,53.057693,-1.758873,0.0,2,15.53,23 / 23,0.030709357683546212,0.01589987458388839,0.006936535612486997,-64.86544147797599,699.5215140825201,73.16465858399076,False,155.19999999999993,-0.004241411202248863,-0.007811707667998123,-67.43423375006302,719.2532635077304,0.008888888888765729,208.5,-0.034950768885795076,-0.023711582251886514,-2.5687922720870233,19.731749425210296
1142514.0,-0.1548,0.2324,9.8663,-0.003,0.0011,9.8066,-0.0129,0.0071,0.0129,149.24,-83.1,146.26,53.057693,-1.758873,0.0,2,15.53,22 / 23,0.03383607515239001,0.024335453541966867,0.007421805270612628,-64.8622142063342,699.5235258489264,73.16537650103491,False,155.29999999999984,-0.009543175205029427,-0.017576342252939574,-67.43423375006302,719.2532635077304,0.019999999999658936,208.5,-0.043379250357419435,-0.04191179579490644,-2.572019543728814,19.72973765880397
1142614.0,0.0052,0.2033,9.8217,0.0032,0.0007,9.8066,-0.019,0.0134,0.0141,152.13,-83.12,146.44,53.057693,-1.758873,0.0,2,15.53,22 / 23,0.036990587417540716,0.030225214344925748,0.00948328448002514,-64.8586728732057,699.5262538823207,73.16622175552244,False,155.39999999999998,-0.0038437789021755096,-0.007079360074376501,-67.44091768640699,719.2532635077304,0.008055555555732058,208.5,-0.04083436631971622,-0.03730457441930225,-2.582244813201285,19.727009625409664
1142714.0,0.0155,0.1279,9.7609,0.0013,0.0015,9.8066,0.0067,0.0067,0.0177,149.34,-83.15,146.68,53.057693,-1.758873,0.0,2,15.53,22 / 23,0.031191627078710513,0.035348390097245594,0.006756041808022576,-64.8552637624809,699.5295325625428,73.16703372183684,False,155.4999999999999,-0.006627205003602508,-0.012205793231410359,-67.44091768640709,719.2532635077304,0.013888888888882258,208.5,-0.03781883208231302,-0.04755418332865595,-2.5856539239261878,19.723730945187526
1142814.0,0.0802,0.1066,9.87,0.0009,0.0024,9.8066,0.0049,-0.0033,-0.0034,149.61,-83.13,147.0,53.057693,-1.758873,0.0,2,15.53,22 / 23,0.021277314101150645,0.04167475354082241,0.006490635536820203,-64.85264031542191,699.5333837197247,73.16769605570408,False,155.60000000000002,-0.0053017640029550585,-0.00976463458526283,-67.44091768640709,719.2532635077304,0.011111111111258905,208.5,-0.026579078104105702,-0.05143938812608524,-2.588277370985182,19.719879788005642
1142914.0,-0.1578,0.1668,9.8526,-0.0018,0.0007,9.8066,-0.0017,-0.001,0.0049,152.45,-83.13,146.88,53.057693,-1.758873,0.0,2,15.53,22 / 23,0.020478535065430802,0.04905000400297389,0.010162290206292992,-64.85055252296358,699.537919957602,73.16852870199124,False,155.69999999999993,-0.01007335160526906,-0.018552805711362953,-67.44091768640709,719.2532635077304,0.021111111110667734,208.5,-0.030551886670699864,-0.06760280971433685,-2.590365163443508,19.71534355012841
1143015.0,-0.1027,0.3097,9.8192,0.0007,-0.0003,9.8066,0.0171,-0.0272,-0.0033,149.35,-83.12,146.88,53.057693,-1.758873,0.0,2,15.53,22 / 23,0.03099686455119818,0.05193899684192131,0.011149059175351942,-64.84795301528294,699.5430199021446,73.169604925135,False,155.80100000000004,-0.005708674390079471,-0.010514070289493178,-67.4409845257702,719.2532635077304,0.011963888888833447,208.5,-0.03670553894127765,-0.06245306713141449,-2.5930315104872648,19.710243605585788
1143114.0,-0.0343,-0.0143,9.752,-0.0008,0.001,9.8066,-0.0175,-0.0093,0.0126,149.72,-83.09,147.08,53.057693,-1.758873,0.0,2,15.53,22 / 23,0.030949071188115997,0.05844506387656158,0.007705342799050448,-64.84488669146384,699.5484839131501,73.17053821803273,False,155.89999999999998,-0.006627205003591961,-0.01220579323139093,-67.44760162273779,719.2532635077304,0.013888888888860152,208.5,-0.03757627619170796,-0.0706508571079525,-2.602714931273951,19.70477959458026
1143214.0,-0.0642,0.1908,9.6651,-0.0011,0.0011,9.8066,-0.0168,-0.0014,0.0188,149.81,-83.1,147.22,53.057693,-1.758873,0.0,2,15.53,22 / 23,0.027015568253620944,0.06760803371343634,-0.0017889586207994292,-64.84198845949176,699.5547865680296,73.17083403724165,False,155.9999999999999,-0.005301764002886044,-0.009764634585135724,-67.44760162273789,719.2532635077304,0.01111111111111427,208.5,-0.032317332256506986,-0.07737266829857206,-2.605613163246133,19.698476939700754
1143315.0,-0.1842,0.4975,9.7873,0.007,0.0022,9.8066,-0.0221,0.009,-0.0065,150.06,-83.11,147.55,53.057693,-1.758873,0.0,2,15.53,22 / 23,0.04029395199169829,0.0597641701334967,-0.008427247327687144,-64.83858932871937,699.5612188643239,73.17031811884125,False,156.101,-0.010938864578864553,-0.02014688230761538,-67.45428555912183,719.2532635077304,0.022924999999817734,208.5,-0.05123281657056284,-0.07991105244111207,-2.615696230402463,19.69204464340646
1143414.0,0.3175,0.0901,10.0035,0.0019,0.0027,9.8066,0.0133,-0.0026,0.035,150.64,-83.12,148.34,53.057693,-1.758873,0.0,2,15.53,22 / 23,0.035241644063403896,0.048824876479879896,0.0003051522714609343,-64.83485031671464,699.5665940221313,73.16991607513597,False,156.19999999999993,-0.004771587602872288,-0.00878817112712836,-67.45428555912183,719.2532635077304,0.010000000000578855,208.5,-0.04001323166627618,-0.05761304760700826,-2.6194352424071923,19.686669485599054
1143515.0,0.2299,0.401,10.0985,0.0149,0.0026,9.8066,-0.0574,0.0218,-0.0747,150.34,-83.12,148.17,53.057693,-1.758873,0.0,2,15.53,22 / 23,0.015829349697589163,0.040259613113621716,0.024984502271488563,-64.8322712315297,699.5710927888558,73.17119320269039,False,156.30100000000004,-0.008562348864809697,-0.01576988485526813,-67.45435239848482,719.2421440145976,0.017944444444761252,208.5,-0.02439169856239886,-0.05602949796888984,-2.6220811669551125,19.671051225741735
1143614.0,-0.0053,0.1885,9.7972,-0.009,-0.0053,9.8066,0.0275,0.015,0.031,153.02,-83.19,147.93,53.057693,-1.758873,0.0,2,15.53,22 / 23,0.011325714874928871,0.030092102213518785,0.033118806930757236,-64.83092705583337,699.5745751987645,73.1740693164959,False,156.39999999999998,-0.0033136025018811917,-0.0061028966158524055,-67.46096949543923,719.2421440145976,0.006944444444608658,208.5,-0.014639317376810063,-0.03619499882937119,-2.630042439605859,19.66756881583308
1143714.0,-0.0906,0.4836,10.0414,-0.0029,0.0047,9.8066,0.0081,0.0116,-0.0086,150.26,-83.13,147.85,53.057693,-1.758873,0.0,2,15.53,22 / 23,0.021056499641307458,0.02511234601300125,0.03772623589113497,-64.82930794510756,699.5773354211758,73.17761156863699,False,156.4999999999999,-0.005301764002882277,-0.009764634585128785,-67.46096949543933,719.2421440145976,0.011111111111106374,208.5,-0.026358263644189736,-0.034876980598130033,-2.6316615503317706,19.664808593421753
1143814.0,-0.2213,0.1658,9.7894,0.0033,0.0006,9.8066,-0.011,0.0027,-0.0073,150.26,-83.12,147.83,53.057693,-1.758873,0.0,2,15.53,22 / 23,0.03661215758016485,0.026320742655265402,0.04131105050747738,-64.82642451224648,699.5799070756092,73.18156343295692,False,156.60000000000002,-0.004241411202413411,-0.007811707668301183,-67.46096949543943,719.2421440145976,0.008888888889110578,208.5,-0.040853568782578266,-0.034132450323566585,-2.634544983192953,19.66223693898837
1143914.0,0.0543,0.1169,9.8385,-0.0004,-0.0029,9.8066,-0.0057,0.0255,0.0249,150.37,-83.14,148.01,53.057693,-1.758873,0.0,2,15.53,22 / 23,0.036767292672560244,0.037830330387388394,0.035734892931355275,-64.82275553973385,699.5831146292613,73.18541573012885,False,156.69999999999993,-0.011398792605884412,-0.020993964357451364,-67.46765343176983,719.2421440145976,0.023888888888223818,208.5,-0.048166085278444654,-0.05882429474483976,-2.644897892035985,19.659029385336225
1144014.0,-0.0007,0.489,10.0032,0.0068,0.0017,9.8066,-0.0093,0.0182,-0.0191,150.6,-83.17,148.35,53.057693,-1.758873,0.0,2,15.53,22 / 23,0.03553173163776453,0.030993891102754068,0.04008165899164318,-64.81914058851834,699.5865558403358,73.189206557725,False,156.79999999999984,-0.0056993963032758235,-0.010496982179340128,-67.46765343177013,719.2421440145976,0.011944444444811084,208.5,-0.041231127941040356,-0.04149087328209419,-2.648512843251794,19.655588174261766
1144114.0,0.0273,0.0458,9.7008,-0.0018,-0.0008,9.8066,-0.0001,0.016,0.0055,150.58,-83.15,148.31,53.057693,-1.758873,0.0,2,15.53,22 / 23,-0.005301764002890414,-0.009764634585143771,0.037924160142901966,-67.46765343177013,719.2421440145976,73.19310684868174,True,156.89999999999998,-0.005301764002890414,-0.009764634585143771,-67.46765343177013,719.2421440145976,0.011111111111123428,208.5,0.0,0.0,0.0,0.0
1144214.0,-0.1442,0.2677,9.8945,0.003,-0.0006,9.8066,0.0018,0.0272,-0.0219,150.62,-83.15,148.35,53.057693,-1.758873,0.0,2,15.53,22 / 23,7.004525436879764e-06,0.004929202579074837,0.03147053612146741,-67.46791816974401,719.2419022429973,73.19657658349495,False,156.9999999999999,-0.005699396303100426,-0.010496982179017086,-67.47433736811419,719.2421440145976,0.011944444444443496,208.5,-0.005706400828537305,-0.015426184758091923,-0.006419198370181789,0.00024177160025828925
1144314.0,0.0458,0.3238,9.892,0.0011,-0.0002,9.8066,0.0062,-0.0227,-0.0053,150.58,-83.14,148.28,53.057693,-1.758873,0.0,2,15.53,22 / 23,0.00963822125416572,0.006741386048986694,0.034110955703257395,-67.46743590845503,719.2424857724287,73.19985565808618,False,157.10000000000002,-0.008085190104406755,-0.014891067742342176,-67.4743373681142,719.2421440145976,0.016944444444460863,208.5,-0.017723411358572475,-0.02163245379132887,-0.006901459659175657,-0.0003417578311655234
1144415.0,-0.0881,0.1209,9.849,0.0006,0.0,9.8066,0.0084,-0.0086,-0.0106,153.55,-83.14,148.36,53.057693,-1.758873,0.0,2,15.53,22 / 23,0.013169804896712364,0.012470712622593241,0.0344758348477626,-67.46628410313441,719.2434559834116,73.203319291009,False,157.2009999999999,-0.008576928715837236,-0.015796737600413356,-67.47440420747762,719.2421440145976,0.0179750000003579,208.5,-0.0217467336125496,-0.0282674502230066,-0.00812010434320598,-0.001311968814093234
1144514.0,-0.0352,0.0957,9.8236,0.0001,-0.0015,9.8066,0.0086,-0.0269,-0.0145,153.61,-83.13,148.42,53.057693,-1.758873,0.0,2,15.53,23 / 23,0.014766380973750888,0.027223002140336017,0.0317995071205966,-67.46490126193383,719.2454208222924,73.20659992043643,False,157.29999999999984,-0.00477158760271407,-0.008788171126836958,-67.48102130448467,719.2421440145976,0.010000000000247266,208.5,-0.01953796857646496,-0.03601117326717297,-0.01612004255083832,-0.003276807694874151
1144615.0,-0.1406,0.2851,9.8765,-0.0011,-0.0005,9.8065,-0.0074,-0.0046,0.0073,150.65,-83.12,148.36,53.057693,-1.758873,0.0,2,15.53,23 / 23,0.02118056733000259,0.035203944059312174,0.03075547105251136,-67.4630859410445,719.2485733830755,73.20975894683417,False,157.40099999999995,-0.004786167453582335,-0.008815023871688837,-67.48102130448487,719.2421440145976,0.010030555555510117,208.5,-0.025966734783584924,-0.04401896793100101,-0.017935363440372498,-0.006429368477938624
1144715.0,-0.1703,0.1327,9.8278,-0.0028,0.0028,9.8066,-0.0184,-0.0044,0.002,153.61,-83.11,148.39,53.057693,-1.758873,0.0,2,15.53,23 / 23,0.03238953014702607,0.04301175289587893,0.03000965039463118,-67.46040743617064,719.2524841679233,73.21279720290653,False,157.50099999999986,-0.006268010492405524,-0.011544239238264736,-67.48102130448487,719.2421440145976,0.01313611111110122,208.5,-0.038657540639431595,-0.054555992134143666,-0.020613868314228512,-0.010340153325728352
1144814.0,0.1562,0.2288,9.8175,-0.0027,0.0026,9.8066,-0.0055,0.0014,0.0223,153.58,-83.08,148.31,53.057693,-1.758873,0.0,2,15.53,23 / 23,0.029706087523508323,0.04567401571827155,0.026854602835438758,-67.45733370309594,719.2568741134697,73.21561198344142,False,157.60000000000002,-0.010073351605656923,-0.018552805712077312,-67.48102130448487,719.2421440145976,0.021111111111480594,208.5,-0.03977943912916525,-0.06422682143034886,-0.02368760138892867,-0.014730098872178132
1144914.0,-0.1144,0.2494,9.9316,-0.0001,0.0015,9.8066,0.0088,0.0143,0.0053,153.72,-83.05,148.46,53.057693,-1.758873,0.0,2,15.53,23 / 23,0.027531166155860223,0.04251768592136086,0.028597912410117755,-67.45447184041197,719.2612836985517,73.2183846092037,False,157.69999999999993,-0.022002320611441924,-0.04052323352732761,-67.48102130448487,719.2421440145976,0.04611111111000266,208.5,-0.04953348676730215,-0.08304091944868847,-0.026549464072900264,-0.019139683954108477
1145014.0,0.1625,0.3366,9.8317,-0.0028,0.0027,9.8066,0.0005,-0.0034,0.0174,153.77,-83.03,148.5,53.057693,-1.758873,0.0,2,15.53,23 / 23,0.02746620627729456,0.035620695871550444,0.03068322554859431,-67.45172197179032,719.2651906176413,73.22134866610163,False,157.79999999999984,-0.0110011603063231,-0.020261616764772807,-67.48770524078888,719.2421440145976,0.023055555556263256,208.5,-0.03846736658361766,-0.05588231263632325,-0.035983268998563744,-0.023046603043781033
1145114.0,-0.0187,0.213,10.0123,-0.0051,0.0067,9.8066,-0.0178,-0.001,-0.0076,151.1,-83.04,148.82,53.057693,-1.758873,0.0,2,15.53,23 / 23,0.02291271463257952,0.02943944210907105,0.03588549171631856,-67.44920302574482,719.2684436245404,73.22467710196489,False,157.89999999999998,-0.008085190104442015,-0.014891067742407118,-67.49438917713307,719.2421440145976,0.01694444444453476,208.5,-0.030997904737021534,-0.04433050985147817,-0.04518615138825055,-0.026299609942839197
1145215.0,-0.0008,0.2725,9.8977,-0.0029,-0.001,9.8066,0.0056,-0.0098,0.0002,153.87,-83.0,148.6,53.057693,-1.758873,0.0,2,15.53,23 / 23,0.024111400451093366,0.029738675111686933,0.04323851545885638,-67.4468283079331,719.2714321194601,73.22867286432722,False,158.00099999999986,-0.011866673279463964,-0.021855693360187906,-67.48777208015251,719.2421440145976,0.024869444444460473,208.5,-0.03597807373055733,-0.05159436847187484,-0.04094377221940704,-0.029288104862530417
1145315.0,0.1794,0.1699,9.9294,0.007,0.0044,9.8066,-0.0004,0.0041,-0.0351,153.79,-82.99,148.68,53.057693,-1.758873,0.0,2,15.53,23 / 23,0.016892630305735293,0.027773752068790705,0.04583923814004035,-67.44477810639526,719.2743077408192,73.23312675200718,False,158.101,-0.0057086743901188786,-0.010514070289565757,-67.49445601649684,719.2421440145976,0.011963888888916033,208.5,-0.022601304695854172,-0.03828782235835646,-0.04967791010157896,-0.032163726221597244
1145415.0,-0.1279,0.1995,9.9392,-0.0039,0.0006,9.8066,0.0028,0.0107,0.0148,151.01,-82.94,148.73,53.057693,-1.758873,0.0,2,15.53,23 / 23,0.013925763573647658,0.03156374620607543,0.04981360241902443,-67.4432371867013,719.277274615733,73.23790939403513,False,158.2009999999999,-0.006617926916641846,-0.012188705120968124,-67.50107311349053,719.2421440145976,0.013869444444530834,208.5,-0.020543690490289503,-0.04375245132704356,-0.0578359267892381,-0.03513060113539268
1145515.0,0.1618,0.0066,9.7531,0.0017,-0.001,9.8066,-0.0086,-0.0112,-0.0012,151.25,-82.94,149.04,53.057693,-1.758873,0.0,2,15.53,22 / 23,0.008660505561461999,0.040953463121066964,0.045699062056175375,-67.44210787324454,719.2809004761993,73.2426850272589,False,158.30100000000004,-0.005723254241045832,-0.01054092303452573,-67.50107311349053,719.2421440145976,0.01199444444430188,208.5,-0.01438375980250783,-0.051494386155592695,-0.05896524024599614,-0.03875646160179258
1145615.0,-0.0851,0.1596,9.9627,0.0009,-0.0011,9.8066,-0.0066,0.0307,0.0006,151.28,-82.94,148.93,53.057693,-1.758873,0.0,2,15.53,22 / 23,0.0018052447628706973,0.049520526565390556,0.043200452747745144,-67.44158458572832,719.2854241756837,73.24713000299909,False,158.40099999999995,-0.008142184067345177,-0.014996037563961832,-67.50113995285375,719.2421440145976,0.01706388888871127,208.5,-0.009947428830215873,-0.06451656412935239,-0.05955536712542653,-0.04328016108615884
1145715.0,-0.0707,0.2362,9.9487,0.0003,0.0017,9.8066,-0.0136,-0.0049,0.0089,154.16,-82.94,148.91,53.057693,-1.758873,0.0,2,15.53,22 / 23,0.009526228909498159,0.052771159291476605,0.04938963483557192,-67.44101801204471,719.2905387599766,73.25175950737825,False,158.50099999999986,-0.013723616121474111,-0.025275756623630425,-67.50782388918462,719.2421440145976,0.028761111111126798,208.5,-0.02324984503097227,-0.07804691591510703,-0.06680587713991315,-0.04839474537902788
1145814.0,-0.1559,0.0149,9.7394,0.0028,-0.0011,9.8066,-0.0142,0.0141,-0.0018,153.98,-82.93,148.86,53.057693,-1.758873,0.0,2,15.53,22 / 23,0.016339290476214095,0.06203966913006471,0.04512839961024129,-67.43973766883511,719.2962218959834,73.25643815008333,False,158.60000000000002,-0.0076875578041747305,-0.01415872014842832,-67.51444098615212,719.2421440145976,0.016111111111094662,208.5,-0.024026848280388827,-0.07619838927849303,-0.07470331731701663,-0.05407788138586511
1145914.0,-0.0822,0.1869,9.8454,-0.0044,0.0025,9.8066,0.0035,-0.0005,0.0241,153.73,-82.95,148.89,53.057693,-1.758873,0.0,2,15.53,22 / 23,0.021697021873926303,0.07222110283773016,0.037147889668706226,-67.4378358532176,719.3029349345818,73.26055196454728,False,158.69999999999993,-0.007157381403917633,-0.013182256689972773,-67.51444098615212,719.2421440145976,0.015000000000049264,208.5,-0.028854403277843936,-0.08540335952770294,-0.07660513293451743,-0.060790919984242464
1146014.0,-0.0333,0.0002,9.857,-0.0002,-0.0017,9.8065,0.0104,-0.0153,-0.004,151.08,-82.95,148.67,53.057693,-1.758873,0.0,2,15.53,22 / 23,0.020690035457274127,0.07907312570759978,0.03536245621839685,-67.43571650035105,719.310499646009,73.26417748184163,False,158.79999999999984,-0.005699396303145631,-0.010496982179100344,-67.51444098615212,719.2421440145976,0.011944444444538235,208.5,-0.02638943176041976,-0.08957010788670013,-0.07872448580107516,-0.06835563141146395
1146114.0,-0.2118,0.3397,9.8771,0.0036,-0.0004,9.8066,0.0023,-0.0082,-0.0138,151.2,-82.93,148.81,53.057693,-1.758873,0.0,2,15.53,22 / 23,0.0275301272699727,0.08203491617085511,0.03519208778564436,-67.43330549221469,719.318555048103,73.26770520904184,False,158.89999999999998,-0.007687557804153183,-0.014158720148388633,-67.51444098615212,719.2421440145976,0.016111111111049504,208.5,-0.035217685074125885,-0.09619363631924374,-0.08113549393743824,-0.07641103350545109
1146215.0,0.1047,-0.1036,9.807,-0.0032,-0.0001,9.8066,0.0199,-0.0069,0.0296,154.08,-82.92,148.76,53.057693,-1.758873,0.0,2,15.53,22 / 23,0.026800050468778615,0.08619954074983628,0.03295236461779434,-67.43056181823889,719.3270508881775,73.2711465038882,False,159.00099999999986,-0.01050411993071092,-0.019346182271787162,-67.52119176185963,719.2421440145976,0.02201388888888036,208.5,-0.037304170399489536,-0.10554572302162345,-0.0906299436207405,-0.0849068735799392
1146315.0,0.0854,0.227,9.9928,-0.0014,0.002,9.8066,-0.0005,-0.0104,0.0011,154.71,-82.91,149.21,53.057693,-1.758873,0.0,2,15.53,22 / 23,0.012835819567607468,0.08778421719031773,0.0359357599251361,-67.42858002473706,719.3357500760745,73.27459091011535,False,159.101,-0.013736870531407222,-0.02530016820995678,-67.52780885884027,719.2421440145976,0.02878888888874928,208.5,-0.02657269009901469,-0.11308438540027452,-0.09922883410321504,-0.09360606147697581
1146415.0,-0.0716,-0.0138,9.7447,0.0012,-0.0002,9.8066,-0.0194,-0.0046,-0.0144,158.1,-82.88,149.24,53.057693,-1.758873,0.0,2,15.53,22 / 23,0.010301059801580614,0.088942009083714,0.03582389593636096,-67.4274231807686,719.3445863873882,73.27817889290843,False,159.2009999999999,-0.008956004842125923,-0.0164949089734022,-67.52780885884027,719.2422552095284,0.018769444444975122,208.5,-0.019257064643706537,-0.10543691805711619,-0.10038567807167453,-0.10233117785980994
1146515.0,0.0929,0.1117,10.006,-0.002,0.0033,9.8066,-0.0096,0.0203,0.0047,161.91,-82.91,149.03,53.057693,-1.758873,0.0,2,15.53,22 / 22,0.006475157664827527,0.09466759458355636,0.03628981154591484,-67.42658436989528,719.3537668675716,73.28178457828255,False,159.30100000000004,-0.003299022650836475,-0.006076043870675542,-67.52780885884027,719.2531523127993,0.006913888888976011,208.5,-0.009774180315664002,-0.1007436384542319,-0.10122448894499314,-0.1006145547722781
1146616.0,-1.7066,5.1707,11.3412,0.0105,-0.0013,9.8066,0.2474,0.1657,-0.2691,162.81,-82.91,149.37,53.057693,-1.758873,0.0,2,15.53,22 / 22,0.161306249860945,-0.10853863150342258,0.12385176154581559,-67.41811140881524,719.3530663802071,73.28987172772368,False,159.40199999999993,-0.0019033332769998416,-0.0035055038159969637,-67.52794253756706,719.2423664044601,0.003988888888814056,208.5,-0.16320958313794484,0.10503312768742562,-0.10983112875182144,-0.11069997574702484
1146715.0,-1.8833,1.5816,9.9646,0.0732,0.0078,9.8063,-0.0564,0.2742,-0.2418,163.77,-82.27,151.25,53.057693,-1.758873,0.0,2,15.53,22 / 22,0.4275546076541457,-0.3501234488875665,0.20763051154575876,-67.38896279636826,719.3303626072278,73.3062801002417,False,159.50099999999986,-0.004246712966309864,-0.007821472302690292,-67.53449279518436,719.2531523127991,0.008899999999998636,208.5,-0.43180132062045556,0.3423019765848762,-0.14552999881610162,-0.07721029442870986
1146815.0,-1.6139,0.2919,9.2418,-0.0073,0.0281,9.8066,-0.0892,0.2372,-0.0279,167.81,-82.16,150.96,53.057693,-1.758873,0.0,2,15.53,22 / 22,0.6217183216428483,-0.36958419606738346,0.1872855115457311,-67.33649914990335,719.29437722498,73.32602590139629,False,159.601,-0.00477688936660637,-0.008797935761218418,-67.53455963454776,719.242255209529,0.010011111111126621,208.5,-0.6264952110094547,0.36078626030616506,-0.19806048464441517,-0.0521220154510047
1146914.0,2.3694,-0.6261,10.1783,0.0279,0.0069,9.8065,-0.0468,0.1632,-0.108,168.89,-82.19,151.05,53.057693,-1.758873,0.0,2,15.53,22 / 22,0.582703046366077,-0.33192324131568063,0.17772211154573764,-67.27688029218695,719.2596526068296,73.3440937787393,False,159.69999999999993,-0.0053017640028610305,-0.009764634585089655,-67.54117673151485,719.2532635077299,0.011111111111061847,208.5,-0.5880048103689379,0.322158606730591,-0.26429643932790725,-0.00638909909969243
1147014.0,-1.2637,0.7129,9.8938,0.0308,-0.0229,9.8065,0.0725,0.2842,-0.2132,168.23,-82.19,151.63,53.057693,-1.758873,0.0,2,15.53,22 / 22,0.5305641840352561,-0.318664658138277,0.20066211154571686,-67.22121693066693,719.2271232118569,73.36301298989386,False,159.79999999999984,-0.007687557804109333,-0.014158720148307873,-67.54117673151515,719.2421440145979,0.016111111110957605,208.5,-0.5382517418393654,0.3045059379899691,-0.31995980084822406,0.015020802740991712
1147114.0,2.0744,-0.5053,9.9448,0.0056,-0.0193,9.8065,0.0972,-0.0435,-0.003,167.26,-82.03,151.42,53.057693,-1.758873,0.0,2,15.53,22 / 22,0.49357972144635676,-0.311514956700385,0.21192711154573235,-67.17000973539278,719.195614231115,73.38364245104846,False,159.89999999999998,-0.003843778902148085,-0.0070793600743259905,-67.54117673151515,719.2532635077303,0.008055555555674583,208.5,-0.49742350034850485,0.304435596626059,-0.37116699612236914,0.05764927661527963
1147214.0,-0.1214,-0.1904,9.8055,0.0286,0.0056,9.8065,-0.0574,0.2054,-0.1422,165.13,-82.08,151.98,53.057693,-1.758873,0.0,2,15.53,22 / 22,0.39015040418901437,-0.2715963410669251,0.21877711154572624,-67.12582322911105,719.1664586662266,73.40517766220302,False,159.9999999999999,-0.007157381403890359,-0.013182256689922543,-67.54786066785923,719.2421440145976,0.014999999999992103,208.5,-0.39730778559290475,0.25841408437700253,-0.4220374387481769,0.07568534837093921
1147314.0,1.6779,-0.5362,9.7687,-0.0028,0.0083,9.8066,-0.0273,-0.1387,0.0701,164.75,-82.03,151.34,53.057693,-1.758873,0.0,2,15.53,22 / 22,0.3048665195521995,-0.2296532012551664,0.2168221115457237,-67.09107238292394,719.1413961891104,73.42695762335762,False,160.10000000000002,-0.008615366504722635,-0.015867531200905984,-67.54786066785934,719.2532635077303,0.018055555555629453,208.5,-0.3134818860569221,0.2137856700542604,-0.45678828493539925,0.11186731861982935
1147414.0,-0.7324,0.475,9.8923,0.0148,-0.0043,9.8066,0.0059,0.0913,-0.039,164.16,-82.1,151.65,53.057693,-1.758873,0.0,2,15.53,22 / 22,0.2576392877201784,-0.2113288681865933,0.21920711154572164,-67.06294709256035,719.1193470856383,73.44875908451218,False,160.19999999999993,-0.011001160305879634,-0.02026161676395604,-67.5545446042163,719.242144014598,0.023055555555333868,208.5,-0.268640448026058,0.19106725142263725,-0.49159751165595367,0.12279692895970129
1147514.0,-1.0536,0.2009,9.7004,-0.0153,-0.0002,9.8066,0.0255,-0.187,0.0882,168.35,-82.1,151.88,53.057693,-1.758873,0.0,2,15.53,21 / 21,0.35288841839824164,-0.1960054566550925,0.21817711154572267,-67.03242070725446,719.0989803693963,73.47062829566673,False,160.29999999999984,-0.0029159702018346743,-0.005370549022280209,-67.5545446042166,719.2421440145976,0.0061111111116312275,208.5,-0.3558043886000763,0.1906349076328123,-0.5221238969621425,0.1431636452012981
1147614.0,-0.7947,-0.0448,9.6844,0.0022,-0.0013,9.8066,0.0087,-0.0434,0.0271,164.78,-82.08,151.43,53.057693,-1.758873,0.0,2,15.53,21 / 21,0.37767782465078903,-0.1319466915978185,0.1757392948138511,-66.99589239510196,719.0825827619836,73.49032411598473,False,160.39999999999998,-0.0038437789020775645,-0.007079360074196108,-67.5545446042166,719.2421440145976,0.00805555555552679,208.5,-0.3815216035528666,0.12486733152362238,-0.5586522091146406,0.15956125261391207
1147715.0,-0.7863,0.3705,10.0443,-0.0196,0.0054,9.8065,0.0048,-0.1327,0.084,167.88,-82.04,150.96,53.057693,-1.758873,0.0,2,15.53,21 / 21,0.45850925927801933,-0.10152539497190505,0.18156699481384453,-66.9536649473636,719.0707924216119,73.50836808361092,False,160.50099999999986,-0.00623885079039324,-0.0114905337480531,-67.56122854056068,719.2421440145976,0.013074999999997611,208.5,-0.46474811006841255,0.09003486122385194,-0.6075635931970709,0.17135159298561575
1147814.0,0.9707,-0.5987,9.6326,-0.0073,0.0045,9.8066,-0.0029,-0.1071,0.0658,167.93,-82.07,151.22,53.057693,-1.758873,0.0,2,15.53,21 / 21,0.4479253797887913,-0.0652394376945209,0.18471519481384968,-66.90879643272973,719.0625375623949,73.52649905199752,False,160.60000000000002,-0.00715738140385103,-0.013182256689850107,-67.56122854056068,719.2421440145976,0.014999999999909681,208.5,-0.45508276119264235,0.052057181004670786,-0.652432107830947,0.17960645220261995
1147914.0,-0.382,-0.1231,9.571,-0.0102,0.0035,9.8066,-0.0008,-0.053,0.044,168.18,-82.09,151.61,53.057693,-1.758873,0.0,2,15.53,21 / 21,0.3505504846912203,-0.007475372591744977,0.1395956655917881,-66.86887263950577,719.0589018218807,73.54271459501778,False,160.69999999999993,-0.004241411202436918,-0.007811707668344478,-67.56122854056068,719.2421440145976,0.008888888889159844,208.5,-0.3547918958936572,-0.00033633507659950115,-0.6923559010549099,0.18324219271687525
1148014.0,1.1523,0.7021,9.9476,-0.0076,0.0077,9.8066,0.0296,-0.1206,0.0612,168.21,-82.01,151.6,53.057693,-1.758873,0.0,2,15.53,21 / 21,0.3195993217759837,-0.01629322471785752,0.13486066559179244,-66.83536514918244,719.0577133920152,73.55643741157695,False,160.79999999999984,-0.010073351605301609,-0.018552805711422902,-67.56122854056068,719.2421440145976,0.021111111110735943,208.5,-0.3296726733812853,-0.0022595809935653834,-0.7258633913782404,0.18443062258234022
1148114.0,-0.1762,0.4806,9.9649,-0.0035,0.0107,9.8066,0.0547,-0.0018,-0.0043,168.53,-81.97,152.06,53.057693,-1.758873,0.0,2,15.53,21 / 21,0.24200358025062382,-0.04832161132115215,0.12734756575304096,-66.80728500408107,719.0544826502132,73.5695478231442,False,160.89999999999998,-0.012856777706953855,-0.023679238868871612,-67.56791247687809,719.2421440145976,0.026944444444358204,208.5,-0.25486035795757767,0.024642372452280535,-0.7606274727970259,0.18766136438432568
1148214.0,1.0779,2.008,10.181,-0.008,0.0339,9.8065,0.0886,-0.0592,0.0371,166.85,-81.61,152.72,53.057693,-1.758873,0.0,2,15.53,21 / 21,0.22637531918309337,-0.1527630079978632,0.15397756575301677,-66.7838660591094,719.0444284192473,73.5836140797195,False,160.9999999999999,-0.0042414112023174255,-0.007811707668124397,-67.57459641323554,719.2421440145976,0.008888888888909416,208.5,-0.23061673038541078,0.1449513003297388,-0.7907303541261399,0.19771559535024608
1148314.0,0.2123,2.8021,10.1851,0.0031,0.0263,9.8065,0.0358,0.0226,-0.023,167.8,-81.1,154.0,53.057693,-1.758873,0.0,2,15.53,21 / 21,0.2163924762134977,-0.37458501840424974,0.19161756575306815,-66.76172766933954,719.0180610179272,73.60089383629483,False,161.10000000000002,-0.007157381403802057,-0.01318225668975991,-67.57459641323555,719.2421440145976,0.014999999999807048,208.5,-0.22354985761729976,0.3614027617144898,-0.8128687438960185,0.2240829966704041
1148414.0,0.1671,0.1178,10.0837,-0.0053,0.0031,9.8066,-0.0081,-0.0653,0.0228,167.87,-81.01,154.03,53.057693,-1.758873,0.0,2,15.53,21 / 21,0.19495879537425206,-0.4198121382196649,0.19073368089008266,-66.74116010576017,718.978341160096,73.62001139862697,False,161.19999999999993,-0.0009278087007809866,-0.0017088110529069507,-67.57459641323555,719.2421440145976,0.0019444444450232717,208.5,-0.19588660407503306,0.41810332716675797,-0.833436307475381,0.26380285450159136
1148514.0,0.1479,3.6848,10.0303,0.004,0.0023,9.8065,0.0167,0.0539,-0.0222,167.85,-81.06,153.86,53.057693,-1.758873,0.0,2,15.53,23 / 23,0.22025713214248094,-0.581609427543329,0.21576868089006,-66.72039930938436,718.9282700818079,73.64033651671596,False,161.29999999999984,-0.006627205003430728,-0.012205793231093977,-67.57459641323555,719.2421440145976,0.01388888888852225,208.5,-0.22688433714591166,0.5694036343122351,-0.8541971038511917,0.31387393278964737
1148614.0,0.5763,1.9218,9.9478,-0.0005,0.0118,9.8065,0.0342,-0.0087,-0.0165,173.46,-80.93,154.31,53.057693,-1.758873,0.0,2,15.53,23 / 23,0.20071502248168163,-0.7095270851145516,0.19890737875657225,-66.69935070165313,718.863713256175,73.66107031969833,False,161.39999999999998,-0.00808519010437737,-0.014891067742288058,-67.58128034957954,719.2421440145976,0.016944444444399284,208.5,-0.208800212586059,0.6946360173722635,-0.8819296479264125,0.37843075842260987
1148714.0,0.7336,-0.8222,9.9091,0.0123,-0.0087,9.8066,-0.0217,0.0138,-0.0472,171.78,-80.87,154.95,53.057693,-1.758873,0.0,2,15.53,23 / 23,0.122231792222407,-0.6337582845220656,0.1794242719430771,-66.68320336091794,718.7965489876932,73.6799869022333,False,161.4999999999999,-0.0029159702015923725,-0.005370549021833947,-67.58128034957964,719.2421440145976,0.006111111111123427,208.5,-0.1251477624239994,0.6283877355002316,-0.8980769886616997,0.44559502690435693
1148814.0,0.0054,0.5398,9.9864,-0.0012,-0.0197,9.8066,-0.0665,-0.0135,0.026,170.56,-81.04,154.6,53.057693,-1.758873,0.0,2,15.53,23 / 23,0.07350162414484188,-0.5080313848854973,0.16450413115163198,-66.67341669009957,718.7394595042227,73.69718332238806,False,161.60000000000002,-0.0053017640029903185,-0.009764634585327774,-67.58796428592372,719.2421440145976,0.0111111111113328,208.5,-0.07880338814783219,0.4982667503001695,-0.9145475958241462,0.5026845103748201
1148914.0,0.9561,3.5326,10.0024,0.0043,-0.0139,9.8065,-0.0242,-0.0385,0.0205,170.43,-81.31,154.43,53.057693,-1.758873,0.0,2,15.53,23 / 23,0.06182697809359438,-0.6894937362306622,0.18327913115161493,-66.66665025998766,718.679583248167,73.7145724855032,False,161.69999999999993,-0.012459145406461319,-0.022946891274477958,-67.58796428592372,719.2421440145976,0.02611111111044604,208.5,-0.0742861235000557,0.6665468449561843,-0.9213140259360557,0.562560766430579
1149014.0,-0.1816,-1.2373,10.2981,0.0109,-0.0021,9.8065,0.0413,-0.0102,-0.0111,170.7,-81.48,154.96,53.057693,-1.758873,0.0,2,15.53,23 / 23,0.04498832833862179,-0.7817705615254127,0.2176391311515837,-66.66130949466606,718.6060200332793,73.73461839861834,False,161.79999999999984,-0.009543175205281673,-0.017576342253404157,-67.58796428592372,719.2421440145976,0.02000000000018758,208.5,-0.054531503543903466,0.7641942192720085,-0.9266547912576613,0.636123981318292
1149114.0,1.1375,3.3105,10.0832,0.0136,0.0159,9.8066,0.0459,0.0009,-0.0348,171.26,-81.32,155.76,53.057693,-1.758873,0.0,2,15.53,23 / 23,0.015059149453134444,-0.8641882028820583,0.2560391311516361,-66.65830712077647,718.5237220950588,73.75830231173353,False,161.89999999999998,-0.00901299880491155,-0.016599878794740446,-67.59464822225442,719.2421440145976,0.01888888888890531,208.5,-0.024072148258045996,0.8475883240873179,-0.9363411014779501,0.7184219195387413
1149214.0,0.5981,-0.2449,9.7348,0.0001,0.0034,9.8066,0.0043,-0.0534,0.023,171.76,-81.13,156.57,53.057693,-1.758873,0.0,2,15.53,23 / 23,-0.03819200139422128,-0.8511165692814381,0.22633301147888282,-66.65946376337352,718.4379568564507,73.78242091886503,False,161.9999999999999,-0.010073351605479416,-0.018552805711750383,-67.59464822225452,719.2421440145976,0.021111111111108586,208.5,0.02811864978874186,0.8325637635696878,-0.9351844588809968,0.804187158146874
1149314.0,1.2978,2.911,9.8697,-0.0064,-0.0243,9.8066,-0.0684,0.0077,-0.0272,171.45,-81.39,156.21,53.057693,-1.758873,0.0,2,15.53,23 / 23,-0.10960433413632267,-0.9695805191711493,0.22589301147888227,-66.66685358015006,718.3469220020279,73.80503222001295,False,162.10000000000002,-0.010073351605445362,-0.018552805711687662,-67.59464822225462,719.2421440145976,0.021111111111037216,208.5,0.0995309825308773,0.9510277134594616,-0.9277946421045584,0.8952220125696613
1149414.0,0.4286,2.2612,9.3629,-0.0072,0.0014,9.8066,-0.0549,-0.0151,-0.0069,170.79,-81.49,155.24,53.057693,-1.758873,0.0,2,15.53,23 / 23,-0.13001140209593776,-1.0292564373842001,0.17582930975706468,-66.67883436696167,718.2469801542002,73.82511833607472,False,162.19999999999993,-0.007687557804288347,-0.014158720148637576,-67.6013321585983,719.2421440145976,0.016111111111332774,208.5,0.12232384429164941,1.0150977172355626,-0.9224977916366299,0.9951638603973834
1149514.0,0.0607,2.0232,9.5461,-0.0062,0.008,9.8065,-0.0364,-0.0245,0.0,170.48,-81.58,154.69,53.057693,-1.758873,0.0,2,15.53,23 / 23,-0.09972659992762498,-1.034651048796936,0.1195221632935322,-66.69032126706283,718.1437847798912,73.83988590972724,False,162.29999999999984,-0.002385793801460781,-0.0043940855636095556,-67.6013321585986,719.2421440145976,0.00500000000034106,208.5,0.09734080612616419,1.0302569632333265,-0.9110108915357671,1.0983592347063222
1149614.0,0.5071,2.4634,10.9472,0.0004,-0.008,9.8065,0.029,-0.044,-0.0563,173.34,-81.51,154.28,53.057693,-1.758873,0.0,2,15.53,23 / 23,-0.09427487082539807,-1.2329379594428607,0.16352216329359226,-66.70002134060049,718.0304053294791,73.85403812605662,False,162.39999999999998,-0.007157381403823605,-0.013182256689799596,-67.60801609492928,719.2421440145976,0.014999999999852206,208.5,0.08711748942157446,1.219755702753061,-0.9079947543287972,1.211738685118462
1149714.0,2.1004,0.2998,10.2534,0.0134,-0.0343,9.8065,-0.0606,0.0384,-0.1068,172.73,-81.6,153.36,53.057693,-1.758873,0.0,2,15.53,23 / 23,-0.204304123567044,-1.3591638274000066,0.24288716329352011,-66.71495029032009,717.9008002401371,73.87435859238596,False,162.4999999999999,-0.012856777706988513,-0.023679238868935443,-67.60801609492938,719.2421440145976,0.026944444444430837,208.5,0.1914473458600555,1.335484588531071,-0.893065804609293,1.3413437744604835
1149815.0,1.1351,1.7119,10.2098,-0.0173,-0.0093,9.8066,-0.1363,0.0623,-0.0036,171.75,-82.03,152.07,53.057693,-1.758873,0.0,2,15.53,23 / 23,-0.34913169605124705,-1.4538605280252819,0.285807113293568,-66.74289879921085,717.758742510188,73.90105765335363,False,162.601,-0.008946726754775137,-0.01647782086224145,-67.60808293429292,719.2421440145976,0.018749999999806102,208.5,0.3401849692964719,1.4373827071630405,-0.8651841350820746,1.483401504409585
1149914.0,1.3184,1.7553,9.1623,-0.0002,-0.0054,9.8066,-0.1164,-0.0336,0.0337,169.57,-82.34,150.7,53.057693,-1.758873,0.0,2,15.53,23 / 23,-0.4390335430671551,-1.616009025638422,0.2738677132935762,-66.78191297854718,717.6067839672817,73.92876155726968,False,162.69999999999993,-0.0023857938015918777,-0.004394085563851005,-67.61470003127317,719.2421440145976,0.0050000000006158035,208.5,0.4366477492655632,1.6116149400745712,-0.8327870527259904,1.635360047315885
1150015.0,-0.704,2.6009,10.4876,0.0136,-0.0226,9.8065,0.0018,0.0719,-0.086,165.97,-82.57,150.11,53.057693,-1.758873,0.0,2,15.53,23 / 23,-0.42148758015123616,-1.8064009702437867,0.2757160132935783,-66.82536929526977,717.4339522624895,73.95651553546236,False,162.80100000000004,-0.010399410091862096,-0.01915333073911414,-67.61476687063686,719.2421440145976,0.021794444444872132,208.5,0.4110881700593741,1.7872476395046726,-0.7893975753670901,1.8081917521080868
1150115.0,0.8764,1.3886,9.5849,0.016,-0.0326,9.8065,0.0078,-0.1046,0.0109,168.86,-82.69,149.9,53.057693,-1.758873,0.0,2,15.53,23 / 23,-0.3849225251693917,-1.9732391342055224,0.2986760132935575,-66.86568980053576,717.2449702572671,73.98523513679169,False,162.90099999999995,-0.0033374604397803393,-0.00614683747127585,-67.62138396763083,719.2421440145976,0.0069944444443700935,208.5,0.38158506472961135,1.9670922967342466,-0.7556941670950721,1.9971737573304154
1150215.0,0.2269,0.6476,9.1532,0.0069,-0.0228,9.8065,-0.0739,-0.0143,0.0304,169.07,-83.1,150.46,53.057693,-1.758873,0.0,2,15.53,23 / 23,-0.4182929760169307,-2.0564029755002595,0.2549160132935973,-66.90585057559504,717.0434881517821,74.01291473812103,False,163.00099999999986,-0.0057046980671031115,-0.010506746813601853,-67.62138396763083,719.2421440145976,0.01195555555555419,208.5,0.4125882779498276,2.0458962286866575,-0.7155333920357947,2.1986558628154853
1150315.0,1.6218,1.0451,10.2785,0.0108,-0.0051,9.8066,-0.0026,-0.0725,0.0558,169.07,-83.35,150.63,53.057693,-1.758873,0.0,2,15.53,23 / 23,-0.49174423359009384,-2.129663412807173,0.24583601329358495,-66.95135243607545,716.8341848323664,74.03795233945041,False,163.101,-0.00622029461637133,-0.011456357526983376,-67.6214508069941,719.2420328196731,0.013036111111083964,208.5,0.4855239389737225,2.1182070552801897,-0.6700983709186517,2.4078479873066954
1150415.0,0.2241,0.8112,9.8659,-0.0013,-0.0017,9.8066,-0.006,0.0023,-0.0742,172.4,-83.41,150.99,53.057693,-1.758873,0.0,2,15.53,23 / 23,-0.48037271527465103,-1.879116615514443,0.23153236129952667,-66.99995828351865,716.6337458309505,74.06182075818005,False,163.2009999999999,-0.005535041617975032,-0.010194278504969942,-67.62806790394835,719.2311357170958,0.011599999997827924,208.5,0.474837673656676,1.868922337009473,-0.6281096204296972,2.5973898861452653
1150515.0,0.2295,1.6473,9.4461,0.0092,-0.0026,9.8066,0.0273,-0.058,-0.0609,168.53,-83.38,149.89,53.057693,-1.758873,0.0,2,15.53,23 / 23,-0.4790580477459924,-1.9764927386415085,0.21646736129950614,-67.04792982166975,716.4409653632424,74.08422074431003,False,163.30100000000004,-0.029438257111789913,-0.05101996011421592,-67.62800106458536,719.2422552095286,0.06101111110822816,209.5868199969012,0.4496197906342025,1.9254727785272927,-0.5800712429156079,2.8012898462861813
1150614.0,1.4334,1.3901,10.4022,-0.0063,-0.0029,9.8066,-0.0079,-0.0777,0.0783,171.59,-83.36,149.85,53.057693,-1.758873,0.0,2,15.53,23 / 23,-0.5323889808068135,-2.1100550965332183,0.2280998612994983,-67.09799644958308,716.2386812454014,74.10622682182867,False,163.39999999999998,-0.10950267546631301,0.11817763827525637,-67.62138396763093,719.2532635077303,0.16111111110961673,317.18199999839374,0.42288630534050053,2.2282327348084747,-0.5233875180478549,3.0145822623288723
1150714.0,-0.4,0.2393,10.2037,0.0083,-0.0091,9.8066,-0.0067,-0.1023,0.0593,171.93,-83.47,150.36,53.057693,-1.758873,0.0,2,15.53,23 / 23,-0.5690989104449542,-2.1710572693610275,0.2777298612994532,-67.15307084414562,716.0246256271068,74.1315183079586,False,163.4999999999999,0.03725480822079201,0.32984722745809414,-67.61470003127349,719.2866219842995,0.3319444444442502,6.444000000353299,0.6063537186657462,2.5009044968191216,-0.46162918712786905,3.261996357192629
1150814.0,0.6571,0.4836,10.2133,0.0018,0.0119,9.8066,-0.0083,-0.12,0.1019,172.97,-83.58,151.85,53.057693,-1.758873,0.0,2,15.53,23 / 23,-0.5743954722263414,-2.1808726029646306,0.3179148612995081,-67.21024556327926,715.8070291334902,74.16130054408859,False,163.60000000000002,0.12690632553032877,0.43376095422212835,-67.6013321585982,719.3310999554171,0.4519444444479052,16.30800000006197,0.7013017977566701,2.614633557186759,-0.39108659531893863,3.524070821926898
1150915.0,0.4604,1.3949,10.6129,0.0126,0.0079,9.8066,0.0382,-0.0799,0.053,176.53,-83.51,155.13,53.057693,-1.758873,0.0,2,15.53,23 / 23,-0.6192852875584662,-2.253527983979413,0.3791663112994386,-67.27052644164833,715.5830919038498,74.1965031433048,False,163.7009999999999,0.24037425197109075,0.6442748651500143,-67.57439589514625,719.3987064708092,0.687669444437521,20.467640000148215,0.859659539529557,2.8978028491294276,-0.30386945349792427,3.8156145669594252
1151015.0,1.37,1.3463,9.9879,-0.0062,0.0222,9.8065,0.035,-0.1114,0.0173,179.03,-83.35,156.04,53.057693,-1.758873,0.0,2,15.53,23 / 23,-0.7000047037582463,-2.3661502888076424,0.428541311299506,-67.33649094121425,715.3521079902101,74.2368885244348,False,163.80100000000004,0.24924898427996584,0.8062878863934361,-67.55421040740035,719.4877736086538,0.8439361111054324,17.175559999969888,0.9492536880382121,3.1724381752010786,-0.2177194661860966,4.1356656184436815
1151114.0,-0.3263,0.9516,10.1961,-0.004,0.0374,9.8066,0.085,-0.0338,-0.0209,177.17,-83.07,155.92,53.057693,-1.758873,0.0,2,15.53,23 / 23,-0.7427412839533107,-2.453622710697369,0.4567909612994868,-67.40790686760593,715.1135292267348,74.28071247192842,False,163.89999999999998,0.32553782933013214,0.9889072086641418,-67.5211249224967,719.5868482875669,1.0411111111081675,18.220999999984393,1.0682791132834428,3.442529919361511,-0.11321805489076553,4.473319060832068
1151214.0,0.5569,0.7332,9.3268,-0.0104,0.027,9.8065,-0.0195,-0.0992,0.1203,178.41,-82.54,155.78,53.057693,-1.758873,0.0,2,15.53,23 / 23,-0.7455208238605279,-2.510900678474802,0.45227096129949096,-67.48231997299655,714.8653030572765,74.32616556805833,False,163.9999999999999,0.38475182415604825,1.1913567583991376,-67.48770524078913,719.709162707078,1.2519444444442045,17.898000000000366,1.1302726480165761,3.7022574368739396,-0.005385267792576087,4.843859649801516
1151315.0,0.659,0.9161,10.2649,0.014,0.0093,9.8066,-0.0158,0.0653,-0.0444,178.06,-82.54,157.14,53.057693,-1.758873,0.0,2,15.53,23 / 23,-0.7986423299700124,-2.568972611673361,0.45118016129948985,-67.56030021226508,714.6087694561237,74.37178984974963,False,164.101,0.45553754279954833,1.3603793395607282,-67.44044981086262,719.8441533479834,1.434625000002191,18.513020000008407,1.2541798727695608,3.9293519512340893,0.11985040140245928,5.235383891859669
1151415.0,0.944,-0.0408,10.4388,0.0058,-0.0061,9.8066,0.0578,-0.0449,0.0988,180.16,-82.47,158.44,53.057693,-1.758873,0.0,2,15.53,23 / 23,-0.8712070625888596,-2.5869723096649953,0.5057001612994404,-67.64379268189295,714.350972210057,74.41963386587953,False,164.2009999999999,0.5211473593000122,1.5043894341112285,-67.39352857775695,719.9999374396913,1.59209999999067,19.107230000007867,1.392354421888872,4.091361743776224,0.25026410413599365,5.648965229634314
1151515.0,1.5706,0.3372,10.6544,0.014,-0.0045,9.8065,-0.047,-0.0262,-0.0779,183.84,-82.56,161.18,53.05777,-1.758826,4.98,2,22.95,23 / 23,-0.9905370106386298,-2.569986936680156,0.5796951612995415,-67.73687988555444,714.0931242477394,74.47390363200955,False,164.30100000000004,0.5846487396473521,1.703758186924412,-67.3333063113093,720.1669522194679,1.8012805555519045,18.93926999997927,1.5751857502859818,4.273745123604568,0.4035735742451436,6.0738279717285195
1151615.0,0.1224,0.5747,9.5905,-0.0031,0.0012,9.8066,-0.0227,-0.0434,-0.0216,183.43,-82.59,160.56,53.05777,-1.758826,4.98,2,22.95,23 / 23,-0.9092852458023974,-2.1961431072977264,0.5195838871045859,-67.8318709983764,713.8548177455407,74.5288675844297,False,164.40099999999995,0.6495659069999425,1.8171427144580619,-67.26640010851793,720.3559835949407,1.9297555555530275,19.66931999998465,1.5588511528023399,4.0132858217557885,0.5654708898584744,6.5011658493999676
1151714.0,0.2498,1.3121,9.7779,-0.0011,0.0109,9.8066,-0.008,0.0004,-0.0145,183.41,-82.54,160.56,53.05777,-1.758826,4.98,2,22.95,23 / 23,-0.7865212536768449,-1.9229872179967344,0.43134213653890513,-67.91581342010056,713.6509207944388,74.57593842260003,False,164.4999999999999,0.7413015639772548,1.9627300133848244,-67.1936120417825,720.5431246559656,2.098055555555362,20.690999999998827,1.5278228176540996,3.885717231381559,0.7222013783180614,6.892203861526809
1151814.0,0.8599,1.2342,10.024,0.002,-0.0017,9.8066,0.0076,-0.0928,0.049,182.79,-82.53,159.66,53.05777,-1.758826,4.98,2,22.95,23 / 23,-0.8409832278664433,-2.0210334264336396,0.44077213653891806,-67.99718864417784,713.453719762217,74.61954413625398,False,164.60000000000002,0.8452114111188985,2.182021464268479,-67.11340480567874,720.7655145094305,2.3400000000029846,21.173999999990613,1.686194638985342,4.203054890702118,0.8837838384990988,7.311794747213526
1151914.0,1.9441,-0.5502,10.2776,0.0205,-0.0122,9.8066,0.0315,0.2908,-0.1319,183.78,-82.62,161.07,53.05777,-1.758826,4.98,2,22.95,23 / 23,-0.974170496538002,-2.0205013499819686,0.4751871365388868,-68.08794633039798,713.2516430233965,74.66534209990783,False,164.69999999999993,0.891828174804744,2.380362171019541,-67.0265136332374,721.0101433484356,2.5419444444354906,20.539000000028157,1.865998671342746,4.40086352100151,1.0614326971605834,7.758500325039108
1152014.0,0.4032,0.2495,9.8087,-0.0163,0.0032,9.8066,-0.1117,0.2459,-0.0303,184.17,-82.7,161.67,53.05777,-1.758826,4.98,2,22.95,23 / 23,-1.0821083195889778,-1.971497942980435,0.4988371365388653,-68.19076027120424,713.0520430587485,74.71404331356167,False,164.79999999999984,0.9791451436922245,2.5483670825751146,-66.93293852440601,721.2658916798835,2.7299999999942277,21.017999999985296,2.0612534632812025,4.51986502555555,1.2578217467982284,8.213848621134957
1152114.0,2.6121,0.8458,10.3128,-0.0091,-0.004,9.8066,-0.0358,0.0695,-0.0134,185.44,-82.66,163.48,53.05777,-1.758826,4.98,2,22.95,23 / 23,-1.2285151769362606,-1.9861945045030158,0.5242471365389,-68.30629144603066,712.8541584363741,74.76519752721563,False,164.89999999999998,1.1099604851806673,2.7365169167237964,-66.81931160662188,721.5327595037577,2.9530555555522584,22.077999999984335,2.338475662116928,4.722711421226812,1.4869798394087752,8.678601067383624
1152214.0,-0.7897,1.4169,9.8194,-0.0151,0.0125,9.8066,0.0773,0.2854,-0.151,184.13,-82.55,164.49,53.05777,-1.758826,4.98,2,22.95,23 / 23,-1.319637150626602,-2.0634168640185724,0.5501921365388764,-68.43369906240868,712.6516778679481,74.81891949086948,False,164.9999999999999,1.2099111903497235,2.9321232017271908,-66.69900075248005,721.8329858049083,3.171944444444196,22.422999999999607,2.5295483409763255,4.995540065745763,1.734698309928632,9.181307936960138
1152314.0,1.8763,0.2226,10.2556,-0.0412,0.0271,9.8064,0.0466,-0.0262,-0.0256,185.17,-82.44,163.15,53.05777,-1.758826,4.98,2,22.95,23 / 23,-1.3712304829753084,-2.1135315539668196,0.573277136538908,-68.56824244408895,712.4428304470486,74.87509295452344,False,165.10000000000002,1.2722282469287172,3.107727851974211,-66.57200596199365,722.1443316006079,3.3580555555588356,22.262999999997177,2.6434587299040255,5.22125940594103,1.9962364820952985,9.70150115355932
1152414.0,-0.7194,1.3434,10.5042,-0.012,0.0075,9.8066,-0.004,0.184,-0.1047,186.92,-82.58,165.67,53.05777,-1.758826,4.98,2,22.95,23 / 23,-1.4288586949142992,-2.1613741096128507,0.6306021365388559,-68.7082469029833,712.2290851638697,74.93528691817727,False,165.19999999999993,1.345261722712569,3.3176303135421743,-66.44501117150348,722.4779163804262,3.5799999999901595,22.07200000000847,2.774120417626868,5.4790044231550254,2.263235731479824,10.248831216556482
1152514.0,-2.1751,0.26,11.1991,0.0034,-0.027,9.8066,-0.0708,-0.2014,0.1791,183.59,-82.76,165.28,53.05777,-1.758826,4.98,2,22.95,23 / 23,-1.2846823969729417,-2.2262536764803524,0.7351021365387609,-68.84392395757754,712.0097037745653,75.00357213183109,False,165.29999999999984,1.3995907127946683,3.4865136447832916,-66.30464850834291,722.8337401458265,3.7569444444390134,21.87200000000614,2.6842731097676102,5.7127673212636445,2.539275449234637,10.824036371261172
1152614.0,1.501,0.4785,10.9462,0.0152,-0.0069,9.8066,-0.0135,-0.2432,0.0901,187.13,-82.6,165.97,53.05777,-1.758826,4.98,2,22.95,23 / 23,-1.2455134461345547,-2.2345611277649726,0.8617021365389336,-68.97043374973309,711.7866630343527,75.08341234548509,False,165.39999999999998,1.517202732269245,3.6469981997763807,-66.15091797248017,723.1895639105211,3.949999999997147,22.587999999989417,2.7627161784037995,5.881559327541353,2.819515777252917,11.40290087616836
1152714.0,-1.6138,1.5393,9.2543,0.0441,0.0133,9.8065,-0.161,0.0437,0.1478,187.94,-82.31,167.28,53.05777,-1.758826,4.98,2,22.95,23 / 23,-1.2438061894008494,-2.310801742366995,0.8910621365389069,-69.09489973150974,711.5593948908463,75.1710505591389,False,165.4999999999999,1.5864007513187441,3.75352602977709,-65.99718743663065,723.5676266614805,4.074999999999858,22.910999999999635,2.8302069407195933,6.064327772144085,3.097712294879088,12.008231770634211
1152814.0,-1.2913,1.8105,9.0266,0.0014,-0.0066,9.8066,0.1209,-0.0711,-0.1076,188.07,-82.17,167.55,53.05777,-1.758826,4.98,2,22.95,23 / 23,-1.113232656460049,-2.4713911618854976,0.824442136538816,-69.21275167380294,711.3202852456334,75.25682577279291,False,165.60000000000002,1.7342929080271197,3.8690862111343574,-65.82340509173497,723.9568089041599,4.240000000002733,24.143999999997337,2.8475255644871686,6.340477373019855,3.3893465820679722,12.636523658526471
1152914.0,-0.6849,1.2698,11.0215,-0.0049,-0.0027,9.8066,0.0183,0.1801,-0.0641,190.95,-82.36,169.04,53.05777,-1.758826,4.98,2,22.95,23 / 23,-1.0297202337323972,-2.613727447878,0.8461821365387963,-69.31989931831247,711.0660293151454,75.34035698644671,False,165.69999999999993,1.7972693513934441,4.043568705793088,-65.64962274687886,724.3682301330741,4.4249999999917975,23.964000000007978,2.8269895851258413,6.657296153671087,3.670276571433604,13.302200817928679
1153014.0,0.9109,0.1702,9.5314,-0.0054,-0.0218,9.8066,-0.1362,0.0207,0.029,189.97,-82.61,170.1,53.05777,-1.758826,4.98,2,22.95,23 / 23,-1.0433364784088641,-2.658041960765543,0.8931621365387535,-69.42355215391943,710.8024408447135,75.4273242001005,False,165.79999999999984,1.8445030230910628,4.224915217818643,-65.4624725292958,724.7907708544433,4.609999999994321,23.585000000011636,2.887839501499927,6.882957178584187,3.961079624623636,13.988330009729793
1153114.0,-0.8722,-0.2636,10.0793,0.0117,-0.0005,9.8066,0.0855,-0.2094,0.0642,190.18,-82.77,170.3,53.05777,-1.758826,4.98,2,22.95,23 / 23,-1.0334292458880163,-2.628177418155528,0.8930321365387534,-69.52739044013441,710.538129875767,75.5166339137545,False,165.89999999999998,1.8832913790246515,4.313761651362342,-65.28200624809557,725.2244310689466,4.706944444443012,23.585,2.916720624912668,6.94193906951787,4.245384192038841,14.686301193179588
1153214.0,-1.7155,0.4994,9.4902,0.054,0.0265,9.8065,0.0548,-0.1156,0.0739,190.01,-82.56,170.18,53.05777,-1.758826,4.98,2,22.95,23 / 23,-0.8970536885885597,-2.637319838362275,0.8908421365387554,-69.62391458685815,710.2748550129414,75.6058276274083,False,165.9999999999999,1.9362870966298467,4.431564391773596,-65.08817209415466,725.6692107751675,4.836111111110965,23.601999999999983,2.8333407852184065,7.06888423013587,4.535742492703491,15.394355762226041
1153314.0,-2.2236,0.9543,8.729,0.0331,0.0104,9.8065,-0.1527,-0.0387,0.0808,186.45,-82.32,170.96,53.05777,-1.758826,4.98,2,22.95,23 / 23,-0.7016422336221679,-2.711297347240074,0.8211371365386604,-69.7038493829688,710.007424153661,75.6914265910623,False,166.10000000000002,2.0283508305087827,4.546991035431141,-64.88765400392177,726.125109973815,4.978888888890473,24.041000000018638,2.7299930641309507,7.258288382671215,4.816195379047031,16.117685820154065
1153415.0,0.1538,-0.3764,10.5415,0.0009,-0.0199,9.8066,0.091,0.058,-0.0436,190.92,-82.32,171.67,53.05777,-1.758826,4.98,2,22.95,23 / 23,-0.5890316548087298,-2.726074444271793,0.8038257365386801,-69.76902841433449,709.7328368781899,75.7734872161526,False,166.2009999999999,2.1746090997392646,4.5981287233795785,-64.664811566304,726.585568164429,5.086430555554135,25.310979999960104,2.7636407545479944,7.324203167651371,5.1042168480304895,16.852731286239077
1153515.0,-1.5062,0.6232,9.3002,-0.0264,0.0196,9.8065,-0.14,0.4026,-0.1887,186.96,-82.5,170.33,53.05777,-1.758826,4.98,2,22.95,23 / 23,-0.5115586188658456,-2.7209011415685773,0.8152457365386957,-69.82405792801829,709.4604880988975,75.85444078980659,False,166.30100000000004,2.258765359570087,4.593999077839846,-64.43775824877125,727.0418009492632,5.119286111107602,26.182710000049298,2.7703239784359326,7.314900219408424,5.3862996792470454,17.581312850365748
1153615.0,-4.3568,1.9598,10.5805,-0.0655,0.0098,9.8064,0.1123,0.3192,-0.2568,186.17,-82.54,169.14,53.05777,-1.758826,4.98,2,22.95,23 / 23,-0.22510551968807374,-2.8560721206392903,0.8286157365386836,-69.86089113494596,709.1816394357874,75.93663386346039,False,166.40099999999995,2.170861591822069,4.7711092031802735,-64.23048938283134,727.5309474316701,5.241769444443465,24.465670000007925,2.3959671115101426,7.627181323819563,5.630401752114622,18.349307995882782
1153715.0,1.1485,-1.3699,9.5304,-0.0256,0.0058,9.8065,0.0725,0.2645,-0.0828,184.78,-82.6,167.13,53.05777,-1.758826,4.98,2,22.95,23 / 23,-0.061640627950330845,-2.8779715271975586,0.8534957365386611,-69.87522844232787,708.8949372533958,76.02073943711417,False,166.50099999999986,2.1540744618133276,4.850869347839898,-64.0165365805211,728.0091968108068,5.307636111111027,23.943989999999264,2.2157150897636586,7.728840875037456,5.858691861806761,19.114259557410946
1153814.0,-6.3652,0.9206,9.4603,0.0104,0.0204,9.8065,-0.0034,0.7016,-0.2235,182.67,-82.41,168.75,53.05777,-1.758826,4.98,2,22.95,23 / 23,0.20802859011372768,-2.839966618486535,0.8226770365386114,-69.86798223820077,708.611899315184,76.10370998938163,False,166.60000000000002,2.232595634386498,4.89061217153243,-63.79817238024844,728.493561911373,5.376111111112083,24.537000000000546,2.02456704427277,7.730578790018965,6.069809857952329,19.881662596189017
1153914.0,2.0435,0.2875,9.9336,-0.0807,0.0178,9.8063,0.054,-0.1908,0.1994,184.62,-82.35,166.9,53.05777,-1.758826,4.98,2,22.95,23 / 23,0.42890212819098544,-2.880706251357528,0.8117070365386214,-69.83613570228556,708.3258656716921,76.18542919303542,False,166.69999999999993,2.263131374801803,4.949039878276965,-63.570918544656145,728.9939390811005,5.441944444441526,24.57399999999836,1.8342292466108174,7.8297461296344935,6.265217157629415,20.668073409408407
1154014.0,1.6768,0.8178,10.2852,0.0556,0.0025,9.8065,-0.0237,0.4615,-0.0997,181.92,-82.2,167.68,53.05777,-1.758826,4.98,2,22.95,23 / 23,0.2486700204047855,-2.8986492778336967,0.8419820365385939,-69.8022570948558,708.0368978952328,76.2681136466892,False,166.79999999999984,2.3880140319951333,5.039811337676015,-63.330296836359565,729.494316252279,5.576944444440301,25.352999999976088,2.1393440115903477,7.938460615509712,6.471960258496239,21.45741835704621
1154114.0,5.1832,-0.1457,10.0342,-0.0391,0.0047,9.8065,0.0785,-0.4304,0.3645,182.99,-82.2,169.27,53.05777,-1.758826,4.98,2,22.95,23 / 23,-0.08736029925412273,-2.889584259153997,0.8772870365386422,-69.79419160879826,707.747486218383,76.35407710034318,False,166.89999999999998,2.3864876025354365,5.133503280925827,-63.089675128035275,730.005812913762,5.661111111109866,24.93300000000621,2.473847901789559,8.023087540079825,6.704516480762983,22.258326695379083
1154214.0,-0.3051,0.0181,9.8017,0.0659,-0.0432,9.8063,-0.122,0.2185,0.0468,184.33,-82.3,171.27,53.05777,-1.758826,4.98,2,22.95,23 / 23,-0.32253274386326825,-2.8446808095665714,0.8884170365386321,-69.8146862609541,707.4607729649472,76.44236230399696,False,166.9999999999999,2.4094763318174284,5.272474627571492,-62.85573735609546,730.5395485622171,5.79694444444429,24.56000000000042,2.7320090756806965,8.117155437138063,6.958948904858644,23.078775597269896
1154314.0,-5.7652,1.1019,10.4863,-0.031,-0.0113,9.8066,-0.0177,-0.4695,0.4847,183.25,-82.61,170.68,53.05777,-1.758826,4.98,2,22.95,23 / 23,-0.014545558982032691,-2.891937156433303,0.9221520365386783,-69.8315401760964,707.1739420666468,76.53289075765095,False,167.10000000000002,2.401190926041364,5.44062775440588,-62.61511564778438,731.0844037023921,5.946944444444978,23.814000000006487,2.415736485023397,8.332564910839183,7.216424528312018,23.910461635745378
1154414.0,3.0367,-1.4751,10.7359,0.052,0.0035,9.8065,0.124,-0.0958,-0.0181,182.08,-82.66,173.56,53.05777,-1.758826,4.98,2,22.95,23 / 23,0.12872547868192719,-2.857766896847691,1.0025970365386052,-69.82583118011141,706.886456863983,76.62912821130472,False,167.19999999999993,2.4576393390996163,5.454994285950716,-62.36781000314773,731.6292588425263,5.983055555553954,24.252999999980535,2.328913860417689,8.312761182798408,7.458021176963676,24.742801978543298
1154514.0,1.5838,0.7721,10.4514,0.0377,0.0367,9.8064,0.2452,-0.3575,0.3268,185.36,-82.39,173.85,53.05777,-1.758826,4.98,2,22.95,23 / 23,-0.09464626830945072,-2.783441562843116,1.0812970365385337,-69.82412721959278,706.6043964409987,76.73332291495848,False,167.29999999999984,2.5388722384524103,5.59172365516827,-62.12050435853296,732.1852334758324,6.14111111110626,24.419999999994875,2.633518506761861,8.375165218011386,7.70362286105982,25.580837034833735
1154614.0,1.1217,0.0784,8.8193,0.0545,0.0206,9.8064,0.014,-0.1351,0.1133,182.18,-81.88,173.08,53.05777,-1.758826,4.98,2,22.95,23 / 23,-0.2251304907892938,-2.79012367850081,1.0641670365385103,-69.84011605754775,706.3257181789311,76.84059611861248,False,167.39999999999998,2.5706079658350416,5.693530502064708,-61.866514777547074,732.7634470946984,6.246944444442881,24.299000000001787,2.7957384566243353,8.483654180565518,7.973601280000672,26.437728915767366
1154714.0,-4.2096,2.2526,10.102,0.0316,-0.0237,9.8066,-0.0946,-0.2413,0.2643,183.3,-81.74,174.86,53.05777,-1.758826,4.98,2,22.95,23 / 23,-0.06998583258236013,-2.8901749945521726,1.0295670365385419,-69.85487187371632,706.0417032452787,76.94528282226624,False,167.4999999999999,2.6021977681547868,5.804506985378675,-61.60584126024407,733.3416607128564,6.361111111110981,24.147000000000173,2.6721836007371467,8.694681979930847,8.24903061347225,27.29995746757777
1154814.0,1.5988,-0.3613,11.1469,0.0348,-0.0367,9.8065,-0.0594,-0.4703,0.1655,181.49,-82.0,172.77,53.05777,-1.758826,4.98,2,22.95,23 / 23,0.06175008037484711,-2.968261231402558,1.1113470365386535,-69.8552836613267,705.7487814339805,77.05232852592025,False,167.60000000000002,2.6331744753447945,5.924221596025917,-61.3451677429005,733.942113317989,6.483055555556129,23.96400000000127,2.5714243949699473,8.892482827428475,8.510115918426195,28.193331884008444
1154914.0,-5.4116,-1.5905,8.4041,0.0473,-0.0051,9.8065,-0.0025,0.1091,-0.002,179.65,-82.47,174.72,53.05777,-1.758826,4.98,2,22.95,23 / 23,0.25908505505203183,-2.8403853792429,1.1082320365386564,-69.83924190455537,705.4583491034485,77.16330747957402,False,167.69999999999993,2.6579121956777896,5.9557755243515125,-61.0844942255765,734.5314464285296,6.52194444444272,24.04999999999619,2.398827140625758,8.796160903594412,8.754747678978866,29.073097325081108
1155014.0,-0.9755,-0.2057,10.6177,0.0054,0.0252,9.8066,0.1529,-0.2352,0.1122,177.19,-82.32,171.08,53.05777,-1.758826,4.98,2,22.95,23 / 23,0.5830736276394279,-2.71975374738262,1.0786570365386834,-69.79713397042083,705.1803421471175,77.27265193322778,False,167.79999999999984,2.6844943420183798,6.04792889413367,-60.81713677192951,735.143018524671,6.616944444441529,23.93500000000353,2.1014207143789516,8.76768264151629,8.979997198491318,29.96267637755352
1155114.0,-2.1702,1.2406,9.3285,0.0168,0.0512,9.8064,0.0988,0.1495,-0.0189,177.16,-81.93,170.96,53.05777,-1.758826,4.98,2,22.95,23 / 23,0.7478408853143623,-2.7367525167854785,1.095302036538706,-69.73058824477305,704.9075168339087,77.3813498868818,False,167.89999999999998,2.659799556491268,6.189659664860074,-60.55646325455916,735.7545906208146,6.7369444444426705,23.254000000010066,1.9119586711769059,8.926412181645553,9.174124990213883,30.847073786905867
1155214.0,0.9395,0.2361,9.4742,0.0035,0.0081,9.8066,0.024,-0.0073,-0.0004,177.1,-81.57,170.21,53.05777,-1.758826,4.98,2,22.95,23 / 23,0.6953486793921954,-2.363490923131046,0.8965562310579315,-69.65842876653778,704.6525046619131,77.48094280026153,False,167.9999999999999,2.6457011465307283,6.287115573406309,-60.29578973725606,736.3884017032226,6.821111111111016,22.82200000000049,1.9503524671385328,8.650606496537355,9.362639029281723,31.7358970413095
1155314.0,-0.2145,1.7945,9.7773,-0.0092,0.0067,9.8066,-0.1145,0.3455,-0.2304,173.0,-81.4,168.89,53.05777,-1.758826,4.98,2,22.95,23 / 23,0.6747117236531079,-2.438338204666116,0.8784662310579069,-69.58992574638542,704.412413205523,77.56969392336744,False,168.10000000000002,2.703615143435636,6.35913242165868,-60.021748347250906,737.0222127856324,6.91000000000037,23.03299999999431,2.028903419782528,8.797470626324795,9.568177399134512,32.60979958010944
1155414.0,1.0223,0.0653,9.4031,-0.062,-0.0314,9.8064,-0.0452,0.1676,-0.0789,168.65,-81.79,167.49,53.05777,-1.758826,4.98,2,22.95,23 / 23,0.6489140295600723,-2.5120533064288515,0.8568212310579266,-69.52374445872482,704.1648936299684,77.65645829647315,False,168.19999999999993,2.670450841528378,6.400227910236081,-59.761074829940185,737.667143359712,6.934999999998892,22.648000000017074,2.0215368119683057,8.912281216664933,9.762669628784636,33.50224972974354
1155515.0,0.0762,-0.334,9.6092,-0.0293,-0.0311,9.8065,0.0278,0.2282,-0.153,164.29,-82.19,161.68,53.05777,-1.758826,4.98,2,22.95,22 / 23,0.5906918854057217,-2.4826029187542167,0.8264707310578928,-69.46114436001898,703.9126634905964,77.74146454056009,False,168.30100000000004,2.681055154676296,6.3941054917016915,-59.491110641106,738.3074037471698,6.933444444443335,22.7483700000075,2.0903632692705743,8.876708410455908,9.97003371891298,34.394740256573414
1155614.0,-2.8314,0.6141,9.4597,-0.008,-0.0001,9.8066,-0.0269,0.347,-0.1193,164.11,-82.16,161.41,53.05777,-1.758826,4.98,2,22.95,22 / 23,0.7246480857775762,-2.4314720576670372,0.7995229310579112,-69.39603503144545,703.6694167792638,77.82195122683477,False,168.39999999999998,2.6666985222766764,6.441795427340045,-59.233043858962716,738.9458850169557,6.97194444444387,22.48800000000389,1.9420504364991,8.873267485007082,10.162991172482734,35.276468237691915
1155714.0,0.2953,0.7133,10.1873,-0.0116,0.004,9.8066,-0.0258,0.0416,-0.0993,164.98,-82.07,162.36,53.05777,-1.758826,4.98,2,22.95,22 / 23,0.8632940059344674,-2.433137038329785,0.8012079310579097,-69.31663792685993,703.4261863244642,77.90198776994049,False,168.4999999999999,2.5446018157462027,6.596203574731416,-58.98573821433446,739.6130545759331,7.069999999999888,21.095000000001583,1.6813078098117353,9.029340613061201,10.330899712525465,36.18686825146892
1155815.0,-2.5181,1.5712,10.0971,-0.0012,0.0174,9.8066,0.0105,0.3313,-0.051,165.13,-81.97,162.5,53.05777,-1.758826,4.98,2,22.95,22 / 23,1.0008272267155858,-2.4881867279939565,0.8350984810579476,-69.22249980461099,703.1776594742646,77.98462124375243,False,168.601,2.643099757379315,6.59657377397754,-58.71577402547418,740.2757763387906,7.106388888889277,21.834870000001214,1.6422725306637294,9.084760501971497,10.506725779136808,37.09811686452599
1155915.0,-1.297,-0.6874,9.0407,-0.0235,-0.0048,9.8066,0.0529,0.034,-0.1261,161.64,-81.9,162.03,53.05777,-1.758826,4.98,2,22.95,22 / 23,1.191942109983426,-2.4514146244984496,0.8113234810579693,-69.11286133777614,702.9306794066403,78.06694234185815,False,168.7009999999999,2.6621312815607614,6.619069773733655,-58.45523418692862,740.9429458984347,7.134369444442309,21.909630000050516,1.4701891715773354,9.070484398232104,10.657627150847517,38.012266491794435
1156015.0,-1.8649,0.7971,9.6216,0.0324,0.0137,9.8065,0.0023,0.2968,0.0529,166.7,-82.02,164.89,53.05777,-1.758826,4.98,2,22.95,22 / 23,1.3414958801385126,-2.3883556911512005,0.7637734810579044,-68.98618943826988,702.6886908908574,78.14569718996405,False,168.80100000000004,2.54651777166958,6.715397353815911,-58.20806222097389,741.6102266537456,7.182044444444159,20.767040000048357,1.2050218915310673,9.103753044967112,10.778127217295982,38.9215357628882
1156115.0,0.8288,1.998,11.4146,-0.0154,-0.015,9.8066,0.0556,-0.011,-0.0619,167.8,-82.03,166.53,53.05777,-1.758826,4.98,2,22.95,22 / 23,1.4224053528634304,-2.484701158388445,0.8349184810578398,-68.84799437661991,702.4450380483806,78.22563178806976,False,168.90099999999995,2.3519939792650493,6.796695225711285,-57.9741244490339,742.2886269007876,7.192144444444146,19.088159999999764,0.9295886264016189,9.281396384099729,10.873869927586007,39.843588852406924
1156215.0,-3.014,0.0904,9.1717,-0.0269,0.0031,9.8066,-0.1425,0.4311,-0.1931,165.27,-81.81,167.35,53.05777,-1.758826,4.98,2,22.95,22 / 23,1.5499567687841624,-2.5297680640510563,0.8835684810577956,-68.69937627053767,702.1943145872589,78.31155613617547,False,169.00099999999986,2.360473333044148,6.815835177222387,-57.740186677067754,742.9780354460243,7.2130055555554256,19.10212000000023,0.8105165642599856,9.345603241273443,10.959189593469915,40.78372085876538
1156315.0,-0.8527,0.3528,10.4204,-0.0042,0.007,9.8065,0.0249,0.0544,-0.0427,169.02,-81.28,167.7,53.05777,-1.758826,4.98,2,22.95,22 / 23,1.7424067703043256,-2.477640417950638,0.8825084810577942,-68.53475809358302,701.9439441631584,78.39985998428136,False,169.101,2.369923234554791,6.923375125550886,-57.506583101931795,743.6675551855003,7.317805555555205,18.896389999972623,0.6275164642504656,9.401015543501524,11.028174991651227,41.723611022341856
1156415.0,-0.8132,1.016,9.4612,0.0193,0.0247,9.8066,-0.0012,0.1604,0.0696,170.31,-80.86,169.51,53.05777,-1.758826,4.98,2,22.95,22 / 23,1.8377948682936038,-2.502718887987267,0.8959234810577821,-68.35574801165329,701.6949261978618,78.48878158238706,False,169.2009999999999,2.1263757610771075,6.97719663610546,-57.30599817232439,744.3681944187504,7.294024999995693,16.94924000002559,0.28858089278350363,9.479915524092727,11.049749839328904,42.67326822088853
1156514.0,-2.7928,0.168,10.8376,0.0012,0.0068,9.8066,-0.0935,-0.3393,0.4337,167.62,-80.49,170.08,53.05777,-1.758826,4.98,2,22.95,22 / 22,2.023947684255848,-2.496915072928236,0.9298557310577591,-68.16459175530223,701.4474443167967,78.57915765338672,False,169.29999999999984,2.0839048507266913,7.0900945390787005,-57.10086816598748,745.0727254742449,7.389999999997024,16.379000000017683,0.05995716647084315,9.587009612006936,11.063723589314748,43.62528115744817
1156614.0,-4.8973,0.1614,11.2281,0.0574,-0.0086,9.8064,0.0789,-0.0128,-0.1078,167.89,-80.47,170.32,53.05777,-1.758826,4.98,2,22.95,22 / 22,2.4038814744347636,-2.404314670709999,1.0524757310579265,-67.9432002973674,701.2023828296144,78.67827422649263,False,169.39999999999998,2.0699957541599243,7.202325197930817,-56.90035007574139,745.7954924981815,7.493888888887353,16.035000000005084,-0.3338857202748393,9.606639868640816,11.042850221626004,44.59310966856708
1156714.0,0.9501,1.9739,8.9279,-0.0649,0.006,9.8064,-0.1622,-0.3136,0.3409,165.62,-80.49,166.81,53.05777,-1.758826,4.98,2,22.95,22 / 22,2.623637688054079,-2.440846910868333,1.0796107310579017,-67.69182433924318,700.9601247505357,78.78487854959833,False,169.4999999999999,1.9967088861696656,7.179458867280892,-56.706515921853324,746.5071400275694,7.451944444444493,15.542000000000561,-0.6269288018844135,9.620305778149225,10.98530841738986,45.54701527703378
1156814.0,2.4819,1.7849,11.4386,0.0106,0.0194,9.8066,0.1587,-0.1062,-0.2697,160.89,-80.61,163.94,53.05777,-1.758826,4.98,2,22.95,22 / 22,2.512574560602269,-2.6458718953597193,1.117270731057953,-67.43501372681001,700.7057888102239,78.89472262270428,False,169.60000000000002,1.832789180222137,7.1777552852582165,-56.5260496406268,747.2299070515063,7.4080555555551575,14.323999999994593,-0.6797853803801319,9.823627180617937,10.908964086183211,46.524118241282395
1156914.0,-2.7854,-0.0701,10.5762,0.014,0.0081,9.8066,0.1111,-0.159,0.03,160.45,-80.91,164.15,53.05777,-1.758826,4.98,2,22.95,22 / 22,2.551851835239825,-2.693662567526414,1.237345731057844,-67.18179240701814,700.4388120870799,79.01245344580997,False,169.69999999999993,1.780401994355563,7.163167593535708,-56.35226729575741,747.9415545815494,7.381111111112305,13.958000000016227,-0.771449840884262,9.856830161062122,10.829525111260729,47.502742494469544
1157014.0,6.8092,0.1322,9.8062,0.06,0.034,9.8064,0.07,-0.6625,0.5839,160.92,-80.87,164.54,53.05777,-1.758826,4.98,2,22.95,22 / 22,2.3595798704415225,-2.7340382755748847,1.275800731057809,-66.9362208217343,700.167427044925,79.13811076891564,False,169.79999999999984,1.757002347729257,7.342713582184413,-56.1784849508621,748.6754410972022,7.5499999999948155,13.457000000015379,-0.6025775227122656,10.076751857759298,10.757735870872196,48.50801405227719
1157114.0,-1.1082,-0.1556,10.366,0.0657,0.012,9.8064,-0.0533,0.2309,0.0135,162.66,-80.65,167.34,53.05777,-1.758826,4.98,2,22.95,22 / 22,2.088339122832854,-2.800334911060961,1.3037457310578473,-66.71382487207028,699.8907083855929,79.2670880920216,False,169.89999999999998,1.7271152773151448,7.460756510623802,-56.011386542310376,749.4204471059902,7.658055555553959,13.034000000006252,-0.36122384551770925,10.261091421684764,10.7024383297599,49.52973872039729
1157214.0,0.7668,0.1168,10.8431,0.0231,-0.0142,9.8066,-0.0554,0.0015,0.0361,162.75,-80.57,167.4,53.05777,-1.758826,4.98,2,22.95,22 / 22,2.102246218135685,-2.766004015340048,1.3835357310577747,-66.50429560502204,699.6123914392731,79.40145216512725,False,169.9999999999999,1.5945862470063756,7.483952731125605,-55.85097207011659,750.1654531147768,7.651944444444451,12.028000000001144,-0.5076599711293095,10.249956746465653,10.653323534905446,50.55306167550373
1157315.0,1.6155,-0.0374,9.7615,-0.0123,-0.0135,9.8066,-0.1488,0.2674,-0.1046,161.94,-80.7,166.26,53.05777,-1.758826,4.98,2,22.95,22 / 22,1.9868913582046848,-2.779018694927631,1.4335963810578307,-66.29779415741662,699.3323677924043,79.54371733678926,False,170.101,1.5428978551232602,7.483809542816407,-55.70252184395308,750.9289174811464,7.641205555554524,11.649089999990354,-0.4439935030814246,10.262828237744039,10.59527231346354,51.59654968874213
1157414.0,-2.4262,-0.4469,9.8553,-0.0306,-0.0128,9.8065,0.092,0.0118,-0.1198,159.74,-80.94,167.84,53.05777,-1.758826,4.98,2,22.95,22 / 22,2.0126525389363055,-2.7127226816117216,1.4337696310578307,-66.09981673450828,699.0605265942658,79.68565195438889,False,170.19999999999993,1.4395146849790226,7.429889794859293,-55.56356280744675,751.6554651315907,7.568055555558832,10.965000000030637,-0.5731378539572829,10.142612476471015,10.53625392706153,52.59493853732499
1157515.0,-1.3223,0.5924,10.8622,0.0098,0.0269,9.8066,0.2503,0.0839,-0.108,166.29,-81.05,168.4,53.05777,-1.758826,4.98,2,22.95,22 / 22,2.190096166939467,-2.6347861557270082,1.489531731057893,-65.88757792486132,698.7904773979799,79.8332786731759,False,170.30100000000004,1.371543157685217,7.527715835903189,-55.42861413271071,752.4193742783709,7.6516499999952945,10.326140000022411,-0.8185530092542501,10.162501991630197,10.458963792150605,53.62889688039104
1157615.0,0.7753,-0.2333,8.9658,-0.014,0.0114,9.8066,-0.0347,-0.0589,0.1589,163.34,-81.12,168.72,53.05777,-1.758826,4.98,2,22.95,22 / 22,2.2200912462459135,-2.620455977951327,1.5002667310578832,-65.66706855420225,698.5277152912962,79.98276859628155,False,170.40099999999995,1.2958686703238653,7.707519720868301,-55.30168618157478,753.1977387644345,7.815699999998959,9.543940000006037,-0.9242225759220482,10.327975698819628,10.365382372627465,54.67002347313826
1157715.0,-1.5389,0.8323,11.2577,0.0402,-0.0293,9.8065,-0.1179,0.0242,0.0844,163.06,-81.17,168.55,53.05777,-1.758826,4.98,2,22.95,22 / 22,2.263794963733283,-2.6104330895446792,1.5307767310578555,-65.44287424370349,698.2661708379217,80.13432076938719,False,170.50099999999986,1.2524187276535432,7.785517867652171,-55.181375327432576,753.9761032505052,7.885611111111036,9.138630000000413,-1.0113762360797396,10.39595095719685,10.26149891627091,55.7099324125835
1157815.0,-1.2551,0.0357,10.2702,0.0215,-0.0476,9.8064,-0.188,0.1308,-0.0364,159.59,-81.25,168.01,53.05777,-1.758826,4.98,2,22.95,22 / 22,2.406525541692021,-2.580337623312034,1.6265067310579862,-65.2093582184319,698.0066323022785,80.2921849424932,False,170.601,1.214470379145305,7.852487958744154,-55.06133183071814,754.7545789322016,7.945869444444107,8.791699999981432,-1.1920551625467157,10.43282558205619,10.148026387713763,56.74794662992315
1157915.0,1.4038,0.8068,9.8107,-0.0225,-0.0017,9.8066,-0.084,0.1419,0.0294,162.34,-81.18,167.44,53.05777,-1.758826,4.98,2,22.95,22 / 22,2.4087082756636096,-2.59259581139114,1.649886731057965,-64.96859652756434,697.7479856305436,80.45600461559884,False,170.7009999999999,1.0290072210934489,7.854925279566494,-54.96782356130935,755.5440629113413,7.922055555555061,7.46335000005176,-1.3797010545701607,10.447521090957634,10.000772966254992,57.796077280797704
1158015.0,-0.597,-0.2182,10.3392,-0.0006,0.0049,9.8065,0.0598,0.2261,-0.1445,159.46,-81.16,167.68,53.05777,-1.758826,4.98,2,22.95,22 / 22,2.375546815524052,-2.6043800722564696,1.6767167310580018,-64.72938377300463,697.4881368363608,80.62233478870486,False,170.80100000000004,0.871272184564557,7.8863276075835405,-54.88106606758827,756.3336580854635,7.934313888885301,6.3044900000157105,-1.5042746309594948,10.49070767984001,9.848317705416356,58.84552124910272
1158115.0,-0.0138,0.5022,9.6974,-0.0266,0.0013,9.8066,0.093,-0.0866,-0.0438,159.82,-81.12,167.79,53.05777,-1.758826,4.98,2,22.95,22 / 22,2.405739775483782,-2.579818799442934,1.6978817310579826,-64.49031944345445,697.228926892776,80.7910647118105,False,170.90099999999995,0.8085559884801825,8.018336286067628,-54.807542767855125,757.1342615570858,8.058999999999836,5.758150000001264,-1.5971837870035996,10.598155085510562,9.682776675599328,59.90533466430975
1158215.0,1.8946,0.4893,9.2795,0.0471,0.0148,9.8065,-0.0786,-0.1009,0.2461,163.38,-81.24,169.13,53.05777,-1.758826,4.98,2,22.95,22 / 22,2.328966738505743,-2.6264031161718533,1.6660617310580117,-64.2535841177552,696.9686157969956,80.95926188491616,False,171.00099999999986,0.7958769688772259,8.030923849522164,-54.73415314680952,757.9349762236393,8.070288888888854,5.65967000000176,-1.5330897696285173,10.657326965694018,9.519430970945677,60.966360426643746
1158315.0,-2.142,-2.0437,9.1431,0.0521,-0.0253,9.8064,-0.0112,-0.2675,0.2366,165.07,-81.56,171.52,53.05777,-1.758826,4.98,2,22.95,22 / 22,2.3212930836952688,-2.5232410928763236,1.6065267310579305,-64.02107112664483,696.7111335865428,81.12289130802218,False,171.101,0.5968312550227026,8.077463713214536,-54.67426507719246,758.7466991883886,8.09951111111198,4.225929999978962,-1.7244618286725661,10.60070480609086,9.346806049452368,62.03556560184575
1158414.0,-0.0219,-1.1571,10.0157,0.0458,-0.0113,9.8065,0.0866,-0.2846,0.1787,162.04,-82.03,172.08,53.05777,-1.758826,4.98,2,22.95,22 / 22,2.3796867102402812,-2.316279052100346,1.584028981057946,-63.788372626845174,696.4715773393666,81.28082381577181,False,171.19999999999993,0.38927843492664815,8.151821690147253,-54.64117959230437,759.5503049227376,8.161111111108353,2.734000000066817,-1.9904082753136332,10.4681007422476,9.147193034540805,63.078727583371005
1158514.0,-4.2,-1.9563,10.1671,0.0331,0.0256,9.8065,0.2109,-0.1607,0.1418,162.39,-82.01,172.57,53.05777,-1.758826,4.98,2,22.95,22 / 22,2.5314389937551804,-2.076821406554081,1.6125039810579203,-63.542816341645626,696.251922316434,81.44065046387746,False,171.29999999999984,0.43334362349402367,8.170460708916105,-54.60107597423963,760.3731473813326,8.181944444443804,3.03599999999073,-2.0980953702611567,10.247282115470185,8.941740367405998,64.12122506489857
1158614.0,0.2263,-0.1345,10.4456,0.0028,0.0577,9.8064,0.0188,-0.2111,0.1872,166.03,-81.68,173.67,53.05777,-1.758826,4.98,2,22.95,22 / 22,2.6883383966340095,-1.8889028185548806,1.6624739810579885,-63.28182747212581,696.0536361051784,81.60439936198348,False,171.39999999999998,0.4378104014481606,8.147133849006282,-54.5609723561878,761.1848703446752,8.15888888888923,3.075999999999409,-2.250527995185849,10.036036667561163,8.720855115938015,65.13123423949685
1158714.0,0.3741,1.082,8.7282,0.04,0.0305,9.8065,-0.1239,0.258,0.1171,167.39,-80.9,175.14,53.05777,-1.758826,4.98,2,22.95,22 / 22,2.6694228898864814,-1.9145943936623333,1.6404989810580086,-63.01393940780003,695.8634612445677,81.76954801008914,False,171.4999999999999,0.1523378849012353,8.171635716490364,-54.55428841986971,761.9965933094304,8.173055555555539,1.0680000000022831,-2.5170850049852462,10.086230110152698,8.459650987930324,66.1331320648627
1158814.0,-3.1561,0.2278,10.8837,-0.0009,-0.0248,9.8066,0.0522,0.1755,-0.2495,167.28,-80.75,174.65,53.05777,-1.758826,4.98,2,22.95,22 / 22,2.8198500773579975,-1.92044550632804,1.6404289810580086,-62.73947575943743,695.6717092495679,81.93359440819516,False,171.60000000000002,0.16677500326344932,8.222197671856904,-54.534236610837056,762.8194357666132,8.22388888888966,1.1620000000118824,-2.653075074094548,10.142643178184944,8.205239148600377,67.14772651704527
1158914.0,1.0524,-0.4673,8.8459,-0.0354,-0.0113,9.8066,0.0008,0.119,-0.0929,164.34,-81.25,175.4,53.05777,-1.758826,4.98,2,22.95,22 / 22,2.919017644376561,-1.8611312086512746,1.6462439810580034,-62.45253237335096,695.4826304138192,82.09792805630082,False,171.69999999999993,0.2839239103989242,8.271239467971029,-54.50750086544903,763.6533977168664,8.276111111108797,1.9659999999643523,-2.6350937339776372,10.132370676622303,7.9450315079019305,68.17076730304723
1159014.0,-4.8522,-2.4453,9.314,-0.0035,-0.0101,9.8066,-0.1465,0.539,-0.1697,167.82,-81.76,175.79,53.05777,-1.758826,4.98,2,22.95,22 / 22,3.0732270874517806,-1.6547560261857204,1.5735739810580696,-62.15292013675982,695.3068360520774,82.25891895440647,False,171.79999999999984,0.149863453641142,8.343654232123171,-54.500816929117256,764.4873596657654,8.344999999997887,1.0290000000287614,-2.923363633810639,9.998410258308892,7.652103207642561,69.18052361368802
1159114.0,-3.1051,-0.0598,11.2541,-0.0336,-0.0037,9.8065,0.0285,-0.9102,0.4638,162.63,-81.57,173.1,53.05777,-1.758826,4.98,2,22.95,22 / 22,3.4312841633101234,-1.4074923106918458,1.6213139810581347,-61.827694574221276,695.1537236352333,82.4186633525125,False,171.89999999999998,0.15593299057350093,8.443560262260574,-54.48076512007183,765.3213216160811,8.444999999998522,1.0579999999995715,-3.2753511727366225,9.851052572952419,7.346929454149446,70.16759798084786
1159214.0,9.0969,-0.2308,10.3291,0.1101,0.0602,9.8058,0.1698,-0.514,0.4418,161.12,-81.06,170.4,53.05777,-1.758826,4.98,2,22.95,22 / 22,3.1422807260101564,-1.4672458581940653,1.7198089810580452,-61.49901632975556,695.0099867267892,82.58571950061815,False,171.9999999999999,0.08649316427535907,8.413444310572341,-54.47408118375402,766.1664030588204,8.413888888888923,0.5890000000005332,-3.0557875617347974,9.880690168766407,7.024935146001539,71.1564163320312
1159314.0,-0.9831,2.0975,8.9256,0.0362,0.0528,9.8063,0.0432,-1.0166,0.4667,166.32,-80.53,173.11,53.05777,-1.758826,4.98,2,22.95,22 / 22,2.779439924725328,-1.6664476531900485,1.7018789810580208,-61.20293029721839,694.8533020512198,82.75680389872419,False,172.10000000000002,-0.17681860952082912,8.406196131700591,-54.50081692911745,767.0114845001467,8.408055555554503,358.7949999999922,-2.956258534246157,10.07264378489064,6.702113368100939,72.15818244892694
1159414.0,13.995,3.8429,10.9138,0.1073,0.0265,9.806,0.0893,-1.4423,0.9073,162.66,-80.53,171.99,53.05777,-1.758826,4.98,2,22.95,22 / 22,2.240392628520441,-2.121324418292893,1.7131839810580105,-60.95193866955633,694.6639134476458,82.92755704682983,False,172.19999999999993,-0.2521254093801797,8.333131191079994,-54.52755267450548,767.8343269586823,8.336944444447598,358.2670000000234,-2.492518037900621,10.454455609372888,6.424385995050848,73.17041351103649
1159514.0,-4.9258,-0.7625,9.6778,0.1033,0.0055,9.8061,-0.1907,0.1331,-0.1287,159.4,-81.06,172.31,53.05777,-1.758826,4.98,2,22.95,22 / 23,1.8442599793576728,-2.363687163127658,1.7620989810579661,-60.74770603916261,694.4396628685749,83.10132119493548,False,172.29999999999984,-0.17340159599977395,8.397098692666047,-54.54760448352499,768.6794084007134,8.398888888886988,358.81699999998307,-2.017661575357447,10.760785855793705,6.200101555637616,74.2397455321385
1159615.0,10.232,1.3905,9.5589,0.0285,-0.0558,9.8064,-0.0558,-1.0264,0.6896,160.97,-81.81,170.28,53.05777,-1.758826,4.98,2,22.95,22 / 23,1.5949671885066075,-2.447484354706885,1.743080681057945,-60.57402506718527,694.196698706924,83.27833276787253,False,172.40099999999995,-0.32138647364892753,8.447272690683668,-54.5814252013995,769.5329406578749,8.45338611111062,357.82118000000565,-1.916353662155535,10.894757045390554,5.99259986578577,75.33624195095081
1159715.0,-5.0705,-0.4421,10.0294,0.0863,0.0019,9.8062,0.0118,1.2271,-0.7268,157.94,-81.98,171.57,53.05777,-1.758826,4.98,2,22.95,22 / 23,1.3573312451075699,-2.5371364190239665,1.741830681057946,-60.42641014550469,693.9474676682378,83.45257833597816,False,172.50099999999986,-0.37910824226790507,8.477614943236992,-54.62152881946425,770.378022099921,8.486088888888892,357.4395100000005,-1.736439487375475,11.014751362260958,5.804881326040437,76.43055443168328
1159814.0,-8.6392,-3.7035,8.9927,-0.1376,-0.0391,9.8055,-0.0581,0.054,-0.0196,157.68,-81.72,170.83,53.05777,-1.758826,4.98,2,22.95,22 / 23,1.903637925535881,-2.063777436079327,1.7125662810578988,-60.26499217155758,693.7197224324098,83.62357098560317,False,172.60000000000002,-0.4301121728222164,8.472979062750484,-54.661231401322524,771.2146527289354,8.483888888889219,357.09400000000113,-2.3337500983580974,10.536756498829812,5.603760770235056,77.4949302965257
1159914.0,-5.0169,0.0107,9.223,0.0096,0.0224,9.8066,-0.0932,1.4022,-0.7037,152.92,-81.19,167.6,53.05777,-1.758826,4.98,2,22.95,22 / 23,2.451211488028659,-1.587854175140472,1.6426862810579623,-60.047249700879554,693.5371408518489,83.7913336137088,False,172.69999999999993,-0.41996998462214574,8.49573725150252,-54.70801895571504,772.0597341701987,8.506111111110124,357.16999999999666,-2.8711814726508047,10.083591426642993,5.339230745164514,78.52259331834978
1160014.0,-5.8801,-1.2812,8.4132,-0.1427,-0.0636,9.8053,-0.218,0.6862,-0.5604,156.58,-81.11,168.33,53.05777,-1.758826,4.98,2,22.95,22 / 23,2.913576647554055,-1.271683862097974,1.5438312810580523,-59.779010294100665,693.3941639499872,83.95065949181446,False,172.79999999999984,-0.4366463182603461,8.510750678226858,-54.75480651009767,772.9159351060706,8.521944444443957,357.06300000000334,-3.3502229658144014,9.782434540324832,5.024203784002992,79.52177115608345
1160114.0,9.8606,0.7077,11.4085,0.0137,-0.081,9.8063,-0.2455,1.264,-0.5975,157.11,-81.76,164.91,53.05777,-1.758826,4.98,2,22.95,22 / 23,2.712892524685729,-1.2934011740945386,1.5542512810580666,-59.497686835488295,693.2659096981773,84.10556361992047,False,172.89999999999998,-0.5258642016511351,8.615076659771491,-54.80827800085096,773.7721360412377,8.631111111109497,356.5070000000082,-3.2387567263368644,9.90847783386603,4.689408834637334,80.50622634306035
1160214.0,-0.8391,-0.6086,8.8832,-0.0793,-0.0576,9.8061,-0.193,1.0478,-0.5456,155.81,-82.1,163.13,53.05777,-1.758826,4.98,2,22.95,22 / 23,2.2935072831103165,-1.445841699270512,1.588171281058036,-59.24736684509872,693.1289475545092,84.26268474802613,False,172.9999999999999,-0.533596389026299,8.603468771002674,-54.861749491577754,774.6394564688281,8.620000000000012,356.4510000000001,-2.8271036721366154,10.049310470273186,4.3856173535209635,81.51050891431896
1160314.0,8.2494,-0.2123,8.7957,-0.0894,-0.0122,9.8061,0.0929,0.4063,-0.1843,154.33,-81.92,166.17,53.05777,-1.758826,4.98,2,22.95,22 / 23,1.9375520235080494,-1.5431461131127315,1.4914512810579041,-59.03581387976751,692.9794981638898,84.41666587613214,False,173.10000000000002,-0.6168201880271053,8.624080832257823,-54.92858885499294,775.4956574047025,8.646111111110857,355.9089999999981,-2.5543722115351546,10.167226945370555,4.107225024774571,82.51615924081261
1160414.0,-3.3254,1.0113,9.4038,0.0005,0.0104,9.8065,-0.0543,0.7303,-0.3792,157.41,-81.88,170.65,53.05777,-1.758826,4.98,2,22.95,22 / 23,1.7291088151216274,-1.6681504152811581,1.4207612810579686,-58.85248083783619,692.8189333374703,84.5622765042378,False,173.19999999999993,-0.6348179940687533,8.605505770796382,-54.988744282059535,776.3518583390979,8.628888888889653,355.7810000000057,-2.3639268091903807,10.27365618607754,3.8637365557766543,83.53292500162763
1160514.0,-4.4206,-2.7813,10.3016,-0.0069,-0.0368,9.8065,-0.0711,0.1296,0.094,164.68,-82.02,174.95,53.058376,-1.758727,8.58,4,350.59,23 / 23,2.0759110636371068,-1.4312255431849554,1.4253662810579646,-58.66222984389842,692.6639645395471,84.70458288234347,False,173.29999999999984,-0.7291594292567563,8.683328054068985,-55.06226758180496,777.2191787666882,8.713888888886279,355.20000000001784,-2.8050704928938632,10.114553597253941,3.599962262093463,84.55521422714105
1160614.0,-8.3357,-1.7856,8.3885,-0.0188,0.0373,9.8065,0.064,0.8698,-0.6297,163.32,-81.77,173.5,53.058376,-1.758727,8.58,4,350.59,23 / 23,2.624802716210839,-1.0061842657211477,1.3792062810579018,-58.427194154905706,692.5420940491017,84.84481151044946,False,173.39999999999998,-0.8088331253747076,8.758844652937253,-55.14247481792171,778.0976186874135,8.796111111109896,354.72400000000704,-3.433635841585547,9.7650289186584,3.284719336983997,85.5555246383118
1160714.0,7.5321,1.0247,11.2074,-0.1067,-0.0159,9.806,0.3198,-0.3609,0.1027,160.89,-81.63,171.63,53.058376,-1.758727,8.58,4,350.59,23 / 23,2.6572793760083258,-0.9454278351707559,1.3783362810579027,-58.16309005029499,692.4445134440572,84.98268863855513,False,173.4999999999999,-0.743086878342965,8.839934062927844,-55.21599811766784,778.9760586088444,8.871111111111025,355.1949999999995,-3.4003662543512907,9.7853618980986,2.9470919326271527,86.53154516478719
1160814.0,1.6627,0.5035,8.3982,0.0345,-0.0095,9.8066,-0.301,0.6438,-0.2442,158.83,-81.31,171.75,53.058376,-1.758727,8.58,4,350.59,23 / 23,2.2466326061804702,-1.1434222792803397,1.3779512810579022,-57.91789445118521,692.3400709383345,85.1205030166611,False,173.60000000000002,-0.766125148171197,8.772721650580271,-55.28952141741414,779.8544985288627,8.806111111110297,355.00899999999285,-3.012757754351667,9.916143929860612,2.6283730337710693,87.51442759052816
1160914.0,8.1968,-0.8801,7.6144,-0.0472,-0.069,9.8063,-0.2799,-0.6656,0.4997,164.55,-81.48,171.19,53.058376,-1.758727,8.58,4,350.59,23 / 23,1.7691837894767337,-1.2364199847381268,1.197916281058066,-57.71710363140254,692.2210788251338,85.24929639476679,False,173.69999999999993,-0.8351079754588688,8.71117330492166,-55.36972865352508,780.7218189563903,8.75111111111355,354.5240000000215,-2.6042917649356028,9.947593289659787,2.3473749778774575,88.50074013125652
1161014.0,-0.2082,0.318,11.2617,0.0721,-0.03,9.8063,0.1179,0.0077,-0.129,160.67,-81.58,170.33,53.058376,-1.758727,8.58,4,350.59,23 / 23,1.3756909043511412,-1.2874252806854367,1.1610562810580995,-57.55985989671129,692.0948865618627,85.3672450228725,False,173.79999999999984,-0.802900747746086,8.687978786189728,-55.44993588964185,781.5891393846882,8.7250000000008,354.719999999994,-2.1785916520972273,9.975404066875164,2.109924007069438,89.4942528228255
1161114.0,-3.2098,-1.2947,8.52,-0.0813,0.0196,9.8062,0.1867,-0.6657,0.2142,159.71,-81.9,168.54,53.058376,-1.758727,8.58,4,350.59,23 / 23,1.5158803319617615,-1.155380336692385,1.169476281058111,-57.41528133489545,691.9727462809936,85.48377165097847,False,173.89999999999998,-0.9058252714481599,8.786486842026703,-55.5435109984069,782.4675793054136,8.833055555553958,354.114000000009,-2.4217056034099214,9.941867178719088,1.8717703364885452,90.4948330244199
1161214.0,-1.4379,-1.7379,9.4621,0.0229,0.0262,9.8066,0.0402,-0.1724,0.0235,159.09,-82.14,168.67,53.058376,-1.758727,8.58,4,350.59,23 / 23,1.67675555567569,-0.904988942727889,1.087916281058185,-57.25564954051372,691.8697278170227,85.59664127908418,False,173.9999999999999,-0.9953426068123599,8.904543396214168,-55.64377004352952,783.3571387185627,8.959999999999855,353.6220000000006,-2.6720981624880498,9.809532338942056,1.6118794969842014,91.48741090153999
1161314.0,-0.3549,-1.0312,10.3286,0.0051,0.0304,9.8065,0.2897,-0.5751,0.2417,159.69,-82.06,168.69,53.058376,-1.758727,8.58,4,350.59,23 / 23,1.708288125255084,-0.7164559909990581,1.0967862810581972,-57.086397356466954,691.7886555703363,85.70587640719015,False,174.10000000000002,-0.974332659690159,8.923912114476039,-55.74402908865237,784.2466981310067,8.97694444444384,353.7689999999999,-2.682620784945243,9.640368105475098,1.3423682678145852,92.45804256067038
1161414.0,5.3575,1.477,10.0858,0.0404,0.0437,9.8064,0.0368,-0.2245,0.1941,159.09,-81.66,167.79,53.058376,-1.758727,8.58,4,350.59,23 / 23,1.4797972585769048,-0.7993459943087001,1.136841281058161,-56.9269930872755,691.712865471071,85.81755778529586,False,174.19999999999993,-0.9709860179460907,8.883201446725668,-55.83760419746395,785.1362575440913,8.936111111112922,353.7620000000002,-2.4507832765229955,9.682547441034368,1.089388889811545,93.4233920730203
1161514.0,0.2377,0.3484,8.7475,-0.0113,-0.0055,9.8066,-0.1343,-0.3609,0.2461,155.3,-81.32,166.37,53.058376,-1.758727,8.58,4,350.59,23 / 23,1.248006205006945,-0.9577053238731777,1.0978412810581966,-56.79060291409643,691.6250129051621,85.92929191340157,False,174.29999999999984,-1.0094283364859487,8.810417911197854,-55.944547178903676,786.0146974648155,8.868055555557644,353.46400000000915,-2.2574345414928936,9.768123235071032,0.8460557351927562,94.38968455965346
1161614.0,3.4507,0.4713,11.5847,0.0832,-0.0118,9.8062,0.1072,-0.4425,0.3218,157.82,-81.4,165.75,53.058376,-1.758727,8.58,4,350.59,23 / 23,1.0889190591575044,-1.0384717767048404,1.1337862810582457,-56.67375665088805,691.5252040501331,86.04087329150755,False,174.39999999999998,-1.0751418814593725,8.804599362533846,-56.05149016035752,786.8931373848338,8.86999999999997,353.0380000000063,-2.164060940616877,9.843071139238686,0.6222664905305351,95.36793333470075
1161714.0,-2.4724,-2.1535,9.5471,0.0391,0.0204,9.8065,0.0535,-0.3293,0.1125,160.34,-81.81,169.13,53.058376,-1.758727,8.58,4,350.59,23 / 23,1.0147288954528362,-0.9552766259602677,1.2097112810581767,-56.56857425315763,691.42551663,86.15804816961327,False,174.4999999999999,-1.1584602495057768,8.911125784745,-56.17180101452584,787.7826967986903,8.98611111111098,352.59300000000053,-2.173189144958613,9.866402410705268,0.3967732386317877,96.35718016869032
1161814.0,0.0745,-1.479,10.2194,0.0558,0.0258,9.8064,0.0778,-0.305,0.2946,160.84,-81.82,170.89,53.058376,-1.758727,8.58,4,350.59,23 / 23,1.0643371212684158,-0.7164049197991723,1.2173712810581871,-56.464620952321425,691.3419325527119,86.27940229771924,False,174.60000000000002,-1.1178079881691163,9.045080208633701,-56.27874399597979,788.6833757042676,9.113888888889957,352.9550000000046,-2.182145109437532,9.761485128432874,0.18587695634163737,97.34144315155572
1161914.0,-3.2916,2.1826,10.73,0.0272,0.0481,9.8064,0.0619,-0.0206,-0.1148,161.67,-81.58,171.64,53.058376,-1.758727,8.58,4,350.59,23 / 23,1.2246237758186638,-0.6723258947160661,1.2841762810581265,-56.350172907467176,691.2724960119862,86.40447967582494,False,174.69999999999993,-1.0771640856589886,9.122738343183286,-56.39237091378258,789.6062935946267,9.186111111107909,353.2659999999862,-2.3017878614776524,9.795064237899352,-0.04219800631540238,98.3337975826405
1162014.0,-0.1047,1.8225,8.6873,-0.0117,-0.0046,9.8066,-0.0191,-0.3178,0.3244,162.31,-81.3,172.52,53.058376,-1.758727,8.58,4,350.59,23 / 23,1.4457274871058274,-0.7820734868062578,1.2743762810581356,-56.216655344321076,691.1997760429101,86.53240730393064,False,174.79999999999984,-1.3509114611144135,9.02838028496465,-56.53273357695585,790.5069725016173,9.128888888890646,351.4900000000545,-2.7966389482202407,9.810453771770907,-0.31607823263477286,99.30719645870715
1162114.0,-2.4264,-0.9601,10.139,0.0451,0.0189,9.8065,-0.1131,0.2151,0.1204,162.06,-81.01,171.57,53.058376,-1.758727,8.58,4,350.59,23 / 23,1.577009358917025,-0.7569394195095789,1.2350262810580819,-56.06551850201973,691.1228253975942,86.65787743203663,False,174.89999999999998,-1.1756358521152965,8.996566981767726,-56.64636049478128,791.3965319140616,9.073055555556383,352.55499999998426,-2.7526452110323216,9.753506401277305,-0.5808419927615489,100.27370651646743
1162214.0,3.2093,1.3236,10.3709,0.0077,-0.0546,9.8064,-0.0728,-0.362,0.1395,161.6,-81.04,171.13,53.058376,-1.758727,8.58,4,350.59,23 / 23,1.5440729573583087,-0.7600404791857869,1.2798562810580412,-55.9094643862061,691.0469764026594,86.78362156014232,False,174.9999999999999,-1.158103208099139,8.901088003070456,-56.75998741256576,792.2860913272109,8.976111111111221,352.58699999999993,-2.7021761654574474,9.661128482256242,-0.8505230263596602,101.23911492455147
1162314.0,3.5127,0.5704,8.8836,-0.01,-0.0024,9.8066,0.1634,0.3656,-0.2273,157.03,-81.42,169.44,53.058376,-1.758727,8.58,4,350.59,23 / 23,1.2587294232801842,-0.9411258534764761,1.2619162810580167,-55.769324267173985,690.9619180860262,86.9107101882483,False,175.10000000000002,-1.3295368510817611,8.915297227959144,-56.8936661394227,793.1756507410697,9.013888888889218,351.5180000000076,-2.5882662743619456,9.85642308143562,-1.1243418722487135,102.21373265504349
1162414.0,-0.7794,2.2621,10.1427,-0.0557,0.0097,9.8065,-0.0685,0.3357,-0.3946,158.88,-81.42,167.14,53.058376,-1.758727,8.58,4,350.59,23 / 23,1.181217798525036,-1.100299881360965,1.2325662810580433,-55.64732690608383,690.8598467992845,87.03543431635399,False,175.19999999999993,-1.252898179724116,8.948829541541821,-57.01397699355589,794.0763296465792,9.036111111110126,352.0299999999773,-2.434115978249152,10.049129422902785,-1.3666500874720597,103.21648284729474
1162514.0,-1.4114,0.5043,10.0704,-0.0076,-0.0082,9.8066,-0.1637,0.065,-0.1345,157.28,-81.17,169.48,53.058376,-1.758727,8.58,4,350.59,23 / 23,1.329176776480305,-1.160666527658773,1.262556281058016,-55.52180717733368,690.7467984788336,87.16019044445967,False,175.29999999999984,-1.361677369923395,8.89133621792927,-57.15433965672946,794.9547695673039,8.99500000000126,351.29300000002263,-2.6908541464037,10.052002745588043,-1.6325324793957847,104.20797108847023
1162614.0,1.6262,1.6374,9.3376,0.0433,-0.0385,9.8064,-0.2196,-0.0152,0.2948,160.75,-81.2,169.74,53.058376,-1.758727,8.58,4,350.59,23 / 23,1.3507011287814727,-1.2336156271157277,1.252291281058002,-55.387813282070404,690.6270843710947,87.28593282256564,False,175.39999999999998,-1.4587806291828143,8.749220483903326,-57.301386256248215,795.8332094873222,8.870000000001847,350.5340000000112,-2.809481757964287,9.982836111019054,-1.9135729741778107,105.20612511622744
1162714.0,-0.7551,1.3679,9.5497,-0.0116,-0.0689,9.8063,-0.1931,-0.0511,-0.0468,155.48,-81.77,167.63,53.058376,-1.758727,8.58,4,350.59,23 / 23,1.3597038370323782,-1.3571957306749183,1.2159912810580351,-55.252293033779836,690.4975438032053,87.40934695067133,False,175.4999999999999,-1.3713258928265002,8.752107040098561,-57.435064983078696,796.7005299156203,8.8588888888889,351.0949999999994,-2.7310297298588786,10.10930277077348,-2.1827719492988606,106.20298611241503
1162814.0,0.7981,2.4925,9.3727,0.0059,-0.0634,9.8064,-0.0709,-0.3412,0.0308,157.35,-82.4,165.74,53.058376,-1.758727,8.58,4,350.59,23 / 23,1.4288385760891724,-1.5071612676155284,1.181446281057988,-55.11286591312357,690.3543259532906,87.5292188287773,False,175.60000000000002,-1.5252952642042295,8.76211925990938,-57.588795518928244,797.5789698356385,8.893888888887648,350.1250000000163,-2.9541338402934016,10.269280527524907,-2.475929605804673,107.22464388234789
1162914.0,5.369,-1.8017,7.5737,0.0426,0.0136,9.8065,-0.0447,0.5459,-0.5403,158.54,-83.17,167.68,53.058376,-1.758727,8.58,4,350.59,23 / 23,1.1531631407983876,-1.624822021927051,1.0481012810581094,-54.98376582727931,690.1977267888136,87.640696206883,False,175.69999999999993,-1.3437023247041706,8.706926212082475,-57.722474245762086,798.4462902631661,8.81000000000372,351.2269999999511,-2.496865465502558,10.331748234009526,-2.738708418482773,108.24856347435252
1163014.0,5.9123,-2.7659,10.1408,-0.0542,-0.023,9.8064,-0.1297,0.0327,0.19,156.49,-83.67,165.53,53.058376,-1.758727,8.58,4,350.59,23 / 23,0.5398757836576981,-1.6032444021260466,0.9531612810581958,-54.899113881056586,690.036323467611,87.74075933498874,False,175.79999999999984,-1.1774088728132404,8.639023776044306,-57.83610116356075,799.3136106914642,8.718888888891685,352.238999999969,-1.7172846564709383,10.242268178170352,-2.9369872825041625,109.27728722385314
1163114.0,-1.0872,1.7398,10.3522,0.0032,0.0073,9.8066,-0.219,0.9749,-0.3952,155.81,-83.6,164.35,53.058376,-1.758727,8.58,4,350.59,23 / 23,0.2939734031186835,-1.6244754229190268,0.9971462810582559,-54.85742142171771,689.8749374763586,87.83827471309469,False,175.89999999999998,-1.2600579109270178,8.640550204817455,-57.969779890404006,800.1809311197641,8.73194444444425,351.70300000000793,-1.5540313140457012,10.265025627736481,-3.1123584686862955,110.30599364340549
1163214.0,-7.2087,0.1297,7.3787,-0.0605,-0.0481,9.8063,-0.0148,0.3735,-0.2271,160.13,-82.93,170.33,53.058376,-1.758727,8.58,4,350.59,23 / 23,0.7163567206277502,-1.5380668421505284,0.9030262810583415,-54.80690491553043,689.7168103631052,87.93328334120044,False,175.9999999999999,-1.2405832355024429,8.759530765907177,-58.09009074455944,801.0482515473548,8.846944444444313,351.93899999999974,-1.956939956130193,10.297597608057705,-3.2831858290290086,111.33144118424957
1163315.0,-0.4139,2.0608,10.2215,-0.031,-0.0225,9.8065,-0.1093,0.6114,-0.3311,159.82,-82.89,169.11,53.058376,-1.758727,8.58,4,350.59,23 / 23,1.1133566374688002,-1.4834728490857985,0.801364731058228,-54.71450439094645,689.5642226086976,88.01935508731242,False,176.101,-1.1887871508869634,8.690789728018775,-58.21160470722994,801.9353646723554,8.771719444445294,352.2110000000042,-2.302143788355764,10.174262577104573,-3.497100316283486,112.37114206365777
1163414.0,-6.9374,1.6247,9.9072,-0.0865,-0.0792,9.8059,-0.1084,0.4552,-0.4444,155.57,-83.17,168.75,53.058376,-1.758727,8.58,4,350.59,23 / 23,1.509575941058272,-1.4765630801300142,0.8268770310582108,-54.58466922830945,689.4177008302015,88.09995305453712,False,176.19999999999993,-1.15157744487961,8.756546811280682,-58.33071245284812,802.7940118956079,8.831944444441747,352.50799999998674,-2.661153385937882,10.233109891410695,-3.746043224538667,113.37631106540641
1163514.0,6.687,-0.0993,10.2392,-0.0379,-0.0412,9.8064,0.1152,0.3194,-0.2931,156.48,-83.78,165.65,53.058376,-1.758727,8.58,4,350.59,23 / 23,1.545483197499819,-1.5089992529402219,0.8535320310581865,-54.43191627138169,689.2684227135481,88.18397350764286,False,176.29999999999984,-1.0892702589297165,8.756397970996534,-58.437655434302314,803.6724518156237,8.823888888889135,352.90899999998766,-2.634753456429536,10.265397223936755,-4.0057391629206265,114.40402910207558
1163615.0,-4.3526,-1.2946,9.7778,-0.0986,0.0565,9.8059,0.0298,0.5504,-0.502,156.04,-83.88,165.93,53.058376,-1.758727,8.58,4,350.59,23 / 23,1.4032716852343416,-1.4629241783875873,0.8739188810582094,-54.283004149803446,689.1183405802659,88.27120977870484,False,176.40099999999995,-1.2105438983226933,8.73609485578206,-58.56578649396665,804.5595649406253,8.819569444445085,352.11088999999424,-2.613815583557035,10.199019034169647,-4.282782344163202,115.44122436035934
1163715.0,3.8376,-0.4687,10.015,-0.0425,0.0052,9.8065,0.1704,0.3063,-0.2523,152.49,-83.2,163.73,53.058376,-1.758727,8.58,4,350.59,23 / 23,1.3890801798960808,-1.3564713187212354,0.8828938810582012,-54.14338655654705,688.9773708054106,88.35905041681059,False,176.50099999999986,-1.1452898586908242,8.702932938269324,-58.67927973307702,805.4269965631473,8.777974999999874,352.5029799999991,-2.5343700385869052,10.05940425699056,-4.535893176529967,116.44962575773673
1163814.0,0.2428,-0.4552,7.2463,-0.0388,0.0196,9.8065,-0.1631,0.3606,-0.166,158.12,-83.08,167.71,53.058376,-1.758727,8.58,4,350.59,23 / 23,1.1851024535505172,-1.380628681772854,0.7664698810580131,-54.01596451619124,688.8418843553859,88.44069392303547,False,176.60000000000002,-1.0523506027665093,8.817423558436717,-58.778536187735796,806.2966520846661,8.880000000001006,353.1939999999977,-2.2374530563170265,10.19805224020957,-4.762571671544556,117.4547677292802
1163914.0,0.5109,1.7083,10.5342,-0.0025,-0.0551,9.8065,0.068,-0.0302,-0.0398,157.26,-83.12,166.57,53.058376,-1.758727,8.58,4,350.59,23 / 23,1.1706479286246827,-1.4256067652079618,0.6748298810580965,-53.89817699708259,688.701572583037,88.5127589111412,False,176.69999999999993,-1.0850681392468415,8.882022593894142,-58.892163105538586,807.1862114977507,8.948055555552537,353.0350000000071,-2.255716067871524,10.307629359102103,-4.993986108455999,118.48463891471374
1164014.0,-0.5285,-1.0455,9.8553,0.0087,-0.0311,9.8065,-0.2292,0.1775,0.0097,157.26,-83.56,166.42,53.058376,-1.758727,8.58,4,350.59,23 / 23,1.1799015849213859,-1.4287863157410265,0.7136398810580612,-53.78064952140539,688.5588529289896,88.58218239924695,False,176.79999999999984,-1.3179131609288015,8.877709721557366,-59.0258418323547,808.0757709109,8.974999999999172,351.5560000000454,-2.4978147458501874,10.306496037298393,-5.245192310949314,119.51691798191041
1164115.0,1.6668,1.7972,10.4419,-0.0025,-0.011,9.8066,0.0823,0.0161,0.1034,160.6,-83.66,166.59,53.058376,-1.758727,8.58,4,350.59,23 / 23,1.1312470379014128,-1.4559205602281102,0.7481768310580998,-53.663936515952706,688.413175231753,88.65600414320889,False,176.90099999999995,-1.17578252490298,8.860981557024198,-59.140605019357864,808.9631064257571,8.938650000000354,352.44145999999785,-2.307029562804393,10.316902117252308,-5.476668503405158,120.5499311940041
1164215.0,-3.6925,0.0361,9.6614,-0.059,0.0368,9.8064,0.077,0.3716,-0.4119,160.5,-83.39,166.17,53.058376,-1.758727,8.58,4,350.59,23 / 23,1.254315625439114,-1.48118286453746,0.7726768310580776,-53.54465838278579,688.2663200605149,88.73204682631463,False,177.00099999999986,-1.1513240031947085,8.840762194628429,-59.254365615882364,809.8525546439822,8.915419444444394,352.5802100000007,-2.405639628633822,10.32194505916589,-5.709707233096573,121.58623458346733
1164315.0,1.4303,-0.1385,8.5525,-0.0643,-0.0102,9.8064,0.1962,0.1813,-0.0641,154.83,-82.93,162.93,53.058376,-1.758727,8.58,4,350.59,23 / 23,1.3571116278743978,-1.4183621642446154,0.7027068310579823,-53.414087020119936,688.1213428090756,88.80581600942054,False,177.101,-1.2436487058265802,8.87066161641629,-59.381093048901654,810.7312169545631,8.957436111111797,352.019200000017,-2.600760333700978,10.289023780660905,-5.967006028781718,122.60987414548754
1164415.0,-1.8633,-0.3942,10.5724,-0.0751,-0.0324,9.8063,-0.1187,0.5512,-0.4739,153.66,-83.05,165.09,53.058376,-1.758727,8.58,4,350.59,23 / 23,1.3584044827247754,-1.3567340664587182,0.6782868310580046,-53.278311214590104,687.9825879975406,88.87486569252627,False,177.2009999999999,-1.0628333256739932,8.943516357814508,-59.48155261211986,811.6318958607663,9.006449999998493,353.2228600000184,-2.421237808398769,10.300250424273226,-6.203241397529759,123.64930786322577
1164515.0,3.5814,2.466,10.3899,-0.0497,-0.0086,9.8065,-0.0116,0.2939,-0.1222,154.37,-83.05,162.46,53.058376,-1.758727,8.58,4,350.59,22 / 23,1.3191433594585782,-1.459606453896694,0.7457368310580967,-53.14443382248076,687.8417709715226,88.94606687563217,False,177.30100000000004,-1.131717533831299,8.969401408782446,-59.601796626925136,812.5324635707262,9.040519444442964,352.8087100000123,-2.450860893289877,10.42900786267914,-6.457362804444379,124.69069259920366
1164615.0,-1.3188,-0.215,8.9414,-0.0172,-0.0096,9.8066,-0.1143,0.5042,-0.2471,155.29,-83.47,164.33,53.058376,-1.758727,8.58,4,350.59,22 / 23,1.260924829802401,-1.5840684745606817,0.7316368310581096,-53.015430413017825,687.6895872250999,89.01993555873791,False,177.40099999999995,-1.2035788188402456,9.011948051200074,-59.71535670535983,813.4221341794929,9.091974999999955,352.3929499999867,-2.464503648642647,10.596016525760756,-6.699926292342006,125.732546954393
1164715.0,-0.2915,1.3276,10.2116,-0.0206,-0.014,9.8066,-0.0624,0.2585,-0.0885,156.35,-83.65,165.82,53.058376,-1.758727,8.58,4,350.59,22 / 23,1.3512661678878661,-1.57477159339493,0.7086218310581306,-52.88482086313343,687.5316452217022,89.09194849184367,False,177.50099999999986,-1.065333194430196,9.03192174650358,-59.82236652620317,814.3228130843817,9.094538888888945,353.27290000000073,-2.4165993623180624,10.60669333989851,-6.937545663069741,126.79116786267946
1164815.0,-0.9325,-0.6708,9.0849,-0.009,-0.0381,9.8065,-0.1593,0.272,-0.1356,160.55,-83.96,171.24,53.058376,-1.758727,8.58,4,350.59,22 / 23,1.4202381802105228,-1.5554675306438484,0.6927818310581091,-52.746245645728315,687.3751332655,89.16201867494958,False,177.601,-1.1545390838474097,8.975277754530618,-59.935993444000985,815.2234919913585,9.049230555556033,352.66998000000143,-2.5747772640579325,10.530745285174467,-7.18974779827267,127.84835872585847
1164915.0,0.7806,0.6566,9.1466,-0.0256,0.0184,9.8065,0.1338,0.0275,-0.1305,164.18,-83.96,172.44,53.058376,-1.758727,8.58,4,350.59,22 / 23,1.422488975084517,-1.5232309285806183,0.6236918310581719,-52.604109287963695,687.221198342539,89.22784235805533,False,177.7009999999999,-1.1436713328288,9.011754972969111,-60.04962036177782,816.1242820917995,9.084036111106755,352.76731999999856,-2.566160307913317,10.53498590154973,-7.445511073814124,128.90308374926053
1165015.0,0.982,2.3462,9.9004,0.0167,-0.0113,9.8065,-0.1534,0.0054,0.1295,165.66,-83.84,173.71,53.058376,-1.758727,8.58,4,350.59,22 / 23,1.374647598277234,-1.6638905680239868,0.5953768310581333,-52.464252459295416,687.0618422677085,89.28879579116122,False,177.80100000000004,-1.150294339657756,9.110031836303175,-60.16318044025232,817.0361916854263,9.182369444440857,352.80346999998727,-2.52494193793499,10.773922404327163,-7.698927980956903,129.9743494177178
1165115.0,2.0125,-1.243,10.8252,0.0189,-0.043,9.8064,0.1241,0.0109,-0.0324,167.07,-83.98,175.69,53.058376,-1.758727,8.58,4,350.59,22 / 23,1.244118362582832,-1.7242555000053736,0.6509918310580828,-52.33331416125253,686.8924349643072,89.35111422426698,False,177.90099999999995,-1.0952773979482666,9.242338683477083,-60.27025710045878,817.9591095758597,9.307013888888786,353.24160000000654,-2.3393957605310987,10.966594183482457,-7.936942939206247,131.06667461155246
1165215.0,-2.7932,1.4725,8.2264,-0.0233,-0.0028,9.8066,0.0013,0.3562,-0.2499,161.17,-83.8,171.9,53.058376,-1.758727,8.58,4,350.59,22 / 23,1.286981632865128,-1.6834689027511844,0.6229068310581084,-52.20675916148025,686.7220487441696,89.41480915737273,False,178.00099999999986,-1.1671552715257552,9.240830429467994,-60.39056795458784,818.8820274669932,9.314249999999955,352.8014400000005,-2.454136904390883,10.924299332219178,-8.183808793107588,132.15997872282367
1165315.0,1.0523,2.2658,10.6171,-0.0252,0.0222,9.8065,0.1253,0.0134,-0.06,165.37,-83.45,173.0,53.058376,-1.758727,8.58,4,350.59,22 / 23,1.41912406383295,-1.803648161280873,0.584416831058056,-52.07145387664516,686.5476928909677,89.47517534047861,False,178.101,-1.242698915780007,9.26666433856695,-60.51074513002906,819.8049453581352,9.349638888888384,352.36201000001677,-2.661822979612957,11.070312499847823,-8.4392912533839,133.25725246716752
1165414.0,-4.6105,-0.542,8.4029,-0.0711,-0.0042,9.8064,-0.1731,0.5635,-0.3534,166.87,-83.43,175.14,53.058376,-1.758727,8.58,4,350.59,22 / 23,1.6130620194611482,-1.82023680789176,0.555048481058076,-51.9213606655222,686.3683105849938,89.53157887342833,False,178.19999999999993,-1.0461245711835927,9.254952707397372,-60.616618681647296,820.7186340709915,9.313888888890489,353.5509999999467,-2.659186590644741,11.075189515289132,-8.695258016125095,134.3503234859977
1165514.0,-1.1789,1.6443,11.4565,0.0089,-0.0215,9.8066,0.0652,0.0445,0.1652,164.93,-83.38,172.21,53.058376,-1.758727,8.58,4,350.59,22 / 22,1.9094421430965194,-1.7781511816460747,0.5673534810580649,-51.74523545739448,686.188391185517,89.58769897153408,False,178.29999999999984,-1.1137458402871114,9.160599300248391,-60.730245599471345,821.6304324696999,9.22805555555819,353.0680000000149,-3.0231879833836306,10.938750481894466,-8.985010142076867,135.4420412841829
1165615.0,-1.7988,-0.5654,9.2256,0.0058,0.0271,9.8066,-0.0072,0.3365,-0.26,161.48,-83.25,172.57,53.058376,-1.758727,8.58,4,350.59,22 / 22,2.06402607096976,-1.7593135911847693,0.6213278810581253,-51.54457531258391,686.0097492144889,89.64772738032102,False,178.40099999999995,-1.2984139278363804,9.218988637901628,-60.85817614101942,822.5628019288943,9.310036111108165,351.98268999996924,-3.36243999880614,10.978302229086397,-9.313600828435511,136.55305271440534
1165715.0,4.478,-0.6495,9.1095,-0.0707,-0.0069,9.8063,-0.1057,-0.1056,-0.0824,165.17,-83.14,173.06,53.058376,-1.758727,8.58,4,350.59,22 / 22,1.9140893733964353,-1.7025136272347448,0.5574178810581836,-51.34566954036578,685.8366578535681,89.70666466842678,False,178.50099999999986,-0.9898802486089441,9.45468273951791,-60.95201860729102,823.5079588055864,9.506369444444413,354.02308000000096,-2.9039696220053792,11.157196366752654,-9.60634906692524,137.67130095201833
1165815.0,2.1393,1.8545,9.0917,0.0187,-0.0362,9.8065,-0.1963,0.4148,-0.1381,160.92,-83.15,170.9,53.058376,-1.758727,8.58,4,350.59,22 / 22,1.6169386770901608,-1.8236965590087983,0.4868128810580873,-51.16911813784121,685.6603473442557,89.75887620653266,False,178.601,-1.1229752870789982,9.465156835213131,-61.07232946143288,824.4531156822801,9.531544444443885,353.23385999999283,-2.739913964169159,11.28885339422193,-9.90321132359167,138.79276833802442
1165915.0,3.4066,-0.0136,9.8524,-0.0378,0.0039,9.8065,0.1595,-1.0429,0.6197,157.46,-82.94,165.95,53.058376,-1.758727,8.58,4,350.59,22 / 22,1.3851278336274997,-1.9837937209780407,0.4533528810581177,-51.019014812305464,685.4699728302566,89.80588449463843,False,178.7009999999999,-1.2000216563475314,9.415552359000849,-61.192372958087674,825.3981613639734,9.491736111112036,352.73677999994766,-2.585149489975031,11.399346079978889,-10.17335814578221,139.92818853371682
1166015.0,7.5422,2.0806,12.5308,0.0853,0.069,9.806,0.3826,-1.0385,0.3963,155.78,-82.84,164.12,53.058376,-1.758727,8.58,4,350.59,22 / 22,0.9216405776464861,-2.271046195575041,0.5918478810583067,-50.903676391741605,685.2572308344286,89.85814453274433,False,178.80100000000004,-1.0071898831176989,9.41755608600131,-61.28614858498262,826.3323099424587,9.471269444443992,353.8955400000213,-1.928830460764185,11.688602281576351,-10.382472193241014,141.07507910803008
1166115.0,-1.9293,0.2426,9.5663,0.088,0.0592,9.8061,0.1678,0.2212,-0.0344,156.84,-82.45,169.55,53.058376,-1.758727,8.58,4,350.59,22 / 22,0.7090481938980646,-2.466871074595963,0.7160378810581938,-50.822141953164454,685.0203349709202,89.9235388208501,False,178.90099999999995,-1.1313434962484838,9.42048074347968,-61.39990918153338,827.2775780133818,9.488174999998169,353.1519800000074,-1.8403916901465485,11.887351818075642,-10.577767228368927,142.2572430424616
1166215.0,2.8221,-1.4427,7.8068,-0.0272,0.0009,9.8065,-0.2147,0.0217,0.0265,159.14,-82.55,168.47,53.058376,-1.758727,8.58,4,350.59,22 / 22,0.6409450650479153,-2.395830245900747,0.6040278810582957,-50.75464229021722,684.7771999048956,89.98954210895586,False,179.00099999999986,-1.2272109312846085,9.532346967196327,-61.52670345392933,828.233965578117,9.611030555555429,352.6638999999989,-1.8681559963325238,11.928177213097074,-10.77206116371211,143.4567656732214
1166315.0,0.121,-1.5553,10.9021,0.0524,-0.0333,9.8064,-0.262,0.6652,-0.2203,160.12,-82.77,170.13,53.058376,-1.758727,8.58,4,350.59,22 / 22,0.4480232343172118,-2.280394730760654,0.5588078810582342,-50.70019387524889,684.5433886560622,90.04768389706176,False,179.101,-1.09275096117564,9.651547073330796,-61.633780114123184,829.2012502440373,9.713213888889108,353.5404699999937,-1.540774195492852,11.931941804091451,-10.933586238874291,144.65786158797505
1166415.0,-0.6035,-0.3166,9.5882,-0.0501,-0.0588,9.8063,-0.0802,-0.1275,0.0441,158.25,-82.89,172.09,53.058376,-1.758727,8.58,4,350.59,22 / 22,0.4345937563700198,-2.1562645590755216,0.6026578810581944,-50.65606302571457,684.3215556915707,90.10575718516753,False,179.2009999999999,-1.1698632361258252,9.657692281843506,-61.75402412888056,830.1575266130862,9.728288888891555,353.09325999999436,-1.604456992495845,11.813956840919028,-11.097961103165986,145.83597092151558
1166514.0,-3.5326,-0.2612,9.6466,0.039,0.0112,9.8066,-0.0066,-0.0478,0.0822,155.63,-83.16,167.88,53.058376,-1.758727,8.58,4,350.59,22 / 23,0.6060085200881444,-2.019965554812554,0.5839221310582072,-50.60455321302993,684.1148323009334,90.16449289576725,False,179.29999999999984,-1.1418185538528414,9.601232355056927,-61.866514777539834,831.1042402185132,9.66888888889073,353.21799999999615,-1.7478270739409858,11.621197909869482,-11.261961564509903,146.9894079175798
1166614.0,3.5882,0.7739,9.6341,0.0149,-0.0455,9.8065,-0.0248,-0.4717,0.242,153.6,-82.68,165.33,53.058376,-1.758727,8.58,4,350.59,22 / 23,0.6124066544208255,-2.02280870407098,0.5672921310581845,-50.5436324543044,683.9126935879889,90.22205360887315,False,179.39999999999998,-1.0581523586765218,9.696322088430891,-61.96677382266319,832.0716360807658,9.753888888887634,353.7719999999918,-1.6705590130973473,11.719130792501872,-11.423141368358792,148.15894249277687
1166714.0,2.8142,-0.5963,9.5698,0.0186,0.012,9.8065,-0.2055,0.5882,-0.2547,148.43,-82.61,163.54,53.058376,-1.758727,8.58,4,350.59,22 / 23,0.3261409877993432,-2.1591234186902426,0.5468221310582033,-50.496705072193436,683.703596981851,90.27775932197892,False,179.4999999999999,-1.1429980281340077,9.707944195744085,-62.08708467680484,833.050151435442,9.774999999999974,353.2850000000006,-1.4691390159333508,11.867067614434328,-11.590379604611407,149.346554453591
1166814.0,-0.3533,-0.6095,9.9444,-0.0433,0.0018,9.8065,0.1527,0.2198,-0.2275,151.77,-83.06,162.8,53.058376,-1.758727,8.58,4,350.59,22 / 23,0.18409368510861046,-2.1459046127918757,0.5418671310581966,-50.471193338548005,683.4883455802766,90.33219378508481,False,179.60000000000002,-1.1900589601836555,9.784001528303806,-62.20071159460297,834.0286667901206,9.856111111110947,353.0649999999981,-1.3741526452922659,11.929906141095682,-11.729518256054966,150.54032120984402
1166915.0,-1.1547,-1.8145,9.9912,0.0003,0.0119,9.8066,0.0655,0.1349,-0.0464,150.15,-83.61,165.26,53.058376,-1.758727,8.58,4,350.59,22 / 23,0.1828400313693026,-1.9751842683469878,0.5581432810581781,-50.452663185865894,683.2802305917793,90.38774431089662,False,179.7009999999999,-1.2114062171870335,9.77115616840568,-62.322426075380406,835.0059590007637,9.845969444440138,352.9327200000279,-1.394246248556336,11.746340436752668,-11.869762889514512,151.72572840898442
1167015.0,-4.3795,0.206,9.643,-0.0258,0.0228,9.8065,-0.1346,0.3131,-0.0853,149.76,-83.64,165.93,53.058376,-1.758727,8.58,4,350.59,22 / 23,0.37435229597932485,-1.7401074648720765,0.5591882810581796,-50.42480356949842,683.0944660051181,90.44361088900251,False,179.80100000000004,-1.3302115366250622,9.852976039495873,-62.46272189920508,835.9955938471749,9.942363888887693,352.3112099999994,-1.704563832604387,11.59308350436795,-12.037918329706656,152.90112784205678
1167115.0,1.7694,2.0571,10.984,-0.0353,-0.0402,9.8065,0.0277,0.2778,-0.1042,153.12,-83.33,165.65,53.058376,-1.758727,8.58,4,350.59,22 / 23,0.52922407297363,-1.7440158820294656,0.6098732810581337,-50.37962475105081,682.9202598377732,90.50206396710827,False,179.90099999999995,-1.332093741317587,9.894513629552305,-62.59633378667189,836.985117500046,9.983780555555716,352.3323999999994,-1.8613178142912172,11.63852951158177,-12.21670903562108,154.06485766227286
1167215.0,-6.3218,-2.2584,9.738,0.013,-0.0354,9.8065,-0.1668,0.7814,-0.2945,152.73,-83.34,168.24,53.058376,-1.758727,8.58,4,350.59,22 / 23,0.7196367679389862,-1.6039235470380715,0.6653082810580833,-50.31718170900524,682.75286286632,90.56582304521402,False,180.00099999999986,-1.3233297893441611,9.885038572741234,-62.72332857714525,837.9637440489464,9.97322499999998,352.37502999999964,-2.0429665572831475,11.488962119779305,-12.406146868140013,155.2108811826264
1167314.0,2.2824,0.6683,10.5272,-0.0549,-0.0245,9.8064,-0.0263,0.2438,0.003,155.37,-83.51,168.94,53.058376,-1.758727,8.58,4,350.59,22 / 23,0.8518367781986209,-1.4118514559881012,0.6975773310581355,-50.2393937684713,682.60358200367,90.63328588301388,False,180.10000000000002,-1.2736989469647255,9.908470668702998,-62.849053419766584,838.9434825475804,9.990000000002349,352.67499999998967,-2.1255357251633464,11.3203221246911,-12.609659651295281,156.3399005439104
1167414.0,-5.7866,-1.1806,8.656,-0.064,-0.0029,9.8064,0.0,0.8336,-0.584,152.51,-83.15,167.47,53.058376,-1.758727,8.58,4,350.59,22 / 23,0.9855146157178067,-1.2771310731027687,0.6760723310581551,-50.147526198775566,682.4691328772155,90.70196836611963,False,180.19999999999993,-1.4170127924378362,10.049478614581764,-62.99610001926122,839.95535637946,10.148888888881844,351.9740000000311,-2.4025274081556427,11.326609687684533,-12.848573820485655,157.48622350224446
1167514.0,4.878,2.5835,12.1905,-0.083,-0.0306,9.8062,0.0287,-0.3206,0.2371,150.48,-82.82,166.76,53.058376,-1.758727,8.58,4,350.59,22 / 22,1.0592775661650031,-1.2973307741837563,0.7377323310580991,-50.04528658968152,682.3404097848513,90.77265859922538,False,180.29999999999984,-1.2805001890585617,10.048742173318619,-63.123094809748224,840.9561107196956,10.13000000000058,352.7379999999766,-2.339777755223565,11.346072947502375,-13.077808220066707,158.6157009348443
1167614.0,-0.5897,-0.8496,8.4687,0.0316,-0.0176,9.8065,-0.1692,0.5905,-0.2885,150.64,-82.5,166.46,53.058376,-1.758727,8.58,4,350.59,22 / 22,0.9080642499285219,-1.452082987253922,0.7900273310581705,-49.9469194988767,682.2029390967792,90.8490465823313,False,180.39999999999998,-1.2264447400375507,10.052404542222687,-63.24340566389065,841.956865059933,10.126944444444488,353.0439999999955,-2.1345089899660725,11.50448752947661,-13.296486165013945,159.75392596315373
1167714.0,1.1179,-0.4177,7.5384,-0.1009,-0.0278,9.806,-0.2787,-0.0023,0.0512,146.42,-82.37,164.75,53.058376,-1.758727,8.58,4,350.59,22 / 22,0.8463992790324514,-1.3880686208173432,0.6097173310583346,-49.85919632242874,682.0609315163758,90.91903381543706,False,180.4999999999999,-1.4456918290062055,10.064756773832533,-63.39045226342217,842.9687388925935,10.168055555555508,351.8260000000014,-2.292091108038657,11.452825394649876,-13.531255940993432,160.90780737621765
1167814.0,-1.4628,-0.8713,10.7767,-0.0278,-0.0352,9.8065,0.1272,0.1329,-0.2083,148.98,-82.38,168.3,53.058376,-1.758727,8.58,4,350.59,22 / 22,0.8197133710305275,-1.3006214392180813,0.5448073310582461,-49.775890689925475,681.9264970133739,90.97676004854297,False,180.60000000000002,-1.2208557811152625,10.159967380105192,-63.51076311756471,843.9806127245491,10.233055555555465,353.14799999998513,-2.04056915214579,11.460588819323274,-13.734872427639232,162.0541157111752
1167914.0,1.2628,-1.8934,10.1604,0.0224,0.0634,9.8064,0.1921,0.1774,-0.1296,150.23,-82.27,169.88,53.058376,-1.758727,8.58,4,350.59,22 / 22,0.750198816115431,-1.1485494706750579,0.6109973310581859,-49.69739508056825,681.8040384678794,91.03455028164873,False,180.69999999999993,-1.3987422172366233,10.130839692714378,-63.65112578071567,844.9924865571362,10.226944444444715,352.13900000004475,-2.148941033352054,11.279389163389435,-13.953730700147418,163.18844808925678
1168014.0,3.2241,-1.6267,10.168,0.0136,0.0359,9.8065,0.0241,-0.0883,0.1463,154.22,-81.93,170.37,53.058376,-1.758727,8.58,4,350.59,22 / 22,0.4611310561207071,-1.068054282450259,0.6467523310581533,-49.6368285869565,681.6932082802233,91.09743776475449,False,180.79999999999984,-1.4777409811070366,10.1693038680446,-63.79817238024729,846.015479882222,10.276111111109602,351.73200000001253,-1.9388720372277437,11.23735815049486,-14.16134379329079,164.32227160199875
1168114.0,0.9264,1.4704,10.1524,0.0176,0.06,9.8064,0.1062,-0.3198,0.325,154.51,-81.43,170.33,53.058376,-1.758727,8.58,4,350.59,22 / 22,0.26469658640686106,-1.124433794437797,0.6821073310582015,-49.60053720483007,681.5835838763787,91.1638807478604,False,180.89999999999998,-1.2817099561408352,10.284328489966493,-63.9251671707343,847.0384732066034,10.363888888887592,352.8959999999828,-1.5464065425476963,11.40876228440429,-14.32462996590423,165.45488933022466
1168214.0,0.9739,1.626,8.7396,0.0336,-0.0114,9.8065,-0.0867,-0.3227,0.056,149.87,-81.28,167.7,53.058376,-1.758727,8.58,4,350.59,22 / 22,0.24648327295109165,-1.2789592815597424,0.6460423310582344,-49.574978211862195,681.463414222579,91.23028823096617,False,180.9999999999999,-1.3186369645187836,10.325026123794467,-64.05884589756448,848.0725860255299,10.408888888888837,352.72200000000015,-1.5651202374698754,11.60398540535421,-14.483867685702286,166.60917180295087
1168314.0,2.2363,0.3557,10.0972,0.0174,-0.019,9.8066,0.0259,0.2239,-0.069,149.08,-81.47,168.36,53.058376,-1.758727,8.58,4,350.59,22 / 22,0.15040027319093513,-1.420227771386343,0.6072173310581814,-49.55513403455507,681.3284548699315,91.29295121407208,False,181.10000000000002,-1.418834916526724,10.207978924068149,-64.19920856072618,849.0844598574857,10.306111111111463,352.0869999999897,-1.569235189717659,11.628206695454491,-14.64407452617111,167.7560049875542
1168414.0,3.2134,-0.5402,9.4813,-0.0326,-0.0568,9.8064,-0.2592,0.1115,-0.1864,149.3,-81.54,167.31,53.058376,-1.758727,8.58,4,350.59,22 / 22,-0.09644926076045546,-1.5255815088307827,0.605477331058183,-49.55243648393355,681.1811644059209,91.35358594717783,False,181.19999999999993,-1.5464827279459787,10.213583659624186,-64.35293909657778,850.1074531824976,10.329999999998941,351.3900000000309,-1.4500334671855233,11.739165168454969,-14.800502612644237,168.9262887765767
1168514.0,-0.6135,1.3052,8.9793,-0.0038,-0.0361,9.8065,-0.1222,0.1557,-0.2657,147.25,-81.83,165.98,53.058376,-1.758727,8.58,4,350.59,23 / 23,-0.19582552483459809,-1.5966516086105995,0.5478423310582354,-49.567050223213286,681.025052750049,91.4112519302836,False,181.29999999999984,-1.6279398626556134,10.273765620688422,-64.52003750512833,851.130446507584,10.401944444442236,350.9960000000121,-1.4321143378210153,11.870417229299022,-14.952987281915043,170.105393757535
1168614.0,1.8011,-0.6039,8.3895,-0.0206,-0.0698,9.8063,-0.2129,-0.2433,0.1529,144.86,-82.27,162.4,53.058376,-1.758727,8.58,4,350.59,23 / 23,-0.23528259520272798,-1.6364107070847038,0.4356173310580824,-49.58860562921518,680.863399634264,91.46042491338947,False,181.39999999999998,-1.6501921506229027,10.327885681790267,-64.68045197732259,852.1645593258054,10.458888888888048,350.9220000000011,-1.4149095554201747,11.96429638887497,-15.09184634810741,171.30115969154133
1168714.0,-1.3355,-1.5245,7.7458,0.0963,-0.0487,9.806,-0.2966,-0.1336,0.3086,143.67,-82.82,160.54,53.058376,-1.758727,8.58,4,350.59,23 / 23,-0.32800474853261147,-1.5372162059985943,0.26171733105824063,-49.61676999640192,680.70471828861,91.49529164649526,False,181.4999999999999,-1.76472547674031,10.37092782694693,-64.86091825858836,853.1986721440246,10.51999999999993,350.3430000000007,-1.4367207282076986,11.908144032945525,-15.244148262186435,172.4939538554146
1168814.0,-1.1796,1.1803,8.4928,0.0899,-0.078,9.8059,-0.2999,0.093,0.0209,135.73,-83.15,154.85,53.058376,-1.758727,8.58,4,350.59,23 / 23,-0.24823443504960893,-1.4129284371103819,0.09298233105801054,-49.64558195558107,680.5572110564543,91.5130266296011,False,181.60000000000002,-1.7675304054143524,10.316625527225362,-65.03470060343084,854.2327849608315,10.46694444444329,350.2780000000049,-1.5192959703647435,11.729553964335745,-15.389118647849763,173.6755739043772
1168914.0,-4.4036,-0.6856,9.6765,-0.0438,-0.0452,9.8064,-0.1764,-0.3925,0.0923,130.1,-84.01,148.83,53.058376,-1.758727,8.58,4,350.59,23 / 23,-0.06431480990866065,-1.2007040259222408,0.020782331058076337,-49.66120941782897,680.4265294333028,91.5187148627069,False,181.69999999999993,-1.694986392799762,10.249684554852134,-65.20179901195652,855.2557782865507,10.388888888892348,350.6099999999853,-1.6306715828911014,11.450388580774375,-15.540589594127553,174.82924885324792
1169014.0,2.2164,1.328,11.2804,0.0229,0.0069,9.8065,0.1838,-0.4764,0.2051,128.71,-84.63,147.06,53.058376,-1.758727,8.58,4,350.59,23 / 23,0.017298770027046967,-1.1163353027923861,0.08796233105801535,-49.66356021982305,680.3106774668672,91.5241520958127,False,181.79999999999984,-1.8517898933443986,10.15447740187286,-65.38894922955258,856.2676521177973,10.3219444444465,349.665000000029,-1.8690886633714456,11.270812704665246,-15.725389009729533,175.95697465093008
1169114.0,-1.6803,-1.0985,10.8665,0.0412,0.0641,9.8063,0.1903,-0.0496,0.1342,131.48,-84.61,151.74,53.058376,-1.758727,8.58,4,350.59,23 / 23,-0.001922233091427937,-1.1229522890411452,0.21464233105818825,-49.66279139297627,680.1987130872753,91.53928232891853,False,181.89999999999998,-1.9858559185024822,10.194492644721189,-65.58946731978476,857.2906454443003,10.386111111110162,348.97700000001015,-1.9839336854110543,11.317444933762333,-15.926675926808493,177.09193235702492
1169214.0,2.4493,3.2894,10.1619,0.037,0.0763,9.8063,0.1161,-0.4435,0.2886,133.46,-83.89,157.35,53.058376,-1.758727,8.58,4,350.59,23 / 23,0.032417872242355185,-1.202934265943732,0.2853973310581239,-49.661266611018725,680.0824187595261,91.56428431202433,False,181.9999999999999,-2.170241454654425,10.147464118270438,-65.81003721904912,858.3025192762537,10.376944444444455,347.92800000000125,-2.2026593268967805,11.35039838421417,-16.148770608030397,178.2201005167276
1169314.0,-2.7954,0.7377,10.6658,0.0516,0.0327,9.8064,-0.031,0.1369,-0.0672,137.28,-83.51,159.09,53.058376,-1.758727,8.58,4,350.59,23 / 23,0.18114298776398757,-1.313780004994009,0.34611733105820686,-49.65058856801839,679.9565830459791,91.59586004513018,False,182.10000000000002,-2.1437689428274123,10.052850914535572,-66.02392318199676,859.3032736164911,10.27888888888824,347.9619999999949,-2.3249119305913997,11.36663091952958,-16.373334613978372,179.346690570512
1169414.0,3.0864,-2.2043,9.8725,-0.0255,-0.0031,9.8065,-0.0088,-0.2731,0.1847,141.95,-83.31,159.22,53.058376,-1.758727,8.58,4,350.59,23 / 23,0.10704848359799109,-1.229952451675305,0.3923673310581649,-49.636178994450304,679.8293964231457,91.63278427823596,False,182.19999999999993,-2.195024510866,9.996854125010385,-66.2444930812454,860.304027955946,10.235000000001945,347.61600000001533,-2.302072994463991,11.22680657668569,-16.60831408679509,180.47463153280034
1169514.0,-4.5216,-2.6457,8.6143,0.0104,0.0213,9.8065,-0.0594,-0.2228,-0.0503,142.63,-83.2,159.89,53.05915,-1.758917,10.24,4,343.08,23 / 23,0.005770530521193265,-0.9709257863780882,0.33604233105821624,-49.63053804374435,679.7193525112431,91.66920476134175,False,182.29999999999984,-2.2948819497098887,10.062745718974625,-66.4717469168672,861.3047822954737,10.321111111108467,347.15300000001423,-2.300652480231082,11.033671505352714,-16.841208873122852,181.58542978423066
1169614.0,2.2402,-1.2937,9.4119,-0.0949,-0.0515,9.806,0.1601,-0.6592,0.4981,141.24,-83.02,159.01,53.05915,-1.758917,10.24,4,343.08,23 / 23,-0.03404698343352454,-0.7233319911483016,0.256687331058108,-49.63195186638997,679.6346396223666,91.6988412444476,False,182.39999999999998,-2.408597210643616,10.013279773509046,-66.71905256150849,862.3055366357111,10.298888888889218,346.47500000001,-2.374550227210092,10.736611764657347,-17.087100695118522,182.67089701334442
1169715.0,-0.9038,-2.4879,11.9612,0.0084,0.0353,9.8066,0.1066,0.3153,-0.1682,143.44,-82.8,161.49,53.05915,-1.758917,10.24,4,343.08,23 / 23,-0.2126359769961893,-0.5898561112038656,0.3455572310580072,-49.64440935589165,679.5683236231979,91.72925459483443,False,182.50099999999986,-2.3639610444739856,9.952759682106349,-66.95532971120747,863.3050678312841,10.229650000000044,346.63879999999995,-2.151325067477796,10.542615793310214,-17.310920355315815,183.73674420808618
1169815.0,-3.7294,-2.6439,8.8817,0.0083,0.0218,9.8066,-0.0698,0.3977,-0.2982,141.78,-82.56,162.97,53.05915,-1.758917,10.24,4,343.08,23 / 23,-0.19678868787638534,-0.21873862949863881,0.4070372310580911,-49.66488058913531,679.5278938861627,91.76688431794028,False,182.601,-2.344192510899666,9.921750552978112,-67.18946800122525,864.2947026783878,10.194938888888801,346.7066099999841,-2.147403823023281,10.14048918247675,-17.524587412089943,184.7668087922251
1169915.0,2.7685,3.1687,10.2998,0.0227,0.0661,9.8063,-0.0667,0.4637,-0.1654,144.94,-82.17,162.31,53.05915,-1.758917,10.24,4,343.08,23 / 23,-0.16510744302865726,-0.1835248360741672,0.38544723105811074,-49.68297539568054,679.507780712884,91.80650854104606,False,182.7009999999999,-2.5374128266924454,9.868415800258367,-67.4434575822055,865.2843375254184,10.18941111110879,345.5801999999947,-2.372305383663788,10.051940636332533,-17.760482186524953,185.7765568125344
1170014.0,-2.8369,3.8424,9.3419,0.0513,0.0257,9.8064,-0.0797,0.3239,-0.2962,146.03,-81.83,164.62,53.05915,-1.758917,10.24,4,343.08,23 / 23,0.02585649842355006,-0.44458223944739494,0.38685303105810986,-49.68986831743849,679.4766894126458,91.84473740402079,False,182.79999999999984,-2.5297175361887647,9.923753623361963,-67.69490726736807,866.2640760240498,10.24111111110951,345.6989999999963,-2.555574034612315,10.368335862809358,-18.005038949929578,186.78738661140403
1170114.0,3.3185,-2.3315,9.5295,0.0317,-0.0099,9.8066,-0.1833,-0.0426,0.001,143.81,-82.22,163.93,53.05915,-1.758917,10.24,4,343.08,23 / 23,0.03805105391237915,-0.5030643694985654,0.34975803105805936,-49.68667293982169,679.4293070821984,91.88156795712665,False,182.89999999999998,-2.641420396737394,9.857226957299417,-67.95558078471142,867.2537108711541,10.205000000000533,344.99900000001037,-2.6794714506497734,10.360291326797983,-18.268907844889725,187.8244037889557
1170214.0,1.7014,0.6024,8.919,0.0215,-0.0052,9.8066,-0.0037,0.0227,0.1666,145.38,-82.6,163.75,53.05915,-1.758917,10.24,4,343.08,23 / 23,-0.22778003821993206,-0.5546455122717073,0.2915180310581124,-49.69615938903706,679.3764215881099,91.91363176023243,False,182.9999999999999,-2.779930526852975,9.837827562924945,-68.23630611103347,868.232226226538,10.223055555555533,344.2210000000009,-2.5521504886330426,10.392473075196651,-18.540146721996415,188.85580463842814
1170315.0,2.6498,-0.1472,12.0868,-0.0261,-0.0352,9.8065,0.1992,-0.4406,0.1641,147.78,-82.75,167.3,53.05915,-1.758917,10.24,4,343.08,23 / 23,-0.407771431832087,-0.6675337099860347,0.361839281058191,-49.72825473827472,679.3147015373859,91.94662630449434,False,183.101,-2.7680554835806044,9.798949250022291,-68.51315475432872,869.2204155384235,10.182413888887993,344.2257999999969,-2.3602840517485175,10.466482960008326,-18.784900016054003,189.9057140010376
1170414.0,2.6168,4.7876,11.2433,-0.0028,-0.0382,9.8066,0.1809,-0.5216,0.3698,147.15,-82.91,165.33,53.05915,-1.758917,10.24,4,343.08,23 / 23,-0.5117066518201192,-0.9750093322204536,0.545820881058066,-49.77376890341547,679.2333956567967,91.99155548251908,False,183.19999999999993,-2.787785618465774,9.727289637469006,-68.791072827394,870.1781374419824,10.118888888891734,344.0080000000098,-2.276078966645655,10.70229896968946,-19.01730392397853,190.94474178518567
1170515.0,-0.9238,-4.7675,8.9539,-0.0399,-0.0455,9.8064,0.1562,-0.3211,0.3694,149.5,-82.81,169.76,53.05915,-1.758917,10.24,4,343.08,22 / 23,-0.5821720790928662,-0.9923898476326278,0.575307831058099,-49.82900977932664,679.134041998214,92.04817248248101,False,183.30100000000004,-2.824841504158166,9.759919601359394,-69.07460540696725,871.166437950207,10.160499999998574,343.8578200000005,-2.2426694250652996,10.752309448992023,-19.24559562764061,192.03239595199295
1170615.0,-1.1271,0.7629,9.7426,-0.0568,0.0353,9.8064,-0.2392,-0.1842,0.0831,149.7,-82.66,168.37,53.05915,-1.758917,10.24,4,343.08,22 / 23,-0.6033900845737076,-0.7418367332378155,0.5294678310581408,-49.88828788750992,679.0473306691706,92.10341126558677,False,183.40099999999995,-2.8425232891762957,9.806432949279131,-69.35546441205626,872.1449533048765,10.21009999999985,343.8350800000073,-2.239133204602588,10.548269682516946,-19.467176524546346,193.09762263570587
1170715.0,-2.5575,0.2496,10.5872,-0.0261,-0.0085,9.8065,0.0309,0.0928,0.0863,147.88,-82.86,167.64,53.05915,-1.758917,10.24,4,343.08,22 / 23,-0.42885359595007866,-0.662815065323984,0.5652928310581082,-49.93990007153606,678.9770980792425,92.15814929869254,False,183.50099999999986,-2.92829274514567,9.791199629740559,-69.64949077175626,873.1234686588525,10.219711111111147,343.3494499999998,-2.499439149195591,10.454014695064544,-19.709590700220204,194.14637057961
1170814.0,-1.1006,-0.8145,9.8315,0.0279,-0.009,9.8065,0.0983,-0.3531,0.0047,149.99,-83.03,169.32,53.05915,-1.758917,10.24,4,343.08,22 / 23,-0.2962084574128557,-0.5179467026727426,0.6051601310581727,-49.97579064317758,678.9186503717266,92.21608672031738,False,183.60000000000002,-2.895625719949812,9.771084759072856,-69.93402594181009,874.0921988599847,10.191111111111521,343.49299999999835,-2.5994172625369565,10.2890314617456,-19.95823529863251,195.17354848825812
1170915.0,-5.5095,-2.0597,9.6176,0.0469,0.0277,9.8065,-0.0211,0.6895,-0.3248,148.68,-82.83,168.68,53.05915,-1.758917,10.24,4,343.08,22 / 23,-0.09317030840514198,-0.19460017270790453,0.5968680310581821,-49.99545427085137,678.88266675452,92.27678914250419,False,183.7009999999999,-2.923145695600307,9.792869963398562,-70.23099323345298,875.0806105630531,10.219838888884667,343.3797499999877,-2.829975387195165,9.987470136106467,-20.23553896260161,196.19794380853318
1171014.0,1.4577,0.8137,9.5518,0.0185,0.0407,9.8065,-0.1393,-0.0357,0.0803,155.74,-82.72,172.63,53.05915,-1.758917,10.24,4,343.08,22 / 23,-2.903057473053889,9.896896549950972,0.574894981058197,-70.51552840350602,876.0603490609842,92.3347914116039,True,183.79999999999984,-2.903057473053889,9.896896549950972,-70.51552840350602,876.0603490609842,10.313888888885973,343.6519999999915,0.0,0.0,0.0,0.0
1171115.0,2.235,1.1867,10.7054,0.0172,0.032,9.8065,0.0933,0.0734,-0.0064,156.46,-82.88,173.83,53.05915,-1.758917,10.24,4,343.08,22 / 23,-3.0377907277825735,9.756387188834264,0.6074119310582333,-70.8155412376486,877.052839889794,92.39449791066585,False,183.90099999999995,-2.9468784286570204,9.91948800600701,-70.81262937391055,877.0599914521908,10.347963888887373,343.45441000000386,0.0909122991255531,0.1631008171727455,0.002911863738049192,0.007151562396870759
1171215.0,3.1845,0.0725,10.1217,0.0146,0.0315,9.8065,-0.1621,-0.1462,0.1642,158.04,-82.65,177.13,53.05915,-1.758917,10.24,4,343.08,22 / 23,-3.267232662807702,9.621493502394586,0.6681019310581782,-71.13079240717784,878.0217339243545,92.45827360377162,False,184.00099999999986,-3.0196541991034507,10.002442499890936,-71.11333966991528,878.0606345967872,10.448311111111181,343.2013899999996,0.2475784637042513,0.38094899749635047,0.017452737262559026,0.03890067243264639
1171314.0,4.1472,1.6475,9.7041,-0.0134,0.0173,9.8065,-0.1107,0.2386,-0.2203,157.8,-82.88,177.09,53.05915,-1.758917,10.24,4,343.08,22 / 23,-3.5753574212168187,9.43296723522463,0.6786206810581953,-71.4695006163376,878.9649297308682,92.52493637307148,False,184.10000000000002,-2.94480043378473,9.965106147381972,-71.40449193694994,879.0403730947203,10.39111111110882,343.5369999999852,0.6305569874320884,0.5321389121573414,0.06500867938765964,0.07544336385205952
1171414.0,-3.3427,1.255,9.0159,0.0008,-0.0135,9.8066,0.0026,-0.1034,-0.1953,155.4,-83.03,172.57,53.05915,-1.758917,10.24,4,343.08,22 / 23,-3.5628129256108263,9.317856335469816,0.633955681058236,-71.82640913367865,879.902470909402,92.59056519117725,False,184.19999999999993,-3.0719235012049304,9.76428475014409,-71.71195300866646,880.0188884500328,10.236111111117983,342.5360000000444,0.4908894244058959,0.4464284146742745,0.11445612501219671,0.1164175406307777
1171514.0,-3.2528,-1.0234,9.4102,-0.0121,0.0037,9.8065,-0.0305,0.2682,-0.2997,152.7,-82.95,168.79,53.05915,-1.758917,10.24,4,343.08,22 / 22,-3.2695446063029237,9.477191968756927,0.57459568105829,-72.16802701027403,880.8422233246125,92.65099275928301,False,184.29999999999984,-3.0473090244963843,9.70912689457396,-72.01941408037875,880.9862843115768,10.176111111112952,342.5749999999988,0.22223558180653935,0.23193492581703268,0.14861292989527897,0.14406098696429126
1171614.0,-0.6556,0.3385,9.891,-0.0358,0.0012,9.8065,-0.076,0.0673,-0.0851,149.54,-82.81,165.45,53.05915,-1.758917,10.24,4,343.08,22 / 22,-3.1188862856406008,9.625697456108362,0.5589906810582687,-72.48744855487165,881.7973677958571,92.70767207738892,False,184.39999999999998,-3.0718523048253523,9.747416243155204,-72.32687515209177,881.9647996662552,10.219999999999352,342.508000000001,0.047033980815248455,0.12171878704684147,0.16057340277987464,0.16743187039810437
1171714.0,1.8012,-0.5116,10.4117,0.0024,0.0186,9.8065,-0.0489,0.0482,-0.1342,144.34,-82.83,162.78,53.05915,-1.758917,10.24,4,343.08,22 / 22,-3.179268953053892,9.621804262671112,0.5934606810582373,-72.80235631680608,882.7597428817952,92.76529464549469,False,184.4999999999999,-3.156643685193933,9.831793901609975,-72.64770409647895,882.9433150202242,10.32611111111099,342.20000000000033,0.022625267859958775,0.2099896389388629,0.15465222032713655,0.18357213842898545
1171814.0,1.5023,0.3867,9.0887,0.0332,-0.0183,9.8065,0.0774,-0.0624,0.0045,148.6,-82.88,163.12,53.05915,-1.758917,10.24,4,343.08,22 / 22,-3.3307425588615382,9.56017663811168,0.5878156810582297,-73.12785689240229,883.7188419268357,92.82435846360059,False,184.60000000000002,-3.107664050225655,9.871267668617495,-72.95516516819217,883.9329498680357,10.348888888888416,342.5249999999924,0.2230785086358833,0.3110910305058159,0.17269172421012513,0.21410794120004084
1171914.0,1.4098,-0.1073,10.9385,0.0638,-0.0141,9.8064,0.0834,0.2463,-0.3024,149.84,-83.08,166.34,53.05915,-1.758917,10.24,4,343.08,22 / 22,-3.456533565536939,9.499926923048083,0.6085106810582108,-73.4672206986219,884.6718471048928,92.88417478170636,False,184.69999999999993,-3.1855422792555044,9.812831551435986,-73.27599411256948,884.9114652226409,10.31694444444586,342.0150000000226,0.27099128628143454,0.3129046283879031,0.19122658605242293,0.23961811774813668
1172014.0,-0.5125,-0.2278,9.4105,-0.03,0.0253,9.8065,-0.1904,-0.2069,0.1143,149.67,-83.04,164.82,53.05915,-1.758917,10.24,4,343.08,22 / 22,-3.5116735816717344,9.518163487147905,0.6452956810581775,-73.81563105598202,885.6227516254017,92.94686509981213,False,184.79999999999984,-3.098572224992466,9.878492268706884,-73.57677124796508,885.9011000697426,10.353055555554446,342.5849999999825,0.4131013566792685,0.3603287815589784,0.23885980801694018,0.2783484443408497
1172114.0,0.9043,-1.7787,8.2069,-0.001,0.0197,9.8066,-0.2366,0.0201,0.1761,151.81,-83.31,163.84,53.05915,-1.758917,10.24,4,343.08,22 / 22,-3.5845815862338024,9.624330022165728,0.5455006810580414,-74.17044381437779,886.5798763008687,93.00640491791802,False,184.89999999999998,-3.1403311704909784,9.85480179227134,-73.89091625602188,886.8907349175543,10.343055555555702,342.32500000000385,0.444250415742824,0.2304717701056127,0.2795275583559089,0.31085861668555026
1172214.0,-2.5734,0.7221,9.4873,0.018,-0.0144,9.8065,-0.0014,0.0786,0.0206,150.47,-83.69,166.94,53.05915,-1.758917,10.24,4,343.08,22 / 22,-3.5439212292485323,9.739783164406427,0.44954568105812864,-74.52686895515158,887.5480819601964,93.05615723602378,False,184.9999999999999,-3.1590189055504103,9.800391035379736,-74.21174520040914,887.8692502715235,10.296944444444499,342.13400000000024,0.38490232369812194,0.060607870973308664,0.31512375474244436,0.3211683113270283
1172315.0,-1.0688,-1.5103,8.5164,-0.0151,-0.0282,9.8065,0.0536,-0.3466,0.196,156.55,-83.67,169.75,53.05915,-1.758917,10.24,4,343.08,22 / 22,-3.399888112186788,9.890486673794907,0.36826088105803795,-74.87753132689446,888.5394105870267,93.0974564674107,False,185.101,-3.1757434282471393,9.837950071735078,-74.52909849792331,888.8576619739652,10.33782500000123,342.1096599999968,0.22414468393964881,-0.05253660205982946,0.34843282897114136,0.3182513869384138
1172414.0,1.3623,-2.6346,8.8512,0.0481,-0.0371,9.8064,-0.0492,-0.0305,-0.2031,155.63,-83.94,169.89,53.05915,-1.758917,10.24,4,343.08,22 / 22,-3.501210201160008,10.09777256566445,0.25709873105811365,-75.2191356934049,889.5288294193793,93.12841176821043,False,185.19999999999993,-3.2426063714839204,9.907882161164938,-74.84671915284376,889.8374004725251,10.424999999996096,341.87800000001045,0.25860382967608775,-0.18989040449951133,0.37241654056113305,0.3085710531457835
1172514.0,0.2522,-0.3239,11.943,0.0442,0.022,9.8065,-0.0068,0.2727,-0.1781,158.01,-84.15,172.23,53.05915,-1.758917,10.24,4,343.08,21 / 22,-3.6399430893528724,10.226958422943722,0.31614373105806,-75.57619335793021,890.5450659688088,93.15707389131622,False,185.29999999999984,-3.2715967414239264,9.916191735860982,-75.17423203358831,890.8270353203345,10.441944444443925,341.7410000000042,0.36834634792894594,-0.31076668708274013,0.40196132434189735,0.2819693515257313
1172614.0,0.3365,-2.8074,7.6067,-0.0393,0.0627,9.8063,-0.2612,0.2176,-0.0267,160.76,-83.96,172.36,53.05915,-1.758917,10.24,4,343.08,21 / 22,-3.723202086910416,10.391418861188654,0.3129637310580557,-75.94435061674388,891.5759848330168,93.18852926442206,False,185.39999999999998,-3.335622587466452,9.863174391046236,-75.50842885065127,891.8166701674388,10.411944444444888,341.3150000000063,0.3875794994439641,-0.5282444701424183,0.4359217660926049,0.2406853344219826
1172714.0,3.8844,-0.4225,8.6725,-0.0163,0.0485,9.8065,-0.1965,-0.111,0.188,157.2,-84.29,172.42,53.05915,-1.758917,10.24,4,343.08,21 / 22,-3.9761262123871037,10.489765603475195,0.14625873105820733,-76.3293170317084,892.6200440562491,93.21149038752785,False,185.4999999999999,-3.255397461202831,9.863620139764611,-75.8292577950787,892.8063050138336,10.386944444444472,341.73499999999956,0.7207287511842728,-0.6261454637105839,0.5000592366296956,0.18626095758452266
1172814.0,2.6561,0.3547,10.4292,0.0435,-0.0366,9.8064,0.1061,-0.2546,-0.0151,161.73,-84.31,173.9,53.05915,-1.758917,10.24,4,343.08,21 / 22,-4.287229015631249,10.402673027904967,0.12067873105817245,-76.74248479310988,893.6646659878195,93.22483726063368,False,185.60000000000002,-3.2352361879532863,9.830195727590596,-76.15677067581089,893.7848203685124,10.348888888889615,341.7830000000003,1.0519928276779629,-0.5724773003143717,0.5857141172989913,0.12015438069295215
1172914.0,-0.4943,-2.7399,7.8784,-0.0264,-0.048,9.8064,0.1481,-0.1901,0.0199,161.03,-84.24,172.16,53.05915,-1.758917,10.24,4,343.08,21 / 22,-4.431353984988113,10.509074844332352,0.05539373105823188,-77.17841394314046,894.7102533814304,93.23364088373948,False,185.69999999999993,-3.2471586265242975,9.87803220234492,-76.47759962021478,894.7744552155425,10.398055555553375,341.80299999999914,1.1841953584638154,-0.6310426419874311,0.7008143229256802,0.06420183411205471
1173014.0,-0.4936,-1.1563,8.2679,-0.0065,-0.0063,9.8066,-0.136,-0.0224,0.1128,159.04,-84.34,169.68,53.05915,-1.758917,10.24,4,343.08,21 / 22,-4.453202391177491,10.736701440135105,-0.11795626894161045,-77.62264176194833,895.7725421956528,93.23051275684531,False,185.79999999999984,-3.1077222043273247,9.994948159133804,-76.78506069188782,895.7752095557771,10.46694444444233,342.72799999997164,1.3454801868501667,-0.7417532810013014,0.8375810700605086,0.0026673601242919176
1173114.0,2.8136,1.1483,10.7725,-0.0227,-0.011,9.8066,-0.0815,-0.1356,0.0992,163.9,-84.65,171.5,53.05915,-1.758917,10.24,4,343.08,21 / 22,-4.572446111795172,10.73261094272248,-0.14660126894164946,-78.07392418709757,896.8460078147972,93.21728487995114,False,185.89999999999998,-3.2415667366397933,9.892438783835237,-77.11257357267263,896.7648444028817,10.410000000000842,341.8570000000129,1.3308793751553782,-0.8401721588872437,0.9613506144249442,-0.08116341191544052
1173214.0,1.0221,-1.8282,10.0706,0.0146,0.0047,9.8066,-0.1048,0.1285,-0.086,158.85,-84.88,169.41,53.05915,-1.758917,10.24,4,343.08,21 / 22,-4.774744679603228,10.732509982856662,-0.08511126894170526,-78.54128372666707,897.9192638610751,93.20569925305698,False,185.9999999999999,-3.1788347965838204,9.911608206404372,-77.43340251704682,897.7544792492765,10.40888888888889,342.2179999999996,1.5959098830194076,-0.8209017764522901,1.1078812096202597,-0.16478461179860915
1173314.0,3.2575,-2.5827,9.8636,0.01,0.0205,9.8066,-0.0429,-0.1214,0.0357,161.57,-85.12,169.53,53.05915,-1.758917,10.24,4,343.08,21 / 22,-5.053705408804048,10.897568331504692,-0.06906626894168329,-79.03270623108811,899.0007677767946,93.19799037616279,False,186.10000000000002,-3.059305277588417,9.978499915063955,-77.73417965241597,898.7441140970883,10.436944444444075,342.9549999999875,1.9944001312156314,-0.9190684164407372,1.2985265786721385,-0.25665367970634634
1173414.0,-3.5193,0.7901,10.9573,0.0374,0.0087,9.8065,0.0931,0.4113,-0.2925,159.8,-84.98,171.37,53.05915,-1.758917,10.24,4,343.08,21 / 22,-5.073013610835511,11.019526726175577,-0.00868626894173815,-79.53904218206964,900.0966225296777,93.19410274926862,False,186.19999999999993,-3.1987965874406017,9.908394799683645,-78.05500859680656,899.7448684365432,10.411944444445552,342.1080000000376,1.874217023394909,-1.1111319264919324,1.4840335852630773,-0.3517540931344456
1173514.0,0.2035,-1.1607,9.4735,0.0174,-0.0169,9.8066,0.1403,-0.2659,-0.0169,161.79,-84.79,169.49,53.05915,-1.758917,10.24,4,343.08,21 / 22,-4.9247240582859355,11.122418756285082,0.032188731058224715,-80.03892906552525,901.2037198037997,93.19527787237445,False,186.29999999999984,-2.950274864196981,9.975943219448798,-78.34910179583171,900.7345032843532,10.403055555555829,343.5249999999565,1.9744491940889546,-1.1464755368362844,1.689827269693538,-0.46921651944649057
1173614.0,0.9882,-1.8725,8.2026,-0.0008,0.0104,9.8066,-0.1017,0.0949,-0.0481,157.3,-84.67,168.65,53.05915,-1.758917,10.24,4,343.08,21 / 22,-5.037522459283061,11.268848580810763,-0.06467126894190738,-80.53704139140439,902.323283170656,93.19365374548026,False,186.39999999999998,-2.8919440735344124,9.981441219181342,-78.63651105852567,901.7352576231755,10.391944444444608,343.8419999999953,2.145578385748649,-1.2874073616294215,1.9005303328787164,-0.5880255474805836
1173714.0,0.6201,1.5395,8.5803,-0.0504,-0.0541,9.8063,-0.1904,-0.1135,0.0794,154.64,-85.05,164.95,53.05915,-1.758917,10.24,4,343.08,21 / 22,-5.11925858078246,11.280248556235929,-0.20619126894177864,-81.0448804434072,903.4507380275073,93.18011061858608,False,186.4999999999999,-2.7181431299228245,10.1555913190443,-78.90386851217325,902.7471314558361,10.513055555555416,345.0159999999987,2.4011154508596353,-1.124657237191629,2.1410119312339475,-0.7036065716712301
1173814.0,1.5328,-2.1336,8.0826,0.0458,-0.1011,9.806,-0.2493,0.1213,-0.0054,145.77,-86.28,154.81,53.05915,-1.758917,10.24,4,343.08,21 / 22,-5.245315014969028,11.268726235207367,-0.3537112689419799,-81.56310912319547,904.578186767081,93.15211549169186,False,186.60000000000002,-2.628474674802866,10.176012032416832,-79.16454202951662,903.7701247809246,10.509999999998685,345.51700000000983,2.6168403401661626,-1.0927142027905354,2.3985670936788495,-0.8080619861564173
1173917.0,8.0455,-0.3957,10.892,-0.0193,-0.073,9.8063,0.0346,-0.6551,0.2355,142.13,-87.4,148.55,53.05915,-1.758917,10.24,4,343.08,21 / 22,-5.7227709397103705,11.102960863427175,-0.3866043189419282,-82.12796554986058,905.7303286526588,93.11398923891589,False,186.70299999999986,-2.4869718590991736,10.11925299474688,-79.41906632538941,904.8123548284907,10.420386111112188,346.1923099999832,3.235799080611197,-0.9837078686802947,2.7088992244711676,-0.9179738241681434
1174014.0,2.8021,0.5143,10.6261,-0.049,-0.0176,9.8064,0.2088,-0.4499,0.1667,124.9,-87.52,130.16,53.05915,-1.758917,10.24,4,343.08,21 / 22,-6.114160276664848,10.77489660463178,-0.29422151894194726,-82.70205671385466,906.7914047398594,93.08096918577853,False,186.79999999999984,-2.4168833032710175,10.112127811655135,-79.65246938245072,905.7938724461723,10.396944444445188,346.55799999998845,3.697276973393831,-0.6627687929766441,3.0495873314039414,-0.9975322936871862
1174114.0,-4.8862,0.2256,11.1071,-0.076,0.0479,9.8062,0.0961,-0.2642,0.4125,130.77,-86.8,139.41,53.05915,-1.758917,10.24,4,343.08,21 / 22,-6.022216171967614,10.844316831361681,-0.1882265189418026,-83.3088755362871,907.8723654116606,93.05684678388431,False,186.89999999999998,-2.4304435699987748,10.104877427951166,-79.89309109073515,906.7946267864099,10.393055555555613,346.4760000000012,3.591772601968839,-0.7394394034105147,3.4157844455519495,-1.0777386252506176
1174214.0,0.0419,2.4726,10.917,-0.0023,0.0422,9.8065,0.1168,-0.4717,0.2883,146.35,-86.82,152.62,53.05915,-1.758917,10.24,4,343.08,21 / 22,-5.800061554073783,10.94189317506822,-0.06768651894191213,-83.89998942258863,908.961675911981,93.04405113199013,False,186.9999999999999,-2.4914869258291206,10.057092838152258,-80.14708067172047,907.8065006190706,10.361111111111146,346.08600000000047,3.308574628244662,-0.884800336915962,3.7529087508681584,-1.155175292910485
1174314.0,-5.179,-1.7244,9.6541,-0.0282,0.0009,9.8066,0.0905,-0.1336,0.1672,152.32,-86.56,159.66,53.05915,-1.758917,10.24,4,343.08,21 / 22,-5.552081560311122,11.060609593596334,-0.019796518941846766,-84.46759657830866,910.0618010504157,93.03967698009593,False,187.10000000000002,-2.3207812470115146,10.099846278585037,-80.37433450732985,908.818374451026,10.363055555555437,347.0590000000052,3.2313003132996077,-0.9607633150112971,4.09326207097881,-1.2434265993897498
1174414.0,0.0043,1.9454,10.1116,-0.0512,0.0032,9.8065,0.0172,-0.3626,0.1845,155.17,-86.35,162.6,53.05915,-1.758917,10.24,4,343.08,21 / 22,-5.328183909850235,11.195601908244953,-0.012176518941853693,-85.01160985181623,911.1746116255068,93.03807832820175,False,187.19999999999993,-2.2572858500283988,10.105972768183614,-80.60158834294872,909.8191287911883,10.355000000000356,347.4089999999845,3.0708980598218365,-1.089629140061339,4.410021508867516,-1.3554828343185363
1174514.0,-3.7825,0.3201,10.7186,0.0435,-0.0098,9.8065,0.1293,0.1599,-0.2268,155.5,-86.42,163.17,53.05915,-1.758917,10.24,4,343.08,22 / 22,-5.114073283052045,11.197980567443434,0.048668481058091004,-85.53372271146087,912.2942907492902,93.03990292630756,False,187.29999999999984,-2.2159838497295286,10.013851941249028,-80.82215824224023,910.819883130716,10.256111111114146,347.5219999999965,2.8980894333225167,-1.184128626194406,4.711564469220633,-1.4744076185742188
1174614.0,1.2969,-0.7802,8.3553,-0.0749,0.0031,9.8063,0.0387,-0.1788,0.1251,155.88,-86.23,162.8,53.05915,-1.758917,10.24,4,343.08,22 / 22,-5.015572082992941,11.297865026693712,0.021698481058054272,-86.04020497976381,913.4190830289986,93.04342127441338,False,187.39999999999998,-2.1806000840616813,10.044926085517337,-81.03604420513484,911.8317569640859,10.27888888888855,347.75199999999654,2.83497199893126,-1.2529389411763745,5.004160774628971,-1.587326064912645
1174714.0,6.7223,1.5865,10.5339,0.1425,0.0314,9.8056,-0.1447,0.8852,-0.4396,169.64,-86.18,175.7,53.05915,-1.758917,10.24,4,343.08,22 / 22,-5.408810539065619,11.19563568265581,-0.014506518941912797,-86.56142411086627,914.543758064465,93.04378087251918,False,187.4999999999999,-2.0934891979319636,10.073655619785857,-81.24993016808189,912.8325113029065,10.288888888888877,348.2599999999994,3.315321341133655,-1.1219800628699534,5.311493942784381,-1.7112467615585274
1174814.0,2.84,1.5826,10.4182,0.0654,0.0447,9.8063,-0.1652,0.5326,-0.3078,171.62,-86.36,178.16,53.05915,-1.758917,10.24,4,343.08,22 / 22,-5.852128853730564,10.985496917425174,0.05243348105817858,-87.12447108050685,915.6528146944705,93.045677220625,False,187.60000000000002,-2.0094879207645,10.008314369641166,-81.4504482583277,913.8332656424363,10.208055555553383,348.6470000000004,3.8426409329660642,-0.9771825477840075,5.674022822179154,-1.8195490520341764
1174914.0,5.1321,-1.9952,8.5225,0.1227,-0.0143,9.8058,0.0709,0.805,-0.6654,160.71,-86.5,165.28,53.05915,-1.758917,10.24,4,343.08,22 / 22,-6.256363666907868,10.923177373971251,0.018803481058209295,-87.72989570653822,916.7482484090393,93.04923906873081,False,187.69999999999993,-1.975912807812314,9.865177411794367,-81.64428241222814,914.8229004901738,10.061111111117626,348.67399999999884,4.280450859095554,-1.0579999621768845,6.085613294310079,-1.9253479188655547
1175015.0,-7.8866,-0.7545,11.3959,0.0886,-0.0247,9.8061,0.0463,0.7686,-0.4597,164.25,-86.79,169.4,53.05915,-1.758917,10.24,4,343.08,22 / 22,-6.163199588879872,11.105030074946342,0.034211031058226565,-88.3570836509562,917.8606728852109,93.0519163015927,False,187.80100000000004,-1.7850549308074541,9.86136628528777,-81.81986941992348,915.8113121926161,10.021625000000911,349.739709999998,4.378144658072418,-1.2436637896585712,6.537214231032721,-2.049360692594746
1175114.0,12.6076,1.774,13.2903,0.1617,-0.1129,9.8046,0.448,0.5037,-0.1685,160.9,-86.18,161.1,53.05915,-1.758917,10.24,4,343.08,22 / 22,-6.360418754853266,10.986802381005246,0.2853195810580559,-88.97700275897057,918.9542185917797,93.06773306689244,False,187.89999999999998,-1.7673605012181464,9.832422735966114,-81.99853103833745,916.7910506912473,9.990000000000473,349.809999999999,4.59305825363512,-1.154379645039132,6.978471720633124,-2.1631679005324713
1175215.0,-11.4793,-2.8602,7.4817,0.2434,0.0653,9.8033,-0.0905,1.4919,-0.8418,165.75,-86.63,174.76,53.05915,-1.758917,10.24,4,343.08,22 / 22,-6.407924559939911,11.004108144302087,0.34383393105798954,-89.6218040963669,920.0647595733066,93.09950531925426,False,188.00099999999986,-1.6214468839982297,9.797733451756775,-82.1603491371762,917.7792400045392,9.931005555555672,350.60324999999904,4.786477675941681,-1.206374692545312,7.461454959190704,-2.285519568767313
1175314.0,-0.5579,-4.3897,7.0134,-0.0534,-0.0816,9.8061,0.2929,-0.1041,0.3004,154.52,-86.97,158.35,53.05915,-1.758917,10.24,4,343.08,22 / 22,-5.963542614824233,11.516065829999802,0.09048303105757993,-90.23419172151871,921.1795081850363,93.12100400887901,False,188.10000000000002,-1.4677414095725902,9.727953138703686,-82.29930817369315,918.7369619074697,9.838055555555124,351.4199999999972,4.4958012052516425,-1.7881126912961154,7.934883547825564,-2.4425462775666347
1175414.0,-10.4448,-3.6309,5.8173,0.1858,0.0086,9.8049,-0.2927,1.2024,-0.8118,163.22,-87.06,172.11,53.05915,-1.758917,10.24,4,343.08,22 / 22,-5.5887870480913575,12.077865451474688,-0.24864696894211158,-90.81180820466396,922.3592047491089,93.11309581198479,False,188.19999999999993,-1.4962221797796067,9.69410235263321,-82.45303870955804,919.7043577696501,9.80888888889018,351.2260000000086,4.092564868311751,-2.3837630988414773,8.358769495105918,-2.6548469794588527
1175514.0,5.806,0.9638,11.4685,-0.0337,-0.0344,9.8064,0.0563,-0.8661,0.4178,155.03,-87.34,162.71,53.05915,-1.758917,10.24,4,343.08,23 / 23,-5.387494560595574,12.263318559137435,-0.3650219689420056,-91.3606222850978,923.5762639496385,93.08241236509062,False,188.29999999999984,-1.3904719307881572,9.67672135934996,-82.58671743638922,920.6717536311935,9.776111111112117,351.82299999998173,3.9970226298074163,-2.586597199787475,8.773904848708582,-2.904510318444977
1175615.0,7.813,1.5019,9.7697,0.0452,0.0357,9.8064,-0.0724,0.0801,0.1518,154.41,-87.56,162.27,53.05915,-1.758917,10.24,4,343.08,23 / 23,-5.961456625620291,11.88368803720434,-0.2829645189419139,-91.93374432000235,924.7956877827551,93.04968904745245,False,188.40099999999995,-1.2402401164070898,9.52914654527643,-82.71498217478066,921.6373703741496,9.60951944444681,352.5844500000053,4.7212165092132015,-2.354541491927911,9.218762145221689,-3.1583174086055124
1175714.0,4.1023,0.0659,9.973,-0.09,0.0012,9.8062,0.0102,-0.9922,0.5165,166.26,-87.64,171.9,53.05915,-1.758917,10.24,4,343.08,23 / 23,-6.477497113183876,11.62501457063655,-0.27655921894191815,-92.54947253007273,925.9593685618424,93.02199262242722,False,188.4999999999999,-1.277382277335975,9.365230819281262,-82.84070701736194,922.5620673838735,9.451944444444626,352.2330000000004,5.200114835847901,-2.259783751355288,9.708765512710798,-3.397301177968984
1175814.0,1.8682,-0.0099,11.0049,-0.0559,-0.0064,9.8064,0.0541,-0.163,0.2172,159.68,-87.47,167.99,53.05915,-1.758917,10.24,4,343.08,23 / 23,-6.765381692183681,11.568421664908874,-0.20832921894182502,-93.21161647034201,927.1190403736213,92.997748200533,False,188.60000000000002,-1.0452466242006953,9.35987339348672,-82.94096606251158,923.4961047681419,9.418055555554107,353.62799999999845,5.720135067982985,-2.2085482714221527,10.27065040783043,-3.6229356054793698
1175914.0,-7.769,0.7702,10.4656,-0.135,-0.0022,9.8057,0.0728,-0.7195,0.3374,154.56,-86.9,158.32,53.05915,-1.758917,10.24,4,343.08,23 / 23,-6.490253564619254,11.695543434874642,-0.11546921894190944,-93.87439823318155,928.2822386286094,92.98155827863883,False,188.69999999999993,-1.0518215070205608,9.260457414050885,-83.04790904398398,924.4190226599156,9.320000000004347,353.52000000000476,5.438432057598693,-2.435086020823757,10.826489189197574,-3.863215968693794
1176014.0,1.3004,1.4822,10.4428,-0.1277,-0.0236,9.8058,0.2011,-0.8126,0.414,152.0,-86.68,155.21,53.05915,-1.758917,10.24,4,343.08,23 / 23,-6.151776730580286,11.758341227074935,-0.05071421894196826,-94.50649974794095,929.4549328617059,92.97324910674465,False,188.79999999999984,-0.9638218855674153,9.301307778222847,-83.14148415274983,925.3530600427671,9.351111111110155,354.08399999998267,5.187954845012871,-2.457033448852087,11.365015595191124,-4.101872818938773
1176114.0,-7.1732,-1.3443,11.3182,-0.019,0.0023,9.8066,-0.0894,0.0294,-0.1313,151.34,-86.62,158.13,53.05915,-1.758917,10.24,4,343.08,23 / 23,-5.898894767253763,11.919867834537113,0.05667078105817826,-95.10903332283347,930.6388433147881,92.97354693485046,False,188.89999999999998,-0.8124835984047171,9.506454209474592,-83.22169138884063,926.3093364118864,9.541111111108302,355.1149999999848,5.086411168849046,-2.413413625062521,11.887341933992843,-4.329506902901699
1176214.0,2.4901,-0.4858,10.5261,-0.1633,-0.0357,9.8051,0.1195,-0.9483,0.7621,147.25,-86.46,149.43,53.05915,-1.758917,10.24,4,343.08,23 / 23,-5.742336641454604,12.130101228690615,0.1682207810580768,-95.69109489326836,931.8413417679484,92.98479151295626,False,188.9999999999999,-1.0271852121253031,9.532874691110221,-83.32863437032039,927.2544932885787,9.588055555555503,353.85000000000144,4.715151429329301,-2.5972265375803936,12.36246052294797,-4.586848479369678
1176315.0,-5.8607,-0.0581,10.0485,0.0293,0.0334,9.8065,0.0269,0.1759,-0.2383,153.56,-86.59,160.54,53.05915,-1.758917,10.24,4,343.08,23 / 23,-5.605296693090345,12.243668133703395,0.2167664310581311,-96.26415037666352,933.0722171207507,93.00423336716815,False,189.101,-0.8907604730811636,9.344997497955406,-83.41619393637563,928.1977598510574,9.387369444442323,354.55521000001426,4.714536220009181,-2.8986706357479886,12.847956440287888,-4.874457269693266
1176415.0,6.9618,1.7164,11.577,-0.1305,-0.0278,9.8057,0.1649,-0.7557,0.5385,155.43,-86.22,158.82,53.05915,-1.758917,10.24,4,343.08,23 / 23,-5.630760745842381,12.180757859377234,0.3173764310580397,-96.82595324860965,934.2934384204036,93.03094051027394,False,189.2009999999999,-0.7166490379350748,9.209187131641531,-83.48336749661429,929.120566547894,9.23706388888836,355.55029000006977,4.914111707907306,-2.9715707277357026,13.342585751995358,-5.172871872509631
1176514.0,2.1855,1.5056,10.5,0.0603,0.0394,9.8063,0.0408,0.4879,-0.3058,166.33,-85.95,171.18,53.05915,-1.758917,10.24,4,343.08,23 / 23,-5.998957700423307,11.889087649637162,0.43932958105795683,-97.40162431169941,935.484895773099,93.06839745787366,False,189.29999999999984,-0.967574835139303,9.19813810601954,-83.58262395124633,930.0232469619148,9.248888888888523,353.9950000000482,5.031382865284003,-2.690949543617622,13.819000360453074,-5.4616488111842045
1176615.0,5.9608,2.4592,9.4025,-0.1005,0.007,9.8061,-0.0595,-0.2031,0.2674,163.35,-85.75,167.74,53.05915,-1.758917,10.24,4,343.08,23 / 23,-6.341816376390669,11.611541701309843,0.4539341810579732,-98.0248334025792,936.6716775553231,93.11350727786056,False,189.40099999999995,-0.8828205192789723,9.28965301796619,-83.67031719609531,930.9666247193178,9.331511111110517,354.5713099999921,5.458995857111697,-2.321888683343653,14.354516206483893,-5.7050528360052795
1176714.0,2.4559,1.3938,9.1853,0.0062,-0.0381,9.8065,-0.0032,0.4074,-0.0473,161.08,-85.82,169.05,53.05915,-1.758917,10.24,4,343.08,23 / 23,-6.68424986660743,11.332731875800672,0.40317193105800775,-98.66962368160718,937.8074190973892,93.15593403041028,False,189.4999999999999,-0.8009403533681576,9.336820551297736,-83.74972235981149,931.891321729742,9.371111111111064,355.09699999999935,5.883309513239272,-1.995911324502936,14.919901321795692,-5.9160973676472395
1176814.0,-3.5413,1.7936,9.585,0.0682,-0.0163,9.8064,-0.0377,0.4246,-0.4207,163.76,-86.32,168.4,53.05915,-1.758917,10.24,4,343.08,23 / 23,-6.584651489206066,11.217727740959187,0.36102193105795033,-99.33306874939876,938.9349420782288,93.19414372351613,False,189.60000000000002,-0.854434312394788,9.33988751516587,-83.83661353225912,932.8253591140108,9.378888888890252,354.77300000000986,5.730217176811278,-1.8778402257933173,15.49645521713964,-6.109582964218021
1176914.0,4.3111,-0.7655,11.2153,0.0314,-0.0527,9.8064,0.1066,-0.1023,0.1197,159.64,-86.45,163.68,53.05915,-1.758917,10.24,4,343.08,23 / 23,-6.607236352162335,11.169316359734466,0.4203719310578964,-99.99266314146658,940.0542942832625,93.2332134166219,False,189.69999999999993,-0.7529819541610421,9.441131492339366,-83.9101368320131,933.7705159906341,9.471111111107021,355.43999999997044,5.854254398001293,-1.7281848673951004,16.082526309453485,-6.283778292628426
1177014.0,-5.1287,-0.9012,9.9829,0.0733,0.0146,9.8063,-0.0968,0.6678,-0.3421,164.4,-86.84,169.61,53.05915,-1.758917,10.24,4,343.08,23 / 23,-6.589877189619032,11.269855220454954,0.49961693105782434,-100.65251881855505,941.176252862271,93.27921285972764,False,189.79999999999984,-0.7537261945459919,9.398714938899468,-83.99034406812957,934.715672866619,9.428888888890187,355.41500000000076,5.83615099507304,-1.8711402815554852,16.66217475042548,-6.460579995651983
1177114.0,-3.1992,0.1731,10.0866,-0.0484,-0.005,9.8065,0.2489,-0.5049,0.3381,157.18,-86.67,161.14,53.05915,-1.758917,10.24,4,343.08,23 / 23,-6.206899234100218,11.46348450067956,0.5224269310578555,-101.2923576397419,942.3129198483292,93.33031505283348,False,189.89999999999998,-0.8140755195513889,9.458922099426381,-84.07055130421996,935.6608297433133,9.493888888887929,355.08100000000496,5.392823714548829,-2.004562401253178,17.221806335521933,-6.652090105015873
1177214.0,-3.9043,-3.9504,9.921,0.1094,0.0607,9.8058,-0.0531,0.2487,-0.0303,163.25,-86.28,171.58,53.05915,-1.758917,10.24,4,343.08,23 / 23,-5.929059212233927,11.790140431008153,0.5421419310578377,-101.89915556205806,943.4756010949126,93.38354349593922,False,189.9999999999999,-0.6985034234265306,9.550601917146652,-84.1373906676353,936.6171061117236,9.576111111111018,355.8169999999991,5.230555788807396,-2.2395385138615005,17.761764894422754,-6.858494983188962
1177315.0,-1.2075,1.0427,11.0037,-0.0976,-0.009,9.8061,-0.0919,-0.3477,0.1973,162.36,-86.25,171.08,53.05915,-1.758917,10.24,4,343.08,23 / 23,-5.725434987538008,12.033904821697607,0.6083676310579117,-102.4877075191472,944.6787153801756,93.44164422882614,False,190.101,-0.5734744438746993,9.497445471358656,-84.19834816706752,937.5717145578914,9.514769444444122,356.54452999998125,5.151960543663309,-2.5364593503389514,18.28935935207967,-7.107000822284249
1177414.0,3.0822,-1.116,8.0763,0.015,-0.016,9.8065,-0.0975,-0.4021,0.1903,156.06,-86.43,163.33,53.05915,-1.758917,10.24,4,343.08,23 / 23,-5.818098908261054,12.018275900267112,0.5819692810579297,-103.05911244698886,945.869298325912,93.50056590597583,False,190.19999999999993,-0.7924494941336654,9.458807172983507,-84.27775333079107,938.5074198657487,9.491944444445465,355.21100000005976,5.025649414127389,-2.5594687272836047,18.78135911619779,-7.361878460163325
1177515.0,1.0382,-2.4444,9.0599,-0.0768,-0.0517,9.8061,0.0346,-0.3814,0.1933,160.01,-86.9,164.62,53.05915,-1.758917,10.24,4,343.08,22 / 23,-6.078737887140613,12.132062908756803,0.45687573105779006,-103.65990270515732,947.0888904357691,93.55302757908774,False,190.30100000000004,-0.6583100144608445,9.457365706968524,-84.33864399088682,939.4620283105024,9.480249999999288,356.0181700000024,5.4204278726797686,-2.6746972017882786,19.3212587142705,-7.626862125266712
1177615.0,4.2628,2.2949,10.0978,-0.0846,-0.1062,9.8057,0.244,-0.6765,0.3236,139.3,-87.11,145.21,53.05915,-1.758917,10.24,4,343.08,22 / 23,-6.263845893736876,12.028994402909351,0.43409573105781085,-104.27703189420063,948.2969433013513,93.59757615219348,False,190.40099999999995,-0.6735959609863027,9.481213296388324,-84.4121004512828,940.4072963821118,9.505111111110947,355.9362299999996,5.590249932750574,-2.547781106521027,19.864931442917836,-7.889646919239567
1177715.0,-6.2162,-3.3873,9.2223,-0.0689,-0.0358,9.8062,0.0661,-0.2525,0.182,135.81,-86.78,140.7,53.05915,-1.758917,10.24,4,343.08,22 / 23,-6.259027975695417,12.165077783702406,0.4194357310578242,-104.90317558767168,949.5066469106808,93.64025272529922,False,190.50099999999986,-0.6712706359111271,9.492963394341274,-84.47900665406125,941.3635727505364,9.516669444444377,355.9552300000005,5.5877573397842895,-2.6721143893611323,20.42416893361043,-8.143074160144465
1177815.0,0.7435,-0.1177,9.9537,-0.1003,-0.0246,9.8061,0.1883,-0.5463,0.6314,139.67,-86.73,145.07,53.05915,-1.758917,10.24,4,343.08,22 / 23,-6.199515797945884,12.50760868889714,0.39757073105779445,-105.52610277635459,950.7402812343125,93.68110304840506,False,190.601,-0.7376373953746032,9.543510271212147,-84.55259679317119,942.3197379254243,9.571975000000045,355.5802799999976,5.461878402571282,-2.9640984176849923,20.9735059831834,-8.420543308888227
1177915.0,-4.7943,0.4583,9.5916,-0.0601,-0.0108,9.8064,0.1918,-0.246,0.2497,145.71,-86.7,155.53,53.05915,-1.758917,10.24,4,343.08,22 / 23,-6.031718220913395,12.629195376378558,0.39417073105779754,-106.137664477297,951.9971214375752,93.72069012151081,False,190.7009999999999,-0.7659593475350189,9.5435224090738,-84.63273718991877,943.2648948013482,9.574211111114616,355.4113099999942,5.265758873378376,-3.085672967304758,21.504927287378223,-8.732226636226983
1178015.0,12.7216,1.0326,12.1553,-0.0351,0.0083,9.8066,0.2146,-0.6092,0.8174,150.05,-86.36,156.29,53.05915,-1.758917,10.24,4,343.08,22 / 23,-6.354830664605729,12.408971693511331,0.5008507310579431,-106.7569919215738,953.2490297910714,93.76544119461666,False,190.80100000000004,-0.7393037253892628,9.467110347295424,-84.70632732902835,944.2100516780425,9.495938888889379,355.5347200000179,5.615526939216466,-2.941861346215907,22.050664592545445,-9.038978113028861
1178114.0,-2.907,0.6299,8.6984,-0.1682,-0.0235,9.8052,-0.0592,-0.4343,0.5261,159.23,-86.62,167.13,53.05915,-1.758917,10.24,4,343.08,22 / 23,-6.734864068842198,12.098637585797782,0.5622505310579013,-107.40493181087903,954.4621564503964,93.81806470709135,False,190.89999999999998,-0.840476963961198,9.441553528999158,-84.78573249277083,945.1457569859681,9.478888888889143,354.9130000000093,5.894387104881,-2.657084056798624,22.6191993181082,-9.316399464428287
1178214.0,3.6477,2.4893,9.8876,-0.118,-0.016,9.8059,-0.1661,-0.555,0.563,147.79,-86.43,153.68,53.05915,-1.758917,10.24,4,343.08,22 / 23,-6.681861745779154,11.944775331606625,0.5108855310579481,-108.0757681016095,955.6643270962655,93.87172151019709,False,190.9999999999999,-0.6576821918532714,9.522314799171342,-84.85257185619945,946.102033355793,9.544999999999924,356.0489999999987,6.024179553925882,-2.4224605324352826,23.22319624541005,-9.562293740472569
1178314.0,-4.264,0.5749,10.285,-0.0251,0.0316,9.8066,-0.1439,-0.2873,0.1072,152.7,-86.88,160.02,53.05915,-1.758917,10.24,4,343.08,22 / 23,-6.574829209726458,11.840774867195288,0.5388505310579863,-108.73860264938568,956.8536046062072,93.92420831330296,False,191.10000000000002,-0.637904813120462,9.568760497024583,-84.91941121958818,947.0583097242059,9.590000000001064,356.1859999999971,5.9369243966059955,-2.272014370170705,23.8191914297975,-9.795294882001372
1178415.0,3.1577,2.7941,12.2021,-0.1214,-0.074,9.8056,0.3636,-0.9671,0.6891,148.91,-86.83,156.13,53.05915,-1.758917,10.24,4,343.08,22 / 23,-6.441311599275508,11.737190709758432,0.6839774310578217,-109.39591776023954,958.044291867842,93.98596112538974,False,191.2009999999999,-0.6766118005465381,9.63886163568779,-84.98705265537215,948.0353795442942,9.66258611110826,355.98468000002805,5.76469979872897,-2.098329074070641,24.408865104867388,-10.008912323547861
1178514.0,4.4011,3.1813,11.0411,0.0011,0.019,9.8065,-0.2264,0.9727,-0.5743,160.36,-86.56,168.38,53.059937,-1.7591,9.21,4,355.44,22 / 23,-6.661515805165684,11.342915125000797,0.8636574810576996,-110.04450771675894,959.1867571066618,94.0625690535394,False,191.29999999999984,-0.7869608893105868,9.694221469738343,-85.06645781911463,948.9931014472224,9.726111111109141,355.3590000000194,5.874554915855097,-1.6486936552624538,24.97804989764431,-10.1936556594394
1178615.0,0.5424,4.2983,10.9772,-0.0642,0.015,9.8063,0.0674,-0.3783,0.4219,161.36,-86.1,169.13,53.059937,-1.7591,9.21,4,355.44,22 / 23,-6.7761075107358915,10.930007627520645,0.9851099810578352,-110.72310769421273,960.3115397056654,94.15593181037634,False,191.40099999999995,-0.7468804643084902,9.770932551267634,-85.14085003058543,949.9814019554544,9.799438888888071,355.62889000000615,6.029227046427401,-1.1590750762530106,25.582257663627303,-10.330137750210952
1178715.0,3.5249,-0.5552,8.4111,0.0088,-0.0403,9.8065,-0.0379,-0.4813,0.0894,162.37,-85.91,170.16,53.059937,-1.7591,9.21,4,355.44,22 / 23,-6.911671172028245,10.718081409589967,0.9738599810578454,-111.40749662835032,961.39394415752,94.25388030848204,False,191.50099999999986,-0.8197025581969221,9.82046249485944,-85.22754068495594,950.9600285057553,9.854619444444355,355.2285999999992,6.091968613831323,-0.8976189147305274,26.179955943394376,-10.433915651764664
1178814.0,5.4261,0.1239,9.1583,-0.0379,-0.043,9.8064,-0.0429,-0.5238,0.6398,159.62,-86.42,167.38,53.059937,-1.7591,9.21,4,355.44,22 / 23,-7.3384959905370515,10.619133655743605,0.8726869310576819,-112.11287990289844,962.4501363032557,94.34528438063191,False,191.60000000000002,-0.7128617830291366,9.901315775259297,-85.2937116547374,951.939767004389,9.926944444445244,355.881999999991,6.625634207507915,-0.7178178804843078,26.81916824816105,-10.510369298866749
1178914.0,6.4849,0.9478,10.472,0.0011,0.0491,9.8065,-0.0254,0.6916,-0.6515,166.22,-86.5,175.2,53.059937,-1.7591,9.21,4,355.44,22 / 23,-7.89596216117333,10.422884400137814,0.8735369310576812,-112.87460281048327,963.5022372060488,94.4325955737376,False,191.69999999999993,-0.8213096584892567,9.947262410189524,-85.38060282717872,952.9405213431367,9.981111111108708,355.2800000000267,7.0746525026840725,-0.47562198994829075,27.493999983304548,-10.561715862912138
1179014.0,-0.0819,2.0176,12.3041,-0.0246,-0.0478,9.8065,0.1094,0.1074,0.0003,154.36,-86.18,164.76,53.059937,-1.7591,9.21,4,355.44,22 / 23,-8.155159337312835,10.237542200917742,1.0316769310575373,-113.67715888540684,964.5352585361006,94.52785626684327,False,191.79999999999984,-0.6053141584959492,10.128873398757705,-85.4407582542509,953.9523951757968,10.146944444439354,356.5799999999601,7.549845178816886,-0.10866880216003771,28.236400631155945,-10.582863360303804
1179114.0,0.5114,2.1077,9.7291,0.0885,-0.0057,9.8062,0.009,0.6008,-0.469,161.81,-86.26,173.55,53.059937,-1.7591,9.21,4,355.44,22 / 23,-8.103179446096327,10.06731413766666,1.1526719310577025,-114.49007582457841,965.5505013530312,94.63707370994918,False,191.89999999999998,-0.5594963817942376,10.182696151459162,-85.49422974497801,954.9642690091671,10.1980555555548,356.8549999999959,7.54368306430209,0.11538201379250168,28.995846079600398,-10.58623234386414
1179214.0,-3.7143,0.0794,11.1988,-0.0165,-0.0088,9.8065,0.159,0.0521,-0.0252,158.23,-86.16,165.5,53.059937,-1.7591,9.21,4,355.44,22 / 23,-7.92369084791933,10.051614793614975,1.2184019310576428,-115.29141933927846,966.5564477995944,94.75562740305483,False,191.9999999999999,-0.7389355526160026,10.169299682829864,-85.56775304473703,955.9872623342533,10.196111111111113,355.84400000000113,7.184755295303328,0.11768488921488895,29.72366629454143,-10.569185465341093
1179314.0,-2.9975,-3.7063,8.8649,0.0192,-0.0125,9.8066,-0.1482,0.3056,-0.2129,151.84,-86.05,161.66,53.059937,-1.7591,9.21,4,355.44,22 / 23,-7.710477011508859,10.377729917044931,1.2409219310576736,-116.07312773225094,967.5779150351287,94.87859359616077,False,192.10000000000002,-0.6193875198393733,10.153069136036,-85.62790847179477,956.999136166209,10.171944444444222,356.50900000000644,7.091089491669486,-0.2246607810089305,30.44521926045617,-10.578778868919699
1179414.0,0.8652,4.463,9.6369,-0.0266,-0.0507,9.8064,-0.033,-0.152,0.148,147.18,-86.48,156.75,53.059937,-1.7591,9.21,4,355.44,22 / 23,-7.589174682010909,10.42705037130062,1.1853469310577243,-116.83811031692623,968.6181540495451,94.99990703926643,False,192.19999999999993,-0.5418408181743785,10.14248140127968,-85.68137996254424,958.011009998796,10.156944444445108,356.94199999998074,7.04733386383653,-0.28456897002094017,31.156730354381992,-10.60714405074907
1179514.0,1.6586,-2.6724,9.679,0.0295,-0.0319,9.8065,-0.0834,0.2025,-0.0888,142.67,-86.78,152.22,53.059937,-1.7591,9.21,4,355.44,21 / 22,-7.661588841532435,10.297499802571568,1.1704769310577379,-117.60064849310271,969.6543815582378,95.11769823237209,False,192.29999999999984,-0.5898739749457125,9.987595991717676,-85.74153538960162,959.0117643390316,10.005000000004665,356.6200000000099,7.071714866586722,-0.30990381085389274,31.859113103501087,-10.642617219206159
1179614.0,2.2472,-1.318,11.5622,-0.0109,-0.0472,9.8065,-0.0839,-0.1985,0.1432,136.08,-87.29,145.72,53.059937,-1.7591,9.21,4,355.44,21 / 22,-7.947646627842003,10.347344388884325,1.251871931057849,-118.38111026657249,970.686623767812,95.23881567547804,False,192.39999999999998,-0.6848832043875182,9.984593682240318,-85.81505868936071,960.0013991854289,10.008055555555512,356.07600000000804,7.262763423454485,-0.36275070664400744,32.56605157721178,-10.685224582383057
1179714.0,-4.7132,-1.2157,9.1615,-0.0619,-0.0057,9.8064,-0.0254,0.0273,0.0429,130.56,-87.32,139.88,53.059937,-1.7591,9.21,4,355.44,21 / 22,-7.982184783043197,10.558354369897765,1.3073919310577986,-119.17760183711603,971.7319087057501,95.36677886858371,False,192.4999999999999,-0.4619088443254551,9.987379792093089,-85.85516230742623,961.0021535256639,9.998055555555567,357.3519999999985,7.520275938717742,-0.5709745778046766,33.3224395296898,-10.729755180086272
1179814.0,-3.8316,-1.0247,10.0499,-0.0395,-0.0206,9.8065,0.0852,-0.2188,0.0641,131.65,-87.24,140.21,53.059937,-1.7591,9.21,4,355.44,21 / 22,-7.801933321217905,10.976466675817099,1.2872969310577713,-119.96680774233016,972.8086497580373,95.49651331168967,False,192.60000000000002,-0.7349861049690857,9.991893213670329,-85.93536954351617,962.0029078651937,10.018888888888299,355.79300000001734,7.066947216248819,-0.9845734621467699,34.03143819881399,-10.805741892843571
1179915.0,-3.5544,2.7357,10.18,0.0805,0.0174,9.8063,0.0458,0.7289,-0.5004,133.46,-86.99,142.99,53.059937,-1.7591,9.21,4,355.44,21 / 22,-7.503683278783538,11.213669052693401,1.318435231057736,-120.73974138062935,973.9292516123257,95.62810278587635,False,192.7009999999999,-0.5286257537308822,9.964705502119052,-85.9894425885229,963.0025502556255,9.978719444445197,356.9633100000164,6.975057525052656,-1.2489635505743486,34.75029879210645,-10.926701356700278
1180015.0,-0.0008,-0.9776,8.9177,-0.0447,0.0111,9.8065,-0.1017,-0.1087,-0.0199,132.16,-86.82,140.43,53.059937,-1.7591,9.21,4,355.44,21 / 22,-7.333528578216695,11.304228281017147,1.2926552310577009,-121.48160197348038,975.0551464790128,95.75865730898231,False,192.80100000000004,-0.5938820920590698,9.943757085845073,-86.0498653730603,964.0030822060078,9.961513888890117,356.5820500000455,6.739646486157626,-1.3604711951720745,35.43173660042008,-11.052064273005044
1180114.0,4.8697,-0.0094,10.2639,0.1334,0.0031,9.8057,-0.0428,0.6097,-0.244,128.59,-86.95,136.95,53.059937,-1.7591,9.21,4,355.44,21 / 22,-7.536046706827277,11.17053012419795,1.2712860810577153,-122.21764595008956,976.1676470200703,95.88557240393193,False,192.89999999999998,-0.8639707516364528,9.881189773020843,-86.13588763379666,964.9718124071377,9.918888888889525,355.00300000002363,6.672075955190825,-1.289340351177108,36.081758316292905,-11.195834612932572
1180214.0,2.2108,0.8048,10.1593,0.0317,0.0619,9.8064,-0.1465,0.3553,-0.1694,143.6,-87.35,154.1,53.059937,-1.7591,9.21,4,355.44,21 / 22,-7.76709943581783,10.905963090293497,1.3117810810576787,-122.98280325722112,977.2714716807939,96.01472576203759,False,192.9999999999999,-0.7832024641013975,9.84389246691706,-86.21609486987367,965.9614472535322,9.875000000000048,355.4509999999995,6.983896971716432,-1.062070623376437,36.76670838734745,-11.310024427261624
1180314.0,2.9248,1.1905,10.3327,0.0794,0.0275,9.8063,-0.0326,0.3975,-0.1044,151.95,-87.45,163.58,53.059937,-1.7591,9.21,4,355.44,21 / 22,-7.942006200714862,10.712562240621494,1.3557160810577387,-123.76825853904883,978.352397947341,96.14810062014354,False,193.10000000000002,-0.8196409880851272,9.837023087222763,-86.29630210597772,966.9399626075038,9.871111111111214,355.23699999998496,7.1223652126297345,-0.8755391533987318,37.471956433071114,-11.412435339837202
1180414.0,-0.8393,-0.9501,8.0377,0.0918,0.0728,9.8059,-0.1879,0.3852,-0.1781,160.74,-87.34,173.26,53.059937,-1.7591,9.21,4,355.44,21 / 22,-8.02391625501846,10.676841360856178,1.2935710810577952,-124.56655466183477,979.421868127414,96.28056497824919,False,193.19999999999993,-0.9954953268561082,9.827765290891016,-86.40324508742353,967.9295974552412,9.878055555555248,354.21600000004526,7.028420928162351,-0.8490760699651627,38.163309574411244,-11.492270672172822
1180515.0,2.861,-0.509,9.8,-0.0003,0.0348,9.8066,-0.0895,0.0316,0.0768,162.09,-87.33,174.72,53.059937,-1.7591,9.21,4,355.44,20 / 22,-8.147535132417095,10.743705353280385,1.203903281057695,-125.38321295690118,980.5036057364791,96.40668743353616,False,193.30100000000004,-0.936752595278013,9.838389427253153,-86.49782278666719,968.9178979634598,9.882886111111594,354.5610300000085,7.210782537139083,-0.9053159260272317,38.88539017023399,-11.585707773019294
1180614.0,-2.5211,-1.0492,8.8739,0.0567,0.0456,9.8063,-0.0349,0.2423,-0.161,171.62,-87.12,-178.24,53.059937,-1.7591,9.21,4,355.44,20 / 22,-8.17394891963525,10.820723202929068,1.1574029810577269,-126.19112641747722,981.5710449500108,96.5235720935108,False,193.39999999999998,-0.9855538991367677,9.816762804952116,-86.5970792413387,969.8866281638894,9.866111111111362,354.2670000000044,7.188395020498483,-1.003960397976952,39.59404717613852,-11.684416786121346
