time,acc_x,acc_y,acc_z,grav_x,grav_y,grav_z,gyro_yaw,gyro_pitch,gyro_roll,orient_yaw,orient_pitch,orient_roll,gps_lat,gps_lon,gps_speed,gps_accuracy,gps_orient,gps_sats,ins_vel_x,ins_vel_y,ins_vel_z,ins_pos_x,ins_pos_y,ins_pos_z,ins_is_reset,_t_sec,true_vel_x,true_vel_y,true_pos_x,true_pos_y,true_speed_ms,true_heading,err_vel_x,err_vel_y,err_pos_x,err_pos_y
310314.0,-0.8319,2.3525,10.0381,0.0585,-0.0519,9.8063,-0.0331,0.3962,-0.2659,74.46,-86.38,28.29,53.040535,-1.817358,4.95,4.0,47.15,22 / 24,2.792831429918248,2.8468719181337128,0.0,0.0,0.0,0.0,False,0.0,2.792831429918248,2.8468719181337128,0.0,0.0,3.9880555555555555,44.451,0.0,0.0,0.0,0.0
310414.0,3.0268,-1.966,9.2447,0.0327,-0.033,9.8065,0.0194,-0.0713,-0.0235,75.01,-86.31,30.76,53.040535,-1.817358,4.95,4.0,47.15,22 / 24,2.437933438443968,2.3550447780993196,-0.014046249999995162,0.2615382434180216,0.26009583481156295,-0.0007023124999995185,False,0.0999999999999659,2.9963707905460284,2.991250108048033,0.30085173182037694,0.30022630254396804,4.233888888874496,45.048999999964984,0.5584373521020605,0.6362053299487136,0.03931348840235532,0.040130467732405084
310514.0,3.9356,-1.9798,8.5346,0.0451,-0.0574,9.8063,-0.1412,0.5313,-0.1859,77.67,-86.25,31.14,53.041153,-1.816181,16.77,4.0,49.9,20 / 22,2.3570393200382567,1.993020470731831,-0.105746250000016,0.5012868813421874,0.4774990972531699,-0.006691937500001439,False,0.19999999999998863,3.2689774186302634,3.1171419201843515,0.6284458398356533,0.6004526044026279,4.516944444432055,46.36199999994253,0.9119380985920067,1.1241214494525205,0.12715895849346592,0.12295350714945802
310614.0,3.399,-3.5633,8.5055,-0.0892,0.0501,9.806,-0.0091,-0.5568,0.2693,78.78,-85.83,31.48,53.041153,-1.816181,16.77,4.0,49.9,20 / 22,2.191010843646319,1.6002617175833038,-0.23440624999997212,0.7286893895263385,0.6571632066688654,-0.023699562499995042,False,0.2999999999999545,3.454552623578768,3.1987268225138052,0.9760967299423533,0.9229178918187693,4.708055555549907,47.20199999997517,1.2635417799324489,1.5984651049305014,0.24740734041601475,0.26575468514990386
310714.0,4.0924,-3.6456,9.1598,0.0422,-0.0651,9.8063,-0.1342,0.8637,-0.4285,73.02,-85.71,29.75,53.041153,-1.816181,16.77,4.0,49.9,20 / 22,1.9641383997148396,1.1731347859750307,-0.3318062499999942,0.9364468516944437,0.7958330318468136,-0.05201018749999979,False,0.39999999999997726,3.6055939271905895,3.3504073702122783,1.3304332141334019,1.256502671661396,4.921944444441284,47.1010000000015,1.6414555274757499,2.1772725842372473,0.3939863624389581,0.4606696398145824
310814.0,2.9794,-2.66,10.8263,0.003,0.0008,9.8066,-0.1025,0.2234,-0.2083,70.81,-85.55,25.22,53.041153,-1.816181,16.77,4.0,49.9,20 / 22,1.8006627566836613,0.7649807738938563,-0.3131662499999899,1.1246869095144116,0.89273880984028,-0.08425881250000633,False,0.5,3.8723543941179908,3.453902046611869,1.7181976685288693,1.6012069439298449,5.188888888888889,48.269,2.0716916374343297,2.6889212727180123,0.5935107590144577,0.7084681340895649
310914.0,1.0648,-3.0766,9.0622,0.0783,-0.0505,9.8061,-0.0229,0.3707,-0.3459,72.47,-85.22,28.23,53.041153,-1.816181,16.77,4.0,49.9,20 / 22,1.6209952950642945,0.5087924158019027,-0.2994062499999945,1.2957698121017511,0.9564274693250462,-0.11488743749999511,False,0.5999999999999659,4.031089690541048,3.5251015455883468,2.1193333109560384,1.9459112161731813,5.354999999990274,48.8309999999671,2.4100943954767535,3.016309129786444,0.8235634988542873,0.9894837468481351
311014.0,-1.5492,2.2126,10.3308,-0.0254,-0.0068,9.8065,-0.0237,-0.0479,-0.0137,74.69,-85.27,28.36,53.041153,-1.816181,16.77,4.0,49.9,20 / 22,1.6050611308609881,0.5399839126430548,-0.31042124999999693,1.457072633398052,1.008866285747306,-0.14537881250000162,False,0.6999999999999886,4.188899888567474,3.579555520380215,2.5405257355555415,2.301734981574124,5.509999999993216,49.48499999997137,2.583838757706486,3.03957160773716,1.0834531021574896,1.2928686958268178
311114.0,-2.1347,2.7922,9.4834,0.0563,-0.0521,9.8063,-0.1396,0.7314,-0.3485,68.06,-85.24,24.1,53.041153,-1.816181,16.77,4.0,49.9,20 / 22,1.8083960605906895,0.8204846348740231,-0.30037625000000034,1.6277454929705777,1.0768897131231367,-0.17591868749999107,False,0.7999999999999545,4.410476785843795,3.7047664597714904,2.9817749422460222,2.679797731825844,5.75999999999261,49.96999999998566,2.602080725253106,2.8842818248974673,1.3540294492754446,1.6029080187027074
311214.0,-2.5529,4.7272,9.6012,0.0477,-0.0235,9.8065,-0.0542,0.49,-0.3671,72.32,-85.13,25.81,53.041153,-1.816181,16.77,4.0,49.9,20 / 22,2.111405151308892,1.1910501876714172,-0.3268112500000063,1.8237355535656012,1.1774664542504316,-0.20727806249999853,False,0.8999999999999773,4.549377010099432,3.8287603954315355,3.43639533702444,3.057860482786076,5.94611111110836,49.91600000000079,2.43797185879054,2.637710207760118,1.6126597834588388,1.8803940285356442
311314.0,3.3288,-2.6707,9.2796,0.0708,-0.0776,9.806,0.1298,0.3076,-0.2469,76.02,-85.05,29.17,53.041153,-1.816181,16.77,4.0,49.9,20 / 22,2.237169174319006,1.2147479776676962,-0.36343625000001456,2.0411642698470454,1.2977563625174147,-0.24179043750000742,False,1.0,4.6771790892273035,3.8954959167027687,3.8977013258866244,3.4470427261718006,6.086944444444445,50.21,2.4400099149082974,2.6807479390350726,1.856537056039579,2.1492863636543857
311414.0,-0.6989,2.9744,9.2933,0.0635,-0.0387,9.8063,-0.0825,0.5445,-0.222,69.98,-85.45,24.23,53.041153,-1.816181,16.77,4.0,49.9,20 / 22,2.3037509446475433,1.1293542000443313,-0.41545624999999675,2.2682102757952953,1.4149614714029761,-0.2807350624999947,False,1.099999999999966,4.883280476819866,3.99620717487782,4.3857496908343645,3.847344461953994,6.309999999986941,50.704999999971015,2.579529532172323,2.8668529748334883,2.117539415039069,2.4323829905510177
311514.0,3.0764,-4.2691,9.9489,0.0273,-0.0116,9.8066,-0.0264,0.0853,-0.0509,72.94,-85.35,24.44,53.041153,-1.816181,16.77,4.0,49.9,20 / 21,2.300124382406207,1.0288320639127921,-0.4340112500000009,2.498404042148035,1.522870784600857,-0.3232084375000042,False,1.1999999999999886,5.045140227180185,4.076297024710937,4.887169243930892,4.24764619776554,6.486111111103403,51.062999999984335,2.745015844773978,3.0474649607981448,2.3887652017828565,2.7247754131646835
311614.0,-0.6224,1.8286,9.6721,0.058,-0.0599,9.8062,-0.0431,0.4985,-0.2453,66.98,-85.42,23.46,53.041153,-1.816181,16.77,4.0,49.9,20 / 21,2.2400057730701204,0.9096438957588842,-0.43362625000000093,2.725410549921774,1.6197945825844076,-0.3665903124999895,False,1.2999999999999545,5.215871042486072,4.202218163467953,5.408645579144539,4.670186919134512,6.698055555549292,51.142999999997635,2.975865269415952,3.2925742677090692,2.6832350292227654,3.050392336550104
311714.0,2.5772,-4.2083,9.8874,-0.0199,0.0088,9.8065,-0.015,-0.1195,0.2224,71.15,-85.31,25.07,53.041153,-1.816181,16.77,4.0,49.9,20 / 21,2.180934207402609,0.8106313470468997,-0.4363162500000015,2.9464575489454607,1.7058083447247163,-0.41008743749999954,False,1.3999999999999773,5.392753984921204,4.3585570526866935,5.9501786964497025,5.103847132930025,6.933888888885403,51.05400000000132,3.211819777518595,3.547925705639794,3.003721147504242,3.3980387882053087
311814.0,-1.0904,2.5107,10.9595,0.0553,-0.0826,9.8061,0.1043,0.1935,-0.3426,64.34,-85.38,20.92,53.041153,-1.816181,16.77,4.0,49.9,20 / 21,2.138782255950018,0.7512988431647427,-0.37463624999998746,3.1624433721131413,1.7839048542353162,-0.45063506250000823,False,1.5,5.5228826011581535,4.388065203550952,6.498397407838831,5.53750734743319,7.053888888888888,51.532,3.3841003452081355,3.6367663603862095,3.3359540357256896,3.7536024931978744
311914.0,-1.7859,2.2315,11.2806,-0.0176,0.0376,9.8065,-0.0985,-0.3445,0.281,69.0,-85.34,25.19,53.041153,-1.816181,16.77,4.0,49.9,20 / 21,2.325801312253204,1.0057527508317574,-0.2432962500000322,3.385672550523226,1.8717574339351113,-0.4815316874999987,False,1.599999999999966,5.68213735380371,4.454404010905163,7.066672901277321,5.982287053622075,7.219999999990274,51.90599999997811,3.356336041550506,3.448651260073406,3.6810003507540947,4.110529619686964
312014.0,-2.642,3.0124,9.9588,0.0159,0.0296,9.8065,0.0125,0.0005,0.0881,70.08,-85.42,26.35,53.041153,-1.816181,16.77,4.0,49.9,20 / 21,2.521246403112807,1.3309355265094647,-0.16199125000001363,3.628024936291582,1.9885918478021989,-0.5017960625000056,False,1.6999999999999886,5.765206869140493,4.686927539004411,7.641633988813981,6.460425237825917,7.429999999990808,50.89000000004447,3.243960466027686,3.355992012494946,4.013609052522399,4.471833390023718
312114.0,-2.7664,0.28,10.7534,-0.039,0.0392,9.8064,0.2027,-0.5338,0.2704,67.0,-85.79,24.21,53.041153,-1.816181,16.77,4.0,49.9,20 / 21,2.602897145016299,1.6660169475031479,-0.10704625000003234,3.8842321136979496,2.1384394715027786,-0.5152479375000033,False,1.7999999999999545,5.908527520187969,4.700191755995458,8.229966264437316,6.916324437181112,7.549999999996452,51.497999999982035,3.3056303751716696,3.0341748084923097,4.345734150739366,4.777884965678334
312214.0,4.7966,-1.3309,11.1052,0.0044,0.0304,9.8065,0.1433,-0.3973,0.2334,72.57,-86.2,26.1,53.041153,-1.816181,16.77,4.0,49.9,20 / 21,2.596849927383258,1.57623655511645,0.005218749999993194,4.144219467317987,2.3005521466337955,-0.5203393125000064,False,1.8999999999999773,6.029587037270104,4.73562216336516,8.831669728121796,7.39446262138625,7.6669444444427155,51.85399999999474,3.4327371098868458,3.1593856082487095,4.687450260803809,5.093910474752454
312315.0,-2.1816,2.1665,10.18,-0.0272,0.0064,9.8066,0.1399,-0.154,0.0064,68.89,-86.49,25.35,53.041153,-1.816181,16.77,4.0,49.9,20 / 21,2.695150198595929,1.4931856203262215,0.08964969999999248,4.411465473679933,2.455557966493649,-0.5155484557750072,False,2.0009999999999764,6.071066342990732,4.83447635014388,9.43959079426436,7.877493383079356,7.760799999999843,51.469139999999825,3.375916144394803,3.341290729817658,5.028125320584427,5.421935416585708
312415.0,3.6364,-1.3662,11.0778,-0.0532,0.0444,9.8063,0.1194,-0.4535,0.253,73.47,-86.78,28.19,53.041153,-1.816181,16.77,4.0,49.9,20 / 21,2.770565679999533,1.465745123197673,0.1718747000000112,4.6847512676097685,2.6035045036698774,-0.502472235775004,False,2.100999999999999,6.238962722837249,4.930674136438856,10.06155160786855,8.366973450923284,7.952119444432137,51.6805700000025,3.4683970428377155,3.4649290132411834,5.376800340258781,5.763468947253407
312515.0,1.6158,-0.1477,12.1936,0.0544,0.0378,9.8064,-0.0401,0.2301,-0.0606,72.88,-87.14,28.2,53.041153,-1.816181,16.77,4.0,49.9,20 / 22,2.8018309348182506,1.2171963419417342,0.35477969999994885,4.963371098350563,2.737651576926802,-0.47613951577501495,False,2.200999999999965,6.400952915985534,5.066246994689559,10.703435491754675,8.87847011241991,8.163274999994165,51.6389599999958,3.599121981167283,3.8490506527478248,5.740064393404112,6.140818535493108
312615.0,1.8398,0.707,10.4765,0.0,0.032,9.8065,-0.0665,-0.0687,0.1729,79.24,-87.61,33.41,53.041153,-1.816181,16.77,4.0,49.9,20 / 22,2.8999107127108146,1.0771249068189268,0.5076196999999836,5.248458180727081,2.852367639364861,-0.4330195457750085,False,2.3009999999999877,6.513987898181644,5.137318515615665,11.352071825611949,9.38996677531025,8.296030555552559,51.73852999998683,3.6140771854708293,4.060193608796738,6.103613644884868,6.537599135945388
312715.0,0.3013,0.4759,9.8502,-0.0043,0.0496,9.8065,-0.0739,-0.1806,0.2356,75.51,-87.74,30.03,53.041153,-1.816181,16.77,4.0,49.9,20 / 22,3.0086256960365936,1.0071462907086854,0.5432896999999715,5.54388500116435,2.956581199241206,-0.3804740757750287,False,2.4009999999999536,6.635815999644142,5.1501790464893125,12.014079347556505,9.901685827369448,8.399905555552804,52.18436000000392,3.627190303607548,4.143032755780627,6.470194346392155,6.945104628128242
312815.0,0.7237,-2.4803,10.121,0.0227,-0.0005,9.8065,-0.0338,0.1426,-0.0016,75.58,-87.99,32.74,53.041153,-1.816181,16.77,4.0,49.9,20 / 22,2.95362514034045,0.9559714855207886,0.5611846999999756,5.84199754298327,3.0547370880527023,-0.32525035577501876,False,2.5009999999999764,6.7579609753550995,5.29385142334195,12.689458057614118,10.435421476511214,8.584574999999875,51.926549999999715,3.8043358350146494,4.337879937821161,6.847460514630848,7.380684388458512
312915.0,2.6272,-1.4589,11.4252,0.0008,0.0178,9.8066,0.1408,-0.2204,0.1376,79.8,-88.14,35.01,53.041153,-1.816181,16.77,4.0,49.9,20 / 22,2.824121075537888,0.7700996052147416,0.6578296999999976,6.1308848537772525,3.1410406425894983,-0.26429963577500626,False,2.600999999999999,6.910817277294095,5.345599448673616,13.378207955656695,10.969268318444858,8.736980555544054,52.27763000000215,4.086696201756207,4.575499843458874,7.247323101879442,7.828227675855359
313014.0,-0.0958,0.5717,11.6098,0.0367,-0.0253,9.8065,0.1492,0.0328,-0.0882,78.44,-88.46,34.49,53.041153,-1.816181,16.77,4.0,49.9,20 / 22,2.833231970441962,0.6609341436735467,0.8272038499999799,6.410923829553226,3.2118768131594613,-0.19079047505001512,False,2.6999999999999886,7.062414738357648,5.470080403606127,14.07317545623881,11.508674907217321,8.933055555546886,52.24100000000163,4.229182767915686,4.80914625993258,7.662251626685584,8.29679809405786
313115.0,0.5574,-0.4307,10.3558,0.0217,-0.0026,9.8066,0.0639,0.0674,-0.0209,90.73,-88.72,45.04,53.041153,-1.816181,16.77,4.0,49.9,20 / 22,2.871176812692717,0.662160771043083,0.9459949999999788,6.698996473101524,3.2786931063526503,-0.101243933125018,False,2.8009999999999877,7.121943296376829,5.544585011022829,14.78913572209841,12.070209286864214,9.025769444438975,52.09842999999293,4.250766483684112,4.882424239979747,8.090139248996884,8.791516180511564
313215.0,-1.2681,1.8578,9.6621,0.0315,-0.0164,9.8065,0.0535,-0.1127,0.003,91.53,-89.07,46.61,53.041153,-1.816181,16.77,4.0,49.9,20 / 22,2.978332412121656,0.710125919428378,0.966224999999972,6.991471934342143,3.3473074408762,-0.005632933125053072,False,2.9009999999999536,7.293784481190935,5.630179657957984,15.517999184452092,12.626406310719695,9.214024999996907,52.33501000000593,4.315452069069279,4.920053738529607,8.52652725010995,9.279098869843494
313315.0,2.7276,-1.9524,8.2656,0.0167,-0.0454,9.8065,-0.1019,-0.3199,0.3331,77.04,-89.1,34.48,53.041153,-1.816181,16.77,4.0,49.9,20 / 22,3.040577706061042,0.6347432685518799,0.8819449999999529,7.292417440251346,3.414550900275228,0.0867755668749642,False,3.0009999999999764,7.418528427231925,5.8077089832723265,16.26023383489304,13.204731123809275,9.421469444444323,51.94377999999969,4.377950721170883,5.172965714720447,8.967816394641694,9.790180223534048
313415.0,0.0884,0.5789,8.4222,0.0285,-0.0802,9.8062,-0.0978,0.0392,0.1085,47.55,-88.71,2.62,53.041153,-1.816181,16.77,4.0,49.9,20 / 22,3.0227581518403075,0.5247242024566405,0.7356699999999197,7.595584233146482,3.472524273825667,0.16765631687497623,False,3.100999999999999,7.5723328911944865,5.849511379963468,17.015772817426367,13.794175429982094,9.568544444435155,52.31452000002022,4.549574739354179,5.324787177506828,9.420188584279884,10.321651156156427
313515.0,-0.0066,0.5939,10.5653,-0.0217,-0.0357,9.8065,-0.0491,0.0701,-0.0342,52.43,-88.55,7.08,53.041153,-1.816181,16.77,4.0,49.9,19 / 19,3.086755118175558,0.5930683528570164,0.7043799999999304,7.901059896647172,3.528413901591331,0.23965881687494417,False,3.200999999999965,7.663789094517634,5.993693634173079,17.77813110592463,14.394739228629915,9.729236111101061,51.97171999999245,4.577033976342076,5.400625281316063,9.877071209277457,10.866325327038584
313615.0,0.3308,-3.0095,9.666,-0.0169,0.0464,9.8065,0.0691,0.015,-0.0635,64.11,-88.3,17.94,53.041153,-1.816181,16.77,4.0,49.9,19 / 19,3.0028541788487253,0.5617188897156157,0.7352799999999375,8.205540361498455,3.5861532637199756,0.31164181687495396,False,3.3009999999999877,7.862596009908417,6.111358447454199,18.56054617656719,15.006422520404145,9.958369444437878,52.14312999999672,4.859741831059692,5.549639557738583,10.355005815068735,11.42026925668417
313715.0,0.4876,0.3424,11.9083,0.0056,0.0385,9.8065,0.0873,0.0674,-0.1116,67.3,-88.28,23.16,53.041153,-1.816181,16.77,4.0,49.9,19 / 19,2.924757974128941,0.49328602755295886,0.8333299999999042,8.501920969147237,3.638903509583386,0.3900723168749193,False,3.4009999999999536,8.051939676849866,6.233817348143487,19.36288431742037,15.629114109672676,10.18303611110949,52.252960000003036,5.127181702720925,5.740531320590528,10.860963348273133,11.99021060008929
313815.0,-0.6294,0.9158,11.5919,0.0128,-0.0018,9.8066,0.0321,-0.1783,0.0609,76.37,-88.52,32.57,53.041153,-1.816181,16.77,4.0,49.9,19 / 19,3.0146722892046567,0.5439281045331036,1.0276749999999486,8.798892482313985,3.6907642161877012,0.48312256687493305,False,3.5009999999999764,8.11633594996454,6.32890791719965,20.171974908270695,16.25191689317218,10.292230555555465,52.05378999999977,5.1016636607598835,5.784979812666546,11.37308242595671,12.561152676984477
313915.0,2.8451,-3.4978,11.2628,0.0548,-0.0424,9.8064,0.08,-0.3944,0.3383,77.19,-89.25,30.55,53.041153,-1.816181,16.77,4.0,49.9,19 / 19,2.9425456524658316,0.4305597369401964,1.1897449999999856,9.096753379397576,3.7394886082613774,0.593993566874955,False,3.600999999999999,8.235779286397888,6.359161853971609,20.994369831208637,16.885950364696576,10.405144444432313,52.32695000001771,5.293233633932056,5.928602117031413,11.89761645181106,13.1464617564352
314014.0,-3.0217,2.2808,10.3487,0.0613,-0.036,9.8064,0.0733,-0.2961,0.182,80.7,-89.39,36.54,53.041153,-1.816181,16.77,4.0,49.9,19 / 19,2.922486754596653,0.4420781902890647,1.2886558999999753,9.387072483547138,3.7826841856592215,0.71667441142494,False,3.6999999999999886,8.365176261193461,6.529715997725055,21.815093355685065,17.535439932684508,10.611944444435302,52.02500000001335,5.442689506596809,6.08763780743599,12.428020872137926,13.752755747025287
314114.0,3.1925,-5.2837,10.305,0.0449,0.0058,9.8065,0.1391,-0.8002,0.4138,77.65,-89.51,31.59,53.041153,-1.816181,16.77,4.0,49.9,19 / 19,2.817381222963684,0.418647331037038,1.3406758999999575,9.674065882425058,3.825720461725512,0.8481410014248918,False,3.7999999999999545,8.483546358025144,6.709523139464445,22.65747820485877,18.202609491662233,10.816111111105077,51.66000000001078,5.66616513506146,6.2908758084274075,12.983412322433711,14.376889029936722
314214.0,-5.3348,6.3536,11.1099,0.1075,-0.112,9.8053,-0.0827,0.164,-0.1551,327.0,-89.8,-75.45,53.041153,-1.816181,16.77,4.0,49.9,19 / 19,2.196043610552783,0.3486754496484434,1.430755899999978,9.924737124100938,3.8640866007597947,0.9867125914249201,False,3.8999999999999773,8.598178245841197,6.8385647762061135,23.519919836177042,18.892018037613447,10.986111111108599,51.503000000002324,6.402134635288414,6.4898893265576705,13.595182712076104,15.027931436853653
314314.0,0.5681,-1.7711,8.4252,-0.0364,-0.0015,9.8066,-0.0754,-0.9774,0.6049,166.49,-89.54,118.94,53.041153,-1.816181,16.77,4.0,49.9,19 / 19,1.7467152839208955,0.5446259275247533,1.4268458999999774,10.121875068824666,3.9087516696184648,1.1295926814249504,False,4.0,8.646886835029877,6.8298799702385695,24.375675873439118,19.57030708901786,11.018888888888888,51.696000000000005,6.900171551108981,6.285254042713817,14.253800804614452,15.661555419399395
314414.0,-8.1985,5.708,8.2094,0.069,-0.1142,9.8057,-0.2609,0.8227,-0.5049,143.82,-89.48,98.06,53.041153,-1.816181,16.77,4.0,49.9,19 / 19,2.225497151972723,0.6116064670560986,1.2779109000000282,10.320485690619279,3.9665632893474876,1.2648305214249045,False,4.099999999999966,8.848684994935752,6.973236940472763,25.258174286784207,20.270835127344018,11.266111111096636,51.75999999999625,6.623187842963029,6.361630473416664,14.937688596164929,16.30427183799653
314514.0,0.7538,-1.877,9.1742,-0.1183,0.078,9.8056,-0.0133,-0.1911,0.0513,128.69,-88.22,82.7,53.041153,-1.816181,16.77,4.0,49.9,20 / 22,2.6624619321816843,0.6384966050644546,1.166425900000003,10.564883644827054,4.0290684429535295,1.387047361424934,False,4.199999999999989,8.985638045453753,7.1510847378716385,26.154043888307008,20.982482657439235,11.483888888879356,51.48600000001199,6.323176113272068,6.512588132807184,15.589160243479954,16.953414214485704
314615.0,7.953,-6.3793,8.7428,0.0084,-0.0205,9.8066,-0.1149,1.1272,-0.7665,126.51,-88.55,81.04,53.041153,-1.816181,16.77,4.0,49.9,20 / 22,2.1036037364524103,0.5280953823537514,1.0807627500000039,10.805569961093074,4.087981338318149,1.5005303882499332,False,4.300999999999988,9.17217410571578,7.157284976307783,27.079129535756838,21.701469053405216,11.634244444440986,52.03422000001681,7.0685703692633695,6.629189593954031,16.273559574663764,17.613487715087068
314714.0,2.0856,-1.9626,6.2887,-0.1624,0.0843,9.8049,-0.2429,0.5611,-0.335,112.39,-88.69,66.81,53.041153,-1.816181,16.77,4.0,49.9,20 / 22,1.523094315537588,0.3377029916858935,0.8539636500000279,10.985091514666559,4.130838357833107,1.5962993450499248,False,4.399999999999977,9.192313564620846,7.3218556087207,27.98589665556122,22.428016704603184,11.751944444442689,51.462000000008544,7.669219249083259,6.984152617034806,17.000805140894663,18.297178346770078
314814.0,4.5731,-5.2325,9.1691,-0.0949,-0.0242,9.8062,-0.0253,0.5373,-0.3486,95.86,-87.61,47.5,53.041153,-1.816181,16.77,4.0,49.9,20 / 22,1.145561811871175,0.0843710887266545,0.6461886499999808,11.118524321037027,4.151942061853739,1.6713069600499422,False,4.5,9.316084603059952,7.328403214324095,28.91519422726274,23.150783727124868,11.853055555555557,51.81,8.170522791188777,7.244032125597441,17.796669906225716,18.99884166527113
314914.0,-3.5946,1.9887,9.0685,-0.0418,0.0381,9.8065,-0.1065,0.7023,-0.3207,79.67,-87.67,33.83,53.041153,-1.816181,16.77,4.0,49.9,20 / 22,0.9607939549769298,0.09475978058729553,0.5774036500000044,11.223842109379396,4.160898605319433,1.7324865750499205,False,4.599999999999966,9.372869294046044,7.4629983688420385,29.844491798896314,23.895789736565042,11.981111111103612,51.47200000001979,8.412075339069114,7.3682385882547425,18.620649689516917,19.73489113124561
315014.0,3.4768,-5.9983,11.2246,-0.0913,0.0606,9.806,-0.021,-0.0755,0.1122,87.65,-87.51,39.42,53.041153,-1.816181,16.77,4.0,49.9,20 / 22,0.7660722978025377,0.12238635440384037,0.6113936500000122,11.310185422018389,4.171755912068993,1.7919264400499348,False,4.699999999999989,9.456483385205226,7.489474702652429,30.78716055871103,24.640795744645207,12.06305555555197,51.62099999999348,8.690411087402689,7.367088348248589,19.47697513669264,20.469039832576215
315114.0,-2.7188,3.8492,9.9009,-0.0305,-0.0144,9.8066,-0.1456,0.656,-0.4473,79.77,-87.45,35.66,53.041153,-1.816181,16.77,4.0,49.9,20 / 22,0.6710320209802042,0.12329855457006103,0.6870036499999865,11.382040637957502,4.184040157517684,1.8568463050499127,False,4.7999999999999545,9.528890155983857,7.644188843434966,31.73651491252943,25.408040738282594,12.216111111106587,51.263000000010585,8.857858135003653,7.520890288864905,20.354474274571928,21.22400058076491
315214.0,-0.1598,0.4008,10.2934,-0.1154,0.0845,9.8056,0.0136,-0.3319,0.1238,92.7,-86.93,43.22,53.041153,-1.816181,16.77,4.0,49.9,20 / 22,0.8895915006693422,0.3157305948861933,0.7160536499999932,11.460071814039997,4.205991614990501,1.9269991700499276,False,4.899999999999977,9.690349494497,7.667542153619803,32.69924045443547,26.164166239496062,12.356944444442362,51.64699999999432,8.800757993827657,7.35181155873361,21.23916864039547,21.95817462450556
315314.0,-4.0371,4.1513,9.5629,0.0145,-0.0404,9.8065,0.0016,0.3535,-0.2226,92.95,-86.99,45.47,53.041153,-1.816181,16.77,4.0,49.9,20 / 22,1.1625772402765326,0.5273029016800883,0.7282036499999961,11.562680251087315,4.248143289818825,1.9992120350499434,False,5.0,9.630308098032366,7.765407655778866,33.65528040233827,26.94253072626751,12.37111111111111,51.119,8.467730857755832,7.238104754098777,22.092600151250956,22.694387436448686
315415.0,1.8485,-1.5133,8.1389,-0.0657,0.0155,9.8064,-0.0404,-0.6212,0.4698,87.19,-86.68,39.17,53.041153,-1.816181,16.77,4.0,49.9,20 / 22,1.3451953625825,0.63855945212472,0.631672899999997,11.689322767531694,4.307019338685967,2.0678858008249423,False,5.100999999999999,9.816524626987947,7.795465761161703,34.64795740544458,27.728678857843114,12.535288888880759,51.546299999986644,8.471329264405448,7.156906309036983,22.958634637912887,23.421659519157146
315514.0,3.8692,-4.7908,7.6722,0.0392,-0.1002,9.806,-0.1719,-0.084,0.023,80.45,-86.46,34.1,53.041153,-1.816181,16.77,4.0,49.9,21 / 22,1.1047512315226957,0.3339860221960644,0.4434640000000169,11.810595123939889,4.355160339664841,2.1211050773749376,False,5.199999999999989,9.956305313422655,7.842158126029952,35.627530644370594,28.49925969904667,12.673888888882761,51.77399999998993,8.851554081899959,7.508172103833888,23.816935520430704,24.14409935938183
315614.0,1.383,-2.2446,8.6059,-0.0341,-0.0213,9.8065,0.0297,-0.5757,0.2526,74.44,-85.88,25.26,53.041153,-1.816181,16.77,4.0,49.9,21 / 22,0.841066930943406,0.029115164115677494,0.27670400000007384,11.90788603206316,4.373315398980422,2.1571134773749296,False,5.2999999999999545,9.988978328232912,7.973525769230315,36.623684156480884,29.299863171375655,12.781111111107942,51.402000000011,9.147911397289507,7.944410605114638,24.715798124417724,24.92654777239523
315714.0,2.315,-3.539,9.8465,0.045,-0.0166,9.8064,0.074,-0.4864,0.1995,70.48,-85.83,23.34,53.041153,-1.816181,16.77,4.0,49.9,21 / 22,0.6513670985037756,-0.21091554469987533,0.21865900000006072,11.982507733535536,4.36422537995121,2.181881627374942,False,5.399999999999977,10.064583943441868,7.995411785098109,37.626523262648725,30.08934715057342,12.853888888887813,51.53599999999802,9.413216844938091,8.206327329797984,25.64401552911319,25.72512177062221
315814.0,0.4032,1.2312,9.5515,0.0571,-0.0404,9.8064,0.0966,0.0369,-0.1338,69.78,-85.88,22.78,53.041153,-1.816181,16.77,4.0,49.9,21 / 22,0.6149483918578705,-0.3507344270603503,0.2078940000000584,12.045823508053633,4.336142881363193,2.203209277374953,False,5.5,10.300959327429677,8.067117539210003,38.65610474499077,30.90107011462184,13.083888888888888,51.934,9.686010935571806,8.417851966270353,26.610281236937137,26.56492723325865
315914.0,7.1287,-3.5223,9.9729,-0.0073,0.0477,9.8064,0.2405,-0.4896,0.1912,70.71,-85.94,25.72,53.041153,-1.816181,16.77,4.0,49.9,21 / 22,0.6582055960705271,-0.7169890026759718,0.20344900000005997,12.109481207450031,4.282756709876395,2.223776427374952,False,5.599999999999966,10.25117340681991,8.238031757646562,39.67231503914492,31.723912571035914,13.151111111107175,51.214000000042155,9.592967810749384,8.955020760322533,27.56283383169489,27.44115586115952
316014.0,-0.9795,-0.0075,8.1027,0.0523,0.004,9.8064,-0.1854,0.7419,-0.4976,71.6,-86.06,24.89,53.041153,-1.816181,16.77,4.0,49.9,21 / 22,0.6213234776914155,-1.0396819371349397,0.12656400000004253,12.173457661138142,4.1949231628858294,2.2402770773749605,False,5.699999999999989,10.37897445524498,8.209180750458389,40.708582115489925,32.535635535792636,13.233055555551969,51.65799999998057,9.757650977553565,9.248862687593329,28.53512445435178,28.340712372906808
316114.0,-3.0701,4.0482,9.3901,-0.0905,0.0819,9.8058,0.0863,-0.1116,0.0491,62.79,-85.71,13.89,53.041153,-1.816181,16.77,4.0,49.9,21 / 22,0.7408355301232443,-0.736948894227182,0.020539000000078786,12.241565611528852,4.106091621317754,2.247632227374964,False,5.7999999999999545,10.61284802292253,8.200470146465447,41.771591568061886,33.347358500548246,13.411944444439156,52.30699999998082,9.872012492799286,8.937419040692628,29.530025956533034,29.241266879230494
316214.0,-1.2879,-0.0205,9.1526,-0.0056,-0.0256,9.8066,-0.2122,0.9142,-0.383,64.22,-85.44,14.72,53.041153,-1.816181,16.77,4.0,49.9,21 / 22,0.845490728352595,-0.42136036372192753,-0.03299099999993333,12.320881924452662,4.0481761584202856,2.2470096273749713,False,5.899999999999977,10.54015798172783,8.457556539652101,42.82122983249565,34.19243994328763,13.513888888887381,51.25600000001553,9.694667253375236,8.878916903374028,30.50034790804299,30.144263784867345
316314.0,-4.3805,6.6531,8.7215,-0.1444,0.0795,9.8052,-0.1555,0.9049,-0.5993,70.94,-85.06,22.17,53.041153,-1.816181,16.77,4.0,49.9,21 / 22,1.085176354182006,-0.021000145296346306,-0.11995099999995304,12.417415278579414,4.026058132969367,2.239362527374975,False,6.0,10.674986076416223,8.402195978928354,43.884239285016044,35.03752138532068,13.585,51.794,9.589809722234218,8.4231961242247,31.46682400643663,31.011463252351312
316414.0,3.5278,-4.2644,8.5868,-0.1101,0.1349,9.805,0.0808,0.1752,-0.2145,74.91,-85.19,21.94,53.041153,-1.816181,16.77,4.0,49.9,21 / 22,1.1962951359582568,0.09351693990160545,-0.23520099999991362,12.531488853086389,4.029683972699629,2.2216049273749876,False,6.099999999999966,10.77591992213895,8.413015442982173,44.95393433151507,35.871483334866916,13.67111111110607,52.01999999998677,9.579624786180693,8.319498503080569,32.422445478428685,31.841799362167286
316514.0,-3.2911,4.6045,9.3835,-0.0111,0.0618,9.8063,0.0134,0.8372,-0.4871,65.68,-85.2,15.61,53.041153,-1.816181,16.77,4.0,49.9,19 / 21,1.2053122781150714,0.13834997454824188,-0.3173509999999322,12.651569223790082,4.041277318422123,2.193977327374989,False,6.199999999999989,10.794197549279977,8.68775657982823,46.03031497214904,36.738803763163965,13.856111111103013,51.17100000003717,9.588885271164905,8.549406605279989,33.37874574835896,32.69752644474184
316614.0,2.6767,-2.9163,12.2286,-0.066,0.0599,9.8062,0.0635,-0.0596,-0.0128,70.34,-85.4,18.54,53.041153,-1.816181,16.77,4.0,49.9,19 / 21,1.2809982164940743,0.23502745716620219,-0.21741099999996627,12.775884748520497,4.059946190007839,2.167239227375003,False,6.2999999999999545,11.001272875843881,8.66492349207103,47.13343798892943,37.60612419004784,14.003888888884521,51.77499999998214,9.720274659349807,8.429896034904827,34.35755324040893,33.54617800004
316714.0,0.9824,-0.8123,9.3052,-0.0039,0.0058,9.8066,-0.1146,0.0612,-0.0782,65.38,-86.0,12.77,53.041153,-1.816181,16.77,4.0,49.9,19 / 21,1.1981254674735435,0.025428680578818502,-0.12138599999994441,12.899840932718906,4.072968996895093,2.1502993773750037,False,6.399999999999977,10.983056650519268,8.767031256873379,48.22318981762481,38.47344461905417,14.05305555555483,51.402000000005515,9.784931183045725,8.74160257629456,35.3233488849059,34.40047562215908
316814.0,-1.7238,-1.3446,8.4865,-0.0048,-0.0194,9.8066,-0.1439,0.566,-0.1889,60.89,-85.96,10.72,53.041153,-1.816181,16.77,4.0,49.9,19 / 21,1.1045584452263348,0.03556159874721435,-0.21246599999996513,13.014975128353926,4.076018510861395,2.1336067773750043,False,6.5,10.978727257497955,8.821761391017063,49.31962724037658,39.351884539778666,14.083888888888888,51.217,9.87416881227162,8.786199792269848,36.30465211202266,35.27586602891727
316914.0,-0.9032,5.4213,11.6532,-0.0752,0.1307,9.8054,0.1996,0.5352,-0.7361,71.81,-85.55,20.24,53.041153,-1.816181,16.77,4.0,49.9,19 / 21,1.2723728805779557,0.23331866966355816,-0.18614599999997408,13.1338216946441,4.089462524281929,2.113676177375014,False,6.599999999999966,11.21403280391961,8.889407644620393,50.436121445137516,40.24144395215644,14.309999999986761,51.595999999977806,9.941659923341653,8.656088974956834,37.30229975049342,36.15198142787451
317014.0,4.936,-9.2583,7.7755,-0.0195,0.1204,9.8058,0.3407,0.7389,-0.7254,70.39,-85.71,16.93,53.041153,-1.816181,16.77,4.0,49.9,19 / 21,1.1899451560296799,-0.0014238910780028091,-0.19537599999997612,13.25693759647451,4.101057263211209,2.0946000773750124,False,6.699999999999989,11.222624176018002,9.022899013274081,51.552615650006906,41.14212285914642,14.39999999999606,51.20100000001729,10.032679019988322,9.024322904352085,38.2956780535324,37.04106559593521
317114.0,-1.4171,-0.5217,7.3861,-0.085,0.1402,9.8053,-0.1679,0.9473,-0.5933,62.63,-85.86,11.77,53.041153,-1.816181,16.77,4.0,49.9,19 / 21,0.8061655198170081,-0.31070854571319073,-0.41796099999990016,13.35674313026681,4.085450641371655,2.063933227375029,False,6.7999999999999545,11.322120974339052,9.045774174896092,52.682481042935684,42.04280176472188,14.491944444441728,51.3769999999948,10.515955454522043,9.356482720609282,39.32573791266887,37.95735112335022
317214.0,3.7549,-8.1132,9.2897,-0.1437,0.0931,9.8051,0.0372,-0.2059,-0.0265,76.72,-85.43,22.64,53.041153,-1.816181,16.77,4.0,49.9,19 / 21,0.4252824135754464,-0.5096261757195827,-0.5648359999999335,13.418315526936448,4.044433905300007,2.0147933773750264,False,6.899999999999977,11.38260078992893,9.0246497588239,53.81234643589228,42.94348066959054,14.526111111110605,51.59099999999684,10.957318376353482,9.534275934543482,40.394030908955834,38.89904676429053
317314.0,3.1248,-1.7392,9.7143,0.0228,-0.0143,9.8066,-0.0173,0.5753,-0.2494,69.16,-85.27,18.99,53.041153,-1.816181,16.77,4.0,49.9,19 / 21,0.07604445050335357,-0.9378513424559738,-0.5953009999999404,13.443381870140394,3.972060029391213,1.9567865273750196,False,7.0,11.37935662004302,9.067124291300034,54.94889742287908,43.855279069006656,14.55,51.452,11.303312169539666,10.004975633756008,41.505515552738686,39.88321903961544
317415.0,7.6056,-5.2545,8.927,-0.054,0.0643,9.8063,0.0309,-0.9915,0.6315,73.82,-85.2,23.27,53.041153,-1.816181,16.77,4.0,49.9,19 / 21,-0.06989990027781035,-1.5337569324582294,-0.6443869999999399,13.443692169926784,3.8472438115080467,1.8941822833750261,False,7.100999999999999,11.423699816145495,9.180642906121129,56.09701448747289,44.787426138285,14.655549999990352,51.212919999988856,11.493599716423306,10.714399838579359,42.653322317546106,40.940182326776956
317517.0,2.109,-1.7437,11.2731,0.069,-0.1251,9.8055,0.0963,-0.2835,-0.0281,70.42,-85.36,17.82,53.041153,-1.816181,16.77,4.0,49.9,23 / 24,-0.2385355057784525,-2.0865101321443573,-0.614460199999947,13.427961964217918,3.6626101912133593,1.8299810761750475,False,7.2029999999999745,11.582759486525552,9.247324685827978,57.27675441195884,45.72880238794212,14.821383333331328,51.39721000000839,11.821294992304004,11.333834817972335,43.84879244774092,42.06619219672876
317614.0,-4.9262,6.2506,9.5176,0.0109,0.0655,9.8064,0.0689,-0.8656,0.3895,81.32,-85.17,28.08,53.041153,-1.816181,16.77,4.0,49.9,23 / 24,0.008098343500554356,-1.9068674436358253,-0.5573562999999588,13.416785761847443,3.4689313787880605,1.7731479759250637,False,7.2999999999999545,11.587350405761477,9.313139650083638,58.39866394798963,46.624032742342315,14.866111111109749,51.21000000000571,11.579252062260922,11.220007093719463,44.98187818614219,43.15510136355425
317714.0,2.0968,-0.596,9.6968,0.0806,-0.0262,9.8063,0.2411,-0.7646,0.3,86.28,-84.81,34.04,53.041153,-1.816181,16.77,4.0,49.9,23 / 24,0.28925443545496166,-1.703845205271919,-0.5773012999999634,13.431653400795222,3.288395746342632,1.7164150959250546,False,7.399999999999977,11.6822013569325,9.311099435116143,59.561957311150735,47.558070125902255,14.938888888887812,51.44399999999654,11.392946921477538,11.014944640388062,46.130303910355515,44.269674379559625
317814.0,-2.9249,4.318,10.4833,0.0485,-0.0733,9.8062,0.0807,-0.155,0.1125,89.55,-85.08,35.04,53.041153,-1.816181,16.77,4.0,49.9,23 / 24,0.5146690419928922,-1.6459001662800592,-0.5489612999999569,13.471849574667624,3.120908477764995,1.6601019659250458,False,7.5,11.689760012726888,9.243948060045923,60.72525067428547,48.46986852461155,14.903055555555556,51.664,11.175090970733995,10.889848226325983,47.25340109961785,45.34896004684656
317914.0,1.3513,0.7066,8.9956,0.0047,-0.0205,9.8066,-0.1143,-0.2626,0.2316,88.22,-85.12,36.68,53.041153,-1.816181,16.77,4.0,49.9,23 / 24,0.8007174885258088,-1.548403393519315,-0.5556812999999546,13.537618901193538,2.961193299775081,1.604869835925069,False,7.599999999999966,11.85411915942073,9.202621393533079,61.90860081947751,49.38166692325365,15.00694444443836,52.176999999969965,11.053401670894921,10.751024787052394,48.370981918283974,46.420473623478564
318014.0,-2.2283,3.1849,8.1233,0.0453,-0.0758,9.8062,-0.1689,0.4998,-0.1968,85.19,-85.33,32.23,53.041153,-1.816181,16.77,4.0,49.9,23 / 24,1.0207206480420457,-1.4731944023871772,-0.6804012999999829,13.62869080802195,2.810113409979722,1.543065705925058,False,7.699999999999989,11.763409261130386,9.363408970835007,63.071894182639994,50.315704306105296,15.034999999998773,51.48100000003046,10.74268861308834,10.836603373222184,49.443203374618044,47.505590896125575
318116.0,-0.8243,2.4949,10.962,-0.0695,0.0757,9.806,0.0276,0.3075,-0.261,82.67,-85.42,29.94,53.041153,-1.816181,16.77,4.0,49.9,23 / 24,1.3269115574022954,-1.2691646736491817,-0.7073292999999763,13.748420050499583,2.6702530971019014,1.4722914453250773,False,7.801999999999964,11.82594914630523,9.409066701286362,64.27235944864657,51.27954193048329,15.112366666664835,51.49321999999677,10.499037588902935,10.678231374935542,50.523939398146986,48.60928883338139
318214.0,4.3613,-5.631,9.7552,-0.002,0.1014,9.8061,0.1847,0.8097,-0.5933,91.2,-85.4,35.87,53.041153,-1.816181,16.77,4.0,49.9,23 / 24,1.1952487587240423,-1.4046339017670535,-0.6532381999999689,13.87200590598979,2.539236966906488,1.405623637825071,False,7.899999999999977,11.892006439667403,9.424812297930742,65.43859447316939,52.19489856706546,15.173888888887962,51.601999999998355,10.69675768094336,10.829446199697795,51.5665885671796,49.65566160015897
318314.0,1.0767,-3.4164,14.5595,-0.0551,0.1736,9.8049,0.2602,0.5473,-0.5074,84.5,-86.09,30.76,53.041153,-1.816181,16.77,4.0,49.9,23 / 24,0.7778624149938377,-1.6701363260368143,-0.4181681999999154,13.970661464675706,2.3854984555162595,1.3520533178250647,False,8.0,12.001426365388246,9.50096381539644,66.63531580653532,53.14005544375855,15.306944444444444,51.633,11.223563950394409,11.171100141433255,52.66465434185961,50.754556988242285
318414.0,4.418,-7.7312,12.3909,0.0209,0.1018,9.8061,0.1588,0.574,-0.5049,101.56,-86.81,46.83,53.041153,-1.816181,16.77,4.0,49.9,23 / 24,0.2245780716413318,-1.8656951308102274,-0.05131320000004047,14.020783489007448,2.2087068826739675,1.3285792478250749,False,8.099999999999966,11.961790452656537,9.404552435526936,67.82535154575719,54.07409282725034,15.21611111111643,51.82499999998876,11.737212381015205,11.270247566337163,53.80456805674974,51.865385944576374
318514.0,-0.2402,4.7945,13.9493,0.0229,0.1045,9.806,0.2088,1.0537,-0.617,124.46,-86.97,68.56,53.041153,-1.816181,16.77,4.0,49.9,21 / 22,0.04277269043323034,-2.129660193283855,0.28503180000003603,14.034151027111179,2.008939116469218,1.3402651778250774,False,8.199999999999989,11.894078204862867,9.459282430721801,69.0087016910098,55.01924970394294,15.196944444445283,51.50500000001401,11.851305514429637,11.588942624005657,54.974550663898626,53.010310587473725
318614.0,4.6915,-6.3747,11.4349,-0.1315,0.1794,9.8041,0.2907,-0.0611,-0.2936,125.35,-86.5,66.96,53.041153,-1.816181,16.77,4.0,49.9,21 / 22,-0.11164188064348679,-2.269311834732538,0.5735767999999377,14.030707567600667,1.7889905150684735,1.3831956078250613,False,8.299999999999955,12.071467047003567,9.4798772912114,70.21879421246118,55.96440658134298,15.348888888884398,51.8569999999896,12.183108927647055,11.749189125943937,56.18808664486051,54.1754160662745
318715.0,-6.4676,4.178,9.7684,0.0363,0.0634,9.8063,-0.0837,0.9211,-0.4821,115.24,-87.3,61.46,53.041153,-1.816181,16.77,4.0,49.9,21 / 22,-0.14367953210546894,-2.074870040579504,0.653871799999937,14.017813836256844,1.5696093303652174,1.4451817621250544,False,8.400999999999954,12.018738661814735,9.506666880485053,71.42099773292506,56.930134518514045,15.324063888887387,51.656429999993414,12.162418193920205,11.581536921064558,57.40318389666822,55.36052518814883
318815.0,-2.5307,3.5285,11.4958,-0.0602,0.0898,9.806,0.2239,-1.0143,0.6478,137.48,-87.19,77.16,53.041153,-1.816181,16.77,4.0,49.9,21 / 22,0.43161145188840655,-1.9237324099478925,0.7364167999999558,14.032210432245995,1.3696792078388023,1.514696192125065,False,8.500999999999976,12.170040301034092,9.475295423093826,72.63770899246713,57.87518019958918,15.423719444444458,52.09654999999987,11.738428849145686,11.399027833041718,58.60549856022113,56.50550099175038
318915.0,-4.8952,7.1445,11.5695,0.1438,-0.114,9.8049,0.0745,-0.0593,0.1296,145.06,-87.03,88.3,53.041153,-1.816181,16.77,4.0,49.9,21 / 22,1.0826272414652762,-2.137951779049966,0.9090167999999951,14.107922366913696,1.166594998388863,1.5969678721250813,False,8.600999999999999,12.181859699050158,9.433239556022805,73.84780151380687,58.809328779399216,15.407263888887034,52.24696000001765,11.09923245758488,11.571191335072772,59.73987914689317,57.64273378101035
319015.0,-2.3514,4.4358,11.1692,0.0251,-0.0135,9.8066,0.065,-1.2711,0.7685,157.37,-87.48,104.59,53.041153,-1.816181,16.77,4.0,49.9,21 / 22,1.711451962502537,-2.472544292707272,1.0652867999999418,14.24762632711204,0.9360701948010798,1.6956830521250446,False,8.700999999999965,12.157748102984945,9.51649133056608,75.05796089119916,59.754485654691436,15.439380555553399,51.947889999991716,10.446296140482408,11.989035623273352,60.81033456408712,58.81841545989035
319114.0,4.3633,-11.0507,9.3997,0.0925,-0.1784,9.8045,0.0209,-1.0918,0.7595,167.63,-87.08,110.68,53.041153,-1.816181,16.77,4.0,49.9,21 / 22,1.5997802701515345,-2.169997648141295,1.1125889999999368,14.411532322628398,0.7062643687291,1.8034879042250271,False,8.799999999999955,12.22718768608359,9.506615916361405,76.26257122550113,60.69019096261745,15.488055555554102,52.13499999999441,10.627407415932057,11.676613564502698,61.85103890287274,59.98392659388835
319214.0,-3.3328,1.4167,6.3976,0.1039,-0.1091,9.8054,-0.192,-0.5107,0.5487,172.79,-87.79,119.64,53.041153,-1.816181,16.77,4.0,49.9,21 / 22,1.4634311771634152,-1.7574489368766517,0.9217889999998934,14.564692894994181,0.5098920394781581,1.9052068042250419,False,8.899999999999977,12.258522986194967,9.627120613718386,77.4793493409581,61.65758682486869,15.586944444442983,51.85600000000412,10.795091809031552,11.384569550595037,62.914656445963914,61.14769478539053
319315.0,3.091,-6.0845,8.4586,-0.0314,-0.0534,9.8064,0.0768,-1.0461,0.3382,157.87,-87.41,102.96,53.041153,-1.816181,16.77,4.0,49.9,21 / 22,1.4025685769890983,-1.6107176611751777,0.6815554499998956,14.709425882578882,0.33979962627654225,1.9861756989500305,False,9.000999999999976,12.328697614342406,9.650851553606634,78.72166642570886,62.62353715258813,15.6568138888889,51.9463100000003,10.926129037353308,11.261569214781812,64.01224054312998,62.28373752631158
319415.0,-3.2309,-0.1926,8.9768,0.0858,-0.1265,9.8054,-0.0462,0.5076,-0.3397,141.81,-87.88,88.11,53.041153,-1.816181,16.77,4.0,49.9,21 / 22,1.295956407615839,-1.3013284349739218,0.572660449999871,14.84435213180916,0.19419732146905416,2.0488864939500333,False,9.100999999999999,12.256702115916955,9.721583985273703,79.93851139704468,63.59104420760735,15.64403888888802,51.57979000000703,10.960745708301117,11.022912420247625,65.09415926523552,63.39684688613829
319515.0,-8.2295,6.5643,9.2093,-0.0798,0.0999,9.8058,-0.016,-0.4102,0.3809,143.97,-87.31,89.45,53.042046,-1.814101,21.98,4.0,59.44,21 / 23,1.9756504389280827,-1.235296371505715,0.5013004499998954,15.0079324741363,0.06736608114511558,2.1025845389500035,False,9.200999999999965,12.24819332040477,9.757503503547309,81.16197510655782,64.56955956368483,15.659730555551864,51.45749000001101,10.272542881476687,10.992799875053024,66.15404263242152,64.50219348253972
319615.0,-4.1822,3.3723,9.8268,0.0786,-0.0604,9.8061,-0.1022,0.8289,-0.3008,151.16,-87.35,95.48,53.042046,-1.814101,21.98,4.0,59.44,21 / 23,2.7972040218026573,-1.3261271170404307,0.472440449999889,15.246575197172891,-0.06070509328222082,2.151271583950004,False,9.300999999999988,12.272321688498907,9.862327084611426,82.38557252795214,65.54807491835533,15.744063888885954,51.213789999986076,9.47511766669625,11.188454201651856,67.13899733077925,65.60878001163755
319715.0,-3.8019,1.6752,9.1625,-0.0134,-0.0475,9.8064,0.0045,0.3302,-0.1919,147.26,-87.34,91.17,53.042046,-1.814101,21.98,4.0,59.44,21 / 23,3.297568461456761,-1.3621230174191175,0.4412404499998997,15.551313821335759,-0.1951176000051524,2.196955628949978,False,9.400999999999954,12.432149313886924,9.82321426288874,83.6224742814927,66.52670146725615,15.844680555554376,51.686120000002795,9.134580852430163,11.185337280307857,68.07116046015695,66.7218190672613
319815.0,-3.1415,-3.196,7.216,-0.0402,-0.0769,9.8062,-0.0178,-0.0577,0.0659,143.7,-87.4,87.35,53.042046,-1.814101,21.98,4.0,59.44,21 / 23,3.5667501533585746,-1.1274684550230225,0.279500449999863,15.894529752076604,-0.3195971736272877,2.2329926739499744,False,9.500999999999976,12.461599763016517,9.913188208220259,84.86592791718286,67.51644750928288,15.923655555555506,51.49780000000018,8.894849609657943,11.040656663243281,68.97139816510625,67.83604468291017
319915.0,-5.741,4.4081,8.9365,0.0367,-0.068,9.8063,0.0149,0.338,-0.2205,121.19,-87.76,68.78,53.042046,-1.814101,21.98,4.0,59.44,21 / 23,3.9708417217446237,-0.7858139671961002,0.10646044999982376,16.27140934583185,-0.41526129473826556,2.252290718949963,False,9.600999999999999,12.471480089505954,9.997495234691208,86.10296338251507,68.51709065382312,15.983986111105708,51.28331999998072,8.500638367761331,10.783309201887308,69.83155403668323,68.93235194856139
320014.0,-2.2406,-1.7109,10.0044,-0.0509,0.0752,9.8062,0.1412,-0.6382,0.4373,119.96,-87.6,69.83,53.042046,-1.814101,21.98,4.0,59.44,21 / 23,4.323557552939338,-0.5214815046590776,0.07317664999982738,16.68198210992866,-0.47997242059509004,2.2611827553999446,False,9.699999999999989,12.600834208383024,9.983001838600602,87.34728614546235,69.49682915315523,16.07611111110704,51.61199999998547,8.277276655443686,10.504483343259679,70.6653040355337,69.97680157375032
320114.0,0.3135,-3.536,13.1549,0.0289,0.0024,9.8065,0.2498,-0.373,0.1774,135.04,-87.35,82.74,53.042046,-1.814101,21.98,4.0,59.44,21 / 23,4.2055215627520575,-0.27625222837971886,0.250476649999767,17.108436065713086,-0.5198591072470162,2.277365420399919,False,9.799999999999955,12.684638419123104,10.103921777714262,88.6108634192102,70.49758349197572,16.21694444444028,51.46100000000447,8.479116856371046,10.38017400609398,71.50242735349713,71.01744259922273
320214.0,-2.4912,0.8497,9.3858,0.0118,0.0037,9.8066,-0.0258,-0.0135,0.2158,146.08,-87.79,95.43,53.042046,-1.814101,21.98,4.0,59.44,21 / 23,4.2299833701923495,-0.14456375519065232,0.3968466499998003,17.530211312360404,-0.5408999064255395,2.3097315853999048,False,9.899999999999977,12.611765180419479,10.063876193296394,89.86775509895556,71.49833783291923,16.135000000001213,51.41100000000074,8.381781810227128,10.208439948487047,72.33754378659515,72.03923773934477
320314.0,-0.0263,-0.8623,12.0552,-0.0436,-0.0536,9.8063,0.2094,-0.2327,-0.0328,146.44,-88.17,91.43,53.042046,-1.814101,21.98,4.0,59.44,21 / 23,4.366061213945356,-0.09357661459431678,0.48823164999982105,17.96001354156739,-0.5528069249147907,2.353985500399896,False,10.0,12.85718563441056,10.033575352407048,91.15138915482153,72.49909217174077,16.30888888888889,52.032,8.491124420465205,10.127151967001366,73.19137561325414,73.05189909665556
320414.0,2.1575,-7.1657,8.5706,0.0467,-0.0811,9.8061,0.0987,0.7735,-0.6102,145.27,-88.19,92.98,53.042046,-1.814101,21.98,4.0,59.44,21 / 23,4.082432256269577,0.15637992001353274,0.5388566499998039,18.38243821507799,-0.5496667596438309,2.4053399153998596,False,10.099999999999966,12.867815196567188,10.149631080940148,92.42833761659055,73.51096600432842,16.388888888884207,51.735000000017386,8.78538294029761,9.993251160926615,74.04589940151257,74.06063276397225
320514.0,0.8955,-4.1052,6.7404,-0.029,0.028,9.8065,-0.2472,0.393,-0.2329,142.21,-87.99,89.43,53.042046,-1.814101,21.98,4.0,59.44,21 / 21,3.6610761738427824,0.5056496659071859,0.3237416499997551,18.769613636583696,-0.5165652803477875,2.4484698303998473,False,10.199999999999989,13.011684451793005,10.10235750027021,93.72534286054295,74.51172034456528,16.47305555555187,52.173999999980786,9.350608277950222,9.596707834363025,74.95572922395925,75.02828562491307
320614.0,1.4948,-4.9154,8.9686,0.0374,-0.0492,9.8064,-0.0941,0.5005,-0.3605,136.07,-87.3,83.76,53.042046,-1.814101,21.98,4.0,59.44,21 / 21,3.309500431629986,0.7497589295783591,0.12852664999982175,19.118142466857215,-0.45379485057353164,2.4710832453998184,False,10.299999999999955,12.976321116803742,10.188274014167767,95.0156625104658,75.53471366965121,16.498055555554817,51.863000000009194,9.666820685173757,9.438515084589408,75.89752004360858,75.98850852022474
320714.0,-3.6598,0.0651,6.672,0.0213,-0.0708,9.8063,-0.1884,0.5704,-0.3428,123.2,-87.29,74.85,53.042046,-1.814101,21.98,4.0,59.44,21 / 21,3.2239773687499755,1.0163003759726605,-0.07010835000022336,19.444816356876288,-0.36549188529596055,2.474004160399799,False,10.399999999999977,13.075679765470413,10.30951501795114,96.31935334850245,76.55770699473872,16.651111111108847,51.74600000000173,9.851702396720437,9.29321464197848,76.87453699162616,76.92319888003469
320815.0,-2.2995,1.3853,6.9055,-0.0161,-0.0322,9.8065,-0.1699,-0.0142,-0.0844,111.03,-86.73,58.48,53.042046,-1.814101,21.98,4.0,59.44,21 / 21,3.4724896860648493,1.2504893354243054,-0.37491625000022055,19.782987943144434,-0.2510190048704148,2.451530418099777,False,10.500999999999976,13.146663532784986,10.39309246571889,97.64283354486255,77.60216094113318,16.758613888888842,51.671869999999934,9.674173846720137,9.142603130294585,77.85984560171812,77.85317994600359
320915.0,-3.2665,-4.4067,5.4012,-0.0454,-0.0237,9.8065,-0.3667,-0.1464,0.0987,99.69,-86.39,48.5,53.042046,-1.814101,21.98,4.0,59.44,21 / 21,3.4255578082053777,1.5367305315823787,-0.7402462500003035,20.127890317858025,-0.1116580115200489,2.3957722930997383,False,10.600999999999999,13.207756243050145,10.408669299858158,98.95347740059545,78.63649614842613,16.81621944443091,51.7593099999924,9.782198434844767,8.871938768275779,78.82558708273743,78.74815415994618
321015.0,2.4724,-6.7984,10.5917,0.1113,-0.0998,9.8054,-0.1645,0.9138,-0.2954,94.08,-86.11,40.38,53.042046,-1.814101,21.98,4.0,59.44,21 / 21,2.9237506857096904,1.6468004029426109,-0.9212662500002418,20.44535574255367,0.047518535206146295,2.3126966680997394,False,10.700999999999965,13.412963319090036,10.521470164239709,100.29059620880989,79.69273675657357,17.04725555555419,51.88846000000237,10.489212633380346,8.874669761297097,79.84524046625621,79.64521822136741
321115.0,-1.5137,-2.6413,11.5865,0.0744,-0.0039,9.8063,-0.1976,0.4173,-0.2257,83.09,-86.9,31.2,53.042046,-1.814101,21.98,4.0,59.44,21 / 21,2.4693400220583683,1.623024861054607,-0.7930212500002126,20.715010277942135,0.21100979840604436,2.226982293099697,False,10.800999999999988,13.428112581517354,10.554122338880353,101.62778187296519,80.73819145706757,17.079336111107384,51.83365000000393,10.958772559458986,8.931097477825746,80.91277159502306,80.52718165866153
321214.0,2.8177,-1.2083,11.6933,0.0448,0.0131,9.8065,-0.221,-0.2557,0.2697,83.09,-87.02,28.74,53.042046,-1.814101,21.98,4.0,59.44,21 / 21,2.319719606011675,1.5551638539681152,-0.6115295000002318,20.952068729531575,0.3683301397996525,2.1574570309746823,False,10.899999999999977,13.502949428765609,10.663986885402407,102.95814823118779,81.7949880396097,17.206111111109216,51.700000000002,11.183229822753933,9.10882303143429,82.00607950165622,81.42665789981005
321315.0,1.89,-5.678,10.88,0.0338,-0.0257,9.8065,-0.078,0.142,0.0097,69.7,-87.22,21.05,53.042046,-1.814101,21.98,4.0,59.44,21 / 21,2.070171832333161,1.240585399231773,-0.462049500000233,21.17375824716799,0.5095154770862456,2.103241291474659,False,11.000999999999976,13.532138756884727,10.841703276838235,104.32220998339237,82.89548422925098,17.33958888888883,51.29891999999984,11.461966924551566,9.601117877606463,83.14845173622439,82.38596875216474
321415.0,0.2008,-5.0829,7.432,-0.1693,0.1122,9.8045,-0.1068,-1.2799,0.65,84.21,-86.22,33.0,53.042046,-1.814101,21.98,4.0,59.44,21 / 21,1.6144714520996162,1.040308552064677,-0.5271145000002476,21.357990411389668,0.623560174651094,2.053783091474624,False,11.100999999999999,13.621921867238312,10.841520038615954,105.67931871771346,83.9742974069507,17.409638888884533,51.484170000028044,12.007450415138695,9.801211486551278,84.32132830632379,83.35073723229961
321514.0,4.2061,-4.5758,8.943,-0.0799,0.0149,9.8062,0.1007,-0.7957,0.5379,76.99,-86.18,25.59,53.042046,-1.814101,21.98,4.0,59.44,19 / 22,1.222198725446086,0.7716552367623504,-0.6874103500002307,21.498405585178165,0.7132523821980224,1.9936641113996068,False,11.199999999999989,13.588685794152612,11.001544849096948,107.01630381402606,85.06411888269726,17.483888888885605,51.00600000002114,12.366487068706526,10.229889612334597,85.5178982288479,84.35086650049924
321614.0,-8.0668,4.5514,9.1524,-0.1203,0.111,9.8052,-0.0179,-0.7889,0.4487,67.06,-86.22,18.63,53.042046,-1.814101,21.98,4.0,59.44,19 / 22,1.1266829042687325,1.0004289420796892,-0.7633053500002047,21.615849666663866,0.8018565911400942,1.9211283263996097,False,11.299999999999955,13.728242263566386,11.074130581383493,108.38685059247089,86.17606814931088,17.638055555551,51.107999999996984,12.601559359297653,10.073701639303803,86.77100092580703,85.37421155817078
321714.0,0.7821,-3.9716,9.5877,-0.0842,0.0561,9.8061,0.252,-0.9307,0.5739,76.5,-85.75,24.88,53.042046,-1.814101,21.98,4.0,59.44,19 / 22,1.0226784386843775,1.401359944013073,-0.8069653500002146,21.723317733811545,0.9219460354447596,1.842614791399571,False,11.399999999999977,13.78980258592003,11.217462764629461,109.75739737089081,87.29913690835095,17.77611111110907,50.87300000000348,12.767124147235654,9.816102820616388,88.03407963707927,86.37719087290618
321814.0,-4.8508,7.536,7.7016,-0.0425,0.0533,9.8064,-0.3093,0.1196,0.0798,69.94,-86.0,20.9,53.042046,-1.814101,21.98,4.0,59.44,19 / 22,1.1377326458200172,1.6985619820654132,-0.923165350000241,21.83133828803679,1.0769421317487191,1.7561082563995285,False,11.5,13.872323918172542,11.167593857500732,111.14800093142793,88.41108617425853,17.808888888888887,51.165,12.734591272352525,9.469031875435318,89.31666264339114,87.3341440425098
321914.0,-3.238,-0.6978,9.7662,-0.1086,0.0776,9.8057,0.1101,-0.4465,0.3293,77.74,-85.66,25.67,53.042046,-1.814101,21.98,4.0,59.44,19 / 22,1.3685219556005448,2.230621249115095,-1.0304403500002044,21.956651018107774,1.2734012933076775,1.6584279713995396,False,11.599999999999966,13.816310907519028,11.355308657043862,112.52523330380374,89.55639391877357,17.8838888888845,50.58400000003402,12.447788951918483,9.124687407928768,90.56858228569597,88.2829926254659
322014.0,-2.411,3.5528,12.6668,0.089,-0.1037,9.8056,0.0396,1.1389,-0.4789,62.6,-86.01,14.03,53.042046,-1.814101,21.98,4.0,59.44,19 / 22,1.4290173739801348,2.595995594798784,-0.8894553500001723,22.09652798458684,1.5147321355034262,1.562433186399499,False,11.699999999999989,14.054873652454454,11.38588074740298,113.92920805242679,90.70170166407992,18.08805555554662,50.98899999998227,12.62585627847432,8.789885152604196,91.83268006783995,89.1869695285765
322114.0,-9.7701,5.0402,8.4711,0.0987,-0.017,9.8061,-0.3613,1.173,-0.4915,67.55,-85.99,18.61,53.042046,-1.814101,21.98,4.0,59.44,19 / 22,1.602142636577729,3.3607832923638354,-0.8132253500001982,22.24808598511468,1.8125710798614556,1.4772991513995095,False,11.799999999999955,14.104854690412106,11.528665970275826,115.33986839508063,91.85812890110347,18.216944444440635,50.73900000000739,12.502712053834376,8.16788267791199,93.09178240996594,90.04555782124201
322214.0,6.2723,-9.9808,10.7909,0.0706,-0.1343,9.8054,0.0993,0.4656,-0.2017,71.88,-85.56,19.83,53.042046,-1.814101,21.98,4.0,59.44,19 / 22,1.2984932280074915,3.481456237578365,-0.8307903500002022,22.393117778343974,2.1546830563586434,1.3950983663994707,False,11.899999999999977,14.083135324593504,11.435261771157942,116.74384314373202,92.99231715327748,18.14111111111223,50.923999999997264,12.784642096586014,7.953805533579576,94.35072536538804,90.83763409691883
322314.0,-4.2384,0.0427,9.7124,0.1712,-0.1893,9.8033,-0.1585,1.3119,-0.7465,56.55,-85.72,5.44,53.042046,-1.814101,21.98,4.0,59.44,19 / 22,0.8306162554002621,3.234612186252954,-0.786290350000192,22.499573252514388,2.4904864775502857,1.3142443313994325,False,12.0,14.180380440575895,11.627600445456252,118.16118908041707,94.17098337586016,18.338055555555552,50.649,13.349764185175633,8.392988259203298,95.6616158279027,91.68049689830987
322415.0,4.8625,-10.7315,12.7699,-0.0547,0.0533,9.8063,0.3384,-0.948,0.5053,64.44,-85.73,10.75,53.042046,-1.814101,21.98,4.0,59.44,19 / 22,0.3538595934463983,2.9894580119797505,-0.6414058500001932,22.559389282881142,2.8048020225610344,1.2421456732994138,False,12.100999999999999,14.240985873525128,11.632779029020242,119.59946092638926,95.33908608008721,18.388236111110064,50.75625999999849,13.88712628007873,8.643321017040492,97.04007164350811,92.53428405752618
322515.0,-2.1237,1.3391,10.6256,0.0621,-0.0318,9.8064,0.1229,0.156,-0.2574,69.18,-86.2,18.15,53.042046,-1.814101,21.98,4.0,59.44,19 / 21,0.0249121196563869,2.689206098124084,-0.4522958500002576,22.578327868536274,3.0887352280661293,1.18746058829941,False,12.200999999999965,14.260296852470654,11.639156907915709,121.02349245713059,96.50674400377456,18.407230555550647,50.77893000001346,14.235384732814268,8.949950809791625,98.44516458859431,93.41800877570843
322614.0,-2.1923,2.9931,12.7369,-0.0325,0.0899,9.8061,-0.113,-0.5084,0.2469,77.09,-86.29,25.73,53.042046,-1.814101,21.98,4.0,59.44,19 / 21,0.19760316447061266,2.974194698527622,-0.26671045000027715,22.58934237510056,3.369073567500359,1.1518697764493873,False,12.299999999999955,14.28384601459187,11.78516544601505,122.43328367256484,97.6736235648319,18.518055555552248,50.475000000009075,14.086242850121257,8.810970747487428,99.84394129746428,94.30454999733153
322716.0,-4.4272,6.8629,12.0736,0.0052,-0.0235,9.8066,0.3901,0.1194,-0.0394,83.02,-86.27,33.58,53.042046,-1.814101,21.98,4.0,59.44,19 / 21,0.6730036413435574,3.405329703027166,-0.0016532500001931183,22.6337433221971,3.694429311979756,1.1381832277493589,False,12.401999999999987,14.36450773289098,11.903813130401257,123.90652117546935,98.88698260361348,18.655855555553543,50.351479999989586,13.691504091547422,8.498483427374092,101.27277785327226,95.19255329163371
322815.0,-0.8712,0.3379,10.2069,-0.1002,0.0686,9.8059,0.5112,-0.9278,0.5017,93.75,-87.11,43.76,53.042046,-1.814101,21.98,4.0,59.44,19 / 21,1.0363483863945082,3.7221313071409967,0.130373149999793,22.718356247570124,4.047238631983043,1.1445548627993385,False,12.500999999999976,14.616941182300323,11.811389161866488,125.34933922546489,100.05386216534193,18.792655555555587,51.05965000000012,13.580592795905815,8.089257854725492,102.63098297789476,96.00662353335888
322915.0,5.2459,-7.7127,10.0233,0.0128,0.0061,9.8066,0.0534,-0.595,0.4109,109.87,-87.07,55.29,53.042046,-1.814101,21.98,4.0,59.44,19 / 21,0.6404807426925945,3.656816791227673,0.16121814999980005,22.802197704024497,4.416186036901561,1.1591344277993214,False,12.600999999999999,14.560072952713192,11.819401371488967,126.80024684415703,101.23241719151623,18.753513888886232,50.93139999996864,13.919592210020598,8.162584580261294,103.99804914013254,96.81623115461467
323015.0,-3.8847,3.0577,9.2422,-0.0885,0.1412,9.8052,-0.1351,-0.4553,0.4154,112.86,-86.76,60.49,53.042046,-1.814101,21.98,4.0,59.44,19 / 21,0.4424094063023917,3.6626165404021487,0.1438281499998061,22.856342211474228,4.782157703482927,1.1743867427992964,False,12.700999999999965,14.704244751579358,11.711486535984617,128.26432508321994,102.39996392166617,18.798238888891742,51.46373000000996,14.261835345276966,8.048869995582468,105.40798287174572,97.61780621818325
323114.0,4.2192,-4.5145,11.2134,-0.0568,0.1058,9.8059,0.2201,-0.7251,0.6337,110.05,-87.14,58.41,53.042046,-1.814101,21.98,4.0,59.44,19 / 21,0.41210566523194947,3.6631722151914987,0.18552199999980176,22.898640707515174,5.144784246884774,1.1906895752242752,False,12.799999999999955,14.608017756490305,11.728785535057337,129.70720998918313,103.55583518382161,18.73388888889081,51.239000000006705,14.195912091258355,8.06561331986584,106.80856928166796,98.41105093693685
323214.0,-4.3201,4.4055,11.7315,-0.0637,0.0746,9.8061,0.1322,-0.5483,0.3662,100.07,-87.95,52.35,53.042046,-1.814101,21.98,4.0,59.44,19 / 21,0.41925443705019944,3.7224463365201363,0.3521019999998397,22.94020871262929,5.51406517447044,1.2175707752242635,False,12.899999999999977,14.586919513451932,11.798350275844372,131.16466949013,104.73450140711195,18.76111111111071,51.03300000000304,14.167665076401732,8.075903939324236,108.22446077750071,99.2204362326415
323314.0,6.2056,-8.1637,11.6985,-0.0853,0.1665,9.8049,0.1175,-1.398,0.7829,117.75,-87.33,64.18,53.042046,-1.814101,21.98,4.0,59.44,19 / 21,0.20507485221749933,3.8154537722482544,0.5429369999998832,22.97142517709268,5.890960179908945,1.26232272522426,False,13.0,14.648981343182822,11.842205099142982,132.62881458513363,105.91316762898795,18.836944444444445,51.048,14.443906490965322,8.026751326894727,109.65738940804094,100.022207449079
323415.0,-7.9328,6.3175,9.1967,0.031,0.0155,9.8066,0.115,0.6356,-0.1879,122.15,-88.13,72.77,53.042046,-1.814101,21.98,4.0,59.44,19 / 21,0.21523124265018875,3.8956556005819145,0.6076729499998826,22.9926506348835,6.280371203236865,1.3204285276992476,False,13.100999999999999,14.549970384736396,11.92086840049789,134.09449736665346,107.125637109408,18.809838888883373,50.671999999936126,14.334739142086207,8.025212799915975,111.10184673176995,100.84526590617114
323515.0,-4.7413,6.3543,9.1568,-0.0949,0.069,9.8059,0.2483,-1.4266,0.766,144.27,-88.29,93.66,53.042046,-1.814101,21.98,4.0,59.44,17 / 20,1.1064823214230506,3.9318972248080337,0.5446829499999042,23.058736313087138,6.671748844506229,1.3780463226992172,False,13.200999999999965,14.846793289749298,11.701047013675929,135.58525112592415,108.28228673559347,18.903488888890646,51.75766000001465,13.740310968326249,7.769149788867895,112.52651481283701,101.61053789108725
323616.0,-3.7266,2.6141,7.6541,0.113,-0.1723,9.8044,-0.0837,-0.3939,0.2111,149.79,-88.25,95.11,53.042046,-1.814101,21.98,4.0,59.44,17 / 20,1.7490536164592072,3.771310284204351,0.4031617499999055,23.20294087795019,7.060760823711352,1.4259124800492071,False,13.301999999999964,14.750835593186123,11.761242699606264,137.07767628372608,109.47251723124026,18.86568888888626,51.43365999999028,13.001781976726916,7.989932415401913,113.87473540577588,102.41175640752891
323714.0,-3.3638,-0.5161,6.2953,-0.0461,-0.1634,9.8051,-0.0165,-0.7868,0.3326,133.06,-88.71,78.22,53.042046,-1.814101,21.98,4.0,59.44,17 / 20,2.097668052365114,3.8735385981881287,0.12563064999986823,23.39143023972261,7.435358418948634,1.4518233076491995,False,13.399999999999977,14.88685763462619,11.731639858888734,138.53219412330475,110.6167130261015,18.95388888888756,51.759999999995074,12.789189582261077,7.8581012607006056,115.14076388358214,103.18135460715285
323814.0,3.0057,-8.3397,11.2066,-0.0413,0.0257,9.8065,0.1716,-0.8054,0.3455,76.8,-88.95,21.75,53.042046,-1.814101,21.98,4.0,59.44,17 / 20,1.8546233284692164,3.7778063635048165,0.020060649999844277,23.58904480876437,7.817925667033368,1.4591078726491868,False,13.5,14.983701185450842,11.599529684800842,140.03645278254322,111.77314026312635,18.94888888888889,52.255,13.129077856981626,7.821723321296026,116.44740797377885,103.95521459609299
323914.0,-0.1708,-1.8078,11.2521,-0.0306,0.1724,9.8051,0.0927,-0.6801,0.3587,146.32,-88.42,88.69,53.042046,-1.814101,21.98,4.0,59.44,17 / 20,1.47071344908868,3.617618482732401,0.16233064999979582,23.75531164764221,8.187696909345103,1.4682274376491657,False,13.599999999999966,14.693954594591524,11.831142099233713,141.50059787741304,112.95180648562325,18.86500000000491,51.16000000006411,13.223241145502843,8.213523616501313,117.74528622977084,104.76410957627814
324014.0,6.4091,-4.1908,9.5325,-0.0518,0.0507,9.8064,0.0616,-0.75,0.1739,149.81,-88.63,94.76,53.042046,-1.814101,21.98,4.0,59.44,17 / 20,1.076422095849783,3.6966414961687364,0.22089564999980926,23.88266842488916,8.553409908290243,1.4873887526491503,False,13.699999999999989,14.961230181418491,11.713403216622112,142.99817094264614,114.11935321578156,19.001111111105153,51.94199999996577,13.884808085568709,8.016761720453376,119.11550251775698,105.56594330749131
324115.0,-2.1479,1.4795,9.5156,-0.0672,-0.013,9.8063,-0.0641,-0.1773,-0.0269,132.48,-88.41,76.98,53.042046,-1.814101,21.98,4.0,59.44,17 / 20,0.8519388490493944,3.7293664998075986,0.19235304999980957,23.980050652606568,8.928423312087045,1.5082578119991308,False,13.800999999999988,15.323149808728397,11.605449895626837,144.54401399680376,115.28745592010064,19.22201944444988,52.86036000002222,14.471210959679002,7.876083395819238,120.56396334419719,106.35903260801359
324215.0,4.529,-7.7409,10.4604,-0.0668,0.1013,9.8059,0.0941,-0.6832,0.5333,120.02,-88.22,58.87,53.042046,-1.814101,21.98,4.0,59.44,17 / 20,0.567037604902666,3.7483717325658237,0.2104880499998034,24.050999475304145,9.302310223705588,1.5283998669991046,False,13.900999999999954,15.024073014732625,11.691038108418747,146.02841644177133,116.45478025969507,19.036905555555613,52.1115999999887,14.45703540982996,7.942666375852923,121.97741696646719,107.15247003598948
324314.0,2.5935,1.2428,11.2041,0.1213,-0.0185,9.8058,-0.2321,0.3715,-0.2048,122.95,-88.82,63.18,53.042046,-1.814101,21.98,4.0,59.44,17 / 20,0.14169148143810834,3.6000397665003034,0.312022449999851,24.08608156507803,9.66605659290953,1.5542641367490997,False,14.0,15.173242574867164,11.490427039283727,147.51763251441807,117.58863492614813,19.033055555555553,52.864,15.031551093429055,7.890387272783423,123.43155094934004,107.9225783332386
324414.0,-4.4627,0.8332,10.5451,-0.0218,0.0515,9.8064,0.177,0.0803,-0.2313,163.04,-89.12,102.12,53.042046,-1.814101,21.98,4.0,59.44,17 / 20,0.3797286311145088,3.4656801886865036,0.41881744999981463,24.11215257070565,10.019342590668751,1.5908061317490705,False,14.099999999999966,15.144620990004354,11.521244178247748,149.02189117354652,118.73394267066317,19.02888888888913,52.738000000007375,14.764892358889846,8.055563989561245,124.90973860284087,108.71460007999441
324514.0,4.3032,-3.9954,12.3685,0.1403,-0.0156,9.8056,0.1215,0.6175,-0.387,206.18,-88.05,146.98,53.042046,-1.814101,21.98,4.0,59.44,18 / 19,0.512019276754261,3.7322770530476963,0.5838324499998522,24.1567399660991,10.379240452755543,1.6409386267490653,False,14.199999999999989,15.348105384564487,11.442208829340249,150.54620661490165,119.87925041596952,19.143888888883858,53.29499999997562,14.836086107810226,7.709931776292553,126.38946664880255,109.50000996321398
324614.0,-2.8288,5.3851,7.8626,0.0312,-0.0914,9.8061,-0.1567,0.8338,-0.6406,192.36,-87.8,135.25,53.042046,-1.814101,21.98,4.0,59.44,18 / 19,0.4907612132734441,3.6761177643209213,0.6147224499998416,24.20687899060047,10.749660193623846,1.7008663717490295,False,14.299999999999955,15.385209081059323,11.400670471998412,152.07720765031365,121.01343866743542,19.14888888888874,53.460999999995096,14.894447867785878,7.724552707677491,127.87032865971318,110.26377847381158
324714.0,-0.245,-0.2582,8.0448,-0.0695,0.0212,9.8063,0.0321,-0.6833,0.2901,178.02,-87.62,119.4,53.042046,-1.814101,21.98,4.0,59.44,18 / 19,0.5951669810033002,3.3609844773710265,0.42942744999979954,24.26117540031432,11.101515305708524,1.7530738667490235,False,14.399999999999977,15.251324818612686,11.581001307191332,153.59483749764004,122.16986590445944,19.14999999999998,52.789000000009935,14.656157837609385,8.220016829820306,129.3336620973257,111.06835059875092
324814.0,-3.3478,1.3589,9.9727,-0.0136,-0.0285,9.8065,-0.1548,0.0554,-0.1088,163.76,-87.55,101.91,53.042046,-1.814101,21.98,4.0,59.44,18 / 19,0.8070726314468479,3.324791025843675,0.34963744999978147,24.331287380936843,11.435804080869335,1.7920271117490114,False,14.5,15.422060635492672,11.545573643400633,155.12583853305298,123.31517364905864,19.265,53.18,14.614988004045824,8.220782617556958,130.79455115211613,111.8793695681893
324914.0,-0.5297,-1.3195,8.6296,-0.0405,0.1037,9.8059,0.0493,-0.7301,0.3801,161.42,-87.42,97.35,53.042046,-1.814101,21.98,4.0,59.44,18 / 19,1.0157273113474519,3.3493063400314633,0.29908744999979875,24.422427378076527,11.769508949162978,1.8244633567489794,False,14.599999999999966,15.514897331598505,11.49299656861862,156.67021075644013,124.46048139357369,19.308055555553032,53.46999999998302,14.499170020251054,8.143690228587158,132.2477833783636,112.6909724444107
325014.0,4.0036,-6.1086,12.0798,0.0056,-0.0376,9.8065,0.1611,-0.3549,0.0972,161.91,-87.13,99.49,53.042046,-1.814101,21.98,4.0,59.44,18 / 19,0.7599996043353912,3.620817067285752,0.3538924499998113,24.51121372386069,12.118015119528918,1.8571123517489674,False,14.699999999999989,15.442503408427024,11.516358087705102,158.2012117918275,125.60578913817271,19.26388888889082,53.28600000000805,14.682503804091633,7.89554102041935,133.6899980679668,113.48777401864379
325114.0,-1.2021,-1.9007,11.7286,-0.0304,0.0734,9.8063,0.1752,-0.7164,0.3622,170.71,-86.74,103.92,53.042046,-1.814101,21.98,4.0,59.44,18 / 19,0.5417748667199539,3.9229717216766518,0.5636474499997398,24.576302447413433,12.49520455897691,1.9029893467489294,False,14.799999999999955,15.556082145751223,11.372827628810352,159.74558401535302,126.72885789650611,19.26999999999982,53.82999999998392,15.014307279031268,7.449855907133701,135.16928156793958,114.2336533375292
325214.0,4.3259,-6.5669,10.608,-0.0193,0.0549,9.8065,0.1289,-0.7241,0.4794,176.23,-87.02,110.43,53.042046,-1.814101,21.98,4.0,59.44,18 / 19,0.3674354571488938,4.30767974893023,0.6998124499997709,24.621762963606887,12.906737132507349,1.9661623417489194,False,14.899999999999977,15.52336123453796,11.381782788247461,161.2899562388268,127.86304614797183,19.2488888888892,53.75100000000117,15.155925777389067,7.074103039317231,136.6681932752199,114.95630901546448
325314.0,-0.4125,0.0266,8.8692,-0.0345,0.0266,9.8065,0.0235,-0.1597,0.1468,179.2,-87.32,113.87,53.042046,-1.814101,21.98,4.0,59.44,18 / 19,0.1673407464677012,4.586501250220291,0.6930074499997694,24.64850177378772,13.351446182464976,2.0358033367489123,False,15.0,15.637872191950361,11.486318740144766,162.84769965041417,129.0083538925707,19.403055555555554,53.702,15.47053144548266,6.899817489924475,138.19919787662644,115.65690771010574
325414.0,1.1095,-2.9913,9.0645,-0.0115,0.0118,9.8066,-0.1397,-0.2836,0.0503,173.24,-87.37,107.09,53.042046,-1.814101,21.98,4.0,59.44,18 / 19,0.13281917294518678,4.6943854481685525,0.6090274499997981,24.66350976975836,13.81549051738426,2.1009050817488686,False,15.099999999999966,15.725302154697136,11.569985754896669,164.41212865589074,130.1647811295106,19.523055555548527,53.6560000000027,15.59248298175195,6.875600306728116,139.7486188861324,116.34929061212634
325514.0,-1.795,-0.1544,8.8208,-0.0122,0.0166,9.8066,-0.1054,0.2173,-0.2031,164.51,-87.27,97.11,53.042046,-1.814101,21.98,4.0,59.44,20 / 21,0.16613457967109935,4.837280715163321,0.5226274499997785,24.67845745738918,14.292073825550963,2.15748782674886,False,15.199999999999989,15.860410132285063,11.351170522279304,165.98992884959506,131.28784988926026,19.503888888889726,54.408999999967044,15.694275552613963,6.513889807115983,141.31147139220587,116.9957760637093
325614.0,2.0877,-3.5709,9.5253,-0.0445,0.0487,9.8064,-0.1271,-0.0872,0.0504,161.8,-87.04,93.88,53.042046,-1.814101,21.98,4.0,59.44,20 / 21,0.12021378428878843,4.977419224172792,0.4592674499998002,24.69277487558717,14.782808822517602,2.2065825717488226,False,15.299999999999955,15.879117743612944,11.268442109970154,167.57441463732926,132.39979915516753,19.47111111111208,54.6389999999932,15.758903959324156,6.2910228857973625,142.8816397617421,117.61699033264992
325714.0,-0.4793,-2.423,10.6737,-0.0066,-0.0148,9.8066,0.0694,0.3863,-0.3224,160.5,-86.73,95.65,53.042046,-1.814101,21.98,4.0,59.44,20 / 21,-0.027005655392893846,5.209220668454505,0.4885524499998069,24.697435282031964,15.292140817149082,2.253973566748814,False,15.399999999999977,16.088034184182973,11.218159577835666,169.17895720720819,133.5228679149149,19.61305555555346,55.11199999999301,16.115039839575868,6.00893890938116,144.48152192517622,118.23072709776582
325814.0,3.5476,-4.8506,10.4487,-0.0159,0.1094,9.806,0.2699,-0.9036,0.2896,161.15,-86.21,95.92,53.042046,-1.814101,21.98,4.0,59.44,20 / 21,-0.2653662454708544,5.476369088187023,0.5640074499998241,24.682816686988772,15.82642030498128,2.3066015617488076,False,15.5,16.238172191107225,11.227917631488165,170.79687096514812,134.6348171815298,19.741944444444442,55.338,16.50353843657808,5.7515485433011415,146.11405427815936,118.80839687654851
325914.0,0.7825,-3.5523,10.5369,0.0685,-0.0501,9.8062,0.1393,-0.3652,0.1969,164.9,-86.26,96.78,53.042046,-1.814101,21.98,4.0,59.44,20 / 21,-0.5709985562560866,5.78165457617999,0.6326224499998008,24.64099844690244,16.38932148819944,2.3664330567487686,False,15.599999999999966,16.248717930831084,11.133228914017826,172.41478472291644,135.73564695493084,19.696944444447077,55.58199999998571,16.81971648708717,5.351574337837836,147.773786276014,119.3463254667314
326014.0,-0.752,4.7297,9.7017,0.04,-0.0663,9.8063,0.0022,-0.6448,0.4794,165.13,-86.68,101.03,53.042046,-1.814101,21.98,4.0,59.44,20 / 21,-0.5343576531536453,5.694957401346257,0.663887449999808,24.58573063643194,16.963152087075883,2.4312585517487637,False,15.699999999999989,16.227408374295923,11.11321856125849,174.0326984809097,136.83647672911994,19.668055555556823,55.59499999999943,16.761766027449568,5.418261159912233,149.44696784447774,119.87332464204405
326114.0,0.9092,-2.493,9.6458,0.0262,-0.1174,9.8059,0.0532,-0.7812,0.3446,167.37,-86.49,99.87,53.042046,-1.814101,21.98,4.0,59.44,20 / 21,-0.4859247732385509,5.558166290896157,0.6505974499998126,24.534716515112347,17.52580827168781,2.496982796748722,False,15.799999999999955,16.51187059220874,11.028294428546964,175.67735461502213,137.93730650260105,19.85611111110555,56.260999999980314,16.997795365447292,5.470128137650807,151.1426380999098,120.41149823091324
326214.0,-2.2652,5.634,8.5969,0.0557,-0.104,9.8059,0.0365,-0.2014,0.038,165.55,-87.47,98.44,53.042046,-1.814101,21.98,4.0,59.44,20 / 21,-0.3546569854319326,5.395678874766912,0.5820674499997971,24.49268742717881,18.07350052997109,2.5586160417487167,False,15.899999999999977,16.712282369908767,10.93162924674857,177.34206753122697,139.02701678365744,19.969999999998315,56.81099999999188,17.0669393553407,5.535950371981657,152.84938010404815,120.95351625368636
326314.0,0.1671,-2.6184,10.5847,0.0164,-0.0142,9.8066,-0.0028,-0.6109,0.3656,161.7,-87.28,92.56,53.042046,-1.814101,21.98,4.0,59.44,20 / 21,-0.19938630347537764,5.244355083052438,0.5604824499997922,24.46498526273344,18.60550222786218,2.615743536748709,False,16.0,16.561587315097526,10.814907563377536,178.98672366534177,140.09448807986257,19.779999999999998,56.855,16.760973618572905,5.570552480325098,154.52173840260832,121.4889858520004
326415.0,-2.1185,4.6009,10.1934,0.0147,-0.0696,9.8063,-0.0479,0.3029,-0.2987,161.67,-87.48,92.65,53.042046,-1.814101,21.98,4.0,59.44,20 / 21,-0.04873371220678552,5.152411522144879,0.6193048499997917,24.45245520194149,19.13053894142464,2.675322795398688,False,16.101,16.81771092687691,10.771576875843078,180.68178917840174,141.17274528316776,19.97153888887995,57.36081999998362,16.866444639083696,5.6191653536981985,156.22933397646025,122.04220634174311
326515.0,1.4125,-5.9143,10.5651,-0.0459,0.0134,9.8065,-0.0745,-0.1918,0.2874,161.91,-87.43,90.56,53.042046,-1.814101,21.98,4.0,59.44,17 / 19,-0.00953977647294714,5.198824634840679,0.6765648499997723,24.449541527507503,19.64810074927374,2.740116280398644,False,16.200999999999965,17.000022710898886,10.770661161957554,182.37999692077753,142.25122487686673,20.124811111107068,57.642969999986974,17.009562487371834,5.571836527116875,157.93045539327002,122.60312412759299
326615.0,1.142,-1.6353,10.6192,0.0072,-0.0248,9.8065,-0.1604,0.6908,-0.37,160.45,-87.59,91.45,53.042046,-1.814101,21.98,4.0,59.44,17 / 19,-0.22412079869850654,5.488514665902098,0.7551148499997902,24.437858498748927,20.182467714311002,2.8117002653986383,False,16.300999999999988,17.132421530488912,10.730611971439526,184.08482340124488,143.31847378251635,20.215488888890697,57.93970999999212,17.35654232918742,5.242097305537428,159.64696490249594,123.13600606820535
326714.0,-0.5585,3.0008,10.1724,-0.012,0.0569,9.8065,0.0755,0.2642,0.028,165.01,-88.05,94.54,53.042046,-1.814101,21.98,4.0,59.44,17 / 19,-0.21482514529941524,5.381742779084805,0.813440699999784,24.416130674521032,20.720545457837797,2.889343765123609,False,16.399999999999977,17.130125595816992,10.617816838562039,185.77260161693297,144.35325377005566,20.15388888888981,58.20799999999599,17.344950741116406,5.236074059477234,161.35647094241193,123.63270831221786
326814.0,0.3586,-0.8508,10.868,0.0154,0.0059,9.8066,0.1095,0.2656,-0.0289,172.26,-87.88,101.09,53.042046,-1.814101,21.98,4.0,59.44,17 / 19,-0.1508092345774038,5.253323104824377,0.8847956999998002,24.397848955527188,21.252298752033376,2.9742555851236077,False,16.5,17.211550076947603,10.579508387897299,187.48411369145686,145.40960557383465,20.203055555555558,58.422,17.362359311525008,5.326185283072922,163.08626473592966,124.15730682180128
326915.0,1.5076,1.5014,10.7723,-0.005,0.0714,9.8063,0.0838,0.1084,-0.2535,180.93,-88.22,110.67,53.042046,-1.814101,21.98,4.0,59.44,17 / 19,-0.23443292350818418,5.185418794694312,0.9871591999997994,24.378394226543865,21.779455217959065,3.068789307573587,False,16.601,17.52222255546337,10.45134607659294,189.25312187459542,146.45405951945452,20.402425000003664,59.18551000000865,17.756655478971552,5.265927281898627,164.87472764805156,124.67460430149545
327014.0,0.8251,-5.38,9.1917,-0.0041,0.0009,9.8066,0.0719,0.5331,-0.4022,184.04,-88.25,110.34,53.042046,-1.814101,21.98,4.0,59.44,17 / 19,-0.3185407476216743,5.346375373527431,1.0045188499997977,24.35102202982294,22.300779029285987,3.1673773710485564,False,16.69999999999999,17.441726924318214,10.46430895461449,190.97399378075994,147.47783120949245,20.340000000002757,59.03800000000652,17.76026767193989,5.117933581087058,166.622971750937,125.17705218020646
327114.0,-1.6767,-1.0702,9.2816,-0.0564,0.0543,9.8063,-0.2863,0.4418,-0.1303,175.46,-88.42,104.75,53.042046,-1.814101,21.98,4.0,59.44,17 / 19,-0.24596524635358863,5.643555201876,0.9475188499998172,24.322796730124185,22.850275558055973,3.264979256048504,False,16.799999999999955,17.559592836383143,10.420735236879224,192.7189338254873,148.5230635194302,20.418888888886556,59.312999999991874,17.80555808273673,4.777180035003225,168.39613709536312,125.67278796137423
327214.0,2.8851,-3.5407,9.6899,-0.0479,0.0644,9.8063,-0.0815,0.1559,-0.1246,166.48,-87.74,94.66,53.042046,-1.814101,21.98,4.0,59.44,17 / 19,-0.32782570467768346,5.8106653547806575,0.9154288499998099,24.294107182572617,23.422986585888935,3.3581266410485067,False,16.899999999999977,17.65565006030213,10.493997224042127,194.4772450583028,149.568295829369,20.538888888887115,59.27400000000058,17.98347576497981,4.68333186926147,170.18313787573018,126.14530924348006
327314.0,-0.8005,1.3042,10.5609,-0.0265,0.0613,9.8064,0.0155,0.3708,-0.3265,163.93,-87.56,92.9,53.042046,-1.814101,21.98,4.0,59.44,17 / 19,-0.42940634692471524,5.868344923999813,0.9473038499998172,24.256245579992488,24.006937099828093,3.4512632760485094,False,17.0,17.696594081502035,10.581547000646589,196.24224188514887,150.624647633148,20.61888888888889,59.123000000000005,18.12600042842675,4.713202076646776,171.9859963051564,126.6177105333199
327414.0,0.8515,-1.9797,10.5084,-0.0383,0.0612,9.8063,0.048,-0.0706,-0.0498,159.83,-86.88,87.58,53.042046,-1.814101,21.98,4.0,59.44,17 / 19,-0.42179546621389075,5.867280519550392,1.0201038499997925,24.21368548933557,24.5937183720054,3.5496336610484565,False,17.099999999999966,17.808327608242973,10.52678195104546,198.0206098999253,151.66987994301016,20.686944444440456,59.41199999998308,18.230123074456863,4.659501431495069,173.80692441058972,127.07616157100476
327514.0,-0.3815,2.4283,10.3065,-0.008,-0.0089,9.8066,-0.0772,0.1815,-0.1258,153.88,-86.8,84.46,53.042046,-1.814101,21.98,4.0,59.44,17 / 20,-0.39780487495327815,5.819512299127907,1.0801838499998062,24.172705472277205,25.17805801293945,3.65464804604846,False,17.19999999999999,17.921379676794704,10.385317565084454,199.79897791483208,152.69287326739166,20.71305555555441,59.907999999978294,18.31918455174798,4.565805265956548,175.62627244255486,127.51481525445222
327614.0,-0.1871,0.052,9.8753,0.0021,0.0099,9.8066,-0.0451,-0.3034,0.1824,158.97,-86.77,86.54,53.042046,-1.814101,21.98,4.0,59.44,17 / 20,-0.2898548797339219,5.6946379201137285,1.1086088499997966,24.138322484542858,25.753765523901333,3.764087681048403,False,17.299999999999955,17.820752870049464,10.406932456194905,201.57734592979102,153.73810557874353,20.636944444446694,59.71600000000568,18.110607749783387,4.712294536081177,177.43902344524815,127.98434005484219
327714.0,2.1819,-2.0757,10.1951,0.0284,-0.0532,9.8064,0.1452,-0.1067,0.0722,160.39,-86.62,87.95,53.042046,-1.814101,21.98,4.0,59.44,17 / 20,-0.39153531167280936,5.7299756445424785,1.1314638499998018,24.104252974972514,26.324996202134272,3.8760913160484085,False,17.399999999999977,17.94163806414173,10.321900251885328,203.36239953875454,154.761098904539,20.698888888887975,60.0879999999945,18.33317337581454,4.5919246073428495,179.25814656378202,128.43610270240475
327814.0,0.3478,-0.9709,10.1115,0.0138,0.0075,9.8066,0.0133,-0.2529,0.0753,162.42,-86.82,89.33,53.042046,-1.814101,21.98,4.0,59.44,17 / 20,-0.5349398637161922,5.804632440800673,1.1661288499998097,24.057929216203053,26.90172660640156,3.990970951048415,False,17.5,17.919425852608875,10.308705210449041,205.154138741775,155.79521172205202,20.673055555555557,60.089,18.454365716325068,4.504072769648368,181.09620952557194,128.89348511565046
327914.0,0.8664,-1.9363,9.2164,-0.0042,-0.0415,9.8065,-0.0694,-0.1935,0.1922,156.52,-87.05,83.95,53.042046,-1.814101,21.98,4.0,59.44,17 / 20,-0.6181681725137226,5.89058226272925,1.1518588499998146,24.000273814391576,27.486487341577856,4.106870336048357,False,17.599999999999966,17.99694109094844,10.275684018488525,206.95256353869402,156.82932453948936,20.723888888885913,60.274999999989106,18.615109263462163,4.385101755759274,182.95228972430243,129.3428371979115
328014.0,1.1,2.1539,9.6246,0.0002,-0.0344,9.8065,-0.1161,-0.0876,0.1585,155.26,-87.02,82.47,53.042046,-1.814101,21.98,4.0,59.44,17 / 20,-0.6733918113398722,5.816342618828474,1.1132438499998059,23.935695815198883,28.071833585655874,4.220125471048363,False,17.69999999999999,18.0747544464305,10.246202816100944,208.75767392980146,157.85231786528485,20.77694444444212,60.45199999999225,18.748146257770372,4.429860197272469,184.8219781146026,129.78048427962898
328114.0,-1.4109,-2.0152,9.6884,-0.0119,-0.0026,9.8066,-0.029,-0.1623,-0.0357,152.81,-86.91,79.51,53.042046,-1.814101,21.98,4.0,59.44,17 / 20,-0.632812362683471,5.793347266966409,1.098228849999811,23.870385606497738,28.65231807994542,4.330699106048306,False,17.799999999999955,17.98780477374532,10.338016405603417,210.55609872685162,158.89755017451475,20.74694444444533,60.11300000001002,18.62061713642879,4.544669138637008,186.68571312035388,130.24523209456933
328215.0,1.8493,0.7489,9.0458,0.0086,-0.021,9.8066,0.1423,0.2051,-0.2068,153.59,-86.83,76.37,53.042046,-1.814101,21.98,4.0,59.44,17 / 20,-0.6533614754609431,5.817167726403152,1.0538342999998114,23.805433827671447,29.238649087110577,4.439378295123286,False,17.900999999999954,18.022703723353718,10.149576660474095,212.3793939336976,159.91976513536628,20.6840944444429,60.6137399999989,18.676065198814662,4.332408934070942,188.57396010602616,130.6811160482557
328315.0,-0.8093,2.8496,11.0222,0.0007,0.0681,9.8064,-0.0139,0.1364,-0.1905,147.8,-86.59,74.44,53.042046,-1.814101,21.98,4.0,59.44,17 / 20,-0.5792832453332798,5.621211573227454,1.0765692999998167,23.743801591631723,29.810568052092236,4.545898475123292,False,18.000999999999976,18.12503467570979,10.176782223534834,214.19780865697678,160.95376675935495,20.786625000000026,60.686810000000015,18.70431792104307,4.555570650307381,190.45400706534505,131.1431987072627
328415.0,1.6346,0.0568,9.1516,-0.028,0.0118,9.8066,-0.2256,0.1911,-0.0998,154.34,-86.39,76.55,53.042046,-1.814101,21.98,4.0,59.44,17 / 20,-0.5116424361575176,5.461780213621794,1.104594299999823,23.689255307557172,30.364717641434826,4.654956655123299,False,18.101,18.093516993118797,10.167273054375777,216.00953778601814,161.9768712792924,20.754488888891856,60.66710000000523,18.605159429276316,4.705492840753982,192.32028247846097,131.61215363785757
328515.0,0.87,-0.7467,9.9932,0.0261,0.0142,9.8066,-0.2113,0.0049,0.1721,150.6,-86.35,77.33,53.042686,-1.812107,16.58,6.0,71.71,17 / 19,-0.6109186164973868,5.411774423721346,1.081169299999831,23.633127254924446,30.908395373301797,4.764244835123244,False,18.200999999999965,18.034257702004968,10.170370773383157,217.81471503306489,163.01087290188119,20.704369444442335,60.579289999994344,18.645176318502354,4.75859634966181,194.18158777814045,132.10247752857939
328615.0,1.6975,-2.4695,8.9945,-0.0419,-0.0648,9.8063,0.1296,-0.1539,-0.0078,139.32,-86.84,64.03,53.042686,-1.812107,16.58,6.0,71.71,17 / 19,-0.7799610533463952,5.442157560429051,1.049889299999824,23.56358327143224,31.45109197250944,4.870797765123251,False,18.300999999999988,18.096770272434764,10.15479473248333,219.62624359444203,164.03397742189972,20.75122500000209,60.70152000001594,18.876731325781158,4.712637172054279,196.0626603230098,132.5828854493903
328715.0,-1.4871,-0.6744,9.4943,0.0009,-0.0708,9.8063,0.0171,0.0194,-0.0415,137.41,-87.06,62.33,53.042686,-1.812107,16.58,6.0,71.71,17 / 19,-0.7299065840976883,4.709209333170651,0.8446146549998668,23.48808988956006,31.958660317189253,4.9655229628732025,False,18.400999999999954,17.936449959066245,10.289258742132033,221.41116349152404,165.06786785025727,20.67813055555834,60.15922999999966,18.666356543163932,5.580049408961382,197.92307360196398,133.10920753306803
328815.0,1.9714,0.3537,10.5857,0.0332,0.0044,9.8066,-0.0693,-0.0468,0.1288,135.54,-87.26,60.81,53.042686,-1.812107,16.58,6.0,71.71,17 / 19,-0.7212860306648514,4.688457154259294,0.8679496549998721,23.415530258821917,32.42854364156086,5.051151178373209,False,18.500999999999976,17.77680945137749,10.190004606328836,223.18251163269747,166.07974168221813,20.490275000000228,60.17779000000035,18.49809548204234,5.501547452069542,199.76698137387555,133.65119804065728
328915.0,0.7004,0.7478,10.735,0.0154,-0.0165,9.8066,-0.0284,0.0484,-0.0419,139.06,-87.62,60.42,53.042686,-1.812107,16.58,6.0,71.71,17 / 19,-0.7467605488290248,4.540875809529229,0.9533196549998915,23.342127929847205,32.890010289750386,5.142214643873218,False,18.601,17.46181199435856,10.18185011566266,224.92049865951046,167.09194909957793,20.21350000000871,59.75381000004175,18.208572543187582,5.640974306133431,201.57837072966325,134.20193880982754
329015.0,1.2908,-0.8438,8.2639,-0.0319,0.0015,9.8065,-0.0421,-0.0598,0.0321,133.22,-87.61,58.9,53.042686,-1.812107,16.58,6.0,71.71,17 / 19,-0.7889483539996737,4.457527991434909,0.9225996549999019,23.265342484705798,33.33993047979844,5.236010609373175,False,18.700999999999965,17.20565949541905,10.320550091913628,226.63194387809315,168.13684782473777,20.0636111111172,59.04321999999465,17.994607849418724,5.863022100478719,203.36660139338736,134.79691734493935
329115.0,0.5529,0.1341,9.9017,-0.0324,-0.0446,9.8064,-0.0158,0.1713,-0.1977,125.27,-87.37,49.68,53.042686,-1.812107,16.58,6.0,71.71,17 / 19,-0.838279997998947,4.403208637977471,0.8502146549998855,23.183981067105847,33.78296731126916,5.324651324873185,False,18.800999999999988,17.107708721053307,10.212250602647018,228.33656979073965,169.14861046177543,19.923950000006283,59.1654099999959,17.945988719052252,5.809041964669547,205.1525887236338,135.3656431505063
329215.0,0.8014,-3.9734,8.7762,-0.0383,-0.0076,9.8065,0.0199,-0.1232,0.0303,123.41,-86.82,45.57,53.042686,-1.812107,16.58,6.0,71.71,17 / 19,-0.9997889757583686,4.44608138727931,0.8034446549999015,23.092077618418013,34.22543181253185,5.407334290373146,False,18.900999999999954,16.945274921444764,10.06226957783667,230.0210052093867,170.14947599693517,19.707669444447912,59.297660000010914,17.94506389720313,5.616188190557359,206.92892759096867,135.92404418440333
329315.0,1.0787,2.4261,8.8695,0.0116,-0.0805,9.8063,-0.0502,0.2874,-0.1948,120.99,-86.83,43.63,53.042686,-1.812107,16.58,6.0,71.71,17 / 19,-1.074371606935141,4.408083966215436,0.7050646549998791,22.988369589283316,34.66814008020669,5.482759755873152,False,19.000999999999976,16.61715974811565,10.155114786168602,231.67214636970917,171.16123863466495,19.474505555555755,58.56996000000009,17.69153135505079,5.7470308199531654,208.68377678042586,136.49309855445827
329415.0,-1.2018,4.5417,7.2438,-0.0743,0.0445,9.8062,0.1555,-0.7084,0.2364,119.41,-86.62,45.55,53.042686,-1.812107,16.58,6.0,71.71,17 / 19,-0.733557539895255,4.236274309160116,0.5300646549998395,22.897973131941775,35.100357993975564,5.5445162213731525,False,19.101,16.39150593052378,10.059281400136811,233.30329760373886,172.1621041690524,19.23202500000598,58.46301000002317,17.125063470419036,5.823007090976695,210.4053244717971,137.06174617507685
329515.0,-1.2228,1.4985,9.8132,0.001,-0.072,9.8064,-0.0595,-0.1322,0.1507,114.53,-86.27,39.1,53.042686,-1.812107,16.58,6.0,71.71,15 / 20,-0.3752835489792834,4.199782097894298,0.40224965499988313,22.842531077498066,35.52216081432814,5.591131936873123,False,19.200999999999965,16.23457258496853,10.11904158223177,234.92114450573803,173.17408919663745,19.129988888888935,58.06463000001479,16.60985613394781,5.919259484337472,212.07861342823998,137.6519283823093
329614.0,1.9176,-1.9211,10.8142,-0.0095,-0.0092,9.8066,-0.1461,-0.2433,0.2686,115.08,-86.1,38.29,53.042686,-1.812107,16.58,6.0,71.71,15 / 20,-0.3719351732280458,4.177965373257073,0.45244760499987785,22.805543750748807,35.93685931415009,5.633439451243107,False,19.299999999999955,16.17444772264089,10.212816995864289,236.51626038800822,174.18685258847373,19.128888888888916,57.73100000000996,16.546382895868934,6.034851622607216,213.71071663725942,138.24999327432363
329714.0,1.1042,-4.52,11.5984,0.0395,-0.0718,9.8063,0.1932,-0.1457,0.1181,114.39,-86.28,34.48,53.042686,-1.812107,16.58,6.0,71.71,15 / 20,-0.6907282888066333,4.1745017567841645,0.5924126049999097,22.752410577647062,36.354482670652246,5.6856824617431085,False,19.399999999999977,16.076233563108364,10.266953755833253,238.11411736383124,175.2209654066939,19.075000000000795,57.43600000000437,16.766961851914996,6.092451999049088,215.3617067861842,138.86648273604163
329814.0,1.5989,0.1918,10.206,0.0353,0.0056,9.8066,0.1122,-0.4169,0.2454,114.08,-86.65,34.4,53.042686,-1.812107,16.58,6.0,71.71,15 / 20,-0.9057414494410678,4.140588464904003,0.7019676049999346,22.67258709073466,36.770237181736746,5.750401472243116,False,19.5,16.011090890087058,10.082331783292172,239.70528874562362,176.22171974622324,18.92111111111111,57.801,16.916832339528124,5.94174331838817,217.03270165488897,139.4514825644865
329915.0,1.3749,-2.9978,8.6023,-0.034,-0.0408,9.8065,-0.1083,-0.3717,0.1999,111.17,-86.75,33.04,53.042686,-1.812107,16.58,6.0,71.71,15 / 20,-1.0582610643229389,4.053851386941277,0.661315104999935,22.573404963789578,37.18405639425493,5.819247249098108,False,19.601,15.984157058279681,10.08124180910942,241.31230498515092,177.24360112290742,18.89774444444625,57.76028000000999,17.04241812260262,6.027390422168143,218.73890002136133,140.0595447286525
330014.0,-2.8451,-0.098,9.3625,0.0067,-0.0674,9.8063,0.0113,0.1286,0.0525,101.14,-86.6,24.89,53.042686,-1.812107,16.58,6.0,71.71,15 / 20,-1.162162080787961,4.188233621936266,0.5797143549999436,22.4634940181066,37.592039602194326,5.880678207368096,False,19.69999999999999,15.928123395062391,10.112194508684578,242.88094591500848,178.23434791834043,18.866944444445807,57.590000000007535,17.09028547585035,5.923960886748311,220.41745189690187,140.6423083161461
330114.0,0.7502,1.2879,8.5476,0.005,0.018,9.8066,-0.0797,0.0319,-0.0773,104.35,-86.47,27.24,53.042686,-1.812107,16.58,6.0,71.71,15 / 20,-1.049670816168925,4.283863959092378,0.4945543549999727,22.352902373258797,38.015644481245616,5.934391642868073,False,19.799999999999955,15.726528999313823,10.104781622431021,244.44537492062634,179.2462217510012,18.693055555560697,57.27800000000922,16.776199815482748,5.820917663338643,222.09247254736755,141.2305772697556
330214.0,0.1735,1.1042,9.8971,0.0124,-0.0123,9.8066,0.0754,-0.1001,0.0039,107.82,-86.74,28.69,53.042686,-1.812107,16.58,6.0,71.71,15 / 20,-0.9095833603127558,4.2116657950449135,0.43612435499995944,22.25493966443469,38.44042096895258,5.980925578368081,False,19.899999999999977,15.637517279464968,10.23641310882068,246.00311833221411,180.2692150760884,18.690000000000044,56.791000000007195,16.547100639777724,6.024747313775766,223.74817866777943,141.82879410713582
330314.0,1.3342,0.0203,11.2882,0.0407,-0.0316,9.8064,0.1075,-0.1707,0.0889,113.18,-86.82,34.58,53.042686,-1.812107,16.58,6.0,71.71,15 / 20,-0.8476397343458016,4.127170601960403,0.5147243549999774,22.167078509701742,38.85736278880294,6.028468013868088,False,20.0,15.442574967664573,10.315669937977567,247.5474905556881,181.29220840117588,18.57111111111111,56.257,16.290214702010374,6.1884993360171645,225.38041204598636,142.43484561237295
330414.0,-0.4754,-0.2912,11.4185,0.0084,-0.0136,9.8066,-0.0759,0.163,-0.1671,109.67,-87.16,31.95,53.042686,-1.812107,16.58,6.0,71.71,15 / 20,-0.8412548345890344,4.094511502636862,0.6693943549999246,22.08263378125503,39.268446894032664,6.087673949368063,False,20.099999999999966,15.080883052682182,10.194027560819585,249.04506362078675,182.29296274133867,18.20305555557711,55.94300000001839,15.922137887271216,6.099516058182723,226.96242983953172,143.02451584730602
330514.0,0.858,-3.3401,10.8637,-0.0031,0.034,9.8066,0.022,-0.0782,0.1428,106.92,-87.44,29.48,53.042686,-1.812107,16.58,6.0,71.71,17 / 18,-0.981952011503589,4.133179373921275,0.802839354999955,21.99147343895038,39.67983143786066,6.161285634868074,False,20.19999999999999,15.23817141036756,10.187592064273709,250.57606465619796,183.29371708157487,18.329999999994442,56.23499999998722,16.22012342187115,6.054412690352433,228.58459121724758,143.6138856437142
330614.0,-0.9671,-1.0936,10.7644,0.0331,-0.0028,9.8066,-0.0429,0.5534,-0.2076,110.64,-87.74,34.31,53.042686,-1.812107,16.58,6.0,71.71,17 / 18,-1.1510431336338809,4.208772584767317,0.9035793549999207,21.884823681693543,40.09692903579495,6.246606570368039,False,20.299999999999955,15.431098094055612,9.680284893746325,252.1271224737269,184.22775446513756,18.21611111111448,57.89899999995082,16.582141227689494,5.471512308979008,230.24229879203335,144.13082542934262
330714.0,-1.6394,4.6834,9.8048,-0.0059,0.0557,9.8064,0.0002,0.4997,-0.1881,120.96,-87.9,41.72,53.042686,-1.812107,16.58,6.0,71.71,17 / 18,-0.904880668173709,4.222048834367596,0.9513743549999316,21.78202749160314,40.51847010675179,6.339354255868052,False,20.399999999999977,15.480077167245236,9.462434981977236,253.68486588528768,185.13955286313984,18.143055555556636,58.563999999990166,16.384957835418945,5.240386147609639,231.90283839368453,144.62108275638803
330814.0,0.2176,0.9603,10.3873,-0.021,0.0292,9.8065,0.0151,0.2599,-0.1429,116.1,-88.08,40.89,53.042686,-1.812107,16.58,6.0,71.71,17 / 18,-0.5862362422421369,4.138120197478635,0.9803143549999382,21.707471646082332,40.9364785583442,6.435938691368068,False,20.5,14.905996943300792,9.841763788200119,255.1556965743496,186.12918771094922,17.861944444444443,56.565,15.49223318554293,5.703643590721484,233.44822492826728,145.19270915260503
330914.0,-0.3245,3.0269,9.0656,-0.0247,0.0095,9.8065,-0.1377,0.3135,-0.0493,112.92,-88.26,37.94,53.042686,-1.812107,16.58,6.0,71.71,17 / 18,-0.3647245696108127,4.062994189649393,0.972294354999941,21.659923605489702,41.346534277700464,6.533569126868029,False,20.599999999999966,14.743587041170636,9.642788638074173,256.6198416692194,187.07434458686583,17.61694444445879,56.81399999998541,15.108311610781449,5.57979444842478,234.9599180637297,145.72781030916536
331014.0,-1.3958,2.289,9.1674,-0.0217,0.0082,9.8065,-0.0269,0.1098,0.0675,110.84,-88.07,35.28,53.042686,-1.812107,16.58,6.0,71.71,17 / 18,-0.049774717681940917,4.044989560739299,0.9032793549999254,21.63919864112506,41.75193346521999,6.627347812368043,False,20.69999999999999,14.564151687455059,9.870684467624303,258.0639299821068,188.06397943396644,17.593888888889897,55.873000000041195,14.613926405137,5.825694906885004,236.42473134098174,146.31204596874645
331114.0,-1.071,1.1872,9.2955,0.0136,0.0311,9.8065,0.0453,0.1119,-0.0757,104.65,-88.04,28.95,53.042686,-1.812107,16.58,6.0,71.71,17 / 18,0.19018110793175122,4.110468286986378,0.8457593549999451,21.646218960637547,42.15970635760613,6.714799747868007,False,20.799999999999955,14.344778770522513,9.88693432011419,259.4946471069056,189.03137529621876,17.42194444444953,55.42400000001327,14.154597662590762,5.776466033127812,237.84842814626802,146.87166893861263
331214.0,-0.0094,0.1044,10.2514,0.0019,-0.0112,9.8066,0.004,0.1115,0.0497,103.52,-88.03,31.44,53.042686,-1.812107,16.58,6.0,71.71,17 / 18,0.30324095636615644,4.153050991622305,0.8424393549999445,21.670890063852447,42.57288232153666,6.79920968336802,False,20.899999999999977,14.30417848819516,9.861160829300795,260.92536423167803,190.00989065089598,17.3738888888896,55.418000000000085,14.000937531829003,5.7081098376784905,239.25447416782558,147.43700832935932
331314.0,-0.5051,2.1011,9.2869,-0.0146,-0.0155,9.8066,-0.083,0.1375,-0.065,98.0,-87.95,25.59,53.042686,-1.812107,16.58,6.0,71.71,17 / 18,0.45239202593139116,4.17134558855524,0.8386893549999437,21.708671712967334,42.989102150545634,6.8832661188680335,False,21.0,14.2695309624312,9.823319823093684,262.3493957624469,190.9772865124407,17.32388888888889,55.456,13.817138936499807,5.651974234538444,240.64072404947953,147.9881843618951
331415.0,-1.1735,2.4018,9.774,-0.0136,-0.005,9.8066,0.0012,0.0549,0.0669,89.19,-87.85,19.98,53.042686,-1.812107,16.58,6.0,71.71,17 / 18,0.7167955800322985,4.25606019567665,0.8107931549999439,21.7677156870685,43.41468614264934,6.966564985623027,False,21.101,14.212260546079554,9.706078765469307,263.7807145906021,191.95424513759946,17.21035555556478,55.66937000000947,13.495464966047255,5.4500185697926575,242.0129989035336,148.5395589949501
331515.0,-1.0063,2.1745,9.7625,-0.0018,-0.0198,9.8066,-0.0295,0.1273,-0.0258,85.27,-87.76,15.84,53.042686,-1.812107,16.58,6.0,71.71,16 / 20,0.9736484793594051,4.392495145921427,0.8069531549999451,21.852237890038055,43.847113909729096,7.047452301122994,False,21.200999999999965,14.052572863780277,9.657156803235845,265.1777363214087,192.91052150602465,17.050975000009124,55.502450000024346,13.078924384420873,5.264661657314417,243.32549843137065,149.06340759629555
331614.0,-0.1569,0.0723,9.3645,0.001,0.0196,9.8066,-0.0368,0.1391,0.0291,77.32,-87.86,8.27,53.042686,-1.812107,16.58,6.0,71.71,16 / 20,1.1096935658172975,4.4794575618429,0.7828813049999477,21.95536332127429,44.286275568763386,7.1261491068929805,False,21.299999999999955,13.790685845996324,9.6732108886989,266.5345776320439,193.85723511215227,16.84500000000615,54.95300000001641,12.680992280179026,5.193753326856,244.57921431076963,149.57095954338888
331715.0,-1.4071,0.8554,10.957,0.0134,-0.0173,9.8066,0.0376,0.3753,-0.1114,70.2,-87.84,4.63,53.042686,-1.812107,16.58,6.0,71.71,16 / 20,1.1568661630041657,4.593961516715061,0.8186454049999474,22.069824587579774,44.74448323223056,7.207026205747974,False,21.400999999999954,13.635794785593275,9.617614725146836,267.9053249783066,194.83408254316382,16.68632500000092,54.80387999999721,12.478928622589109,5.023653208431775,245.83550039072685,150.08959931093327
331815.0,-0.4002,-0.7149,9.9133,-0.014,0.0475,9.8064,0.065,-0.1554,0.0827,69.4,-87.77,3.54,53.042686,-1.812107,16.58,6.0,71.71,16 / 20,1.1595761479762272,4.706998205206848,0.8814954049999618,22.18564670312882,45.20953121832676,7.292033246247989,False,21.500999999999976,13.614915091990646,9.536013219386147,269.26230000081716,195.77912822422482,16.622319444444663,54.992279999999816,12.455338944014418,4.829015014179299,247.07665329768835,150.56959700589806
331916.0,0.4603,1.3453,8.8303,0.0253,-0.0323,9.8065,0.0274,0.0574,0.0448,61.06,-87.73,-4.41,53.042686,-1.812107,16.58,6.0,71.71,16 / 20,1.2141821632471037,4.754204809203999,0.8375755549999622,22.3055214978456,45.6873219705545,7.378846329727985,False,21.601999999999975,13.433677429827517,9.331495850404846,270.61265628513775,196.7227283714152,16.356666666667476,55.214820000009254,12.219495266580413,4.577291041200847,248.30713478729214,151.0354064008607
332014.0,-1.9811,4.664,7.1947,-0.0096,-0.0331,9.8066,0.0051,-0.1848,0.1561,62.28,-87.38,-2.53,53.042686,-1.812107,16.58,6.0,71.71,16 / 20,1.4623060813551936,4.987731853779325,0.6617488549999385,22.43666942183113,46.16467686704075,7.452313225817989,False,21.69999999999999,13.397093082707343,9.360200950047501,271.9164808350388,197.6489821105745,16.343055555556163,55.059000000006954,11.934787001352149,4.372469096268176,249.47981141320764,151.48430524353375
332114.0,0.4911,-0.7062,8.7001,0.0027,-0.0273,9.8065,-0.0255,-0.3042,0.1285,63.71,-86.87,-0.69,53.042686,-1.812107,16.58,6.0,71.71,16 / 20,1.6253903850206572,5.175425904921212,0.475823855000002,22.59105424514987,46.672834754975604,7.509191861317967,False,21.799999999999955,13.289563571373169,9.424168603295696,273.24022845516635,198.59413898797456,16.291944444445956,54.65800000001185,11.664173186352512,4.248742698374484,250.64917421001647,151.92130423299895
332214.0,-1.2364,2.6934,9.061,0.0257,-0.0387,9.8064,-0.0522,0.2368,-0.0446,59.01,-86.63,-5.44,53.042686,-1.812107,16.58,6.0,71.71,16 / 20,1.7108710208967397,5.289931815550655,0.38321385499998106,22.75786731544578,47.196102640999314,7.5521437468179755,False,21.899999999999977,13.183267404443791,9.391041126744948,274.55060488723404,199.5392958632532,16.186111111112673,54.536000000001806,11.472396383547052,4.101109311194294,251.79273757178828,152.3431932222539
332314.0,1.1493,-0.1278,10.7483,0.0246,-0.011,9.8066,0.1144,-0.1166,0.14,62.16,-86.59,-2.6,53.042686,-1.812107,16.58,6.0,71.71,16 / 20,1.837924384552975,5.388611836728618,0.39301385499998337,22.935307085718303,47.7300298236134,7.5909551323179825,False,22.0,13.191819408770462,9.5335037414175,275.8676669133051,200.50669172550474,16.27611111111111,54.145,11.353895024217486,4.1448919046888815,252.93235982758677,152.77666190189134
332415.0,-0.5367,0.6833,9.2109,-0.0039,0.0111,9.8066,0.1118,0.1304,-0.1302,61.82,-86.63,0.04,53.042686,-1.812107,16.58,6.0,71.71,16 / 20,1.9001612230013698,5.404356879742635,0.4104818049999833,23.124080408899797,48.275074743795194,7.631531663147981,False,22.101,13.24045233139272,9.451806248530849,277.197832703654,201.47253085824502,16.267955555556135,54.478540000025895,11.340291108391352,4.047449368788214,254.0737522947542,153.19745611444984
332515.0,1.549,1.9031,10.6135,-0.0246,0.0653,9.8064,0.0046,0.1604,-0.0671,69.76,-86.73,6.25,53.042686,-1.812107,16.58,6.0,71.71,15 / 17,2.058520705197986,5.43233957505238,0.4210368049999798,23.322014505309696,48.81690956653476,7.6731075936479645,False,22.200999999999965,13.157794023900797,9.547807184351027,278.50807542381403,202.42891842228715,16.25694444444932,54.03388000001368,11.09927331870281,4.115467609298648,255.18606091850432,153.61200885575238
332615.0,0.1996,-0.7866,9.7335,0.0202,0.0454,9.8065,0.027,0.0192,-0.0611,74.96,-86.91,10.13,53.042686,-1.812107,16.58,6.0,71.71,15 / 17,1.8420492118539962,4.58804337769956,0.3890635342499899,23.51704300116234,49.317928714172474,7.713612610610472,False,22.300999999999988,13.016643356466721,9.552240620372686,279.8049469559137,203.39609189398388,16.145536111115206,53.726999999994185,11.174594144612724,4.964197242673126,256.28790395475136,154.0781631798114
332715.0,2.2815,1.3799,9.8217,0.0326,0.0482,9.8064,0.1133,0.0588,-0.1619,78.26,-86.83,14.65,53.042686,-1.812107,16.58,6.0,71.71,15 / 17,1.927125016946562,4.493376758908732,0.3861585342499909,23.705501712602302,49.771999721002736,7.752373714035458,False,22.400999999999954,12.93543382687056,9.424496630039815,281.08844729992524,204.3412487706766,16.00458055555783,53.92366000000199,11.008308809923998,4.9311198711310835,257.3829455873229,154.56924904967386
332815.0,-1.2882,2.3349,8.8302,-0.0165,0.0278,9.8066,-0.0493,0.0005,0.0022,85.62,-86.97,27.26,53.042686,-1.812107,16.58,6.0,71.71,15 / 17,2.1610186300253598,4.488800891253131,0.33808853424998003,23.909908894950945,50.22110860351093,7.788586067460464,False,22.500999999999976,12.793219084748758,9.363677400527276,282.35891073555126,205.28618325751358,15.853874999999935,53.79862999999937,10.632200454723398,4.874876509274145,258.4490018406003,155.06507465400267
332915.0,-0.811,1.6629,10.4257,0.0041,0.0191,9.8066,0.0868,0.0912,-0.0111,94.39,-86.96,32.75,53.042686,-1.812107,16.58,6.0,71.71,15 / 17,2.392609007225343,4.61129164584706,0.32021853424997604,24.137590276813533,50.67611323036604,7.82150142088547,False,22.601,12.982666265976837,9.242079520938399,283.6493640972617,206.20932353843602,15.936299999992453,54.5537600000014,10.590057258751493,4.630787875091339,259.5117738204482,155.53321030806998
333015.0,1.3373,1.8222,8.9187,0.0154,0.0012,9.8066,-0.0038,0.0528,-0.0476,92.33,-87.09,34.3,53.042686,-1.812107,16.58,6.0,71.71,15 / 17,2.6019637234706527,4.588145744196825,0.3067735342499807,24.38731891334825,51.136085099868076,7.852851024310457,False,22.700999999999965,13.08226429655983,9.320864682563728,284.9529212233911,207.15414683034328,16.063130555563756,54.53085999999623,10.480300573089178,4.7327189383669035,260.5656023100429,156.0180617304752
333115.0,-0.2403,1.4941,10.2633,0.0154,-0.0142,9.8065,0.0676,0.0173,0.1167,86.3,-87.39,27.18,53.042686,-1.812107,16.58,6.0,71.71,15 / 17,2.7980202861907415,4.550162866838404,0.28520853424997583,24.65731811383138,51.59300053041994,7.882450127735462,False,22.800999999999988,12.944415525617709,9.192056020696564,286.2431071614342,208.06572283849707,15.876144444450002,54.62082999998596,10.146395239426967,4.64189315385816,261.5857890476028,156.47272230807712
333215.0,1.1399,0.8626,10.7563,0.0386,-0.0246,9.8065,0.0109,-0.094,0.1258,82.66,-87.57,24.03,53.042686,-1.812107,16.58,6.0,71.71,15 / 17,2.9544014437672184,4.534499278959371,0.35552353424995187,24.94493920032918,52.047233637709674,7.914486731160447,False,22.900999999999954,12.866010839634828,8.974065624902826,287.5201893351765,208.95528225166103,15.686563888889454,55.10416999999231,9.911609395867611,4.4395663459434545,262.5752501348473,156.90804861395137
333315.0,-0.6,-0.4936,9.9842,0.0032,0.0006,9.8066,0.0188,-0.0309,0.011,86.48,-87.68,28.1,53.042686,-1.812107,16.58,6.0,71.71,15 / 17,2.5589766326191605,3.8508407464532883,0.35010100411246997,25.220608104148564,52.4665006389804,7.949767958078576,False,23.000999999999976,12.916279026998964,8.838982803649438,288.81064269697976,209.84506405605262,15.651130555555374,55.61505000000008,10.357302394379804,4.98814205719615,263.5900345928312,157.37856341707223
333415.0,2.7723,1.5934,10.6457,0.0182,-0.0174,9.8065,-0.0915,0.0428,0.0244,86.35,-87.73,30.2,53.042686,-1.812107,16.58,6.0,71.71,15 / 17,2.654007534431243,3.763449484228104,0.40093100411248156,25.481257312501143,52.84721515051456,7.987319558489832,False,23.101,13.08450252201129,8.984324304832487,290.1143335348963,210.75652886851043,15.872063888894647,55.525029999976596,10.430494987580047,5.220874820604383,264.6330762223951,157.90931371799587
333514.0,0.3203,0.7587,10.0919,0.0051,-0.0367,9.8065,0.0256,-0.0583,0.0626,90.66,-87.29,33.15,53.042686,-1.812107,16.58,6.0,71.71,15 / 19,2.812253522333971,3.631281343568235,0.45658385411247576,25.751837234810992,53.213254326490436,8.029766543971963,False,23.19999999999999,13.065434904313102,8.837985145965431,291.40498746452624,211.6261843893273,15.773888888893229,55.923999999982364,10.253181381979132,5.206703802397197,265.65315022971527,158.41293006283686
333614.0,-1.5302,2.4837,9.1682,-0.017,0.0048,9.8066,0.0215,-0.1079,0.0381,83.97,-87.29,26.51,53.042686,-1.812107,16.58,6.0,71.71,15 / 19,2.9988484579627226,3.7208531403820766,0.4389238541124819,26.042392333825727,53.58086105068782,8.074541929383196,False,23.299999999999955,13.007101536146768,8.558049405592074,292.7019927084528,212.47126583277597,15.570000000006027,56.65699999997833,10.008253078184046,4.837196265209998,266.6596003746271,158.89040478208815
333714.0,-1.3005,2.2343,10.1668,0.011,-0.0339,9.8065,0.0397,0.2878,-0.056,77.67,-87.28,18.39,53.042686,-1.812107,16.58,6.0,71.71,15 / 19,3.2408291523625796,3.917928919365238,0.42500885411247885,26.354376214342064,53.962800153675275,8.117738564794454,False,23.399999999999977,13.152670988980075,8.349193066876735,294.01905473457646,213.29410828995836,15.578888888888757,57.59299999998617,9.911841836617496,4.431264147511497,267.6646785202344,159.3313081362831
333814.0,1.639,-1.3132,10.314,0.0302,-0.0336,9.8065,0.1485,-0.0065,0.0089,76.75,-87.35,17.68,53.042686,-1.812107,16.58,6.0,71.71,15 / 19,3.3209076955485006,3.9330160208661877,0.4683838541124888,26.682463056737692,54.35534740068694,8.162408200205713,False,23.5,13.034361768861295,8.02757610804297,295.31605997855695,214.09471176087447,15.308055555555555,58.372,9.713454073312795,4.094560087176783,268.6335969218193,159.73936436018755
333914.0,-1.2995,3.4063,9.2308,0.0762,-0.0203,9.8063,-0.0799,0.3746,-0.152,73.77,-87.77,15.83,53.042686,-1.812107,16.58,6.0,71.71,15 / 19,3.4503083373447616,3.971708789318742,0.46495885411249005,27.02102385838224,54.75058364119605,8.209075335616946,False,23.599999999999966,13.320109612811725,7.624794373556207,296.65317878667406,214.83971777102195,15.348055555553215,60.21199999989227,9.869801275466964,3.653085584237465,269.6321549282918,160.0891341298259
334014.0,1.2988,1.5114,10.4138,-0.0268,0.0654,9.8063,-0.0267,-0.4556,0.2766,74.85,-87.99,17.45,53.042686,-1.812107,16.58,6.0,71.71,15 / 19,3.714367956097723,4.06277359527947,0.4665238541124905,27.379257673054447,55.152307760426055,8.255649471028205,False,23.69999999999999,13.41522145590094,7.5279633045330225,297.99698318894576,215.59584327152714,15.383055555554023,60.7009999999786,9.700853499803218,3.4651897092535524,270.6177255158913,160.4435355111011
334114.0,1.6661,-1.8952,8.7493,0.0167,0.0041,9.8065,-0.1405,0.0523,0.0106,80.79,-87.94,23.13,53.042686,-1.812107,16.58,6.0,71.71,15 / 19,3.75423181572604,3.944617418917675,0.4440138541124982,27.752687661645506,55.552677311135774,8.30117635643944,False,23.799999999999955,13.541870463438691,7.5267864855379525,299.3541587792771,216.35196877273987,15.493055555552305,60.93399999999311,9.787638647712651,3.5821690666202777,271.6014711176316,160.7992914616041
334214.0,2.4146,-1.3558,9.5245,-0.0675,0.0451,9.8063,-0.0138,-0.5388,0.2345,87.4,-87.26,27.94,53.042686,-1.812107,16.58,6.0,71.71,15 / 19,3.6441693588492106,3.7422787229010703,0.37703885411248306,28.122607720374354,55.9370221182268,8.342228991850698,False,23.899999999999977,13.605501875043206,7.0355600944395285,300.7180199636665,217.03025782556102,15.316944444447048,62.655999999974554,9.961332516193995,3.293281371538458,272.5954122432922,161.09323570733423
334314.0,1.5385,-0.625,8.3902,-0.0138,0.0429,9.8065,-0.0744,-0.2316,0.1801,84.38,-87.17,27.63,53.042686,-1.812107,16.58,6.0,71.71,15 / 19,3.5913600827822725,3.556721896292175,0.2921088541124638,28.484384192456012,56.30197214918655,8.375686377261953,False,24.0,13.665375212997795,6.865498416961009,302.08188114802954,217.7085468776726,15.293055555555554,63.325,10.074015130215521,3.308776520668834,273.59749695557355,161.40657472848605
334414.0,-4.0243,4.6235,9.4526,-0.0757,0.0726,9.8061,0.0692,-0.5604,0.2492,82.59,-87.19,22.98,53.042686,-1.812107,16.58,6.0,71.71,15 / 19,3.803322086680468,3.725568349896328,0.20358385411249408,28.854118300929024,56.66608666149585,8.400471012673192,False,24.099999999999966,13.643630490766407,6.801571291364583,303.44574233231907,218.38683592973445,15.245000000002813,63.50299999998958,9.840308404085938,3.0760029414682553,274.59162403139004,161.7207492682386
334514.0,2.0806,0.4308,10.5144,-0.0452,0.0608,9.8063,0.24,-0.745,0.4175,90.16,-86.94,31.7,53.042686,-1.812107,16.58,6.0,71.71,15 / 19,4.060954375702863,3.868255126262634,0.2212688541124982,29.24733212404828,57.04577783530388,8.421713648084447,False,24.19999999999999,13.561578799532283,6.6969549396897765,304.80291792265217,219.042885996996,15.125000000005253,63.718999999990544,9.50062442382942,2.8286998134271424,275.5555857986039,161.99710816169213
334614.0,-5.7782,7.7072,10.3977,-0.0683,0.0712,9.8061,0.1272,-0.2519,0.1063,85.76,-87.43,31.63,53.042686,-1.812107,16.58,6.0,71.71,15 / 19,4.478755582371458,4.097305623123958,0.2862088541124761,29.67431762195185,57.44405587277308,8.447087533495687,False,24.299999999999955,13.602910335069474,6.511585272556694,306.1600935130107,219.68781657041606,15.081111111112408,64.41999999997928,9.124154752698015,2.4142796494327357,276.48577589105884,162.24376069764298
334714.0,-0.0062,-0.0057,11.6467,-0.1134,0.1132,9.8053,0.1106,-0.8677,0.4378,102.25,-87.0,42.3,53.042686,-1.812107,16.58,6.0,71.71,15 / 19,4.876310737533336,4.427054334946605,0.40776385411250377,30.142070937947196,57.870273870676705,8.481786168906943,False,24.399999999999977,13.646977656109282,6.590449594194681,307.53064029143025,220.34386663909063,15.154999999998907,64.22300000000291,8.770666918575946,2.163395259248076,277.38856935348304,162.47359276841394
334814.0,-3.3442,6.6686,9.2114,0.0435,-0.0494,9.8064,-0.0068,0.6117,-0.3397,92.72,-87.52,33.93,53.042686,-1.812107,16.58,6.0,71.71,15 / 19,5.252868535204735,4.589327675680028,0.4700038541125179,30.648529901584215,58.32109297120814,8.525674554318204,False,24.5,13.744218427265816,6.27026556623702,308.9145582579372,220.95543873594158,15.106944444444444,65.477,8.49134989206108,1.6809378905569918,278.266028356353,162.63434576473344
334914.0,-0.257,-0.517,10.1449,-0.0487,0.058,9.8063,0.107,-0.0585,0.0559,101.87,-87.54,41.82,53.042686,-1.812107,16.58,6.0,71.71,15 / 19,5.60695893137044,4.769251493536037,0.4571538541125223,31.191521274912787,58.789021929668785,8.57203243972944,False,24.599999999999966,13.909843497698027,6.045862854076436,310.30516181837265,221.54477184648272,15.166944444440933,66.50799999993963,8.302884566327588,1.2766113605403993,279.11364054345984,162.75574991681393
335014.0,2.5022,-2.5491,9.8238,0.0443,-0.0468,9.8064,-0.141,0.5943,-0.4134,100.36,-87.54,43.65,53.042686,-1.812107,16.58,6.0,71.71,15 / 19,5.472939475495455,4.695446882298651,0.4749238541125264,31.745516195256208,59.26225684846062,8.618636325140704,False,24.69999999999999,13.88662512383913,5.830841326200909,311.69576537891004,222.1229854653494,15.061111111115743,67.2229999999687,8.413685648343675,1.1353944439022587,279.95024918365385,162.86072861688876
335114.0,0.9317,-2.6103,9.4123,-0.0199,0.0088,9.8066,-0.0043,0.2651,-0.1195,100.2,-87.53,43.47,53.042686,-1.812107,16.58,6.0,71.71,15 / 19,5.224748405438074,4.5815453164231466,0.4560638541125329,32.2804005893027,59.72610645839656,8.665185710551942,False,24.799999999999955,13.81696596950275,5.838788521402117,313.06631215733,222.70119908421506,15.000000000001807,67.09200000000386,8.592217564064676,1.2572432049789706,280.7859115680273,162.9750926258185
335214.0,2.6807,-1.6333,9.6656,0.0803,-0.0962,9.8058,-0.1491,0.7974,-0.4248,98.26,-87.42,44.17,53.042686,-1.812107,16.58,6.0,71.71,15 / 19,5.024183376792671,4.447545337906014,0.42929385411252685,32.792847178414355,60.17756099111312,8.709453595963206,False,24.899999999999977,14.127763219607214,5.470722658903783,314.48365809406704,223.23493473196507,15.149999999997782,68.83199999997427,9.103579842814543,1.0231773209977693,281.69081091565266,163.05737374085194
335315.0,-5.4291,5.132,8.5766,0.0436,-0.0566,9.8064,-0.1884,0.7895,-0.2814,86.08,-87.71,29.72,53.042686,-1.812107,16.58,6.0,71.71,15 / 19,5.197829834358547,4.630758198901613,0.36005330411252745,33.30905884557749,60.6360153197219,8.749315627453571,False,25.000999999999976,14.03105673436149,5.5124200644287935,315.90153887829587,223.7854608133961,15.075061111111108,68.55149000000037,8.833226900002943,0.8816618655271808,282.59248003271836,163.1494454936742
335415.0,0.9743,1.4766,8.4927,0.0576,-0.1026,9.8059,0.1102,-0.8288,0.5647,64.23,-87.69,9.3,53.042686,-1.812107,16.58,6.0,71.71,15 / 19,5.551539662961445,4.93050524137813,0.2328533041124985,33.84652732044361,61.114078491735995,8.778960957864829,False,25.101,13.994415340841826,5.623054526464457,317.29234300655344,224.35233254924105,15.081861111106756,68.10936999997463,8.44287567788038,0.6925492850863266,283.4458156861098,163.23825405750506
335516.0,-2.7094,4.5582,9.4874,0.0919,-0.1074,9.8056,0.0259,0.0509,-0.0248,57.99,-87.59,3.16,53.042686,-1.812107,16.58,6.0,71.71,16 / 18,5.78547316008286,5.186855727296211,0.1503767041124992,34.419046468007345,61.625005220654046,8.79831407328019,False,25.201999999999998,14.107498933138242,5.540963458254106,318.717377376422,224.90241385166928,15.156666666665462,68.55669999996812,8.322025773055381,0.35410773095789505,284.29833090841464,163.27740863101525
335614.0,2.3312,-3.7766,10.8647,-0.0093,0.0153,9.8065,0.0656,-0.5044,0.2802,64.77,-87.58,6.69,53.042686,-1.812107,16.58,6.0,71.71,16 / 18,5.807967038703598,5.264804767108084,0.18657790411248304,34.98712503774763,62.13713658487963,8.814824849083207,False,25.299999999999955,14.201522580383022,5.3728240422489675,320.1129282765484,225.42547478646267,15.183888888888067,69.27699999997827,8.393555541679424,0.10801927514088305,285.1258032388008,163.28833820158303
335714.0,3.7536,-2.8757,11.6967,0.0482,-0.0347,9.8064,-0.0627,0.8415,-0.5067,68.08,-87.81,10.41,53.042686,-1.812107,16.58,6.0,71.71,16 / 18,5.648709103190243,4.878806944133925,0.3339829041125166,35.559958844842456,62.644317170441845,8.840852889494464,False,25.399999999999977,13.999627229617772,5.403129473817528,321.49684624305667,225.97032992663674,15.006111111113738,68.89600000000563,8.35091812642753,0.5243225296836034,285.9368873982142,163.3260127561949
335814.0,2.7076,-1.8673,10.6942,-0.0886,0.1063,9.8056,-0.0667,0.3145,-0.1691,76.93,-88.04,19.59,53.042686,-1.812107,16.58,6.0,71.71,16 / 18,5.552974692039268,4.522863476223852,0.4728629041125482,36.12004303460406,63.11440069145984,8.881195179905726,False,25.5,14.330093206186229,5.329029194778856,322.9409345559421,226.48182658953465,15.288888888888888,69.601,8.77711851414696,0.806165718555004,286.820891521338,163.3674258980748
335914.0,2.0447,-2.8501,10.5784,-0.0284,0.0334,9.8065,-0.052,0.4698,-0.3559,95.85,-87.77,37.74,53.042686,-1.812107,16.58,6.0,71.71,16 / 18,5.37317506446759,4.299918659652285,0.55582790411252,36.66635052242921,63.5555397982535,8.932629720316962,False,25.599999999999966,14.269256600378645,5.204869042708004,324.3649660865798,226.99332325239453,15.188888888894743,69.95999999997898,8.896081535911055,0.9049503830557191,287.6986155641506,163.43778345414103
336014.0,-0.2003,1.4,10.7298,-0.0335,0.0381,9.8065,-0.0694,0.4138,-0.2138,100.83,-87.62,44.35,53.042686,-1.812107,16.58,6.0,71.71,16 / 18,5.327654620127913,4.219626565588796,0.6405729041125393,37.20139200665911,63.981517059515646,8.99244976072823,False,25.69999999999999,14.379322908038917,5.179993462748883,325.79568321137833,227.51593940700965,15.28388888888473,70.18899999998997,9.051668287911003,0.9603668971600872,288.59429120471924,163.534422347494
336115.0,2.0323,-1.2766,11.5596,-0.011,0.0366,9.8065,0.1859,-0.3007,0.1886,107.18,-87.69,51.04,53.042686,-1.812107,16.58,6.0,71.71,16 / 18,5.344294826774488,4.14392536742888,0.775715954112538,37.74032545372768,64.40387643213303,9.063972348068596,False,25.800999999999988,14.300852367038594,5.250859091858547,327.2409749311595,228.04333694488327,15.23439444444055,69.83812999996763,8.956557540264107,1.106933724429667,289.5006494774318,163.63946051275025
336215.0,-0.7977,-1.1464,9.6029,0.0479,-0.0195,9.8064,-0.0262,-0.0543,0.03,115.77,-87.82,55.26,53.042686,-1.812107,16.58,6.0,71.71,16 / 18,4.467900049967658,3.5090390573880814,0.7251995609956349,38.23093519756462,64.78652465337375,9.139018123823979,False,25.900999999999954,14.524211344430556,5.019492436363001,328.6983675761915,228.5219199087993,15.367113888888639,70.93512000000726,10.056311294462898,1.51045337897492,290.4674323786269,163.73539525542554
336314.0,-0.1057,3.1729,8.5522,0.0159,-0.0226,9.8065,0.1014,-0.3064,0.188,116.89,-88.2,57.22,53.042686,-1.812107,16.58,6.0,71.71,16 / 18,4.613483298410665,3.5014903741977275,0.653018660995601,38.68046367330956,65.1335458602374,9.207239925812576,False,26.0,14.49718477767252,5.147394570819218,330.1346337440393,229.03930990256927,15.383888888888889,70.452,9.883701479261855,1.6459041966214905,291.4541700707298,163.90576404233187
336414.0,0.5416,0.179,9.8162,0.0566,-0.0291,9.8064,0.0815,-0.2991,0.1716,114.48,-88.19,54.8,53.042686,-1.812107,16.58,6.0,71.71,16 / 18,4.791747358759181,3.405094241630172,0.5907736609956222,39.15072520616789,65.47887509102868,9.269429541912116,False,26.099999999999966,14.477585790309568,5.2022636447901505,331.5720364627632,229.561926057854,15.383888888888889,70.2350000000127,9.685838431550387,1.7971694031599785,292.42131125659535,164.08305096682534
336515.0,0.1711,0.4051,9.793,0.0529,-0.0178,9.8065,0.06,-0.1149,0.1322,122.62,-88.65,67.29,53.042686,-1.812107,16.58,6.0,71.71,16 / 19,4.838861259718897,3.35525417637519,0.5905666109956222,39.63707094140103,65.82027268613795,9.329087225647672,False,26.200999999999965,14.485347780754907,5.13018396906372,333.04413741465834,230.06730699931728,15.366980555551743,70.49769999999693,9.64648652103601,1.7749297926885297,293.4070664732573,164.2470343131793
336615.0,1.4942,-1.3628,9.8163,0.0094,-0.019,9.8066,0.0209,-0.2421,0.0934,136.49,-88.58,78.54,53.042686,-1.812107,16.58,6.0,71.71,16 / 19,4.78608150583037,3.3252291939625858,0.5903666109956223,40.1183180796786,66.15429685465492,9.388133886747248,False,26.300999999999988,14.572929340621869,5.141529470151734,334.5081487977816,230.5677953640127,15.453336111110294,70.56646000000157,9.786847834791498,1.816300276189148,294.389830718103,164.4134985093578
336714.0,1.1083,-0.0043,9.1811,-0.0023,-0.0311,9.8065,-0.009,0.0436,-0.0017,123.02,-88.66,67.72,53.042686,-1.812107,16.58,6.0,71.71,16 / 19,4.691412256447695,3.267435748166674,0.5598795609956255,40.587454020911316,66.48063376929028,9.44507107226081,False,26.399999999999977,14.5943098000825,5.164389866554507,335.9444149656284,231.074177060281,15.481111111110696,70.5130000000008,9.902897543634806,1.8969541183878333,295.3569609447171,164.5935432909907
336814.0,-1.4478,-0.9429,9.9321,-0.0001,-0.0053,9.8066,-0.0439,0.0077,0.0003,115.39,-88.71,58.09,53.042686,-1.812107,16.58,6.0,71.71,16 / 19,3.9837235841522376,2.8078952823855743,0.4546433768462769,41.02121081294141,66.78440032081797,9.495797219152916,False,26.5,14.80218377206914,5.025240560619012,337.435302436806,231.5634347376201,15.631944444444443,71.248,10.818460187916903,2.2173452782334375,296.4140916238646,164.77903441680212
336914.0,-0.3711,-2.438,9.7845,0.0123,0.0037,9.8066,-0.0225,-0.0534,0.1084,109.8,-88.88,54.67,53.042686,-1.812107,16.58,6.0,71.71,16 / 19,3.90118464576639,2.9532741158817215,0.4598083768462752,41.41545622443721,67.07245879073123,9.541519806837528,False,26.599999999999966,14.693490135617006,5.123429188248783,338.88607634361614,232.08605089290484,15.56111111111526,70.77700000002758,10.792305489850616,2.170155072367061,297.47062011917893,165.01359210217362
337014.0,-0.465,-1.1769,10.8244,0.0247,0.0032,9.8065,0.1351,0.0504,-0.0455,118.28,-89.12,63.86,53.042686,-1.812107,16.58,6.0,71.71,16 / 19,3.7893474878556654,3.060450855585038,0.5095883768462866,41.7999828311184,67.37314503930465,9.589989644522166,False,26.69999999999999,14.897267500887002,5.075215628574285,340.39033500285177,232.57530857024557,15.73805555554781,71.18699999998205,11.107920013031336,2.0147647729892473,298.59035217173334,165.20216353094094
337115.0,2.512,-0.4189,10.8771,0.0301,0.0593,9.8063,0.1872,-0.0367,-0.0786,135.99,-89.15,77.24,53.042686,-1.812107,16.58,6.0,71.71,16 / 19,3.678645259358477,3.0279619984124406,0.6150424768462857,42.17711646485271,67.68060988843152,9.64678350263364,False,26.800999999999988,14.739290301869783,5.222985999126226,341.8693889725414,233.11415918461478,15.637338888885319,70.487779999989,11.060645042511306,2.195024000713785,299.6922725076887,165.43354929618326
337215.0,3.6833,-1.2737,10.5145,0.0245,0.0171,9.8065,0.1086,-0.3399,0.055,122.98,-89.15,65.78,53.042686,-1.812107,16.58,6.0,71.71,16 / 19,3.455999316791214,2.826091171479343,0.7039574768462554,42.53384869366007,67.97331254692601,9.712733500318246,False,26.900999999999954,14.89022210504118,5.165074232658497,343.36047701153956,233.62543345694934,15.76061944444187,70.86943999998893,11.434222788249967,2.3389830611791536,300.8266283178795,165.6521209100233
337314.0,-3.1344,0.3747,9.1261,0.0384,-0.0508,9.8064,0.0826,-0.2123,0.0451,115.61,-89.22,55.23,53.042686,-1.812107,16.58,6.0,71.71,16 / 19,3.4245317950561236,2.8360400134263712,0.7053088268462561,42.87443498369667,68.25358804057898,9.782492182351058,False,27.0,15.1179664447769,5.027319798407881,344.8563118223026,234.10979855681458,15.931944444444444,71.60600000000001,11.693434649720777,2.1912797849815093,301.9818768386059,165.8562105162356
337414.0,2.6409,-2.4576,10.0584,0.0392,-0.0618,9.8063,-0.0215,-0.607,0.4103,124.7,-88.74,64.82,53.042686,-1.812107,16.58,6.0,71.71,16 / 19,3.3701285293390084,2.9267499680134708,0.6838688268462634,43.21416799991631,68.54172753965086,9.85195106503566,False,27.099999999999966,14.870992054180604,5.487378133628286,346.33382810525865,234.67689268392067,15.851111111115841,69.7460000001089,11.500863524841595,2.560628165614815,303.11966010534235,166.13516514426982
337514.0,1.4703,-5.0647,9.6647,0.0232,-0.0849,9.8062,-0.1813,-0.0848,0.1543,127.16,-88.9,67.7,53.043255,-1.810069,18.05,6.0,60.19,18 / 19,2.984392462738532,2.974870258321125,0.6893588268462647,43.53189404952026,68.83680855096766,9.920612447720302,False,27.19999999999999,14.988063364159244,5.417024535400954,347.8314011704659,235.22174782338902,15.93694444444069,70.12899999998322,12.003670901420712,2.4421542770798292,304.29950712094563,166.38493927242138
337614.0,3.1623,-4.1723,10.5673,0.0048,-0.0215,9.8066,0.1137,-0.507,0.265,79.56,-89.23,20.44,53.043255,-1.810069,18.05,6.0,60.19,18 / 19,2.5953460756105544,2.882367514024361,0.7202938268462542,43.81088097643762,69.12967043958483,9.991095080404904,False,27.299999999999955,15.04346807017135,5.007503711611905,349.3356598297035,235.68876651587962,15.855000000002423,71.58899999995684,12.448121994560797,2.125136197587544,305.5247788532659,166.5590960762948
337714.0,0.5048,-0.3658,10.6726,0.0669,-0.0682,9.8061,-0.0841,0.6228,-0.351,41.19,-89.37,-17.13,53.043255,-1.810069,18.05,6.0,60.19,18 / 19,2.4467034314778933,2.68723788407476,0.8016238268462726,44.0629834517921,69.40815070948985,10.067190963089548,False,27.399999999999977,15.095700108711265,4.951246510597488,350.8332328949122,236.1891436863504,15.886944444443973,71.84099999999628,12.648996677233372,2.264008626522728,306.7702494431201,166.78099297686055
337814.0,3.2739,-3.7105,10.7583,0.0706,-0.0627,9.8062,0.0178,0.0633,-0.1119,39.25,-89.36,-19.03,53.043255,-1.810069,18.05,6.0,60.19,18 / 19,2.473406902198097,2.4456221572510968,0.8925038268462934,44.30898896847596,69.6647937115562,10.151897345774195,False,27.5,15.21499940350316,4.681326372748279,352.3575483362947,236.6339233925727,15.918888888888889,72.898,12.741592501305064,2.235704215497182,308.04855936781877,166.9691296810165
337914.0,3.9702,-5.5194,10.0769,0.0441,-0.1008,9.806,0.0341,-0.2789,0.1382,106.58,-89.39,47.85,53.043255,-1.810069,18.05,6.0,60.19,18 / 19,2.185105235078183,2.107436584107376,0.9535988268462726,44.541914575339696,69.89244664862404,10.244202478458792,False,27.599999999999966,15.363586155097765,4.722640717498355,353.888549371569,237.1120615774508,16.073055555546528,72.91299999999912,13.178480920019583,2.615204133390979,309.3466347962293,167.21961492882673
338014.0,0.4195,-0.8547,8.4413,-0.0045,-0.0236,9.8066,-0.0791,-0.5673,0.3297,69.03,-89.25,6.96,53.043255,-1.810069,18.05,6.0,60.19,18 / 19,1.8633654415027077,1.9767972067802662,0.8988438268462602,44.74433810916879,70.09665833816847,10.33682461114344,False,27.69999999999999,15.388588042342718,4.5775957732297785,355.43292159506865,237.55684128367423,16.05500000000079,73.43399999997719,13.52522260084001,2.6007985664495124,310.68858348589987,167.46018294550578
338114.0,3.6751,-7.665,10.2977,0.041,-0.1051,9.8059,-0.0013,-0.7923,0.3854,39.54,-88.82,-24.2,53.043255,-1.810069,18.05,6.0,60.19,18 / 19,1.746888645352979,1.560727770103953,0.8551288268462752,44.92485081351151,70.27353458701262,10.424523243828038,False,27.799999999999955,15.36240300630764,5.2603252843251145,356.9505514423949,238.12393540940158,16.238055555550144,71.09800000006905,13.615514360954661,3.6995975142211615,312.0257006288834,167.85040082238896
338214.0,1.3133,-2.5233,11.2836,0.0761,-0.1008,9.8058,0.0638,0.3449,-0.1273,30.17,-88.77,-31.7,53.043255,-1.810069,18.05,6.0,60.19,18 / 19,1.6449154539156652,1.0428201783247548,0.9535288268462977,45.09444101847498,70.40371198443408,10.514956126512686,False,27.899999999999977,15.004133295470195,5.493108718048784,358.4347533195171,238.70214902755993,15.978055555559397,69.89200000001782,13.35921784155453,4.4502885397240295,313.3403123010421,168.29843704312583
338314.0,2.9247,-8.3478,11.489,-0.0028,0.0408,9.8066,-0.0805,-0.3288,0.054,36.8,-89.3,-29.25,53.043255,-1.810069,18.05,6.0,60.19,18 / 19,1.5114164895924842,0.5158505600149349,1.1114938268463337,45.25225761565042,70.48164552135108,10.61820725919734,False,28.0,15.3194583852755,5.086901338668079,359.9858111370468,239.16916772004905,16.141944444444444,71.631,13.808041895683015,4.571050778653143,314.7335535213964,168.68752219869796
338414.0,2.7495,-3.4027,9.6006,-0.0159,0.0018,9.8066,-0.223,0.5641,-0.3601,43.36,-89.57,-17.65,53.043255,-1.810069,18.05,6.0,60.19,18 / 19,1.371895149819625,-0.08806857386031985,1.1853088268463086,45.396423197620976,70.50303462065881,10.733047391881934,False,28.099999999999966,15.445509319267398,4.964958463802018,361.53018336043397,239.65842539735192,16.223888888884094,72.17999999996786,14.073614169447772,5.053027037662338,316.133760162813,169.1553907766931
338514.0,-3.6341,3.321,7.8927,-0.106,0.0707,9.8057,-0.1764,0.2706,-0.3076,85.69,-88.91,21.14,53.043255,-1.810069,18.05,6.0,60.19,18 / 19,1.5296013265288053,-0.08585644372657866,1.0793088268462845,45.54149802143843,70.49433836977946,10.84627827456659,False,28.19999999999999,15.385944662124441,5.054773175334869,363.05449880179134,240.16992206024804,16.195000000001265,71.81300000001606,13.856343335595636,5.140629619061448,317.5130007803529,169.67558369046859
338615.0,-0.3538,-4.3314,8.7332,-0.0454,0.0469,9.8064,-0.1462,0.4217,-0.2966,75.4,-88.9,7.71,53.043255,-1.810069,18.05,6.0,60.19,18 / 19,1.4982698686300808,0.09277072742291442,0.9284451268462859,45.69440551679395,70.49468754110612,10.947669849228063,False,28.300999999999988,15.401483036243468,4.83396767360833,364.61424789158514,240.64205571795037,16.14228055555215,72.57486000001786,13.903213167613387,4.741196946185416,318.9198423747912,170.14736817684425
338715.0,-0.1294,4.5718,9.16,-0.0552,0.0837,9.8061,-0.0106,0.6125,-0.5624,76.59,-88.82,10.06,53.043255,-1.810069,18.05,6.0,60.19,18 / 19,1.5345611413347275,0.13775997310901114,0.8424401268463153,45.84604706729214,70.50621407613271,11.036214111912663,False,28.400999999999954,15.460844663280717,5.028497130524546,366.1522019447891,241.15277401635765,16.25809444444439,71.98335999997568,13.92628352194599,4.8907371574155345,320.30615487749697,170.64655994022496
338814.0,0.8853,-3.2856,10.2761,-0.0612,0.1061,9.8058,-0.0632,-0.1759,-0.0712,106.21,-88.17,38.07,53.043255,-1.810069,18.05,6.0,60.19,18 / 19,1.617885943745869,0.2136682861782782,0.8336687268463112,46.002093198003706,70.52360977496744,11.119181500170487,False,28.5,15.600550943610795,4.590604248898165,367.7009866603512,241.58209762801565,16.261944444444445,73.60300000000001,13.982664999864927,4.3769359627198865,321.6988934623475,171.0584878530482
338914.0,-2.2919,3.2629,9.8906,0.0187,-0.0167,9.8065,-0.0172,0.245,-0.1602,110.93,-87.79,45.29,53.043255,-1.810069,18.05,6.0,60.19,18 / 19,1.678367006146721,0.2694186242477913,0.8613387268463017,46.16690584549828,70.54776412048874,11.203931872855089,False,28.599999999999966,15.794652183072039,4.560982615120831,369.2721012598842,242.02687733561916,16.439999999989574,73.89299999998302,14.116285176925317,4.29156399087304,323.10519541438595,171.47911321513044
339015.0,1.1872,-3.342,10.1648,-0.0366,0.0672,9.8063,-0.0612,-0.5027,0.3491,121.52,-87.46,53.52,53.043255,-1.810069,18.05,6.0,60.19,18 / 19,1.736071399774544,0.3544204510146266,0.8836647768463015,46.3393349849973,70.57926799378949,11.292054549791564,False,28.700999999999965,15.613731821556913,4.578014477842033,370.8386027996773,242.4875579154064,16.27105000000027,73.65863000002355,13.87766042178237,4.223594026827406,324.49926781467997,171.90828992161693
339115.0,2.397,-2.9781,9.8335,0.033,-0.0435,9.8064,0.0594,0.0993,-0.204,121.76,-87.76,53.1,53.043255,-1.810069,18.05,6.0,60.19,18 / 19,1.410059736926049,0.36276671043689446,0.9029147768463059,46.49664154183237,70.61512735186207,11.381383527476215,False,28.800999999999988,15.566412679907781,4.719187135931475,372.3833093028524,242.96536251553357,16.266049999996948,73.13449999997819,14.156352942981732,4.35642042549458,325.88666776102,172.3502351636715
339215.0,1.2559,-3.1803,8.3991,-0.0196,0.0252,9.8065,-0.098,-0.353,0.1665,122.39,-87.58,53.48,53.043255,-1.810069,18.05,6.0,60.19,18 / 19,1.0895746359532814,0.3662293284962799,0.8338797768463296,46.62162326047629,70.65157715380872,11.468223255160817,False,28.900999999999954,15.72428222565864,4.547514024361699,373.9607083609146,243.41047580654123,16.368669444446425,73.86990000001056,14.634707589705359,4.181284695865419,327.33908510043835,172.7588986527325
339316.0,-0.035,-2.5648,8.8596,-0.0253,-0.0459,9.8065,-0.0945,-0.083,0.0502,123.65,-87.46,49.96,53.043255,-1.810069,18.05,6.0,60.19,18 / 19,0.8505413223646492,0.46611223394289103,0.7149724768463308,46.71959911637135,70.6936104027119,11.546440293972296,False,29.001999999999953,15.54500168880066,4.703317607719045,375.51444041605396,243.89317298344002,16.240944444444114,73.16622000000007,14.694460366436012,4.237205373776154,328.7948412996826,173.19956258072813
339415.0,-0.3417,-0.8719,9.885,-0.0247,0.0222,9.8065,-0.0168,-0.2057,0.0387,117.03,-87.04,47.66,53.043255,-1.810069,18.05,6.0,60.19,18 / 19,0.7518859764299236,0.5685904988946661,0.6719718268463107,46.79891926766172,70.74482818798738,11.615094037005115,False,29.101,15.72744563991203,4.7695521626543,377.0695764458341,244.35552148827625,16.43475555556827,73.12940999999181,14.975559663482107,4.200961663759633,330.2706571781724,173.61069330028886
339515.0,1.208,-4.5151,10.2375,0.0453,-0.0116,9.8064,0.174,-0.0351,-0.0443,124.0,-86.72,54.4,53.043255,-1.810069,18.05,6.0,60.19,18 / 20,0.5370623874410267,0.6756408913504904,0.6974318268463021,46.86336668585524,70.80703975749962,11.683564219689721,False,29.200999999999965,15.534949931644235,4.665710281991379,378.6144835168545,244.82176181626878,16.220513888878106,73.28286999993915,14.997887544203207,3.990069390640889,331.75111683099925,174.01472205876917
339615.0,1.8407,-1.7237,9.1467,0.0564,-0.0042,9.8065,0.0076,-0.7675,0.5121,131.84,-86.92,63.49,53.043255,-1.810069,18.05,6.0,60.19,18 / 20,0.2268441090497862,0.7318305115496281,0.6859768268462996,46.90156201067979,70.87741332764465,11.752734652374366,False,29.300999999999988,15.87753880646244,4.354774333363044,380.2122736367367,245.21105525387836,16.463919444444354,74.66249999998111,15.650694697412654,3.622943821813416,333.3107116260569,174.33364192623372
339714.0,4.2288,-7.2218,9.559,0.033,-0.1619,9.8052,0.0301,-0.9114,0.5673,120.82,-87.57,53.06,53.043255,-1.810069,18.05,6.0,60.19,18 / 20,-0.27564153260501795,0.7164589769590651,0.6410506268463043,46.899146538213806,70.94910365732582,11.818422511332143,False,29.399999999999977,15.928381844377869,4.176949982476608,381.78753330468425,245.60735397233165,16.4669444444444,75.30599999999039,16.204023376982885,3.460491005517543,334.88838676647043,174.65825031500583
339815.0,0.4451,4.2517,9.4761,0.0412,-0.1509,9.8054,-0.1842,-0.171,0.19,116.25,-87.48,47.97,53.043255,-1.810069,18.05,6.0,60.19,18 / 20,-0.47791247717439067,0.6018988822617363,0.6118515268463046,46.86109206071995,71.01568072921647,11.88169407009362,False,29.500999999999976,15.616156425111315,4.783836885547584,383.33384435045093,246.13486270441877,16.332469444444563,72.96810000000032,16.094068902285706,4.181938003285848,336.472752289731,175.1191819752023
339915.0,3.0199,-7.0497,9.7206,0.009,-0.0366,9.8065,0.1492,-0.8784,0.409,119.79,-86.94,49.24,53.043255,-1.810069,18.05,6.0,60.19,18 / 20,-0.6406402060128846,0.5294679858409385,0.5910215268462999,46.80516442656057,71.07224907262162,11.941837722778263,False,29.601,15.453425586684094,4.845819081407328,384.86544708921383,246.62389799117483,16.19539444442441,72.5896799999554,16.09406579269698,4.3163510955663895,338.06028266265326,175.5516489185532
340015.0,-1.1717,3.6265,9.3039,0.0661,-0.0881,9.806,-0.0685,0.5885,-0.3826,115.6,-87.23,46.62,53.043255,-1.810069,18.05,6.0,60.19,18 / 20,-0.7953413814898069,0.5457193367867528,0.56158152684631,46.73336534718546,71.12600843875298,11.999467875462875,False,29.700999999999965,15.842220237300184,4.735899768020756,386.4564179031586,247.09069429380034,16.534963888897575,73.35647999997157,16.63756161878999,4.190180431234003,339.72305255597314,175.96468585504738
340114.0,-1.4943,2.8995,10.7327,-0.0172,0.0678,9.8064,0.0498,-0.1743,0.1044,122.2,-87.18,48.67,53.043255,-1.810069,18.05,6.0,60.19,18 / 20,-0.41060937943402365,0.5035029946720955,0.5825348768463079,46.673670784519736,71.17794494416019,12.056101637445654,False,29.799999999999955,15.705790827936395,4.50415636859513,388.01182135683615,247.53102620295945,16.338888888894743,73.99799999998085,16.11640020737042,4.0006533739230346,341.3381505723164,176.35308125879925
340214.0,-0.0853,2.268,8.7211,0.0088,-0.0001,9.8066,-0.2129,0.8891,-0.3904,125.87,-86.98,53.31,53.043255,-1.810069,18.05,6.0,60.19,18 / 20,-0.11682179593478947,0.42005153472067425,0.574559876846306,46.64729922575129,71.22412267062984,12.113956375130297,False,29.899999999999977,15.655996783305262,4.906892165534752,389.5628791743674,248.04252286585492,16.40694444444344,72.59800000002069,15.772818579240052,4.486840630814078,342.91557994861614,176.81840019522508
340315.0,-4.272,6.8882,10.3422,-0.045,0.111,9.8059,-0.0413,0.9499,-0.5548,127.99,-86.56,58.41,53.043255,-1.810069,18.05,6.0,60.19,18 / 20,0.4223658784701635,0.3039721328542035,0.5467848768463064,46.662729201919326,71.26068586584238,12.170584285191772,False,30.000999999999976,15.69486062128411,4.806095304979502,391.1426850462781,248.5259984072455,16.41426111111117,72.97427000000079,15.272494742813947,4.502123172125299,344.47995584435876,177.26531254140315
340415.0,2.1391,-9.4763,10.6647,-0.0738,0.1623,9.805,0.1,0.5857,-0.3903,134.86,-86.58,61.25,53.043255,-1.810069,18.05,6.0,60.19,18 / 20,0.4497032128302679,0.5076168747087622,0.6164648768463223,46.706332656484356,71.30126531622054,12.228746772876416,False,30.101,15.539255331784545,5.0501012013741455,392.6799705399708,249.0601788346573,16.339330555565894,71.99620000008595,15.089552118954277,4.542484326665384,345.97363788348645,177.75891351843677
340514.0,-1.2801,8.0365,9.9324,0.0106,0.0788,9.8063,-0.0343,1.2803,-0.6343,134.63,-87.25,63.54,53.043255,-1.810069,18.05,6.0,60.19,16 / 19,0.4048685958651392,0.5160107336705477,0.6651629768463172,46.748633961014775,71.35193488283531,12.292187351634196,False,30.19999999999999,15.238883718519004,5.387094569958461,394.16256787452664,249.6326103166342,16.16305555556335,70.53100000006478,14.834015122653865,4.871083836287913,347.41393391351187,178.2806754337989
340614.0,2.8713,-7.0989,11.4192,-0.06,0.1689,9.8049,-0.0131,-0.6186,0.3143,149.59,-86.71,75.51,53.043255,-1.810069,18.05,6.0,60.19,16 / 19,0.4651373572889089,0.495288439737789,0.7520779768462876,46.79213425867246,71.40249984150572,12.363049399318802,False,30.299999999999955,15.465304228192476,5.505730572916909,395.7069400979975,250.18858494994222,16.416111111103632,70.40400000000375,15.000166870903568,5.0104421331791205,348.914805839325,178.7860851084365
340715.0,1.4564,-4.0728,10.691,0.0517,-0.066,9.8063,0.0039,0.5064,-0.249,145.8,-86.93,75.43,53.043255,-1.810069,18.05,6.0,60.19,16 / 19,0.01371597081733883,0.8389304114258141,0.8781714268462866,46.816316351741825,71.46987789348948,12.445376994205276,False,30.400999999999954,15.384401435055244,5.56201697254913,397.25318428782464,250.76112762779127,16.358969444445975,70.12325999999665,15.370685464237905,4.723086561123316,350.4368679360828,179.2912497343018
340815.0,1.9914,-6.113,10.7066,-0.0092,0.0477,9.8065,0.1743,-0.8334,0.5044,149.72,-87.17,80.24,53.043255,-1.810069,18.05,6.0,60.19,16 / 19,-0.3698814801700176,1.1594370199837216,0.9673864268463069,46.79850807627419,71.56979626505998,12.537654886889927,False,30.500999999999976,15.307001855269432,5.476099283159331,398.7768311698021,251.30765069256455,16.257305555555526,70.31532000000259,15.676883335439449,4.316662263175609,351.97832309352793,179.73785442750457
340915.0,1.5609,0.0018,10.1022,0.0616,-0.0938,9.806,0.0544,-0.0444,0.0199,152.25,-88.04,84.37,53.043255,-1.810069,18.05,6.0,60.19,16 / 19,-0.6490208220591924,1.3142994986735665,1.0271614268463205,46.747562961162714,71.69348309099287,12.637382279574581,False,30.601,15.01917789403531,6.316702702542065,400.2350260859844,252.01796388350462,16.293474999997564,67.18952999993886,15.668198716094503,5.002403203868498,353.48746312482166,180.32448079251174
341015.0,-2.1855,1.3759,9.2448,0.0095,0.0005,9.8066,0.1689,-0.6511,0.2877,155.24,-87.93,82.4,53.043255,-1.810069,18.05,6.0,60.19,16 / 19,-0.5611349080082245,1.2372970652228124,1.013846426846325,46.68705517465936,71.82106291918764,12.739432672259179,False,30.700999999999965,15.171348007284879,6.055464115065466,401.7660271213967,252.5958439175919,16.335211111110183,68.24115999995982,15.732482915293103,4.818167049842653,355.07897194673734,180.77478099840425
341115.0,-1.6485,1.2548,9.7633,0.0576,-0.0663,9.8062,0.0054,-0.2778,0.141,154.77,-87.76,81.74,53.043255,-1.810069,18.05,6.0,60.19,16 / 19,-0.3034396086547021,1.1744549964464976,0.9835864268463181,46.64382644882621,71.94165052227113,12.839304314943833,False,30.800999999999988,15.284614053146605,5.823799919661985,403.29689444492936,253.14125503310035,16.356538888887645,69.14199000001747,15.588053661801307,4.649344923215487,356.6530679961032,181.1996045108292
341215.0,-0.6331,3.1386,10.23,0.0243,-0.0257,9.8065,0.0737,-0.7262,0.3985,165.87,-87.84,90.26,53.043255,-1.810069,18.05,6.0,60.19,16 / 19,-0.10729318321434891,0.9814689741055443,1.0025864268463116,46.623289809232766,72.0494467207987,12.93861295762843,False,30.900999999999954,15.264341685848084,5.996720436837413,404.81479171601575,253.74137405203092,16.400030555553855,68.55217999999229,15.371634869062433,5.015251462731869,358.191501906783,181.69192733123222
341315.0,-0.1704,-7.4551,9.5607,0.0107,-0.1179,9.8059,-0.0415,-0.6954,0.4185,169.55,-87.5,94.16,53.043255,-1.810069,18.05,6.0,60.19,16 / 19,-0.07526554353478093,1.1749964754717017,1.0114564268463138,46.61416187289531,72.15726999327758,13.039315100313084,False,31.000999999999976,15.425196850634963,5.898528196942155,406.3595650751571,254.3081345922835,16.514536111110992,69.07328999999932,15.500462394169745,4.723531721470453,359.7454032022618,182.1508645990059
341414.0,-0.8403,2.7988,8.9523,0.0391,-0.1042,9.8059,-0.0036,-0.1579,0.1702,163.28,-88.29,91.55,53.043255,-1.810069,18.05,6.0,60.19,16 / 19,-0.03153546812832371,1.3894159018251313,0.9569915768463195,46.608875222817986,72.28420840595376,13.13675327649586,False,31.099999999999966,15.64575399276847,5.727390806839308,407.9282060048742,254.83653288351613,16.661111111102443,69.89399999995146,15.677289460896793,4.3379749050141765,361.3193307820562,182.55232447756237
341514.0,-0.0539,-5.8014,10.3419,0.0006,-0.0433,9.8065,-0.0068,-0.5132,0.2871,152.86,-88.7,79.72,53.043255,-1.810069,18.05,6.0,60.19,18 / 20,-0.05407314654069911,1.5009505626134254,0.9410365768463159,46.604594792084534,72.42872672917572,13.231654684180514,False,31.19999999999999,16.069396684992594,5.479859544495895,409.57286213901176,255.30355157530016,16.978055555541683,71.16999999994415,16.123469831533292,3.978908981882469,362.96826734692723,182.87482484612445
341614.0,0.0547,-1.1768,9.9807,0.0481,-0.0874,9.8061,0.0281,-0.0468,0.0474,156.42,-89.04,81.25,53.043255,-1.810069,18.05,6.0,60.19,18 / 20,-0.15431669039426418,1.5204973358454819,0.8300263403193583,46.59417530023779,72.57979912409861,13.320207830038767,False,31.299999999999955,15.670845795291184,5.8438187053029065,411.0838063922858,255.9484821508339,16.72500000000748,69.54900000004791,15.825162485685448,4.323321369457425,364.489631092048,183.3686830267353
341714.0,1.6079,-5.0457,11.2915,0.0392,-0.0546,9.8064,0.1462,-0.6546,0.3566,163.2,-89.05,87.39,53.043255,-1.810069,18.05,6.0,60.19,18 / 20,-0.3040937741519123,1.7648523561215017,0.9129713403193772,46.57125477701047,72.744066608697,13.407357714070724,False,31.399999999999977,15.133464477139988,6.671813741272421,412.4877811409136,256.7824441004357,16.538888888891638,66.20900000004937,15.4375582512919,4.90696138515092,365.91652636390313,184.03837749173874
341814.0,-1.9689,5.8227,8.984,0.0506,-0.0906,9.806,-0.0391,-0.0292,-0.0802,192.83,-89.66,117.97,53.043255,-1.810069,18.05,6.0,60.19,18 / 20,-0.4066772276454492,1.644877119560728,0.9460813403193847,46.5357162269206,72.91455308248115,13.500310348102683,False,31.5,15.06870767718222,7.034980379477232,413.95192623591646,257.5274501092245,16.63,64.97399999999999,15.475384904827669,5.390103259916504,367.41621000899585,184.61289702674335
341914.0,0.3214,-2.4244,9.3729,-0.0203,0.0071,9.8066,0.0119,-0.8496,0.4608,143.72,-89.61,68.02,53.043255,-1.810069,18.05,6.0,60.19,18 / 20,-0.4400460028045546,1.3997377978708951,0.8832613403194062,46.493380065398114,73.06678382835268,13.591777482134592,False,31.599999999999966,14.941306502403833,7.075489178538243,415.42944251887246,258.2502171324004,16.531944444450186,64.66000000001839,15.381352505208389,5.675751380667348,368.93606245347434,185.1834333040477
342014.0,-3.1503,7.8297,8.7568,0.0579,-0.1048,9.8059,-0.0451,0.5304,-0.4312,151.47,-89.71,77.01,53.043255,-1.810069,18.05,6.0,60.19,18 / 20,-0.16816004081864022,1.1986256425625756,0.8090813403193894,46.46296976321695,73.19670200037439,13.67639461616655,False,31.69999999999999,14.999497120909826,7.502349899911071,416.8935876139036,259.0397011115939,16.77111111110064,63.427000000053965,15.167657161728465,6.303724257348495,370.43061785068664,185.8429991112195
342114.0,0.4759,-4.6475,10.4421,-0.0243,0.0645,9.8063,0.0041,-0.4511,0.2322,167.54,-88.97,88.24,53.043255,-1.810069,18.05,6.0,60.19,18 / 20,0.1099157147929753,1.1252759506891097,0.7883613403193965,46.460057546915664,73.31289708003693,13.756266750198463,False,31.799999999999955,14.981662140114231,7.490814342879472,418.39116067908316,259.7847071196756,16.750000000000625,63.43499999999977,14.871746425321255,6.365538392190362,371.9311031321675,186.47181003963868
342214.0,2.8431,-5.3629,10.9696,0.0467,-0.0608,9.8063,-0.0593,0.8269,-0.5144,183.74,-89.28,109.82,53.043255,-1.810069,18.05,6.0,60.19,18 / 20,-0.07010585807219746,1.5912844725899258,0.878281340319417,46.4620480397517,73.44872510120092,13.839598884230423,False,31.899999999999977,15.156740808524166,7.596548987527565,419.9021049323784,260.54083262088835,16.953888888885874,63.38000000000081,15.226846666596364,6.00526451493764,373.44005689262667,187.09210751968743
342314.0,0.14,-4.877,9.9862,-0.0241,0.0809,9.8063,-0.0533,0.208,-0.0011,218.61,-89.35,141.04,53.043255,-1.810069,18.05,6.0,60.19,18 / 20,-0.04591484403568644,2.027336874180874,0.9454063403194323,46.45624700464631,73.6296561685395,13.930783268262386,False,32.0,15.027810776525921,7.539478786967231,421.3996779975605,261.2969581221015,16.813055555555554,63.357,15.073725620561607,5.5121419127863565,374.9434309929142,187.667301953562
342415.0,1.0101,-4.6896,9.9226,-0.0087,-0.008,9.8066,-0.0708,0.6006,-0.4002,226.79,-89.36,149.38,53.043255,-1.810069,18.05,6.0,60.19,18 / 20,0.22792099056557905,2.387731455805253,0.9603290903194321,46.465438315046065,73.8526171192038,14.027022907509648,False,32.101,15.280668838349312,7.611722218811348,422.94592218727615,262.0495253858461,17.07153055555312,63.52084000000093,15.052747847783733,5.223990763006094,376.4804838722301,188.1969082666423
342515.0,-0.6995,3.7632,8.3836,-0.0472,0.093,9.806,-0.1238,0.5415,-0.3074,254.98,-89.4,177.89,53.043255,-1.810069,18.05,6.0,60.19,18 / 21,0.16983242292923953,2.4734091368263496,0.8949740903194544,46.4853259857208,74.0956741488353,14.119788066541561,False,32.200999999999965,15.317179417296321,7.633765174851772,424.47070562023873,262.80520610734254,17.114044444440108,63.50925999998132,15.147346994367082,5.160356038025422,377.9853796345179,188.70953195850723
342614.0,-0.802,-2.5223,9.9369,-0.029,0.0667,9.8064,-0.0497,0.2716,-0.2181,206.08,-89.09,128.48,53.043255,-1.810069,18.05,6.0,60.19,18 / 21,0.07442947771946563,2.4561202209915183,0.8309804903194612,46.49741694980291,74.33968585204725,14.205222818283179,False,32.299999999999955,15.460895440071813,7.563844508562261,426.0261090738899,263.50973716143693,17.21194444444152,63.93099999998741,15.386465962352347,5.107724287570743,379.528692124087,189.1700513093897
342714.0,0.0576,2.932,11.1735,0.0016,0.0237,9.8066,0.0046,0.3406,-0.2736,199.0,-88.76,121.45,53.043255,-1.810069,18.05,6.0,60.19,18 / 21,0.11648977525264476,2.376696646536027,0.9058354903194783,46.50696291245152,74.58132669542368,14.292063617315145,False,32.39999999999998,15.389113492670406,7.7422736196595885,427.5169965450704,264.3548186048807,17.226944444444225,63.29300000000943,15.272623717417762,5.365576973123561,381.0100336326189,189.773491909457
342814.0,0.7188,-1.1907,10.5327,0.0469,0.0777,9.8062,-0.0901,0.1084,0.0105,204.7,-88.48,127.74,53.043255,-1.810069,18.05,6.0,60.19,18 / 21,0.05976679343835387,2.270724365684872,1.0104804903195022,46.51577574088607,74.81369774603478,14.387879416347117,False,32.5,15.297868324737832,8.074524798529595,428.96108485793076,265.27773649530684,17.298055555555557,62.174,15.23810153129948,5.803800432844723,382.4453091170447,190.46403874927205
342914.0,-1.8426,2.6645,11.3149,-0.0064,0.0087,9.8066,0.0955,0.5318,-0.3012,226.27,-88.89,146.09,53.043255,-1.810069,18.05,6.0,60.19,18 / 21,0.012173385372387283,2.1450642186322475,1.1221954903194642,46.51937274982661,75.03448717525056,14.494513215379028,False,32.599999999999966,15.182038486663679,7.955206307178953,430.47202911111566,266.0672204751537,17.140000000009252,62.34599999998993,15.169865101291292,5.810142088546705,383.95265636128903,191.03273329990316
343014.0,1.5559,-6.7336,9.7808,0.0025,0.0594,9.8064,-0.0941,0.1417,-0.03,242.63,-88.87,163.01,53.043255,-1.810069,18.05,6.0,60.19,18 / 21,0.22409892681671711,2.1782366425224726,1.196315490319481,46.531186365436064,75.25065221830835,14.610438764411002,False,32.69999999999999,15.351619094660025,8.309248238886658,431.9629165822684,266.9567798882982,17.45611111109727,61.57500000003375,15.127520167843308,6.131011596364186,385.43173021683236,191.70612766998983
343114.0,-0.4447,-0.3389,8.2638,-0.0289,0.0046,9.8065,-0.0714,0.1876,-0.2165,263.38,-88.91,-176.68,53.043255,-1.810069,18.05,6.0,60.19,18 / 21,0.47895768207727996,2.357715952769045,1.1178804903195079,46.56633919588075,75.47744984807285,14.726148563442912,False,32.799999999999955,15.089379069834937,8.616256532426592,433.38694811303924,267.9352952429713,17.376111111113477,60.273000000038486,14.610421387757658,6.258540579657547,386.8206089171585,192.4578453948984
343214.0,-0.2431,-3.361,10.0442,-0.0376,0.0712,9.8063,-0.0059,-0.1053,0.0218,240.97,-89.1,160.74,53.043255,-1.810069,18.05,6.0,60.19,18 / 21,0.6238561928324183,2.3839150515968144,1.052615490319493,46.62147988962625,75.7145313982912,14.834673362474886,False,32.89999999999998,14.68881947508096,9.034855141536276,434.73743810934377,268.9916470460407,17.245000000001937,58.405000000027606,14.064963282248542,6.650940089939462,388.1159582197175,193.27711564774953
343314.0,-0.0822,2.312,9.6549,-0.0146,0.0157,9.8065,-0.0557,0.3296,-0.1705,212.31,-89.24,131.03,53.043255,-1.810069,18.05,6.0,60.19,18 / 21,0.7044867217652204,2.321386292644859,1.056905490319494,46.68789703535615,75.94979646550334,14.940149411506859,False,33.0,14.887755733841573,9.077541559701583,436.19489761028905,269.9256844296028,17.436944444444446,58.628,14.183269012076352,6.756155267056724,389.5070005749329,193.97588796409948
343415.0,-0.2289,1.93,9.7097,-0.0209,0.0448,9.8065,-0.0095,-0.4857,0.2055,193.56,-88.83,111.93,53.043255,-1.810069,18.05,6.0,60.19,18 / 21,0.6347664361321717,2.0856902263303487,1.0443461403194942,46.75552931982997,76.17235382971158,15.046262618854128,False,33.101,15.112888052141837,9.10351063823439,437.7072458382203,270.84671200715593,17.642938888894406,58.93661000000226,14.478121616009666,7.017820411904041,390.9517165183903,194.67435817744433
343514.0,-0.5966,4.0871,9.2765,0.0112,-0.0377,9.8066,0.0898,-0.0554,-0.0538,184.9,-88.34,102.88,53.043255,-1.810069,18.05,6.0,60.19,17 / 20,0.6450509316236601,1.750315636166921,1.0133046903194975,46.81888027953387,76.36223611990518,15.148116334970746,False,33.19999999999999,15.026219503971278,9.065110515221917,439.1699869584798,271.7604007193789,17.548888888893046,58.89800000000171,14.381168572347619,7.314794879054997,392.35110667894594,195.39816459947372
343615.0,0.2919,1.1683,10.4015,-0.0151,0.0649,9.8064,0.1657,-0.799,0.4373,175.91,-87.9,93.58,53.043255,-1.810069,18.05,6.0,60.19,17 / 20,0.6621398158947066,1.447654451535551,1.0165720403194975,46.884893412283546,76.52373360933414,15.250625109868015,False,33.30099999999999,15.515763038217232,8.266347833541003,440.76403314567193,272.53476218903427,17.580561111106245,61.952399999934855,14.853623222322526,6.818693382005452,393.8791397333884,196.0110285797001
343714.0,0.4356,-5.9631,11.534,0.0511,-0.0687,9.8062,0.1243,-0.0954,0.0017,174.51,-87.38,91.88,53.043255,-1.810069,18.05,6.0,60.19,17 / 20,0.6201027305114045,1.6482280079781226,1.1315209403194855,46.94836441833064,76.67697979108006,15.356955712409633,False,33.39999999999998,15.973110664155875,7.7320240091735615,442.3723865041221,273.2392932438289,17.74611111110864,64.16999999996689,15.35300793364447,6.083796001195439,395.4240220857915,196.56231345274887
343814.0,2.0179,-5.5788,10.6633,0.0414,0.0586,9.8064,0.2965,-0.8528,0.4096,181.16,-86.93,99.47,53.043255,-1.810069,18.05,6.0,60.19,17 / 20,0.4912573469324124,2.1903180533354027,1.260720940319515,47.003932422202844,76.86890709414578,15.47656780644161,False,33.5,15.834348726940757,7.835453171113726,443.9769290740019,274.0065382374669,17.666944444444447,63.672,15.343091380008344,5.645135117778324,396.972996651799,197.1376311433211
343914.0,0.6126,-0.3908,10.334,0.0454,-0.069,9.8062,0.0698,-0.1111,0.002,180.61,-86.98,103.71,53.043255,-1.810069,18.05,6.0,60.19,17 / 20,0.38041364695595226,2.4566768714752154,1.3299209403194914,47.04751597189725,77.10125684038623,15.606099900473517,False,33.599999999999966,15.862592708021051,7.994016215206823,445.56810045565095,274.80714170832397,17.76305555554993,63.25400000002447,15.482179061065098,5.537339343731608,398.5205844837537,197.70588486793775
344015.0,-2.4946,8.9383,10.901,0.0058,0.0026,9.8066,0.1044,-1.0011,0.5618,181.84,-86.51,100.94,53.043255,-1.810069,18.05,6.0,60.19,17 / 20,0.4758528762589165,1.9866817626044924,1.4118167903194907,47.090757431319595,77.32564645140725,15.744557655870784,False,33.700999999999965,15.535125604245017,9.00915478552528,447.1141440776611,275.7728696476085,17.958438888890864,59.88961000003241,15.059272727986102,7.022473022920787,400.02338664634146,198.44722319620126
344115.0,1.1619,1.7746,11.7619,0.0965,-0.1843,9.8044,0.3058,-0.7375,0.5923,188.51,-86.45,104.59,53.043255,-1.810069,18.05,6.0,60.19,17 / 20,0.527749210748747,1.4214533470112458,1.5642967903195255,47.14093753566999,77.49605320688808,15.893363334902768,False,33.80099999999999,15.380276979663899,9.18345673361958,448.61867016068686,276.71769293882267,17.913369444445955,59.15886999999747,14.852527768915152,7.762003386608335,401.47773262501687,199.2216397319346
344215.0,-1.9461,9.2582,11.0051,0.0569,-0.1133,9.8057,0.0619,-0.6861,0.4312,208.05,-87.29,126.63,53.043255,-1.810069,18.05,6.0,60.19,17 / 20,0.3291367420609703,0.8512625955432234,1.7219817903194719,47.18378183331046,77.60968900401576,16.05767726393466,False,33.900999999999954,15.349648724284549,9.136240039460992,450.14960434013267,277.6298249223034,17.86289444444303,59.23857000000956,15.020511982223578,8.284977443917768,402.9658225068222,200.02013591828762
344315.0,1.4319,-5.4525,12.0725,0.0629,-0.1021,9.8058,0.3044,-1.0834,0.759,215.28,-87.39,133.38,53.043255,-1.810069,18.05,6.0,60.19,17 / 20,0.29145549395012094,0.623792287881432,1.8951967903195113,47.214811445111025,77.68344174818701,16.238536192966652,False,34.000999999999976,15.326309831689649,9.355277633537222,451.6734517899312,278.57520418815125,17.955975000000077,58.599830000000175,15.034854337739528,8.73148534565579,404.4586403448202,200.89176243996422
344415.0,-3.0389,6.7404,11.0271,0.11,-0.1526,9.8048,0.0543,0.1956,-0.0622,245.55,-87.18,163.25,53.043255,-1.810069,18.05,6.0,60.19,17 / 20,0.13055321189668664,0.5774425039632873,2.069511790319551,47.23591188040337,77.74350348777925,16.436771621998652,False,34.101,15.208396546488773,9.360912158528954,453.1511686407095,279.54204407570126,17.858388888898247,58.38732999998647,15.077843334592087,8.783469654565668,405.91525676030614,201.798540587922
344515.0,0.3492,-6.6733,12.6966,0.0399,0.0023,9.8065,0.2182,-0.7231,0.4466,249.46,-86.38,168.98,53.043255,-1.810069,18.05,6.0,60.19,16 / 19,0.1672578988792443,0.4058151762756861,2.275031790319481,47.25080243594216,77.79266637179119,16.65399880103053,False,34.200999999999965,15.113303293761607,9.218151618745756,454.64934340937816,280.4541760591881,17.702719444427643,58.61943999999369,14.946045394882363,8.81233644247007,407.398540973436,202.66150968739692
344615.0,1.2749,-3.866,12.1609,0.076,-0.0949,9.8058,-0.0635,0.5711,-0.2025,260.16,-85.73,177.66,53.043255,-1.810069,18.05,6.0,60.19,16 / 19,0.6242871791221831,0.6114212533281698,2.537241790319541,47.29037968984224,77.8435281932714,16.894612480062534,False,34.30099999999999,15.457516942073404,9.37841834468894,456.2062845496829,281.3996665206531,18.080105555560902,58.753800000023844,14.833229762951222,8.766997091360771,408.9159048598407,203.55613832738172
344715.0,-0.0873,-4.3102,11.1355,-0.0257,0.0117,9.8065,-0.0118,-0.0072,0.0971,267.01,-85.38,-177.97,53.043255,-1.810069,18.05,6.0,60.19,16 / 19,0.9870797955567538,0.6951201676186939,2.7213967903194782,47.37094803857616,77.90885526431872,17.157544409094395,False,34.400999999999954,15.172217427014973,9.501323297420285,457.68473681591087,282.3779594847747,17.901713888883453,57.94385999999724,14.185137631458218,8.806203129801592,410.3137887773347,204.46910422045596
344814.0,-1.2384,-3.4222,10.0334,-0.0065,-0.0515,9.8065,0.0056,0.254,-0.1595,276.16,-85.39,-168.89,53.043255,-1.810069,18.05,6.0,60.19,16 / 19,1.3280575863303727,0.6086162980707764,2.7983989903195146,47.48554733897963,77.97339021937037,17.430774300236152,False,34.5,15.51023925498069,9.643760449064208,459.24014026956297,283.3246730902026,18.26388888888889,58.128,14.182181668650317,9.035144150993432,411.7545929305833,205.35128287083225
344914.0,-1.0487,-0.1888,9.8385,-0.0034,-0.0016,9.8066,-0.1215,0.0165,0.0689,284.45,-85.3,-160.96,53.043255,-1.810069,18.05,6.0,60.19,16 / 19,1.4512968287802797,0.4666154768149441,2.81132899031951,47.62451505973512,78.02715180811464,17.711260699268006,False,34.599999999999966,15.629406597213727,9.225173023875518,460.8045692750927,284.2142325032877,18.14888888889562,59.448999999922655,14.178109768433448,8.758557547060574,413.1800542153576,206.18708069517305
345014.0,-2.2746,-2.9468,10.4103,0.0102,-0.0039,9.8066,-0.071,0.2994,-0.2104,290.73,-84.95,-157.89,53.043255,-1.810069,18.05,6.0,60.19,16 / 19,1.5077201927825454,0.2506878952103721,2.843103990319517,47.772465910813295,78.06301697671591,17.993982348300023,False,34.69999999999999,15.484203134348585,9.240696604799043,462.32888471645134,285.14826988826,18.031944444449564,59.17200000001212,13.97648294156604,8.99000870958867,414.55641880563803,207.0852529115441
345114.0,-2.666,7.3732,11.4234,0.0103,0.0657,9.8064,0.1722,0.7816,-0.5394,281.02,-84.67,-166.21,53.043255,-1.810069,18.05,6.0,60.19,16 / 19,1.1809659433680717,0.026420630928757877,2.9541239903194794,47.90690021762078,78.07687240302286,18.283843747331872,False,34.799999999999955,15.402899184311254,9.559136725831811,463.86657134589336,286.1267852422277,18.128055555552717,58.17600000002944,14.221933240943182,9.532716094903053,415.9596711282726,208.04991283920484
345214.0,-0.564,-2.267,12.2066,0.0297,0.1481,9.8054,-0.0524,-0.4333,0.0581,284.15,-84.38,-169.42,53.043255,-1.810069,18.05,6.0,60.19,16 / 19,0.8599354342348065,-0.09651678787246269,3.154958990319525,48.008945286500946,78.07336759517567,18.58929789636389,False,34.89999999999998,15.488167404050918,9.435846368962247,465.4243147574803,287.04970313194934,18.136111111110992,58.64899999999301,14.628231969816111,9.53236315683471,417.4153694709794,208.97633553677366
345314.0,-2.2452,2.3457,9.9993,0.044,-0.0196,9.8065,0.2147,0.2334,-0.3578,279.85,-84.28,-169.58,53.043255,-1.810069,18.05,6.0,60.19,16 / 19,0.7915779212529805,-0.24999521038324107,3.2845889903195546,48.09152095427535,78.05604199526287,18.911275295395917,False,35.0,15.385254194212788,9.375726131540713,466.98205816904135,287.9615015313658,18.016944444444444,58.642,14.593676272959808,9.625721341923954,418.890537214766,209.9054595361029
345415.0,0.2938,-6.2006,9.896,0.0004,0.1095,9.806,0.0427,-0.3479,0.0006,275.34,-84.23,-173.83,53.043255,-1.810069,18.05,6.0,60.19,16 / 19,0.932365042683621,-0.36658902630878576,3.298829990319555,48.17858007395415,78.02490449130993,19.24373795391819,False,35.101,15.288446252155001,9.571801357519757,468.5353890884272,288.9377929869687,18.03764444444683,57.950129999952786,14.35608120947138,9.938390383828542,420.3568090144731,210.91288849565876
345515.0,-0.8846,-3.5473,7.8239,-0.0185,-0.0078,9.8066,-0.3066,0.3697,-0.2088,277.81,-84.54,-176.12,53.043255,-1.810069,18.05,6.0,60.19,16 / 18,1.3764043000929058,-0.46005221544888936,3.204159990319587,48.29401854109294,77.98357242922205,19.568887452950033,False,35.200999999999965,15.385795936240934,9.337449285991813,470.0994169584036,289.8282419588367,17.997536111108516,58.74698000003518,14.009391636148028,9.797501501440703,421.80539841731064,211.84466952961466
345615.0,-2.3167,-6.4414,9.0987,-0.1022,0.0466,9.8059,-0.1311,-0.7457,0.4627,274.2,-85.07,179.31,53.043255,-1.810069,18.05,6.0,60.19,16 / 18,1.823237216326731,-0.6787519632709056,3.0696249903195563,48.45400061691396,77.92663222028605,19.88257670198206,False,35.30099999999999,15.305328299172485,9.581098946091531,471.62393296760683,290.8064237294427,18.05686944444224,57.95352999999846,13.482091082845754,10.259850909362436,423.1699323506929,212.87979150915666
345715.0,-2.0525,-2.9711,10.723,-0.0155,-0.0637,9.8064,0.0616,-0.2391,-0.0173,268.2,-85.13,176.26,53.043255,-1.810069,18.05,6.0,60.19,16 / 18,2.253198435594236,-0.9303663416082776,3.0800449903195526,48.65782239950994,77.84617630504212,20.19006020101391,False,35.400999999999954,15.377179752014543,9.605892024303413,473.16823833513956,291.75146941190457,18.13093611111261,58.007609999997605,13.123981316420307,10.53625836591169,424.5104159356296,213.90529310686244
345814.0,0.0564,4.5503,9.2583,0.0744,0.0128,9.8063,0.1571,-0.6974,0.1985,269.6,-84.75,175.23,53.043255,-1.810069,18.05,6.0,60.19,16 / 18,2.144575725990356,-1.0419028736796048,3.0982609903195613,48.875512220508476,77.74854897888532,20.49588634705569,False,35.5,15.319034510408454,9.51042320667957,474.69054809828896,292.67616642162943,18.03111111111111,58.167,13.174458784418098,10.552326080359176,425.8150358777805,214.92761744274412
345914.0,-1.5004,-3.4285,9.2962,0.0086,-0.034,9.8065,0.0497,-0.6766,0.3209,268.46,-84.59,170.9,53.043255,-1.810069,18.05,6.0,60.19,16 / 18,2.056492785018841,-1.1269672381636298,3.0453209903195795,49.08556564605887,77.6401054732932,20.803065446087544,False,35.599999999999966,15.285301473979398,9.532038174012625,476.2282347276463,293.621323297546,18.013888888889895,58.052000000006736,13.228808688960557,10.659005412176255,427.1426690815874,215.98121782425278
346015.0,-0.3062,1.4875,9.6224,-0.0507,-0.0253,9.8065,-0.0961,-0.2774,0.1204,262.44,-84.93,167.5,53.043255,-1.810069,18.05,6.0,60.19,16 / 18,2.126016489784902,-1.2414222930636254,3.0102386403195798,49.29678236443645,77.52050180196623,21.10887120743482,False,35.700999999999965,15.302350194751037,9.466335754947453,477.78123136744387,294.5648122505734,17.993705555552705,58.25825000000328,13.176333704966135,10.707758048011078,428.4844490030074,217.04431044860718
346115.0,-0.6142,-3.6893,7.7188,-0.0581,-0.0158,9.8064,-0.0898,-0.4578,0.1721,259.6,-85.43,163.18,53.043255,-1.810069,18.05,6.0,60.19,16 / 18,2.2099036065174804,-1.2837683277517844,2.896633640319554,49.51357836925162,77.39424227092543,21.404214821466844,False,35.80099999999999,15.346112239285631,9.5182789716292,479.3123661147374,295.5097467367115,18.058274999999362,58.19112999997926,13.13620863276815,10.802047299380986,429.7987877454858,218.1155044657861
346216.0,-1.2812,-0.6042,8.0078,-0.0087,-0.0133,9.8066,-0.0545,-0.3257,0.0774,254.91,-85.64,157.98,53.043255,-1.810069,18.05,6.0,60.19,16 / 18,2.414807443696861,-1.35787664071918,2.7003552903195556,49.74712627728744,77.26083920001764,21.686862762464116,False,35.90199999999999,15.47922978585522,9.341919187392737,480.87191463671036,296.4423385864681,18.079777777777938,58.88846000000614,13.064422342158359,10.699795828111917,431.1247883594229,219.18149938645047
346314.0,-3.2313,-4.1929,9.0085,-0.0245,-0.0144,9.8066,0.0624,0.1505,-0.1315,251.66,-86.14,156.66,53.043255,-1.810069,18.05,6.0,60.19,16 / 18,2.6768069772778613,-1.520450140636379,2.5731022903195386,49.996615383915234,77.1198011877312,21.945262183915467,False,36.0,15.401315000734556,9.449033915018038,482.3722956513891,297.3685923256274,18.06888888888889,58.47,12.724508023456695,10.969484055654418,432.37568026747385,220.2487911378962
346414.0,0.247,2.0505,9.6089,0.0194,-0.0495,9.8064,-0.1379,0.1011,-0.1188,254.83,-86.08,156.47,53.043255,-1.810069,18.05,6.0,60.19,16 / 18,2.796140407649712,-1.6472848733224508,2.5233072903195555,50.27026275316152,76.96141443703331,22.200082662947334,False,36.099999999999966,15.322781059219835,9.471672160319109,483.9099822807464,298.3248686946762,18.013888888892104,58.27800000001124,12.526640651570123,11.11895703364156,433.63971952758493,221.36345425764287
346514.0,-1.1049,-5.3628,11.7136,0.0155,-0.0027,9.8065,-0.2113,0.3735,-0.2064,264.25,-86.18,165.97,53.043674,-1.8078,15.0,6.0,88.53,15 / 18,2.9355391677462856,-1.711513192401779,2.608767290319575,50.55684673193138,76.79347453374706,22.45668639197935,False,36.19999999999999,15.494738811518863,9.30907417866808,485.4677256923062,299.2366670933878,18.076111111108386,59.00299999996827,12.559199643772576,11.020587371069858,434.9108789603748,222.44319255964072
346614.0,-1.2497,-0.3427,8.9455,-0.0371,-0.0451,9.8064,-0.1053,0.1586,-0.1006,271.97,-86.89,171.14,53.043674,-1.8078,15.0,6.0,88.53,15 / 18,3.1892433162220692,-1.8190692549938743,2.661057290319557,50.86308585612969,76.61694541137733,22.720177621011217,False,36.299999999999955,15.276918022417393,9.590997026466235,486.98535553963313,300.2151824473545,18.03805555555668,57.87900000003322,12.087674706195322,11.410066281460109,436.1222696835034,223.59823703597715
346714.0,-3.2647,-2.7133,8.54,-0.047,0.0055,9.8065,-0.0858,-0.1657,0.0346,270.3,-87.34,168.97,53.043674,-1.8078,15.0,6.0,88.53,15 / 18,3.304536071329625,-2.0607015709427965,2.5546672903195327,51.187774825507354,76.42295687008045,22.98096385004323,False,36.39999999999998,15.526502334125468,9.347345502232285,488.54978454524957,301.12698084606546,18.123055555554295,58.950999999984155,12.221966262795842,11.408047073175082,437.3620097197422,224.70402397598502
346815.0,-1.6707,-1.3512,9.7253,0.0007,0.0078,9.8066,-0.0344,0.0323,0.0794,268.75,-87.63,166.63,53.043674,-1.8078,15.0,6.0,88.53,15 / 18,3.4763440320569625,-2.3249176416630823,2.4865932903195334,51.53020927072837,76.20148309984386,23.235547509365503,False,36.500999999999976,15.49956846330714,9.416139555744218,490.1164197968943,302.0814780965929,18.135611111111064,58.720899999999766,12.023224431250178,11.7410571974073,438.5862105261659,225.87999499674902
346915.0,-0.9862,-0.753,9.8532,0.0043,-0.0053,9.8065,-0.0461,0.008,-0.214,264.7,-87.61,166.38,53.043674,-1.8078,15.0,6.0,88.53,15 / 18,3.5545075305009544,-2.4698324036145967,2.484853290319533,51.88175184885635,75.96174559757992,23.48411983839751,False,36.601,15.599216136086534,9.368189949269034,491.6742300642575,303.01529309023164,18.196119444444395,59.01285999997178,12.04470860558558,11.83802235288363,439.7924782154011,227.05354749265172
347015.0,-1.1401,-3.3731,8.9336,-0.0243,-0.0529,9.8064,-0.0148,0.2718,-0.3084,260.16,-87.51,158.39,53.043674,-1.8078,15.0,6.0,88.53,15 / 18,3.7406112029548617,-2.5624878313305697,2.443528290319547,52.24650778552901,75.71012958583275,23.73053891742938,False,36.700999999999965,15.677607137387456,9.235709467550166,493.2385922139868,303.92698029331603,18.195763888894067,59.49759999998421,11.936995934432595,11.798197298880735,440.9920844284578,228.21685070748327
347115.0,0.7916,1.662,8.9085,-0.0271,-0.0331,9.8065,-0.1102,0.2902,-0.1242,262.44,-87.88,159.73,53.043674,-1.8078,15.0,6.0,88.53,15 / 18,3.7974620960681946,-2.5818552009425058,2.354968290319527,52.62341145048025,75.45291243421903,23.97046374646139,False,36.80099999999999,15.635291720501844,9.077990910846024,494.7965361933682,304.82754800466125,18.079619444442322,59.860139999982145,11.837829624433649,11.65984611178853,442.1731247428879,229.37463557044222
347214.0,-1.4863,-2.7787,7.4505,-0.0457,-0.013,9.8065,-0.2378,-0.0486,0.1258,260.97,-88.7,163.17,53.043674,-1.8078,15.0,6.0,88.53,15 / 18,3.8268308290194737,-2.624812165785133,2.193880440319544,53.00081395027205,75.19518239956604,24.195631758628,False,36.89999999999998,15.793653606334274,8.94726734133289,496.35855838508314,305.70821182297954,18.151944444443362,60.46799999999093,11.9668227773148,11.572079507118023,443.3577444348111,230.5130294234135
347314.0,0.5983,0.8235,9.1435,-0.0608,-0.0687,9.8062,-0.0693,0.1507,-0.1679,286.13,-89.37,-176.35,53.043674,-1.8078,15.0,6.0,88.53,15 / 18,3.9102237729165545,-2.6490940467970656,2.0429154403195096,53.38766668036894,74.93148708893686,24.407471552660002,False,37.0,15.931460682255763,8.89831962161288,497.956415360932,306.5866517444117,18.248055555555556,60.815,12.021236909339208,11.547413668409945,444.5687486805631,231.65516465547483
347415.0,-1.5486,-1.8236,8.1916,-0.0486,-0.024,9.8065,0.0057,-0.0914,-0.138,274.8,-89.7,170.67,53.043674,-1.8078,15.0,6.0,88.53,15 / 18,3.9272929488044017,-2.7030640467293052,1.9278663403195107,53.78346127481584,74.66120310521379,24.60799603258227,False,37.101,15.876606473131547,8.856310367181766,499.5564117267556,307.4740984541267,18.1796888888907,60.84628000002741,11.949313524327145,11.559374413911073,445.7729504519397,232.81289534891292
347514.0,-1.5552,-1.0018,8.1413,-0.0276,0.0085,9.8066,-0.1508,0.0129,-0.0196,93.67,-89.84,-8.07,53.043674,-1.8078,15.0,6.0,88.53,16 / 19,3.9661457701466016,-2.7066616274306994,1.765486540319528,54.17418649140387,74.3934216843429,24.790817000173885,False,37.19999999999999,15.777080145772077,8.970279258482844,501.09195896611044,308.3657705706466,18.148888888890248,60.37900000002066,11.810934375625475,11.676940885913544,446.91777247470657,233.97234888630368
347614.0,1.0386,-1.4576,8.13,-0.0325,0.0201,9.8066,-0.2718,0.1565,-0.0593,115.58,-89.35,9.07,53.043674,-1.8078,15.0,6.0,88.53,16 / 19,3.8692667482901157,-2.635138143347004,1.598386540319585,54.565957117325574,74.1263316958041,24.959010654205784,False,37.299999999999955,16.22347523199996,8.277333149411577,502.7433006942499,309.15525454984845,18.213055555553655,62.96899999992345,12.354208483709844,10.912471292758582,448.17734357692433,235.02892285404437
347714.0,-1.6172,1.5961,8.2916,-0.0746,0.0103,9.8063,-0.1098,0.0693,-0.1521,114.75,-88.25,9.08,53.043674,-1.8078,15.0,6.0,88.53,16 / 19,3.9249082668631927,-2.6111530483820715,1.4388015403195489,54.95566586808333,73.86401713621758,25.110870058237776,False,37.39999999999998,16.181514866126243,8.256280611667412,504.35452885816085,309.9780970070292,18.166111111111803,62.96800000000002,12.25660659926305,10.867433660049484,449.39886299007753,236.11407987081162
347814.0,0.8731,-0.4968,8.5814,-0.0644,0.0149,9.8064,-0.0008,-0.0082,-0.0652,111.53,-87.29,6.77,53.043674,-1.8078,15.0,6.0,88.53,16 / 19,4.029566753505855,-2.601964140318849,1.301786540319518,55.353389619101875,73.60336127678248,25.24789946226976,False,37.5,16.333600374747164,8.252484401564127,505.9858138041879,310.80093946421096,18.299999999999997,63.195,12.30403362124131,10.854448541882975,450.63242418508605,237.19757818742846
347914.0,-0.2635,0.8906,10.0245,-0.0328,-0.0144,9.8065,0.0469,0.0004,-0.0627,116.59,-87.09,6.86,53.043674,-1.8078,15.0,6.0,88.53,16 / 19,3.4625595117384673,-2.2453161173786,1.063704059271605,55.72799593236397,73.36099726389769,25.366173992249276,False,37.599999999999966,16.487788697452906,7.990398744330621,507.6371555322117,311.5904234433505,18.321944444443158,64.14399999994443,13.025229185714439,10.235714861709221,451.9091595998477,238.22942617945284
348015.0,1.2847,0.63,9.7099,-0.0058,-0.003,9.8066,-0.0013,-0.0762,0.0661,113.45,-87.09,3.33,53.043674,-1.8078,15.0,6.0,88.53,16 / 19,3.5499393152011223,-2.3263019336897948,1.0698196092716048,56.082127123124415,73.13013055231873,25.473916937510708,False,37.700999999999965,16.531546782138793,7.791201076156835,509.29845879546133,312.3652296927033,18.275538888886526,64.76580999997013,12.981607466937671,10.11750300984663,453.21633167233693,239.23509914038453
348114.0,0.2188,-1.9184,10.0912,-0.0089,0.0223,9.8066,0.0962,-0.2331,0.0925,108.37,-87.07,-0.58,53.043674,-1.8078,15.0,6.0,88.53,16 / 19,3.496716151138256,-2.375308677909935,1.079115709271604,56.43093656870818,72.89740082704456,25.580289235778586,False,37.799999999999955,16.670610274838328,7.618327963905823,510.9465245825568,313.1137939382038,18.328888888887295,65.43999999997988,13.173894123700073,9.993636641815758,454.5155880138486,240.21639311115922
348214.0,-0.3796,1.6351,9.4479,-0.0465,0.0118,9.8065,0.1366,-0.131,0.001,101.15,-87.18,-7.77,53.043674,-1.8078,15.0,6.0,88.53,16 / 19,3.5230224784122353,-2.346546682570457,1.0754057092716032,56.78192350018578,72.66130805902048,25.688015306705772,False,37.89999999999998,16.753217599534917,7.245946258210156,512.617923092819,313.8254414690083,18.253055555556674,66.6109999999827,13.230195121122682,9.592492940780613,455.8359995926332,241.1641334099878
348314.0,-0.0956,-2.38,10.8031,0.0195,0.0327,9.8065,-0.0436,-0.2968,0.2068,101.55,-87.02,-7.78,53.043674,-1.8078,15.0,6.0,88.53,16 / 19,3.527819319573803,-2.306921136766387,1.1072907092716104,57.13446559008516,72.42863466805359,25.797150127632957,False,38.0,16.734776480842836,7.252883842821697,514.2826360090245,314.5482084929443,18.238888888888887,66.568,13.206957161269033,9.559804979588083,457.14817041893934,242.11957382489072
348414.0,0.4239,1.1718,10.3402,0.0087,0.0115,9.8066,-0.0345,-0.0983,0.0281,102.61,-87.02,-8.05,53.043674,-1.8078,15.0,6.0,88.53,16 / 19,3.501385084181291,-2.304049035490206,1.1837907092715845,57.485925810272796,72.19808615944083,25.911704198560077,False,38.099999999999966,16.81016945828589,7.176734471582686,515.9674057072771,315.25985602298795,18.278055555553266,66.88099999998167,13.3087843741046,9.480783507072893,458.48147989700425,243.0617698635471
348514.0,0.9433,-2.2141,10.1392,0.0263,0.0286,9.8066,0.0287,-0.2153,0.1298,104.0,-87.09,-8.76,53.043674,-1.8078,15.0,6.0,88.53,19 / 20,3.471915277116509,-2.3494542362843576,1.2270957092715944,57.83459082833777,71.96541099585205,26.032248519487265,False,38.19999999999999,16.92343875036281,7.01857059580702,517.6588609996832,315.9492645675265,18.32111111110923,67.47499999997399,13.4515234732463,9.368024832091377,459.8242701713454,243.98385357167444
348614.0,0.463,3.078,9.9798,0.0071,0.0466,9.8065,0.076,-0.2476,0.1926,96.66,-87.24,-11.05,53.043674,-1.8078,15.0,6.0,88.53,19 / 20,3.5395849377685162,-2.400344281001992,1.2523807092715857,58.1851658390819,71.72792106998781,26.15622234041438,False,38.299999999999955,16.908296753874822,6.963573827485796,519.3436306979788,316.6386731127707,18.286111111112145,67.61599999999584,13.368711816106305,9.363918108487788,461.15846485889693,244.91075204278286
348715.0,1.7216,-0.4503,9.9086,0.0175,0.0263,9.8066,0.0308,-0.2777,0.13,103.16,-87.4,-8.64,53.043674,-1.8078,15.0,6.0,88.53,19 / 20,3.6859586354476295,-2.51177888789587,1.2662732592715855,58.55005578952931,71.47985884995848,26.28341436582581,False,38.400999999999954,17.0641273188402,6.736208838932741,521.0654385873362,317.3124031731369,18.34560000000076,68.4579599999956,13.37816868339257,9.24798772682861,462.51538279780686,245.8325443231784
348814.0,1.4248,1.6711,10.1268,0.0372,0.0368,9.8065,0.0119,-0.1722,0.1689,99.25,-87.53,-12.29,53.043674,-1.8078,15.0,6.0,88.53,19 / 20,3.751299921828436,-2.664284917765092,1.2871672092715953,58.918200088114645,71.22364369157813,26.409809669018756,False,38.5,17.051199695292052,6.63050631183412,522.7465980649353,317.96189274042496,18.294999999999998,68.751,13.299899773463615,9.294791229599213,463.8283979768206,246.73824904884682
348914.0,0.585,-1.6063,9.7603,0.012,0.0242,9.8065,0.0208,-0.1586,0.057,101.93,-87.75,-8.97,53.043674,-1.8078,15.0,6.0,88.53,19 / 20,3.774115212105728,-2.75125977796476,1.3008572092715907,59.29447084481122,70.95286645679174,26.53921088994587,False,38.599999999999966,17.071326015135405,6.508665614779542,524.4514245452774,318.60682331450494,18.27000000000146,69.12999999997781,13.297210803029676,9.259925392744302,465.1569537004662,247.65395685771318
349014.0,0.4361,0.4562,10.5809,0.0187,0.0247,9.8065,0.0534,-0.1229,0.0147,106.21,-87.97,-4.0,53.043674,-1.8078,15.0,6.0,88.53,19 / 20,3.742179918153658,-2.7840258965839717,1.337252209271599,59.670285601324274,70.67610217306424,26.67111636087306,False,38.69999999999999,17.04214698993889,6.636918167599272,526.1428798376846,319.27399287489686,18.28888888888806,68.72200000001786,13.29996707178523,9.420944064183244,466.47259423636035,248.59789070183263
349114.0,1.52,-0.6453,9.5329,0.0232,0.0473,9.8065,0.0021,-0.1531,0.0251,110.78,-88.13,1.13,53.043674,-1.8078,15.0,6.0,88.53,19 / 20,3.738134088315577,-2.8672503767890483,1.3622772092715905,60.04430130164761,70.39353835939568,26.806092831800175,False,38.799999999999955,17.116182125252067,6.645803991218153,527.8610775062367,319.93004294215723,18.361111111108976,68.77999999999828,13.37804803693649,9.5130543680072,467.81677620458913,249.53650458276155
349214.0,1.3385,-1.5628,11.3332,0.0185,-0.0116,9.8066,-0.1498,0.2209,-0.1433,114.61,-88.05,3.44,53.043674,-1.8078,15.0,6.0,88.53,19 / 20,3.61953894750299,-2.954213378682106,1.4249172092716047,60.41218495343862,70.10246517162206,26.945452552727367,False,38.89999999999998,17.256228092773203,6.590548047679044,529.5792751747911,320.5860930087102,18.471944444442805,69.0969999999953,13.636689145270212,9.54476142636115,469.16709022135245,250.48362783708814
349314.0,1.7206,-0.6909,10.8042,-0.0051,0.018,9.8066,0.1729,0.0243,-0.0717,121.98,-88.03,7.61,53.043674,-1.8078,15.0,6.0,88.53,19 / 20,3.4830652964281197,-3.0398994612228973,1.5511222092716335,60.76731516563525,69.80275952962674,27.094254523654563,False,39.0,17.152760124197833,6.491411258095476,531.2841016552848,321.2310235835449,18.34,69.271,13.669694827769714,9.531310719318373,470.5167864896495,251.42826405391818
349415.0,1.6917,0.6579,10.0065,-0.0173,-0.0129,9.8066,0.111,-0.0143,-0.1908,123.64,-88.28,13.58,53.043674,-1.8078,15.0,6.0,88.53,19 / 20,3.4252035860769423,-3.190352160982654,1.611590909271633,61.11618274420176,69.48813182270537,27.253971536140995,False,39.101,17.250003419463052,6.478423765090367,533.0263674622495,321.882292269143,18.426419444436203,69.41574999996661,13.824799833386109,9.668775926073021,471.91018471804773,252.39416044643764
349514.0,1.4724,-1.6192,9.0653,0.0295,0.0542,9.8064,-0.1058,-0.0735,0.2236,130.76,-88.2,20.9,53.043674,-1.8078,15.0,6.0,88.53,17 / 18,3.3337082825333995,-3.2893469188725653,1.584786659271636,61.45074888169793,69.16738671825257,27.41219222578387,False,39.19999999999999,17.44555759055332,6.354836454035746,534.747239368414,322.5097652393272,18.56694444443823,69.98499999997483,14.111849308019922,9.64418337290831,473.29649048671604,253.3423785210746
349615.0,0.3737,1.1393,8.5325,0.0314,0.0281,9.8066,-0.1493,0.1168,-0.0228,135.53,-88.11,25.68,53.043674,-1.8078,15.0,6.0,88.53,17 / 18,3.2858252120551517,-3.3588697030363437,1.483003909271637,61.785035323174654,68.83165177884618,27.567115649495303,False,39.30099999999999,17.255273814012106,6.521786739780516,536.4760002755643,323.17237580796626,18.446630555554044,69.29545999999867,13.969448601956955,9.880656442816859,474.6909649523896,254.34072402912008
349715.0,1.681,-0.7179,10.038,0.0054,0.0249,9.8065,0.0707,-0.1259,-0.0501,142.11,-87.89,30.92,53.043674,-1.8078,15.0,6.0,88.53,17 / 18,3.258023603170874,-3.451519183373224,1.4308639092716549,62.11222776393584,68.49113233452582,27.712809040422417,False,39.400999999999954,17.308820153849013,6.525744859418245,538.2009503941147,323.82820348537086,18.4981249999999,69.34262999999758,14.05079655067814,9.977264042791468,476.08872263017884,255.33707115084505
349815.0,-0.3331,-0.5162,9.7494,-0.0027,-0.0071,9.8066,0.0521,0.2353,-0.0217,146.38,-87.83,35.49,53.043674,-1.8078,15.0,6.0,88.53,17 / 18,3.201630555875951,-3.4628763311889004,1.4395689092716568,62.435210471888254,68.14541255879763,27.856330681349615,False,39.500999999999976,17.332771417589925,6.479263911253707,539.9324523948146,324.46212576198917,18.504211111111175,69.50346000000003,14.131140861713973,9.942140242442607,477.4972419229264,256.3167132031915
349915.0,0.9083,0.56,10.4328,-0.0102,-0.0489,9.8065,0.0711,0.1967,-0.2445,143.89,-88.03,33.14,53.043674,-1.8078,15.0,6.0,88.53,17 / 18,3.213144214577555,-3.500837909215077,1.4680139092716633,62.755949210411,67.79722684677735,28.001709822276815,False,39.601,17.254053948397086,6.469191002328546,541.6574025132414,325.1071675303075,18.426961111106177,69.44711000001679,14.04090973381953,9.970028911543622,478.9014533028304,257.30994068353016
350014.0,3.0333,-1.5918,9.5468,-0.0225,-0.0432,9.8065,0.0068,-0.0532,-0.0557,155.19,-87.94,41.49,53.043674,-1.8078,15.0,6.0,88.53,17 / 18,2.595820352922484,-3.028206601272303,1.263223895380912,63.04349295650223,67.47403914350826,28.136906093607102,False,39.69999999999999,17.30018356872205,6.585201823504172,543.3716556813159,325.7566570975952,18.51111111110739,69.16100000001265,14.704363215799567,9.613408424776475,480.3281627248137,258.28261795408696
350114.0,0.9025,-0.8646,8.8254,-0.022,0.0016,9.8066,-0.1234,0.1257,0.0186,139.84,-87.92,28.5,53.043674,-1.8078,15.0,6.0,88.53,17 / 18,2.393411936463302,-3.0360943294627387,1.2011688953809332,63.29295457097143,67.17082409697161,28.260125733145152,False,39.799999999999955,17.395265379217623,6.396075338224632,545.1032245379564,326.3904681792974,18.53388888888821,69.81199999998076,15.00185344275432,9.43216966768737,481.81026996698495,259.2196440823258
350214.0,1.0922,1.7514,9.1244,-0.0109,-0.0268,9.8066,-0.086,0.0841,-0.1097,129.89,-87.6,20.97,53.043674,-1.8078,15.0,6.0,88.53,17 / 18,2.398138035426234,-3.1434263168440526,1.1179938953809143,63.53253206956596,66.8618480646562,28.37608387268327,False,39.89999999999998,17.26156676937232,6.423634727636307,546.8281078005413,327.02427926170634,18.41805555555727,69.58800000000332,14.863428733946085,9.56706104448036,483.2955757309753,260.1624311970501
350315.0,1.135,2.2562,10.7495,0.0092,-0.0091,9.8066,0.0121,0.2319,0.0678,132.09,-87.56,19.28,53.043674,-1.8078,15.0,6.0,88.53,17 / 18,2.512985296137208,-3.3723394293115585,1.131154195380914,63.78054379780991,66.53280189447534,28.489665851266743,False,40.000999999999976,17.212514269821103,6.569340599018512,548.5770592016878,327.6865562455587,18.423555555555517,69.11008999999943,14.699528973683895,9.94168002833007,484.7965154038779,261.1537543510833
350414.0,-1.7382,-3.79,12.3935,0.0281,-0.0875,9.8062,0.054,0.2193,-0.0475,119.1,-87.89,11.49,53.043674,-1.8078,15.0,6.0,88.53,17 / 18,2.472258982523115,-3.3297881619476137,1.3058743453808956,64.02731338960358,66.20104657870804,28.61029876403444,False,40.099999999999966,17.338169322169612,6.375081655501147,550.2979311077535,328.30302091819664,18.473055555552627,69.81199999995849,14.865910339646497,9.704869817448762,486.2706177181499,262.1019743394886
350514.0,1.6252,4.8987,9.4213,0.0145,-0.1203,9.8059,-0.1528,0.5025,-0.2165,106.35,-88.73,-5.33,53.043674,-1.8078,15.0,6.0,88.53,17 / 19,2.5983376639866247,-3.307685637446552,1.4159493453809207,64.28084322192912,65.86917288873826,28.74638994857256,False,40.19999999999999,17.314272393322184,6.208954819191219,552.0228143703388,328.91459301504756,18.393888888892352,70.27199999997985,14.71593472933556,9.516640456637772,487.7419711484097,263.0454201263093
350614.0,1.8401,0.4644,8.7006,-0.0295,0.0853,9.8062,-0.0077,-0.8403,0.5015,113.14,-88.43,3.02,53.043674,-1.8078,15.0,6.0,88.53,17 / 19,2.8329915845451015,-3.545463829667292,1.3413793453809462,64.55240968435561,65.52651541538269,28.884256383110607,False,40.299999999999955,17.271270028335888,6.231663729928779,553.7610688210356,329.52616511119015,18.36111111111208,70.16000000000331,14.438278443790786,9.777127559596071,489.20865913667996,263.9996496958075
350714.0,-1.5661,-7.9639,10.2479,-0.0603,0.0097,9.8064,0.0382,-0.5275,0.3247,96.51,-87.93,-14.0,53.043674,-1.8078,15.0,6.0,88.53,17 / 19,2.4680334007395266,-3.5102363141884267,1.3081393453809387,64.8174609336199,65.17373040818983,29.01673231764873,False,40.39999999999998,17.262004975373078,6.1389165636857985,555.4859520836471,330.1266177149078,18.3211111111117,70.42299999999611,14.79397157463355,9.649152877874226,490.66849115002725,264.95288730671797
350814.0,0.4668,3.0908,7.8973,0.0138,0.0887,9.8062,-0.0739,-0.2576,0.2585,93.24,-87.44,-18.63,53.043674,-1.8078,15.0,6.0,88.53,17 / 19,2.2696219235431103,-3.4069600115593284,1.234734345380922,65.05434369983408,64.82787059190235,29.143876002186854,False,40.5,17.30477853573129,6.1463041702107715,557.2242065343187,330.7270703193325,18.363888888888887,70.446,15.035156612188182,9.5532641817701,492.1698628344846,265.89919972743013
350914.0,-0.0632,-3.9352,10.6567,0.0001,0.0629,9.8063,0.1507,-0.4903,0.2654,100.17,-87.3,-11.95,53.043674,-1.8078,15.0,6.0,88.53,17 / 19,2.265175468996344,-3.3899292626139985,1.1817693453809404,65.28108356946098,64.48802612819381,29.264701186724906,False,40.599999999999966,17.247538761833255,5.980587902480068,558.942404202747,331.31640342987356,18.255000000006373,70.87599999997482,14.982363292836911,9.370517165094068,493.661320633286,266.8283773016798
351014.0,1.6205,1.5712,10.1394,0.01,0.005,9.8066,0.0461,-0.0554,0.0325,90.32,-87.4,-18.15,53.043674,-1.8078,15.0,6.0,88.53,17 / 19,2.1854979860186234,-3.4214408645414145,1.2409093453809539,65.50361724221177,64.14745762183595,29.385835121263028,False,40.69999999999999,17.280840123287845,5.7231228636519695,560.6739730593877,331.8723780638902,18.203888888891125,71.67599999996499,15.095342137269222,9.144563728193384,495.1703558171759,267.72492044205427
351114.0,0.4399,-4.1862,11.9991,0.0211,0.0848,9.8062,0.0778,-0.6254,0.3632,96.12,-87.5,-15.55,53.043674,-1.8078,15.0,6.0,88.53,17 / 19,2.0881039161923747,-3.4890864510420565,1.3671693453809108,65.71729733732225,63.801931256056896,29.516239055801076,False,40.799999999999955,17.297394130216794,5.644305210028141,562.4055419160281,332.4283526979046,18.19500000000026,71.92799999999255,15.20929021402442,9.133391661070197,496.6882445787059,268.6264214418477
351215.0,1.5002,5.3974,9.9813,0.0348,0.041,9.8064,0.0309,0.217,-0.103,96.39,-87.75,-14.6,53.043674,-1.8078,15.0,6.0,88.53,17 / 19,2.1740037320917223,-3.5826301388954884,1.4867078953809099,65.93253377356059,63.44480956826505,29.660359856459547,False,40.900999999999954,17.344221493630506,5.474127617435912,564.1544933171494,332.96731450649287,18.187586111111813,72.4834399999934,15.170217761538783,9.0567577563314,498.22195954358887,269.5225049382278
351314.0,1.3702,2.8874,9.8463,0.0343,0.0914,9.8061,0.043,-0.3319,0.0701,102.2,-87.95,-8.28,53.043674,-1.8078,15.0,6.0,88.53,17 / 19,2.5924342849138595,-3.773159985058046,1.4973157453809147,66.16847245540248,63.08069795712918,29.808069026677327,False,41.0,17.34128717601363,5.327257401769152,565.8753652233413,333.48470449956255,18.141111111111112,72.923,14.74885289109977,9.100417386827198,499.7068927679388,270.40400654243336
351414.0,0.2876,7.0984,9.4161,-0.0213,-0.0693,9.8063,-0.0058,0.6842,-0.5431,108.65,-88.04,-1.31,53.043674,-1.8078,15.0,6.0,88.53,17 / 19,3.087737646050471,-3.9920785936959207,1.4797707453809208,66.4524810519506,62.692436028191615,29.95692335121537,False,41.099999999999966,17.335332437889925,5.106997676822614,567.6069340798823,333.98508166999767,18.071944444448494,73.58499999996124,14.247594791839454,9.099076270518534,501.1544530279317,271.2926456418061
351514.0,1.4254,2.4949,9.7949,0.0093,0.0272,9.8066,0.0126,0.2921,-0.1588,109.5,-88.2,-1.21,53.043674,-1.8078,15.0,6.0,88.53,18 / 19,3.5505531819977048,-4.2247092856460675,1.4596557453809162,66.78439559335308,62.28159663422442,30.103894675753494,False,41.19999999999999,17.26014071894277,5.018781461913443,569.3318173424673,334.4854588397621,17.97500000000424,73.78699999999115,13.709587536945063,9.24349074755951,502.54742174911416,272.2038622055377
351617.0,-2.9173,-7.8552,13.7073,0.0403,-0.1482,9.8054,-0.2777,0.6703,-0.3676,123.4,-88.35,9.85,53.043674,-1.8078,15.0,6.0,88.53,18 / 19,3.4304290802814945,-3.9902130596342102,1.6599340953809332,67.1439161798605,61.85852813344245,30.264553552552744,False,41.303,17.21501429935107,4.97260480448876,571.1019620767462,334.98939424673534,17.91880833332969,73.88843999999288,13.784585219069573,8.96281786412297,503.95804589688566,273.1308661132929
351714.0,3.3028,7.5785,10.6523,-0.009,-0.1126,9.8059,-0.1583,1.1273,-0.5241,102.26,-88.64,-8.94,53.043674,-1.8078,15.0,6.0,88.53,18 / 19,3.5511464910631436,-3.8961298830158984,1.8901296453808858,67.48252259507065,61.476040500724,30.436731643979655,False,41.39999999999998,17.354182808231293,4.933973894827722,572.781583867662,335.46397419443986,18.04194444444257,74.12899999999632,13.80303631716815,8.83010377784362,505.29906127259136,273.98793369371583
351814.0,-3.59,-7.9776,10.7095,-0.0342,0.017,9.8066,0.2838,-0.7646,0.2223,126.36,-88.33,9.38,53.043674,-1.8078,15.0,6.0,88.53,18 / 19,3.7082127711272483,-3.757038421073429,1.9775546453809056,67.84549055818024,61.093382085519444,30.63011585851779,False,41.5,17.235218739768463,4.8514183485176705,574.5064671302732,335.9421123786458,17.904999999999998,74.279,13.527005968641214,8.6084567695911,506.660976572093,274.8487302931263
351914.0,0.3746,-7.3107,11.1035,0.0204,-0.1076,9.806,-0.1811,0.1905,-0.0027,118.22,-88.58,8.66,53.043674,-1.8078,15.0,6.0,88.53,18 / 19,3.1994742307555932,-3.224957601452049,2.0875396453808683,68.19087490827427,60.744282284393286,30.83337057305581,False,41.599999999999966,17.26149855307871,4.798719104898429,576.2380359867877,336.4091310703917,17.91611111111046,74.46399999998917,14.062024322323117,8.023676706350479,508.04716107851345,275.6648487859984
352014.0,-0.3648,2.0419,6.915,-0.045,0.163,9.8051,-0.1156,-0.9928,0.3552,109.82,-88.17,-2.74,53.043674,-1.8078,15.0,6.0,88.53,18 / 19,3.0081412096312863,-3.0859874921938037,2.0077996453808504,68.50125568029368,60.42873502971092,31.038137537593943,False,41.69999999999999,17.313341864400158,4.315417134548501,577.9629192493992,336.82055229933945,17.843055555558752,76.00399999993259,14.305200654768871,7.4014046267423055,509.4616635691055,276.3918172696285
352114.0,-2.2557,-8.2261,10.0062,-0.0448,0.1548,9.8052,0.0983,-1.0518,0.772,121.02,-86.89,7.39,53.043674,-1.8078,15.0,6.0,88.53,18 / 19,2.853303565678312,-2.7956553628585454,1.8731946453808963,68.79432791905906,60.134652886958406,31.232187252131965,False,41.799999999999955,17.216246699580818,4.449539055289307,579.6811169179527,337.2653320055593,17.78194444444625,75.50900000001464,14.362943133902506,7.245194418147852,510.8867889988937,277.1306791186009
352214.0,0.7972,2.328,9.6614,0.0156,0.029,9.8066,-0.0349,0.0641,0.1082,103.79,-86.75,-7.59,53.043674,-1.8078,15.0,6.0,88.53,18 / 19,2.69952586187773,-2.552367248695379,1.875909645380897,69.07196939043692,59.86725175638065,31.419642466670098,False,41.89999999999998,17.152029956186254,4.702562427239742,581.3993145865071,337.73235069733875,17.784999999999958,74.66800000001244,14.452504094308525,7.25492967593512,512.3273451960702,277.8650989409581
352315.0,-1.7554,-4.9202,11.4681,0.0169,0.061,9.8064,0.0633,-0.4417,0.2917,106.35,-86.78,-8.54,53.043674,-1.8078,15.0,6.0,88.53,18 / 19,2.6280083892133708,-2.458507643638405,1.9524777453808964,69.34100987011702,59.614202574317794,31.612976029903567,False,42.000999999999976,17.097410589164166,4.562980217460592,583.1212561877179,338.1814670064125,17.69583888888891,75.05710999999941,14.469402199950796,7.021487861098997,513.7802463176009,278.5672644320947
352415.0,0.6417,2.7205,11.4373,0.0165,-0.0223,9.8066,0.0552,0.3625,-0.2575,98.35,-87.09,-16.11,53.043674,-1.8078,15.0,6.0,88.53,18 / 19,2.5831764820686676,-2.348886641214032,2.1170827453809338,69.60156911368118,59.37383286007512,31.816454054441706,False,42.101,17.126290886829068,4.346307511073194,584.8328351180588,338.6150160259467,17.669188888887145,75.76011000000518,14.5431144047604,6.695194152287225,515.2312660043776,279.2411831658716
352515.0,2.4747,1.8599,11.0469,0.069,0.0628,9.8061,0.0653,-0.2296,0.0443,107.93,-87.63,-8.24,53.043674,-1.8078,15.0,6.0,88.53,18 / 19,2.8001475028385703,-2.5396065229541334,2.260627745380885,69.87073531292646,59.129408201866795,32.03533957897972,False,42.200999999999965,17.14876647331912,4.378004659979614,586.5509659306981,339.0374455516855,17.69880000000039,75.67854999997127,14.348618970480551,6.917611182933747,516.6802306177717,279.9080373498187
352614.0,3.4062,5.3207,8.7312,-0.0208,-0.0788,9.8063,-0.0699,0.7209,-0.4127,110.25,-87.89,-1.54,53.043674,-1.8078,15.0,6.0,88.53,18 / 19,3.0757204612802735,-2.9305693959192545,2.268785345380884,70.16159077715031,58.85863449388259,32.25954552697241,False,42.299999999999955,17.1886763583598,4.181567295592752,588.24536288445,339.4447525676402,17.69000000000026,76.32699999998064,14.112955897079527,7.112136691512006,518.0837721072996,280.5861180737576
352714.0,2.0903,3.9289,9.198,0.0009,-0.0164,9.8066,-0.0681,0.3904,-0.1569,100.89,-87.97,-10.94,53.043674,-1.8078,15.0,6.0,88.53,18 / 19,3.4764635081832966,-3.3166049121031174,2.184580345380865,70.48919997562356,58.5462757784814,32.48221381151055,False,42.39999999999998,17.072656872198685,4.08208310151746,589.9501893649172,339.8450543034521,17.5538888888909,76.55299999999666,13.596193364015388,7.3986880136205775,519.4609893892936,281.2987785249707
352814.0,-2.7504,-2.5561,11.1087,-0.0203,-0.115,9.8059,0.0228,0.2203,-0.1471,85.03,-87.93,-28.9,53.043674,-1.8078,15.0,6.0,88.53,18 / 19,3.5449983032957713,-3.3170021974717776,2.2192503453808734,70.8402730661976,58.21459542300258,32.702405346048685,False,42.5,17.13928359456042,4.130600182204999,591.6617014394411,340.25647553239645,17.63,76.45,13.59428529126465,7.447602379676777,520.8214283732435,282.0418801093939
352914.0,-0.8996,-1.8679,9.2991,0.0113,-0.0495,9.8064,-0.0844,0.1779,-0.0389,80.73,-87.9,-29.95,53.043674,-1.8078,15.0,6.0,88.53,18 / 19,3.3383512241460176,-3.142282601218723,2.25897534538086,71.18444054256958,57.891631183068164,32.9263166305867,False,42.599999999999966,17.105070548836686,3.9981021857065597,593.3732135138396,340.6456577764611,17.56611111111485,76.84399999997693,13.76671932469067,7.140384786925283,522.18877297127,282.75402659339295
353014.0,-4.2764,-3.2653,8.7748,-0.0674,-0.0455,9.8063,-0.0618,0.3677,-0.0837,86.35,-87.73,-28.11,53.043674,-1.8078,15.0,6.0,88.53,18 / 19,3.09460237196064,-2.8908806389667414,2.1820053453808423,71.50608822237498,57.589973021058825,33.148365665124835,False,42.69999999999999,17.066538023093866,3.9872108779653352,595.071354400277,341.045959512272,17.52611111111286,76.84999999999974,13.971935651133226,6.878091516932077,523.565266177902,283.4559864912132
353114.0,0.327,2.1513,10.5318,-0.0245,-0.0773,9.8062,-0.011,0.5779,-0.4539,83.06,-87.43,-33.83,53.043674,-1.8078,15.0,6.0,88.53,18 / 19,3.0594336473780848,-2.6727040859456928,2.166670345380848,71.81379002334181,57.3117937848133,33.365799449662845,False,42.799999999999955,17.01032463058772,4.007906626903079,596.7694952867128,341.446261247376,17.47611111111259,76.7420000000032,13.950890983209636,6.680610712848772,524.955705263371,284.1344674625627
353214.0,-1.4067,-3.756,11.7579,0.0102,-0.0218,9.8065,0.1139,-0.0606,-0.0631,94.59,-87.84,-24.7,53.043674,-1.8078,15.0,6.0,88.53,18 / 19,3.0203231885201784,-2.574848030756137,2.3004903453808785,72.11777786513679,57.04941617897815,33.58915748420098,False,42.89999999999998,16.995096822961504,4.109976761267512,598.4676361731496,341.8465629831876,17.484999999999868,76.40500000000497,13.974773634441325,6.684824792023649,526.3498583080128,284.79714680420943
353315.0,1.4923,3.8889,11.1305,0.0208,-0.0545,9.8064,0.0825,0.4731,-0.3607,93.58,-88.35,-24.16,53.043674,-1.8078,15.0,6.0,88.53,18 / 19,3.063794180344983,-2.5633486011388733,2.465882895380877,72.42502579226448,56.78993724906745,33.82985933285945,False,43.000999999999976,16.99124359519915,4.12551031527657,600.1758054506571,342.2619872301899,17.484913888889054,76.35254000000012,13.927449414854168,6.688858916415444,527.7507796583926,285.47204998112244
353415.0,1.9789,1.7839,9.8522,0.032,0.0519,9.8064,0.0095,-0.5431,0.2643,117.79,-88.75,4.95,53.043674,-1.8078,15.0,6.0,88.53,18 / 19,3.322223704334733,-2.773683341961918,2.5343528953808927,72.74432668649854,56.523085651912346,34.07987112239759,False,43.101,16.78483033240231,4.122053873657836,601.8472039607991,342.66262255005023,17.283580555557347,76.20223000003351,13.46260662806758,6.895737215619754,529.1028772743006,286.13953689813786
353515.0,2.1686,3.0106,9.2513,-0.0092,-0.0223,9.8065,-0.0401,-0.079,-0.0514,122.65,-88.72,6.4,53.043674,-1.8078,15.0,6.0,88.53,18 / 20,3.4604807117279255,-3.079269194274721,2.5088628953809016,73.08346190730155,56.23043802510061,34.332031911935594,False,43.200999999999965,16.71307460419913,4.282392867475852,603.5185356151206,343.0962827638529,17.252994444444713,75.62829000001189,13.252593892471204,7.361662061750573,530.4350737078191,286.8658447387523
353615.0,-0.1053,1.6718,8.4026,0.0197,0.0934,9.8061,0.0716,-0.5654,0.354,121.23,-88.56,6.39,53.043674,-1.8078,15.0,6.0,88.53,18 / 20,3.6400635154300893,-3.2956938264521702,2.4108928953808793,73.43848911865953,55.911689874064194,34.57801970147374,False,43.30099999999999,16.683795013596278,4.360628982079879,605.1827805397972,343.530165368204,17.244263888896686,75.35221000002265,13.043731498166188,7.65632280853205,531.7442914211377,287.61847549413983
353715.0,-1.0918,-3.1426,9.4146,-0.0156,-0.0004,9.8066,-0.0109,-0.255,0.0573,128.14,-88.41,13.25,53.043674,-1.8078,15.0,6.0,88.53,18 / 20,3.661181969252617,-3.201394630775182,2.3210878953809098,73.80355139289354,55.58683545120294,34.81461874101175,False,43.400999999999954,16.367947831058842,4.511886844788091,606.8010285774119,343.98550859293067,16.97843888888956,74.58894999998819,12.706765861806225,7.713281475563273,532.9974771845184,288.3986731417277
353814.0,0.6006,0.6847,9.8157,0.0263,0.0152,9.8065,0.0112,-0.2887,0.0855,124.69,-88.45,9.73,53.043674,-1.8078,15.0,6.0,88.53,18 / 20,3.61940052810273,-3.1144310958669656,2.302129395380901,74.16394022651279,55.274202077734,35.04346799690457,False,43.5,16.385290140942693,4.275378333944355,608.435856888302,344.38180731208445,16.93388888888889,75.376,12.765889612839963,7.38980942981132,534.2719166617893,289.10760523435044
353914.0,-1.1867,-3.7125,10.5604,0.0367,0.035,9.8064,0.0189,-0.433,0.3908,126.07,-88.69,13.42,53.043674,-1.8078,15.0,6.0,88.53,18 / 20,3.5521127251263906,-3.008654370830478,2.3402693953808877,74.52251588917413,54.968047804399234,35.27558793644258,False,43.599999999999966,16.22915827455375,4.346464801151089,610.0604562401533,344.80434803271635,16.801111111118885,75.0070000000216,12.67704554942736,7.355119171981567,535.5379403509792,289.8363002283171
354014.0,1.1696,1.2522,10.2794,0.023,0.0158,9.8066,-0.0257,-0.0636,0.0752,111.97,-88.87,-4.18,53.043674,-1.8078,15.0,6.0,88.53,18 / 20,3.5102538305930797,-2.9322174357770843,2.4015943953809016,74.87563421696018,54.67100421406879,35.51268112598072,False,43.69999999999999,16.061408760031664,4.241208185029551,611.671684404064,345.2046497685292,16.611944444452725,75.2079999999912,12.551154929438585,7.173425620806635,536.7960501871038,290.5336455544604
354114.0,-0.7775,-2.1823,10.6294,0.0006,0.027,9.8066,0.1103,-0.2816,0.1277,103.37,-88.92,-14.47,53.043674,-1.8078,15.0,6.0,88.53,18 / 20,3.4864055143660977,-2.9426032531092146,2.4663693953808794,75.22546718420801,54.37726317962457,35.756079315518726,False,43.799999999999955,16.20753219558583,4.379804818976481,613.3029693500895,345.6383099823233,16.78888888888366,74.87800000000975,12.721126681219733,7.322408072085696,538.0775021658815,291.26104680269873
354214.0,2.0404,0.5249,9.6702,0.0006,-0.0017,9.8066,0.0506,-0.0147,-0.0198,87.29,-89.05,-30.34,53.043674,-1.8078,15.0,6.0,88.53,18 / 20,2.9370929935057912,-2.5230067072212665,2.1255817360737543,75.54664210960168,54.10398268160798,35.98567687209151,False,43.89999999999998,16.038817112436213,3.99506114285917,614.9141975139732,346.00525324015257,16.52888888889273,76.01299999998324,13.101724118930422,6.5180678500804365,539.3675554043716,291.9012705585446
354314.0,-1.691,-0.9677,10.2552,0.0244,0.0292,9.8065,0.029,-0.4136,0.1792,84.68,-89.18,-30.84,53.043674,-1.8078,15.0,6.0,88.53,18 / 20,2.9451493709036054,-2.5262856788689736,2.1411867360737578,75.84075422782222,53.85151806230341,36.199015295698935,False,44.0,15.951405750276475,3.952892434963573,616.5187400838529,346.37219649727245,16.433888888888887,76.082,13.00625637937287,6.479178113832546,540.6779858560307,292.52067843496906
354414.0,-0.7827,2.5258,10.5405,0.0526,0.0235,9.8064,0.0054,0.1134,0.1476,72.65,-89.22,-44.36,53.043674,-1.8078,15.0,6.0,88.53,18 / 20,3.0283573042688205,-2.3499340698248026,2.200306736073738,76.13942956158074,53.607707074868806,36.416089969306235,False,44.099999999999966,15.63358863485447,3.6236712752494755,618.0764834952996,346.7169007702231,16.04805555557815,76.94999999994918,12.60523133058565,5.973605345074278,541.9370539337189,293.1091936953543
354515.0,-0.8862,0.0416,10.2703,0.0056,-0.0202,9.8065,0.0121,-0.1463,-0.1363,41.89,-89.38,-75.78,53.043674,-1.8078,15.0,6.0,88.53,19 / 21,3.1263493790644215,-2.2121543493603673,2.2607804860737373,76.45024224908907,53.377321609699955,36.64137487402468,False,44.200999999999965,15.637823178691024,3.099703667982834,619.6830985993264,346.97576256031056,15.942080555563487,78.78819000002548,12.511473799626602,5.3118580173432015,543.2328563502373,293.5984409506106
354614.0,0.4886,2.7956,10.2064,0.0184,-0.028,9.8066,-0.0262,-0.0963,0.0349,10.63,-89.41,-106.23,53.043674,-1.8078,15.0,6.0,88.53,19 / 21,3.1456814289980146,-2.014076906141746,2.3035187860737327,76.76070777408813,53.168123162552625,36.867307687995954,False,44.299999999999955,15.430672018410291,3.219981600560521,621.2120271005649,347.2839948952514,15.7630555555609,78.21300000001717,12.284990589412278,5.234058506702267,544.4513193264768,294.1158717326988
354714.0,1.624,2.4996,10.9457,0.0045,0.0362,9.8066,0.1697,-0.1224,0.0628,11.63,-89.21,-108.53,53.043674,-1.8078,15.0,6.0,88.53,19 / 21,3.291760904945088,-1.7386426113980635,2.3804587860737505,77.08257989078535,52.98048718667559,37.10150656660338,False,44.39999999999998,15.405273354516144,2.8468561991004884,622.7764561061557,347.52862373498374,15.666111111112546,79.52999999998053,12.113512449571056,4.585498810498552,545.6938762153703,294.54813654830815
354814.0,-0.1999,-0.1133,11.4369,-0.032,-0.0843,9.8062,0.0772,0.1502,-0.2252,358.73,-88.8,-120.94,53.043674,-1.8078,15.0,6.0,88.53,19 / 21,3.3745150047164145,-1.6032631638519703,2.518923786073782,77.4158936862685,52.81339189791305,37.34647569521081,False,44.5,15.425631301415098,2.604065767353816,624.3475707058303,347.75101358844853,15.64388888888889,80.418,12.051116296698684,4.207328931205787,546.9316770195618,294.9376216905355
354914.0,0.3615,0.3351,10.0809,0.0295,-0.0463,9.8064,-0.0078,0.1692,0.0853,356.77,-88.17,-123.95,53.043674,-1.8078,15.0,6.0,88.53,19 / 21,3.3650877612996566,-1.5578355850614796,2.61414878607375,77.75287382456919,52.65533696046743,37.6031293238181,False,44.599999999999966,15.584083410442561,2.2237713794709517,625.9454276815624,347.91780597835776,15.741944444438705,81.87899999991446,12.218995649142904,3.7816069645324313,548.1925538569932,295.26246901789034
355014.0,-0.879,-1.7901,10.9866,0.0253,-0.0312,9.8065,-0.1135,0.0335,0.0314,358.24,-87.85,-122.57,53.043674,-1.8078,15.0,6.0,88.53,19 / 21,3.324202749202982,-1.5974048931076053,2.6868587860737665,78.0873383500944,52.49757493655894,37.868179702425536,False,44.69999999999999,15.50935383036787,2.064155194218283,627.5165422812121,348.09571786070427,15.646111111115305,82.41899999997636,12.185151081164888,3.6615600873258884,549.4292039311176,295.59814292414535
355114.0,0.963,1.8775,10.1886,-0.0451,-0.0235,9.8064,-0.0439,0.1847,-0.1349,1.61,-87.76,-118.3,53.043674,-1.8078,15.0,6.0,88.53,19 / 21,3.318418756452708,-1.5615680711198745,2.7649537860737396,78.41946942537707,52.339626288347624,38.14077033103282,False,44.799999999999955,15.32081953715772,1.7631957229925637,629.0475433165997,348.25139075820096,15.42194444445107,83.43499999996997,12.002400780705011,3.324763794112438,550.6280738912226,295.9117644698533
355214.0,0.592,-1.9816,8.4084,-0.0274,0.0294,9.8065,-0.006,-0.1611,0.1228,15.06,-87.93,-107.17,53.043674,-1.8078,15.0,6.0,88.53,19 / 21,3.3618823237044357,-1.5366382643172019,2.714138786073728,78.75348447938501,52.184715971575734,38.41472495964025,False,44.89999999999998,15.23228861941063,1.4583851329092217,630.5785443520128,348.38482467013876,15.301944444446217,84.5309999999838,11.870406295706195,2.9950233972264235,551.8250598726279,296.20010869856304
355314.0,-0.8963,-1.283,10.4326,-0.0346,-0.0428,9.8065,0.057,-0.0136,-0.0073,18.64,-87.74,-104.07,53.043674,-1.8078,15.0,6.0,88.53,19 / 21,3.2969935471164318,-1.6493098695209492,2.6755237860737195,79.08642827292613,52.02541856488379,38.684208088247686,False,45.0,15.146458913329578,1.4744481268577305,632.1028597933957,348.5071390896505,15.218055555555555,84.44,11.849465366213146,3.1237579963786795,553.0164315204696,296.4817205247667
355414.0,1.4774,3.4571,8.6038,-0.0149,0.0082,9.8066,0.1446,-0.4885,0.3499,13.34,-87.66,-104.47,53.043674,-1.8078,15.0,6.0,88.53,19 / 21,3.3404708411622193,-1.507563599974588,2.6466787860737293,79.41830149233995,51.86757489140907,38.95031821685497,False,45.099999999999966,15.166751542808587,1.2586606576256856,633.6204896406105,348.6294535084457,15.21888888888884,85.25599999995222,11.826280701646368,2.766224257600274,554.2021881482705,296.76187861703664
355514.0,-3.1328,-2.2593,10.5763,-0.0025,-0.0187,9.8066,-0.0376,-0.4637,0.2456,20.12,-87.22,-103.17,53.04352,-1.805807,14.81,4.0,103.54,18 / 21,3.2614589729417385,-1.3715048681150634,2.6250187860737246,79.74839798304522,51.72362146800455,39.2139030954624,False,45.19999999999999,15.115167973579476,1.0980537921982527,635.1314338939063,348.7295289431072,15.155000000002795,85.84499999997422,11.853709000637737,2.469558660313316,555.383035910861,297.0059074751026
355614.0,-0.1843,2.7192,13.0063,0.0816,0.0215,9.8062,0.0482,-0.1117,0.228,9.49,-86.98,-110.99,53.04352,-1.805807,14.81,4.0,103.54,18 / 21,3.0827871527352166,-1.251252118514699,2.823483786073657,80.06561028932896,51.59248361867311,39.48632822406967,False,45.299999999999955,15.026093716441297,0.8279881731879983,636.6223213650579,348.8073653907951,15.048888888892026,86.84599999997042,11.94330656370608,2.079240291702697,556.556711075729,297.214881772122
355714.0,2.0355,1.087,13.6654,0.067,-0.0011,9.8064,0.2562,-0.1969,0.0614,359.5,-86.58,-122.44,53.04352,-1.805807,14.81,4.0,103.54,18 / 21,3.184852775603145,-1.0252356804729286,3.1764037860737373,80.37899228574595,51.4786592287237,39.78632260267711,False,45.39999999999998,14.843134987123456,0.7077738015173513,638.0931520540928,348.88520183989664,14.860000000002792,87.26999999999373,11.65828221152031,1.7330094819902797,557.7141597683468,297.40654261117294
355814.0,2.4381,1.532,10.1538,0.0745,0.0682,9.8061,0.0775,-0.343,0.2754,346.42,-86.09,-135.16,53.04352,-1.805807,14.81,4.0,103.54,18 / 21,3.3673769065220887,-0.8350641295406981,3.386698786073785,80.7066037698523,51.385644238222994,40.11447773128456,False,45.5,14.7089917591344,0.5691760972812037,639.5506115550397,348.94079930273256,14.719999999999999,87.78399999999999,11.341614852612313,1.4042402268219019,558.8440077851874,297.55515506450956
355914.0,0.0541,-1.4332,11.4234,0.0034,0.0332,9.8065,0.1395,-0.5317,0.0933,335.42,-86.21,-145.72,53.04352,-1.805807,14.81,4.0,103.54,18 / 21,3.4746029110577084,-0.7688409364218409,3.484893786073752,81.04870276073116,51.305448984924894,40.45805735989182,False,45.599999999999966,14.735124267277353,0.4200828703717404,641.0147566499627,348.98527727526124,14.741111111109875,88.36699999996587,11.260521356219645,1.1889238067935812,559.9660538892315,297.67982829033633
356014.0,0.0119,2.0893,9.7202,-0.0407,0.0205,9.8065,0.0111,0.0033,0.1051,338.38,-86.2,-144.74,53.04352,-1.805807,14.81,4.0,103.54,18 / 21,3.4414207617688213,-0.7101145900965481,3.5614087860737693,81.39450394437256,51.23150120859896,40.810372488499276,False,45.69999999999999,14.548616290907834,0.26944125161798654,642.4588449628235,349.01863575253884,14.551111111119425,88.93899999997495,11.107195529139013,0.9795558417145347,561.0643410184509,297.7871345439399
356114.0,-2.4027,-0.5094,7.7855,0.0056,-0.0018,9.8066,-0.1929,-0.2963,0.1915,348.35,-86.27,-136.96,53.04352,-1.805807,14.81,4.0,103.54,18 / 21,3.2665768855470176,-0.6337133776287862,3.4560287860738055,81.72990382673824,51.164309810212714,41.161244367106534,False,45.799999999999955,14.65692793375965,-0.021999818470653854,643.9163044637955,349.0186357525403,14.656944444441317,90.08599999996609,11.390351048212633,0.6117135591581324,562.1864006370573,297.8543259423276
356214.0,-0.9057,1.3984,11.9635,0.0383,0.0001,9.8066,-0.1753,0.1745,-0.1016,351.79,-86.11,-133.22,53.04352,-1.805807,14.81,4.0,103.54,18 / 21,3.0782619848276926,-0.5891526310447198,3.462813786073807,82.04714577025705,51.10316650977902,41.507186495713995,False,45.89999999999998,14.369222554223317,-0.14947637713555795,645.3336504004819,349.0075162594077,14.37000000000424,90.59599999999247,11.290960569395624,0.4396762539091619,563.2865046302248,297.90434974962864
356314.0,-2.7568,-2.5162,11.6934,0.0752,0.0542,9.8062,0.1634,-0.1558,-0.0176,347.05,-86.1,-137.25,53.04352,-1.805807,14.81,4.0,103.54,18 / 21,2.8959819279949466,-0.6491401957920836,3.664993786073853,82.34585796589825,51.041251868437165,41.86357687432146,False,46.0,14.361256938210733,-0.3279087597092394,646.7509963371938,348.98527727526385,14.364999999999998,91.308,11.465275010215787,0.3212314360828442,564.4051383712955,297.9440254068267
356414.0,-0.8975,1.024,11.0271,0.0551,-0.0156,9.8064,0.0732,0.3302,-0.3746,332.91,-86.11,-151.91,53.04352,-1.805807,14.81,4.0,103.54,18 / 21,2.7006570726179113,-0.7508143745241033,3.8203537860738,82.62568991592879,50.97125413992138,42.23784425292872,False,46.099999999999966,14.277012412439472,-0.5097913830103282,648.1683422738017,348.92967981101765,14.28611111111573,92.04499999995686,11.57635533982156,0.24102299151377504,565.542652357873,297.9584256710963
356514.0,3.1256,3.1927,10.1405,0.0658,0.0115,9.8063,0.0109,0.4441,-0.253,317.01,-85.68,-167.1,53.04352,-1.805807,14.81,4.0,103.54,18 / 19,2.610972540302821,-0.4833235102712901,3.898068786073818,82.89127139657488,50.909547245681594,42.62376538153619,False,46.19999999999999,14.360888416732601,-0.3873400816391728,649.5923738045435,348.90744082474976,14.36611111110761,91.54500000002189,11.74991587642978,0.09598342863211734,566.7011024079686,297.99789357906815
356615.0,1.1336,1.2191,9.3336,-0.0238,0.0013,9.8065,0.0049,-0.1478,-0.1183,310.23,-85.61,-172.62,53.04352,-1.805807,14.81,4.0,103.54,18 / 19,2.570835291116722,-0.16169624867082832,3.891039186073818,83.15295269206156,50.87697374785502,43.01711533412964,False,46.30099999999999,14.342732923346961,-0.705637840819716,651.0237594887682,348.84005669993076,14.360080555558552,92.81658000000121,11.771897632230239,-0.5439415921488877,567.8708067967066,297.96308295207575
356715.0,-1.4309,1.8388,9.4475,0.0023,0.013,9.8066,0.0314,-0.0414,0.0617,311.02,-85.81,-172.46,53.04352,-1.805807,14.81,4.0,103.54,18 / 19,2.4086423674788557,-0.06206358485973194,3.849429186073832,83.40192657499125,50.8657857561785,43.40413875273689,False,46.400999999999954,14.241823667179426,-0.6930953989389738,652.4278679492467,348.77311735410694,14.258705555554588,92.78611999998347,11.83318129970057,-0.6310318140792418,569.0259413742554,297.9073315979284
356815.0,-4.7967,-1.7965,10.797,-0.0373,-0.0764,9.8062,-0.0092,0.5498,-0.3501,319.37,-85.58,-164.73,53.04352,-1.805807,14.81,4.0,103.54,18 / 19,2.133905344017455,-0.26662224581955524,3.8809891860738395,83.62905396056611,50.84935146464453,43.790659671344365,False,46.500999999999976,14.289974363979619,-0.9731181743190103,653.8451470300431,348.68393902272425,14.323086111111108,93.89570999999928,12.156069019962164,-0.706495928499455,570.216093069477,297.8345875580797
356915.0,-1.0078,0.5364,10.1018,0.016,-0.0473,9.8065,-0.0339,0.4232,-0.0194,317.26,-85.43,-166.32,53.04352,-1.805807,14.81,4.0,103.54,18 / 19,1.9209787166190806,-0.4901274668364969,3.945264186073854,83.83179816359798,50.811513979011714,44.18197233995184,False,46.601,14.276354143962315,-1.1900641960672713,655.2556736607168,348.57263290072984,14.325880555556894,94.76511999995864,12.355375427343235,-0.6999367292307744,571.4238754971187,297.76111892171815
357014.0,-2.8677,-1.2811,12.7141,0.0214,-0.0539,9.8064,0.1209,0.0872,0.0179,320.12,-85.07,-165.69,53.04352,-1.805807,14.81,4.0,103.54,18 / 19,1.764306029298139,-0.6287574215967495,4.103792886073838,84.01421975852087,50.756129177034275,44.58040066502311,False,46.69999999999999,14.237922968217038,-1.3634323512569,656.6389899237645,348.4515416261137,14.303055555556567,95.46999999996883,12.4736169389189,-0.7346749296601505,572.6247701652436,297.6954124490794
357115.0,-1.7656,-1.9267,11.6499,0.0072,-0.0394,9.8065,0.0641,0.1222,-0.1566,320.43,-84.61,-164.75,53.04352,-1.805807,14.81,4.0,103.54,18 / 19,1.6539184330744356,-0.8863917359469237,4.343703236073836,84.18684009387069,50.67961414457832,45.00699921919157,False,46.80099999999999,14.183485048599081,-1.3175970580574006,658.0437669436945,348.3387899700608,14.24458611110666,95.30721999996446,12.529566615524645,-0.4312053221104769,573.8569268498238,297.6591758254825
357214.0,-1.7656,-1.9267,11.6499,0.0072,-0.0394,9.8065,0.0641,0.1222,-0.1566,320.43,-84.61,-164.75,53.04352,-1.805807,14.81,4.0,103.54,18 / 19,1.607416323186852,-1.128344955962897,4.526184986073816,84.3482761643056,50.579884678328796,45.44605868618783,False,46.89999999999998,14.303086664011968,-1.6339299266349523,659.4469394210125,348.18467380224024,14.39611111110885,96.51699999998193,12.695670340825115,-0.5055849706720552,575.0986632567069,297.6047891239115
357316.0,0.0733,3.3336,8.4516,0.0266,0.0614,9.8064,0.0984,-0.1586,0.1826,320.43,-84.61,-164.75,53.04352,-1.805807,14.81,4.0,103.54,18 / 19,1.4609012305375377,-1.1110886472869892,4.55108318607381,84.50476035954551,50.465673564563076,45.90899936296725,False,47.00199999999995,14.16614503491956,-1.5479220340547601,660.8592043062516,348.0592459247928,14.250466666666378,96.23585999999959,12.705243804382023,-0.43683338676777095,576.3544439467062,297.5935723602297
357415.0,1.4874,2.6262,7.9968,-0.09,0.0975,9.8057,-0.0113,-0.1244,-0.0095,316.42,-84.78,-168.58,53.04352,-1.805807,14.81,4.0,103.54,18 / 19,1.2884981566680311,-0.8214056237687601,4.394420636073736,84.64085562921225,50.37001509814577,46.35180180216376,False,47.101,14.329777385686912,-1.626534705985782,662.2621762156756,347.9051297569761,14.421794444451768,96.47578999998962,13.04127922901888,-0.8051290822170218,577.6213205864633,297.53511465883037
357515.0,0.6917,2.2387,10.8494,0.0493,0.0276,9.8065,-0.0127,-0.212,0.181,318.53,-85.94,-166.0,53.04352,-1.805807,14.81,4.0,103.54,18 / 20,1.169229360261959,-0.5534012830340331,4.356065636073749,84.76374200505872,50.301274752805654,46.78932611577099,False,47.200999999999965,14.200660040035281,-1.656199806442937,663.6593985143288,347.7496792493209,14.296913888889023,96.65226000000325,13.031430679773322,-1.102798523408904,578.8956565092701,297.4484044965152
357615.0,-0.2677,-0.0066,11.4447,0.0084,-0.0047,9.8066,0.1107,-0.3196,0.119,317.81,-85.71,-168.78,53.04352,-1.805807,14.81,4.0,103.54,18 / 20,1.0770885088533966,-0.4406029220183365,4.49010563607378,84.8760578985145,50.25157454255302,47.231634679378466,False,47.30099999999999,14.200629415421542,-1.6386998288282084,665.0502026426872,347.6159117512185,14.294869444441593,96.58257999998958,13.123540906568145,-1.198096906809872,580.1741447441726,297.36433720866546
357715.0,0.9281,2.9472,9.4835,0.0465,0.0096,9.8065,-0.0346,-0.2198,0.1106,320.96,-85.41,-169.85,53.04352,-1.805807,14.81,4.0,103.54,18 / 20,0.9767293008545801,-0.2901799117977705,4.555850636073758,84.97874878899987,50.21503540086223,47.68393249298569,False,47.400999999999954,14.285725911847026,-1.738123938976945,666.4606624175466,347.4493417525528,14.391075000001294,96.937,13.308996610992445,-1.4479440271791746,581.4819136285467,297.2343063516906
357815.0,-1.8368,-2.3303,9.7116,0.0004,0.0428,9.8065,0.0442,-0.3992,0.276,315.79,-85.28,-172.12,53.04352,-1.805807,14.81,4.0,103.54,18 / 20,0.9012261683713965,-0.27868864037953606,4.5349406360737525,85.07264656246119,50.18659197325336,48.138472056593166,False,47.500999999999976,14.201085613268821,-1.7281497204327194,667.8514665459043,347.30456595832743,14.305849999999932,96.93827999999989,13.299859444897425,-1.4494610800531833,582.7788199834431,297.11797398507406
357917.0,2.3888,3.5849,9.097,0.0207,0.0552,9.8064,-0.0331,-0.2234,0.0164,315.09,-85.42,-172.94,53.04352,-1.805807,14.81,4.0,103.54,18 / 20,0.8385338614925781,-0.1998217036977142,4.4939009360737625,85.16137432398423,50.162187945705426,48.59894297677258,False,47.60299999999995,14.282732074262498,-1.76815913611553,669.2905406631321,347.1347713046915,14.391766666663237,97.0571700000152,13.444198212769919,-1.5683374324178159,584.1291663391479,296.97258335898607
358014.0,-6.9306,-5.5553,10.1794,0.0613,0.1005,9.8059,0.0771,-0.872,0.4431,308.74,-85.38,-176.09,53.04352,-1.805807,14.81,4.0,103.54,18 / 20,0.7630741282117102,-0.41460580302898886,4.477561286073756,85.23905231148493,50.13238821162917,49.034058894546895,False,47.69999999999999,14.347128825389232,-1.7118074047822962,670.6653662217686,346.98376859412053,14.448888888886312,96.80400000001143,13.584054697177521,-1.2972016017533075,585.4263139102837,296.85138038249136
358116.0,3.9578,7.1267,8.8051,0.0117,0.0224,9.8066,-0.0781,0.5073,-0.4019,312.54,-85.27,-176.97,53.04352,-1.805807,14.81,4.0,103.54,18 / 20,0.5949039884333281,-0.4622952448777282,4.445492486073764,85.30830919543381,50.08766625818594,49.48913463692631,False,47.801999999999964,14.411337969675513,-1.7738764191795955,672.1180120950056,346.813417966553,14.520099999999854,97.01717999999829,13.816433981242184,-1.3115811743018673,586.8097028995718,296.72575170836706
358214.0,1.1623,4.8671,8.6286,0.0786,0.1093,9.8057,-0.0576,-0.3418,0.1714,301.61,-85.36,173.31,53.04352,-1.805807,14.81,4.0,103.54,18 / 20,0.2598332770304676,0.09837720635178182,4.33869208607375,85.35019132144154,50.06983427429817,49.9195596809616,False,47.89999999999998,14.414403378084172,-1.7890221501908274,673.5201148773084,346.6390643218528,14.524999999999924,97.07499999999914,14.154570101053704,-1.8873993565426093,588.1699235558668,296.56923004755464
358315.0,-4.9872,-4.0132,9.4859,-0.0361,-0.0499,9.8064,-0.0484,0.8512,-0.6277,295.14,-85.29,167.52,53.04352,-1.805807,14.81,4.0,103.54,18 / 20,0.12005747242574721,-0.03411987445289599,4.263002686073751,85.36937580428908,50.07307926955906,50.353945266955044,False,48.000999999999976,14.459182099899625,-1.7096752314855919,674.9718247673844,346.470604008025,14.559911111111116,96.74342999999972,14.339124627473877,-1.675555357032696,589.6024489630953,296.39752473846596
358414.0,-2.7864,-0.417,9.9588,0.0229,0.0077,9.8066,-0.1366,0.2112,-0.0699,294.21,-85.35,164.61,53.04352,-1.805807,14.81,4.0,103.54,18 / 20,0.12017899153625043,-0.4759163304705124,4.254656986073752,85.3812675092552,50.047832477415355,50.7755694207263,False,48.099999999999966,14.440065288891967,-1.7942544469648718,676.3882347208317,346.30547954131464,14.551111111111629,97.08299999997992,14.319886297355717,-1.3183381164943593,591.0069672115766,296.2576470638993
358515.0,-2.1705,-1.1158,6.5693,-0.0323,-0.0058,9.8066,-0.2002,0.1032,-0.008,289.87,-85.82,162.01,53.04352,-1.805807,14.81,4.0,103.54,17 / 21,0.05961797548853662,-0.736518922062809,4.098854386073754,85.39034725608995,49.986604497162425,51.197421745019746,False,48.200999999999965,14.558581308538699,-1.8896716939058786,677.8535832227296,346.10366074951725,14.680711111107993,97.39554000001957,14.498963333050161,-1.1531527718430696,592.4632359666397,296.1170562523548
358614.0,-0.5958,2.3645,8.5741,-0.0792,-0.0014,9.8063,-0.0334,-0.0911,-0.0762,290.92,-86.53,161.57,53.04352,-1.805807,14.81,4.0,103.54,17 / 21,-0.0818369147827123,-0.8445213807117988,3.877594336073777,85.38924741859489,49.90834300217509,51.59225595676601,False,48.299999999999955,14.642597139646659,-1.7859529720277445,679.2964681286929,345.9385362841953,14.75111111110901,96.95400000001318,14.724434054429372,-0.9414315913159457,593.907220710098,296.03019328202026
358714.0,-1.6965,3.941,11.696,-0.1179,-0.0297,9.8058,0.1134,0.189,-0.1449,295.98,-87.53,168.57,53.04352,-1.805807,14.81,4.0,103.54,17 / 21,-0.4546414378346342,-0.8205253435126284,3.9104343360737843,85.36242350096401,49.82509066596385,51.98165739037348,False,48.39999999999998,14.809930658337674,-1.6180275744202843,680.7739844117832,345.77174389356645,14.898055555553384,96.23500000001063,15.264572096172309,-0.7975022309076559,595.4115609108192,295.9466532276026
358814.0,-1.4295,5.4172,9.4102,0.0065,-0.0085,9.8066,-0.1085,0.4508,-0.1482,301.0,-87.59,173.23,53.04352,-1.805807,14.81,4.0,103.54,17 / 21,-0.9752581282401266,-0.7293888017372754,3.9850793360738015,85.29092852266025,49.747594958701335,52.37643307398095,False,48.5,14.71421271873403,-1.809024341418775,682.2381295067606,345.5938320112195,14.825,97.009,15.689470846974157,-1.0796355396814996,596.9472009841004,295.8462370525182
358915.0,-1.1831,-2.0957,11.6809,0.0463,-0.0936,9.806,-0.1743,0.094,0.0166,298.62,-87.61,170.93,53.04352,-1.805807,14.81,4.0,103.54,17 / 21,-1.2203111343630013,-0.7497770962204657,4.059708236073801,85.1800522748988,49.67289708085447,52.7826948463744,False,48.601,14.925237523053827,-1.8460613462278674,683.7373071144249,345.4031327125529,15.038974999994661,97.05097000002341,16.14554865741683,-1.0962842500074017,598.5572548395261,295.73023563169846
359014.0,-0.5354,5.9665,9.5631,-0.0412,-0.0463,9.8064,0.0377,0.3472,-0.2521,308.19,-87.14,178.36,53.04352,-1.805807,14.81,4.0,103.54,17 / 21,-1.4423088242809765,-0.6831569922078359,4.140427886073793,85.04825258694594,49.60196684347728,53.18860158442066,False,48.69999999999999,15.028145488353863,-1.7526389191009075,685.2199044489806,345.23800824583043,15.129999999995976,96.65200000001764,16.47045431263484,-1.0694819268930718,600.1716518620347,295.63604140235316
359115.0,-2.0787,2.8838,8.4728,-0.014,0.0518,9.8064,0.0754,-0.3348,0.1997,301.28,-87.26,172.11,53.04352,-1.805807,14.81,4.0,103.54,17 / 21,-1.9119535174386326,-0.5252768491524045,4.060769186073793,84.8788623386891,49.54094093448859,53.60276203656411,False,48.80099999999999,15.02027817869919,-1.8139409712642083,686.7259013626909,345.05831724466043,15.12941388888494,96.88606000000564,16.932231696137823,-1.2886641221118038,601.8470390240018,295.5173763101718
359214.0,-1.2764,1.4224,9.8306,-0.0394,-0.0237,9.8065,-0.0022,-0.0556,-0.0152,303.17,-87.67,175.13,53.04352,-1.805807,14.81,4.0,103.54,17 / 21,-1.8849713603587595,-0.46601302031152175,3.39653976566273,84.69091455723816,49.49187208595013,53.97189882967503,False,48.89999999999998,15.159832849225316,-1.779261643444676,688.2217361734268,344.8821844811368,15.263888888886882,96.69400000000287,17.044804209584075,-1.3132486231331542,603.5308216161886,295.39031239518664
359314.0,-4.0725,0.4526,10.0025,-0.0291,-0.0222,9.8065,0.0426,-0.1079,0.0416,315.16,-87.9,-174.02,53.04352,-1.805807,14.81,4.0,103.54,17 / 21,-2.1757651979047212,-0.5984009980214551,3.4075297656627326,84.48787772932494,49.43865138503347,54.31210230624138,False,49.0,15.274611129205116,-1.606774020451473,689.7460516147828,344.7265115836407,15.358888888888888,96.005,17.450376327109836,-1.008373022430018,605.2581738854578,295.2878601986072
359414.0,-1.4524,2.1618,10.2561,-0.0272,-0.032,9.8065,0.0588,0.0833,0.0047,321.13,-87.93,-168.48,53.04352,-1.805807,14.81,4.0,103.54,17 / 21,-2.4946750425647286,-0.6721333074411664,3.4397947656627217,84.25435571730154,49.37512466976036,54.654468532807535,False,49.099999999999966,15.331999139827907,-1.7362898306984602,691.2770526501105,344.5485997005992,15.429999999995836,96.4609999999733,17.826674182392637,-1.0641565232572938,607.0226969328089,295.17347503083886
359514.0,-1.5051,2.1144,9.4426,0.004,0.0084,9.8066,0.0275,-0.2177,0.092,324.26,-87.83,-165.42,53.04352,-1.805807,14.81,4.0,103.54,20 / 21,-2.7747934441903497,-0.573794507770949,3.4440647656627226,83.99088229296372,49.31282827899974,54.99866150937388,False,49.19999999999999,15.517295491478151,-1.6336717233483447,692.8214248735834,344.3818073120917,15.603055555547982,96.01000000001974,18.292088935668502,-1.0598772155773957,608.8305425806196,295.068979033092
359614.0,-0.3471,0.859,9.1186,-0.013,-0.0573,9.8065,-0.0043,-0.1583,0.0964,324.63,-87.55,-160.91,53.04352,-1.805807,14.81,4.0,103.54,20 / 21,-2.969002913174545,-0.48805804307327616,3.3914597656627405,83.70369247509556,49.25973565145755,55.340437735940036,False,49.299999999999955,15.556339412041213,-1.7273300174845208,694.3724826911129,344.2150149207557,15.651944444442998,96.33599999999036,18.525342325215757,-1.2392719744112446,610.6687902160173,294.95527926929816
359714.0,1.5265,-0.7213,10.1457,0.0189,0.0275,9.8066,-0.157,-0.3223,0.1261,338.58,-87.64,-154.44,53.04352,-1.805807,14.81,4.0,103.54,20 / 21,-2.953324804492401,-0.44615728410455285,3.374009765662737,83.40757608921216,49.21302488509865,55.678711212506386,False,49.39999999999998,15.443780052210645,-1.5668157134339677,695.8967981324965,344.05934202396685,15.52305555555746,95.79300000000804,18.397104856703045,-1.1206584293294148,612.4892220432844,294.8463171388682
359814.0,-3.333,-2.9146,8.6573,0.0408,0.0364,9.8065,-0.1137,-0.2312,0.176,334.92,-88.06,-158.19,53.04352,-1.805807,14.81,4.0,103.54,20 / 21,-2.985840578038215,-0.6291315109620054,3.3334947656627274,83.11061782008557,49.15926044534531,56.014086439072734,False,49.5,15.487477062028807,-1.5819001340147107,697.4411703559965,343.90366912576377,15.568055555555556,95.832,18.473317640067023,-0.9527686230527054,614.330552535911,294.7444086804185
359914.0,-0.5222,0.172,7.604,0.0156,0.047,9.8065,-0.1441,-0.3574,0.3159,330.96,-88.58,-160.11,53.04352,-1.805807,14.81,4.0,103.54,20 / 21,-3.13120392076306,-0.8134516989924456,3.1658947656627845,82.80476559514561,49.087131284847615,56.3390559156389,False,49.599999999999966,15.52771019928165,-1.5000719872945416,698.9922281734135,343.74799622898666,15.599999999998127,95.51800000001839,18.65891412004471,-0.686620288302096,616.187462578268,294.66086494413906
360014.0,0.5939,-1.5163,8.9594,-0.084,0.033,9.8062,-0.0295,-0.2468,0.03,6.6,-88.81,-123.97,53.04352,-1.805807,14.81,4.0,103.54,20 / 21,-3.158076272533014,-0.8682371942900385,3.01339976566275,82.49030158548074,49.00304684018347,56.648020642205246,False,49.69999999999999,15.745948178360957,-1.695265554555176,700.5633427730606,343.58120383906584,15.836944444434074,96.14499999997255,18.90402445089397,-0.8270283602651375,618.0730411875799,294.5781569988824
360114.0,-0.7327,-0.7952,8.7956,-0.0534,0.0427,9.8063,-0.2567,-0.0147,-0.0574,42.31,-88.83,-87.28,53.04352,-1.805807,14.81,4.0,103.54,20 / 21,-3.190958514853956,-0.9160314253092763,2.9204847656627817,82.17284984611149,48.913833409203534,56.94471486877142,False,49.799999999999955,15.73722254454815,-1.577719006159482,702.1411429667646,343.4144114491445,15.816111111111727,95.72500000001241,18.928181059402107,-0.6616875808502056,619.9682931206531,294.50057803994093
360216.0,-1.5283,-0.7418,8.9169,-0.0528,0.0583,9.8063,-0.3267,-0.1739,0.1216,95.4,-88.08,-34.37,53.04352,-1.805807,14.81,4.0,103.54,20 / 21,-3.252163093795391,-0.8154043128949748,2.823543965662751,81.84425064407027,48.82553018655509,57.23766033406911,False,49.90199999999999,15.66612908342966,-1.5185806361482064,703.7304423822001,343.2554027045432,15.73956666666418,95.53651999999387,18.91829217722505,-0.7031763232532315,621.8861917381298,294.4298725179881
360314.0,0.6072,2.0903,8.3442,-0.0437,0.0443,9.8064,-0.2685,0.1017,-0.064,103.05,-87.09,-24.09,53.04352,-1.805807,14.81,4.0,103.54,20 / 21,-3.152829560817463,-0.780102208994186,2.7082861656627357,81.5304060039942,48.74735036698251,57.5087200105041,False,50.0,15.823068318868051,-1.6502286676235403,705.2766865720308,343.091946161727,15.908888888888889,95.954,18.975897879685515,-0.8701264586293542,623.7462805680366,294.34459579474446
360414.0,0.6084,-0.4775,9.7081,-0.0134,0.0359,9.8065,-0.0174,-0.3058,0.0339,111.24,-86.3,-17.72,53.04352,-1.805807,14.81,4.0,103.54,20 / 21,-3.05403793880972,-0.8484226146044156,2.6302361656627626,81.22006262901294,48.665924125802604,57.77564612707028,False,50.099999999999966,15.59256791824977,-1.594559066461267,706.8210587954181,342.9473927580821,15.673888888902649,95.83900000000673,18.64660585705949,-0.7461364518568514,625.6009961664051,294.2814686322795
360514.0,2.1031,1.3374,9.6812,-0.0503,-0.0244,9.8064,-0.0116,0.1865,-0.1181,115.06,-85.82,-17.24,53.04352,-1.805807,14.81,4.0,103.54,20 / 21,-3.033823517633555,-0.9910530776199045,2.6190361656627603,80.91566955619071,48.57395034119137,58.03810974363662,False,50.19999999999999,15.715640944760402,-1.611579669646659,708.3854878010083,342.78060036745455,15.798055555550123,95.85499999999931,18.749464462393956,-0.6205265920267546,627.4698182448176,294.20665002626316
360615.0,-0.0573,0.6949,8.4797,0.0211,0.0234,9.8066,-0.1325,-0.0066,-0.1139,114.3,-85.74,-15.55,53.04352,-1.805807,14.81,4.0,103.54,20 / 21,-2.9466021020486575,-1.1280227212587064,2.545689965662761,80.61365806239675,48.466937013348,58.298928413268555,False,50.30099999999999,15.686034579485135,-1.6589046851512321,709.9654942407415,342.6121400522334,15.77351111111221,96.03697999999716,18.632636681533793,-0.5308819638925257,629.3518361783447,294.1452030388854
360714.0,1.3967,-1.3711,9.3828,-0.0344,-0.018,9.8065,-0.0477,0.0076,-0.0107,117.94,-85.47,-12.05,53.04352,-1.805807,14.81,4.0,103.54,20 / 21,-2.5239670040469933,-0.9946235986642488,2.0901715608133546,80.34286489164505,48.361866020511826,58.5284035588291,False,50.39999999999998,15.64601732247483,-1.6814680627563732,711.5076602181863,342.4470155876117,15.736111111111668,96.13399999999855,18.169984326521824,-0.6868444640921244,631.1647953265413,294.08514956709985
360814.0,2.6963,4.1075,8.9762,-0.0319,0.0066,9.8065,-0.1509,0.3574,-0.0764,115.58,-84.94,-16.09,53.04352,-1.805807,14.81,4.0,103.54,20 / 21,-2.452783698981704,-1.2361793076308443,2.0274565608133406,80.09402735649356,48.25032587519705,58.73428496491048,False,50.5,15.679426021142433,-1.6510176302580237,713.0720892238306,342.2802231962756,15.766111111111112,96.011,18.132209720124138,-0.41483832262717946,632.978061867337,294.0298973210785
360914.0,-2.1925,-3.9561,8.0894,-0.0108,0.0965,9.8061,0.0461,-0.5463,0.3839,119.83,-84.25,-13.07,53.04352,-1.805807,14.81,4.0,103.54,20 / 21,-2.4054325933856706,-1.2552832729682106,1.900071560813384,79.85111654187527,48.12575274616714,58.93066137099175,False,50.599999999999966,15.561755620706261,-1.5927803099736835,714.6231470412476,342.1245502994985,15.643055555562759,95.84400000000977,17.967188214091934,-0.33749703700547284,634.7720304993724,293.9987975533313
361014.0,-1.8792,-3.0123,10.6923,-0.1211,-0.1015,9.8053,0.0106,0.5405,-0.3782,118.06,-83.9,-19.01,53.04352,-1.805807,14.81,4.0,103.54,20 / 21,-2.5738675194250082,-0.9111574002351395,1.8584915608133745,79.60215153623469,48.01743071250694,59.118589527073134,False,50.69999999999999,15.587926290680327,-1.7523229572143086,716.1742048587785,341.9466384171527,15.686111111109225,96.41399999997505,18.161793810105337,-0.8411655569791692,636.5720533225438,293.92920770464576
361114.0,-7.0028,-5.4363,10.8981,0.019,0.1122,9.8059,0.1008,-0.7914,0.4692,112.41,-83.91,-19.39,53.04352,-1.805807,14.81,4.0,103.54,20 / 21,-2.7429557314935753,-0.33078007290859535,1.957346560813341,79.33631037368885,47.955333838849775,59.30938143315441,False,50.799999999999955,15.618206610805242,-1.7060582076398154,717.7386338643415,341.7687265348057,15.711111111110373,96.23400000000531,18.36116234229882,-1.3752781347312202,638.4023234906526,293.81339269595594
361214.0,2.704,1.4671,8.6013,-0.0665,-0.1013,9.8058,-0.0346,0.2337,-0.2464,115.94,-83.82,-18.68,53.04352,-1.805807,14.81,4.0,103.54,20 / 21,-2.8164726609668067,-0.05714105941209602,1.9516515608133396,79.05833895406576,47.93593778223374,59.504831339235785,False,50.89999999999998,15.616135657903449,-1.6683321353852771,719.2963772759559,341.5908146517512,15.705000000000089,96.098000000002,18.432608318870255,-1.6111910759731811,640.2380383218901,293.65487686951747
361314.0,4.4299,3.1382,8.5897,0.0375,0.0645,9.8063,0.221,-0.7386,0.401,114.02,-84.12,-19.79,53.04352,-1.805807,14.81,4.0,103.54,20 / 21,-2.7190167042866196,-0.47753567338014685,1.8305365608133122,78.78156448580303,47.909203945594115,59.693940745317164,False,51.0,15.674869864417607,-1.8352725086764707,720.8608062815738,341.40178327627126,15.781944444444443,96.678,18.393886568704225,-1.357736835296324,642.0792417957707,293.49257933067713
361414.0,2.8234,-1.2025,9.6226,0.0229,-0.0018,9.8066,0.016,-0.3459,0.1779,114.89,-84.39,-21.13,53.04352,-1.805807,14.81,4.0,103.54,20 / 21,-2.742333064363873,-0.8466728583832392,1.7604865608133362,78.5084969973706,47.842993519005965,59.87349190139844,False,51.099999999999966,15.747940878512484,-1.7511091019002798,722.4319208811067,341.234990886362,15.84499999999631,96.3450000000195,18.490273942876357,-0.9044362435170406,643.9234238837362,293.39199736735605
361514.0,3.4027,0.0079,7.4923,0.0399,0.0599,9.8063,-0.1032,-0.3698,0.3459,114.55,-84.43,-21.42,53.04352,-1.805807,14.81,4.0,103.54,22 / 22,-2.8891408229472644,-1.1047167686354151,1.6355665608133079,78.22692330300498,47.74542403765501,60.04329455747981,False,51.19999999999999,15.739769757786668,-1.9172656414145763,723.9896642926685,341.0459595122978,15.856111111110625,96.94499999997373,18.628910580733933,-0.8125488727791612,645.7627409896636,293.3005354746428
361614.0,0.648,-3.8642,10.6858,-0.07,-0.0253,9.8063,0.1034,-0.0546,-0.0442,111.64,-84.02,-28.28,53.04352,-1.805807,14.81,4.0,103.54,22 / 22,-3.113549968250447,-1.2178111338998736,1.5638065608133325,77.9267887634452,47.629297642528286,60.20326321356109,False,51.299999999999955,15.753708571781132,-1.7545340384796286,725.5540932983118,340.87916712166816,15.851111111111257,96.35500000001744,18.867258540031578,-0.536722904579755,647.6273045348667,293.2498694791399
361715.0,-0.1698,-5.2983,10.4988,-0.0054,0.0486,9.8065,0.0688,-0.6715,0.337,107.72,-83.95,-29.92,53.04352,-1.805807,14.81,4.0,103.54,22 / 22,-3.521548647715407,-1.0837113432889438,1.6431572108133319,77.59171628333893,47.51307075743025,60.365214884028234,False,51.400999999999954,15.578591318749272,-1.8173874758140456,727.1137755321403,340.6991425350113,15.684269444445532,96.65405999998356,19.100139966464678,-0.7336761325251018,649.5220592488014,293.18607177758105
361814.0,-0.6249,-1.8156,9.4282,0.0156,0.0007,9.8066,-0.1055,-0.3129,0.3936,107.48,-83.55,-30.93,53.04352,-1.805807,14.81,4.0,103.54,22 / 22,-3.8083814205377173,-0.9351482608471978,1.6586853608133392,77.22888474496023,47.413137207025464,60.52865609132383,False,51.5,15.469380083701466,-2.1050152404199345,728.6294665571996,340.48998487828305,15.611944444444445,97.749,19.277761504239184,-1.1698669795727366,651.4005818122394,293.0768476712576
361914.0,8.1783,2.2533,9.226,0.1303,0.1022,9.8052,-0.0295,-0.7919,0.5229,99.55,-83.09,-38.02,53.04352,-1.805807,14.81,4.0,103.54,22 / 22,-3.8055753957242766,-1.2931176528443764,1.6107303608133556,76.84818690414725,47.30172391134092,60.69212687740511,False,51.599999999999966,15.564116082275108,-2.299418989970704,730.1805243746164,340.25647553241015,15.733055555548464,98.40399999996164,19.369691477999385,-1.0063013371263274,653.3323374704692,292.95475162106925
362014.0,2.609,-2.2081,9.9253,0.0016,0.0343,9.8065,0.1444,-0.6017,0.3363,102.65,-83.53,-36.21,53.04352,-1.805807,14.81,4.0,103.54,22 / 22,-3.8621088543609794,-1.8097029236785818,1.5876303608133504,76.4648026916429,47.146582882514736,60.85204491348648,False,51.69999999999999,15.556897855109817,-2.062746178153094,731.7315821921472,340.0563246645024,15.693055555557306,97.55300000003724,19.419006709470796,-0.25304325447451204,655.2667795005043,292.9097417819877
362114.0,6.7897,0.3948,9.4295,0.0666,0.0696,9.8061,-0.0762,-0.5354,0.363,97.83,-83.82,-35.55,53.04352,-1.805807,14.81,4.0,103.54,22 / 22,-3.9887470472664,-2.24281515595486,1.574705360813355,76.07225989656166,46.94395697853313,61.01016169956776,False,51.799999999999955,15.494622333586506,-1.9351753769604068,733.2759544156469,339.8672932897292,15.615000000002306,97.11900000001283,19.483369380852906,0.30763977899445316,657.2036945190853,292.92333631119607
362214.0,-2.0257,-2.0786,9.1941,0.0174,0.0658,9.8064,-0.0384,-0.6291,0.4482,102.22,-83.28,-37.33,53.04352,-1.805807,14.81,4.0,103.54,22 / 22,-4.0592574666426895,-2.4516958041386143,1.525220360813344,75.66985967086612,46.709231430528405,61.16515798564913,False,51.89999999999998,15.516981646472814,-1.9577743953311604,734.8270122331775,339.66714242111647,15.639999999999631,97.19099999999894,19.576239113115506,0.49392140880745394,659.1571525623114,292.95791099058806
362314.0,1.3409,0.0965,9.9745,-0.0299,-0.0046,9.8066,-0.0816,0.1672,-0.0568,99.09,-82.68,-39.53,53.04352,-1.805807,14.81,4.0,103.54,22 / 22,-4.108790639539975,-2.388929361441929,1.502985360813339,75.26145726555688,46.46720017224932,61.316568271730496,False,52.0,15.45209975518826,-1.8874248308556971,736.3646988626211,339.4669915532107,15.566944444444443,96.964,19.560890394728236,0.5015045305862318,661.1032415970642,292.99979138096137
362414.0,0.4274,-0.8195,9.2718,-0.0371,0.0102,9.8066,-0.0414,-0.1009,-0.0545,98.58,-82.22,-38.91,53.04352,-1.805807,14.81,4.0,103.54,22 / 22,-4.122174795276227,-2.461012999306206,1.4846353608133454,74.84990899381621,46.224703054212,61.465949307811776,False,52.099999999999966,15.464184419247674,-2.07709964064861,737.9090710860082,339.2557211928948,15.603055555553443,97.64999999995985,19.586359214523902,0.3839133586575958,663.059162092192,293.0310181386828
362514.0,1.3635,-0.5755,9.1329,-0.018,-0.0091,9.8065,0.083,0.073,-0.0947,99.19,-82.23,-38.24,53.04352,-1.805807,14.81,4.0,103.54,23 / 23,-4.169016534290612,-2.5288672314995084,1.4242053608133316,74.43534942733778,45.97520904267166,61.611391343893146,False,52.19999999999999,15.313781107374558,-2.1573903669953913,739.4333865273658,339.044450831856,15.465000000006043,98.01899999998385,19.48279764166517,0.3714768645041171,664.998037100028,293.06924178918433
362615.0,-2.8402,-0.7142,11.1149,0.0357,0.0045,9.8065,-0.0644,0.0135,-0.0757,102.23,-82.29,-39.9,53.04352,-1.805807,14.81,4.0,103.54,23 / 23,-4.1767634007546945,-2.4355877778806523,1.4562476108133313,74.013887540618,45.72450406469796,61.75685421896029,False,52.30099999999999,15.290369968961867,-2.103121388334406,740.9796307171923,338.81961469000964,15.434361111109736,97.83159999996626,19.467133369716564,0.3324663895462461,666.9657431765743,293.0951106253117
362715.0,0.5957,-2.4791,9.2558,-0.0047,-0.054,9.8064,-0.1671,0.5122,-0.3189,98.95,-82.44,-37.95,53.04352,-1.805807,14.81,4.0,103.54,23 / 23,-4.272239695527061,-2.2905901615022564,1.4941176108133185,73.59143738580406,45.4881951677289,61.90437248004157,False,52.400999999999954,15.291080210230636,-2.4142590200314524,742.503946158574,338.5752082415422,15.480511111112003,98.97215000001168,19.563319905757695,-0.12366885852919607,668.9125087727699,293.0870130738133
362814.0,4.7987,1.7401,9.3166,-0.0573,-0.0674,9.8062,0.0564,0.467,-0.2269,102.06,-82.4,-37.45,53.04352,-1.805807,14.81,4.0,103.54,23 / 23,-4.327400013105768,-2.542166706917827,1.4425930608132944,73.16575522022653,45.24897370274199,62.04973965828716,False,52.5,15.26364111613741,-2.198164638737079,744.0130184455171,338.3550422866124,15.421111111111113,98.195,19.59104112924318,0.34400206818074786,670.8472632252906,293.1060685838704
362914.0,-1.4905,-4.7684,12.4497,-0.0492,0.0091,9.8065,0.1912,-0.133,0.0269,103.97,-82.55,-37.31,53.04352,-1.805807,14.81,4.0,103.54,23 / 23,-4.469054128274294,-2.6578687395359606,1.5502430608132578,72.72593251315767,44.98897193041939,62.199381464368436,False,52.599999999999966,15.227830325124934,-2.3552155696134056,745.5306482927317,338.1104134483146,15.408888888889605,98.79199999996504,19.696884453399228,0.302653169922555,672.804715779574,293.1214415178952
363014.0,3.4545,2.9827,7.282,-0.0595,-0.0547,9.8063,-0.1102,0.3703,-0.3027,101.83,-82.23,-38.15,53.04352,-1.805807,14.81,4.0,103.54,23 / 23,-4.5351205603560185,-2.7203096063806793,1.5561630608132593,72.27572377872606,44.72006301312349,62.3547017704498,False,52.69999999999999,15.205039257948158,-2.3261547790864836,747.0549637340877,337.8769041031312,15.381944444445624,98.69800000000411,19.74015981830418,0.3941548272941957,674.7792399553616,293.15684109000773
363114.0,2.5164,1.0901,8.6445,0.0029,0.0477,9.8064,-0.0103,-0.3473,0.218,103.48,-82.28,-38.56,53.04352,-1.805807,14.81,4.0,103.54,23 / 23,-4.364165208716929,-3.0475307232899573,1.3718230608133222,71.83075949027257,44.43167099664006,62.50110107653108,False,52.799999999999955,15.284948558930294,-2.385633574288819,748.572593581413,337.6322752641088,15.469999999997397,98.87099999999488,19.649113767647222,0.6618971490011383,676.7418340911404,293.20060426746875
363214.0,3.7791,3.2671,9.242,-0.0305,-0.0047,9.8065,-0.244,0.0839,0.1358,100.27,-81.78,-38.25,53.04352,-1.805807,14.81,4.0,103.54,23 / 23,-4.176833211184253,-3.3896763396886556,1.2854830608133028,71.40370956927741,44.10981064349105,62.63396638261244,False,52.89999999999998,15.136407493988155,-2.3968298179063248,750.0768522406522,337.39876591751107,15.325000000002142,98.99799999999813,19.313240705172408,0.9928465217823308,678.6731426713748,293.28895527402
363315.0,-0.1197,-0.4445,8.7898,0.0975,0.0952,9.8057,-0.0477,-0.4786,0.3057,107.75,-81.58,-33.33,53.04352,-1.805807,14.81,4.0,103.54,23 / 23,-4.030865209435617,-3.587627711727623,1.2056173108133035,70.9892207990361,43.75745678889453,62.75976695137958,False,53.000999999999976,15.155561557129586,-2.3787829659918382,751.6095915305357,337.15157959588123,15.341111111111111,98.92023999999982,19.1864267665652,1.2088447457357847,680.6203707314996,293.39412280698673
363415.0,-2.7347,-3.9835,9.8386,-0.0277,0.0032,9.8066,0.0399,-0.4293,0.0907,107.84,-81.46,-33.54,53.04352,-1.805807,14.81,4.0,103.54,23 / 23,-4.160666032596956,-3.3798238111396968,1.1563723108132924,70.57964423693439,43.40908421275108,62.87786643246094,False,53.101,15.146074410627122,-2.4384953012805974,753.1205357836964,336.895831264451,15.341119444444397,99.14604999997648,19.30674044322408,0.9413285098590993,682.5408915467619,293.4867470516999
363515.0,1.6928,0.6376,9.6948,0.0902,0.1121,9.8055,-0.0072,-0.3204,0.3457,106.46,-81.34,-35.45,53.04352,-1.805807,14.81,4.0,103.54,23 / 23,-4.264585130920643,-3.274281213341784,1.1523773108132938,70.15838167875864,43.07637896152712,62.99330391354223,False,53.200999999999965,15.129454211847658,-2.544087480783004,754.6315468929312,336.6400829330024,15.341863888889241,99.54525000000767,19.394039342768302,0.7301937325587802,684.4731652141725,293.5637039714753
363614.0,-4.1254,-3.9491,11.4083,0.0702,0.0763,9.8061,0.1011,-0.8704,0.3369,110.28,-81.58,-30.96,53.04352,-1.805807,14.81,4.0,103.54,23 / 23,-4.333747007809468,-3.100544964258014,1.226122410813286,69.73276423789154,42.760825065735965,63.11103964976273,False,53.299999999999955,15.129209992020384,-2.4970289293774592,756.1340004417833,336.3868920848683,15.333888888889126,99.37200000000517,19.462956999829853,0.6035160348805548,686.4012362038918,293.62606701913234
363714.0,1.9673,-2.3452,9.9389,0.0179,0.0065,9.8065,0.0192,0.017,-0.0909,110.5,-81.69,-32.2,53.04352,-1.805807,14.81,4.0,103.54,23 / 23,-4.554350380274149,-2.8872345433290394,1.3128174108133057,69.28835936848726,42.46143609035654,63.23798664084409,False,53.39999999999998,15.041852777856848,-2.8093004093826166,757.6315735069658,336.09778527543625,15.301944444444917,100.57899999998216,19.596203158130997,0.07793413394642279,688.3432141384785,293.6363491850797
363814.0,0.2309,-2.9174,9.8434,0.0811,0.0411,9.8062,0.0282,-0.3187,0.1201,111.56,-82.21,-30.15,53.04352,-1.805807,14.81,4.0,103.54,23 / 23,-4.801116738769332,-2.8933985531435735,1.3212674108133078,68.82058601253499,42.17240443553285,63.36969088192545,False,53.5,15.020513323749375,-2.8949419385347444,759.1291465721744,335.7975589742851,15.296944444444446,100.909,19.821630062518707,-0.0015433853911708262,690.3085605596393,293.62515453875227
363914.0,2.0307,-2.9257,10.3048,0.0639,-0.0584,9.8062,-0.2203,0.1208,-0.1339,111.93,-83.0,-30.63,53.04352,-1.805807,14.81,4.0,103.54,23 / 23,-5.07719739242677,-2.888513640736703,1.3480124108132987,68.32667030597536,41.88330882583893,63.503154873006736,False,53.599999999999966,14.95521190188338,-2.7385898407043676,760.6200340432431,335.5306911504303,15.203888888894337,100.37700000003115,20.03240929431015,0.1499238000323353,692.2933637372678,293.6473823245914
364014.0,0.5399,-1.4299,10.1207,0.0293,-0.0257,9.8065,0.1012,0.0162,0.0199,115.51,-83.13,-28.43,53.04352,-1.805807,14.81,4.0,103.54,23 / 23,-5.289508581510876,-2.9213593333105115,1.388622410813308,67.80833500727836,41.5928151771365,63.639986614088095,False,53.69999999999999,15.004006284172814,-2.8969211612541197,762.1242927024812,335.23046484786624,15.28111111110773,100.92799999997588,20.29351486568369,0.02443817205639176,694.3159576952028,293.63764967072973
364114.0,-2.5091,-2.1492,11.1707,-0.0079,-0.0132,9.8066,-0.016,-0.2186,0.2075,112.24,-83.18,-29.4,53.04352,-1.805807,14.81,4.0,103.54,23 / 23,-5.380178128006416,-2.7579577237141,1.4725274108132795,67.27485067180268,41.30884932428537,63.783044105169374,False,53.799999999999955,14.876447723616126,-2.918373369982854,763.6084945796024,334.9302385474224,15.16000000000358,101.09899999999494,20.25662585162254,-0.16041564626875404,696.3336439077997,293.62138922313704
364214.0,2.8939,0.3429,9.7022,-0.0487,-0.0758,9.8061,-0.0217,0.2628,-0.0884,110.83,-82.94,-33.82,53.04352,-1.805807,14.81,4.0,103.54,23 / 23,-5.430151617507719,-2.7407878417532356,1.535507410813294,66.73433418452686,41.03391204601194,63.933445846250734,False,53.89999999999998,14.900316490801048,-2.926566840848002,765.0993820507538,334.6300122441491,15.18499999999963,101.1119999999998,20.330468108308768,-0.18577899909476647,698.3650478662269,293.59610019813715
364314.0,2.2259,1.5228,9.8552,0.0028,0.026,9.8066,0.0662,-0.5699,0.3773,105.4,-82.84,-35.0,53.04352,-1.805807,14.81,4.0,103.54,23 / 23,-5.384499067948475,-3.0057044247043927,1.5327124108132935,66.19360165025392,40.746587432689,64.08685683733209,False,54.0,14.798173250052685,-3.0193303190645997,766.576898333845,334.31866644986496,15.103055555555557,101.532,20.18267231800116,-0.013625894360207003,700.383296683591,293.57207901717595
364414.0,2.8045,0.5602,10.3885,-0.0063,-0.011,9.8066,-0.0327,-0.1164,-0.1068,107.73,-82.68,-35.77,53.04352,-1.805807,14.81,4.0,103.54,23 / 23,-5.319527358062496,-3.2703710439446376,1.5642324108132828,65.65840032895356,40.43278365925665,64.24170407841336,False,54.099999999999966,14.857198098461858,-3.0454213004964186,768.0677858049137,334.00732065489615,15.16611111110742,101.58399999999696,20.176725456524352,0.22494974344821905,702.4093854759601,293.5745369956395
364514.0,-0.2585,0.3794,9.9962,-0.0246,-0.0357,9.8065,0.0623,-0.5516,0.2178,106.98,-82.81,-35.54,53.043224,-1.804445,11.45,4.0,122.84,21 / 23,-5.276417614390744,-3.4012094002401625,1.6028024108132917,65.12860308033078,40.099204637047336,64.40005581949472,False,54.19999999999999,14.888534885889918,-3.2592939193591683,769.5586732760653,333.66261638192213,15.241111111107829,102.34799999996656,20.164952500280663,0.14191548088099415,704.4300701957345,293.56341174487477
364614.0,0.5857,0.1221,10.2226,-0.0651,-0.0599,9.8062,-0.0176,-0.4423,0.3003,106.61,-83.0,-36.17,53.043224,-1.804445,11.45,4.0,122.84,21 / 23,-5.219850024714495,-3.4193977704446987,1.6330774108132813,64.60378969837569,39.75817427851321,64.56184981057599,False,54.299999999999955,14.821526430977363,-3.1282489303314556,771.0428751531861,333.3512705876366,15.148055555558305,101.91800000001271,20.041376455691857,0.29114884011324316,706.4390854548103,293.5930963091234
364714.0,5.8555,0.897,7.918,-0.046,-0.0496,9.8064,-0.124,-0.2773,0.0775,108.73,-83.02,-35.96,53.043224,-1.804445,11.45,4.0,122.84,21 / 23,-5.236675114032557,-3.736648676969321,1.5594424108132645,64.08096344143821,39.40037195614243,64.72147580165736,False,54.39999999999998,14.818616236724445,-3.3104523284278646,772.5203914362771,333.00656631536896,15.183888888888358,102.59299999999003,20.055291350757003,0.42619634854145616,708.4394279948389,293.60619435922655
364814.0,0.4769,-1.764,10.0039,-0.0517,-0.0436,9.8064,0.1721,-0.452,0.367,111.35,-83.05,-32.95,53.043224,-1.804445,11.45,4.0,122.84,21 / 23,-5.341667792164027,-4.015733140456478,1.4748724108132454,63.55204629612827,39.012752865271054,64.87319154273872,False,54.5,14.828156994629206,-3.2816218096043506,773.9979077193415,332.67298153411116,15.186944444444444,102.479,20.16982478679323,0.734111330852127,710.4458614232132,293.6602286688401
364914.0,1.8629,1.7001,10.8177,-0.0544,-0.0876,9.8061,-0.0122,0.3968,-0.1525,103.83,-82.59,-37.36,53.043224,-1.804445,11.45,4.0,122.84,21 / 23,-5.335066960102789,-4.112322912815585,1.5352874108132248,63.01820955851511,38.60635006260759,65.02369953382,False,54.599999999999966,14.782465131642049,-3.325679641724342,775.4754240023241,332.33939675500005,15.151944444446492,102.67899999998829,20.117532091744838,0.7866432710912425,712.457214443809,293.73304669239246
365015.0,-0.3046,-0.8379,9.5672,0.0783,0.0384,9.8062,-0.0119,-0.128,0.0293,104.08,-82.05,-40.64,53.043224,-1.804445,11.45,4.0,122.84,21 / 23,-5.274233104588019,-4.1922804396422695,1.5742532108132246,62.48243990524823,38.186967593308474,65.18073133521213,False,54.700999999999965,14.605723090853882,-3.399204738273305,776.9472575304613,331.9911342450786,14.996063888897625,103.1013599999765,19.8799561954419,0.7930757013689647,714.4648176252131,293.8041666517702
365114.0,-5.4351,-4.0555,13.1749,-0.0558,-0.1087,9.8059,-0.089,0.9957,-0.5963,100.59,-82.33,-45.21,53.043224,-1.804445,11.45,4.0,122.84,21 / 23,-5.422377600188355,-3.858623259849539,1.7291288108132081,61.95295767536185,37.78844786018367,65.34424874528263,False,54.799999999999955,14.381997098210064,-3.487874970942901,778.370286222128,331.63886871733115,14.798888888894776,103.63199999998416,19.80437469839842,0.370748288906638,716.4173285467662,293.85042085714747
365214.0,-1.0389,-3.9321,11.9318,0.0915,0.0885,9.8057,0.0202,0.2217,-0.031,101.56,-82.7,-41.28,53.043224,-1.804445,11.45,4.0,122.84,21 / 23,-5.717456651971415,-3.4554624482659646,2.0037988108132705,61.395965962753735,37.42274357477781,65.53089512636399,False,54.89999999999998,14.487161747878089,-3.5385548595230207,779.8277457230479,331.2719254595042,14.913055555553868,103.7259999999986,20.204618399849505,-0.08309241125705613,718.4317797602941,293.84918188472636
365314.0,-0.4487,-4.4035,10.4442,0.0275,0.0197,9.8065,-0.1146,0.4935,-0.284,98.36,-82.46,-43.02,53.043224,-1.804445,11.45,4.0,122.84,21 / 23,-6.07791588640725,-3.3017800026990693,2.141933810813302,60.80619733583467,37.08488145222948,65.73818175744536,False,55.0,14.446510144630395,-3.323556292770527,781.278519629991,330.92722118723526,14.82388888888889,102.956,20.524426031037645,-0.021776290071457538,720.4723222941564,293.8423397350058
365414.0,4.4632,1.366,8.2265,0.0206,0.0621,9.8064,-0.0847,0.527,-0.2392,101.91,-82.29,-40.24,53.043224,-1.804445,11.45,4.0,122.84,21 / 23,-6.235367963740609,-3.4709505735224506,2.0948038108133185,60.190533143327485,36.74624492341852,65.95001863852661,False,55.099999999999966,14.421068742090869,-3.3803068738235655,782.7292935368013,330.57139742185973,14.811944444445144,103.19199999998618,20.656436705831478,0.09064369969888508,722.5387603934738,293.8251524984412
365515.0,4.0774,1.1115,8.3787,0.0642,0.1446,9.8053,-0.1225,0.0883,-0.0449,107.12,-82.06,-32.77,53.043224,-1.804445,11.45,4.0,122.84,21 / 23,-6.184073874466895,-3.912705521405715,1.9428947608133198,59.56335133049801,36.373370290624656,66.15392241639375,False,55.200999999999965,14.313834552752446,-3.3047374379017374,784.1742509769088,330.23425440365526,14.690380555558761,103.00050999998021,20.497908427219343,0.6079680835039776,724.6108996464108,293.8608841130306
365614.0,2.8331,4.0523,9.6562,0.0016,0.0524,9.8065,-0.1131,0.6262,-0.3812,108.34,-81.41,-33.11,53.043224,-1.804445,11.45,4.0,122.84,21 / 23,-6.007762997383313,-4.31387260993023,1.8647639608133282,58.959855405341486,35.96615467312357,66.34240152311425,False,55.299999999999955,14.217308097280558,-3.39936739590943,785.5840421923431,329.8819888759078,14.618055555557715,103.44699999998667,20.22507109466387,0.9145052140207999,726.6241867870016,293.9158342027842
365714.0,-1.0795,-1.8665,10.878,0.0493,0.0915,9.8061,0.0564,-0.3341,0.2316,113.2,-81.13,-30.48,53.043224,-1.804445,11.45,4.0,122.84,21 / 23,-5.887146650045602,-4.42350335709937,1.9108089608133387,58.36510992296991,35.529285874771986,66.53118016919562,False,55.39999999999998,14.00191491437315,-3.626356369807437,786.9813313469381,329.5150456187882,14.463888888891168,104.51999999998414,19.889061564418753,0.7971469872919328,728.6162214239682,293.9857597440162
365814.0,0.4677,-0.2836,10.6572,-0.0241,-0.0367,9.8065,0.006,0.1867,-0.1489,109.63,-81.32,-34.15,53.043224,-1.804445,11.45,4.0,122.84,21 / 23,-5.935455167604379,-4.3526028644936385,2.0069039608133608,57.77397983208727,35.09048056369224,66.727065815277,False,55.5,13.836960389110038,-3.5046299665650125,788.3652493134189,329.1481023602536,14.273888888888889,104.213,19.772415556714417,0.8479728979286261,730.5912694813316,294.0576217965613
365914.0,-0.7128,-1.4189,9.9363,0.0634,0.0426,9.8063,-0.0393,-0.133,0.0964,106.96,-81.59,-33.65,53.043224,-1.804445,11.45,4.0,122.84,21 / 23,-5.976856363306975,-4.311257651769556,2.055913960813344,57.17836425554191,34.65728753787923,66.93020671135827,False,55.599999999999966,13.803383422550128,-3.5194646027650975,789.749167279851,328.7922785955854,14.24500000000169,104.30399999999467,19.780239785857106,0.7917930490044585,732.570803024309,294.1349910577062
366014.0,2.4612,-1.0091,10.4181,0.0012,-0.0142,9.8066,0.0275,0.1632,-0.0951,108.33,-81.49,-35.71,53.043224,-1.804445,11.45,4.0,122.84,21 / 23,-6.083679966574752,-4.353175261729426,2.0929689608133524,56.575337439047686,34.22406589220418,67.13765085743965,False,55.69999999999999,13.778289452750302,-3.282451555334564,791.1330852463581,328.4586938150338,14.16388888889244,103.40000000003957,19.861969419325053,1.0707237063948618,734.5577478073104,294.23462792282965
366114.0,0.5613,-0.3542,9.6688,0.0261,0.0115,9.8065,-0.0573,0.0745,-0.0073,107.6,-81.62,-35.17,53.043224,-1.804445,11.45,4.0,122.84,21 / 23,-6.158382373194525,-4.471481926982893,2.1166489608133445,55.96323432205943,33.782833032768714,67.34813175352092,False,55.799999999999955,13.724487073707884,-3.2372502423474665,792.5103176188079,328.12510903519103,14.101111111112967,103.27200000000379,19.882869446902408,1.2342316846354264,736.5470832967485,294.3422760024223
366214.0,2.7339,0.3199,9.0017,0.0066,0.0181,9.8066,-0.0207,0.2595,-0.1399,107.41,-81.58,-36.02,53.043224,-1.804445,11.45,4.0,122.84,21 / 23,-6.17215956142305,-4.623759580255256,2.0695089608133337,55.34670722532841,33.3280709574067,67.5574396496023,False,55.89999999999998,13.578605187728213,-3.2023401428377625,793.8674932091412,327.80264374777346,13.951111111113327,103.27000000000002,19.750764749151262,1.4214194374174935,738.5207859838129,294.4745727903668
366314.0,2.0702,-0.2005,8.6304,0.0013,0.0479,9.8065,0.0154,0.0579,-0.0827,107.52,-81.34,-33.64,53.043224,-1.804445,11.45,4.0,122.84,21 / 23,-6.201293209447916,-4.850305373044532,1.9704489608133111,54.72803458678472,32.8543677097416,67.75943754568368,False,56.0,13.432442745915132,-3.141895427558329,795.2112976114134,327.4801784610635,13.795,103.165,19.633735955363047,1.7084099454862027,740.4832630246287,294.62581075132186
366415.0,0.7291,-0.6242,9.3025,-0.0092,0.0184,9.8065,-0.1825,0.1821,0.0025,109.64,-80.99,-32.74,53.043224,-1.804445,11.45,4.0,122.84,21 / 23,-6.246815330473827,-4.9673615734451015,1.885588760813312,54.09940510551868,32.35857552894388,67.95416745062582,False,56.101,13.276008847610582,-3.2225527858212226,796.5550351576427,327.14336902837005,13.661525000002435,103.64381000000691,19.52282417808441,1.744808787623879,742.455630052124,294.78479349942614
366515.0,0.537,-1.6882,8.8968,-0.0257,0.0118,9.8066,0.0088,-0.414,0.2855,109.49,-80.93,-32.4,53.043224,-1.804445,11.45,4.0,122.84,22 / 23,-6.339634464691982,-4.9853582561315575,1.8148887608133362,53.4700826157606,31.860939537465217,68.13919132670709,False,56.200999999999965,13.241604142963634,-3.1855054616117195,797.8853346599203,326.82079254602917,13.619380555558271,103.52649999999781,19.581238607655617,1.799852794519838,744.4152520441597,294.9598530085639
366614.0,0.2231,0.5758,9.8143,-0.0334,-0.0288,9.8065,0.0393,-0.1353,-0.0092,109.1,-81.04,-32.59,53.043224,-1.804445,11.45,4.0,122.84,22 / 23,-6.366989879991947,-4.999156872310082,1.7702298608133409,52.841104710698815,31.366706038607408,68.31665469847759,False,56.299999999999955,13.179235503114079,-3.182549607003456,799.1892260657567,326.4905436139847,13.558055555557386,103.57599999999852,19.546225383106027,1.8166072653066263,746.3481213550579,295.1238375753773
366714.0,0.3557,0.2265,9.4853,0.0274,-0.0428,9.8064,0.1031,-0.0855,-0.082,107.4,-81.02,-35.23,53.043224,-1.804445,11.45,4.0,122.84,22 / 23,-6.3006696522053955,-5.035623776200715,1.7545448608133374,52.20772173408881,30.864967006181754,68.49289343455897,False,56.39999999999998,13.01237208341285,-3.2286734271674873,800.4929169037675,326.1569588334345,13.406944444446678,103.9349999999947,19.313041735618246,1.8069503490332282,748.2851951696787,295.29199182725273
366814.0,-0.5884,-0.8782,9.1861,0.0453,-0.0411,9.8064,0.1188,-0.2069,0.1002,105.07,-81.06,-34.85,53.043224,-1.804445,11.45,4.0,122.84,22 / 23,-6.292817198998732,-5.01099658562126,1.7074498608133268,51.57804739152846,30.362635988090542,68.66599317064033,False,56.5,12.935566296837644,-3.206021335772219,801.7832365537175,325.83449354672433,13.326944444444443,103.92,19.228383495836376,1.8049752498490412,750.2051891621891,295.4718575586338
366914.0,4.6496,-1.3725,9.6013,-0.0378,-0.0709,9.8062,-0.1063,0.1939,-0.0997,101.03,-81.39,-38.45,53.043224,-1.804445,11.45,4.0,122.84,22 / 23,-6.402648420568537,-5.17901634497588,1.666154860813341,50.94327411055031,29.853135341560858,68.8346734067216,False,56.599999999999966,12.744332313119461,-3.187679913274092,803.0534994214302,325.512028260038,13.136944444455567,104.0429999999928,19.146980733687997,1.9913364317017876,752.1102253108799,295.65889291847714
367015.0,1.3305,2.2516,7.9465,-0.0168,0.0434,9.8065,-0.0756,0.1161,0.0617,103.24,-81.7,-38.06,53.043224,-1.804445,11.45,4.0,122.84,22 / 23,-6.383289853729546,-5.479790371471152,1.561847110813342,50.297584227698266,29.314865602380287,68.99768750628876,False,56.700999999999965,12.528125608258296,-3.229495579463701,804.309455117979,325.18633831904634,12.937680555560855,104.45498000000448,18.911415461987843,2.250294792007451,754.0118708902808,295.87147271666606
367114.0,1.1754,0.7035,7.8658,0.0216,-0.0245,9.8065,-0.066,0.056,0.0095,102.64,-81.68,-38.79,53.043224,-1.804445,11.45,4.0,122.84,22 / 23,-6.232238168477695,-5.626604836427905,1.373697610813362,49.673115590599075,28.76509903958934,69.14299697000926,False,56.799999999999955,12.417908034243293,-3.177752079454296,805.5405404046937,324.8670976852036,12.818055555559129,104.35400000000301,18.65014620272099,2.448852756973609,755.8674248140946,296.10199864561423
367215.0,1.6557,-0.6903,10.7531,0.0283,0.0039,9.8065,0.1998,-0.0336,-0.0834,100.93,-81.31,-38.77,53.043224,-1.804445,11.45,4.0,122.84,22 / 23,-6.2236707952036685,-5.759678947605276,1.3234804108133627,49.044092187933174,28.19009170849567,69.27920446010141,False,56.900999999999954,12.201706196585802,-3.1830802169741657,806.7692188775713,324.54140774421904,12.610063888891684,104.62104999999399,18.42537699178947,2.5765987306311104,757.7251266896382,296.35131603572336
367314.0,-1.8533,-0.1103,10.301,0.0155,0.0064,9.8066,0.1304,0.0417,-0.1891,99.66,-81.44,-39.81,53.043224,-1.804445,11.45,4.0,122.84,22 / 23,-6.2267263132083315,-5.733431704865689,1.3948000108133962,48.42779753106649,27.621182731198093,69.41375934097199,False,57.0,11.999319577740405,-3.220146703911587,807.9473542594875,324.2221671110763,12.42388888888889,105.022,18.226045890948736,2.513285000954102,759.519556728421,296.60098437987824
367415.0,-1.4835,-0.1846,11.2821,0.001,0.004,9.8066,-0.1445,-0.0793,0.1145,98.9,-81.57,-40.27,53.043224,-1.804445,11.45,4.0,122.84,22 / 23,-6.177546543209341,-5.555060988451435,1.4942749108133955,47.8013817518174,27.051113850185583,69.55965762451414,False,57.101,11.775422407525529,-3.280565979048249,809.1354511764623,323.88524648203753,12.223861111124178,105.56761999997318,17.95296895073487,2.2744950094031857,761.3340694246449,296.83413263185196
367514.0,1.8841,-0.5087,10.3152,-0.019,0.0032,9.8066,-0.2101,0.3454,-0.1326,100.5,-81.65,-40.12,53.043224,-1.804445,11.45,4.0,122.84,22 / 24,-6.181040696352222,-5.558952387542476,1.592482910813385,47.18963168345917,26.500970188073943,69.71245213668466,False,57.19999999999999,11.534763954248776,-3.312987838980646,810.267255391669,323.5549975492929,12.001111111120958,106.02499999997978,17.715804650600997,2.24596454856183,763.0776237082098,297.05402736121897
367614.0,3.044,0.1308,9.4652,0.0226,0.0453,9.8064,0.1236,0.0189,-0.106,98.77,-81.76,-39.42,53.043224,-1.804445,11.45,4.0,122.84,22 / 24,-6.203680298817963,-5.788969658306939,1.6008379108133823,46.57039563370087,25.933574085781665,69.87211817776594,False,57.299999999999955,11.2414755879553,-3.2970367916665824,811.3770640024823,323.22141277086473,11.715000000008457,106.34599999999051,17.445155886773264,2.491932866640357,764.8066683687814,297.28783868508305
367714.0,1.8585,-1.5469,8.9454,0.071,0.0236,9.8063,0.138,0.0405,-0.0904,103.92,-82.13,-36.15,53.043224,-1.804445,11.45,4.0,122.84,22 / 24,-6.281340175116325,-6.0036781664924135,1.5407029108133687,45.94614461000401,25.343941694541563,70.02919521884732,False,57.39999999999998,10.991566519460623,-3.3091321478310673,812.4668158311778,322.8878279903145,11.478888888892376,106.75499999999396,17.272906694576946,2.694546018661346,766.5206712211738,297.54388629577295
367814.0,1.4979,-3.1212,9.6485,0.0013,-0.0463,9.8065,0.0396,-0.2266,0.0549,107.28,-82.31,-34.28,53.043224,-1.804445,11.45,4.0,122.84,22 / 24,-6.5129844163767405,-6.094855830820577,1.4897329108133572,45.30642838042921,24.739014994675777,70.18071700992869,False,57.5,10.811643024860327,-3.1527397248650457,813.5365108777556,322.5764821953225,11.261944444444444,106.257,17.32462744123707,2.942116105955531,768.2300824973264,297.83746720064676
367914.0,0.0214,1.2646,10.9871,-0.027,-0.0334,9.8065,-0.166,0.1294,-0.0163,106.06,-82.15,-36.05,53.043224,-1.804445,11.45,4.0,122.84,22 / 24,-6.586622700524622,-6.133655504561198,1.54084791081334,44.65144802458437,24.127589427906898,70.33224605100997,False,57.599999999999966,10.643912078242401,-3.1842166494827064,814.5928347361684,322.26513640035375,11.110000000008897,106.6549999999767,17.230534778767023,2.949438855078492,769.941386711584,298.13754697244684
368014.0,0.887,0.425,12.0532,-0.0002,-0.0263,9.8066,0.0678,0.1041,0.0436,103.34,-82.07,-36.93,53.043224,-1.804445,11.45,4.0,122.84,22 / 24,-6.478752100329575,-6.1940801494264095,1.712197910813379,43.99817928454151,23.511202645207376,70.49489834209135,False,57.69999999999999,10.52439683958855,-3.1232635085515184,815.6357874065989,321.95379060677675,10.97805555556133,106.52900000000551,17.003148939918123,3.070816640874891,771.6376081220574,298.44258796156936
368115.0,1.0093,-1.563,10.8905,0.061,-0.0062,9.8064,0.1153,-0.1922,0.1901,105.03,-82.58,-38.26,53.043224,-1.804445,11.45,4.0,122.84,22 / 24,-6.520373610842345,-6.26482408333893,1.8803831108133775,43.34172343612733,22.882027981452733,70.67632368368349,False,57.80099999999999,10.259730700976025,-2.97504375816639,816.6549393622189,321.6728010274503,10.682386111124368,106.17119999996743,16.78010431181837,3.2897803251725404,773.3132159260915,298.7907730459976
368215.0,-0.7967,-1.0908,11.21,-0.0173,-0.0274,9.8065,0.0134,-0.0636,-0.0056,94.11,-82.88,-43.81,53.043224,-1.804445,11.45,4.0,122.84,22 / 24,-6.624373625393128,-6.240262743066795,2.0047431108133353,42.684486074315785,22.25677364013266,70.87057999476477,False,57.900999999999954,9.76688113501833,-3.0385331693961803,817.6173974803637,321.37268591981564,10.22861944444815,107.28124999999814,16.391254760411456,3.201729573670615,774.9329114060479,299.11591227968296
368315.0,1.5892,-1.2582,9.3798,-0.0205,-0.0472,9.8065,0.02,-0.1795,0.1866,95.19,-82.57,-45.65,53.043224,-1.804445,11.45,4.0,122.84,22 / 24,-6.710430083070415,-6.2575541050968395,2.0535681108133463,42.017745888892456,21.631882797724337,71.07349555584615,False,58.000999999999976,9.522317215442042,-2.984628601549589,818.5531800783002,321.0836903053213,9.979105555555789,107.40276000000019,16.232747298512457,3.2729255035472504,776.5354341894077,299.4518075075969
368414.0,-0.4978,-1.0057,9.0667,-0.028,-0.0195,9.8065,-0.0767,-0.1199,0.0911,93.09,-82.4,-46.05,53.043224,-1.804445,11.45,4.0,122.84,22 / 24,-6.793094159447469,-6.290279646651509,1.9958115108133525,41.34932143888789,21.01076502701286,71.27393984711665,False,58.099999999999966,9.265293113699464,-2.864720767578856,819.4599471980122,320.80848286290455,9.698055555572179,107.18100000001311,16.058387273146934,3.425558879072653,778.1106257591243,299.7977178358917
368515.0,0.6455,-0.9534,9.7912,-0.0056,-0.0061,9.8066,0.0232,-0.0145,-0.026,93.19,-82.29,-46.22,53.043224,-1.804445,11.45,4.0,122.84,22 / 23,-5.828451257652267,-5.336925132775423,1.6640142391913502,40.71193339532436,20.423591185651805,71.45876104749189,False,58.200999999999965,8.966828667718362,-2.920438711454497,820.3510031718241,320.51704095930364,9.430461111126146,108.03954000006782,14.795279925370629,2.4164864213209256,779.6390697764998,300.09344977365186
368614.0,-0.3807,0.3735,10.5814,0.0483,0.0073,9.8065,0.082,0.0475,-0.1338,95.53,-82.8,-45.65,53.043224,-1.804445,11.45,4.0,122.84,22 / 23,-5.822225247003835,-5.3366661232288575,1.7015995891913462,40.13522490834394,19.89524841847965,71.62535893199681,False,58.299999999999955,8.716331055706993,-2.5833842459200844,821.1982016487133,320.2858667068725,9.091111111121243,106.5090000000457,14.538556302710827,2.753281877308773,781.0629767403693,300.3906182883929
368714.0,1.6421,-0.536,9.6421,0.0461,0.0349,9.8064,-0.0219,0.0282,-0.0835,99.55,-83.21,-42.58,53.043224,-1.804445,11.45,4.0,122.84,22 / 23,-5.805959785146037,-5.385332788801474,1.7321095891913532,39.55381565673632,19.35914847287801,71.79704439091599,False,58.39999999999998,8.32210267746579,-2.624427966103722,822.0138441217149,320.0301183754245,8.726111111116506,107.5029999999853,14.128062462611826,2.7609048226977517,782.4600284649786,300.67096990254646
368814.0,0.9255,-0.9476,10.095,0.0251,0.0091,9.8065,0.032,-0.1524,-0.0102,104.39,-83.32,-42.0,53.043224,-1.804445,11.45,4.0,122.84,22 / 23,-5.866800897761508,-5.48700111666097,1.7382995891913546,38.97017762259081,18.815531777604765,71.97056484983516,False,58.5,7.913068029511513,-2.608572902111692,822.7893730304808,319.7854895371086,8.331944444444444,108.245,13.779868927273021,2.878428214549278,783.81919540789,300.96995775950387
368914.0,2.3105,0.1969,9.2857,-0.0114,-0.0294,9.8065,0.0333,0.0668,0.0256,97.93,-83.54,-40.79,53.043224,-1.804445,11.45,4.0,122.84,22 / 23,-5.009831712547762,-4.783303937756449,1.4676691508126547,38.42634599207553,18.30201652488407,72.13086328683531,False,58.599999999999966,7.737369330974995,-2.483303772478635,823.551530751103,319.551980191943,8.126111111123162,107.7940000000264,12.747201043522757,2.3000001652778135,785.1251847590274,301.2499636670589
369014.0,1.0633,1.0596,9.5897,0.0267,0.0062,9.8066,-0.0088,0.1155,-0.0581,96.56,-83.58,-42.53,53.043224,-1.804445,11.45,4.0,122.84,22 / 23,-4.933602275294233,-4.947054054499825,1.4307741508126464,37.92917429268332,17.815498625271147,72.2757854519166,False,58.69999999999999,7.672562135089934,-2.425923571593963,824.3070028777778,319.3184708453456,8.04694444444791,107.54600000001086,12.606164410384167,2.521130482905862,786.3778285850944,301.5029722200744
369114.0,-1.6427,0.5014,10.2728,0.0113,0.0085,9.8066,0.015,-0.0042,0.0639,96.01,-83.77,-42.59,53.043224,-1.804445,11.45,4.0,122.84,22 / 23,-4.817839075069177,-4.915367043524313,1.4432341508126423,37.44160222516532,17.322377570370108,72.41948586699782,False,58.799999999999955,7.561171358599095,-2.5452029650822405,825.0491038163386,319.07384200632316,7.978055555557592,108.60399999996872,12.379010433668272,2.3701640784420723,787.6075015911733,301.75146443595304
369214.0,-0.2734,1.6655,11.1123,0.0138,-0.0205,9.8065,0.0057,0.0741,-0.1073,93.55,-83.85,-44.63,53.043224,-1.804445,11.45,4.0,122.84,22 / 23,-4.66499562067752,-4.815392864424175,1.5318241508126624,36.967460490377874,16.835839574972574,72.56823878207912,False,58.89999999999998,7.427901308365207,-2.6843181092870996,825.7778335668123,318.8180936755821,7.898055555556739,109.8689999999813,12.092896929042727,2.1310747551370754,788.8103730764344,301.9822541006095
369315.0,-1.5543,-2.2471,10.9922,0.0432,0.0281,9.8065,0.0691,-0.0812,0.0966,95.7,-84.15,-43.88,53.043224,-1.804445,11.45,4.0,122.84,22 / 23,-4.649644748197742,-4.704796264782532,1.6576297508126614,36.49707115174968,16.35507002394764,72.7293062041112,False,59.000999999999976,7.3547534803410715,-2.5098558605989654,826.5072318767,318.58202684567016,7.771219444444345,108.84242999999947,12.004398228538815,2.1949404041835665,790.0101607249503,302.2269568217225
369414.0,-1.2382,-1.7785,13.2719,0.0462,-0.0822,9.8061,0.2426,0.0684,-0.254,99.13,-84.53,-44.56,53.043224,-1.804445,11.45,4.0,122.84,22 / 23,-4.794362536628801,-4.532028300959609,1.8878443508126372,36.02959279115081,15.897847207943451,72.90480717214163,False,59.099999999999966,7.440239331620167,-2.6316583749219196,827.2352930677055,318.32883599755445,7.891944444437304,109.47899999996235,12.23460186824897,1.9003699260376892,791.2057002765547,302.430988789611
369514.0,0.8597,0.1513,10.9522,-0.0003,-0.0013,9.8066,0.073,-0.3725,0.2085,92.52,-84.89,-48.26,53.043224,-1.804445,11.45,4.0,122.84,20 / 22,-4.831149944486019,-4.488304084392268,2.11838435081269,35.548317167094964,15.446830588675756,73.10511860722295,False,59.19999999999999,7.338264893996489,-2.782416997621656,827.9573372241493,318.0619681736807,7.848055555557477,110.76499999994371,12.169414838482508,1.7058870867706117,792.4090200570544,302.61513758500496
369615.0,-0.8568,-2.1924,9.3114,-0.0655,-0.0156,9.8064,-0.1271,-0.3218,0.1407,91.1,-84.67,-47.59,53.043224,-1.804445,11.45,4.0,122.84,20 / 22,-4.90028026259345,-4.472239382006673,2.1512245008126896,35.056879941637455,14.994323143622614,73.32073385423003,False,59.30099999999999,7.320614594046359,-2.7239501766106526,828.6865349662164,317.8034399697695,7.810980555555935,110.40989999997703,12.22089485663981,1.74828920539602,793.6296550245789,302.80911682614686
369716.0,0.3479,1.2082,9.8532,-0.0089,-0.031,9.8065,0.019,-0.1205,0.0144,94.08,-84.81,-46.4,53.043224,-1.804445,11.45,4.0,122.84,20 / 22,-4.915342103849547,-4.434812973815506,2.12856515081269,34.561191012132085,14.544516999653599,73.53686323163711,False,59.40199999999999,7.268253509697388,-2.819228557467604,829.4087796904653,317.5228951694405,7.795872222223793,111.20051999999386,12.183595613546935,1.6155844163479025,794.8475886783332,302.97837816978694
369814.0,-0.2549,1.9534,9.9517,0.0284,-0.0115,9.8065,0.0905,-0.0264,0.0047,98.42,-85.06,-43.95,53.043224,-1.804445,11.45,4.0,122.84,20 / 22,-4.726062490543978,-4.446407878502966,2.1379535508126915,34.088762187006736,14.109337177889936,73.74592264801679,False,59.5,7.148058520731069,-2.8327145514299468,830.0967273173043,317.2613647013505,7.688888888888888,111.618,11.874121011275047,1.6136933270730194,796.0079651302975,303.15202752346056
369915.0,2.561,-1.0871,10.3574,0.0299,0.0055,9.8066,-0.0833,-0.0159,-0.085,97.68,-85.69,-42.89,53.043224,-1.804445,11.45,4.0,122.84,20 / 22,-4.661915159497313,-4.558455026810349,2.173091450812691,33.614669315679656,13.654591601171617,73.96363042059886,False,59.601,7.146337684121149,-2.834790693610712,830.8125538711793,316.98037512276073,7.688063888882387,111.63697999994785,11.808252843618462,1.723664333199637,797.1978845554996,303.32578352158913
370015.0,0.135,0.7106,9.0529,-0.0219,0.0054,9.8066,-0.033,-0.0046,0.1003,97.25,-85.98,-40.59,53.043224,-1.804445,11.45,4.0,122.84,20 / 22,-4.662599829318906,-4.678511392661726,2.1629414508126947,33.148443566239,13.19274328019817,74.18043206568005,False,59.700999999999965,7.203441894971001,-2.9874502732972177,831.5277787217375,316.68026001582604,7.798361111113426,112.52502000000429,11.866041724289907,1.691061119364508,798.3793351554984,303.4875167356279
370115.0,1.8618,2.0342,7.2901,-0.0534,0.0088,9.8065,-0.0551,-0.1325,0.0726,100.86,-85.51,-38.07,53.043224,-1.804445,11.45,4.0,122.84,20 / 22,-4.5096880230302,-4.790521442504668,1.9994264508126576,32.68982917362144,12.719291638439744,74.38855046076137,False,59.80099999999999,7.160473966936559,-2.956754719383669,832.2298329519771,316.3910420114762,7.746930555553172,112.43696999997391,11.670161989966758,1.8337667231209984,799.5400037783556,303.67175037303645
370215.0,-0.855,-4.2915,8.7704,-0.078,-0.0219,9.8062,-0.0796,-0.4424,0.3361,99.19,-84.48,-40.14,53.043224,-1.804445,11.45,4.0,122.84,20 / 22,-4.595989356025461,-4.81549092626856,1.8217864508127182,32.23454530466881,12.238991020001246,74.57961110584257,False,59.900999999999954,7.1881184411323,-3.100444163611944,832.9384390644185,316.09059332045564,7.828274999999674,113.33191999998971,11.78410779715776,1.7150467626566162,800.7038937597497,303.8516023004544
370314.0,-1.2454,0.7078,7.8629,-0.1107,-0.0689,9.8057,-0.0727,0.3667,0.0275,97.2,-83.56,-39.45,53.043224,-1.804445,11.45,4.0,122.84,20 / 22,-4.7207763259528965,-4.672816712812608,1.674276450812649,31.77336540341067,11.769319791866508,74.75266621947311,False,60.0,7.170384179493969,-3.195010284562883,833.6334065649747,315.77135268521215,7.8500000000000005,114.017,11.891160505446866,1.4778064282497252,801.860041161564,304.00203289334564
370414.0,1.0151,0.3599,10.0092,0.0252,0.0647,9.8063,-0.1115,0.3467,-0.2098,100.67,-83.15,-39.31,53.043224,-1.804445,11.45,4.0,122.84,20 / 22,-4.63342519968314,-4.658850621384193,1.587216450812679,31.305655327129028,11.302736425156827,74.91574086455432,False,60.099999999999966,7.2191394426482685,-3.2863001045669575,834.348765127335,315.4488873978185,7.9319444444396465,114.47599999997313,11.852564642331409,1.3725505168172356,803.043109800206,304.1461509726617
370514.0,0.0668,-1.1935,10.7571,0.059,0.0491,9.8063,0.1102,-0.3297,0.1201,104.34,-83.28,-37.27,53.043224,-1.804445,11.45,4.0,122.84,19 / 23,-4.6470923905002826,-4.6929543002942635,1.644866450812692,30.841629447619752,10.835146179072797,75.07734500963562,False,60.19999999999999,7.120448554523517,-3.2523324189447975,835.0440669075783,315.1264221111085,7.828055555560103,114.54899999999681,11.7675409450238,1.440621881349466,804.2024374599586,304.2912759320357
370614.0,1.3698,-1.8199,12.3016,0.0211,-0.0487,9.8065,0.1714,-0.1946,-0.0663,101.74,-83.73,-36.67,53.043224,-1.804445,11.45,4.0,122.84,19 / 23,-4.77199484794507,-4.722732219650144,1.8171364508126333,30.370675085697645,10.364361853075737,75.25044515471683,False,60.299999999999955,7.194921167979778,-3.3979514826540536,835.7594254699899,314.79283733126624,7.9569444444406345,115.2799999999784,11.966916015924848,1.3247807369960904,805.3887503842923,304.4284754781905
370714.0,4.2585,0.7427,11.5392,0.0483,-0.0387,9.8064,0.1626,0.2642,-0.3271,96.86,-84.37,-40.14,53.043224,-1.804445,11.45,4.0,122.84,19 / 23,-4.827390571838902,-4.977513738442905,2.0285114508126814,29.890705814708337,9.879349555170974,75.44272754979814,False,60.39999999999998,7.26772533237995,-3.324356252894801,836.4814696264327,314.45925255142333,7.991944444443927,114.58000000001034,12.09511590421885,1.6531574855481042,806.5907638117244,304.5799029962524
370814.0,0.6179,1.0471,10.3119,0.0107,-0.0291,9.8066,-0.018,0.2902,0.1105,92.85,-84.8,-45.49,53.043224,-1.804445,11.45,4.0,122.84,19 / 23,-4.729847246992704,-5.214432822165574,2.140401450812707,29.412843923766648,9.369752227140435,75.65117319487945,False,60.5,7.436033594817582,-3.6102627713199613,837.2168849709363,314.11454827844756,8.266111111111112,115.897,12.165880841810285,1.604170050845613,807.8040410471697,304.7447960513071
370914.0,4.1609,0.3214,9.445,0.0168,0.034,9.8065,-0.0359,-0.2652,0.1655,92.43,-85.22,-44.87,53.043224,-1.804445,11.45,4.0,122.84,19 / 23,-4.636989488367604,-5.4426895346634465,2.1475814508127047,28.944502086998792,8.836896109299165,75.86557233996065,False,60.599999999999966,7.610736084674943,-3.7487420461032808,837.9723570975287,313.7476050206472,8.48388888887614,116.22299999998091,12.247725573042548,1.6939474885601657,809.02785501053,304.910708911348
371014.0,0.6346,0.4771,9.4138,-0.0383,0.0188,9.8065,-0.0574,0.0023,0.01,91.62,-85.32,-48.05,53.043224,-1.804445,11.45,4.0,122.84,19 / 23,-4.572087540150955,-5.669504791015882,2.1098564508126962,28.48404823557276,8.281286393015073,76.07844423504197,False,60.69999999999999,7.865656620808938,-3.87430563438341,838.7545716003494,313.3584227772626,8.768055555543118,116.223,12.437744160959893,1.795199156632472,810.2705233647766,305.0771363842475
371114.0,0.3734,1.9018,9.3996,-0.0024,0.0294,9.8065,0.0338,-0.1309,0.0314,100.08,-84.94,-40.35,53.043224,-1.804445,11.45,4.0,122.84,19 / 23,-4.423297473727631,-5.725184812114506,2.06986145081271,28.034278984878984,7.711551912858748,76.28743013012317,False,60.799999999999955,7.931725582480217,-3.972951249367869,839.5367861031447,312.9692405338769,8.871111111108064,116.60599999998867,12.355023056207848,1.7522335627466368,811.5025071182657,305.2576886210182
371214.0,0.6734,1.2063,10.1607,0.0422,-0.0051,9.8065,0.0713,-0.2155,-0.0341,103.06,-84.88,-37.37,53.043224,-1.804445,11.45,4.0,122.84,19 / 23,-4.245229093908482,-5.79847752488417,2.0672114508127093,27.60085265649708,7.135368796008683,76.4942837752045,False,60.89999999999998,8.037400750876369,-4.115955438263333,840.3323717940272,312.5578193056404,9.029999999997653,117.11699999999246,12.28262984478485,1.6825220866208372,812.7315191375301,305.42245050963174
371314.0,1.756,3.6161,10.8587,0.0045,-0.0436,9.8065,0.059,0.5953,-0.2257,99.8,-85.33,-39.64,53.043224,-1.804445,11.45,4.0,122.84,19 / 23,-3.9943154562876426,-5.953950243239468,2.1375164508127256,27.188875428987178,6.547747407602367,76.70452017028582,False,61.0,8.166546687867637,-4.28389711959775,841.1413286730236,312.1352785842704,9.221944444444444,117.68,12.16086214415528,1.6700531236417184,813.9524532440364,305.58753117666805
371414.0,5.1144,4.6083,10.7919,0.0759,0.0518,9.8062,-0.0354,0.6645,-0.4302,99.96,-85.89,-35.5,53.043224,-1.804445,11.45,4.0,122.84,19 / 23,-3.6120572354248663,-6.353723884189854,2.239381450812691,26.80855679440168,5.932363701231111,76.92336506536701,False,61.099999999999966,8.295628873014497,-4.392865534490349,841.9636567399939,311.6904988773742,9.386944444434784,117.90299999998695,11.907686108439364,1.960858349699505,815.1550999455922,305.75813517614307
371514.0,-1.0447,-1.2966,12.1693,0.0972,0.1088,9.8055,-0.0131,-0.2192,0.0891,104.7,-86.07,-34.95,53.043224,-1.804445,11.45,4.0,122.84,21 / 22,-3.442143836924618,-6.57079535094461,2.406776450812729,26.45584674078413,5.286137739474241,77.15567296044833,False,61.19999999999999,8.451010874971079,-4.583369367488333,842.8060415891675,311.24571917115264,9.613888888878956,118.47299999997504,11.893154711895697,1.9874259834562764,816.3501948483834,305.95958143167843
371614.0,6.6137,6.3535,8.5935,-0.0543,-0.0386,9.8063,-0.1007,0.565,-0.2414,101.15,-86.2,-38.32,53.043224,-1.804445,11.45,4.0,122.84,21 / 22,-3.2071204433490346,-6.882400936564288,2.46425145081271,26.12338352677056,4.613477925099025,77.39922435552951,False,61.299999999999955,8.641272119461158,-4.55448410840938,843.6684832204584,310.7898199717989,9.768055555551,117.79200000002012,11.848392562810194,2.3279168281549083,817.5450996936878,306.1763420466999
371714.0,2.5241,-0.9946,9.1053,0.0302,0.0439,9.8064,-0.1043,-0.8096,0.3322,99.86,-85.97,-40.22,53.043224,-1.804445,11.45,4.0,122.84,21 / 22,-2.993576609543557,-7.375259178426797,2.368526450812688,25.81334867412586,3.900594919349309,77.64086325061083,False,61.39999999999998,8.755072219362438,-4.850419283299089,844.5376104458073,310.3116817868864,10.008888888885329,118.98699999998233,11.748648828905996,2.524839895127708,818.7242617716814,306.4110868675371
371814.0,-2.1286,-1.2241,10.4343,-0.053,-0.059,9.8063,0.0027,-0.0245,0.0984,101.55,-85.57,-36.89,53.043224,-1.804445,11.45,4.0,122.84,21 / 22,-3.066391051970016,-7.36584100480847,2.3648414508126874,25.510350291050113,3.163539910187378,77.87753164569216,False,61.5,8.749790954558396,-4.843901496554008,845.4067376711565,309.83354360197336,10.00111111111111,118.969,11.816182006528411,2.5219395082544613,819.8963873801064,306.670003691786
371914.0,-2.8114,-1.0389,10.6371,0.0094,0.0226,9.8066,0.0711,-0.6008,0.2243,100.41,-85.4,-38.48,53.043224,-1.804445,11.45,4.0,122.84,21 / 22,-3.094245249557046,-7.093130160310074,2.4377464508126625,25.202318475973865,2.4405913519316975,78.11766104077334,False,61.599999999999966,8.870166490827838,-4.9520874266916275,846.2892360845018,309.3442859253778,10.158888888879652,119.173999999988,11.964411740384884,2.1410427336184465,821.086917608528,306.9036945734461
372014.0,-2.3414,-1.412,9.788,-0.0732,-0.0737,9.806,-0.0223,-0.3449,0.3689,98.14,-85.2,-41.69,53.043224,-1.804445,11.45,4.0,122.84,21 / 22,-3.1370315923904455,-6.809981277735301,2.4783364508126717,24.89075463387642,1.7454357800292706,78.36346518585466,False,61.69999999999999,8.964518343413905,-5.200731080496562,847.178420091968,308.82166977005664,10.363888888879917,120.1199999999586,12.10154993580435,1.6092501972387394,822.2876654580915,307.0762339900274
372114.0,4.7134,3.9897,9.7291,-0.0409,-0.0447,9.8065,-0.1098,-0.3874,0.4259,98.97,-85.49,-39.74,53.043224,-1.804445,11.45,4.0,122.84,21 / 22,-2.993944971929914,-6.9379094833728505,2.4735264508126735,24.584205805660506,1.0580412419740974,78.61105833093585,False,61.799999999999955,8.979448645312795,-5.249058427170185,848.0676040994341,308.2990536147339,10.401111111110012,120.30899999999441,11.973393617242708,1.6888510562026653,823.4833982937736,307.2410123727598
372214.0,1.1913,-0.3248,10.0597,-0.044,-0.03,9.8064,0.099,-0.3973,0.1622,101.68,-85.49,-36.93,53.043224,-1.804445,11.45,4.0,122.84,21 / 22,-2.825223483372571,-7.247890616607927,2.4823014508126757,24.293247382895316,0.3487512369748973,78.85884972601717,False,61.89999999999998,9.221753452330859,-5.261061927099483,848.9902160771046,307.77643745941083,10.616944444441254,119.70500000000892,12.04697693570343,1.9868286895084442,824.6969686942093,307.4276862224359
372315.0,2.4969,3.3388,9.1413,-0.0186,-0.0499,9.8065,0.1659,-0.3645,0.171,101.4,-85.37,-40.09,53.043224,-1.804445,11.45,4.0,122.84,21 / 22,-2.6761647253071192,-7.452153313240217,2.461480300812676,24.015427278356995,-0.3936009814824273,79.10851070447424,False,62.000999999999976,9.25353850795568,-5.330809541418672,849.9220541745781,307.2371420653297,10.679213888888794,119.94546999999955,11.9297032332628,2.121343771821545,825.906626896221,307.63074304681214
372415.0,-0.409,-2.9364,8.7202,-0.0202,-0.0525,9.8064,-0.0162,-0.7752,0.4294,104.92,-85.39,-33.53,53.043224,-1.804445,11.45,4.0,122.84,21 / 22,-2.63702483323473,-7.542828013396526,2.373890300812656,23.749767800429844,-1.143350047814435,79.35027923455556,False,62.101,9.303945335620107,-5.476998137100698,850.8449335759169,306.68127862699305,10.796338888874661,120.48431000001561,11.940970168854836,2.065829876295828,827.0951657754871,307.82462867480746
372514.0,1.9407,3.9547,9.0112,-0.0927,-0.0659,9.806,-0.2581,0.1629,0.1655,101.21,-85.3,-35.64,53.043224,-1.804445,11.45,4.0,122.84,21 / 21,-2.5625229225021267,-7.610999132312273,2.280736250812666,23.492390186520897,-1.8934644915269412,79.58068324886099,False,62.19999999999999,9.538888579746489,-5.555778304088433,851.784794386224,306.14187203822064,11.038888888878166,120.21800000001178,12.101411502248617,2.05522082822384,828.2924041997031,308.03533652974755
372614.0,1.4476,-1.5911,10.4412,-0.0548,0.0069,9.8065,0.025,-0.2889,0.0812,110.13,-85.13,-29.18,53.043224,-1.804445,11.45,4.0,122.84,21 / 21,-2.4500720367661795,-7.779692888792369,2.272691250812669,23.241760438557566,-2.6629990925819107,79.80835462394218,False,62.299999999999955,9.55985016059484,-5.561732185835724,852.7341487400693,305.585897404914,11.059999999999377,120.19000000000082,12.00992219736102,2.2179607029566455,829.4923883015117,308.24889649749593
372714.0,0.3484,2.866,9.9993,-0.0234,-0.0951,9.8061,0.0871,0.0839,-0.0811,105.19,-85.16,-34.39,53.043224,-1.804445,11.45,4.0,122.84,21 / 21,-2.3787432250751888,-7.87039891167347,2.3140512508126783,23.000319675465445,-3.4455036826053806,80.0376917490235,False,62.39999999999998,9.575032264601049,-5.850819745958329,853.6835030938885,304.99656429291605,11.221111111108732,121.42699999998173,11.953775489676238,2.0195791657151405,830.683183418423,308.4420679755214
372814.0,-3.7342,-3.3599,10.9056,-0.0067,-0.0318,9.8065,0.0706,-0.5015,0.37,102.39,-85.12,-34.85,53.043224,-1.804445,11.45,4.0,122.84,21 / 21,-2.33217762517326,-7.699612329473587,2.3786312508126928,22.76477363295297,-4.22400424466291,80.27232587410482,False,62.5,9.71441731047199,-5.828706526734062,854.6529142298515,304.4183506747572,11.328888888888889,120.964,12.04659493564525,1.8709058027395251,831.8881405968986,308.64235491942014
372914.0,4.408,2.1228,9.2814,-0.051,-0.063,9.8063,-0.0771,0.5179,-0.3535,97.84,-85.05,-39.76,53.043224,-1.804445,11.45,4.0,122.84,21 / 21,-2.3447827947415405,-7.704940794190071,2.407316250812683,22.53092561195731,-4.99423190084583,80.51162324918602,False,62.599999999999966,9.75832100613362,-5.751073081502644,855.6223253657438,303.85125654835844,11.326944444444559,120.51300000002641,12.10310380087516,1.953867712687427,833.0913997537865,308.84548844920425
373014.0,4.8532,4.0972,7.746,0.0462,0.1248,9.8057,-0.0996,0.0328,0.0724,97.23,-85.0,-42.42,53.043224,-1.804445,11.45,4.0,122.84,21 / 21,-2.0610931500428338,-8.19355478709561,2.2780212508126536,22.310631814718043,-5.7891566799102945,80.74589012426733,False,62.69999999999999,9.783981281031222,-6.069872126982439,856.598422095737,303.23968445221806,11.513888888880707,121.81499999994301,11.845074431074057,2.1236826601131717,834.2877902810189,309.0288411321284
373114.0,1.8772,1.6376,8.6671,-0.0254,0.0106,9.8065,-0.1216,0.5642,-0.2535,103.23,-84.94,-34.11,53.043224,-1.804445,11.45,4.0,122.84,21 / 21,-1.7938464257723554,-8.56117135780729,2.1180112508127085,22.11788483592735,-6.626892987155154,80.96569174934852,False,62.799999999999955,9.886114061232954,-5.894476123311854,857.58120441976,302.66147083476557,11.510000000000117,120.80500000002986,11.67996048700531,2.6666952344954353,835.4633195838326,309.2883638219207
373214.0,3.9579,0.9986,8.6084,0.0323,0.0716,9.8062,-0.0557,0.2813,-0.1941,107.45,-84.71,-28.09,53.043224,-1.804445,11.45,4.0,122.84,21 / 21,-1.7103194666661152,-8.86930307418612,2.001121250812682,21.942676541305385,-7.498416708755022,81.17164837442984,False,62.89999999999998,9.818745637240944,-6.388069114554324,858.5506155557239,302.02765975165096,11.713888888885876,123.04799999996685,11.52906510390706,2.4812339596317967,836.6079390144185,309.526076460406
373314.0,-3.3463,-2.0123,9.6533,0.0,0.0589,9.8065,-0.0855,0.5568,-0.192,108.48,-84.26,-28.09,53.043224,-1.804445,11.45,4.0,122.84,21 / 21,-1.7271631224860435,-8.878445772980903,1.9335412508126668,21.77080241184774,-8.385804151113575,81.36838149951114,False,63.0,9.948505590073738,-6.212412662740039,859.5467690678611,301.4160876548003,11.728888888888887,121.983,11.675668712559782,2.666033110240864,837.7759666560133,309.8018918059139
373414.0,3.1541,3.0369,10.2071,0.0393,0.0965,9.806,-0.1443,0.839,-0.5353,108.03,-84.17,-29.13,53.043224,-1.804445,11.45,4.0,122.84,21 / 21,-1.636697784608659,-8.880975756221707,1.9458962508126627,21.602609366493063,-9.273775227573402,81.56235337459235,False,63.099999999999966,10.105714712774374,-6.3944940066031215,860.5496081739292,300.7822765738525,11.958888888875421,122.32399999998003,11.742412497383032,2.4864817496185854,838.9469988074361,310.05605180142595
373514.0,5.6702,4.7956,8.9159,0.046,0.093,9.806,-0.0271,0.6217,-0.1979,104.5,-84.09,-30.68,53.042652,-1.802797,14.91,6.0,116.0,22 / 22,-1.3428564443337794,-9.407311121902985,1.9213812508126573,21.453631655045907,-10.188189571479844,81.75571724967365,False,63.19999999999999,10.153603478561267,-6.348618857683257,861.5658184681835,300.1484654914436,11.974999999999294,122.01600000001349,11.496459922895047,3.0586922642197285,840.1121868131376,310.3366550629234
373614.0,6.8318,7.5933,9.1198,-0.0047,-0.0851,9.8062,-0.1056,0.8534,-0.5079,106.72,-84.6,-26.58,53.042652,-1.802797,14.91,6.0,116.0,22 / 22,-0.8793022988433828,-10.172637867142734,1.8425012508126843,21.342523717887087,-11.167187020931797,81.94391137475485,False,63.299999999999955,10.203312667648564,-6.380195325872392,862.5820287624116,299.5146544104497,12.033888888887148,122.01799999999994,11.082614966491947,3.7924425412703426,841.2395050445245,310.6818414313815
373714.0,2.9734,0.6556,9.6992,0.0377,0.04,9.8065,-0.0227,0.27,-0.0311,112.02,-84.72,-23.11,53.042652,-1.802797,14.91,6.0,116.0,22 / 22,-0.6020052053105215,-10.756008978119976,1.8027862508126753,21.268458342679374,-12.213619363195171,82.12617574983615,False,63.39999999999998,10.253616712395884,-6.5496474278716175,863.5982390566669,298.85860434248275,12.166944444442478,122.56899999999186,10.855621917706404,4.206361550248358,842.3297807139875,311.0722237056779
373814.0,-1.7316,-4.434,9.7071,-0.0704,-0.0877,9.8059,-0.1936,0.707,-0.3402,112.83,-84.5,-19.86,53.042652,-1.802797,14.91,6.0,116.0,22 / 22,-0.7606347797284312,-10.73917922169601,1.792436250812673,21.20032634342741,-13.288378773186215,82.30593687491746,False,63.5,10.183122439675355,-6.459165473429839,864.6144493509221,298.22479326078076,12.058888888888887,122.387,10.943757219403786,4.28001374826617,843.4141230074947,311.51317203396695
373914.0,3.1063,1.3037,7.5682,-0.0735,-0.0458,9.8062,-0.0806,0.7116,-0.4753,109.38,-83.93,-22.7,53.042652,-1.802797,14.91,6.0,116.0,22 / 22,-0.8840111814672783,-10.739517537913008,1.675536250812713,21.118094045367652,-14.3623136111663,82.47933549999867,False,63.599999999999966,10.29223191422411,-6.749681013359636,865.6440308331624,297.54650420871894,12.308055555540966,123.25699999994907,11.176243095691389,3.989836524553372,844.5259367877948,311.90881781988526
374014.0,-2.6962,-2.9763,10.4295,-0.061,-0.0629,9.8062,0.1177,0.2653,-0.2393,114.61,-84.03,-16.59,53.042652,-1.802797,14.91,6.0,116.0,22 / 22,-0.9158009990484223,-10.721717775406258,1.5947562508126947,21.028103436341848,-15.435375376832507,82.64285012507997,False,63.69999999999999,10.288998098531602,-6.629790202448759,866.666926721475,296.8904541414574,12.240000000002977,122.79600000002019,11.204799097580024,4.091927572957499,845.6388232851331,312.3258295182899
374115.0,3.5522,3.0349,8.1766,-0.0045,-0.0305,9.8065,-0.1554,0.6524,-0.3019,114.46,-84.07,-16.67,53.042652,-1.802797,14.91,6.0,116.0,22 / 22,-0.8926650118989382,-10.762335615485652,1.5438926508126953,20.936775902789005,-16.52032007307254,82.80135189461205,False,63.80099999999999,10.399642004328435,-6.680614304700267,867.7136901804646,296.2277323778934,12.3605499999984,122.71625000000799,11.292307016227372,4.081721310785385,846.7769142776756,312.74805245096593
374215.0,0.5465,-2.0024,10.5775,-0.0139,0.0329,9.8065,0.0588,-0.2583,0.0616,118.09,-83.88,-13.03,53.042652,-1.802797,14.91,6.0,116.0,22 / 22,-0.8918377863096022,-10.965189325296507,1.50093265081271,20.84755076287861,-17.606696320111276,82.95359315969327,False,63.900999999999954,10.478089699332847,-6.65891148671058,868.7633284449237,295.5607852080561,12.414980555555585,122.43629000001147,11.36992748564245,4.306277838585927,847.915777682045,313.16748152816734
374314.0,2.2981,2.4944,9.9664,-0.0013,0.0128,9.8066,0.0089,0.1678,-0.0187,119.71,-83.78,-11.76,53.042652,-1.802797,14.91,6.0,116.0,22 / 22,-0.9041820674746438,-11.105452373909811,1.5469973508127317,20.758647780116245,-18.6991930842225,83.1044656947738,False,64.0,10.564238149918465,-6.517731241552991,869.8024703267129,294.92230393896966,12.413055555555555,121.673,11.468420217393108,4.58772113235682,849.0438225465966,313.62149702319215
374414.0,-0.0426,0.0116,9.5905,-0.0184,-0.0208,9.8065,0.115,0.2867,-0.1137,119.76,-83.85,-11.19,53.042652,-1.802797,14.91,6.0,116.0,22 / 22,-0.8139427692752075,-11.269151261321884,1.5441773508127328,20.672741538278782,-19.817923265983705,83.25902442985502,False,64.09999999999997,10.46850461019543,-6.679709200793986,870.8387374030362,294.26625387175756,12.418055555555261,122.54099999994918,11.282447379470637,4.589442060527898,850.1659958647575,314.0841771377413
374514.0,2.3186,2.1052,8.9904,-0.0129,-0.0666,9.8063,0.0065,0.3346,-0.1987,116.7,-83.97,-11.8,53.042652,-1.802797,14.91,6.0,116.0,22 / 24,-0.7330639851006104,-11.42111942577123,1.492557350812721,20.595391200559973,-20.952436800338617,83.41086116493632,False,64.19999999999999,10.600785129350593,-6.557406472172271,871.8950612614988,293.6213232976296,12.464999999997945,121.74000000003505,11.333849114451203,4.863712953598959,851.2996700609388,314.5737600979682
374615.0,0.2723,0.4868,10.7249,-0.0052,-0.0513,9.8065,-0.0041,0.0335,0.072,118.26,-83.94,-9.72,53.042652,-1.802797,14.91,6.0,116.0,22 / 24,-0.6377683587784919,-11.599442062436935,1.497708350812721,20.52616416719408,-22.11497515549312,83.56186958286841,False,64.30099999999999,10.691834306604948,-6.7065927184484,872.9687008085443,292.9474820423409,12.621161111110967,122.09853000000138,11.32960266538344,4.892849343988535,852.4425366413502,315.062457197834
374715.0,-0.2296,1.6328,8.2936,0.0126,-0.0346,9.8065,-0.2029,0.4511,0.036,110.9,-84.11,-13.59,53.042652,-1.802797,14.91,6.0,116.0,22 / 24,-0.5050107625326066,-11.641638521131133,1.467968350812731,20.469025211128542,-23.27702918467113,83.71015341794963,False,64.40099999999995,10.703506992745872,-6.700341515534794,874.0319776848522,292.28031248195515,12.627738888886467,122.04643000000829,11.208517755278478,4.941297005596339,853.5629524737237,315.55734166662626
374814.0,1.5607,-2.0246,11.2256,0.0481,0.0384,9.8064,0.1119,-0.3061,0.3988,111.18,-84.14,-14.9,53.042652,-1.802797,14.91,6.0,116.0,22 / 24,-0.5097605948018546,-11.693668231037288,1.463310400812729,20.418794028940464,-24.432126868904007,83.85525171615515,False,64.5,10.904903412476864,-6.681224481851815,875.1108319952867,291.6198146178659,12.788888888888888,121.495,11.414664007278718,5.012443749185473,854.6920379663462,316.0519414867699
374914.0,1.6488,1.4759,9.585,-0.0136,0.0081,9.8066,0.1186,-0.0068,-0.0101,105.73,-84.11,-18.27,53.042652,-1.802797,14.91,6.0,116.0,22 / 24,-0.5464125520850992,-11.825501216299147,1.5231754008127085,20.365985371596135,-25.608085341270428,84.00457600623638,False,64.59999999999997,10.927247429265714,-6.658507579592909,876.1938982298454,290.9526450582289,12.796111111110688,121.35600000000814,11.473659981350814,5.166993636706238,855.8279128582493,316.56073039949933
375015.0,1.8082,1.2483,10.4752,-0.0005,-0.0047,9.8066,-0.0489,0.1691,0.1044,101.98,-84.27,-19.55,53.042652,-1.802797,14.91,6.0,116.0,22 / 24,-0.41730716417801195,-12.021502132510204,1.5457438508127084,20.31731752592485,-26.81235901038529,84.15955642844347,False,64.70099999999996,10.975530603221221,-6.617141537864556,877.2945475768267,290.29014568521933,12.81596111111177,121.08575000000987,11.392837767399234,5.404360594645648,856.9772300509019,317.10250469560464
375115.0,1.1242,1.6226,10.2044,0.0126,0.0212,9.8065,-0.0965,0.1547,-0.0583,103.92,-84.1,-17.9,53.042652,-1.802797,14.91,6.0,116.0,22 / 24,-0.2730323337736531,-12.189695971043443,1.5990588508127206,20.282800551027258,-28.02291891556325,84.31679656352478,False,64.80099999999999,10.989142015359896,-6.567047948145167,878.3843662614621,289.64510391546077,12.801849999997852,120.86230000000204,11.262174349133549,5.622648022898276,858.1015657104349,317.668022831024
375214.0,1.3066,1.1623,9.5651,0.0309,0.0034,9.8066,-0.0123,0.1486,0.0293,106.91,-84.38,-14.01,53.042652,-1.802797,14.91,6.0,116.0,22 / 24,-0.13556372393162544,-12.33601354822009,1.6067907508127197,20.26257504617085,-29.236941536766665,84.47548611880522,False,64.89999999999998,11.059914022599251,-6.591200710999801,879.469839309986,288.9956143488734,12.874999999998908,120.79300000000104,11.195477746530877,5.744812837220288,859.2072642638152,318.23255588564007
375314.0,-0.2028,1.8141,10.3422,0.006,-0.0083,9.8066,0.1208,0.0524,-0.0103,106.08,-84.56,-13.13,53.042652,-1.802797,14.91,6.0,116.0,22 / 24,0.02814545979673444,-12.425810198288838,1.621490750812723,20.2572041329641,-30.475032724092394,84.63690019388653,False,65.0,11.151827534518716,-6.649670166208435,880.5796479207985,288.32844478918764,12.983888888888888,120.807,11.123682074721982,5.776140032080403,860.3224437878343,318.80347751328003
375415.0,2.3362,3.3285,9.3258,0.0003,0.0248,9.8066,0.0628,-0.0003,0.1352,103.91,-84.96,-12.66,53.042652,-1.802797,14.91,6.0,116.0,22 / 24,0.29117369345256755,-12.590248706176771,1.624253100812723,20.273329750203192,-31.738343698767896,84.80081025839361,False,65.101,11.271811785188596,-6.649950499864408,881.7141263735452,287.6656118321557,13.087230555549054,120.53900999998834,10.98063809173603,5.940298206312363,861.4407966233421,319.4039555309236
375514.0,1.8096,2.1199,10.2916,0.0093,0.0207,9.8066,0.1774,-0.0661,0.0905,103.9,-85.13,-12.25,53.042652,-1.802797,14.91,6.0,116.0,20 / 22,0.5401596167414581,-12.84766830894107,1.624456050812723,20.314480749057793,-32.9975205910161,84.96162136139905,False,65.19999999999999,11.343906628444477,-6.745698840930787,882.832693112572,286.9941056698652,13.198055555550658,120.7379999999912,10.803747011703019,6.101969468010283,862.5182123635142,319.9916262608813
375615.0,0.4865,1.1372,11.5522,0.0279,0.0152,9.8065,0.1084,0.1818,0.0259,100.89,-85.45,-14.6,53.042652,-1.802797,14.91,6.0,116.0,20 / 22,0.71092697272514,-12.989360589325546,1.737096300812722,20.377660621825857,-34.30229055037855,85.13137975515613,False,65.30099999999999,11.298739792779871,-6.628931263687698,883.9672384213411,286.33138390630734,13.099780555552965,120.4,10.587812820054731,6.360429325637848,863.5895777995153,320.63367445668587
375715.0,0.7401,0.8707,11.5021,0.0514,-0.0284,9.8065,0.0155,0.2591,-0.1153,103.23,-86.01,-12.24,53.042652,-1.802797,14.91,6.0,116.0,20 / 22,0.8327186072450914,-13.062127474232382,1.9091463008126635,20.454842900824342,-35.604864953556,85.31369188523733,False,65.40099999999995,11.375807699903651,-6.6740095943362405,885.1037894083273,285.664214347315,13.189063888887388,120.39949000000077,10.54308909265856,6.388117879896141,864.648946507503,321.269079300871
375814.0,0.215,3.0721,11.1459,0.0363,0.0185,9.8065,0.0656,-0.1568,-0.0149,108.16,-86.54,-5.69,53.042652,-1.802797,14.91,6.0,116.0,20 / 22,1.0441350103672133,-13.159711119446637,2.0593639508127337,20.547747154896197,-36.902845963943726,85.51013314269288,False,65.5,11.467829484297205,-6.7144214062209615,886.2289748854447,285.00371648252553,13.28888888888889,120.349,10.423694473929991,6.445289713225676,865.6812277305485,321.90656244646925
375914.0,-1.2489,-2.3835,9.2598,0.0383,0.0855,9.8062,-0.0588,-0.3705,0.3179,110.3,-86.66,-1.72,53.042652,-1.802797,14.91,6.0,116.0,20 / 22,1.1339649057263186,-13.114673378122099,2.09898395081272,20.656652150700836,-38.21656518882171,85.71805053777408,False,65.59999999999997,11.325125549687684,-6.626091462860476,887.3588402782918,284.35878590844555,13.121111111120934,120.33100000000105,10.191160643961364,6.488581915261623,866.702188127591,322.5753510972673
376015.0,2.0205,2.2868,10.0901,0.0349,0.0543,9.8064,-0.1526,0.2416,-0.0338,108.55,-86.71,-4.84,53.042652,-1.802797,14.91,6.0,116.0,20 / 22,1.1576995616114583,-13.144116810272115,2.08568225081272,20.772381206301393,-39.54263409333561,85.92937618095615,False,65.70099999999996,11.431066743430165,-6.8155596214092435,888.5070241989085,283.66270566760596,13.308694444436767,120.8048000000272,10.273367181818706,6.328557188862871,867.7346429926072,323.20533976094157
376114.0,4.1895,2.0179,7.6085,-0.0008,0.0792,9.8063,0.063,-0.22,0.1091,116.65,-86.58,3.44,53.042652,-1.802797,14.91,6.0,116.0,20 / 22,1.2664521745143258,-13.504097184002612,1.9909046008127302,20.892376717239607,-40.86172068605207,86.13116723011159,False,65.79999999999995,11.653169985808942,-6.779856582907037,889.6586846284379,283.00220780351714,13.48194444443927,120.19100000001833,10.386717811294616,6.724240601095575,868.7663079111983,323.8639284895692
376214.0,3.4261,4.7977,7.4662,-0.064,-0.0598,9.8063,-0.0993,0.5561,-0.2693,105.13,-86.18,-2.75,53.042652,-1.802797,14.91,6.0,116.0,20 / 22,1.4867579919335918,-13.962432067768042,1.7639746008126787,21.030037225562033,-42.23504714864091,86.31891119019289,False,65.89999999999998,11.426139582998182,-6.714671681368625,890.7885500213688,282.3239187506985,13.253055555558939,120.44099999999631,9.93938159106459,7.247760386399417,869.7585127958067,324.5589658993394
376314.0,-0.4554,1.8133,7.7937,-0.0444,0.0218,9.8064,-0.1294,0.0848,0.1095,106.13,-85.63,-1.96,53.042652,-1.802797,14.91,6.0,116.0,20 / 22,1.804101632915147,-14.188173288029608,1.546304600812629,21.194580206804506,-43.64257741643111,86.48442515027419,False,66.0,11.731293976028498,-6.9174327763917365,891.9652145726166,281.63451020545415,13.618888888888888,120.526,9.92719234311335,7.270740511637872,870.770634365812,325.27708762188524
376414.0,-1.1075,-3.3022,10.071,-0.039,-0.1184,9.8058,-0.0425,0.5105,-0.0878,103.54,-85.27,-6.6,53.042652,-1.802797,14.91,6.0,116.0,20 / 22,1.7869428655317239,-14.092930626485662,1.458874600812659,21.37413243172679,-45.05663261215639,86.63468411035541,False,66.09999999999997,11.656795862661035,-7.046543700104206,893.1218223416096,280.933982167128,13.62111111111098,121.1529999999633,9.86985299712931,7.046386926381456,871.7476899098828,325.99061477928444
376514.0,-0.0853,0.9916,9.6195,0.0172,-0.0892,9.8061,-0.0652,0.6078,-0.3078,87.21,-85.18,-19.12,53.042652,-1.802797,14.91,6.0,116.0,21 / 22,1.7238255915068543,-13.98182434814037,1.4627346008126598,21.549670854578757,-46.460370360888014,86.7807645704367,False,66.19999999999999,11.677643546058263,-7.031346338692799,894.2851157047705,280.22233463703276,13.631111111110675,121.05300000000437,9.95381795455141,6.95047800944757,872.7354448501918,326.6827049979208
376614.0,-0.3233,-5.0584,12.8367,0.005,-0.1134,9.8059,0.0598,0.1755,-0.1878,89.16,-85.41,-18.63,53.042652,-1.802797,14.91,6.0,116.0,21 / 22,1.5537009142230394,-13.946288477597781,1.6048796008126114,21.713547179865195,-47.85677600217444,86.93414528051791,False,66.29999999999995,11.81209974159433,-6.856878389853938,895.4684658500478,279.5440455835055,13.658055555554759,120.13500000002713,10.258398827371291,7.089410087743843,873.7549186701826,327.40082158568
376714.0,0.4803,-0.2405,11.7325,0.038,-0.0535,9.8064,0.0166,0.5045,-0.1767,84.99,-85.85,-26.14,53.042652,-1.802797,14.91,6.0,116.0,21 / 22,1.3240393460187627,-13.941758501894029,1.8526746008126678,21.857434192877317,-49.25117835114935,87.10702299059922,False,66.39999999999998,11.9152699524402,-7.083773411202255,896.6585015893568,278.8323980534106,13.86194444444143,120.73199999999117,10.591230606421437,6.857985090691773,874.8010673964794,328.08357640455995
376814.0,-0.8275,-3.2458,9.0454,0.0085,0.0439,9.8065,0.0038,-0.1603,0.1343,90.64,-86.26,-19.46,53.042652,-1.802797,14.91,6.0,116.0,21 / 22,1.185888669732857,-13.906940082122432,1.910904600812681,21.98293059366493,-50.643613280350486,87.29520195068054,False,66.5,11.818658270958453,-7.289951883546886,897.8351661406055,278.09851153846375,13.886111111111111,121.667,10.632769601225597,6.616988198575546,875.8522355469405,328.74212481881426
376914.0,1.7853,1.2325,7.1833,-0.05,-0.0248,9.8064,-0.1881,0.1163,-0.2007,91.06,-86.05,-16.42,53.042652,-1.802797,14.91,6.0,116.0,21 / 22,1.1184567329734498,-13.939319679810694,1.7416746008127388,22.098147863800204,-52.035926268446666,87.47783091076174,False,66.59999999999997,11.960787951930664,-7.077817445670354,899.0318874738572,277.39798350084493,13.898055555554855,120.61500000006158,10.842331218957215,6.86150223414034,876.9337396100569,329.4339097692916
377014.0,0.6517,1.1997,7.4061,-0.0323,0.0494,9.8064,-0.1257,-0.1105,0.161,97.09,-85.5,-11.75,53.042652,-1.802797,14.91,6.0,116.0,21 / 22,1.2690779374738415,-14.056601861010643,1.490479600812682,22.217524597322594,-53.43572234548805,87.63943862084305,False,66.69999999999999,11.984281920485778,-7.365861311020848,900.2219232131666,276.6529774920601,14.066944444437054,121.57599999995793,10.715203983011936,6.690740549989795,878.004398615844,330.0886998375481
377114.0,1.4579,2.7491,8.4323,-0.0526,-0.0224,9.8064,-0.068,0.0594,-0.061,97.97,-84.7,-9.5,53.042652,-1.802797,14.91,6.0,116.0,21 / 22,1.4865151028750059,-14.17687129879675,1.3017346008127464,22.35530424933999,-54.84739600347794,87.77904933092428,False,66.79999999999995,11.958053987192706,-7.7834667196327585,901.4119589524752,275.86349351215773,14.268055555549612,123.05999999995613,10.4715388843177,6.393404579163991,879.0566547031352,330.7108895156357
377214.0,1.0018,1.9614,9.005,-0.0092,0.0531,9.8065,0.0414,-0.3809,0.148,98.9,-84.4,-9.32,53.042652,-1.802797,14.91,6.0,116.0,21 / 22,1.7377523473230365,-14.322629007485496,1.1929346008127217,22.51651762184993,-56.27237101879238,87.90378279100558,False,66.89999999999998,12.23555819749271,-7.329793269706254,902.6354226620147,275.14072649034154,14.26305555555563,120.92400000003157,10.497805850169673,6.992835737779242,880.1189050401647,331.41309750913393
377314.0,-0.267,-2.7576,11.34,0.0048,0.026,9.8065,0.1232,-0.2295,0.2395,103.93,-84.31,-7.71,53.042652,-1.802797,14.91,6.0,116.0,21 / 22,1.73280326850937,-14.33288393868859,1.22951960081273,22.690045402641587,-57.705146666101406,88.02490550108688,False,67.0,12.185274898148526,-7.418962319025438,903.852200777445,274.39572048084705,14.26611111111111,121.335,10.452471629639156,6.913921619663153,881.1621553748034,332.1008671469485
377414.0,1.31,1.089,11.9127,0.035,0.013,9.8065,0.063,-0.0552,0.0561,96.01,-84.78,-9.97,53.042652,-1.802797,14.91,6.0,116.0,21 / 22,1.6857356277591526,-14.348415232659482,1.411489600812668,22.860972347454954,-59.13921162466832,88.15695596116811,False,67.09999999999997,12.28903991744346,-7.302501140529284,905.0756644869223,273.67295345767116,14.294999999998309,120.72000000003601,10.603304289684308,7.045914092130198,882.2146921394673,332.81216508233945
377514.0,1.245,-0.9978,10.4249,0.0352,0.0183,9.8065,0.0289,-0.0687,0.166,95.47,-85.04,-11.17,53.042652,-1.802797,14.91,6.0,116.0,21 / 21,1.712992561580565,-14.464630363265824,1.5477046008126991,23.030908756921978,-60.579863904464915,88.3049156712494,False,67.19999999999999,12.393523168744075,-7.3283413707699285,906.3124993845227,272.93906694201735,14.398055555551045,120.59600000000543,10.68053060716351,7.136288992495896,883.2815906276006,333.51893084648225
377614.0,1.2218,0.4377,9.1473,-0.0231,0.0333,9.8065,0.0311,-0.0713,0.015,92.28,-85.17,-14.05,53.042652,-1.802797,14.91,6.0,116.0,21 / 21,1.7119767978168634,-14.57077060770636,1.5456496008126999,23.202157224891792,-62.03163395301303,88.45958338133062,False,67.29999999999995,12.374343705618958,-7.3780530006573875,907.5493342821229,272.20518042565595,14.406944444444182,120.80499999999383,10.662366907802095,7.192717607048972,884.3471770572311,334.236814378669
377714.0,1.1469,1.6671,7.8199,0.0116,0.0203,9.8066,0.039,0.0797,0.0178,94.38,-85.11,-10.83,53.042652,-1.802797,14.91,6.0,116.0,21 / 21,1.8451724753012415,-14.682906870621634,1.4133446008126698,23.38001468854774,-63.49431782692976,88.60753309141192,False,67.39999999999998,12.594656841316661,-7.485297311362664,908.8062259618409,271.4601744168688,14.651111111107502,120.7240000000012,10.74948436601542,7.197609559258971,885.4262112732932,334.9544922437986
377815.0,1.7825,0.2955,10.5699,0.0164,0.0074,9.8066,0.0812,-0.0394,-0.0676,94.24,-85.43,-11.37,53.042652,-1.802797,14.91,6.0,116.0,21 / 21,1.968525876483421,-14.825111153499721,1.3515578508126704,23.57260645531286,-64.98447273714787,88.747160665219,False,67.50099999999998,12.487676721845034,-7.4375449212585485,910.0621816583879,270.70760715448455,14.53476111111104,120.77760999999961,10.519150845361613,7.387566232241173,886.489575203075,335.69207989163243
377915.0,-1.5794,-0.0537,8.994,-0.006,0.0117,9.8066,-0.0627,-0.1611,0.1244,99.42,-85.47,-9.43,53.042652,-1.802797,14.91,6.0,116.0,21 / 21,2.0226908264908974,-14.825593277336656,1.34908785081267,23.772167290461624,-66.46700795869002,88.8821929503003,False,67.601,12.502611748872154,-7.582750355723326,911.3057690058959,269.95148165331875,14.622361111103853,121.23650999998542,10.479920922381256,7.24284292161333,887.5336017154342,336.4184896120088
378014.0,1.328,0.1266,8.603,-0.0032,0.0436,9.8065,-0.0395,-0.1184,0.2514,96.67,-85.3,-8.3,53.042652,-1.802797,14.91,6.0,116.0,21 / 21,2.067091614735058,-14.803761076216034,1.2492810008126807,23.974611521302286,-67.93366099919072,89.01081220845573,False,67.69999999999999,12.57514328811507,-7.70152998984277,912.5434730307006,269.2029174064178,14.746111111105641,121.48499999998901,10.508051673380013,7.102231086373264,888.5688615093983,337.1365784056085
378115.0,-0.0126,-1.1784,10.9043,-0.0151,-0.0014,9.8065,0.1028,-0.2192,0.0482,93.27,-85.29,-12.75,53.042652,-1.802797,14.91,6.0,116.0,21 / 21,2.042013427397311,-14.854652709781892,1.2439280008126807,24.18212132592997,-69.4314108953836,89.13671926303782,False,67.80099999999999,12.607870569949021,-7.684651589800316,913.8131341950628,268.4279999628433,14.765238888884962,121.36283000000341,10.56585714255171,7.170001119981576,889.6310128691329,337.85941085822685
378215.0,0.5243,2.5624,8.797,-0.0254,0.0143,9.8066,0.0591,0.0058,-0.0599,91.14,-85.48,-13.19,53.042652,-1.802797,14.91,6.0,116.0,21 / 21,2.145556229433363,-14.865417166041677,1.2483280008126794,24.39149980877143,-70.91741438917428,89.26133206311904,False,67.90099999999995,12.737530006615378,-7.72797049714516,915.0899489450178,267.660866164129,14.89853055555609,121.24555000000215,10.591973777182016,7.1374466688965175,890.6984491362464,338.5782805533033
378315.0,0.2815,-3.8663,9.8694,-0.0083,0.0579,9.8065,0.066,-0.3024,0.2292,91.94,-85.46,-13.35,53.042652,-1.802797,14.91,6.0,116.0,21 / 21,2.1140467402478755,-14.887289524333745,1.2009830008126687,24.604479957255542,-72.4050497236934,89.38379761320034,False,68.00099999999998,12.72730240738665,-7.678388679754456,916.3536599306728,266.9045182730609,14.8641138888888,121.10259999999995,10.613255667138775,7.208900844579289,891.7491799734173,339.30956799675425
378415.0,0.2546,-0.7248,10.6666,-0.0056,-0.0803,9.8062,0.017,0.3867,-0.1933,90.62,-85.47,-13.75,53.042652,-1.802797,14.91,6.0,116.0,21 / 21,1.9185213498680287,-14.892583934513814,1.2471180008126794,24.806108361761382,-73.8940433966361,89.50620266328164,False,68.101,12.808945857373848,-7.746737680239743,917.6306083924172,266.1261537863522,14.969338888886275,121.1651699999816,10.89042450750582,7.145846254274071,892.8245000306558,340.0201971829883
378514.0,1.0269,3.3643,9.4617,0.0022,-0.005,9.8066,-0.039,0.2754,-0.0817,85.87,-85.38,-18.71,53.042652,-1.802797,14.91,6.0,116.0,18 / 20,2.085618484813793,-14.927306962315097,1.272610500812677,25.00431328357811,-75.37012799602898,89.63092922411208,False,68.19999999999999,12.80431907559639,-7.840042893897976,918.8947873696608,265.35557294514865,15.013888888886918,121.47899999998613,10.718700590782596,7.087264068417121,893.8904740860827,340.72570094117765
378614.0,-0.4993,-1.5843,11.9949,0.0354,-0.055,9.8064,0.0705,0.1556,-0.1296,84.98,-85.63,-23.59,53.042652,-1.802797,14.91,6.0,116.0,18 / 20,2.2088649779105083,-14.930453622109269,1.3647755008126454,25.21903745671425,-76.86301602524969,89.7627985241933,False,68.29999999999995,12.786442009957593,-7.798446359243589,920.1717358314961,264.58832795080247,14.976944444445538,121.37900000000296,10.577577032047085,7.13200726286568,894.9526983747819,341.45134397605216
378714.0,1.5733,1.5581,11.2249,0.0186,-0.0136,9.8066,0.2028,0.1638,-0.1681,82.61,-86.02,-20.56,53.042652,-1.802797,14.91,6.0,116.0,18 / 20,2.247479812710001,-14.96157053888695,1.5451005008126866,25.441854696245326,-78.35761723329985,89.9082923242746,False,68.39999999999998,12.796110991888275,-7.862987151207075,921.4419986993022,263.79884397160566,15.01888888888827,121.56999999999717,10.548631179178274,7.0985833876798745,896.0001440030569,342.1564612049055
378815.0,1.0506,-0.6895,11.6043,0.0215,-0.0088,9.8066,0.0085,0.1953,-0.1066,86.16,-86.65,-19.52,53.042652,-1.802797,14.91,6.0,116.0,18 / 20,2.3373854607063294,-15.06672603595403,1.7075034508126852,25.673390392552847,-79.87404621032931,90.07254882383168,False,68.50099999999998,12.748810722913841,-7.849411637828862,922.7318503576627,263.0125846450425,14.971488888888768,121.6205300000002,10.411425262207512,7.217314398125168,897.0584599651098,342.88663085537183
378915.0,1.6508,-1.2385,10.901,0.0359,-0.012,9.8066,0.0055,0.2104,-0.1859,83.95,-87.13,-19.63,53.042652,-1.802797,14.91,6.0,116.0,18 / 20,2.2863691591231032,-15.191832267258413,1.852103450812718,25.904578123544372,-81.38697412549028,90.25052916891299,False,68.601,12.90890416772464,-7.872031438625689,924.0223037193731,262.22310066590904,15.119811111105754,121.37543000000332,10.622535008601536,7.319800828632723,898.1177255958287,343.6100747913993
379015.0,-0.7862,-3.0496,8.7792,-0.0135,-0.0606,9.8064,-0.0169,0.3931,-0.2917,91.32,-87.33,-16.2,53.042652,-1.802797,14.91,6.0,116.0,18 / 20,2.115422459509899,-15.220929380636182,1.855448450812717,26.124667704475947,-82.9076122078845,90.4359067639942,False,68.70099999999996,12.993160233700698,-7.906307935734215,925.3257271336226,261.4337278823361,15.209600000006628,121.32042999999373,10.877737774190798,7.314621444901967,899.2010594291467,344.34134009022057
379114.0,-1.1236,0.7476,9.565,-0.0103,-0.0723,9.8063,-0.1443,0.6484,-0.3808,82.21,-87.25,-22.03,53.042652,-1.802797,14.91,6.0,116.0,18 / 20,2.0273723951095333,-15.101411238567705,1.7926280008127236,26.329736049779587,-84.40856806853493,90.61648654834964,False,68.79999999999995,12.84597685529376,-7.860310339508963,926.5899061108662,260.6631470404323,15.060000000004466,121.46199999999578,10.818604460184226,7.2411008990587415,900.2601700610866,345.0717151089672
379215.0,-0.2569,-4.06,10.0572,0.0322,0.0084,9.8066,0.0036,-0.0785,-0.0874,100.38,-87.5,-3.15,53.042652,-1.802797,14.91,6.0,116.0,18 / 20,1.8921945802984341,-14.975854845867255,1.7930774508127236,26.52767418203769,-85.92747000579888,90.79756467365672,False,68.90099999999995,12.856679953125928,-7.948896014490618,927.8865102191716,259.8547599232418,15.115530555554766,121.72726000000556,10.964485372827493,7.026958831376637,901.3588360371339,345.7822299290407
379315.0,1.0326,2.1699,10.7063,0.0208,-0.0227,9.8065,0.0445,0.3238,-0.2632,111.3,-87.65,8.47,53.042652,-1.802797,14.91,6.0,116.0,18 / 20,1.8140781138810702,-15.008766021368944,1.850587450812737,26.712987816746708,-87.42670104916103,90.97974791873804,False,69.00099999999998,12.953115871358586,-7.893574471195832,929.1835154631506,259.0761730473152,15.16877499999994,121.35794999999992,11.139037757477515,7.115191550173112,902.4705276464039,346.5028740964762
379415.0,0.3254,1.75,11.1305,0.0303,0.0277,9.8065,0.1159,-0.3518,0.1189,131.3,-87.69,25.23,53.042652,-1.802797,14.91,6.0,116.0,18 / 20,1.988027871759933,-15.170847307458894,1.9617624508127622,26.903093116028803,-88.93568171560275,91.17036541381935,False,69.101,13.002700941183944,-7.950808762913366,930.4807212748312,258.2757919649038,15.24093055555015,121.44473000004221,11.014673069424012,7.220038544545528,903.5776281588024,347.2114736805066
379514.0,-0.0396,1.535,10.7509,0.0206,-0.0193,9.8066,0.0826,-0.0036,-0.0277,142.2,-87.98,37.49,53.042652,-1.802797,14.91,6.0,116.0,19 / 22,2.124695107871556,-15.313151872710732,2.0740334008127506,27.10667290352054,-90.444639675021,91.3701373084748,False,69.19999999999999,13.180745705865052,-7.833934854652964,931.7846126806938,257.50521112370024,15.333055555551482,120.72500000003181,11.056050597993496,7.479217018057768,904.6779397771733,347.94985079872123
379615.0,1.2557,2.0708,10.004,0.0088,0.0214,9.8066,0.0183,-0.343,0.194,148.04,-88.34,44.33,53.042652,-1.802797,14.91,6.0,116.0,19 / 22,2.2077559952963206,-15.514920784620973,2.13168420081275,27.325461684230515,-92.00145734421623,91.58252604735688,False,69.30099999999999,13.202650562581361,-7.786646405989193,933.1081597329954,256.71895179713704,15.327813888886359,120.5311999999936,10.99489456728504,7.72827437863178,905.7826980487649,348.7204091413533
379715.0,-0.3455,-2.2452,10.5175,-0.0185,0.0069,9.8065,0.0918,-0.2689,0.173,141.11,-88.5,38.07,53.042652,-1.802797,14.91,6.0,116.0,19 / 22,2.1845201745498626,-15.55672134200147,2.1770942008127343,27.54507549272275,-93.55503945054683,91.79796496743808,False,69.40099999999995,13.246180864255296,-7.88106658050744,934.4251549031522,255.92946781794004,15.413388888889633,120.75133999999652,11.061660689705434,7.67565476149403,906.8800794104295,349.4845072684869
379815.0,-0.9238,1.9147,9.2168,-0.0233,-0.0051,9.8065,-0.0287,0.058,0.0306,126.89,-88.59,23.37,53.042652,-1.802797,14.91,6.0,116.0,19 / 22,1.9267484346737573,-13.167904041010479,1.8556725706908253,27.750638923183978,-94.99127071969775,91.9996033060133,False,69.50099999999998,13.170880910835452,-7.910314766581034,935.7353976233375,255.13987264381893,15.363769444444454,120.98865999999954,11.244132476161695,5.257589274429445,907.9847587001535,350.1311433635167
379915.0,-0.3789,-3.1484,9.7355,0.0024,0.0198,9.8066,-0.0637,-0.2508,0.1817,121.96,-88.6,18.29,53.042652,-1.802797,14.91,6.0,116.0,19 / 22,1.9443578486516218,-13.095708641157486,1.8226225706908177,27.944194237350292,-96.30445135380644,92.18351806308242,False,69.601,13.083472904426053,-8.031427493599173,937.0325365790776,254.33938036717714,15.351913888889067,121.54412000002834,11.13911505577443,5.064281147558313,909.0883423417273,350.6438317209836
380014.0,-0.0434,-0.0928,8.7069,-0.0006,0.0247,9.8066,-0.0256,0.1528,-0.0091,117.08,-88.52,13.07,53.042652,-1.802797,14.91,6.0,116.0,19 / 22,1.855859753610041,-12.996767919579526,1.7646630206908238,28.132305008662225,-97.59602894356279,92.36108869985578,False,69.69999999999999,13.148141858836556,-7.919264851194842,938.3298092467977,253.55779122777193,15.348888888889022,121.06100000002137,11.292282105226516,5.077503068384684,910.1975042381355,351.1538201713347
380114.0,-1.2198,-2.2927,7.0666,-0.0436,0.0183,9.8065,-0.1111,-0.0269,-0.1292,117.46,-88.15,16.07,53.042652,-1.802797,14.91,6.0,116.0,19 / 22,1.8165449876477746,-12.887783232703933,1.5726730206908894,28.315925245725055,-98.89025650117652,92.52795550192481,False,69.79999999999995,13.098384573188056,-7.80015041989336,939.6401856788642,252.77942674100012,15.24500000000307,120.77400000000848,11.281839585540283,5.087632812810573,911.3242604331392,351.66968324217663
380214.0,1.7965,-5.6147,6.9756,-0.108,-0.0359,9.806,-0.2464,0.1102,-0.1319,120.9,-87.22,17.58,53.042652,-1.802797,14.91,6.0,116.0,19 / 22,1.4932506035160988,-12.716994342374505,1.294118020690826,28.481415025283287,-100.17049537993074,92.67129505399393,False,69.89999999999998,13.135164625238598,-7.832304800834008,940.9505621109051,251.989942761803,15.293055555554844,120.80699999999952,11.6419140217225,4.884689541540498,912.4691470856219,352.1604381417337
380314.0,-1.7412,-0.3602,6.4636,-0.0592,0.0025,9.8065,-0.3532,0.1613,-0.0317,114.48,-85.58,10.36,53.042652,-1.802797,14.91,6.0,116.0,19 / 22,1.263266838263917,-12.5655146412735,0.9854130206907559,28.61924089737232,-101.43462082911343,92.78527160606303,False,70.0,13.103296769179831,-7.813612481648249,942.2609385429724,251.21157827573836,15.25611111111111,120.808,11.840029930915914,4.751902159625251,913.6416976456002,352.6461991048518
380415.0,-2.0896,-0.9746,10.0132,-0.0055,0.0359,9.8066,0.0321,-0.2335,0.0372,116.76,-84.66,9.58,53.042652,-1.802797,14.91,6.0,116.0,19 / 22,1.3245495075118199,-12.36253820628204,0.8270197706907573,28.74992562283399,-102.69348749791497,92.8767994620278,False,70.101,13.287893867682302,-7.790038913224876,943.6046092332356,250.42543014415568,15.40301388888913,120.38099999999419,11.963344360170481,4.572499293057163,914.8546836104016,353.11891764207064
380515.0,2.6266,2.4443,11.7339,-0.0088,-0.0203,9.8066,0.1529,0.2479,-0.1124,116.34,-84.86,9.61,53.042652,-1.802797,14.91,6.0,116.0,19 / 21,1.4167830531549055,-12.420797681096452,0.9337097706907209,28.88699225086728,-103.93265429228347,92.96483593909684,False,70.20099999999996,13.269612435221807,-7.810547873806101,944.9282231415091,249.64706565739144,15.397638888894374,120.48124999999452,11.852829382066902,4.6102498072903515,916.0412308906418,353.5797199496749
380614.0,0.96,-4.2134,12.8767,0.0475,0.0226,9.8065,-0.004,-0.2014,0.1446,114.56,-85.49,8.98,53.042652,-1.802797,14.91,6.0,116.0,19 / 21,1.2951714684889541,-12.54837351638172,1.1810761206906948,29.021233999688636,-105.16862826655851,93.06951784072021,False,70.29999999999995,13.146199531986177,-7.776189275952754,946.2254958092553,248.87648481618788,15.273888888892582,120.60499999999631,11.851028063497223,4.772184240428965,917.2042618095667,354.0451130827464
380716.0,0.5837,-2.412,11.2856,-0.0024,-0.0713,9.8064,-0.0888,0.1788,-0.0752,119.2,-85.73,11.0,53.042652,-1.802797,14.91,6.0,116.0,19 / 21,13.172418826176864,-7.755519424103824,1.4130751206907683,947.5688990758482,248.09389492196857,93.2018195540307,True,70.40199999999999,13.172418826176864,-7.755519424103824,947.5688990758482,248.09389492196857,15.285966666666772,120.48828000000339,0.0,0.0,0.0,0.0
380814.0,0.1408,-3.2843,9.3867,-0.0176,0.0543,9.8065,-0.0347,-0.2874,0.2065,118.96,-85.36,10.07,53.042652,-1.802797,14.91,6.0,116.0,19 / 21,12.947742363586622,-7.654097328935753,1.4649661206907754,948.8487869741468,247.33882370106951,93.34284357485842,False,70.5,13.197506224822,-7.698719057401489,948.859619861424,247.34199482820262,15.278888888888888,120.257,0.24976386123537786,-0.044621728465736865,0.010832887277160808,0.0031711271331005264
380914.0,0.5753,2.3935,8.8991,-0.0156,-0.0645,9.8064,-0.0702,0.3099,-0.1396,115.06,-84.91,8.3,53.042652,-1.802797,14.91,6.0,116.0,19 / 21,12.934289078676617,-7.65936068249789,1.3985911206907982,950.1428885462595,246.5731508004981,93.48602143692744,False,70.59999999999997,13.114475925526353,-7.6745388264663115,950.1699962933686,246.5747498346201,15.19500000000491,120.33599999999538,0.18018684684973607,-0.015178143968421764,0.027107747109084812,0.0015990341219946913
381014.0,-0.0436,2.4704,9.12,0.0203,0.0492,9.8064,0.2495,-0.4309,0.2421,118.03,-84.94,12.73,53.042652,-1.802797,14.91,6.0,116.0,19 / 21,13.178004582020563,-7.793795690504659,1.31888112069078,951.4485032292947,245.80049298184778,93.62189504899655,False,70.69999999999999,13.231915932133248,-7.627753717048022,951.4937439135224,245.807504840274,15.273055555552139,119.96200000001637,0.053911350112684886,0.16604197345663696,0.045240684227678685,0.007011858426210438
381114.0,1.5394,2.0251,10.1817,0.0325,-0.0571,9.8064,0.0728,-0.0471,-0.0462,120.08,-85.62,11.96,53.042652,-1.802797,14.91,6.0,116.0,19 / 21,13.374437318650028,-7.970475618139821,1.3033011206907854,952.7761253243278,245.01227941641582,93.75300416106559,False,70.79999999999995,13.224965347124153,-7.681362438592873,952.8108059396196,245.04025984663562,15.293888888888272,120.14899999999447,-0.149471971525875,0.2891131795469475,0.03468061529179067,0.02798043021979879
381214.0,1.4839,0.4554,10.5326,0.0357,0.048,9.8064,-0.0603,-0.3664,0.1926,121.68,-85.89,14.16,53.042652,-1.802797,14.91,6.0,116.0,19 / 21,13.441107457695708,-8.167319069685128,1.3583511206907979,954.1169025631455,244.2053896820244,93.88608677313469,False,70.89999999999998,13.116458836379206,-7.599369706713142,954.1211823716607,244.28413434542213,15.158888888890884,120.08700000000091,-0.3246486213165021,0.5679493629719863,0.004279808515207151,0.07874466339774244
381314.0,0.7348,-3.075,10.9786,-0.0154,0.0336,9.8065,0.0713,-0.1378,0.0586,122.27,-85.77,18.46,53.042652,-1.802797,14.91,6.0,116.0,19 / 21,13.30903156112572,-8.196495902493993,1.4532461206908196,955.4544095140868,243.38719893341525,94.02666663520381,False,71.0,13.176124024227635,-7.560397640884692,955.4315588037281,243.52800884491631,15.19111111111111,119.847,-0.13290753689808454,0.6360982616093009,-0.02285071035873898,0.1408099115010657
381414.0,0.2566,3.5623,9.362,-0.0005,0.0831,9.8062,-0.0695,-0.3897,0.1672,124.15,-85.53,19.75,53.042652,-1.802797,14.91,6.0,116.0,19 / 21,13.336621262399955,-8.261977962194022,1.4896111206908074,956.7866921552627,242.56427524018113,94.17380949727284,False,71.09999999999997,13.153039264114456,-7.642042390453626,956.7419352356727,242.76076384991916,15.211944444443224,120.15699999998185,-0.18358199828549893,0.6199355717403963,-0.044756919589985955,0.19648860973802584
381515.0,2.2915,-0.7515,9.9729,-0.0075,0.0659,9.8064,0.118,-0.4043,0.309,129.33,-85.0,24.48,53.042652,-1.802797,14.91,6.0,116.0,21 / 21,13.412432834152359,-8.44738955138621,1.4755519206908074,958.1375193871386,241.72045218074533,94.32355023086261,False,71.20099999999996,13.178782457879777,-7.491054478403283,958.0721678820044,242.00819658613304,15.159030555554935,119.61466999999706,-0.2336503762725819,0.9563350729829274,-0.06535150513423105,0.28774440538771273
381614.0,0.7467,4.0111,9.2874,-0.0082,0.001,9.8066,0.1151,0.0305,0.0606,126.12,-85.23,21.57,53.042652,-1.802797,14.91,6.0,116.0,21 / 21,13.486420158668622,-8.66715486060154,1.4580784206908093,959.4690126102831,240.873282232352,94.46876493276098,False,71.29999999999995,13.182286438988726,-7.513250903065637,959.376059287867,241.25963234133278,15.173055555555138,119.68099999999802,-0.30413371967989633,1.1539039575359036,-0.09295332241617871,0.38635010898076416
381714.0,-0.368,0.3041,10.0993,0.0122,0.0134,9.8066,0.0155,-0.3473,0.3255,125.88,-85.62,18.7,53.042652,-1.802797,14.91,6.0,116.0,21 / 21,13.68620179139727,-8.81723549696863,1.4467484206908068,960.8276437077867,239.9990627144733,94.61400627483009,False,71.39999999999998,13.20370746226965,-7.456918632074295,960.6931213139646,240.5257458249703,15.163888888889025,119.45600000000333,-0.48249432912762025,1.360316864894335,-0.134522393822067,0.5266831104970038
381814.0,2.1565,4.3051,10.4381,0.0001,-0.0548,9.8065,-0.008,0.2744,-0.1316,117.94,-85.93,11.46,53.042652,-1.802797,14.91,6.0,116.0,21 / 21,13.885996478287217,-9.012400546272296,1.4929534206908173,962.2062536212712,239.10758091231105,94.7609913668992,False,71.5,13.205977564133702,-7.463065502798031,962.0101833400623,239.7807398168903,15.168888888888887,119.472,-0.6800189141535142,1.5493350434742652,-0.1960702812089039,0.6731589045792532
381915.0,1.1664,-5.9953,10.2108,-0.0035,0.0746,9.8063,0.1119,-0.5209,0.2712,110.27,-86.02,7.7,53.042652,-1.802797,14.91,6.0,116.0,21 / 21,13.76038669685398,-9.160810497753578,1.5452512206908169,963.6023959716158,238.18983375458774,94.91442070128898,False,71.601,13.225302965578377,-7.396372679998127,963.3404159862982,239.0397368252727,15.15306111111592,119.21647000003792,-0.535083731275602,1.7644378177554518,-0.2619799853175664,0.8499030706849737
382015.0,-0.2269,-4.0286,9.1919,-0.0366,-0.0818,9.8062,-0.0423,0.821,-0.681,112.78,-86.01,8.68,53.042652,-1.802797,14.91,6.0,116.0,21 / 21,13.315087217589936,-9.021497991398142,1.5347212206908205,964.9561696673376,237.28071833013047,95.068419323358,False,71.70099999999996,13.23578824637341,-7.20651230281476,964.6574780123951,238.32820048940076,15.070500000002681,118.56703000001302,-0.07929897121652552,1.8149856885833824,-0.298691654942445,1.047482159270288
382115.0,-2.0124,-12.4221,9.7794,0.0114,0.1578,9.8053,0.0179,-0.4662,0.1878,117.23,-85.59,9.89,53.042652,-1.802797,14.91,6.0,116.0,21 / 21,12.664976787513849,-8.559940122335028,1.5026212206908134,966.255172867593,236.4016464244436,95.22028644542712,False,71.80099999999999,13.220211300600202,-7.109966352689967,965.9746737503733,237.62756125679957,15.010849999997529,118.2718300000034,0.5552345130863525,1.4499737696450614,-0.2804991172197333,1.2259148323559543
382215.0,1.4355,-0.1412,7.5832,-0.055,-0.1645,9.8051,-0.1713,1.3625,-0.8345,107.49,-85.38,1.29,53.042652,-1.802797,14.91,6.0,116.0,21 / 21,12.167765839785842,-8.251444412118932,1.3900862206908517,967.4968099989576,235.5610771977212,95.36492181749615,False,71.90099999999995,13.309017769406696,-7.122621601765863,967.3050401086169,236.91602492093503,15.095088888888755,118.15447000000228,1.1412519296208536,1.1288228103530695,-0.19176989034065173,1.3549477232138258
382315.0,3.1347,11.6896,7.5866,-0.0206,0.034,9.8065,-0.1875,0.6684,-0.3145,115.12,-84.94,9.51,53.042652,-1.802797,14.91,6.0,116.0,21 / 21,12.639475291615248,-8.705954977036829,1.1679112206908013,968.7371720555279,234.71320722826323,95.49282168956526,False,72.00099999999998,13.336035129521683,-7.091677559116609,968.6289214406249,236.2153856890272,15.104361111111073,118.00262000000004,0.6965598379064346,1.6142774179202197,-0.10825061490299959,1.5021784607639574
382415.0,1.3213,-0.7925,10.6979,-0.0294,-0.1924,9.8046,-0.0364,0.9449,-0.6163,116.37,-84.55,13.52,53.042652,-1.802797,14.91,6.0,116.0,21 / 21,13.074756342752325,-9.138620344400076,1.1014712206907864,970.0228836372467,233.8209784621912,95.60629081163437,False,72.101,13.38198810531532,-7.10390362508748,969.9660402487436,235.5039605474293,15.150680555558054,117.96184000001836,0.30723176256299567,2.0347167193125957,-0.05684338850301174,1.682982085238109
382515.0,1.2887,6.2953,9.9224,-0.0139,-0.1486,9.8055,0.1597,-0.2651,-0.023,112.59,-84.7,6.14,53.042423,-1.800707,17.04,4.0,95.95,20 / 21,13.313232977904347,-9.360829740101053,1.1518212206907692,971.342283103279,232.89600595796645,95.7189554337034,False,72.20099999999996,13.383646327073048,-7.01003058826679,971.3031590569581,234.81455200219222,15.108363888887537,117.64447000001987,0.07041334916870134,2.350799151834263,-0.03912404632092148,1.9185460442257636
382614.0,-2.251,-8.5181,12.0722,0.0262,-0.0481,9.8065,0.1281,-0.1393,-0.004,117.14,-85.12,12.17,53.042423,-1.800707,17.04,4.0,95.95,20 / 21,13.28911835753458,-9.248394804917611,1.269695570690757,972.6590994943831,231.97484934298814,95.83882051487677,False,72.29999999999995,13.465258722376252,-6.919014693550355,972.6269066770907,234.13203754310058,15.138888888887978,117.19600000001338,0.17614036484167173,2.3293801113672563,-0.032192817292411746,2.1571882001124436
382714.0,0.5394,-0.897,11.2086,-0.0092,-0.1815,9.8049,0.0216,0.6175,-0.4815,116.77,-85.84,8.87,53.042423,-1.800707,17.04,4.0,95.95,20 / 21,12.94669321633077,-8.959666100093182,1.4530705706907987,973.9708900730767,231.0644462977374,95.97495882194588,False,72.39999999999998,13.478124167426024,-6.942583024414855,973.9707110793626,233.44262899785602,15.161111111110781,117.25299999999916,0.5314309510952544,2.017083075678327,-0.00017899371414387133,2.3781827001186286
382814.0,-2.0386,-7.2115,9.2764,-0.009,0.0261,9.8065,-0.0032,-0.5548,0.4377,122.44,-85.85,12.82,53.042423,-1.800707,17.04,4.0,95.95,20 / 21,12.682135120011521,-8.687660563450523,1.4966555706908087,975.2523314898941,230.18207996456002,96.12244512901499,False,72.5,13.452459056361551,-6.8452046811647325,975.307829887578,232.76433994503697,15.09388888888889,116.969,0.7703239363500298,1.8424558822857904,0.0554983976838912,2.582259980476948
382914.0,2.9682,2.7861,8.1353,-0.0457,-0.0788,9.8062,-0.0744,0.37,-0.2193,110.82,-85.68,5.68,53.042423,-1.800707,17.04,4.0,95.95,20 / 21,12.547214343932723,-8.598064059608292,1.3865755706908462,976.513798963091,229.31779373340737,96.26660668608403,False,72.59999999999997,13.49516570253372,-6.7587594027487645,976.6583198837811,232.09717038539998,15.093055555555603,116.60300000002142,0.9479513586009976,1.839304656859528,0.14452092069018363,2.7793766519926066
383014.0,0.0324,4.7959,8.3096,-0.0156,0.1094,9.806,0.0513,-0.8274,0.407,112.55,-85.15,5.88,53.042423,-1.800707,17.04,4.0,95.95,20 / 21,12.88295402058179,-8.878139789030243,1.2281555706908103,977.785307381317,228.44398354097524,96.39734324315314,False,72.69999999999999,13.495526458719485,-6.746864905238564,978.0021242860538,231.43000082571407,15.088055555555774,116.56200000000179,0.6125724381376951,2.1312748837916793,0.21681690473678827,2.9860172847388355
383114.0,2.1219,4.5641,9.3607,-0.0013,-0.0187,9.8065,0.0688,-0.1942,0.2114,116.15,-84.77,9.19,53.042423,-1.800707,17.04,4.0,95.95,20 / 21,13.29934338682497,-9.167535944416876,1.1310055706908435,979.0944222516869,227.54169975430318,96.51530130022219,False,72.79999999999995,13.641621997351823,-6.681485559460174,979.3592998763851,230.76283126532124,15.189999999996987,116.0950000000138,0.3422786105268525,2.4860503849567026,0.2648776246982152,3.221131511018058
383214.0,1.6912,2.4639,10.4033,0.0358,0.0994,9.8061,0.1193,-0.7236,0.4843,111.26,-85.11,5.71,53.042423,-1.800707,17.04,4.0,95.95,20 / 21,13.579025348362944,-9.486531325568864,1.1385405706908454,980.4383406884466,226.60899639080367,96.6287786072913,False,72.89999999999998,13.69742820016196,-6.612454967816323,980.7298466548046,230.10678119876795,15.209999999999704,115.76900000000482,0.11840285179901677,2.874076357752541,0.29150596635804504,3.4977848079642797
383314.0,-1.5779,-5.0248,11.0932,0.0101,0.0169,9.8066,0.0784,-0.5189,0.3641,115.49,-85.38,7.5,53.042423,-1.800707,17.04,4.0,95.95,20 / 21,13.507793722625049,-9.43016292493132,1.2327005706908667,981.7926816419963,225.66316167827844,96.74734066436041,False,73.0,13.696346879695911,-6.468385281825016,982.0937078391944,229.4618506239332,15.146944444444445,115.28,0.18855315707086184,2.961777643106304,0.3010261971980981,3.79868894565476
383414.0,1.3324,0.5028,9.0246,-0.0068,0.0893,9.8062,-0.0465,-0.3234,0.2295,111.45,-85.28,6.33,53.042423,-1.800707,17.04,4.0,95.95,20 / 21,13.351452246407197,-9.321579892692343,1.257925570690858,983.1356439404475,224.7255745373976,96.87187197142946,False,73.09999999999997,13.741584270667106,-6.411894257291826,983.4642546175137,228.82803954157075,15.163888888887898,115.01400000001557,0.3901320242599091,2.9096856354005167,0.3286106770661945,4.102465004173155
383515.0,-2.0914,-4.3475,8.3369,-0.0113,0.079,9.8063,-0.1253,-0.4919,0.3549,113.83,-84.95,4.65,53.042423,-1.800707,17.04,4.0,95.95,22 / 23,13.230151683412183,-9.207178689725385,1.144209670690859,984.4780149389034,223.7898722289855,96.99317980111923,False,73.20099999999996,13.785099283982568,-6.340165664241489,984.8553261696279,228.18822393383064,15.173244444443617,114.69908000004351,0.5549476005703848,2.867013025483896,0.3773112307245583,4.39835170484514
383615.0,0.2403,1.8885,9.0359,0.0115,0.0411,9.8065,0.0776,-0.0589,-0.0008,108.89,-84.64,1.95,53.042423,-1.800707,17.04,4.0,95.95,22 / 23,13.196407045207966,-9.063814036429028,1.0321846706908337,985.7993428753347,222.87632259267758,97.10199951818834,False,73.30099999999999,13.908934021187786,-6.109529648292671,986.2393109920755,227.58777133011333,15.191605555556542,113.71358000000994,0.7125269759798201,2.9542843881363563,0.4399681167408289,4.711448737435745
383714.0,-3.3008,-7.0612,10.464,0.0428,0.1225,9.8057,0.1037,-0.7168,0.3242,114.61,-84.78,8.56,53.042423,-1.800707,17.04,4.0,95.95,22 / 23,13.068290705975047,-8.809675109314627,1.0265713706908344,987.0994454140181,221.99158487996337,97.20390794223671,False,73.39999999999998,13.914000994206988,-6.013919234453574,987.6160085170333,226.99332325243336,15.158055555556057,113.37500000000506,0.8457102882319418,2.7957558748610527,0.5165631030151872,5.001738372469987
383814.0,1.2865,3.2696,9.8739,0.0093,-0.0474,9.8064,-0.0893,0.6939,-0.4022,114.94,-84.88,8.09,53.042423,-1.800707,17.04,4.0,95.95,22 / 23,12.974619454488407,-8.640268397782553,1.0628013706908428,988.4015909220416,221.11908770460832,97.30837657930581,False,73.5,13.89082442103675,-5.781907684478386,988.9932408894838,226.41510963356703,15.04611111111111,112.599,0.916204966548344,2.858360713304166,0.5916499674422084,5.296021928958709
383914.0,4.3398,6.1547,7.9062,0.0054,0.0996,9.8061,0.0235,0.1279,-0.0121,118.38,-84.98,13.22,53.042423,-1.800707,17.04,4.0,95.95,22 / 23,13.30076850500263,-9.106352619282802,0.9711413706908741,989.7153603200156,220.23175665375535,97.41007371637487,False,73.59999999999997,14.046065854940354,-5.628834396949103,990.3972156379789,225.85913500030043,15.13194444443942,111.83800000004454,0.745297349937724,3.477518222333699,0.6818553179632545,5.627378346545072
384014.0,-0.4978,1.6062,8.6832,0.013,-0.0692,9.8063,-0.2046,0.5446,-0.2796,117.67,-85.28,12.16,53.042423,-1.800707,17.04,4.0,95.95,22 / 23,13.588456253734169,-9.461318631724843,0.8199463706908398,991.0598215579528,219.30337309120475,97.49962810344397,False,73.69999999999999,14.163331915583083,-5.495016383235913,991.8078759806866,225.3142798601254,15.19194444444182,111.20500000002771,0.5748756618489139,3.9663022484889305,0.7480544227338441,6.010906768920648
384114.0,1.3961,3.5423,9.0493,-0.0139,-0.0507,9.8064,-0.0312,0.4215,-0.3281,116.28,-84.96,13.89,53.042423,-1.800707,17.04,4.0,95.95,22 / 23,13.836473271406566,-9.619425369015486,0.7259063706908719,992.4310680342094,218.34933589116807,97.57692074051303,False,73.79999999999995,14.169739628140189,-5.183425442536478,993.2185363233408,224.80278319793413,15.088055555558627,110.09300000003287,0.33326635673362226,4.435999926479008,0.7874682891314251,6.453447306766066
384215.0,-0.2759,-1.6026,8.9402,-0.0264,-0.0801,9.8062,-0.0325,0.1676,-0.1215,119.64,-84.61,16.49,53.042423,-1.800707,17.04,4.0,95.95,22 / 23,13.93995772717831,-9.71222437482043,0.6439044706908728,993.8337777996379,217.37308757910435,97.64609618800282,False,73.90099999999995,14.174960226889514,-4.82775401648824,994.6434369813292,224.31997482610217,14.974538888887924,108.80800000000595,0.23500249971120368,4.88447035833219,0.8096591816912451,6.946887246997818
384315.0,3.2471,0.1878,9.4978,-0.0074,-0.036,9.8065,0.232,0.1392,-0.0461,116.37,-84.87,10.74,53.042423,-1.800707,17.04,4.0,95.95,22 / 23,13.850814955658665,-9.81275662287104,0.5851394706908595,995.22331643378,216.39683852921956,97.70754838507192,False,74.00099999999998,14.269903956955467,-4.7487645763576705,996.0675353680108,223.85306732923956,15.039319444444407,108.40652000000046,0.41908900129680227,5.06399204651337,0.8442189342307529,7.45622880002
384415.0,1.7759,-0.7637,8.7104,-0.0053,0.0241,9.8066,-0.0378,-0.2919,0.1596,111.63,-85.32,10.19,53.042423,-1.800707,17.04,4.0,95.95,22 / 23,13.756335694478645,-10.030757110965707,0.5148844706908435,996.6036739662873,215.4046628425275,97.76254958214102,False,74.101,14.354726961160507,-4.624194786651823,997.4982524927068,223.39739051907904,15.081175000004468,107.8556500000485,0.5983912666818618,5.406562324313884,0.8945785264195365,7.992727676551539
384515.0,-1.2894,-4.2414,9.2339,-0.061,-0.0015,9.8064,0.0385,-0.1496,0.1156,112.5,-84.84,9.07,53.042423,-1.800707,17.04,4.0,95.95,22 / 22,13.554306862426795,-9.95714212021506,0.43143447069087204,997.9692060941321,214.4052678809688,97.80986552921009,False,74.20099999999996,14.346964576557712,-4.393227737671145,998.9289027615646,222.96384150090748,15.004530555557613,107.0252600000164,0.7926577141309163,5.563914382543915,0.9596966674324676,8.55857361993867
384615.0,-0.63,-0.2913,9.1992,0.0012,0.124,9.8059,0.0079,-0.4895,0.3405,117.89,-84.4,13.98,53.042423,-1.800707,17.04,4.0,95.95,22 / 22,13.422344942430346,-9.78245216740464,0.37242447069085866,999.3180386843753,213.4182881665876,97.85005847627919,False,74.30099999999999,14.332765711884008,-4.283528757937188,1000.3532685720079,222.54174555924715,14.959224999996596,106.63956000004491,0.9104207694536619,5.498923409467452,1.0352298876325676,9.12345739265956
384715.0,-0.2473,-2.6229,9.0808,-0.0003,0.0543,9.8064,-0.0493,-0.3022,0.2255,111.81,-84.3,11.43,53.042423,-1.800707,17.04,4.0,95.95,22 / 22,13.344466891751006,-9.688050650759156,0.3057594706908814,1000.656379276084,212.44476302567972,97.88396767334827,False,74.40099999999995,14.554443313184619,-3.9341452130505363,1001.8107280729542,222.1629044444975,15.076830555552835,105.12570999997813,1.2099764214336126,5.753905437708619,1.1543487968702948,9.718141418817794
384815.0,2.9461,3.4971,10.5878,0.0398,0.0804,9.8061,-0.0318,-0.4044,0.2568,113.36,-84.3,8.62,53.042423,-1.800707,17.04,4.0,95.95,22 / 22,13.366880217865377,-9.831384618541302,0.30852447069088207,1001.991946631565,211.46879126221447,97.91468187041737,False,74.50099999999998,14.623459486606189,-4.350223396987044,1003.2681207179861,221.70778360893408,15.256855555555655,106.56670000000125,1.2565792687408113,5.481161221554258,1.2761740864210651,10.238992346719613
384915.0,2.4762,-0.8555,9.4385,0.0301,0.0428,9.8065,0.1192,-0.3589,0.2815,115.3,-84.51,11.68,53.042423,-1.800707,17.04,4.0,95.95,22 / 22,13.414885898718502,-10.12971826634647,0.3291744706908868,1003.3310349373945,210.47073611796986,97.94656681748647,False,74.601,14.618815981479141,-3.9270895481176438,1004.7190283366782,221.3301656384099,15.137155555560781,105.03643000009042,1.203930082760639,6.202628718228826,1.3879933992836868,10.859429520440045
385014.0,1.1446,4.4375,10.3125,-0.0076,0.0337,9.8065,0.0449,-0.065,0.0075,111.87,-84.88,9.34,53.042423,-1.800707,17.04,4.0,95.95,22 / 22,13.544047595164216,-10.356472521345133,0.3359906206908861,1004.6655021453415,209.45666967397923,97.97949248950987,False,74.69999999999999,14.632583085230932,-3.511621884117257,1006.1685319807314,220.9999167063655,15.048055555559495,103.49500000006816,1.0885354900667163,6.844850637227875,1.5030298353898388,11.543247032386262
385115.0,1.879,-0.0346,10.5741,0.0026,0.0571,9.8065,0.1414,-0.4173,0.2536,115.75,-84.87,10.05,53.042423,-1.800707,17.04,4.0,95.95,22 / 22,13.725516110475558,-10.578073210292455,0.4002922706908856,1006.0426151124764,208.39947511453155,98.01667477552465,False,74.80099999999999,14.624232233120715,-3.3474216065874907,1007.6406329326279,220.67433796099752,15.002455555554068,102.89267000001841,0.8987161226451565,7.230651603704965,1.59801782015154,12.274862846465965
385215.0,1.4889,3.6088,10.6089,-0.0281,-0.0941,9.8061,0.0635,0.5777,-0.3227,107.39,-85.31,1.0,53.042423,-1.800707,17.04,4.0,95.95,22 / 22,13.870426614573725,-10.785230556635865,0.47877727069085885,1007.4224122487284,207.3313099261855,98.06062825259372,False,74.90099999999995,14.710300690392693,-3.1980264866981,1009.1049117395113,220.36288097108906,15.053913888887612,102.26528000000107,0.8398740758189671,7.587204069937765,1.6824994907829023,13.031571044903558
385315.0,0.1509,0.934,11.0873,0.0099,-0.0017,9.8066,0.0661,0.1554,-0.0326,107.72,-85.45,2.75,53.042423,-1.800707,17.04,4.0,95.95,22 / 22,14.09978876009561,-10.92729789514086,0.5829222706908826,1008.8209230174622,206.2456835035964,98.11371322966282,False,75.00099999999998,14.797181741809851,-3.1946537621729543,1010.5823611666344,220.04097165900762,15.138138888888951,102.18289000000091,0.6973929817142412,7.732644132967906,1.7614381491722497,13.795288155411214
385415.0,-0.7967,-2.6799,9.9079,-0.0051,-0.0761,9.8063,0.0862,0.3048,-0.0635,105.71,-85.7,1.26,53.042423,-1.800707,17.04,4.0,95.95,22 / 22,14.0609318975912,-10.869220863141543,0.6520172706908984,1010.2289590503468,205.15585756568206,98.17546020673193,False,75.101,14.783697956555908,-2.8936275836447845,1012.0533255674691,219.77410383515954,15.064238888886855,101.07457000004895,0.7227660589647087,7.975593279496758,1.8243665171222574,14.618246269477481
385516.0,-0.6156,-0.9347,9.8985,0.0106,-0.055,9.8064,-0.0642,0.2141,-0.1885,97.54,-85.93,-6.66,53.042423,-1.800707,17.04,4.0,95.95,19 / 22,13.935691031767876,-10.748644538219295,0.6617688206908984,1011.6427885082794,204.06415536291334,98.2418064043467,False,75.202,14.860184158039761,-2.6793982276153643,1013.5525031752414,219.50523450327668,15.099849999997915,100.22108000004104,0.9244931262718854,8.069246310603932,1.9097146669620315,15.441079140363343
385615.0,0.1131,-3.7267,10.8888,0.0175,-0.0779,9.8063,-0.038,0.0928,-0.0185,97.13,-85.87,-6.15,53.042423,-1.800707,17.04,4.0,95.95,19 / 22,13.745599964305143,-10.684289102893658,0.7198818206908923,1013.0130124125849,203.00322514767836,98.31019811109509,False,75.30099999999999,14.948570867522012,-2.447574296658412,1015.0284817716811,219.27372666468744,15.14762499999802,99.29867999998639,1.202970903216869,8.236714806235245,2.015469359096187,16.27050151700908
385715.0,-0.5529,0.133,9.7774,-0.0084,-0.0378,9.8065,-0.0293,0.4023,-0.1462,90.55,-85.91,-12.98,53.042423,-1.800707,17.04,4.0,95.95,19 / 22,13.602010457060043,-10.626204490676962,0.7725268206908744,1014.3803929336527,201.9377004680002,98.38481854316416,False,75.40099999999995,14.994241450834512,-2.5765212630347816,1016.519369242832,219.00741481613392,15.214030555556997,99.75007000001774,1.3922309937744686,8.04968322764218,2.13897630917927,17.069714348133715
385814.0,0.3958,-3.4421,9.9108,-0.0125,0.028,9.8066,0.1598,-0.2926,0.0417,97.4,-85.94,-9.24,53.042423,-1.800707,17.04,4.0,95.95,19 / 22,13.472134044171353,-10.58361025565317,0.7762343706908762,1015.7205630864643,200.88781463805637,98.46148222213759,False,75.5,14.94929485914258,-2.2525956129046754,1017.9953478392987,218.79825715800527,15.118055555555554,98.569,1.477160814971226,8.331014642748494,2.274784752834421,17.9104425199489
385914.0,1.7278,-0.6934,10.3571,-0.0122,-0.0188,9.8066,0.0163,-0.0764,-0.012,95.36,-86.1,-8.45,53.042423,-1.800707,17.04,4.0,95.95,19 / 22,13.292010937179079,-10.652405642072658,0.8089643706908651,1017.0587703355313,199.82601384317044,98.54074215920664,False,75.59999999999997,14.940596423142512,-2.276626176186729,1019.4862353103409,218.56474781283964,15.113055555555848,98.66399999999445,1.6485854859634337,8.375779465885929,2.4274649748095953,18.738733969669198
386014.0,0.2653,1.2416,9.5108,-0.0043,0.0311,9.8066,0.0472,-0.1711,0.2677,96.65,-85.94,-9.77,53.042423,-1.800707,17.04,4.0,95.95,19 / 22,13.345162219467104,-10.743872662452123,0.8216943706908681,1018.390628993364,198.75619992794395,98.62227509627574,False,75.69999999999999,14.956754313355807,-2.2959187876840335,1020.9704371874627,218.34235795937457,15.131944444443619,98.72699999999725,1.611592093888703,8.44795387476809,2.579808194098746,19.586158031430614
386114.0,2.7416,1.9867,8.7334,-0.0294,-0.022,9.8065,-0.0008,0.1527,-0.15,96.21,-85.78,-10.85,53.042423,-1.800707,17.04,4.0,95.95,19 / 22,13.524913244598888,-10.899850895435062,0.7532393706908915,1019.7341327665669,197.67401375004997,98.7010217833448,False,75.79999999999995,14.917126685620476,-2.323157980814603,1022.4613246586396,218.10884861348515,15.096944444445477,98.85199999999631,1.3922134410215872,8.576692914620459,2.7271918920727103,20.434834863435185
386215.0,-0.2508,-5.5576,10.4111,-0.0152,0.0251,9.8066,0.0383,-0.2263,0.0323,96.14,-85.74,-7.74,53.042423,-1.800707,17.04,4.0,95.95,19 / 22,13.367988813892007,-10.994048435348397,0.7295649706908918,1021.0922243205206,196.56837183384542,98.77590340258458,False,75.90099999999995,15.023869995619904,-2.332165311995667,1023.9739403104135,217.8730041741362,15.20380555555444,98.82365000000348,1.6558811817278976,8.66188312335273,2.881715989892882,21.304632340290794
386314.0,-1.9897,-2.1025,9.9602,0.003,-0.033,9.8065,-0.1217,0.3148,-0.2264,102.67,-85.42,-1.76,53.042423,-1.800707,17.04,4.0,95.95,19 / 22,13.051681011915953,-10.823933099656374,0.7670859706909094,1022.3999979768987,195.48838174786218,98.84998762418302,False,76.0,15.106633599765791,-2.2822363683609193,1025.4631563830867,217.641829921705,15.278055555555557,98.591,2.0549525878498383,8.541696731295454,3.063158406187995,22.153448173842833
386415.0,-0.1517,-3.8563,11.1541,0.043,0.0988,9.806,0.1361,-0.6262,0.4075,114.68,-85.52,10.42,53.042423,-1.800707,17.04,4.0,95.95,19 / 22,12.833848545393966,-10.61074359404002,0.8428864706909088,1023.7072172195428,194.4059305748305,98.9312912324728,False,76.101,15.243044349189114,-2.2729619979531344,1027.0027149787454,217.41732736465286,15.411580555552828,98.48116000001649,2.409195803795148,8.337781596086886,3.29549775920259,23.011396789822356
386515.0,0.4823,-0.4646,11.3908,0.0241,-0.0318,9.8066,0.1055,-0.1849,0.0931,110.02,-85.94,6.43,53.042423,-1.800707,17.04,4.0,95.95,19 / 21,12.669161654710711,-10.536870128557009,0.9894664706908589,1024.9823677295476,193.34854988870103,99.02290887954186,False,76.20099999999996,15.300419332607543,-2.205932116840685,1028.527030420127,217.2058346144599,15.458624999997502,98.20404999998225,2.6312576778968317,8.330938011716324,3.5446626905793437,23.85728472575886
386614.0,-0.1449,3.9805,9.6561,-0.0192,0.0569,9.8065,0.0978,-0.46,0.2571,104.27,-86.26,1.18,53.042423,-1.800707,17.04,4.0,95.95,19 / 21,12.868885116362048,-10.588524648913811,1.0604296706908516,1026.2465010447156,192.30284284721634,99.12437873854024,False,76.29999999999995,15.34035273177248,-2.321379560681101,1030.0361027070428,216.97466036132855,15.514999999998315,98.60499999998804,2.4714676154104325,8.26714508823271,3.789601662327186,24.671817514112206
386716.0,-0.3702,-1.1612,9.2765,-0.0195,0.0342,9.8065,-0.0086,-0.4038,0.2775,103.05,-86.03,0.12,53.042423,-1.800707,17.04,4.0,95.95,19 / 21,13.051607951294669,-10.59267713614963,1.0257139706908407,1027.5684461911665,191.22260155617775,99.23077206425074,False,76.40199999999999,15.331660757767681,-2.210295859196301,1031.5905033216113,216.75871981407894,15.490172222224297,98.20361999999452,2.2800528064730123,8.382381276953328,4.022057130444864,25.536118257901194
386815.0,1.081,2.3716,8.017,-0.0229,0.0413,9.8064,-0.1059,0.0567,-0.0533,100.84,-85.81,-3.58,53.042423,-1.800707,17.04,4.0,95.95,19 / 21,13.141246249137998,-10.628636179527371,0.9108838706908529,1028.8649924740878,190.17214654705185,99.32663365739913,False,76.50099999999998,15.179557495749394,-2.2875651429689725,1033.0801205299244,216.52787914642784,15.350969444444274,98.57010000000056,2.0383112466113964,8.341071036558398,4.215128055836658,26.355732599375983
386915.0,-0.6583,0.3735,8.0604,-0.0269,0.0736,9.8063,-0.0461,-0.3092,0.1639,106.97,-85.2,1.6,53.042423,-1.800707,17.04,4.0,95.95,19 / 21,13.311843318154294,-10.671334892909814,0.7340888706908126,1030.1876469524527,189.10714799342975,99.40888229446823,False,76.601,15.408570029212793,-2.1368171015503896,1034.6242253295272,216.327283498835,15.556044444449672,97.89530999995175,2.0967267110584995,8.534517791359423,4.436578377074511,27.22013550540524
387015.0,0.9586,3.2891,8.5389,-0.0061,-0.0225,9.8066,-0.0489,0.3826,-0.1661,105.88,-85.03,-0.29,53.042423,-1.800707,17.04,4.0,95.95,19 / 21,13.521513952645114,-10.731365438273503,0.5833888706908641,1031.5293148159922,188.03701297687095,99.47475618153729,False,76.70099999999996,15.291948545685115,-2.3405894093235293,1036.1423231684594,216.08321063513822,15.470094444430627,98.70248000006808,1.770434593040001,8.390776028949974,4.6130083524672045,28.04619765826726
387114.0,0.7928,2.0662,10.233,-0.0151,-0.0053,9.8066,-0.0065,0.2113,-0.1294,105.99,-84.98,-0.3,53.042423,-1.800707,17.04,4.0,95.95,19 / 21,13.789360802207765,-10.882151432846946,0.5417395706908685,1032.8812031163573,186.9671438917506,99.53045003938568,False,76.79999999999995,15.65867011187579,-1.9687104344416602,1037.6911078839944,215.89606957271272,15.781944444435132,97.16600000004587,1.869309309668024,8.913440998405285,4.809904767637136,28.928925680962124
387214.0,-0.5556,-4.0985,11.6848,0.0155,-0.0837,9.8063,-0.0078,0.4515,-0.2434,106.14,-85.0,0.88,53.042423,-1.800707,17.04,4.0,95.95,19 / 21,13.725735592826855,-10.859793901853749,0.6569645706908948,1034.2569579361093,185.88004662501532,99.59038524645479,False,76.89999999999998,15.691880245963924,-1.978450157401895,1039.2622224836423,215.69591870480727,15.816111111110606,97.18599999999971,1.9661446531370697,8.881343744451854,5.005264547532988,29.815872079791944
387315.0,0.9894,-0.401,11.2433,0.0197,-0.0476,9.8064,-0.0295,0.432,-0.2342,101.73,-85.42,-2.75,53.042423,-1.800707,17.04,4.0,95.95,19 / 21,13.5419601479855,-10.813402096007232,0.8243619706908932,1035.6339765710204,184.78555022712337,99.66519223679457,False,77.00099999999998,15.776118916292397,-1.9845472574668936,1040.8487808055506,215.49421110793378,15.90046388888901,97.1697600000006,2.234158768306896,8.82885483854034,5.21480423453022,30.708660880810413
387415.0,-1.7595,-4.8988,10.7892,0.0234,-0.0938,9.8061,-0.119,0.6534,-0.2841,109.45,-85.48,1.46,53.042423,-1.800707,17.04,4.0,95.95,19 / 21,13.347582004707032,-10.687681011114577,0.9453219706909207,1036.9784536786553,183.71049607176704,99.75367643386367,False,77.101,15.657772995588495,-1.7724511488567425,1042.3938884442794,215.33798223652428,15.757780555532955,96.45822999996963,2.3101909908814626,8.915229862257835,5.415434765624013,31.627486164757244
387515.0,1.9984,6.7058,9.5571,0.009,-0.1055,9.806,-0.0533,0.8544,-0.5361,101.56,-85.89,-2.6,53.042423,-1.800707,17.04,4.0,95.95,18 / 22,13.49134576262404,-10.682628180775916,0.9819719706909082,1038.3204000670214,182.6419806121729,99.85004113093274,False,77.20099999999996,16.022026456959374,-1.960068727132728,1044.0114010665254,215.12693426603343,16.14147500000693,96.97466000000588,2.5306806943353344,8.72255945364319,5.691000999504013,32.48495365386054
387614.0,1.301,-4.3854,10.8735,-0.0329,-0.0595,9.8064,0.1293,-0.1603,-0.0391,106.54,-85.93,2.71,53.042423,-1.800707,17.04,4.0,95.95,18 / 22,13.60679332113346,-10.839495758478115,1.022428320690904,1039.6617579516674,181.57663547717993,99.94925894535612,False,77.29999999999995,15.871161970340463,-1.9043221133432229,1045.5734232583195,214.93979320360793,15.985000000004673,96.84200000000396,2.264368649207002,8.935173645134892,5.911665306652139,33.363157726428
387714.0,-0.1575,1.8623,7.8349,0.0033,-0.0326,9.8065,-0.1615,0.2085,-0.1181,103.1,-85.77,-1.31,53.042423,-1.800707,17.04,4.0,95.95,18 / 22,13.507521437519731,-10.846792160925116,0.9771833206908938,1041.0174736896004,180.49232108120952,100.04923952742523,False,77.39999999999998,15.97664154952324,-1.7855736486614469,1047.1645946401113,214.76188132196782,16.076111111109764,96.37700000000687,2.469120112003509,9.061218512263668,6.147120950510953,34.269560240758295
387814.0,2.3487,2.014,9.7538,0.0189,0.084,9.8062,-0.16,-0.1721,0.1782,103.98,-85.53,-1.03,53.042423,-1.800707,17.04,4.0,95.95,18 / 22,13.70618273353689,-10.991609899161954,0.8759533206908708,1042.3781588981535,179.4004009782049,100.14189635949434,False,77.5,16.04579381125414,-1.8656439106341502,1048.7691372099641,214.57284994578052,16.15388888888889,96.632,2.339611077717249,9.125965988527804,6.390978311810613,35.172448967575605
387915.0,0.2423,0.3444,10.3705,-0.0129,0.051,9.8065,-0.0839,-0.0874,-0.0257,112.09,-85.07,6.5,53.042423,-1.800707,17.04,4.0,95.95,18 / 22,13.82528186897139,-11.145132726626647,0.9017588206908707,1043.7684978605803,178.2824954756026,100.23167082263411,False,77.601,16.01665624831524,-2.1126992769048325,1050.3766214410982,214.3482361937977,16.155399999997677,97.51431000002724,2.1913743793438503,9.032433449721815,6.60812358051794,36.065740718195116
388014.0,-0.081,-0.7341,10.7572,0.0218,0.004,9.8066,0.0375,0.0023,0.0518,113.59,-84.95,7.87,53.042423,-1.800707,17.04,4.0,95.95,18 / 22,13.841963018261238,-11.143592294111018,0.9767216206908628,1045.1380264824982,177.1792035870762,100.3246556044825,False,77.69999999999999,16.072556449916334,-1.987700722995129,1051.9915935376646,214.128070238868,16.19499999999825,97.05000000002053,2.2305934316550964,9.15589157111589,6.8535670551664225,36.9488666517918
388114.0,0.3062,-0.5977,10.6275,0.0254,-0.0357,9.8065,0.0194,0.1916,-0.0824,109.93,-85.29,7.46,53.042423,-1.800707,17.04,4.0,95.95,18 / 22,13.814060080419791,-11.127835569654552,1.0652916206908325,1046.5208276374317,176.0656321938883,100.42675626655155,False,77.79999999999995,16.190412470166013,-2.4977285334016672,1053.629564077721,213.8389634301454,16.38194444443892,98.76999999994915,2.3763523897462218,8.630107036252884,7.108736440289249,37.77333123625712
388214.0,0.1317,-2.9654,10.1869,0.0138,0.0381,9.8065,0.0199,-0.3783,0.1843,113.46,-85.49,8.05,53.042423,-1.800707,17.04,4.0,95.95,18 / 22,13.67953828545243,-11.077449909970355,1.1253466206908462,1047.8955075557255,174.9553679199068,100.53628817862067,False,77.89999999999998,16.124230760188514,-1.9098553045271696,1055.2407922416317,213.66105154708768,16.236944444446586,96.75500000002978,2.444692474736083,9.167594605443185,7.345284685906108,38.70568362718089
388314.0,-1.9148,-1.7204,10.2245,0.0147,-0.0052,9.8066,-0.025,-0.195,0.1289,114.57,-85.59,9.51,53.042423,-1.800707,17.04,4.0,95.95,18 / 22,13.539958639806484,-10.901535847626159,1.1652516206908554,1049.2564824019887,173.8564186320267,100.65081809068978,False,78.0,16.106723807514687,-1.6590699444010233,1056.8453348114847,213.50537865029884,16.19194444444444,95.881,2.566765167708203,9.242465903225135,7.588852409495985,39.648960018272135
388415.0,2.8543,4.3842,10.1949,0.0313,0.0863,9.8061,0.0093,-0.4985,0.2495,111.77,-85.59,7.45,53.042423,-1.800707,17.04,4.0,95.95,18 / 22,13.691141937765726,-10.992797292738029,1.205959670690855,1050.631652981156,172.75075480843833,100.77056426090456,False,78.101,16.266883075674052,-1.5975942241746937,1058.479494562826,213.3480378289158,16.345149999999126,95.60910999997614,2.5757411379083255,9.395203068563335,7.847841581669854,40.59728302047748
388515.0,-3.1045,-4.451,9.1189,0.0094,0.0888,9.8062,0.0025,-0.7268,0.4407,117.35,-85.47,13.23,53.042423,-1.800707,17.04,4.0,95.95,18 / 21,13.752863357322294,-10.966784084044603,1.1909846706908602,1052.00385324591,171.65277573959958,100.89041147797361,False,78.20099999999996,16.26981214257459,-1.7157197328584908,1060.1040270588558,213.1810230491398,16.360030555555422,96.0198299999832,2.5169487852522963,9.251064351186113,8.10017381294574,41.528247309540234
388615.0,0.6956,-2.5017,9.7346,0.0261,0.0747,9.8063,-0.0676,-0.0286,0.117,113.78,-85.46,8.32,53.042423,-1.800707,17.04,4.0,95.95,18 / 21,13.535465412291023,-10.708980199830583,1.1529946706908516,1053.368269684391,170.56898752540556,101.00761044504273,False,78.30099999999999,16.260877762246842,-1.8229681724134894,1061.7219408168223,212.99210286859073,16.362744444445347,96.39658000000703,2.7254123499558194,8.886012027417094,8.353671132431373,42.423115343185174
388715.0,-0.6266,-3.5592,9.5522,-0.0278,0.018,9.8065,-0.016,-0.2968,0.1349,118.29,-85.17,12.56,53.042423,-1.800707,17.04,4.0,95.95,18 / 21,13.302550079133761,-10.579672220571217,1.1366696706908572,1054.7101704589618,169.50455490438583,101.12209366211178,False,78.40099999999995,16.238749988695194,-1.7512207438590042,1063.339988286642,212.81430218117484,16.332905555554127,96.1551200000028,2.9361999095614326,8.828451476712212,8.6298178276802,43.30974727678901
388814.0,-2.2138,-0.7562,9.4652,-0.0227,-0.0516,9.8065,0.0646,0.3399,-0.2798,115.74,-85.16,10.72,53.042423,-1.800707,17.04,4.0,95.95,18 / 21,13.213034737166428,-10.355750276207626,1.1071726206908434,1056.0226919073693,168.46825149079478,101.23316385553522,False,78.5,16.338987651188535,-1.7083594091198249,1064.9549603832095,212.6491777158528,16.428055555555556,95.969,3.1259529140221076,8.6473908670878,8.932268475840146,44.180926225058016
388915.0,0.9613,-2.356,9.9998,-0.0185,-0.0285,9.8065,0.0516,0.1979,-0.0847,112.97,-85.27,7.67,53.042423,-1.800707,17.04,4.0,95.95,18 / 21,13.136541984867586,-10.236862458915862,1.0996834706908436,1057.353345531832,167.42832454767105,101.34461008814999,False,78.601,16.177014126593047,-1.6718152439302518,1066.5891869904908,212.48071740132988,16.263174999992856,95.90032000002137,3.040472141725461,8.56504721498561,9.235841458658797,45.05239285365883
389015.0,0.3424,-3.5896,9.5644,-0.0076,0.0571,9.8064,0.052,-0.3449,0.2163,116.26,-85.31,11.66,53.042423,-1.800707,17.04,4.0,95.95,18 / 21,12.878256495050106,-10.171391919266684,1.0972284706908444,1058.6540854558275,166.40791182876228,101.45445568521905,False,78.70099999999996,16.30832571978409,-1.5806785657519786,1068.2204050805508,212.3139250107153,16.384750000001095,95.53607999999966,3.430069224733984,8.590713353514705,9.566319624723292,45.90601318195303
389114.0,1.6627,-1.6533,7.8646,-0.0286,0.012,9.8066,-0.261,0.0302,0.0333,114.64,-85.06,8.23,53.042423,-1.800707,17.04,4.0,95.95,18 / 21,12.639801585459354,-10.149506919215986,0.9891056206908558,1059.9172293308127,165.4020273362575,101.55772922274242,False,78.79999999999995,16.283472837951606,-1.5805417855015487,1069.8287584390273,212.14880054539336,16.36000000000074,95.54399999999976,3.6436712524922523,8.568965133714437,9.911529108214609,46.74677320913585
389214.0,1.409,1.615,8.9716,-0.0662,0.0152,9.8064,0.0817,0.0462,-0.0182,114.5,-84.35,7.07,53.042423,-1.800707,17.04,4.0,95.95,18 / 21,12.61174615170524,-10.28847554746829,0.8502506206908244,1061.1798067176712,164.38012821292307,101.64969703481152,False,78.89999999999998,16.362815504171042,-1.6531301991767644,1071.4734145731413,211.97088866233923,16.44611111110984,95.76899999999668,3.7510693524658016,8.635345348291525,10.2936078554701,47.590760449416166
389314.0,-0.8356,-3.7471,11.8996,0.042,-0.0154,9.8065,0.0138,-0.1091,0.042,109.0,-84.67,5.71,53.042423,-1.800707,17.04,4.0,95.95,18 / 21,12.529868574472717,-10.284000327708329,0.9131456206908387,1062.4368874539805,163.351504419164,101.73786684688062,False,79.0,16.31298830297497,-1.716579210419342,1073.0980139251385,211.80409627241758,16.403055555555557,96.007,3.7831197285022515,8.567421117288987,10.661126471158013,48.45259185325358
389414.0,-0.3813,-1.8242,10.8943,0.0189,-0.049,9.8065,-0.0046,0.1811,-0.0731,115.08,-84.82,5.7,53.042423,-1.800707,17.04,4.0,95.95,18 / 21,12.329195549769624,-10.1261916593584,1.0721756206907844,1063.6798406601922,162.33099481981102,101.83713290894967,False,79.09999999999997,16.370131426436938,-1.782990862982225,1074.7292988710196,211.61506489765864,16.466944444440706,96.21599999998776,4.040935876667314,8.343200796376173,11.049458210827424,49.284070077847616
389514.0,0.1183,-2.1422,10.3294,-0.0003,0.0643,9.8064,-0.0316,-0.3323,0.1243,113.05,-84.72,5.57,53.042423,-1.800707,17.04,4.0,95.95,19 / 21,12.191265484152275,-10.033711502747773,1.1526956206908028,1064.9058637118885,161.3229996617055,101.94837647101878,False,79.19999999999999,16.492246456924185,-1.9222208609938416,1076.3806405991631,211.41491402975353,16.603888888882896,96.64799999998108,4.30098097277191,8.111490641753932,11.47477688727463,50.09191436804804
389615.0,-1.3329,-4.3668,9.0198,-0.0187,0.0452,9.8064,-0.1057,-0.4697,0.2754,114.75,-84.12,9.33,53.042423,-1.800707,17.04,4.0,95.95,19 / 21,11.955145733228845,-9.843234024223873,1.139358570690803,1066.1252574783662,160.31921391259343,102.06412520768355,False,79.30099999999999,16.663216289985584,-2.03094847807198,1078.0551813386198,211.21276165316874,16.786530555554336,96.94904999999113,4.70807055675674,7.812285546151893,11.929923860253666,50.893547740575315
389715.0,0.4358,4.4322,7.5819,-0.0103,0.0873,9.8062,0.0095,-0.3552,0.2272,116.03,-83.77,6.47,53.042423,-1.800707,17.04,4.0,95.95,19 / 21,12.011800308425741,-9.808942895495884,0.9887785706908543,1067.3236047804485,159.33660506660777,102.17053206475259,False,79.40099999999995,16.69172034854123,-2.1249210241268477,1079.706255643029,211.0126107852631,16.82643611111352,97.25498999999407,4.679920040115491,7.684021871369036,12.382650862580476,51.67600571865532
389815.0,-2.3609,-2.8937,10.0722,-0.0168,0.0718,9.8063,0.0644,-0.6293,0.285,113.94,-83.42,8.04,53.042423,-1.800707,17.04,4.0,95.95,19 / 21,12.154500579392398,-9.759720273803824,0.8908185706908321,1068.5319198248396,158.35817190814257,102.2645119218217,False,79.50099999999998,16.517135222588557,-2.2190375086492384,1081.3308549950245,210.8122375275019,16.665530555555602,97.65173999999986,4.362634643196159,7.540682765154585,12.798935170184905,52.45406561935934
389915.0,-0.2576,3.7508,10.6697,0.0306,0.0244,9.8065,0.1209,-0.0928,-0.0262,117.97,-83.64,7.96,53.042423,-1.800707,17.04,4.0,95.95,19 / 21,12.279275719075454,-9.670882382899281,0.9472485706908451,1069.7536086397633,157.3866417753072,102.3564152788908,False,79.601,16.454000046784547,-2.260754687815271,1082.9555212028442,210.58995886897006,16.60858611110803,97.82337000000366,4.174724327709093,7.41012769508401,13.201912563080896,53.20331709366286
390014.0,0.1807,-1.0428,11.9392,0.0639,0.0739,9.8061,0.1543,-0.2122,0.1348,122.38,-84.12,10.99,53.042423,-1.800707,17.04,4.0,95.95,19 / 21,12.437723590247677,-9.730501008021106,1.0955307706908295,1070.9771001055747,156.42627329745673,102.45753285628918,False,79.69999999999999,16.508495160154734,-2.2499357777191027,1084.5704932993845,210.3808012108415,16.661111111108788,97.76100000000275,4.070771569907057,7.480565230302004,13.593393193809788,53.954527913384766
390114.0,0.5006,0.7598,10.2627,0.0258,0.004,9.8066,0.0119,0.035,-0.0894,121.48,-84.56,14.36,53.042423,-1.800707,17.04,4.0,95.95,19 / 21,12.445313570966174,-9.756466358831332,1.2249607706907855,1072.221251963635,155.45192492911445,102.57355743335822,False,79.79999999999995,16.628728679352648,-2.2707567657540872,1086.2285206215574,210.158411358085,16.783055555551947,97.77599999999956,4.183415108386473,7.485709593077245,14.007268657922396,54.70648642897055
390215.0,0.0583,-0.7794,9.1896,-0.0129,0.0324,9.8065,-0.0163,-0.1364,0.0465,124.08,-84.48,17.49,53.042423,-1.800707,17.04,4.0,95.95,19 / 21,12.468001426448666,-9.784124565276494,1.2168302706907856,1073.4793743710045,154.465125087447,102.69686788094799,False,79.90099999999995,16.641121110601585,-2.3151148048575854,1087.9030613610669,209.92267811436076,16.801388888888475,97.92015999999977,4.173119684152919,7.469009760418909,14.423686990062379,55.45755302691376
390314.0,1.2245,2.1536,7.3995,-0.02,0.0277,9.8065,0.0354,-0.0554,0.0215,124.79,-84.2,17.34,53.042423,-1.800707,17.04,4.0,95.95,19 / 21,12.52390182203569,-9.882123614238784,1.0671323706907156,1074.716473581805,153.49164580256056,102.80992403169643,False,80.0,16.667717084701227,-2.3235120871058155,1089.5378896719308,209.7025121587307,16.82888888888889,97.936,4.143815262665537,7.558611527132969,14.821416090125695,56.21086635617016
390414.0,-0.0115,-0.1802,8.7505,-0.0192,0.039,9.8065,0.0204,-0.0717,0.0014,125.1,-83.87,17.26,53.042423,-1.800707,17.04,4.0,95.95,19 / 21,12.60717607294617,-9.99521187477562,0.8939673706907748,1075.9730274765539,152.4977790281102,102.90797901876547,False,80.09999999999997,16.58453747885269,-2.261773727315055,1091.1758602118682,209.49124179841476,16.738055555560873,97.76600000000995,3.9773614059065174,7.733438147460565,15.20283273531436,56.993462770304575
390514.0,-0.8942,-1.7262,9.041,-0.0101,-0.0609,9.8064,-0.0642,0.1495,0.0022,118.01,-83.88,12.41,53.042423,-1.800707,17.04,4.0,95.95,18 / 20,12.582027921392397,-9.914375328839524,0.8028773706907542,1077.2324876762711,151.5022996679292,102.99282125583457,False,80.19999999999999,16.66316002361522,-2.299755865220258,1092.8338875340423,209.257732452526,16.821111111107477,97.85799999999598,4.081132102222822,7.614619463619267,15.601399857771185,57.75543278459679
390614.0,1.1268,0.9533,10.4602,-0.0324,-0.0302,9.8065,0.0763,0.1249,-0.1345,117.4,-83.77,11.44,53.042423,-1.800707,17.04,4.0,95.95,18 / 20,12.580621771024354,-9.90864770012661,0.7972723706907562,1078.4906201608915,150.51114851648123,103.07282874290362,False,80.29999999999995,16.62841936349099,-2.2648021565550596,1094.4852292621863,209.0353425990612,16.781944444445603,97.75600000000301,4.047797592466637,7.643845543571549,15.994609101294827,58.52419408257998
390715.0,1.6937,0.7646,10.1544,0.0085,0.0324,9.8066,0.1165,-0.1244,0.0008,118.02,-83.84,12.34,53.042423,-1.800707,17.04,4.0,95.95,18 / 20,12.628861715748249,-10.07731786372264,0.8478380206907559,1079.7636990769736,149.50185725550685,103.1559068176684,False,80.40099999999995,16.8283616522812,-2.2659480306740165,1096.180161063488,208.81084004200045,16.980238888888533,97.66879000000776,4.19949993653295,7.811369833048625,16.416461986514378,59.3089827864936
390815.0,1.1731,-0.4919,10.3738,0.0207,0.004,9.8066,-0.0089,-0.0614,0.1206,118.33,-84.17,14.82,53.042423,-1.800707,17.04,4.0,95.95,18 / 20,12.61073035273821,-10.21262491336912,0.8935830206907663,1081.0256786803982,148.48736011665204,103.24297786973749,False,80.50099999999998,16.87085480940895,-2.1176341538611747,1097.8647301940414,208.59956968235528,17.00323888888894,97.1543699999999,4.26012445667074,8.094990759507946,16.8390515136432,60.11220956570324
390916.0,1.6836,-2.1008,9.6053,0.0127,-0.0377,9.8065,-0.1101,0.2294,-0.005,116.16,-84.24,12.55,53.042423,-1.800707,17.04,4.0,95.95,18 / 20,12.4658364771113,-10.284565680691387,0.9120559206907661,1082.2920453053055,147.452251991652,103.33416263627726,False,80.60199999999998,16.803088798591173,-2.1444342988832417,1099.54635766305,208.3868537866072,16.93941111110959,97.2728800000498,4.337252321479873,8.140131381808144,17.25431235774454,60.9346017949552
391015.0,-0.6613,-4.2445,8.923,0.0171,-0.0029,9.8066,-0.2866,0.2383,-0.0789,116.5,-84.31,12.16,53.042423,-1.800707,17.04,4.0,95.95,18 / 20,12.19941242999703,-10.191889115680556,0.8583484206907719,1083.5129751262073,146.4386674792317,103.42179765117564,False,80.70099999999996,16.859184801293758,-1.900897806956738,1101.2077946382055,208.21060982884592,16.966011111106678,96.43302000000429,4.659772371296727,8.290991308723818,17.694819511998276,61.77194234961422
391114.0,4.9629,-8.4163,14.6604,0.0449,-0.2848,9.8024,-0.1208,1.6693,-0.9671,101.99,-85.03,-0.86,53.042423,-1.800707,17.04,4.0,95.95,18 / 20,11.604110689292456,-10.219457038187452,1.0548683706907511,1084.691249520612,145.42830584461532,103.51650188234902,False,80.79999999999995,16.961868081652728,-1.883395772879009,1102.882335377661,208.02346876712068,17.066111111108125,96.3360000000029,5.357757392360272,8.336061265308443,18.191085857049075,62.59516292250535
391214.0,2.4255,15.27,11.7606,0.0771,-0.1972,9.8043,-0.113,1.602,-0.953,104.34,-85.33,2.41,53.042423,-1.800707,17.04,4.0,95.95,18 / 20,11.887386275948348,-10.674224095712129,1.3952533706908286,1085.8658243688744,144.3836217879201,103.63900796941813,False,80.89999999999998,16.882428014005054,-1.7994429136575285,1104.5604194819807,207.8455568840659,16.978055555556857,96.08400000000373,4.995041738056706,8.8747811820546,18.69459511310629,63.461935096145794
391314.0,0.3263,-7.7536,10.2657,0.0022,-0.2174,9.8042,-0.0688,0.8433,-0.5291,117.88,-85.49,13.85,53.042423,-1.800707,17.04,4.0,95.95,18 / 20,12.283916182263264,-10.81198061605613,1.515903370690856,1087.0743894917853,143.30931155233145,103.78456580648725,False,81.0,16.986615280081576,-1.8126468052813332,1106.2585603684438,207.65652550858593,17.083055555555557,96.091,4.7026990978183125,8.999333810774797,19.184170876658527,64.34721395625448
391414.0,4.7793,14.3929,8.142,-0.0479,-0.2815,9.8024,-0.1884,1.8267,-1.1439,106.86,-85.78,1.45,53.042423,-1.800707,17.04,4.0,95.95,18 / 20,12.590297774358282,-11.081370498448718,1.4556233706908766,1088.318100189616,142.21464399660658,103.93314214355628,False,81.09999999999997,17.002664722903287,-1.8960372392084088,1107.950015660726,207.467494133827,17.108055555554092,96.36299999998407,4.412366948545005,9.18533325924031,19.631915471110005,65.2528501372204
391514.0,-2.4437,-10.3829,6.333,-0.0862,0.0044,9.8062,-0.1164,-0.5648,0.2508,115.5,-84.99,12.78,53.042255,-1.798272,18.91,4.0,95.05,20 / 21,12.831054021100009,-11.18306882845153,1.1987083706908181,1089.589167779389,141.10142203026132,104.0658587306254,False,81.19999999999999,17.080279982650588,-1.9391069372631824,1109.6548421411658,207.27846275834688,17.18999999999641,96.47699999999502,4.249225961550579,9.243961891188349,20.0656743617767,66.17704072808556
391614.0,0.5404,-2.1153,5.1025,-0.111,-0.2044,9.8038,-0.2499,0.9788,-0.4268,108.43,-83.68,4.87,53.042255,-1.798272,18.91,4.0,95.05,20 / 21,12.343581819574519,-10.840059316200124,0.7898183706909577,1090.8478995714224,140.00026562302912,104.16528506769446,False,81.29999999999995,17.118556201457473,-2.000064643329327,1111.3596686216583,207.0783118904417,17.234999999998674,96.66399999999447,4.774974381882954,8.839994672870796,20.5117690502359,67.07804626741259
391714.0,-3.6665,-11.9589,7.044,-0.0738,0.1785,9.8047,0.0483,-1.5559,0.9374,113.64,-82.1,8.0,53.042255,-1.798272,18.91,4.0,95.05,20 / 21,11.79782870677603,-10.422511468808517,0.4164783706908729,1092.0549700977401,138.93713708377845,104.22559990476356,False,81.39999999999998,17.145374090888645,-1.94195063878411,1113.064495102152,206.87816102253595,17.254999999999704,96.46200000000299,5.347545384112614,8.480560830024407,21.0095250044119,67.9410239387575
391814.0,-1.3317,-5.5516,9.9548,-0.0248,-0.0638,9.8063,0.11,-0.5578,0.3678,103.41,-82.03,-0.1,53.042255,-1.798272,18.91,4.0,95.05,20 / 21,11.106153606940142,-9.8819968592531,0.2857533706908433,1093.2001692134263,137.92191166737513,104.26071149183265,False,81.5,17.169001567724035,-1.9822700380900202,1114.769321582619,206.68912964705567,17.283055555555556,96.586,6.062847960783893,7.89972682116308,21.569152369192807,68.76721797968054
391915.0,2.9146,12.7683,11.7198,0.0803,0.2765,9.8024,0.1249,-1.3249,0.7551,100.52,-82.26,-3.55,53.042255,-1.798272,18.91,4.0,95.05,20 / 21,11.493115617725794,-10.006012435994796,0.3898490206908424,1094.341432309272,136.91756719796513,104.29482941259742,False,81.601,17.080683153090757,-1.8983421517759613,1116.4777582837396,206.5093274502671,17.185850000001516,96.3418100000011,5.587567535364963,8.107670284218834,22.13632597446758,69.59176025230198
392015.0,1.3498,-3.9711,15.0572,0.0571,0.2102,9.8041,0.2908,-1.298,0.7183,113.9,-82.7,8.8,53.042255,-1.798272,18.91,4.0,95.05,20 / 21,11.922271386352142,-10.242615984845562,0.7480340206907202,1095.5122016594755,135.90513577692346,104.35172356466649,False,81.70099999999996,17.055446354957564,-1.888731950200331,1118.1759660261157,206.32040727041817,17.15971111111238,96.31922000001657,5.133174968605422,8.353884034645231,22.66376436664018,70.41527149349471
392115.0,3.7272,9.3446,8.9903,0.0298,0.1172,9.8059,-0.1262,-0.1935,0.2024,106.16,-83.12,5.39,53.042255,-1.798272,18.91,4.0,95.05,20 / 21,12.147597247915565,-10.53022561680278,0.9697440206907707,1096.7156950911892,134.8664936968408,104.43761246673559,False,81.80099999999999,17.039951408281077,-1.7736400920140871,1119.8807925066094,206.142606582995,17.132011111108493,95.94237000000764,4.892354160365512,8.756585524788692,23.165097415420178,71.27611288615421
392214.0,-0.4338,-3.7327,9.2306,-0.0256,0.1497,9.8055,0.1721,-1.0028,0.6248,113.2,-82.77,9.61,53.042255,-1.798272,18.91,4.0,95.05,20 / 21,12.41608320707313,-10.740760195557243,0.900820220690778,1097.931597273711,133.81357989912908,104.53020539668397,False,81.89999999999998,17.136499023287048,-1.705012940147574,1121.5685707222974,205.9774821169728,17.22111111110978,95.6820000000039,4.720415816213917,9.03574725540967,23.636973448586332,72.16390221784371
392314.0,1.4429,5.6634,7.2306,0.0155,0.0221,9.8065,-0.0464,0.036,0.0489,109.92,-82.9,4.79,53.042255,-1.798272,18.91,4.0,95.05,20 / 21,12.532158310707011,-10.809914360825578,0.7432152206907423,1099.1790093496004,132.73604617130968,104.61240716875307,False,82.0,17.222574596657868,-1.8344820147810403,1123.2934539848816,205.788450741493,17.32,96.08,4.690416285950857,8.975432346044538,24.11444463528119,73.05240457018331
392414.0,-0.9821,-4.1174,8.9051,0.0075,0.1514,9.8054,0.0568,-0.5273,0.3499,109.74,-82.85,5.45,53.042255,-1.798272,18.91,4.0,95.05,20 / 21,12.63399201479957,-10.855645223706547,0.5693352206908016,1100.4373168658753,131.65276819208344,104.67803469082212,False,82.09999999999997,17.252604807416006,-1.882459125467228,1125.0049660592802,205.61053885845158,17.35499999999795,96.22699999999139,4.618612792616435,8.973186098239319,24.567649193404804,73.95777066636813
392515.0,-2.9134,-4.6889,10.4619,-0.0218,-0.0431,9.8064,-0.0697,0.805,-0.4599,109.54,-82.92,4.44,53.042255,-1.798272,18.91,4.0,95.05,21 / 21,12.318826928045995,-10.517907283568796,0.5568970706908016,1101.697434222489,130.57340379046605,104.73490942153688,False,82.20099999999996,17.19689802013095,-1.864743310712897,1126.7269745164322,205.430847857281,17.297705555552216,96.18869000001014,4.878071092084953,8.6531639728559,25.029540293943228,74.85744406681496
392614.0,-0.7558,-4.3724,12.2171,0.0342,0.0662,9.8063,0.0155,0.0695,-0.0972,112.76,-82.78,8.71,53.042255,-1.798272,18.91,4.0,95.05,21 / 21,12.000259892420035,-10.184197543545048,0.7086492206907857,1102.901229020102,129.548649601524,104.79755396296027,False,82.29999999999995,17.279147721196463,-1.8039161192839748,1128.4279902083003,205.2547150937574,17.373055555553307,95.96000000000681,5.278887828776428,8.380281424261074,25.526761188198407,75.70606549223339
392715.0,2.13,-1.0691,11.8514,0.0343,-0.121,9.8058,-0.0987,1.0119,-0.5319,116.46,-82.99,12.56,53.042255,-1.798272,18.91,4.0,95.05,21 / 21,11.752984674211387,-10.136122288436573,0.9336368206907838,1104.1007678707167,128.52247345000893,104.88048940805004,False,82.40099999999995,17.31639986220988,-1.8121395715085806,1130.1702560154172,205.0750240911722,17.410961111109682,95.97417999999824,5.563415187998494,8.323982716927992,26.069488144700472,76.55255064116326
392815.0,1.3912,9.9923,9.5788,0.0248,-0.0498,9.8065,-0.1267,0.5696,-0.3655,110.97,-83.54,11.22,53.042255,-1.798272,18.91,4.0,95.05,21 / 21,12.136741709644546,-10.451118072495627,1.0244818206908044,1105.2952541899099,127.49311143196209,104.97839534011914,False,82.50099999999998,17.40775000022918,-1.8580454136104343,1131.9085104660883,204.89700101390096,17.506630555555514,96.09248999999987,5.271008290584632,8.593072658885193,26.61325627617839,77.40388958193887
392915.0,0.3552,1.4589,7.882,-0.0492,-0.2298,9.8038,-0.2336,0.7275,-0.5222,104.1,-83.48,1.3,53.042255,-1.798272,18.91,4.0,95.05,21 / 21,12.681955988613783,-10.725558156025183,0.9168568206907799,1106.5361890748231,126.43427762053581,105.07546227218823,False,82.601,17.453618562977926,-1.9075878833928945,1133.646631204781,204.7080808340583,17.55755555555846,96.23736000001533,4.771662574364143,8.817970272632289,27.110442129957846,78.2738032135225
393015.0,0.5626,3.2877,8.2761,-0.0568,-0.084,9.806,-0.0687,0.4899,-0.1158,105.51,-82.92,1.84,53.042255,-1.798272,18.91,4.0,95.05,21 / 21,12.936232625036386,-10.825531181203168,0.7440968206908388,1107.817098505505,125.35672315367476,105.15850995425728,False,82.70099999999996,17.412566694868914,-1.8233678632837473,1135.3715144673647,204.530168951011,17.50777500000123,95.97797999999132,4.476334069832529,9.00216331791942,27.554415961859604,79.17344579733624
393115.0,-0.3775,-2.6413,10.3822,0.0022,-0.0752,9.8063,-0.0324,0.0855,-0.0057,105.14,-82.71,0.43,53.042255,-1.798272,18.91,4.0,95.05,21 / 21,13.001593518190713,-10.838131843322182,0.696346820690828,1109.1139898126667,124.27354000244826,105.23053213632639,False,82.80099999999999,17.37989319253789,-1.8795496535641596,1137.0965982977966,204.3522570686639,17.481230555551978,96.172280000005,4.378299674347176,8.958582189758022,27.98260848512996,80.07871706621565
393214.0,-0.1044,0.5554,10.2735,-0.0015,-0.0465,9.8065,-0.0974,0.3224,-0.1611,101.29,-82.75,-3.16,53.042255,-1.798272,18.91,4.0,95.05,21 / 21,12.9446501870376,-10.77922624723159,0.7479456206908226,1110.3983288760753,123.20348077696596,105.30202461217478,False,82.89999999999998,17.506559935889918,-1.8406314413823441,1138.8240889420774,204.1761243051403,17.603055555553738,96.00200000000254,4.561909748852317,8.938594805849245,28.425760066002113,80.97264352817433
393314.0,-0.3725,-0.9361,12.0745,0.0209,0.0149,9.8066,0.1264,-0.1801,0.0396,103.8,-82.89,-1.01,53.042255,-1.798272,18.91,4.0,95.05,21 / 21,12.968598071810298,-10.742754079317082,0.8846806206908537,1111.693991289018,122.12738176063829,105.38365592424388,False,83.0,17.468701276895768,-1.9020271441864383,1140.5623433927492,203.99821242279316,17.57194444444444,96.214,4.50010320508547,8.840726935130643,28.86835210373124,81.87083066215487
393414.0,0.7925,-2.7241,12.4396,0.0599,-0.0008,9.8064,0.0548,0.0172,0.0313,103.9,-83.44,0.97,53.042255,-1.798272,18.91,4.0,95.05,21 / 21,12.8227269025702,-10.71254488819422,1.1297206206907702,1112.9835575377365,121.05461681226309,105.48437598631293,False,83.09999999999997,17.736848298661343,-1.8310477564833358,1142.3340258134958,203.8203005397517,17.831111111095936,95.89400000001874,4.914121396091144,8.881497131710884,29.35046827575934,82.76568372748862
393514.0,0.683,0.0317,11.9074,0.003,0.0307,9.8065,0.2701,-0.0755,-0.0896,107.01,-83.76,4.8,53.042255,-1.798272,18.91,4.0,95.05,20 / 22,12.709552064798809,-10.745744926007635,1.3664056206908242,1114.2601714861053,119.98170232155276,105.60918229838204,False,83.19999999999999,17.530253523747152,-1.8437412619444118,1144.072280264196,203.63126916427225,17.62694444445338,96.00399999999519,4.820701458948344,8.902003664063223,29.81210877809076,83.6495668427195
393614.0,-1.2952,0.4268,11.5665,0.0181,-0.0087,9.8066,0.1458,-0.0211,-0.0342,110.96,-84.28,6.84,53.042255,-1.798272,18.91,4.0,95.05,20 / 22,12.781476386039598,-10.722651195802948,1.5594356206907585,1115.5347229086467,118.9082825154626,105.75547436045106,False,83.29999999999995,17.7541869012798,-2.1591832886879843,1145.8439626850702,203.40887931080943,17.884999999992374,96.93399999997251,4.972710515240204,8.563467907114964,30.30923977642351,84.50059679534682
393714.0,-1.3187,-2.632,11.378,0.0033,-0.0601,9.8064,-0.0858,0.2028,-0.1702,107.72,-84.63,7.8,53.042255,-1.798272,18.91,4.0,95.05,20 / 22,12.756614743012664,-10.563807075865416,1.7259956206907963,1116.8116274650995,117.84395960187894,105.91974592252018,False,83.39999999999998,17.83666790988748,-2.2099782522526725,1147.6223307000032,203.18648945734503,17.973055555554257,97.0629999999981,5.0800531668748174,8.353828823612744,30.810703234903713,85.3425298554661
393814.0,-1.58,1.9044,9.4371,-0.0277,-0.0309,9.8065,0.0953,0.4055,-0.2286,108.85,-84.5,5.1,53.042255,-1.798272,18.91,4.0,95.05,20 / 22,12.804245752458401,-10.413117706326744,1.78608562069081,1118.0896704898732,116.79511336276909,106.0953499845893,False,83.5,17.853598733189912,-3.999586736697042,1149.394013120933,202.7083512724357,18.29611111111111,102.627,5.049352980731511,6.4135309696297025,31.304342631059853,85.9132379096666
393914.0,-3.1686,-4.5767,9.7196,-0.0173,-0.0493,9.8064,-0.0187,0.1112,-0.1263,111.7,-84.63,8.55,53.042255,-1.798272,18.91,4.0,95.05,20 / 22,12.803226382291646,-10.134773683658779,1.7632556206908179,1119.3700440966104,115.76771879327016,106.27281704665833,False,83.59999999999997,17.6831286670312,-3.529586518743745,1151.1590099476232,202.38588598574935,18.03194444445991,101.2880000000784,4.879902284739552,6.6051871649150335,31.78896585101279,86.61816719247919
394014.0,-1.1683,2.0398,9.5854,-0.0386,-0.0748,9.8062,-0.0463,0.5501,-0.3382,107.37,-84.37,6.04,53.042255,-1.798272,18.91,4.0,95.05,20 / 22,12.801296910127386,-9.874643673143915,1.7478406206908144,1120.6502702612318,114.7672479254298,106.44837185872746,False,83.69999999999999,17.750272570010367,-2.575248625001446,1152.9306923684994,202.1746156247041,17.936111111115306,98.25500000013275,4.948975659882981,7.299395048142468,32.28042210726767,87.4073676992743
394114.0,-2.7217,-2.9777,10.5589,-0.013,0.0471,9.8064,0.0396,-0.4285,0.0735,113.43,-83.92,11.51,53.042255,-1.798272,18.91,4.0,95.05,20 / 22,12.870924502939083,-9.662827507326892,1.7743906206908053,1121.9338813318845,113.7903743664066,106.62448342079648,False,83.79999999999995,17.860023632352945,-1.9392732792856342,1154.7157459774614,202.00782323548808,17.964999999999144,96.19700000006084,4.989099129413862,7.723554228041257,32.78186464557689,88.21744886908148
394214.0,0.1983,1.1279,11.5048,0.0048,-0.0428,9.8065,0.2578,0.1232,0.0257,112.56,-84.06,10.91,53.042255,-1.798272,18.91,4.0,95.05,20 / 22,12.87417339611262,-9.508798883516992,1.8969106206908333,1123.2211362268374,112.83179304686418,106.8080484828656,False,83.89999999999998,17.973345885326744,-2.006505092528823,1156.507485180482,201.8076723675833,18.084999999998228,96.36999999999745,5.099172489214123,7.502293790988169,33.28634895364462,88.97587932071913
394315.0,0.135,8.1255,10.2721,0.0019,0.1076,9.806,0.0585,-0.8315,0.5193,107.54,-84.73,7.87,53.042255,-1.798272,18.91,4.0,95.05,20 / 22,13.349858313967044,-9.667359624505373,2.0061724206908322,1124.5454498281965,111.86339704220906,107.00515417645538,False,84.00099999999998,17.89145985916219,-1.8727988705800562,1158.3035700196224,201.62787017147414,17.989211111111175,95.97570999999994,4.541601545195146,7.7945607539253166,33.75812019142586,89.76447312926508
394414.0,-0.1522,-4.0609,9.0179,-0.0237,0.0452,9.8065,0.2466,-0.9641,0.5545,110.79,-84.58,7.41,53.042255,-1.798272,18.91,4.0,95.05,20 / 22,13.58305416524527,-9.713331415479335,1.990169070690834,1125.8786289959173,110.90405283572991,107.20297308027875,False,84.09999999999997,17.811483314384887,-1.8865215016325845,1160.0575356161619,201.44072910906226,17.91111111111573,96.04599999999584,4.228429149139616,7.82680991384675,34.17890662024456,90.53667627333235
394514.0,2.0612,8.6465,11.0794,-0.0305,0.0432,9.8064,0.1363,-0.0194,-0.1028,104.3,-84.88,0.86,53.042255,-1.798272,18.91,4.0,95.05,19 / 20,13.826576146244982,-9.836493625258399,2.0143690706908393,1127.249110511492,109.9265615836928,107.40319998734788,False,84.19999999999999,17.965085750807706,-1.9801902771626128,1161.849274819208,201.24057824115712,18.073888888881765,96.28999999998932,4.138509604562724,7.856303348095786,34.600164307715886,91.31401665746432
394614.0,-1.5457,-3.7801,11.7469,0.0857,0.1732,9.8047,0.202,-1.016,0.7171,108.37,-84.97,5.77,53.042255,-1.798272,18.91,4.0,95.05,19 / 20,14.10214121222723,-9.905138976606699,2.1750190706907846,1128.6455463794152,108.93947995359989,107.61266939441688,False,84.29999999999995,17.915298801629156,-1.6162337449099244,1163.6343284281445,201.09602483749927,17.988055555558095,95.15500000003355,3.8131575894019267,8.288905231696774,34.98878204872926,92.15654488389939
394715.0,-0.1679,10.1859,9.0255,0.0292,-0.046,9.8065,-0.1245,0.8254,-0.3913,100.83,-85.69,-0.33,53.042255,-1.798272,18.91,4.0,95.05,19 / 20,14.48964235652622,-9.852954212726248,2.2335536206907842,1130.0894314496372,107.94169624753859,107.83530231533165,False,84.40099999999995,17.902102535554075,-1.7248565275249368,1165.4374331410447,200.91633383562237,17.985005555552654,95.5034099999979,3.412460179027855,8.128097685201311,35.34800169140749,92.97463758808378
394815.0,1.1257,-1.516,10.0102,-0.0079,0.1054,9.806,-0.0143,-0.2967,0.0984,106.25,-85.58,5.47,53.042255,-1.798272,18.91,4.0,95.05,19 / 20,14.939719309375342,-9.966335060799437,2.2046736206907775,1131.5608995329326,106.95073178386208,108.05721367740077,False,84.50099999999998,18.090222596876643,-1.787552943672942,1167.2426772440053,200.73831075833698,18.17832499999998,95.64325999999998,3.1505032875013015,8.178782117126495,35.681777711072755,93.7875789744749
394914.0,-4.9091,-9.543,11.9409,-0.0214,-0.1775,9.8049,-0.1987,1.2442,-0.7094,109.97,-85.23,5.51,53.042255,-1.798272,18.91,4.0,95.05,19 / 20,14.527978279315882,-9.605210022540192,2.320394720690765,1133.0195505635727,105.98194030223688,108.28120456029913,False,84.59999999999997,18.11596228455348,-1.7983146289174319,1169.0429740072507,200.55116969592507,18.20499999999842,95.66899999999848,3.5879840052375975,7.80689539362276,36.023423443677984,94.56922939368819
395015.0,-0.3084,5.3096,10.8934,0.0321,-0.0454,9.8064,-0.1397,0.8697,-0.4217,105.62,-85.02,2.96,53.042255,-1.798272,18.91,4.0,95.05,19 / 20,14.459722348467452,-9.260627813024106,2.4830552206907637,1134.4834294452758,105.0292154915409,108.5237787823389,False,84.70099999999996,18.12486954678333,-1.800723081142432,1170.8664029260299,200.37114510926818,18.214105555550947,95.67374999998356,3.6651471983158785,7.459904731881674,36.38297348075412,95.34192961772729
395114.0,-4.3754,-8.7509,11.876,-0.0011,-0.17,9.8051,0.0074,0.9116,-0.6758,113.34,-85.31,8.46,53.042255,-1.798272,18.91,4.0,95.05,19 / 20,14.441932883814161,-8.943203418101186,2.639282170690747,1135.9140613792736,104.1281258456003,108.77733448321226,False,84.79999999999995,18.21619786435423,-1.9290657591181086,1172.6799371656125,200.16198745254013,18.318055555552448,96.04499999998892,3.7742649805400674,7.014137658983078,36.76587578633894,96.03386160693984
395214.0,-0.7515,2.6264,11.3598,0.021,-0.12,9.8059,-0.139,0.9691,-0.4935,104.45,-85.78,3.69,53.042255,-1.798272,18.91,4.0,95.05,19 / 20,14.300617787218155,-8.561945912303349,2.820407170690788,1137.3511889128256,103.25286837907987,109.0503189502814,False,84.89999999999998,18.172631215465575,-1.9783515124230862,1174.491733150751,199.97295607776667,18.280000000000562,96.2129999999975,3.8720134282474206,6.583594399880263,37.140544237925496,96.7200876986868
395314.0,-4.8573,-7.9919,9.5902,-0.0378,-0.0818,9.8062,0.1299,0.2443,-0.1067,113.64,-85.6,9.48,53.042255,-1.798272,18.91,4.0,95.05,19 / 20,14.205694702078262,-8.172286471878744,2.8872421706908034,1138.7765045372907,102.41615675987057,109.33570141735053,False,85.0,18.24553070862991,-1.9914433223473715,1176.3169003239498,199.76168571672827,18.35388888888889,96.229,4.039836006551649,6.1808431495313725,37.54039578665902,97.34552895685769
395415.0,-3.6171,2.8647,9.7371,-0.0225,-0.1697,9.8051,-0.2298,0.719,-0.5028,108.1,-85.7,2.54,53.042255,-1.798272,18.91,4.0,95.05,19 / 20,14.166337925968108,-7.654898345170361,2.8727991706908034,1140.2092921850071,101.6168839266096,109.62658350509031,False,85.101,18.24848836432693,-1.8164194838266197,1178.153633574744,199.58177232571634,18.3386749999964,95.68436999996882,4.082150438358823,5.8384788613437415,37.94434138973679,97.96488839910674
395515.0,-5.4108,-7.5544,10.2174,0.0276,0.0803,9.8063,0.021,-0.5288,0.5867,116.09,-85.4,11.69,53.042255,-1.798272,18.91,4.0,95.05,20 / 23,14.17578366638731,-7.117063876263736,2.8898591706907975,1141.6263982646244,100.87828581553815,109.91471642215929,False,85.20099999999996,18.292312543668107,-1.9934095239673193,1179.9788007479679,199.38151026288693,18.40061111110843,96.21926999998566,4.116528877280796,5.123654352296417,38.35240248334344,98.50322444734879
395614.0,-1.865,5.6891,10.0513,-0.0278,-0.0773,9.8063,0.0398,0.3914,-0.5648,108.77,-85.51,6.81,53.042255,-1.798272,18.91,4.0,95.05,20 / 23,14.29108419930667,-6.714161277262428,2.922301470690794,1143.0355082239762,100.19364017043867,110.20241837390765,False,85.29999999999995,18.34086683892906,-2.103622364730752,1181.785716249434,199.17235260615888,18.461111111109304,96.54299999999034,4.049782639622389,4.610538912531676,38.75020802545782,98.97871243572021
395714.0,-3.4334,4.7134,9.6509,-0.0121,0.0525,9.8064,0.2058,-0.7121,0.1662,116.43,-85.48,15.09,53.042255,-1.798272,18.91,4.0,95.05,20 / 23,14.915247043949169,-6.667558687855469,2.926746470690795,1144.4958247861393,99.52455417218262,110.49487077097679,False,85.39999999999998,18.265511767957804,-2.145704489408448,1183.6041978286025,198.9610822451201,18.391111111112146,96.69999999999769,3.3502647240086354,4.521854198447022,39.1083730424632,99.43652807293749
395815.0,-4.0416,3.7745,10.1066,0.0039,0.0284,9.8065,0.0749,-0.3907,0.3516,122.66,-85.57,18.44,53.042255,-1.798272,18.91,4.0,95.05,20 / 23,15.513818748782484,-6.552829343712879,2.9340285706907947,1146.0324926086723,98.85692457658843,110.79083991056656,False,85.50099999999998,18.158610848741812,-2.2327724877877957,1185.4343791973522,198.72579378110734,18.295399999999876,97.0099600000009,2.6447920999593286,4.320056855925083,39.40188658867987,99.86886920451892
395914.0,-1.262,5.2642,10.2604,0.0286,0.1075,9.8059,-0.0414,-0.5678,0.5528,114.62,-85.72,10.84,53.042255,-1.798272,18.91,4.0,95.05,20 / 23,16.078891002289133,-6.539893135997948,2.971336720690791,1147.5963317413502,98.20883481384281,111.08315549248992,False,85.59999999999997,18.34673009712727,-1.9014520090790048,1187.2545321749185,198.54966101689627,18.444999999991154,95.91700000006463,2.2678390948381377,4.638441126918943,39.658200433568254,100.34082620305345
396015.0,-4.6759,-3.7688,10.4726,-0.0061,0.0389,9.8065,0.0912,-0.483,0.3353,115.13,-85.61,11.14,53.042255,-1.798272,18.91,4.0,95.05,20 / 23,16.312936667139123,-6.298576080794621,3.0278815706907904,1149.2321190386563,97.56049211839479,111.3861160162047,False,85.70099999999996,18.461634250179426,-1.717121929669567,1189.1111884960567,198.38086711758928,18.541344444451948,95.31389999995658,2.1486975830403026,4.581454151125055,39.87906945740042,100.82037499919448
396114.0,-3.1654,2.2719,10.2205,0.0176,0.0432,9.8065,-0.0359,0.0882,0.067,107.71,-85.7,6.92,53.042255,-1.798272,18.91,4.0,95.05,20 / 23,16.434111488211716,-5.892986557734227,3.0813316706907847,1150.853097922346,96.95700976778768,111.68852207165305,False,85.79999999999995,18.261206471895164,-2.0141203689824163,1190.904866521369,198.18271775836263,18.3719444444495,96.29399999997074,1.8270949836834482,3.878866188751811,40.051768599023035,101.22570799057495
396214.0,-2.7129,-1.3289,10.1949,0.0276,0.0503,9.8064,0.009,-0.289,0.0732,115.65,-85.76,12.05,53.042255,-1.798272,18.91,4.0,95.05,20 / 23,16.626643395053513,-5.624121087414688,3.121436670690794,1152.5061356665096,96.38115438553011,111.99866048872221,False,85.89999999999998,18.42385548738104,-2.0545200804257355,1192.7500904766846,197.97144739732423,18.5380555555531,96.36299999999898,1.797212092327527,3.569601006988952,40.243954810174955,101.59029301179412
396314.0,-1.9174,1.6374,9.4637,0.0152,0.0144,9.8065,-0.0114,0.2391,-0.1275,116.7,-85.77,13.22,53.042255,-1.798272,18.91,4.0,95.05,20 / 23,16.779134361343974,-5.425543319377686,3.1237016706907945,1154.17642455433,95.82867116519037,112.31091740579136,False,86.0,18.46737489646147,-2.014678467031375,1194.5819432439403,197.78241602255108,18.576944444444443,96.226,1.6882405351174974,3.4108648523463114,40.40551868961029,101.9537448573607
396415.0,-5.4813,-3.0653,9.9956,-0.0034,0.0283,9.8066,-0.0241,-0.1957,0.0974,114.42,-85.76,13.59,53.042255,-1.798272,18.91,4.0,95.05,20 / 23,16.907836763058906,-5.061084757215272,3.1159246706907946,1155.8776165961124,95.29909644732243,112.62601853603113,False,86.101,18.321403196794485,-2.0217316727912054,1196.4119909006772,197.59149433333707,18.432613888885,96.29701000001157,1.4135664337355784,3.0393530844240666,40.534374304564835,102.29239788601464
396514.0,-1.1524,1.0475,9.8034,-0.0086,-0.0222,9.8065,-0.2046,0.1393,0.0506,114.04,-85.52,9.72,53.042255,-1.798272,18.91,4.0,95.05,21 / 22,16.989546489817982,-4.720382284379165,3.1251168206907938,1157.5555370671295,94.81491382876355,112.93495008985448,False,86.19999999999999,18.394147146523146,-1.9657672485324145,1198.2189064021436,197.40435327231205,18.498888888885958,96.1000000000087,1.4046006567051634,2.7546150358467507,40.66336933501407,102.5894394435485
396614.0,-5.939,2.0359,8.8912,-0.0341,-0.0028,9.8066,-0.0062,0.032,-0.034,110.55,-85.07,4.84,53.042255,-1.798272,18.91,4.0,95.05,21 / 22,17.297848199389133,-4.445562137244449,3.0791818206908093,1159.2699068015893,94.35661660768253,113.24516502192346,False,86.29999999999995,18.5265015623565,-2.1691522349695003,1200.070815951541,197.18196341955652,18.653055555551,96.67799999998292,1.2286533629673677,2.276409902274949,40.80090914995162,102.825346811874
396714.0,-2.9894,1.6607,10.4899,-0.0213,0.0037,9.8065,0.1085,-0.0241,-0.0211,108.66,-85.16,3.02,53.042255,-1.798272,18.91,4.0,95.05,21 / 22,17.661252347719245,-4.085225221542997,3.0675718206908065,1161.0178618289451,93.93007723974306,113.5525027039926,False,86.39999999999998,18.384382351932103,-2.065063083310261,1201.9093543128272,196.97069305781014,18.50000000000226,96.40900000000399,0.7231300042128588,2.020162138232736,40.891492483882075,103.04061581806708
396814.0,-3.0911,2.5649,9.623,-0.0077,0.036,9.8066,-0.0477,0.0775,-0.1339,109.63,-85.07,3.53,53.042255,-1.798272,18.91,4.0,95.05,21 / 22,17.99779458387305,-3.864420269014078,3.092551820690812,1162.8008141755251,93.53259496521511,113.86050888606175,False,86.5,18.468808470617763,-2.1094795090482235,1203.75457826817,196.7594226974787,18.58888888888889,96.516,0.4710138867447142,1.7549407599658546,40.95376409264486,103.22682773226359
396914.0,-2.3662,-4.3672,10.4192,0.0122,-0.1105,9.8059,-0.1583,0.5505,-0.2628,101.31,-85.24,-0.71,53.042255,-1.798272,18.91,4.0,95.05,21 / 22,18.016543916908933,-3.5974527759102912,3.113996820690805,1164.6015311005635,93.15950131296901,114.17083631813072,False,86.59999999999997,18.418554533990626,-1.9647992245399026,1205.5864310353443,196.57039132201243,18.523055555559413,96.089000000025,0.40201061708169306,1.6326535513703886,40.98489993478074,103.41089000904341
397014.0,-2.8954,4.4191,8.7668,-0.0223,-0.0695,9.8063,-0.0659,0.7218,-0.3984,105.41,-85.19,-0.37,53.042255,-1.798272,18.91,4.0,95.05,21 / 22,18.113900731627677,-3.35075161886904,3.0926318206908,1166.4080533329907,92.81209109322997,114.48116775019987,False,86.69999999999999,18.564112626855245,-1.8699624304809037,1207.43834058469,196.38135994723964,18.658055555549645,95.75200000001475,0.450211895227568,1.4807891883881361,41.03028725169929,103.56926885400968
397114.0,-0.9999,-3.3648,11.2118,0.0127,0.0282,9.8066,-0.0364,-0.3131,0.1996,108.62,-85.09,2.81,53.042255,-1.798272,18.91,4.0,95.05,21 / 22,18.259084943934035,-3.164150254790015,3.110896820690794,1168.226702616768,92.48634599954713,114.79134418226884,False,86.79999999999995,18.535439117382122,-2.046331529571215,1209.2902501340884,196.170089586202,18.64805555555585,96.2999999999838,0.27635417344808744,1.1178187252188003,41.06354751732033,103.68374358665488
397215.0,-4.9993,-0.8405,10.6342,0.009,-0.0426,9.8065,-0.0291,0.1124,-0.1488,110.78,-85.06,5.07,53.042255,-1.798272,18.91,4.0,95.05,21 / 22,18.20179827966554,-2.808006571901683,3.223648170690793,1170.06797721956,92.1847520797992,115.11123870433362,False,86.90099999999995,18.554052282604605,-2.0368376551980174,1211.1540600408384,195.96804840524828,18.66551944444367,96.26477000000331,0.35225400293906617,0.7711689167036657,41.086082821278524,103.78329632544909
397315.0,-2.5729,-0.7149,10.3508,0.0047,0.0225,9.8066,0.0249,-0.0415,0.0398,114.44,-84.97,8.84,53.042255,-1.798272,18.91,4.0,95.05,21 / 22,18.30932022967364,-2.4264783835537034,3.2922331706908086,1171.8935331450273,91.92302783202636,115.43703277140277,False,87.00099999999998,18.61177457890413,-1.9715952084507125,1213.0124546164461,195.77890583484407,18.715913888888974,96.04695999999976,0.3024543492304872,0.4548831751029909,41.118921471418844,103.8558780028177
397414.0,-1.4847,0.619,9.1503,-0.0055,-0.0077,9.8066,-0.0768,0.0195,0.0157,116.55,-84.93,11.07,53.042255,-1.798272,18.91,4.0,95.05,21 / 22,18.427144148954294,-2.244714324599445,3.2866792706908092,1173.7119881317692,91.6918037929728,115.76268893725113,False,87.09999999999997,18.500048284724066,-2.0554982439796676,1214.8326075940124,195.58075647563183,18.613888888894923,96.33999999998267,0.07290413576977173,0.18921608061977757,41.12061946224321,103.88895268265902
397514.0,-0.3392,5.0407,9.6986,-0.0048,0.0782,9.8063,0.0145,-0.4448,0.2907,117.03,-84.46,14.05,53.042255,-1.798272,18.91,4.0,95.05,19 / 22,18.757663736813956,-2.2932995177077866,3.2484592706908004,1175.5712285260581,91.4649031008574,116.08944586432028,False,87.19999999999999,18.635366920177418,-1.8804254173365555,1216.6912027374412,195.39172510015106,18.72999999999492,95.7620000000253,-0.12229681663653835,0.41287410037123107,41.11997421138312,103.92682199929367
397614.0,-2.3096,1.4008,10.0219,-0.0128,0.0434,9.8065,0.0423,-0.2805,0.1989,115.19,-84.38,11.78,53.042255,-1.798272,18.91,4.0,95.05,19 / 22,19.139859104256598,-2.319325150084084,3.2538192706907987,1177.466104668111,91.23427186746788,116.41455979138925,False,87.29999999999995,18.656130421527664,-1.9898133156992621,1218.5564834748736,195.1915742322459,18.7619444444435,96.08799999999036,-0.483728682728934,0.3295118343848218,41.0903788067626,103.95730236477802
397714.0,-1.0738,2.9878,9.8068,-0.0028,0.0496,9.8064,0.1047,-0.2462,0.1454,115.35,-84.4,11.11,53.042255,-1.798272,18.91,4.0,95.05,19 / 22,19.44785387152509,-2.2608107252852623,3.2645892706908013,1179.3954903169006,91.00526507369936,116.7404802184584,False,87.39999999999998,18.536016663666672,-1.9289177250520086,1220.3950218361601,195.0025428560581,18.63611111111297,95.94100000000218,-0.9118372078584187,0.33189300023325363,40.99953151925956,103.99727778235875
397814.0,-2.1811,-2.4926,9.8555,0.0204,0.0339,9.8065,0.0051,-0.3537,0.2154,119.17,-84.41,12.79,53.042255,-1.798272,18.91,4.0,95.05,19 / 22,19.587579389252316,-2.1223141117693554,3.267039270690802,1181.34726197994,90.78610883184658,117.06706164552756,False,87.5,18.530141403256554,-1.915557571540233,1222.2469313855333,194.80239198815252,18.628888888888888,95.902,-1.0574379859957617,0.20675654022912227,40.899669405593386,104.01628315630595
397915.0,-1.6167,2.8284,9.3358,0.0265,0.0502,9.8064,-0.0288,-0.1119,0.092,115.77,-84.41,11.26,53.042255,-1.798272,18.91,4.0,95.05,19 / 22,19.733250581069655,-1.955551055915064,3.245728270690802,1183.3329638934413,90.58017664087852,117.39595640636733,False,87.601,18.518362182550682,-2.004923222025856,1224.110941859995,194.6001284166587,18.626580555539924,96.17912999998764,-1.2148883985189727,-0.049372166110792204,40.777977966553635,104.01995177578017
398015.0,-3.5777,-2.9241,10.2105,0.0013,0.0655,9.8063,-0.0022,-0.4214,0.194,117.77,-84.36,14.3,53.042255,-1.798272,18.91,4.0,95.05,19 / 22,19.88716525134866,-1.7195496088197295,3.242378270690803,1185.3139846850615,90.39642160764184,117.7203617334363,False,87.70099999999996,18.773974182891312,-2.1007996123940544,1225.9892595058673,194.38919164110575,18.891155555563888,96.38476000002298,-1.113191068457347,-0.3812500035743249,40.675274820805726,103.99277003346391
398115.0,-0.9183,1.5172,10.0026,0.0209,0.0162,9.8065,-0.1075,0.107,-0.0062,119.61,-84.26,15.58,53.042255,-1.798272,18.91,4.0,95.05,19 / 22,19.967142960758032,-1.4936764968319927,3.27236827069081,1187.3067000956673,90.23576030235922,118.04609906050545,False,87.80099999999999,18.604806930424534,-1.915162205418059,1227.8344834611837,194.21061258920088,18.703155555555263,95.87726999996723,-1.3623360303334984,-0.4214857085860664,40.52778336551637,103.97485228684165
398214.0,-3.4802,-1.5444,9.8956,-0.002,0.0741,9.8063,0.0717,-0.2218,0.1571,119.73,-84.07,16.19,53.042255,-1.798272,18.91,4.0,95.05,19 / 22,20.110874774525413,-1.3073270866846798,3.2864708206908086,1189.2905619735636,90.09711062497516,118.3707615955288,False,87.89999999999998,18.57384975997402,-2.2782785868313327,1229.6612551769724,193.96843003926838,18.713055555555407,96.99299999998334,-1.5370250145513928,-0.9709515001466529,40.37069320340879,103.87131941429323
398314.0,-0.8078,2.2787,10.279,-0.0155,-0.0397,9.8065,-0.0804,0.2562,-0.1497,115.56,-84.02,14.58,53.042255,-1.798272,18.91,4.0,95.05,19 / 22,20.287709257655578,-1.132931088879554,3.314535820690815,1191.3104911751732,89.97509771619691,118.70081192759797,False,88.0,18.70800723120153,-2.5713274791850904,1231.5332215084893,193.69044272226154,18.883888888888887,97.826,-1.5797020264540471,-1.4383963903055363,40.22273033331612,103.71534500606462
398414.0,-0.7277,1.7304,9.6649,0.004,0.0272,9.8065,0.0341,-0.0343,0.0834,113.55,-83.94,12.47,53.042255,-1.798272,18.91,4.0,95.05,19 / 22,20.539244791347656,-1.147130959141397,3.3310658206908097,1193.3518388776226,89.8610946137959,119.03309200966693,False,88.09999999999997,18.774364240585534,-2.286245351943759,1233.4118734338988,193.47917236194561,18.913055555553846,96.9430000000517,-1.764880550762122,-1.1391143928023622,40.06003455627615,103.61807774814972
398515.0,0.4759,2.7598,9.9117,0.0004,-0.0331,9.8065,-0.0057,0.3779,-0.1765,112.74,-83.97,11.64,53.042255,-1.798272,18.91,4.0,95.05,20 / 21,20.791128946422564,-1.2237316631993025,3.32921247069081,1195.43902275138,89.74136605136769,119.3694360633817,False,88.20099999999996,19.01196082550061,-2.9686248448065653,1235.342940416726,193.12056872197857,19.242344444447564,98.87477000002733,-1.7791681209219554,-1.7448931816072628,39.90391766534594,103.37920267061088
398615.0,-1.4337,1.4455,9.8018,-0.0001,-0.0133,9.8066,-0.0152,0.1205,0.0374,115.82,-84.01,10.61,53.042255,-1.798272,18.91,4.0,95.05,20 / 21,21.042942395407778,-1.2660524582951473,3.3342224706908112,1197.530726318472,89.61687684529294,119.70260781045086,False,88.30099999999999,18.973880524261215,-2.7501442135310836,1237.241649124391,192.8431373810126,19.172186111110406,98.24724000003128,-2.0690618711465625,-1.4840917552359363,39.710922805918926,103.22626053571967
398714.0,-1.4836,-1.1848,9.9069,-0.0218,-0.0472,9.8065,-0.0698,0.2171,0.0045,109.72,-84.02,5.72,53.042255,-1.798272,18.91,4.0,95.05,20 / 21,21.14487440627011,-1.1435206357856642,3.338944770690811,1199.619023250155,89.49760297713595,120.03292958889921,False,88.39999999999998,19.045498940696525,-2.399927475994944,1239.121370744979,192.62297142678315,19.196111111110753,97.1820000000159,-2.0993754655735835,-1.2564068402092796,39.50234749482411,103.1253684496472
398814.0,-2.0352,0.085,9.5454,-0.0215,-0.0492,9.8065,-0.1006,0.1856,-0.0388,107.89,-83.84,3.3,53.042255,-1.798272,18.91,4.0,95.05,20 / 21,21.186754828727317,-0.954676865551777,3.330894770690809,1201.7356047119054,89.39269310206906,120.36642156596837,False,88.5,19.110756602668452,-3.103482806518235,1241.026765046674,192.28938664694184,19.36111111111111,99.224,-2.0759982260588643,-2.148805940966458,39.29116033476862,102.89669354487278
398914.0,-2.0406,-1.7369,9.5084,-0.0512,-0.0524,9.8064,-0.1056,0.2207,-0.0982,107.58,-83.6,1.38,53.042255,-1.798272,18.91,4.0,95.05,20 / 21,21.207331649046694,-0.7314597458121577,3.302919770690819,1203.8553090357934,89.3083862715009,120.69811229303734,False,88.59999999999997,18.59312598072144,-2.4735866991691093,1242.8519322197922,192.07811628591858,18.75694444447982,97.57800000009638,-2.614205668325255,-1.7421269533569517,38.996623183998736,102.76973001441769
399014.0,-3.2113,-0.6628,11.3317,-0.0218,-0.0381,9.8065,-0.1141,0.0336,0.1258,100.8,-83.06,-2.49,53.042255,-1.798272,18.91,4.0,95.05,20 / 21,21.189743473454836,-0.4375623989615472,3.364259770690833,1205.975162791919,89.2499351642622,121.0314712701065,False,88.69999999999999,18.858128990726545,-2.5601095859589584,1244.71721295725,191.8334874468975,19.03111111109911,97.7309999999933,-2.331614482728291,-2.1225471869974113,38.742050165330966,102.5835522826353
399114.0,-3.1489,1.3401,11.2943,0.0081,-0.0081,9.8066,0.0591,-0.059,0.0625,98.77,-82.75,-4.6,53.042255,-1.798272,18.91,4.0,95.05,20 / 21,21.31380638091612,-0.11894620440630704,3.514894770690782,1208.1003402846368,89.22210973409382,121.37542899717546,False,88.79999999999995,18.73719321063273,-2.7775618668063466,1246.5691225066225,191.56661962302425,18.94194444444708,98.43199999997928,-2.576613170283391,-2.6586156624000394,38.46878222198575,102.34450988893043
399214.0,-2.9337,-0.5283,10.4036,0.0296,0.0015,9.8066,0.0975,-0.0338,0.0404,96.76,-83.11,-6.61,53.042255,-1.798272,18.91,4.0,95.05,20 / 21,21.431020278199277,0.1857876268479437,3.6191247706908056,1210.2375816175932,89.2254518052159,121.73212997424463,False,88.89999999999998,18.748090566266217,-2.724357744327639,1248.4277176500525,191.31087129228254,18.944999999999954,98.26800000000243,-2.6829297119330597,-2.9101453711755827,38.19013603245935,102.08541948706664
399314.0,-2.3402,0.8959,9.0904,0.0325,-0.0063,9.8065,0.0896,0.0704,-0.0237,98.77,-83.84,-6.44,53.042255,-1.798272,18.91,4.0,95.05,20 / 21,21.520118788095225,0.45394553272677574,3.6131597706908045,1212.3851385709083,89.25743846319465,122.0937442013138,False,89.0,18.513570124142234,-2.751677778172408,1250.2461992292215,191.04400346840833,18.716944444444444,98.454,-3.006548663952991,-3.205623310899184,37.861060658313136,101.78656500521369
399414.0,-1.8629,-2.22,10.4222,0.0336,0.0169,9.8065,0.1273,-0.3124,0.1818,97.63,-84.24,-6.28,53.042255,-1.798272,18.91,4.0,95.05,20 / 21,21.520615382854437,0.6801150690138058,3.6081247706908064,1214.5371752794551,89.31414149328165,122.45480842838275,False,89.09999999999997,18.44038471729708,-2.7621859180968,1252.0713664022865,190.7882551369784,18.646111111115257,98.5189999999962,-3.080230665557359,-3.442300987110606,37.53419112283132,101.47411364369674
399514.0,-2.5754,1.8665,10.1569,0.0069,-0.0285,9.8065,-0.0852,0.3139,-0.0888,91.82,-84.31,-8.67,53.042255,-1.798272,18.91,4.0,95.05,21 / 22,21.55563380752638,0.9253633807968977,3.6564147706908177,1216.6909877389746,89.3944154157722,122.81803540545191,False,89.19999999999999,18.38330943090903,-2.81074314680015,1253.903219169568,190.49914832754732,18.596944444446596,98.69299999999238,-3.1723243766173503,-3.7361065275970473,37.21223143059342,101.10473291177512
399614.0,-2.1191,1.8672,10.3405,-0.0258,0.0168,9.8065,-0.0462,-0.0274,0.0342,93.54,-84.1,-10.02,53.042255,-1.798272,18.91,4.0,95.05,21 / 22,21.787600364893898,1.1648094410077763,3.700619770690803,1218.858149447595,89.49892405686239,123.18588713252086,False,89.29999999999995,18.50709641480244,-2.521337270087865,1255.7484431249095,190.26563898094764,18.678055555553158,97.75800000002764,-3.2805039500914575,-3.686146711095641,36.8902936773145,100.76671492408525
399714.0,-2.5872,2.5603,10.3913,-0.0192,-0.0243,9.8065,-0.0537,0.3451,-0.2036,94.89,-83.88,-9.16,53.042255,-1.798272,18.91,4.0,95.05,21 / 22,22.061131845329488,1.3955526153738653,3.7565447706908155,1221.0505860581068,89.6269421596815,123.55874535959002,False,89.39999999999998,18.63954153510695,-2.4274702487337247,1257.6003526742825,190.03212963576487,18.796944444442683,97.420000000005,-3.4215903102225376,-3.82302286410759,36.5497666161757,100.40518747608337
399814.0,-2.1377,2.3517,9.7104,0.0022,0.0125,9.8066,-0.0275,0.2137,-0.094,97.56,-83.74,-7.59,53.042255,-1.798272,18.91,4.0,95.05,21 / 22,22.365983694924974,1.615547533328482,3.780964770690821,1223.27194183512,89.77749716711665,123.93562083665918,False,89.5,18.486331385738673,-2.655687882869728,1259.4388910355951,189.7541423187582,18.67611111111111,98.175,-3.8796523091863016,-4.27123541619821,36.166949200475074,99.97664515164155
399915.0,-2.516,-1.3439,9.8272,-0.0025,-0.0449,9.8064,-0.0113,0.277,-0.1419,97.45,-83.74,-7.71,53.042255,-1.798272,18.91,4.0,95.05,21 / 22,22.483363661139848,1.8525666757350734,3.7771419206908208,1225.5368338766013,89.95263693467436,124.31730522457396,False,89.601,18.645832992116294,-2.4387138990991057,1261.3160721302972,189.51807548957908,18.80464999999558,97.45146999996243,-3.837530669023554,-4.291280574834179,35.779238253695894,99.56543855490472
400014.0,-1.7842,1.606,9.9329,-0.0076,-0.0443,9.8065,-0.0313,0.2988,-0.0808,93.91,-83.66,-7.49,53.042255,-1.798272,18.91,4.0,95.05,21 / 22,22.554061374028333,2.0791239446560366,3.7844085206908202,1227.766186415842,90.1472556203837,124.69160197142232,False,89.69999999999999,18.692017911604367,-2.6576053868348604,1263.1560813222923,189.26488464214518,18.879999999996667,98.09199999997168,-3.8620434624239657,-4.736729331490897,35.38989490645031,99.11762902176147
400114.0,-1.6868,-2.0502,10.4834,-0.0146,-0.0362,9.8065,-0.0032,0.0975,0.0208,96.19,-83.53,-8.65,53.042255,-1.798272,18.91,4.0,95.05,21 / 22,22.582848553202183,2.269813959488143,3.8245585206908066,1230.0230319122027,90.36470251559084,125.07205032349127,False,89.79999999999995,18.522332115750157,-2.358966369089967,1264.974562901488,189.05361428181192,18.67194444445059,97.25800000002465,-4.060516437452026,-4.6287803285781095,34.9515309892854,98.68891176622108
400214.0,-1.3427,0.3649,10.1636,-0.0087,-0.0418,9.8065,-0.0398,0.2863,-0.1493,90.86,-83.35,-11.34,53.042255,-1.798272,18.91,4.0,95.05,21 / 22,22.544320193304653,2.4447571654408944,3.8762435206908186,1232.2793903495285,90.60043107183733,125.45709042556044,False,89.89999999999998,18.582094873983326,-2.333627002377808,1266.83315804489,188.82010493521517,18.72805555555473,97.15800000000148,-3.962225319321327,-4.778384167818702,34.55376769536156,98.21967386337784
400314.0,-1.7438,-1.5689,10.3108,-0.0059,0.0159,9.8066,-0.0009,-0.0446,0.0285,93.1,-83.3,-9.91,53.042255,-1.798272,18.91,4.0,95.05,21 / 22,22.524657661122117,2.617056022039038,3.9192985206908286,1234.5328392422505,90.85352173121139,125.84686752762961,False,90.0,18.581576775282766,-2.1621227975771675,1268.6783820002333,188.61995406730892,18.706944444444442,96.637,-3.9430808858393505,-4.779178819616206,34.14554275798287,97.76643233609754
400415.0,-0.828,1.6354,9.6869,-0.0071,-0.0016,9.8066,-0.0244,0.1728,-0.1128,95.47,-83.21,-7.71,53.042255,-1.798272,18.91,4.0,95.05,21 / 22,22.572098160998305,2.7558852082261596,3.9387107206908287,1236.8102254112675,91.12485526333978,126.24369699431938,False,90.101,18.62376311773709,-2.1470030105090396,1270.5486100771445,188.4065710033896,18.747111111121438,96.57619999999883,-3.9483350432612134,-4.9028882187352,33.73838466587699,97.2817157400498
400515.0,-1.3904,0.9027,10.0092,-0.0047,0.0353,9.8065,-0.0109,-0.0992,0.0907,95.99,-83.02,-4.2,53.04216,-1.796441,3.09,4.0,88.67,21 / 22,22.745144480252534,2.8655752524888154,3.9428507206908274,1239.0760875433293,91.40592828637544,126.63777506638833,False,90.20099999999996,18.448722338993655,-2.1328268048443215,1272.380529700313,188.19541183797497,18.571599999997858,96.59460000000614,-4.29642214125888,-4.998402057333137,33.30444215698367,96.78948355159953
400614.0,-0.4848,-0.8081,10.1836,-0.0144,0.0017,9.8066,0.0128,0.0676,0.0311,101.49,-82.89,-4.58,53.04216,-1.796441,3.09,4.0,88.67,21 / 22,22.7980768995753,2.970694554907254,3.9715359706908244,1241.3304770016305,91.69482364184152,127.02953720761168,False,90.29999999999995,18.50192120522389,-2.0936360036149186,1274.2006826780118,187.99726247804807,18.61999999999855,96.45600000000414,-4.296155694351409,-5.0643305585221725,32.870205676381374,96.30243883620655
400715.0,0.0208,-0.4184,10.4736,-0.0059,0.032,9.8066,0.0339,-0.022,0.064,98.46,-82.84,-4.71,53.04216,-1.796441,3.09,4.0,88.67,21 / 22,22.778597607889516,3.01415179735592,4.024252920690824,1243.6320990642573,91.99705838263081,127.43332454662645,False,90.40099999999995,18.59439818715424,-2.1660916661175116,1276.0845493669055,187.77264872605681,18.72013888888868,96.64452999999922,-4.1841994207352755,-5.180243463473431,32.45245030264823,95.775590343426
400815.0,0.0074,-0.5249,10.0133,0.0077,0.0284,9.8066,0.018,0.0454,0.0667,101.77,-82.82,-2.05,53.04216,-1.796441,3.09,4.0,88.67,21 / 22,22.768329108664613,3.0302779255084276,4.067932920690834,1245.9094454000856,92.2992798687741,127.83793383869562,False,90.50099999999998,18.607034837339057,-2.184079041548012,1277.9431445103603,187.55048126314838,18.73478055555548,96.69471000000019,-4.161294271325556,-5.214356967056439,32.03369911027471,95.25120139437429
400914.0,0.5625,2.1874,9.6963,0.009,0.0409,9.8065,0.0199,0.0557,0.0567,99.15,-82.89,-1.02,53.04216,-1.796441,3.09,4.0,88.67,21 / 22,22.88133015941076,2.9992912699150494,4.072699770690833,1248.1691035338552,92.59774354394753,128.24089515691898,False,90.59999999999997,18.70324540111017,-2.12038485025366,1279.7831537021952,187.35233190393612,18.823055555550336,96.4680000000134,-4.178084758300589,-5.119676120168709,31.6140501683401,94.75458835998859
401014.0,0.4047,-0.7302,9.8378,0.0085,0.0349,9.8065,0.0308,-0.0229,0.1275,102.13,-82.92,1.59,53.04216,-1.796441,3.09,4.0,88.67,21 / 22,22.98131932865965,2.950773849891304,4.068739770690832,1250.4622360082592,92.89524679993792,128.64796713398815,False,90.69999999999999,18.731582517988894,-2.0286163444518497,1281.6484344396551,187.16330052774805,18.841111111110322,96.18100000001256,-4.249736810670758,-4.9793901943431536,31.18619843139595,94.26805372781013
401114.0,0.2695,0.8998,10.0025,0.0092,0.0201,9.8066,0.0297,0.2118,-0.0138,100.05,-82.95,2.44,53.04216,-1.796441,3.09,4.0,88.67,21 / 22,23.019824744700564,2.9260112833115346,4.080089770690828,1252.7622932119264,93.18908605659796,129.0554086110571,False,90.79999999999995,18.691782069555,-2.183543467996861,1283.5003439890545,186.95203016741772,18.818888888889546,96.66299999998574,-4.328042675145564,-5.109554751308396,30.738050777128137,93.76294411081976
401215.0,-0.4613,-0.1363,10.1144,0.0077,0.0408,9.8065,0.0036,0.1693,-0.0205,101.58,-82.99,4.63,53.04216,-1.796441,3.09,4.0,88.67,21 / 22,23.096956066359475,2.9376142518807766,4.1055215706908275,1255.0911906428848,93.48519914612517,129.46878198379687,False,90.90099999999995,18.564235556280977,-2.238468318356384,1285.3574014458602,186.7273052211952,18.69871388888791,96.87548999999184,-4.532720510078498,-5.176082570237161,30.266210802975365,93.24210607507003
401315.0,-0.9936,0.7387,9.7047,0.0004,0.0277,9.8066,-0.034,0.2045,-0.0707,101.74,-82.96,7.92,53.04216,-1.796441,3.09,4.0,88.67,21 / 22,23.17777305965692,3.010809213324568,4.11581157069083,1257.4049270991861,93.7826203193855,129.87984864086604,False,91.00099999999998,18.60698471214773,-2.4215459187108874,1287.209310995206,186.49390706952929,18.7639,97.41490000000033,-4.57078834750919,-5.432355132035456,29.804383896019772,92.71128675014378
401415.0,-0.2874,0.2862,9.9557,-0.0066,0.037,9.8065,0.0113,0.1704,-0.043,105.56,-82.78,12.08,53.04216,-1.796441,3.09,4.0,88.67,21 / 22,23.2785155846691,3.0687660052334773,4.11816657069083,1259.727741531403,94.08659908031348,130.2915475479352,False,91.101,18.624743580066806,-2.2868663751060745,1289.0612874004119,186.27185080087293,18.764638888890985,97.00009000005174,-4.6537720046022955,-5.355632380339552,29.333545869008958,92.18525172055945
401515.0,-0.7103,-0.0609,9.9865,0.0002,0.0203,9.8066,0.0175,0.2186,-0.078,111.39,-82.7,14.71,53.04216,-1.796441,3.09,4.0,88.67,21 / 22,23.34352102733628,3.116651592135003,4.134611570690825,1262.0588433620023,94.3958699601818,130.70418645500416,False,91.20099999999996,18.62353414669283,-1.9966564262103115,1290.920016255695,186.08270823186967,18.73026111110509,96.11937999999394,-4.71998688064345,-5.113308018345315,28.861172893692583,91.68683827168788
401614.0,-0.6213,-0.6025,9.9665,-0.0031,0.0333,9.8065,0.0328,0.1684,-0.0199,115.14,-82.58,18.26,53.04216,-1.796441,3.09,4.0,88.67,21 / 22,23.376684723012215,3.191573200676259,4.151426720690823,1264.3714935466444,94.70812708742592,131.1143453504275,False,91.29999999999995,18.75376214143777,-2.0558584579227643,1292.7732629238963,185.88455887264303,18.866111111107056,96.25599999999592,-4.622922581574443,-5.247431658599023,28.401769377251867,91.1764317852171
401714.0,-0.9723,-0.5733,10.2048,0.0029,0.0183,9.8065,-0.0062,0.2061,-0.0774,111.77,-82.45,21.32,53.04216,-1.796441,3.09,4.0,88.67,21 / 22,23.39148120447982,3.288727275199692,4.179326720690829,1266.7099018430195,95.0321421112198,131.53088302249668,False,91.39999999999998,18.88965365012542,-2.0343952395182354,1294.6519148494435,185.69552749716257,18.998888888886928,96.14700000000161,-4.501827554354399,-5.3231225147179275,27.942013006424077,90.66338538594277
401814.0,-1.1681,0.1255,10.1667,0.0036,0.025,9.8066,0.0041,0.1819,-0.0582,114.6,-82.33,23.8,53.04216,-1.796441,3.09,4.0,88.67,21 / 22,23.45037218125744,3.3956293887491933,4.217236720690838,1269.051994512307,95.36635994441731,131.95071119456586,False,91.5,18.643947024626435,-2.0658866300530057,1296.5038243988172,185.48425713541684,18.758055555555554,96.323,-4.806425156631004,-5.4615160188021985,27.451829886510268,90.11789719099953
401914.0,-0.1752,0.3593,9.9451,0.0094,0.0177,9.8066,0.0143,0.1729,-0.0411,116.48,-82.24,26.22,53.04216,-1.796441,3.09,4.0,88.67,21 / 22,23.537840293508822,3.4450429815447046,4.24216172069083,1271.4014051360443,95.70839356293189,132.3736811166348,False,91.59999999999997,18.933276590817492,-2.1601870784608894,1298.3958475123131,185.2729867751009,19.05611111109366,96.50899999998911,-4.60456370269133,-5.605230060005594,26.994442376268807,89.564593212169
402014.0,0.5254,0.3742,9.9835,0.0117,0.0113,9.8066,0.0403,0.1686,-0.022,118.94,-82.27,28.77,53.04216,-1.796441,3.09,4.0,88.67,21 / 22,23.598886949253394,3.4105039043065744,4.2579267206908336,1273.758241498183,96.05117090722453,132.79868553870398,False,91.69999999999999,18.918246816219547,-2.1497761280249064,1300.2811850318913,185.06171641406212,19.040000000000703,96.48300000000114,-4.680640133033847,-5.56028003233148,26.522943533708258,89.01054550683759
402114.0,0.6789,-0.2955,9.6919,0.0136,0.0007,9.8066,0.0377,0.1406,-0.007,119.9,-82.36,30.16,53.04216,-1.796441,3.09,4.0,88.67,21 / 22,23.61013900070305,3.352956876901413,4.261031720690832,1276.11869279568,96.38934394628481,133.2246334607729,False,91.79999999999995,18.716100816134045,-1.857558618570743,1302.1330945812647,184.90604351727129,18.80805555556241,95.6680000000241,-4.8940381845690055,-5.210515495472156,26.014401785584596,88.51669957098648
402214.0,0.3594,-0.0704,9.6981,0.0094,0.0012,9.8066,0.028,0.198,-0.0195,117.28,-82.51,31.64,53.04216,-1.796441,3.09,4.0,88.67,21 / 22,23.606401945591667,3.313636730117723,4.24986672069083,1278.4795198429954,96.72267362663584,133.65017838284209,False,91.89999999999998,18.819418421248134,-2.0328120557049782,1304.011746506838,184.69477315694152,18.928888888887098,96.16499999999266,-4.786983524343533,-5.346448785822702,25.53222666384272,87.97209953030568
402314.0,0.6345,-0.5881,10.2074,0.0046,0.0128,9.8066,0.0419,0.1571,-0.0397,122.12,-82.52,33.72,53.04216,-1.796441,3.09,4.0,88.67,21 / 22,23.59053557366397,3.284422794759368,4.264476720690833,1280.8393667189587,97.05257660287977,134.07589555491126,False,92.0,19.237963496676155,-1.5600162255606542,1305.9438831847071,184.57245873742866,19.30111111111111,94.636,-4.352572076987816,-4.8444390203200225,25.104516465748475,87.5198821345489
402415.0,-0.1785,0.6184,9.7954,0.0146,0.0035,9.8066,-0.0163,0.2494,-0.0716,120.22,-82.49,35.37,53.04216,-1.796441,3.09,4.0,88.67,21 / 22,23.617433357180534,3.2605211768496534,4.284146470690834,1283.2233691499664,97.38309627344601,134.50760102607603,False,92.101,18.757595919312216,-2.2338661887018123,1307.8084285066884,184.30414537952305,18.89023055553163,96.79181000009982,-4.859837437868318,-5.494387365551466,24.585059356722013,86.92104910607704
402515.0,0.2406,-0.1821,9.8138,0.0064,0.0137,9.8065,0.0276,0.1581,-0.0044,121.81,-82.42,37.11,53.04216,-1.796441,3.09,4.0,88.67,21 / 21,23.671772278362926,3.242767426605923,4.283941470690833,1285.5878294317429,97.70826070361868,134.93600542314496,False,92.20099999999996,19.221967538679085,-1.7101905569633014,1309.740364616711,184.15970317008404,19.297905555556213,95.08425000002522,-4.449804739683842,-4.952957983569225,24.1525351849682,86.45144246646537
402615.0,0.7116,0.7989,9.6317,0.006,-0.0011,9.8066,0.0265,0.2329,-0.0601,123.56,-82.41,39.2,53.04216,-1.796441,3.09,4.0,88.67,21 / 21,23.70837149641508,3.1800509137297475,4.275551470690831,1287.9568366204824,98.02940162063554,135.36398007021415,False,92.30099999999999,19.22092023082127,-1.5210294816974204,1311.6522439446685,184.02560208858912,19.281036111116983,94.52471999997174,-4.487451265593808,-4.701080395427168,23.695407324186135,85.99620046795359
402715.0,0.5993,-0.4877,9.5525,0.0053,0.0052,9.8066,0.0373,0.1201,0.0316,125.09,-82.41,40.66,53.04216,-1.796441,3.09,4.0,88.67,21 / 21,23.721697093494075,3.1111988293787336,4.254096470690839,1290.328340049977,98.34396410779085,135.7904624672831,False,92.40099999999995,18.994126196038664,-1.8251940716198856,1313.5443339142164,183.82567361053873,19.081619444443685,95.48883999999725,-4.727570897455411,-4.936392900998619,23.215993864239408,85.48170950274788
402815.0,0.6681,-0.3187,9.7604,0.006,-0.0075,9.8066,0.0048,0.1861,0.0065,125.2,-82.5,41.43,53.04216,-1.796441,3.09,4.0,88.67,21 / 21,23.689033021157094,3.0754386856778466,4.2390764706908355,1292.69887655571,98.65329598354376,136.21512111435229,False,92.50099999999998,19.03674707007028,-1.8889092146045956,1315.442842054085,183.64787292310888,19.130236111111248,95.66655000000037,-4.652285951086814,-4.964347900282442,22.74396549837502,84.99457693956512
402915.0,0.8035,-0.5714,9.8277,0.0037,0.0089,9.8066,0.0116,0.1083,0.0614,125.61,-82.54,42.02,53.04216,-1.796441,3.09,4.0,88.67,21 / 21,23.64689481911914,3.0339856133917236,4.237816470690835,1295.0656729477244,98.9587671984973,136.63896576142147,False,92.601,18.880107619549765,-1.7251631212251008,1317.3212934116507,183.48130292235348,18.958769444458042,95.22082000003007,-4.766787199569375,-4.759148734616824,22.255620463926334,84.52253572385618
403015.0,0.784,-0.4926,9.9555,0.0043,-0.0012,9.8065,0.0324,0.1614,0.0075,125.7,-82.61,42.3,53.04216,-1.796441,3.09,4.0,88.67,21 / 21,23.59412506663304,2.993022398205833,4.2463114706908325,1297.4277239420112,99.26011759907708,137.0631721584904,False,92.70099999999996,18.662669031126875,-1.5379755299959257,1319.1799554110198,183.33652712812903,18.725936111115534,94.71106999998653,-4.931456035506166,-4.530997928201758,21.75223146900862,84.07640952905196
403115.0,1.2282,-0.1728,10.0601,0.0029,0.0307,9.8065,-0.0339,0.1503,0.0219,126.4,-82.61,43.15,53.04216,-1.796441,3.09,4.0,88.67,21 / 21,23.544525975017805,2.923531854174789,4.2664264706908375,1299.7846564940942,99.55594531169618,137.48880905555959,False,92.80099999999999,18.554516167664012,-1.6262904886003895,1321.0451024366,183.17006832228617,18.62566111111242,95.0091200000171,-4.990009807353793,-4.549822342775178,21.26044594250584,83.61412301058999
403214.0,1.2851,-0.1321,9.9216,-0.01,0.0342,9.8065,0.0243,0.1692,-0.0352,124.78,-82.28,45.67,53.04216,-1.796441,3.09,4.0,88.67,21 / 21,23.49627083260899,2.823797000480513,4.284662270690836,1302.1131759360715,99.84043809000158,137.91208794825792,False,92.89999999999998,18.525674153026696,-1.4342549631636294,1322.8784928905052,183.03796874946838,18.581111111111774,94.4270000000087,-4.970596679582293,-4.258051963644142,20.76531695443373,83.19753065946679
403314.0,0.3619,0.5367,9.7127,-0.0088,0.0471,9.8065,0.0198,0.2026,-0.0399,127.55,-82.04,48.09,53.04216,-1.796441,3.09,4.0,88.67,21 / 21,23.501088223958067,2.736288574523636,4.285712270690836,1304.4630438889003,100.11844236875186,138.3406066753271,False,93.0,18.39565451717042,-1.4648924903774332,1324.7170312518176,182.8934153443984,18.453888888888887,94.553,-5.105433706787647,-4.2011810649010695,20.253987362917314,82.77497297564653
403414.0,0.6667,0.3112,9.5628,-0.0023,0.0375,9.8066,-0.029,0.1611,0.0205,130.99,-81.57,51.41,53.04216,-1.796441,3.09,4.0,88.67,21 / 21,23.537381124624137,2.66044786179111,4.268822270690842,1306.8149673563287,100.3882791905675,138.76833340239605,False,93.09999999999997,18.321779011023807,-1.4371290389025624,1326.5421984248828,182.759981432471,18.378055555559996,94.48500000000398,-5.21560211360033,-4.097576900693673,19.727231068554147,82.37170224190349
403514.0,0.4797,0.8745,9.8526,-0.0013,0.0159,9.8066,-0.036,0.2236,0.0291,126.66,-81.38,52.43,53.04216,-1.796441,3.09,4.0,88.67,20 / 22,23.584247235103145,2.570244356804965,4.25892727069084,1309.1710487743155,100.64981380149736,139.19472087946522,False,93.19999999999999,18.10495558320707,-1.5228613814860446,1328.347308815965,182.61542802881615,18.168888888898046,94.80799999998587,-5.479291651896077,-4.093105738291009,19.176260041649584,81.9656142273188
403614.0,0.6224,-0.7375,10.325,0.0007,0.0129,9.8066,0.0028,0.2043,0.0466,126.14,-81.38,52.36,53.04216,-1.796441,3.09,4.0,88.67,20 / 22,23.593495598701875,2.5135606126400933,4.287142270690831,1311.529935916005,100.90400404996953,139.62202435653415,False,93.29999999999995,17.902573839241406,-1.410535099581927,1330.132362424955,182.48199411687855,17.95805555556179,94.50500000000895,-5.690921759460469,-3.9240957122220204,18.602426508950202,81.57799006690902
403714.0,0.5718,-0.9806,10.6041,0.0112,0.018,9.8065,-0.0077,0.226,-0.0229,122.24,-81.41,53.18,53.04216,-1.796441,3.09,4.0,88.67,20 / 22,23.525524692737623,2.505620005983204,4.352932270690846,1313.8858869305775,101.15496308090076,140.05402808360333,False,93.39999999999998,17.862720324251562,-1.2851162796275795,1331.917416033919,182.35967969665938,17.908888888889614,94.11500000000576,-5.662804368486061,-3.790736285610784,18.031529103341427,81.20471661575863
403814.0,0.414,-0.4823,10.2317,-0.0005,0.0357,9.8066,0.0322,0.1986,0.0273,127.73,-81.27,55.89,53.04216,-1.796441,3.09,4.0,88.67,20 / 22,23.473831688340905,2.4989419585474244,4.41405727069086,1316.235854749632,101.40519117912734,140.4923775606725,False,93.5,17.858662524454903,-1.244101173379948,1333.6957840488521,182.24848477028067,17.901944444444446,93.985,-5.6151691638860015,-3.7430431319273723,17.45992929922022,80.84329359115333
403914.0,-0.2515,0.2591,9.583,-0.0055,0.0423,9.8065,0.0255,0.1319,0.0336,126.34,-81.16,57.79,53.04216,-1.796441,3.09,4.0,88.67,20 / 22,23.496512157342032,2.4914228143933483,4.424127270690856,1318.5843719419154,101.6547094177743,140.93428678774146,False,93.59999999999997,17.831014825045578,-1.2806455320697299,1335.480837657685,182.13728984391028,17.876944444445908,94.1079999999928,-5.665497332296454,-3.772068346463078,16.896465715769637,80.48258042613598
404014.0,-0.1897,-1.4444,9.4129,-0.0044,0.0243,9.8066,-0.0113,0.073,0.0644,125.59,-80.91,59.94,53.04216,-1.796441,3.09,4.0,88.67,20 / 22,23.497874657768257,2.5359455754320144,4.393257270690849,1320.9340912826715,101.90607783726563,141.37515601481064,False,93.69999999999999,17.679493893800377,-1.3628460808778549,1337.2391488904761,182.00385593197439,17.73194444445079,94.40799999998687,-5.81838076396788,-3.8987916563098692,16.305057607804656,80.09777809470876
404114.0,-0.9547,-1.2137,9.7097,-0.0051,0.0127,9.8066,-0.0069,0.1135,0.1175,124.47,-80.86,60.08,53.04216,-1.796441,3.09,4.0,88.67,20 / 22,23.458456152067605,2.6523156269814865,4.368722270690857,1323.2819078231626,102.16549089738622,141.81325499187957,False,93.79999999999995,17.690239282137295,-1.3425563666033018,1339.0108313113776,181.88154151246243,17.74111111111084,94.34000000000201,-5.76821686993031,-3.9948719935847885,15.72892348821506,79.71605061507621
404214.0,0.1397,-2.8214,9.9346,0.0011,-0.0011,9.8066,-0.0169,-0.0063,0.0806,123.56,-81.05,59.38,53.04216,-1.796441,3.09,4.0,88.67,20 / 22,23.350951112094144,2.7917589879221265,4.370272270690857,1325.6223781863712,102.43769462813147,142.25020471894877,False,93.89999999999998,17.720359691134114,-1.2857555400584755,1340.7825137322804,181.77034658608358,17.766944444444064,94.15000000000282,-5.63059142096003,-4.077514527980602,15.16013554590927,79.33265195795211
404314.0,0.2439,-0.8888,10.1323,0.0021,0.0196,9.8066,0.0136,0.1341,-0.0224,123.17,-81.13,59.1,53.04216,-1.796441,3.09,4.0,88.67,20 / 22,23.222660045925902,2.87202790508912,4.392952270690863,1327.9510587442728,102.72088397278209,142.68836594601794,False,94.0,17.561598534355507,-1.304744004823379,1342.5341393710398,181.65915165970503,17.61,94.249,-5.661061511570395,-4.1767719099125,14.583080626767014,78.93826768692294
404414.0,1.3832,-1.5936,9.6604,-0.0012,0.0415,9.8066,0.0325,0.0091,0.0397,123.32,-81.0,61.43,53.04216,-1.796441,3.09,4.0,88.67,20 / 22,19.644541463185206,2.436260011163613,3.7416339300872306,1330.0944188197277,102.98629836859463,143.0950952560567,False,94.09999999999997,17.320812624427138,-1.29141444336966,1344.2590226335244,181.5479567326273,17.368888888903008,94.26399999999911,-2.3237288387580683,-3.7276744545332727,14.164603813796703,78.56165836403268
404516.0,0.6303,0.2568,9.7026,0.0086,0.0112,9.8066,-0.0137,0.1503,-0.0866,123.16,-80.96,62.78,53.04216,-1.796441,3.09,4.0,88.67,20 / 23,19.56900777852787,2.381844333110541,3.7288686300872267,1332.0943098310556,103.23202169015269,143.47609088662574,False,94.202,17.133868856163623,-1.2861266733107346,1346.004631237633,181.4345379077212,17.182072222224356,94.29276000000486,-2.4351389223642457,-3.6679710064212756,13.910321406577395,78.2025162175685
404615.0,0.5646,0.1,9.8386,-0.0105,0.0252,9.8066,0.0021,0.0415,0.0318,127.26,-80.8,64.1,53.04216,-1.796441,3.09,4.0,88.67,20 / 23,16.64809591545282,1.9689560137970195,3.166504728074143,1333.8870564639076,103.44738630732459,143.8174118678547,False,94.30099999999999,17.084511187832863,-1.2493387488413483,1347.6919414617394,181.32456612552335,17.13013055556649,94.18241000000172,0.4364152723800423,-3.218294762638368,13.804884997831778,77.87717981819875
404714.0,0.3739,0.3666,9.921,0.0033,-0.006,9.8065,-0.0373,0.2081,-0.0772,122.93,-80.79,64.08,53.04216,-1.796441,3.09,4.0,88.67,20 / 23,16.676688968533334,1.9112766569413193,3.1737465780741423,1335.5366333156646,103.63945782452612,144.131254307509,False,94.39999999999998,16.71466470402535,-1.2051596721105897,1349.333388510692,181.22549144520974,16.758055555561107,94.12400000000086,0.03797573549201516,-3.116436329051909,13.796755195027345,77.58603362068362
404815.0,1.1949,-0.1939,9.8292,-0.0024,0.0102,9.8066,0.0007,0.0972,-0.0046,123.91,-80.66,64.48,53.04216,-1.796441,3.09,4.0,88.67,20 / 23,16.67753109630245,1.834650588095681,3.180660028074142,1337.221021428939,103.82862715040048,144.4521518411195,False,94.50099999999998,16.404197972229124,-1.1645029949074717,1350.9806520264765,181.11329576448486,16.445480555555832,94.0605599999998,-0.273333124073325,-2.9991535830031526,13.75963059753758,77.28466861408438
404914.0,1.4503,-1.0663,9.7395,0.0084,-0.0073,9.8066,-0.0147,0.1639,-0.0348,124.25,-80.64,64.85,53.04216,-1.796441,3.09,4.0,88.67,20 / 23,16.589083900481576,1.754884639468338,3.1784523280741426,1338.8677188712795,104.00630914416487,144.76692790274882,False,94.59999999999997,16.06241793870166,-1.2116863224373982,1352.5625304324253,181.0142210841785,16.10805555557551,94.313999999985,-0.5266659617799156,-2.9665709619057363,13.694811561145798,77.00791194001363
405014.0,1.0042,-0.4866,9.7201,0.0007,-0.001,9.8066,-0.0171,0.1549,-0.054,124.45,-80.65,65.15,53.04216,-1.796441,3.09,4.0,88.67,20 / 23,16.492623555922304,1.6906725622937255,3.170767328074141,1340.5218042441002,104.17858700425302,145.0843888855563,False,94.69999999999999,15.705689039733434,-1.2595114661491817,1354.1202738439886,180.91414565093294,15.756111111126515,94.58499999998813,-0.7869345161888699,-2.9501840284429073,13.598469599888404,76.73555864667992
405114.0,1.4399,-0.7439,9.8543,0.0005,-0.0025,9.8066,-0.0314,0.1295,-0.0319,124.99,-80.51,65.5,53.04216,-1.796441,3.09,4.0,88.67,20 / 23,16.409244237270702,1.6185034943013283,3.1688223280741417,1342.1668976337592,104.34404580708271,145.40136836836362,False,94.79999999999995,15.353260895684766,-1.1589987466224752,1355.6445892853721,180.8140702162728,15.396944444455062,94.31700000000791,-1.0559833415859359,-2.7775022409238037,13.477691651612986,76.47002440919009
405214.0,0.6416,-0.2207,9.7711,0.0007,-0.0035,9.8066,-0.0264,0.1533,-0.0376,121.97,-80.45,65.45,53.04216,-1.796441,3.09,4.0,88.67,20 / 23,16.348111942983266,1.5534048766451671,3.169427328074142,1343.8047654427721,104.50264122563007,145.7182808511711,False,94.89999999999998,14.996765686968827,-1.071561444955558,1357.1287911624947,180.72511427615987,15.035000000005349,94.0870000000034,-1.3513462560144394,-2.6249663216007253,13.324025719722613,76.2224730505298
405314.0,0.6453,-1.1768,9.7957,-0.0038,-0.0031,9.8065,-0.0159,0.0627,-0.0256,124.72,-80.36,65.35,53.04216,-1.796441,3.09,4.0,88.67,20 / 23,13.84821033163774,1.3030835397316967,2.6920369788630203,1345.3145815565035,104.64546564644894,146.01135406651804,False,95.0,14.657572291312702,-1.0043933908504552,1358.5795650694117,180.64727782705813,14.691944444444445,93.92,0.8093619596749626,-2.307476930582152,13.264983512908202,76.00181218060919
405414.0,0.2039,-0.5164,9.8185,-0.002,-0.0071,9.8065,-0.0112,0.1193,-0.0282,120.83,-80.28,65.23,53.04216,-1.796441,3.09,4.0,88.67,20 / 23,13.791108149101326,1.3089377136610318,2.6920819788630204,1346.69654748054,104.77606670911854,146.28056001440424,False,95.09999999999997,14.357113806366538,-1.0006737947604252,1360.0035966000491,180.56944137796228,14.39194444446201,93.98699999999607,0.5660056572652117,-2.3096115084214572,13.307049119509202,75.79337466884374
405514.0,0.2091,-1.3449,9.702,-0.0028,-0.0046,9.8066,-0.0116,0.0015,0.0335,120.33,-80.26,65.12,53.04216,-1.796441,3.09,4.0,88.67,21 / 22,11.67698935759548,1.1340293382461495,2.2843256820335665,1347.969952355875,104.89821506171393,146.52938039744913,False,95.19999999999999,13.976250084628209,-1.067316790382216,1361.3875145665588,180.4693659440107,14.01694444446086,94.36699999998338,2.2992607270327294,-2.2013461286283658,13.417562210683855,75.57115088229676
405614.0,-0.6924,-1.9846,9.8998,0.0007,-0.0186,9.8066,-0.0201,0.0274,0.0109,119.47,-80.31,64.16,53.04216,-1.796441,3.09,4.0,88.67,21 / 22,9.844359554293261,1.0490415758276752,1.941188079728532,1349.0460198014691,105.00736860741758,146.74065608553715,False,95.29999999999995,13.658569878825874,-1.050250282366824,1362.7313189688052,180.38041000319035,13.69888888889829,94.39699999999912,3.8142103245326133,-2.0992918581944995,13.685299167336098,75.37304139577277
405714.0,1.2736,-0.9172,10.3614,-0.0089,0.0107,9.8066,0.0024,-0.02,-0.0133,122.08,-80.36,63.45,53.04216,-1.796441,3.09,4.0,88.67,21 / 22,9.739542056859365,1.0940773041050669,1.9735830797285394,1350.025214882027,105.11452455141423,146.93639464351006,False,95.39999999999998,13.186938047566352,-1.0026414762177713,1364.0350098068434,180.30257355408844,13.225000000007004,94.34800000000072,3.447395990706987,-2.0967187803228384,14.009794924816333,75.1880490026742
405814.0,1.4571,0.0707,9.7078,-0.0046,0.0208,9.8066,0.0294,0.0252,-0.0595,121.54,-80.09,64.37,53.04216,-1.796441,3.09,4.0,88.67,21 / 22,8.218574752109907,0.8462089560272705,1.696921367769263,1350.9231207224757,105.21153886442087,147.11991986588498,False,95.5,12.888902778587243,-0.8673779456187647,1365.3119582687066,180.2247371056942,12.918055555555556,93.85,4.6703280264773355,-1.7135869016460352,14.388837546230889,75.01319824127333
405914.0,0.7108,-0.6561,9.2699,0.0028,0.0115,9.8066,0.0114,-0.0657,0.0391,124.18,-80.02,65.32,53.04216,-1.796441,3.09,4.0,88.67,21 / 22,8.173410118367627,0.7656216214862396,1.665141367769274,1351.7427199659992,105.29213039329652,147.28802300266184,False,95.59999999999997,12.601892698737032,-0.8253090196084709,1366.5621643542765,180.16913964215536,12.628888888905818,93.74700000000603,4.428482580369405,-1.5909306410947104,14.819444388277361,74.87700924885884
406015.0,0.8906,-0.2481,9.7094,0.0022,-0.0093,9.8066,0.0177,-0.0157,0.0092,124.31,-80.08,65.63,53.04216,-1.796441,3.09,4.0,88.67,21 / 22,6.908291870606567,0.6101452009846603,1.388155712603883,1352.5043459164424,105.3616066178313,147.44221450522068,False,95.70099999999996,12.09726837913639,-0.9296741969139346,1367.763899883188,180.0795165310765,12.132938888902801,94.39450000000657,5.188976508529823,-1.539819397898595,15.25955396674567,74.71790991324521
406115.0,0.9352,-0.0513,10.0053,-0.0022,0.0035,9.8066,-0.0108,-0.0811,0.0495,124.19,-80.09,65.52,53.04216,-1.796441,3.09,4.0,88.67,21 / 22,6.881445919800442,0.5365457877419839,1.3932257126038843,1353.193832805963,105.41894116726765,147.5812835764811,False,95.80099999999999,11.784691485685052,-0.8785548727603177,1368.9336782725325,180.01213240624335,11.817450000004184,94.26375999994835,4.9032455658846095,-1.4151006605023015,15.739845466569477,74.5931912389757
406215.0,1.0812,-0.4282,9.9663,0.0002,-0.0057,9.8066,0.0044,-0.042,0.0375,120.83,-80.19,64.97,53.04216,-1.796441,3.09,4.0,88.67,21 / 22,5.817419916624405,0.38965120532110054,1.1994696057132965,1353.828776097784,105.46525101692079,147.71091834239692,False,95.90099999999995,11.60740802971227,-1.2227825908426166,1370.083333023845,179.8791432733165,11.671650000004982,96.0134000000128,5.7899881130878645,-1.6124337961637172,16.254556926061014,74.4138922563957
406315.0,0.4457,-0.1589,9.7155,-0.005,0.0154,9.8065,0.0095,-0.055,0.0226,120.63,-80.22,64.79,53.04216,-1.796441,3.09,4.0,88.67,21 / 22,4.921816327395964,0.2845633668026958,1.0224604148563028,1354.365737909985,105.49896174552698,147.82201484342542,False,96.00099999999998,11.290337091881517,-1.0197958522695179,1371.206044831187,179.7902985274209,11.336300000000303,95.16119000000008,6.368520764485552,-1.3043592190722135,16.840306921202,74.29133678189392
406415.0,1.3377,-0.6919,9.7742,-0.0032,0.0104,9.8066,0.0256,-0.074,0.0328,121.26,-80.15,65.43,53.04216,-1.796441,3.09,4.0,88.67,21 / 22,4.876560941108061,0.22577877520062856,1.0162804148563014,1354.8556567734104,105.52447885262715,147.92395188491108,False,96.101,10.924207602456855,-0.970442585497293,1372.2821580479313,179.7124620790252,10.967230555571637,95.07638000002683,6.047646661348794,-1.1962213606979215,17.426501274520888,74.18798322639803
406515.0,1.0354,-0.4105,9.8336,-0.0003,0.008,9.8066,-0.0073,-0.0281,0.0398,121.27,-80.19,65.55,53.04216,-1.796441,3.09,4.0,88.67,19 / 21,4.084297251847882,0.12607084961476875,0.8636046026278563,1355.303699683058,105.54207133386792,148.01794613578525,False,96.20099999999996,10.65484327774762,-0.8608662411473514,1373.3314620326898,179.63473682485449,10.689563888904203,94.61922999999899,6.570546025899738,-0.9869370907621202,18.027762349631757,74.09266549098656
406614.0,1.27,-0.9524,9.8214,-0.0026,0.0068,9.8065,0.0111,-0.0643,0.0458,125.62,-80.22,65.58,53.04216,-1.796441,3.09,4.0,88.67,19 / 21,3.401683764860301,0.053700318234398636,0.7358184397336778,1355.6742557433852,105.55097000667645,148.09711757638215,False,96.29999999999995,10.309959089776838,-0.8371265812411466,1374.3375102240022,179.5686870384456,10.34388888889921,94.64199999999931,6.908275324916536,-0.8908268994755453,18.66325448061707,74.01771703176915
406714.0,1.0028,0.0816,9.8259,-0.0019,-0.0023,9.8066,0.017,0.0301,-0.0233,126.7,-80.25,65.4,53.04216,-1.796441,3.09,4.0,88.67,19 / 21,2.835561498861338,-0.017528784188346015,0.6268906737736265,1355.9861180065714,105.55277858337875,148.16525303205754,False,96.39999999999998,10.08936534793413,-0.7196748404483123,1375.333663736114,179.51308957490235,10.115000000003382,94.0800000000083,7.253803849072792,-0.7021460562599663,19.347545729542617,73.9603109915236
406814.0,0.8535,-0.3202,9.7704,0.0008,0.0067,9.8066,-0.013,-0.0421,0.0309,128.29,-80.25,65.48,53.04216,-1.796441,3.09,4.0,88.67,19 / 21,2.385374291161006,-0.07853352553162889,0.5321345727075824,1356.2471647960726,105.54797546789275,148.22320429438162,False,96.5,9.869908160520586,-0.7459334311809276,1376.309760466108,179.45749211135941,9.898055555555556,94.322,7.48453386935958,-0.6673999056492987,20.062595670035307,73.90951664346666
406914.0,0.5458,-0.2155,9.6683,0.0067,-0.0053,9.8066,-0.0336,0.0416,-0.0079,131.04,-80.28,65.24,53.04216,-1.796441,3.09,4.0,88.67,19 / 21,2.0029597983371743,-0.10679329051521862,0.4448938868014476,1356.4665815005474,105.53870912709041,148.27205571735706,False,96.59999999999997,9.60716888948202,-0.6035901363766802,1377.2591148198844,179.4018946485279,9.626111111127033,93.59500000004256,7.6042090911448454,-0.4967968458614616,20.792533319337053,73.86318552143749
407014.0,0.8949,-0.7119,10.0212,-0.0047,-0.0007,9.8065,0.0156,0.0197,-0.0115,132.38,-80.35,64.95,53.04216,-1.796441,3.09,4.0,88.67,19 / 21,1.6627627041052842,-0.1195686343895115,0.3813983037812313,1356.6498676256695,105.52739103084518,148.3133703268862,False,96.69999999999999,9.324454731046462,-0.6023317497835566,1378.1750412035271,179.35741667811726,9.343888888901242,93.69599999999558,7.661692026941178,-0.48276311539404515,21.525173577857686,73.83002564727208
407114.0,1.0647,-1.0442,9.6777,0.0,-0.0132,9.8066,0.0051,0.0204,-0.0519,131.29,-80.36,65.19,53.04216,-1.796441,3.09,4.0,88.67,19 / 21,1.3325092639631217,-0.12372731120910532,0.32782655821404544,1356.7996312240728,105.51522623356526,148.34883156998595,False,96.79999999999995,8.966614716082425,-0.5432381132829119,1379.0575396169113,179.31293870700003,8.98305555556622,93.46700000000676,7.634105452119304,-0.41951080207380664,22.257908392838544,73.79771247343477
407214.0,0.6497,-0.7394,9.8202,-0.0014,-0.0018,9.8066,0.006,0.0308,-0.0068,130.55,-80.38,64.81,53.04216,-1.796441,3.09,4.0,88.67,19 / 21,1.0581023999718764,-0.11962685714824764,0.27374807448193755,1356.9191618072696,105.50305852514738,148.37891030162075,False,96.89999999999998,8.903055484291084,-0.4823280930352972,1379.946723624378,179.2795802290154,8.9161111111121,93.10100000000541,7.844953084319208,-0.3627012358870496,23.027561817108335,73.77652170386803
407314.0,0.6727,-0.9662,9.7743,-0.0004,-0.0047,9.8066,-0.0098,0.0033,-0.0031,127.81,-80.4,64.63,53.04216,-1.796441,3.09,4.0,88.67,19 / 21,0.8383485648271712,-0.10790671625616302,0.23188686330964678,1357.0139843555096,105.49168184647716,148.40419204851034,False,97.0,8.599521301373604,-0.4466183551119017,1380.78910847358,179.2462217510311,8.61111111111111,92.973,7.761172736546433,-0.33871163885573863,23.77512411807038,73.75453990455394
407414.0,0.3554,-0.6731,9.9245,0.0027,-0.0122,9.8065,-0.0043,0.0235,-0.021,127.13,-80.44,64.38,53.04216,-1.796441,3.09,4.0,88.67,19 / 21,0.6617027643605896,-0.09124814802858322,0.2007375838131986,1357.0889869219689,105.48172410326293,148.4258232708665,False,97.09999999999997,8.296361439114065,-0.49492905866142217,1381.604750946547,179.20174378062444,8.311111111128676,93.41399999997418,7.634658674753475,-0.40368091063283895,24.515764024578175,73.7200196773615
407515.0,0.7241,-0.9186,9.7689,0.001,-0.0014,9.8066,0.0006,-0.0291,0.0219,127.03,-80.46,64.32,53.04216,-1.796441,3.09,4.0,88.67,19 / 20,0.5113667024481171,-0.08054962175240969,0.17406523874121885,1357.1482269300427,105.47304831588899,148.44475081340548,False,97.20099999999996,8.14378755117949,-0.35995614028388095,1382.42152997052,179.179282405216,8.151738888898318,92.53080000000526,7.632420848731372,-0.27940651853147125,25.27330304047723,73.706234089327
407615.0,0.5905,-0.6137,9.8116,0.0044,-0.0088,9.8066,-0.0065,0.0041,-0.0005,127.12,-80.55,64.08,53.04216,-1.796441,3.09,4.0,88.67,19 / 20,0.38006959558045783,-0.08091980243001491,0.14656145293003578,1357.1927987449442,105.46497484467986,148.46078214798905,False,97.30099999999999,7.929677585887992,-0.33425039497516634,1383.2035439055214,179.15704342035758,7.936719444450753,92.41373999999495,7.549607990307535,-0.25333059254515145,26.010745160577244,73.69206857567772
407715.0,0.2771,-0.6699,9.8762,0.0027,-0.0038,9.8066,-0.0035,-0.0182,0.0094,129.45,-80.61,63.9,53.04216,-1.796441,3.09,4.0,88.67,19 / 20,0.28853585218368094,-0.07183404369195054,0.12774348499052943,1357.2262290173323,105.45733715237377,148.47449739488508,False,97.40099999999995,7.711419598076427,-0.34735193170541007,1383.965367346498,179.13491562972305,7.719244444448459,92.57883000001065,7.4228837458927455,-0.27551788801345956,26.7391383291656,73.67757847734929
407815.0,-0.1444,-0.8929,9.8678,0.0044,-0.0025,9.8066,-0.0031,-0.0197,0.0196,129.61,-80.71,63.78,53.04216,-1.796441,3.09,4.0,88.67,19 / 20,0.22118202285521563,-0.031589164316601054,0.11413671224195139,1357.2517149110843,105.45216599197335,148.4865914047467,False,97.50099999999998,7.447683873191875,-0.24325023979806468,1384.6941639529375,179.1236849416729,7.45165555555558,91.87068999999987,7.22650185033666,-0.21166107548146362,27.44244904185325,73.67151894969956
407915.0,-0.21,-0.7037,9.8866,-0.0003,-0.0018,9.8066,0.0264,-0.0247,0.0184,126.29,-80.8,63.63,53.04216,-1.796441,3.09,4.0,88.67,19 / 20,0.17478340090544917,0.019370750851130023,0.1030129554056601,1357.2715131822722,105.45155507130008,148.49744888812907,False,97.601,7.41449238448695,-0.26314317933245557,1385.4291113058082,179.1016683466704,7.419163888911489,92.0323000000331,7.239708983581501,-0.2825139301835856,28.15759812353599,73.65011327537033
408015.0,0.3747,-0.6382,9.8363,0.0077,-0.0065,9.8066,-0.0028,0.0035,0.0081,128.66,-80.92,63.64,53.04216,-1.796441,3.09,4.0,88.67,19 / 20,0.1296075780737506,0.038528499659107714,0.09221901209480952,1357.2867327312213,105.4544500338256,148.50721048650408,False,97.70099999999996,7.031450047528258,-0.18057775968356993,1386.1177943479863,179.1014459568158,7.033769444444968,91.47111999998631,6.9018424694545075,-0.21910625934267763,28.831061616765055,73.64699592299021
408115.0,0.3474,-0.6471,9.7922,0.0082,-0.008,9.8066,0.0011,-0.0045,0.0176,132.04,-81.04,63.66,53.04216,-1.796441,3.09,4.0,88.67,19 / 20,0.07930592778724128,0.03582540277650145,0.07903216028058825,1357.2971784065144,105.45816772894737,148.51577304512284,False,97.80099999999999,7.016478017163957,-0.21663726875017994,1386.8128955604343,179.0795405560431,7.019836111117242,91.76812000003454,6.937172089376715,-0.2524626715266814,29.515717153919923,73.62137282709573
408215.0,0.0497,-0.5568,9.9882,0.0009,-0.0112,9.8066,0.0377,0.0232,0.0004,129.65,-81.23,63.39,53.04216,-1.796441,3.09,4.0,88.67,19 / 20,0.04803818812080037,0.04222661389648307,0.07427908623849765,1357.3035456123098,105.46207032978103,148.52343860744878,False,97.90099999999995,6.808536186650054,-0.07180052590354809,1387.4878731348242,179.0903264643755,6.808930555558798,90.60459999998126,6.760497998529253,-0.11402713980003115,30.184327522514423,73.62825613459447
408315.0,0.1419,-0.4678,9.7818,0.0054,-0.0035,9.8066,0.0267,-0.0051,0.0078,129.59,-81.37,63.67,53.04216,-1.796441,3.09,4.0,88.67,19 / 20,0.032803384123018926,0.048891674817539615,0.06979697330272462,1357.307587690922,105.46662624421673,148.53064241042586,False,98.00099999999998,6.587488514826992,-0.21192344683210748,1388.1361751890054,179.06830986727195,6.590905555555731,91.8422900000008,6.554685130703973,-0.2608151216496471,30.82858749808338,73.60168362305522
408415.0,0.3445,-0.222,9.828,0.006,0.0016,9.8066,0.0097,0.0316,0.0211,124.82,-81.49,64.1,53.04216,-1.796441,3.09,4.0,88.67,19 / 20,0.02361996112215102,0.035758603516161884,0.05917867730731594,1357.3104088581842,105.47085875813342,148.53709119295635,False,98.101,6.372838751963638,-0.09741793505531068,1388.764219893153,179.0684210622097,6.373586111137065,90.87539000003258,6.349218790841487,-0.13317653857147257,31.453811034968794,73.59756230407628
408514.0,0.3341,-0.4444,9.8011,0.0014,0.0,9.8066,0.0219,0.0264,0.0197,124.8,-81.58,64.3,53.04216,-1.796441,3.09,4.0,88.67,19 / 22,0.011750397764648448,0.01712301591923018,0.0509666607112185,1357.312159690949,105.47347639829547,148.54254338718826,False,98.19999999999999,5.931018607319228,-0.03312540129070972,1389.346668846021,179.0794293611116,5.931111111130673,90.32000000002455,5.91926820955458,-0.0502484172099399,32.03450915507187,73.60595296281613
408614.0,0.588,-0.4874,9.7855,0.0071,-0.0034,9.8066,0.0043,0.0323,0.014,129.64,-81.7,64.57,53.04216,-1.796441,3.09,4.0,88.67,19 / 22,-0.014514420635471365,0.00044725206900125873,0.042186911604536186,1357.3120214898056,105.47435491169489,148.54720106580405,False,98.29999999999995,5.629671824661694,-0.21794301790573795,1389.901573151415,179.0460708831293,5.633888888897674,92.21699999994392,5.644186245297165,-0.2183902699747392,32.58955166160945,73.5717159714344
408714.0,0.4949,-0.231,9.7947,0.0078,-0.0001,9.8065,-0.0147,0.0764,0.0117,126.29,-81.79,64.71,53.04216,-1.796441,3.09,4.0,88.67,19 / 22,-0.03367082088309861,-0.024395326543085395,0.03445212486385555,1357.3096122277298,105.47315750797118,148.55103301762747,False,98.39999999999998,5.376106505204935,-0.007037310981555495,1390.4297350806876,179.0683098672716,5.37611111111492,90.07500000003166,5.409777326088033,0.0173580155615299,33.12012285295782,73.59515235930043
408814.0,0.8203,-0.5929,10.0822,0.0018,0.0017,9.8066,0.0001,0.0574,0.0025,123.52,-81.87,64.91,53.04216,-1.796441,3.09,4.0,88.67,19 / 22,-0.05795327489287985,-0.05297147644935286,0.04048730613427985,1357.305031022941,105.46928916782156,148.55477998917738,False,98.5,5.156707417317251,-0.11792254399726304,1390.9445258218457,179.0460708831283,5.158055555555556,91.31,5.21466069221013,-0.06495106754791019,33.63949479890471,73.57678171530674
408914.0,0.693,-0.3804,9.6136,0.0033,-0.0003,9.8066,0.0367,0.0702,-0.0211,119.46,-81.88,65.33,53.04216,-1.796441,3.09,4.0,88.67,19 / 22,-0.10177069371154387,-0.09639506250929661,0.04461230613427851,1357.2970448245107,105.46182084087363,148.55903496979082,False,98.59999999999997,4.9718050762965955,0.03722689968770351,1391.4392597808499,179.06830986727064,4.971944444455341,89.57100000010182,5.073575770008139,0.13362196219700012,34.1422149563391,73.60648902639701
409014.0,1.2965,-0.6918,9.6403,0.0045,0.0162,9.8066,-0.0033,0.0694,-0.0013,120.31,-81.91,66.41,53.04216,-1.796441,3.09,4.0,88.67,19 / 22,-0.136560487263917,-0.135543103221651,0.0226459602141333,1357.285128265462,105.45022393258708,148.56239788310825,False,98.69999999999999,4.723266616160745,-0.07667272873274653,1391.9005657696607,179.05719037555426,4.723888888899746,90.92999999994052,4.859827103424662,0.058870374488904476,34.61543750419878,73.60696644296718
409114.0,1.4446,0.411,9.8371,0.0129,0.0075,9.8066,-0.0221,0.146,-0.0377,119.22,-81.87,67.35,53.04216,-1.796441,3.09,4.0,88.67,19 / 22,-0.1791650340357698,-0.2507875818294264,0.015850960214135644,1357.269341989397,105.43090739833453,148.56432272912966,False,98.79999999999995,4.259871515088071,-0.03308587399540188,1392.315072600233,179.05719037555377,4.2600000000137115,90.44500000001433,4.439036549123841,0.2177017078340245,35.04573061083602,73.62628297721925
409214.0,1.253,0.5101,9.6679,0.0018,0.0074,9.8065,0.0226,0.0918,-0.0088,120.12,-81.9,68.52,53.04216,-1.796441,3.09,4.0,88.67,19 / 22,-0.16856278328050014,-0.39445267856901145,0.01043596021413442,1357.2519555985311,105.3986453853146,148.56563707515107,False,98.89999999999998,4.033513176572854,-0.05505472133573465,1392.7095226486333,179.06830986727178,4.03388888889223,90.78199999999502,4.202075959853355,0.3393979572332768,35.45756705010217,73.66966448195718
409314.0,1.1944,0.1777,9.8742,0.0086,-0.0036,9.8066,0.0101,0.1235,-0.0298,120.67,-81.93,69.27,53.04216,-1.796441,3.09,4.0,88.67,19 / 22,-0.1635039220727864,-0.5214174659630775,0.006875960214133647,1357.2353522632634,105.35285187808798,148.5665026711725,False,99.0,3.745626093102175,0.060279577489085925,1393.0772303209121,179.0905488542449,3.7461111111111114,89.07799999999999,3.9091300151749615,0.5816970434521634,35.84187805764873,73.73769697615693
409414.0,1.1132,0.1312,9.7353,0.0048,0.0005,9.8066,-0.0242,0.0995,-0.0105,120.97,-82.0,69.82,53.04216,-1.796441,3.09,4.0,88.67,19 / 22,-0.17211592812836476,-0.632769673509537,0.0066859602141338,1357.2185712707533,105.29514252111436,148.5671807671939,False,99.09999999999997,3.440989064693181,0.08109140168024329,1393.4115100229346,179.10166834666975,3.4419444444622522,88.65000000002506,3.6131049928215457,0.7138610751897803,36.19293875218136,73.8065258255554
409514.0,1.8072,-0.2247,9.8862,0.0131,-0.0062,9.8066,-0.023,0.0973,-0.0039,120.39,-82.11,69.87,53.04216,-1.796441,3.09,4.0,88.67,20 / 22,-0.21330012868835765,-0.7603934769208364,0.007095960214134003,1357.1993004679125,105.22548436359283,148.5678698632153,False,99.19999999999999,3.2775718626993258,0.09292486517328732,1393.739104130952,179.12390733152043,3.278888888896026,88.376000000012,3.4908719913876833,0.8533183420941237,36.53980366303949,73.8984229679276
409614.0,1.6161,-0.0807,9.8354,0.0084,-0.0052,9.8066,0.0143,0.0813,-0.0273,122.68,-82.19,69.98,53.04216,-1.796441,3.09,4.0,88.67,20 / 22,-0.27856840750429634,-0.9033057293783203,0.012510960214132238,1357.174707041103,105.1422994032779,148.5688502092367,False,99.29999999999995,3.091854137447861,0.08620129078851682,1394.0399558628221,179.13502682465386,3.0930555555610484,88.4029999999992,3.3704225449521577,0.9895070201668371,36.865248821719206,73.99272742137596
409714.0,1.6816,-0.2135,9.6949,0.01,-0.0088,9.8066,0.0087,0.0867,-0.0305,121.07,-82.21,70.48,53.04216,-1.796441,3.09,4.0,88.67,20 / 22,-0.3409951867806325,-1.0406862675393438,0.008360960214131373,1357.1437288613886,105.045099803432,148.56989380525812,False,99.39999999999998,2.971867609642352,0.021370344719519,1394.3341220006077,179.1350268246542,2.971944444446235,89.58799999998249,3.312862796422985,1.0620566122588628,37.19039313921917,74.08992702122221
409814.0,1.3536,0.4593,9.6465,0.0075,0.0013,9.8066,-0.0215,0.0575,-0.0154,118.72,-82.31,70.81,53.04216,-1.796441,3.09,4.0,88.67,20 / 22,-0.31333554868902974,-1.00413453914466,-0.0044489338179909054,1357.111012324615,104.94285876309777,148.57008940657792,False,99.5,2.764071357681114,0.07165563234586114,1394.6015457622725,179.15726581021252,2.765,88.515,3.0774069063701437,1.0757901714905214,37.490533437657405,74.21440704711475
409914.0,1.7982,0.1967,9.6956,0.0081,-0.0022,9.8066,-0.006,0.0311,-0.0041,121.18,-82.33,70.92,53.04216,-1.796441,3.09,4.0,88.67,20 / 22,-0.27758748019390445,-0.9862755596584939,-0.015307593745288277,1357.081466173171,104.84333825815764,148.56910158019977,False,99.59999999999997,2.5911010081187658,0.007235737827290839,1394.8555983358044,179.14614631708037,2.5911111111212914,89.83999999992243,2.86868848831267,0.9935112974857847,37.77413216263335,74.30280805892272
410014.0,1.1072,0.3972,9.7702,0.005,-0.0056,9.8066,-0.0048,0.0413,-0.0349,118.68,-82.43,71.07,53.04216,-1.796441,3.09,4.0,88.67,20 / 22,-0.24444872393374115,-0.9606378238397364,-0.019280204683496345,1357.0553643629646,104.74599258898272,148.56737219027832,False,99.69999999999999,2.5147108277080092,0.10601315693701534,1395.1029653153248,179.17950479506206,2.5169444444476907,87.58600000009865,2.7591595516417504,1.0666509807767517,38.0476009523602,74.43351220607934
410114.0,1.1125,-0.1074,9.7219,0.0035,-0.0048,9.8066,0.0066,-0.0073,-0.0088,121.09,-82.43,71.06,53.04216,-1.796441,3.09,4.0,88.67,20 / 22,-0.21218738233168707,-0.907241693066482,-0.02153917398097006,1357.0325325576514,104.65259861313744,148.5653312213451,False,99.79999999999995,2.3761163921284054,0.09601622980964394,1395.3369611067585,179.19062428748865,2.3780555555596607,87.68599999999705,2.5883037744600923,1.0032579228761258,38.304428549107115,74.5380256743512
410214.0,1.096,-0.0809,9.8503,0.0068,-0.0005,9.8065,-0.0199,-0.0076,0.0045,123.57,-82.52,71.12,53.04216,-1.796441,3.09,4.0,88.67,20 / 22,-0.20577866671180783,-0.8507293884822729,-0.02005504788382488,1357.0116342551992,104.56470005905999,148.56325151025186,False,99.89999999999998,2.234528738387994,0.10393153928597174,1395.5575857101312,179.21286327304696,2.2369444444465296,87.33700000000516,2.440307405099802,0.9546609277682446,38.54595145493204,74.64816321398698
410314.0,0.9958,0.091,9.6801,0.0041,0.0064,9.8066,-0.0219,-0.016,0.014,126.53,-82.58,71.02,53.04216,-1.796441,3.09,4.0,88.67,20 / 22,-0.1943447066126924,-0.8023610451865264,-0.02057004070125189,1356.991628086533,104.48204553737654,148.5612202558226,False,100.0,2.4110756249806404,0.28664980636381,1395.8049526896245,179.25734124416394,2.4280555555555554,83.22,2.605420331593333,1.0890108515503365,38.81332460309159,74.7752957067874
410414.0,1.2198,-0.0705,9.8398,0.0017,-0.0019,9.8066,0.0184,-0.0328,-0.0094,131.54,-82.63,71.4,53.04216,-1.796441,3.09,4.0,88.67,20 / 22,-0.19313863586609736,-0.7633078872195113,-0.021454034596062713,1356.972253919409,104.40376209075626,148.55911905205775,False,100.09999999999997,2.264008492761505,0.3690417040215208,1396.0255772929804,179.3018192145706,2.293888888896744,80.74200000014508,2.4571471286276023,1.1323495912410322,39.0533233735714,74.89805712381434
410515.0,0.8692,0.0202,9.8474,0.0052,-0.0034,9.8066,-0.0009,-0.0394,-0.0045,128.76,-82.69,71.71,53.04216,-1.796441,3.09,4.0,88.67,19 / 22,-0.19291671971131374,-0.7244986898290924,-0.015063771906653254,1356.9527581239524,104.3286278586153,148.55727490282936,False,100.20099999999996,2.1725839581209487,0.31015472234327146,1396.2484081423595,179.33562247225916,2.194611111107943,81.87552000001088,2.3655006778322623,1.0346534121723638,39.29565001840706,75.00699461364385
410614.0,1.5659,0.1576,9.7159,0.0081,-0.0082,9.8066,0.0079,-0.0422,0.0228,128.82,-82.75,71.94,53.04216,-1.796441,3.09,4.0,88.67,19 / 22,-0.1918328361578836,-0.7083340564153655,-0.014907956120655,1356.933713020937,104.25770263767622,148.55579130229202,False,100.29999999999995,2.241974050665603,0.3298665245726292,1396.4668264996455,179.379655662965,2.2661111111089762,81.63000000000733,2.433806886823487,1.0382005809879948,39.53311347870863,75.12195302528879
410714.0,1.4005,0.119,9.8811,0.0043,-0.0058,9.8066,-0.0158,-0.0105,-0.031,131.54,-82.87,72.01,53.04216,-1.796441,3.09,4.0,88.67,19 / 22,-0.20463364434741885,-0.7148333532009897,-0.01336451270255688,1356.9138896969116,104.18654426719539,148.55437767885087,False,100.39999999999998,2.013795353802346,0.35588379145079396,1396.6607087268974,179.4241336340823,2.045000000003268,79.97800000002442,2.218428998149765,1.0707171446517836,39.74681902998577,75.23758936688691
410814.0,1.14,-0.0177,9.7998,0.0044,0.0005,9.8066,0.0181,-0.0299,0.0188,131.51,-82.92,72.51,53.04216,-1.796441,3.09,4.0,88.67,19 / 22,-0.2118937052998014,-0.7008094803641066,-0.008486835797172671,1356.8930633294292,104.11576212551712,148.55328511142588,False,100.5,1.9315579200232922,0.4623000619449505,1396.8545909540687,179.47973109762506,1.9861111111111112,76.54,2.1434516253230935,1.1631095423090572,39.96152762463953,75.36396897210794
410914.0,1.4372,0.6692,9.8577,0.0059,0.0001,9.8066,0.0172,0.0224,-0.0177,130.24,-82.93,72.89,53.04216,-1.796441,3.09,4.0,88.67,19 / 22,-0.2000225408944941,-0.7056365308582446,-0.005335310427597411,1356.8724675171195,104.04543982495603,148.55259400411464,False,100.59999999999997,1.8719811596172113,0.37919195410102174,1397.0417875872226,179.51308957489957,1.9100000000044564,78.54899999988237,2.0720037005117056,1.0848284849592664,40.16932007010314,75.46764974994353
411014.0,0.7825,0.2665,9.8595,0.0015,0.0065,9.8065,-0.0097,0.0094,-0.0062,137.11,-82.98,73.47,53.04216,-1.796441,3.09,4.0,88.67,19 / 22,-0.17445181476035848,-0.7063499550792773,-0.00011926386345674348,1356.8537437993368,103.97484050065914,148.5523212754001,False,100.69999999999999,1.6310044754948796,0.45725700524780094,1397.1955562501612,179.5798065308662,1.6938888888983479,74.33900000018427,1.805456290255238,1.1636069603270782,40.341812450824364,75.60496603020705
411114.0,0.6836,0.2346,9.9096,0.0071,0.0032,9.8066,-0.0077,0.0667,0.0034,136.61,-82.97,74.47,53.04216,-1.796441,3.09,4.0,88.67,19 / 22,-0.14981683071183854,-0.6708324298062784,0.006520125716059554,1356.8375303670632,103.90598138141489,148.55264131849273,False,100.79999999999995,1.570518552898168,0.42475840229207756,1397.356010507154,179.62428450198445,1.6269444444464234,74.86599999998442,1.7203353836100066,1.095590832098356,40.51848014009079,75.71830312056956
411215.0,1.3776,1.2785,9.8895,-0.0017,0.0047,9.8066,-0.0218,0.0566,-0.0327,133.92,-82.99,74.98,53.04216,-1.796441,3.09,4.0,88.67,19 / 22,-0.11323041987739384,-0.6899330227553623,0.013517571858650566,1356.8242464809084,103.83726272606053,148.55365322222025,False,100.90099999999995,1.3656174904994525,0.35178054217990684,1397.490858938961,179.65819895390388,1.4102361111136514,75.54937000006636,1.4788479103768464,1.0417135649352691,40.66661245805267,75.82093622784335
411314.0,0.7147,0.7615,9.8898,0.0111,-0.0014,9.8066,-0.0356,0.0881,0.0149,131.98,-83.05,75.46,53.04216,-1.796441,3.09,4.0,88.67,19 / 22,-0.07546791294368001,-0.8464173994909286,0.021734571858654433,1356.8149059134337,103.7612133801593,148.55539820333425,False,101.0,1.1744143914276182,0.40138214625360935,1397.6033774866753,179.71324044351167,1.241111111111111,71.131,1.249882304371298,1.247799545744538,40.78847157324162,75.95202706335236
411414.0,0.366,0.3839,9.7936,0.0144,-0.0034,9.8066,-0.0135,0.1059,0.0069,132.04,-83.15,75.39,53.04216,-1.796441,3.09,4.0,88.67,19 / 22,-0.03339131619176729,-0.9363887091807568,0.02523957185865324,1356.809462951977,103.67207307472574,148.5577469105201,False,101.09999999999997,1.0595951927296663,0.3981912265070874,1397.7103469913118,179.75771841391835,1.131944444450836,69.4040000001011,1.0929865089214337,1.3345799356878443,40.90088403933487,76.08564533919261
411514.0,0.2604,0.3993,9.8904,0.0081,-0.0026,9.8066,-0.0179,0.174,-0.028,138.21,-83.26,75.64,53.04216,-1.796441,3.09,4.0,88.67,18 / 22,0.007152337785504441,-0.9997925134025467,0.028774571858654067,1356.8081510030565,103.57526401359655,148.56044761770596,False,101.19999999999999,1.1790112575833616,0.3741176460983085,1397.8306876840695,179.79107689190332,1.2369444444398485,72.39499999986909,1.171858919797857,1.3739101595008552,41.02253668101298,76.21581287830676
411614.0,0.8443,1.0368,9.7076,0.0085,0.0085,9.8066,0.0066,0.2077,0.0187,132.0,-83.26,76.45,53.04216,-1.796441,3.09,4.0,88.67,18 / 22,0.055976172195143156,-1.1027985395962934,0.028009571858654336,1356.8113074285557,103.47013446094664,148.56328682489183,False,101.29999999999995,1.0198639037475865,0.33985676077285415,1397.9309715946843,179.83555486231276,1.0750000000047868,71.57000000002438,0.9638877315524433,1.4426553003691476,41.11966416612859,76.36542040136612
411714.0,0.1636,0.9395,9.8691,0.0038,0.0057,9.8065,-0.0069,0.2567,0.0141,125.28,-83.21,77.74,53.04216,-1.796441,3.09,4.0,88.67,18 / 22,0.13610153350947007,-1.2120287473811628,0.02617957185865392,1356.820911313841,103.35439309659775,148.5659962820777,False,101.39999999999998,1.092659592675517,0.38365047150291864,1398.0379410993287,179.8800328327227,1.158055555554328,70.65300000001356,0.9565580591660469,1.5956792188840816,41.21702978548774,76.52563973612494
411814.0,-0.0691,0.1481,9.7762,0.0082,0.0089,9.8066,-0.0171,0.2424,-0.0018,126.12,-83.19,78.3,53.04216,-1.796441,3.09,4.0,88.67,18 / 22,0.21446251425661325,-1.2549159441522832,0.027779571858654286,1356.8384395162293,103.23104586202105,148.56869423926355,False,101.5,1.0452784817487908,0.3767768528287146,1398.1449106039731,179.91339131141447,1.1111111111111112,70.178,0.8308159674921776,1.6316927969809978,41.30647108774383,76.68234544939342
411914.0,0.2112,0.3876,9.8339,0.0076,-0.0007,9.8066,-0.0143,0.294,0.0116,121.46,-83.26,79.29,53.04216,-1.796441,3.09,4.0,88.67,18 / 22,0.2704205814815846,-1.2818831791230771,0.02761957185865436,1356.8626836710162,103.10420590585733,148.57146419644943,False,101.59999999999997,0.9571726300112542,0.3804215508709403,1398.23850892055,179.946749788689,1.030000000004749,68.32500000010849,0.6867520485296696,1.6623047299940175,41.37582524953382,76.84254388283168
412014.0,0.2481,-0.2061,9.8893,0.0106,0.0078,9.8066,-0.0144,0.2932,0.0085,115.28,-83.36,80.38,53.04216,-1.796441,3.09,4.0,88.67,18 / 22,0.30414860066172833,-1.3105754842202424,0.033114571858655684,1356.8914121301234,102.97458297269013,148.57450090363528,False,101.69999999999999,0.9561326027119341,0.44327444789025183,1398.3321072371339,180.00234725293797,1.0538888888878433,65.12700000013997,0.6519840020502058,1.7538499321104943,41.44069510701047,77.02776428024784
412114.0,0.434,-0.3517,9.7549,0.0103,0.0085,9.8066,-0.0385,0.3004,0.0013,117.7,-83.44,81.1,53.04216,-1.796441,3.09,4.0,88.67,18 / 22,0.30131631307672496,-1.3299603201078818,0.034659571858655196,1356.9216853758103,102.84255618247377,148.57788961082116,False,101.79999999999995,0.9440895855394105,0.45253455584025276,1398.4257055536912,180.0579447150662,1.0469444444446496,64.39000000002179,0.6427732724626856,1.7824948759481345,41.504020177880875,77.21538853259244
412214.0,0.5138,-0.1953,9.8148,0.0001,0.0035,9.8066,-0.0222,0.3424,-0.041,118.0,-83.45,81.48,53.04216,-1.796441,3.09,4.0,88.67,18 / 22,0.29237824273730156,-1.361516076702551,0.032479571858654716,1356.951370103601,102.70798236263322,148.58124656800703,False,101.89999999999998,0.9320453692184961,0.6084275630417904,1398.5126182762447,180.13578116416716,1.1130555555545785,56.864000000111226,0.6396671264811946,1.9699436397443413,41.56124817264367,77.42779880153394
412315.0,-0.0278,-0.6715,9.7291,-0.0087,0.0178,9.8066,-0.034,0.3044,-0.0473,114.55,-83.35,82.71,53.04216,-1.796441,3.09,4.0,88.67,18 / 22,0.27903804666161186,-1.36583191283069,0.02897487185865484,1356.9802266262157,102.57025128916179,148.58435001741475,False,102.00099999999998,0.880713433915349,0.5231793242724501,1398.6072194319343,180.1698068117117,1.0243944444443347,59.29027000000145,0.601675387253737,1.88901123710314,41.6269928057186,77.59955552254992
412415.0,-0.277,-0.1268,9.8829,0.0007,0.0189,9.8065,0.0024,0.3388,-0.0311,114.19,-83.26,84.01,53.04216,-1.796441,3.09,4.0,88.67,18 / 22,0.28644685294629196,-1.335529533112719,0.02890987185865489,1357.008500871196,102.43518321686459,148.58724425460062,False,102.101,0.9759709250076126,0.6210306267108014,1398.707436486575,180.2365237676755,1.1568055555563619,57.53050000002613,0.6895240720613207,1.9565601598235205,41.698935615379014,77.8013405508109
412514.0,-0.2009,0.1777,9.9307,-0.0032,0.0133,9.8066,-0.0072,0.2459,0.0182,113.52,-83.14,86.12,53.04216,-1.796441,3.09,4.0,88.67,20 / 23,0.3354774741358205,-1.3146507563970984,0.03882472185865386,1357.0392861253865,102.30399929253386,148.5905971169896,False,102.19999999999999,0.9595695721937257,0.6211298086614068,1398.8000988199929,180.30257355408438,1.1430555555561634,57.0850000000197,0.6240920980579052,1.9357805650585052,41.76081269460633,77.99857426155052
412614.0,0.0647,-0.3098,9.977,0.0153,0.0069,9.8066,0.0083,0.2569,0.0192,113.34,-83.23,87.74,53.04216,-1.796441,3.09,4.0,88.67,20 / 23,0.36960543328999773,-1.3053481878411988,0.053544721858648905,1357.0745402707578,102.17299934532198,148.59521558917547,False,102.29999999999995,0.9871987568653011,0.5957983959699912,1398.900382730607,180.3470515244953,1.15305555555526,58.887999999946715,0.6175933235753034,1.9011465838111898,41.82584245984913,78.17405217917332
412716.0,0.0866,-0.0345,9.8279,0.0096,0.0092,9.8066,0.0019,0.2265,0.0305,111.43,-83.27,88.86,53.04216,-1.796441,3.09,4.0,88.67,20 / 23,0.38874544308664016,-1.3044090877637542,0.06331632185865205,1357.113216165453,102.03990172426609,148.60117550240506,False,102.40199999999999,0.9543668572554462,0.5490287301393978,1398.9958530135225,180.4044281075611,1.1010999999992084,60.09358000006866,0.5656214141688061,1.8534378179031519,41.882636848069524,78.36452638329501
412814.0,0.7131,-0.3654,9.6723,0.0138,0.0077,9.8066,-0.0019,0.2249,0.0112,111.52,-83.27,90.22,53.04216,-1.796441,3.09,4.0,88.67,20 / 23,0.39283732729640813,-1.3319652689003285,0.05777442185865134,1357.1515137212018,101.91071938078953,148.6071089488472,False,102.5,0.9509285030843375,0.6555608148919375,1399.0875793637747,180.49160492956463,1.155,55.418,0.5580911757879294,1.987526083792266,41.936065642572885,78.5808855487751
412914.0,0.0806,-0.466,9.7975,0.0066,0.0098,9.8065,-0.0077,0.2377,0.0052,110.08,-83.32,92.18,53.04216,-1.796441,3.09,4.0,88.67,20 / 23,0.3769070208733905,-1.3520280702175806,0.050599421858653806,1357.1900009386102,101.77651971383368,148.61252764103307,False,102.59999999999997,1.0025201680688773,0.741501018294982,1399.1945488684114,180.56944137795318,1.2469444444390612,53.51200000011159,0.6256131471954869,2.093529088512563,42.00454792980122,78.7929216641195
413014.0,0.7473,0.2998,9.9154,0.0112,0.0105,9.8065,0.0025,0.1935,0.011,112.4,-83.33,93.35,53.04216,-1.796441,3.09,4.0,88.67,20 / 23,0.390683536015424,-1.386168824290066,0.05557942185865497,1357.2283804664546,101.63960986910827,148.61783658321895,False,102.69999999999999,0.8858640166038074,0.6502320618242898,1399.2814615909658,180.6250388422047,1.0988888888953692,53.72099999999085,0.49518048058838343,2.0364008861143557,42.05308112451121,78.98542897309643
413114.0,0.2779,-0.1654,10.0172,0.0067,0.0121,9.8065,0.0028,0.2668,-0.0102,111.24,-83.36,95.46,53.04216,-1.796441,3.09,4.0,88.67,20 / 23,0.4150084216567832,-1.4348579809805846,0.07154442185864962,1357.2686650643382,101.49855852884478,148.62419277540482,False,102.79999999999995,0.8037982450271253,0.6458316380854776,1399.3550031254063,180.6917557981728,1.0311111111131146,51.219000000073954,0.38878982337034207,2.080689619066062,42.08633806106809,79.19319726932802
413215.0,0.6009,2.4556,9.8421,0.0019,0.0323,9.8066,0.0554,0.2404,-0.0099,111.97,-83.24,99.39,53.04216,-1.796441,3.09,4.0,88.67,20 / 23,0.5436046971443279,-1.5177672698653766,0.08396742185864962,1357.3170750268375,101.34945095367706,148.63204612351254,False,102.90099999999995,0.8410578371850725,0.7650597720380331,1399.4359656692206,180.78126771362088,1.1369694444472986,47.711119999981975,0.29745314004074463,2.28282704190341,42.11889064238312,79.43181675994381
413315.0,-0.73,0.6294,10.1604,0.0125,0.0282,9.8066,0.0225,0.3201,-0.0231,114.86,-83.16,102.46,53.04216,-1.796441,3.09,4.0,88.67,20 / 23,0.7275911277667233,-1.57119638490937,0.10342742185865408,1357.380634818083,101.19500277093829,148.6414158656984,False,103.00099999999998,0.7130364131577753,0.6226060039096657,1399.5093734918062,180.83697637138775,0.946625000000026,48.87200000000319,-0.014554714608947972,2.1938023888190354,42.12873867372309,79.64197360044946
413415.0,-0.3044,3.8675,9.9393,0.0155,0.0138,9.8065,0.0082,0.3067,0.0359,116.88,-83.24,104.96,53.04216,-1.796441,3.09,4.0,88.67,20 / 23,0.9883098231492469,-1.6262869947867098,0.1277474218586596,1357.466429865629,101.03512860195345,148.65297460788426,False,103.101,0.6459017895611194,0.6467119070469899,1399.5694101263007,180.90369332735864,0.9140500000055168,44.958640000304065,-0.34240803358812744,2.2729989018336996,42.10298026067176,79.8685647254052
413514.0,0.1402,3.4352,9.5301,0.0172,0.009,9.8066,-0.0265,0.3369,0.0198,115.31,-83.47,107.46,53.04216,-1.796441,3.09,4.0,88.67,20 / 21,1.3537120972497374,-1.779630784476253,0.12062437185866032,1357.5823599506887,100.86653567187994,148.66526901167327,False,103.19999999999999,0.5246150175458807,0.6302214558168266,1399.6157412929836,180.96974311446775,0.8200000000041581,39.77500000022918,-0.8290970797038567,2.4098522402930795,42.03338134229489,80.1032074425878
413614.0,0.7102,1.3791,10.0086,0.0212,-0.0017,9.8066,-0.0387,0.3283,0.0414,116.61,-83.71,109.02,53.04216,-1.796441,3.09,4.0,88.67,20 / 21,1.5891916559435597,-1.9232161142049704,0.11689437185866158,1357.7295051383483,100.68139332694595,148.67714494885914,False,103.29999999999995,0.2672671349818856,0.3743905428403646,1399.6291124810984,181.01422108417134,0.46000000001064106,35.522000000125715,-1.3219245209616741,2.297606657045335,41.89960734275019,80.33282775722539
413714.0,1.6123,0.7558,10.0779,0.0046,-0.0029,9.8066,0.0014,0.2986,-0.0354,116.7,-83.99,109.8,53.04216,-1.796441,3.09,4.0,88.67,20 / 21,1.6699196343597988,-2.0764875393563136,0.14055437185866698,1357.8924607028634,100.48140814426785,148.690017386045,False,103.39999999999998,0.3219345007000364,0.36014003805705386,1399.6692260453328,181.0475795628633,0.48305555555521484,41.7939999999073,-1.3479851336597624,2.4366275774133674,41.77676534246939,80.56617141859545
413815.0,0.512,2.0092,9.4955,-0.002,0.024,9.8065,0.0181,0.3049,-0.0341,118.69,-83.93,112.01,53.04216,-1.796441,3.09,4.0,88.67,20 / 21,1.7818050342538243,-2.240108303607378,0.13853942185866702,1358.0667727986283,100.26342005419818,148.70411162262775,False,103.50099999999998,0.2855271515181429,0.29462506229982105,1399.702854583332,181.06992974265316,0.41028055555562354,44.099450000000864,-1.4962778827356815,2.5347333659071993,41.63608178470372,80.80650968845498
413914.0,0.6539,2.2101,9.5131,-0.0209,0.0051,9.8065,-0.0128,0.2119,-0.0561,116.73,-83.75,112.52,53.04216,-1.796441,3.09,4.0,88.67,20 / 21,1.9770614953544736,-2.3905055604321843,0.10860677185867021,1358.2528366918439,100.03420466792825,148.71634535921675,False,103.59999999999997,0.22396355891058392,0.23970976578804093,1399.7227107976273,181.08093804155425,0.3280555555604183,43.05500000006177,-1.7530979364438897,2.6302153262202252,41.46987410578345,81.046733373626
414014.0,-0.2038,2.3562,9.7183,-0.0176,0.0149,9.8066,0.0154,0.2952,-0.0821,114.37,-83.45,112.85,53.04216,-1.796441,3.09,4.0,88.67,20 / 21,2.2100299618560553,-2.5096552087437916,0.08951177185866588,1358.4621912647044,99.7891966294694,148.7262512864026,False,103.69999999999999,0.3066986615027345,0.3069128523370092,1399.7561387678577,181.11429651882992,0.43388888888425653,44.97999999991574,-1.9033313003533208,2.8165680610808006,41.29394750315328,81.32509988936052
414114.0,0.2016,1.0546,9.7485,-0.0215,0.0036,9.8066,-0.0307,0.1749,-0.0451,115.17,-83.13,113.03,53.04216,-1.796441,3.09,4.0,88.67,20 / 21,2.40246043440907,-2.5809393919352144,0.08218677185866839,1358.6928157845175,99.53466689943554,148.73483621358847,False,103.79999999999995,0.25681563047753714,0.23037085741088176,1399.7828811440058,181.12541601196386,0.3450000000026274,48.10699999990757,-2.145644803931533,2.811310249346096,41.090065359488335,81.59074911252833
414214.0,-1.0487,2.7376,9.804,-0.0031,-0.016,9.8066,-0.0798,0.2091,-0.0232,110.39,-83.15,111.44,53.04216,-1.796441,3.09,4.0,88.67,20 / 21,2.6299051974450243,-2.610133712660944,0.07914677185866777,1358.9444340661103,99.27511324420567,148.74290289077433,False,103.89999999999998,0.22104125629483365,0.31148406324732547,1399.8029379261502,181.1587744892402,0.3819444444438984,35.361000000188376,-2.4088639411501904,2.9216177759082695,40.858503860039946,81.88366124503452
414314.0,0.0539,0.7255,10.6651,0.0104,-0.016,9.8066,-0.0633,0.2058,0.0056,111.37,-83.35,109.73,53.04216,-1.796441,3.09,4.0,88.67,20 / 21,2.846693614785628,-2.6222642069864275,0.1219367718586776,1359.218264006722,99.01349334822324,148.7529570679602,False,104.0,0.2106626941528312,0.33544782252676747,1399.8163091142371,181.1921329679318,0.3961111111111111,32.129,-2.6360309206327965,2.957712029513195,40.59804510751519,82.17863961970856
414414.0,-0.011,3.3624,10.1822,-0.004,0.0132,9.8066,0.043,0.2315,-0.0291,108.67,-83.62,110.38,53.04216,-1.796441,3.09,4.0,88.67,20 / 21,3.076313693682543,-2.688590419293966,0.18363677185865665,1359.5144143721452,98.7479506169093,148.76823574514606,False,104.09999999999997,0.2444111336690266,0.33539260238958385,1399.8497370844395,181.2254914452063,0.41499999999889403,36.081999999768556,-2.8319025600135164,3.0239830216835495,40.33532271229433,82.477540828297
414514.0,0.0811,1.4805,9.7425,0.0042,0.0142,9.8066,-0.0264,0.305,-0.0191,107.13,-83.65,111.97,53.04216,-1.796441,3.09,4.0,88.67,21 / 22,3.3425631996031693,-2.763485798558408,0.19920677185866023,1359.8353582168095,98.47534680601663,148.78737792233193,False,104.19999999999999,0.3187212822745989,0.40594017198720417,1399.8831650546445,181.26996941561563,0.5161111111066855,38.13699999991005,-3.0238419173285704,3.1694259705456123,40.04780683783497,82.794622609599
414614.0,-1.5221,1.3001,9.1874,-0.0068,-0.0088,9.8065,-0.0416,0.3016,-0.0476,107.51,-83.71,112.83,53.04216,-1.796441,3.09,4.0,88.67,21 / 22,3.53421423384951,-2.731686459297954,0.16503677185867194,1360.179197088482,98.2005881931239,148.8055900995178,False,104.29999999999995,0.21982592387202665,0.2698503899392264,1399.9032218367622,181.29220840117523,0.34805555556052303,39.166999999969555,-3.3143883099774833,3.001536849237181,39.72402474828027,83.09162020805132
414714.0,0.3958,0.5017,9.6303,0.0053,-0.004,9.8066,-0.0726,0.2321,0.0764,107.49,-83.78,112.67,53.04216,-1.796441,3.09,4.0,88.67,21 / 22,3.674310115529341,-2.700739659596581,0.12525677185866296,1360.539623305951,97.92896688717912,148.82010477670366,False,104.39999999999998,0.23843487045808742,0.29087519737949075,1399.9299642129365,181.32556687986653,0.3761111111106965,39.34199999999741,-3.4358752450712533,2.9916148569760717,39.39034090698556,83.39659999268741
414814.0,-1.1518,1.4901,10.0958,-0.0001,-0.0013,9.8066,-0.0118,0.3308,-0.11,107.78,-83.83,113.12,53.04216,-1.796441,3.09,4.0,88.67,21 / 22,3.818057359387456,-2.6908128244802216,0.13089677185866433,1360.914241679697,97.65938926297521,148.83291245388952,False,104.5,0.24723009305255847,0.3183254026203702,1399.950020995054,181.3589253578508,0.4030555555555555,37.835,-3.570827266334897,3.0091382271005918,39.035779315357104,83.6995360948756
414914.0,-0.9389,0.9188,10.1781,-0.0317,0.0053,9.8066,0.018,0.1595,-0.0061,107.21,-83.67,112.78,53.04216,-1.796441,3.09,4.0,88.67,21 / 22,4.001589084488014,-2.623130295577469,0.16392677185865318,1361.3052240018906,97.39369210697242,148.8476536310754,False,104.59999999999997,0.10784167383518142,0.1587855256068365,1399.956706589084,181.3811643427005,0.1919444444568047,34.18300000021382,-3.8937474106528325,2.7819158211843056,38.651482587193414,83.98747223572806
415014.0,-1.8956,0.7127,10.2759,0.0115,0.0077,9.8066,-0.051,0.2591,0.0124,105.37,-83.59,113.62,53.04216,-1.796441,3.09,4.0,88.67,21 / 22,4.155966756727012,-2.5048096446652726,0.20596177185866282,1361.7131017939514,97.13729510996023,148.86614805826125,False,104.69999999999999,0.024190245218116024,0.03561759257791175,1399.9567065890844,181.3811643427018,0.043055555562072356,34.183,-4.131776511508896,2.5404272372431844,38.243604795133024,84.24386923274156
415114.0,-1.3441,1.44,9.9334,-0.0072,-0.0196,9.8066,-0.0853,0.0871,0.1122,101.6,-83.44,112.53,53.04216,-1.796441,3.09,4.0,88.67,21 / 22,4.336303868744584,-2.3645772119956074,0.23576177185865274,1362.137715325225,96.89382576712727,148.8882342354471,False,104.79999999999995,0.060085447789681175,0.08846950413018284,1399.9567065890844,181.37004485027666,0.10694444444255596,34.183,-4.276218420954903,2.4530467161257903,37.818991263859516,84.47621908314939
415214.0,0.4531,1.3883,9.7013,0.0307,0.0071,9.8065,0.0018,0.1411,0.0439,97.92,-83.33,111.96,53.04216,-1.796441,3.09,4.0,88.67,21 / 22,4.522262927892073,-2.3359162254795085,0.23683177185865306,1362.5806436650569,96.65880109525345,148.91186391263298,False,104.89999999999998,0.04666376334937217,0.06870748502728369,1399.9633921831678,181.35892535785098,0.08305555555590861,34.183,-4.475599164542701,2.404623710506792,37.38274851811093,84.70012426259753
415314.0,-1.2618,2.0645,9.5943,0.0137,0.009,9.8065,0.0407,0.0605,0.1561,98.56,-83.47,112.96,53.04216,-1.796441,3.09,4.0,88.67,21 / 22,4.735403191216062,-2.3106229474187714,0.22094677185864953,1363.0435269710124,96.42647413660849,148.93475283981886,False,105.0,0.025906972294190138,0.0381452926905706,1399.9633921831678,181.37004485027632,0.04611111111111111,34.183,-4.709496218921872,2.348768240109342,36.9198652121554,84.94357071366782
415414.0,0.3604,3.6533,9.5252,0.0373,0.0208,9.8065,0.0168,0.022,0.1527,100.5,-83.45,115.42,53.04216,-1.796441,3.09,4.0,88.67,21 / 22,5.05945212249149,-2.3051476069012997,0.19625677185865803,1363.5332697366975,96.19568560889256,148.9556130170047,False,105.09999999999997,0.01747940299416386,0.025736583020870514,1399.9633921831678,181.37004485027632,0.031111111111989314,34.183,-5.041972719497326,2.33088418992217,36.43012244647025,85.17435924138375
415514.0,-2.1326,-1.7499,10.6719,0.044,0.0074,9.8065,-0.0955,0.5633,-0.1995,101.63,-83.5,116.74,53.042248,-1.796384,3.81,4.0,340.01,21 / 23,5.208076033476121,-2.2255898255264785,0.22544677185866477,1364.046646144496,95.96914873727113,148.9766981941906,False,105.19999999999999,0.019664328367783628,0.028953655897521212,1399.9567065890847,181.3811643427013,0.03499999999982978,34.183,-5.188411705108337,2.2545434814239997,35.91006044458868,85.41201560543018
415614.0,-1.7357,3.538,10.3702,0.0315,0.0003,9.8065,-0.0532,0.3582,-0.0485,99.52,-83.91,115.92,53.042248,-1.796384,3.81,4.0,340.01,21 / 23,5.369116521757662,-2.0383829562233626,0.29688677185864054,1364.5755057722574,95.7559500981837,149.00281487137644,False,105.29999999999995,0.008427569300851825,0.012408709670915626,1399.9633921831676,181.3811643427018,0.015000000000591172,34.183,-5.36068895245681,2.050791665894278,35.38788641091014,85.62521424451809
415714.0,-3.553,1.7383,10.7202,0.0491,0.0216,9.8064,-0.0275,0.5331,-0.115,97.4,-84.08,116.94,53.042248,-1.796384,3.81,4.0,340.01,21 / 23,5.7030822463762005,-1.8069407121227976,0.3707417718586574,1365.1291157106643,95.56368391476636,149.03619629856232,False,105.39999999999998,0.02075679105480145,0.030562192336152733,1399.9633921831678,181.37004485027649,0.03694444444412012,34.183,-5.682325455321399,1.8375029044589504,34.83427647250346,85.80636093551013
415814.0,-1.3437,1.8052,8.6816,0.0154,-0.0162,9.8066,0.0062,0.1749,0.0261,95.65,-84.1,116.31,53.042248,-1.796384,3.81,4.0,340.01,21 / 23,5.944305864413539,-1.5726450505157934,0.3601667718586551,1365.711485116204,95.3947046266344,149.0727417257482,False,105.5,0.019040063975248173,0.028034492218371163,1399.9633921831678,181.37004485027632,0.033888888888888885,34.183,-5.92526580043829,1.6006795427341645,34.251907066963895,85.97534022364192
415914.0,-4.6165,-1.2427,9.8742,0.0615,0.007,9.8064,-0.0556,0.5374,-0.1152,91.56,-84.34,116.21,53.042248,-1.796384,3.81,4.0,340.01,21 / 23,6.019987128178988,-1.2690966509885928,0.3072917718586732,1366.3096997658333,95.25261754155922,149.10611465293405,False,105.59999999999997,0.009051833693735554,0.013327873350578468,1399.9633921831678,181.37004485027632,0.016111111112151952,34.183,-6.010935294485252,1.2824245243391712,33.65369241733447,86.1174273087171
416014.0,-1.839,1.9188,9.8623,-0.0173,0.0139,9.8065,-0.041,-0.0745,0.2271,90.11,-84.37,116.34,53.042248,-1.796384,3.81,4.0,340.01,21 / 23,6.094691715769147,-0.9300671150520112,0.3134517718586746,1366.9154337080308,95.14265935325716,149.13715183011993,False,105.69999999999999,0.012329221754320533,0.018153482665783226,1399.9633921831678,181.3811643427013,0.021944444444189123,34.183,-6.082362494014826,0.9482205977177944,33.047958475136966,86.23850498944415
416114.0,0.9087,1.7729,9.5134,0.0602,0.0277,9.8064,-0.0172,0.195,0.1279,94.5,-84.81,120.33,53.042248,-1.796384,3.81,4.0,340.01,21 / 23,6.310377743817651,-0.8766154186676756,0.3015717718586787,1367.53568718101,95.0523252265712,149.1679030073058,False,105.79999999999995,0.012329221754463982,0.018153482665994442,1399.9633921831678,181.37004485027666,0.021944444444444444,34.183,-6.298048522063187,0.89476890133367,32.427705002157836,86.31771962370546
416214.0,1.991,2.2,10.1681,-0.0267,-0.002,9.8066,0.0411,-0.1988,0.2854,99.6,-85.08,122.93,53.042248,-1.796384,3.81,4.0,340.01,21 / 23,6.522829626799049,-1.0343560339508455,0.30498177185867964,1368.1773475495409,94.95677665394025,149.19823068449168,False,105.89999999999998,0.0039016524540688505,0.0057447729957512544,1399.9633921831678,181.38116434270162,0.006944444444666135,34.183,-6.51892797434498,1.0401008069465967,31.786044633626943,86.42438768876137
416314.0,2.5725,3.6021,10.1841,0.003,0.0156,9.8066,0.0528,-0.1858,0.1979,99.51,-85.33,126.74,53.042248,-1.796384,3.81,4.0,340.01,21 / 23,6.807335856776161,-1.298026191103704,0.3419267718586882,1368.8438558237199,94.84015754268749,149.23057611167755,False,106.0,0.0056183795336797885,0.00827247311361772,1399.9633921831678,181.3811643427018,0.009999999999999998,34.183,-6.801717477242481,1.3062986642173218,31.11953635944792,86.5410068000143
416414.0,-3.1359,-0.2072,10.3016,-0.0543,-0.014,9.8064,-0.0121,-0.0792,0.0832,99.84,-85.37,128.48,53.042248,-1.796384,3.81,4.0,340.01,21 / 23,7.0165921789455385,-1.289013042037499,0.3855467718586734,1369.5350522255058,94.71080558103047,149.2669497888634,False,106.09999999999997,0.002809189767004369,0.004136236557051032,1399.970077777171,181.3811643427018,0.0050000000002927425,34.183,-7.013782989178535,1.29314927859455,30.43502555166515,86.67035876167132
416515.0,0.219,2.0585,10.0292,-0.0572,-0.0244,9.8064,0.0378,-0.3373,0.3338,96.05,-84.99,126.54,53.042248,-1.796384,3.81,4.0,340.01,21 / 22,7.171886423397917,-1.1425872557217733,0.42178052185867315,1370.251570394924,94.58800976599363,149.30771981719613,False,106.20099999999996,0.018010027727133074,0.026517872147138098,1399.9633921831678,181.37004485027632,0.03205555555506821,34.183,-7.1538763956707845,1.1691051278689115,29.711821788243697,86.78203508428268
416614.0,-2.1488,-0.634,9.619,-0.0105,-0.0038,9.8065,-0.0184,0.1357,0.0772,100.9,-85.27,129.32,53.042248,-1.796384,3.81,4.0,340.01,21 / 22,7.297061346840033,-1.0437095948166029,0.423508071858673,1370.967783309551,94.47978807189199,149.34956160258514,False,106.29999999999995,0.024190245214270125,0.03561759257224905,1399.9633921831678,181.37004485027632,0.043055555555227124,34.183,-7.272871101625763,1.079327187388852,28.995608873616902,86.89025677838433
416714.0,-2.1037,1.407,10.4943,-0.0126,-0.0136,9.8066,0.0431,-0.1319,0.0884,99.54,-85.3,129.72,53.042248,-1.796384,3.81,4.0,340.01,21 / 22,7.409434420627591,-0.831120591195089,0.4485080718586788,1371.7031080979245,94.38604656259139,149.393162409771,False,106.39999999999998,0.03870439234291293,0.05698814811571734,1399.9633921831678,181.35892535785098,0.06888888888850708,34.183,-7.370730028284678,0.8881087393108062,28.260284085243256,86.97287879525959
416814.0,-3.8811,-0.1411,10.2918,0.0365,0.0158,9.8065,-0.048,0.4712,-0.1885,100.97,-85.6,133.14,53.042248,-1.796384,3.81,4.0,340.01,21 / 22,7.56262601595656,-0.5381982902277582,0.5071480718586923,1372.451711119754,94.31758061852022,149.4409452169569,False,106.5,0.06398710024468648,0.09421427712731292,1399.9567065890844,181.3589253578508,0.11388888888888887,34.183,-7.498638915711874,0.6324125673550711,27.504995469330424,87.04134473933058
416915.0,-0.1676,1.2758,9.3975,-0.0096,0.0118,9.8066,-0.1005,0.0394,0.0746,101.32,-85.66,132.52,53.042248,-1.796384,3.81,4.0,340.01,21 / 22,7.694646742252926,-0.3402567547424779,0.5109860718586924,1373.2222033940436,94.27321863874923,149.4923609912146,False,106.601,0.03970400579825778,-0.16131157345480115,1399.943201689144,181.3475834748708,0.16648888888669508,166.11916999797234,-7.654942736454669,0.17894518128767675,26.720998295100344,87.07436483612156
417014.0,1.7487,3.202,10.2538,0.037,0.0426,9.8064,-0.0774,0.4075,-0.1355,102.62,-85.88,132.67,53.042248,-1.796384,3.81,4.0,340.01,21 / 22,7.930223563045977,-0.4557886428906215,0.5128670718586923,1373.9956344741558,94.2338143915664,149.54304172182862,False,106.69999999999999,-0.07202631678584165,-0.19074299122485022,1399.9299642129376,181.32556687986798,0.2038888888872354,200.68699999847172,-8.002249879831819,0.26504565166577126,25.9343297387818,87.09175248830158
417115.0,1.0832,1.5643,9.8615,0.0186,0.0186,9.8065,0.0176,0.2123,-0.1178,105.66,-85.99,136.12,53.042248,-1.796384,3.81,4.0,340.01,21 / 22,8.167288080908063,-0.6447104731321547,0.5382180718586921,1374.8085588121755,94.17823918620725,149.59612152158635,False,106.80099999999999,-0.1473170364001852,-0.19395793692094862,1399.9163924570291,181.31422499687926,0.2435749999984894,217.20605999983698,-8.314605117308249,0.45075253621120603,25.1078336448536,87.13598581067201
417215.0,0.5173,2.638,9.8124,0.0438,0.0229,9.8065,-0.0465,0.2926,-0.1516,109.63,-86.18,140.98,53.042248,-1.796384,3.81,4.0,340.01,21 / 22,8.38074136834566,-0.7824016862427059,0.5412480718586911,1375.635960284638,94.10688357823854,149.6500948287722,False,106.90099999999995,-0.20117784903333336,-0.21744963489453573,1399.8962688189713,181.29198601132063,0.29623888888704664,222.768779999981,-8.581919217378994,0.5649520513481702,24.260308534333262,87.1851024330821
417315.0,-1.932,-0.139,10.011,0.0364,0.0226,9.8065,0.0079,0.3124,-0.2084,110.24,-86.27,141.84,53.042248,-1.796384,3.81,4.0,340.01,21 / 22,8.560562266248937,-0.7552801879981346,0.5517530718586935,1376.483025466368,94.02999948452648,149.7047448859581,False,107.00099999999998,-0.29164348306770205,-0.30167566317838246,1399.8694595868567,181.26963583084483,0.4195999999999418,224.03169000000017,-8.852205749316639,0.4536045248197521,23.38643412048873,87.23963634631835
417415.0,1.703,1.5414,9.6231,0.0249,0.0009,9.8066,0.014,0.1027,-0.0397,109.39,-86.21,140.6,53.042248,-1.796384,3.81,4.0,340.01,21 / 22,8.669260966603797,-0.7653148783689059,0.5527930718586938,1377.3445166280108,93.95396973120812,149.75997219314397,False,107.101,-0.3392126311526739,-0.3538623877552093,1399.8360984725944,181.23627735355612,0.490188888887792,223.78961000007774,-9.00847359775647,0.4114524906136966,22.491581844583607,87.282307622348
417514.0,-2.1567,-0.5262,9.138,0.0491,0.0306,9.8065,-0.0685,0.2576,-0.2378,108.77,-86.36,143.09,53.042248,-1.796384,3.81,4.0,340.01,22 / 23,8.759894290165557,-0.7574236950275273,0.5106091718586983,1378.2072598132208,93.878594171825,149.81261060420798,False,107.19999999999999,-0.34356454200965225,-0.37540818678795285,1399.8096235201815,181.20325245965142,0.5088888888880622,222.46400000005863,-9.103458832175209,0.3820155082395744,21.60236370696066,87.32465828782642
417615.0,1.5192,1.5788,9.9079,0.0095,-0.0034,9.8066,0.0012,-0.0794,0.0343,107.43,-86.41,141.81,53.042248,-1.796384,3.81,4.0,340.01,22 / 23,8.860508302668036,-0.7388416031205725,0.4819554718586985,1379.097090144159,93.80303277426852,149.8627351187157,False,107.30099999999999,-0.41540845442507984,-0.40764641933278234,1399.762289514394,181.15832970953787,0.5820305555528817,225.5339599998809,-9.275916757093116,0.3311951837877901,20.665199370235086,87.35529693526935
417715.0,-1.5815,0.0596,10.8744,0.0028,0.0117,9.8066,-0.1055,0.1995,-0.1079,103.87,-86.44,140.3,53.042248,-1.796384,3.81,4.0,340.01,22 / 23,8.971969518684439,-0.7533671672092973,0.5404054718586786,1379.9887140352264,93.72842233575204,149.91385316590154,False,107.40099999999995,-0.5119531756724565,-0.4356940741020501,1399.7088716180122,181.1139629340591,0.6722555555567451,229.60236999998014,-9.483922694356895,0.31767309310724723,19.72015758278576,87.38554059830705
417815.0,2.4687,2.4744,8.6705,-0.0019,-0.0017,9.8066,-0.0319,-0.0914,-0.0198,105.04,-86.42,138.6,53.042248,-1.796384,3.81,4.0,340.01,22 / 23,9.1182122226943,-0.8223118607649856,0.5369854718586778,1380.8932231222955,93.64963838435331,149.96772271308743,False,107.50099999999998,-0.4613286618889965,-0.3747737477963214,1399.6620056037798,181.08049326184377,0.5943749999998919,230.91314000000105,-9.579540884583297,0.44753811296866425,18.768782481484322,87.43085487749046
417915.0,0.0165,2.0626,9.561,0.0484,0.0195,9.8064,0.0097,0.1767,-0.141,109.13,-86.37,139.71,53.042248,-1.796384,3.81,4.0,340.01,22 / 23,9.339999464351772,-1.0035924581190134,0.4678954718586622,1381.816133706648,93.5583431684091,150.0179667602733,False,107.601,-0.5517543678904717,-0.4694157563266089,1399.6086545633152,181.03601529073677,0.7244305555588624,229.60732000018976,-9.891753832242244,0.5341767017924045,17.792520856667124,87.47767212232768
418015.0,2.4814,3.945,9.8283,-0.0175,-0.0062,9.8066,0.0519,-0.3946,0.1234,111.49,-86.27,140.17,53.042248,-1.796384,3.81,4.0,340.01,22 / 23,9.612637326524887,-1.223364377887955,0.4566954718586661,1382.7637655461915,93.44699532660879,150.06419630745916,False,107.70099999999996,-0.4845337608333458,-0.46149220511853406,1399.5683404312597,180.99153732031272,0.6691444444396685,226.39200999991226,-10.097171087358232,0.761872172769421,16.804574885068178,87.54454199370393
418115.0,-0.1293,0.463,8.9516,0.0039,0.0175,9.8066,-0.0944,0.0296,0.0237,114.29,-86.16,141.09,53.042248,-1.796384,3.81,4.0,340.01,22 / 23,9.811942548421523,-1.413875628111774,0.4150254718586567,1383.734994539939,93.31513332630877,150.10778235464502,False,107.80099999999999,-0.5799490638548362,-0.5153451408308064,1399.508303796761,180.94705934850222,0.7758361111143343,228.37599999999128,-10.39189161227636,0.8985304872809675,15.773309256822131,87.63192602219345
418215.0,-3.387,-0.5546,10.0255,-0.0453,-0.0285,9.8065,0.0116,-0.7528,0.3918,109.51,-86.17,137.59,53.042248,-1.796384,3.81,4.0,340.01,22 / 23,9.903540940606721,-1.247147952533962,0.3832154718586675,1384.72076871439,93.18208214727653,150.14769440183088,False,107.90099999999995,-0.5014880942783869,-0.4406582322730625,1399.4613709265886,180.9025813780994,0.6675888888866914,228.69037999997417,-10.405029034885107,0.8064897202608994,14.74060221219861,87.72049923082287
418314.0,-1.4474,0.1616,9.6645,0.0023,0.0028,9.8066,-0.027,-0.3466,0.2011,116.63,-86.4,141.06,53.042248,-1.796384,3.81,4.0,340.01,22 / 23,10.009948035483536,-1.0187905320144313,0.3870121218586693,1385.706486418707,93.06991819229134,150.1858206677199,False,108.0,-0.6272117564510681,-0.518671896314381,1399.4018022836997,180.85854818809378,0.8138888888888889,230.411,-10.637159791934604,0.5001186357000502,13.695315864992608,87.78862999580244
418414.0,-2.0503,-0.5209,10.433,-0.0619,-0.0159,9.8064,-0.0651,-0.5386,0.2987,114.05,-86.66,143.63,53.042248,-1.796384,3.81,4.0,340.01,22 / 23,10.10506540630598,-0.854267304097238,0.4112221218586611,1386.7122370907962,92.97626530048579,150.22573237990574,False,108.09999999999997,-0.4924320421676269,-0.4225724482057535,1399.3550031254113,180.81407021627246,0.6488888888985493,229.3660000000612,-10.597497448473607,0.43169485589148443,12.642766034615079,87.83780491578666
418514.0,4.1907,2.7059,9.5484,-0.0481,-0.01,9.8065,-0.0339,-0.5705,0.3643,117.73,-86.46,142.38,53.042248,-1.796384,3.81,4.0,340.01,21 / 22,10.182761269641027,-0.9995980832035412,0.42962712185866536,1387.7266284245939,92.88357203112074,150.26777484209163,False,108.19999999999999,-0.5422535512956915,-0.49163376191526964,1399.3082039671192,180.76959224586247,0.7319444444408091,227.8030000000684,-10.72501482093672,0.5079643212882715,11.581575542525343,87.88602021474173
418614.0,-2.0474,-0.1703,9.3917,-0.0476,-0.0152,9.8064,0.0291,-0.2442,0.1513,119.88,-86.49,146.31,53.042248,-1.796384,3.81,4.0,340.01,21 / 22,10.285985359495118,-1.1580583965258375,0.39596712185867694,1388.7500657560504,92.7756892071343,150.30905455427748,False,108.29999999999995,-0.4002542304031033,-0.3816634624654617,1399.274775996914,180.72511427615987,0.5530555555608432,226.3620000000426,-10.686239589898221,0.7763949340603759,10.52471024086367,87.94942506902557
418714.0,3.248,0.8143,10.1912,-0.0638,-0.0197,9.8064,0.0394,-0.4209,0.1731,121.2,-86.18,145.5,53.042248,-1.796384,3.81,4.0,340.01,21 / 22,10.317544329197332,-1.2292277739188855,0.3944471218586767,1389.7802422404852,92.65632489861204,150.34857526646337,False,108.39999999999998,-0.4903468896656215,-0.3404447055653035,1399.2212912445655,180.70287528989326,0.5969444444437957,235.22799999986898,-10.807891218862954,0.888783068353582,9.441049004080242,88.04655039128122
418814.0,-0.0644,1.8677,9.9948,0.0019,0.012,9.8066,0.016,0.1546,-0.1284,119.03,-86.08,147.63,53.042248,-1.796384,3.81,4.0,340.01,21 / 22,10.388728105195014,-1.435625656033496,0.42308212185868327,1390.815555862205,92.52308222711439,150.38945172864925,False,108.5,-0.3504569247021635,-0.264203332148604,1399.1945488684178,180.68063630433463,0.4388888888888889,232.988,-10.739185029897177,1.171422323884892,8.378993006212795,88.15755407722024
418914.0,1.5306,2.168,10.0176,-0.0332,-0.0141,9.8066,0.0349,-0.1095,0.0562,122.74,-85.91,146.82,53.042248,-1.796384,3.81,4.0,340.01,21 / 22,10.558934104401917,-1.605517563792779,0.4430371218586765,1391.8629389726846,92.37102506612312,150.4327576908351,False,108.59999999999997,-0.2955569546627017,-0.25445252318006245,1399.167806492272,180.65839731948495,0.39000000000286233,229.27400000021746,-10.85449105906462,1.3510650406127165,7.304867519587333,88.28737225336182
419014.0,-0.3637,0.0875,9.4539,0.0384,0.0122,9.8065,0.0231,0.2591,-0.2605,122.09,-85.82,147.17,53.042248,-1.796384,3.81,4.0,340.01,21 / 22,10.659180538853168,-1.7208203101783726,0.43594712185867496,1392.9238447048476,92.20470817242453,150.47670690302098,False,108.69999999999999,-0.32072120929012216,-0.26336838441728266,1399.1343785220672,180.6361583339263,0.41499999999890574,230.60799999994163,-10.97990174814329,1.4574519257610898,6.210533817219584,88.43145016150176
419114.0,-1.4032,-0.006,10.1166,-0.0395,-0.0151,9.8065,-0.015,0.0196,0.0859,123.16,-85.68,146.58,53.042248,-1.796384,3.81,4.0,340.01,21 / 22,10.747741534849709,-1.654362865089005,0.4338071218586758,1393.9941908085325,92.03594901366122,150.52019461520683,False,108.79999999999995,-0.22166708982181207,-0.19465020239398026,1399.1210073339792,180.6250388422075,0.29500000000354704,228.713000000056,-10.969408624671521,1.4597126626950248,5.126816525446657,88.58908982854626
419214.0,-1.2554,0.6406,11.1815,0.0162,0.0116,9.8066,0.0677,0.0991,-0.0983,119.83,-85.66,147.53,53.042248,-1.796384,3.81,4.0,340.01,21 / 22,10.882032573122618,-1.5617332085570723,0.5180471218586951,1395.0756795139314,91.87514420997888,150.56778732739272,False,108.89999999999998,-0.08557769004508334,-0.07514744160317775,1399.1143217399222,180.62503884220715,0.11388888889156557,228.713,-10.967610263167701,1.4865857669538947,4.03864222599077,88.74989463222826
419314.0,-1.9441,0.1306,9.1868,-0.0149,0.0026,9.8066,-0.0936,0.1813,-0.0353,120.47,-85.66,148.24,53.042248,-1.796384,3.81,4.0,340.01,21 / 22,11.033235628996945,-1.4466607512476424,0.5557971218587037,1396.1714429240376,91.72472451198861,150.62147953957862,False,109.0,-0.07889845569824688,-0.06928227542764287,1399.1143217399222,180.6139193476597,0.10499999999999997,228.713,-11.112134084695192,1.3773784758199996,2.942878815884569,88.88919483567109
419414.0,1.4082,1.4682,9.4098,0.0367,0.0115,9.8065,0.0435,0.1549,-0.0241,125.99,-85.93,151.76,53.042248,-1.796384,3.81,4.0,340.01,21 / 22,11.143143694372469,-1.4722083202913916,0.5049621218587211,1397.2802618902058,91.5787810584117,150.67451750176446,False,109.09999999999997,-0.0196202508913945,-0.017228925638493243,1399.1143217399222,180.6250388422065,0.02611111111572996,228.713,-11.162763945263864,1.4549793946528984,1.8340598497163683,89.04625778379479
419514.0,-0.9964,-0.1459,8.5371,0.0457,0.0261,9.8065,-0.045,0.2092,-0.1639,127.75,-85.94,153.74,53.042248,-1.796384,3.81,4.0,340.01,19 / 22,11.222453222559437,-1.5367104307910646,0.4216421218587023,1398.3985417360527,91.42833512085755,150.72084771395035,False,109.19999999999999,-0.024003498426523474,-0.021077940936812832,1399.1143217399222,180.62503884220715,0.03194444444418912,228.713,-11.246456720985961,1.5156324898542517,0.7157800038694404,89.19670372134959
419614.0,-0.5135,1.3936,10.4643,-0.0011,0.0023,9.8066,-0.0034,-0.21,0.0688,127.08,-85.99,153.1,53.042248,-1.796384,3.81,4.0,340.01,19 / 22,11.35473537221318,-1.522980447637744,0.3910471218587128,1399.527401165791,91.27535057693616,150.7614821761362,False,109.29999999999995,-0.029221650258455727,-0.025660102010102666,1399.1210073339785,180.62503884220715,0.03888888888868362,228.713,-11.383957022471636,1.4973203456276414,-0.4063938318124656,89.34968826527098
419714.0,2.2942,0.1652,9.0923,-0.0159,0.0046,9.8065,-0.1153,0.0384,0.1263,128.89,-86.06,153.74,53.042248,-1.796384,3.81,4.0,340.01,19 / 22,11.396604797935248,-1.6479409502431974,0.38821212185871223,1400.6649681742986,91.11680450704208,150.8004451383221,False,109.39999999999998,-0.06992323454678659,-0.06140095838111296,1399.1343785220656,180.63615833392515,0.09305555555475502,228.713,-11.466528032482035,1.5865399918620844,-1.5305896522329476,89.51935382688308
419814.0,1.4872,1.0827,9.9209,-0.0046,-0.0098,9.8066,0.0073,-0.2154,0.0978,129.42,-86.32,154.84,53.042248,-1.796384,3.81,4.0,340.01,19 / 22,11.361818577896832,-1.8439346581720708,0.35820712185870546,1401.8028893430903,90.94221072662127,150.83776610050796,False,109.5,-0.10373685841806538,-0.09109336213634527,1399.1477497101262,180.64727782705813,0.13805555555555554,228.713,-11.465555436314897,1.7528412960357256,-2.6551396329641648,89.70506710043686
419914.0,0.8401,2.7824,10.3941,0.0102,0.0047,9.8066,0.0263,-0.1238,0.0478,128.76,-86.33,155.71,53.042248,-1.796384,3.81,4.0,340.01,19 / 22,11.474816692960639,-2.065268405491061,0.39329212185869356,1402.9447211066329,90.74675057343818,150.87534106269382,False,109.59999999999997,0.18284228304448305,-0.038947719237782716,1399.1678064922692,180.658397319483,0.18694444444158204,102.02500000741742,-11.291974409916156,2.0263206862532783,-3.7769146143637045,89.91164674604481
420014.0,0.7222,-0.072,9.7806,-0.0018,-0.0067,9.8066,0.0241,0.0844,-0.0149,128.58,-86.28,155.4,53.042248,-1.796384,3.81,4.0,340.01,19 / 22,11.567951201719426,-2.2205004474267893,0.4213621218587,1404.0968595013671,90.53246213079224,150.9160737748797,False,109.69999999999999,0.2611229580686255,0.15760647437522884,1399.1878632743865,180.68063630433366,0.30499999999483274,58.88600000188817,-11.3068282436508,2.378106921802018,-4.908996226980662,90.14817417354142
420114.0,-0.7617,1.8373,10.4571,0.0079,-0.0165,9.8066,0.0256,0.122,-0.0722,128.36,-86.3,155.19,53.042248,-1.796384,3.81,4.0,340.01,19 / 22,11.67460295940067,-2.2829019022529162,0.4525821218586894,1405.2589872094227,90.30729201330833,150.95977098706555,False,109.79999999999995,0.24893265721262825,0.19617928799185114,1399.2146056505342,180.71399478302476,0.31694444444409137,51.759000000210655,-11.425670302188042,2.4790811902447674,-6.044381558888517,90.40670276971643
420214.0,2.4412,2.0327,9.8151,-0.0147,0.0208,9.8065,-0.0794,-0.0599,0.0705,125.72,-86.24,153.65,53.042248,-1.796384,3.81,4.0,340.01,19 / 22,11.818051577585177,-2.4768434840749776,0.48552712185869695,1406.4336199362722,90.06930474399188,151.00667644925144,False,109.89999999999998,0.22631042094292214,0.20736076135090936,1399.2413480267085,180.7362337678764,0.3069444444445922,47.50200000006292,-11.591741156642254,2.684204245425887,-7.192271909563715,90.66692902388452
420315.0,1.5886,0.9209,9.825,0.0279,0.0031,9.8066,-0.0154,0.0914,-0.1385,128.57,-86.24,153.74,53.042248,-1.796384,3.81,4.0,340.01,19 / 22,11.85263412605683,-2.737090125172758,0.4868805218586969,1407.628989564306,89.80600109672487,151.05578303525917,False,110.00099999999998,0.3604472844652323,0.35989431214936785,1399.281862726612,180.7700370255646,0.5093611111110725,45.042389999998576,-11.492186841591598,3.096984437322126,-8.347126837694077,90.96403592883972
420415.0,1.8444,1.9251,10.5239,-0.0266,-0.0392,9.8065,0.0828,-0.4513,0.0837,125.73,-86.24,150.6,53.042248,-1.796384,3.81,4.0,340.01,19 / 22,11.899904155041813,-2.967400042133175,0.5236605218587053,1408.8166164783613,89.52077658835951,151.10631008744505,False,110.101,0.4056289170843869,0.3823176309064905,1399.3220431467844,180.81473738583978,0.5574388888811782,46.707750000326655,-11.494275237957426,3.349717673039666,-9.49457333157693,91.29396079748027
420515.0,1.6649,1.3567,10.3907,-0.0297,-0.0131,9.8066,-0.0005,-0.1604,0.0544,117.75,-86.15,144.79,53.042248,-1.796384,3.81,4.0,340.01,20 / 21,11.982522714790083,-3.2086658611643295,0.5887255218586831,1410.0107378218524,89.21197329319475,151.1619293896309,False,110.20099999999996,0.4530557780484509,0.5192018373868613,1399.3687754491361,180.8813431482709,0.6890888888880117,41.108820000132376,-11.529466936741631,3.727867698551191,-10.641962372716307,91.66936985507616
420615.0,-2.0618,-0.3397,8.337,-0.0284,-0.0283,9.8065,0.1284,-0.1953,-0.0059,116.46,-85.92,143.1,53.042248,-1.796384,3.81,4.0,340.01,20 / 21,12.071951532440208,-3.215994491240247,0.5444455218586731,1411.2134615342143,88.89074027557444,151.2185879418168,False,110.30099999999999,0.43871622757571543,0.5588853021749536,1399.4090895811921,180.93716300026122,0.7105111111063935,38.12944999997543,-11.633235304864492,3.7748797934152005,-11.804371953022155,92.04642272468678
420715.0,1.3891,-0.0842,8.5256,-0.0073,-0.0349,9.8066,0.0449,-0.1613,0.1232,115.38,-85.54,141.1,53.042248,-1.796384,3.81,4.0,340.01,20 / 21,12.106566492062486,-3.178240008236459,0.4069105218587201,1412.422387435439,88.57102855060072,151.26615574400265,False,110.40099999999995,0.5474762318519981,0.6780498707039954,1399.46912621569,181.0149994486625,0.8715111111105164,38.920390000067826,-11.559090260210487,3.856289878940454,-12.953261219749038,92.44397089806179
420814.0,-1.1874,2.1168,12.7202,-0.058,0.0182,9.8064,-0.1317,-0.1222,0.1292,114.84,-85.63,140.47,53.042248,-1.796384,3.81,4.0,340.01,20 / 21,12.230206703208657,-3.2298777291435674,0.4877192718587581,1413.6270577086057,88.25382672260025,151.31043991879167,False,110.5,0.5148133165867519,0.7517251531344897,1399.5154573823995,181.09205753327308,0.911111111111111,34.405,-11.715393386621905,3.9816028822780574,-14.111600326206144,92.83823081067283
420915.0,2.9717,0.8632,8.8544,-0.0214,0.0159,9.8066,-0.0432,-0.1513,0.1562,113.69,-85.5,138.93,53.042248,-1.796384,3.81,4.0,340.01,20 / 21,12.369879232574048,-3.3753832313581382,0.5867649218587573,1414.8693620483627,87.92026104409491,151.3647013705744,False,110.601,0.5264261751848098,0.8637723561730934,1399.5629919560047,181.19313372225844,1.011549999990999,31.35821999992323,-11.843453057389238,4.239155587531232,-15.306370092358065,93.27287267816352
421015.0,1.5124,1.5344,8.9783,-0.0559,-0.0136,9.8064,0.0228,-0.3016,0.3198,115.0,-85.34,140.23,53.042248,-1.796384,3.81,4.0,340.01,20 / 21,12.42475306191744,-3.6298741563676935,0.49773492185878776,1416.109093663087,87.56999817470874,151.41892636276026,False,110.70099999999996,0.6279176826509203,0.9808907261308073,1399.636199210796,181.29320915551807,1.1646888888902536,32.62419000018777,-11.796835379266518,4.610764882498501,-16.47289445229103,93.72321098080933
421115.0,1.965,2.0599,11.2254,0.0036,-0.0359,9.8065,0.1462,-0.3663,0.0342,116.48,-85.39,141.7,53.042248,-1.796384,3.81,4.0,340.01,20 / 21,12.548170206591353,-3.8657386466261854,0.5272549218587946,1417.3577398265127,87.19521753455896,151.47017585494615,False,110.80099999999999,0.5389624550817451,0.9990576712472494,1399.6764464868854,181.39361817495006,1.1351888888851083,28.34966000010568,-12.009207751509608,4.864796317873434,-17.681293339627246,94.1984006403911
421214.0,-4.1293,-1.1487,10.6396,-0.0696,-0.0097,9.8063,0.0901,-0.2382,0.2357,113.79,-85.32,141.59,53.042248,-1.796384,3.81,4.0,340.01,20 / 21,12.663580000188862,-3.788934781881225,0.6387140718587829,1418.605721461748,86.81631119984789,151.52789132013515,False,110.89999999999998,0.5291794556778534,1.1477735957671875,1399.7293963917111,181.52571774776786,1.2638888888869675,24.752000000053705,-12.134400544511008,4.936708377648412,-18.876325070036955,94.70940654791997
421314.0,0.0028,1.0827,10.0298,-0.085,0.0285,9.8062,-0.1213,-0.2518,0.2142,117.26,-84.74,142.55,53.042248,-1.796384,3.81,4.0,340.01,20 / 21,12.779820375624348,-3.6026632370690974,0.691519071858795,1419.8778914805391,86.44673129890029,151.59440297732104,False,111.0,0.45154410327214056,1.0718237486213862,1399.769509955946,181.6257931810139,1.1630555555555555,22.845,-12.328276272352207,4.674486985690484,-20.108381524593142,95.17906188211361
421414.0,-2.9876,-0.8879,11.5306,-0.0737,0.0033,9.8063,0.0592,-0.509,0.3163,115.18,-84.75,143.41,53.042248,-1.796384,3.81,4.0,340.01,20 / 21,12.88870717381037,-3.4748627337833446,0.7888740718587619,1421.1613178580103,86.09285500035779,151.6684226345069,False,111.09999999999997,0.4487227066420381,1.1332863962796984,1399.8163091142344,181.74810760051645,1.21888888888562,21.601000000072833,-12.439984467168333,4.608149130063043,-21.345008743775907,95.65525260015866
421515.0,3.5897,3.8974,10.2856,-0.0483,-0.0114,9.8064,0.1516,-0.3555,0.2961,118.75,-84.41,143.76,53.042248,-1.796384,3.81,4.0,340.01,20 / 21,13.03547332308167,-3.5747067329745477,0.900120521858761,1422.4704889731033,85.73685174228652,151.75371686148964,False,111.20099999999996,0.3916172578396805,1.149657152686011,1399.8435194819658,181.87153396929932,1.2145305555576145,18.811359999937018,-12.64385606524199,4.7243638856605585,-22.626969491137515,96.1346822270128
421614.0,-0.8405,0.5731,10.3524,-0.017,-0.0474,9.8065,0.1889,-0.5882,0.1183,119.66,-84.35,144.33,53.042248,-1.796384,3.81,4.0,340.01,20 / 21,13.20134469101054,-3.804439097688416,0.9508431718587557,1423.7692114648007,85.37158402366875,151.84533956432864,False,111.29999999999995,0.40395878551151726,1.0959795073246001,1399.8898506487012,181.98161694711428,1.1680555555569432,20.232999999957556,-12.797385905499024,4.900418605013016,-23.879360816099506,96.61003292344553
421714.0,2.3145,1.9989,8.956,-0.0529,-0.0235,9.8064,-0.1089,-0.2953,0.4355,119.17,-84.37,145.47,53.042248,-1.796384,3.81,4.0,340.01,20 / 21,13.315227593021083,-3.9353011946969256,0.9355981718587522,1425.0950400790025,84.9845970090494,151.93966163151453,False,111.39999999999998,0.3854984577193507,1.0846417515567217,1399.9299642129363,182.0928118727855,1.1511111111113617,19.566000000009858,-12.929729135301733,5.019942946253647,-25.165075866066218,97.1082148637361
421814.0,-4.5756,-1.6131,10.0125,-0.0591,-0.033,9.8063,-0.0555,-0.4887,0.2853,120.08,-84.8,148.96,53.042248,-1.796384,3.81,4.0,340.01,20 / 21,13.428273728275643,-3.8502443875031043,0.9033581718587448,1426.4322151450676,84.5953197299393,152.0316094487004,False,111.5,0.310652802751738,0.958994702398772,1399.9633921831678,182.18176781431305,1.0080555555555555,17.949,-13.117620925523905,4.809239089901876,-26.468822961899832,97.58644808437374
421914.0,-0.7763,0.6818,10.7338,-0.0244,-0.0295,9.8065,0.1395,-0.2937,0.2583,123.09,-84.72,147.6,53.042248,-1.796384,3.81,4.0,340.01,20 / 21,13.560051388882604,-3.602789929223378,0.9600081718587256,1427.781631400925,84.2226680141031,152.12477776588625,False,111.59999999999997,0.33161818063876436,0.9604744517124398,1400.0035057473733,182.27072375583376,1.0161111111106393,19.047999999935655,-13.228433208243839,4.563264380935817,-27.778125653551797,98.04805574173065
422014.0,0.0705,-1.0042,9.7998,0.0143,0.0206,9.8066,0.0513,-0.1048,-0.0432,123.11,-84.72,152.2,53.042248,-1.796384,3.81,4.0,340.01,20 / 21,13.602844437093562,-3.5702378992070205,1.006023171858736,1429.1397761922242,83.8640166226815,152.22307933307215,False,111.69999999999999,0.2514031117079555,0.9316767011295665,1400.0235625295186,182.370799189786,0.9650000000022372,15.101000000172759,-13.351441325385608,4.501914600336587,-29.116213662705604,98.5067825671045
422114.0,0.5593,2.8167,11.3624,-0.0217,-0.0084,9.8066,0.1774,-0.2732,0.2535,128.28,-84.51,154.58,53.042248,-1.796384,3.81,4.0,340.01,20 / 21,13.688775798898707,-3.662456951107843,1.0834681718587096,1430.5043572040233,83.50238188016588,152.32755390025798,False,111.79999999999995,0.20447942479699693,1.102305895965783,1400.0369337175794,182.4819941168713,1.1211111111064969,10.509000000135732,-13.48429637410171,4.764762847073626,-30.467423486443977,98.97961223670542
422214.0,-2.5426,-0.0254,10.2641,-0.0038,0.0152,9.8066,-0.0019,0.1982,-0.0527,132.44,-84.3,158.78,53.042248,-1.796384,3.81,4.0,340.01,20 / 21,13.902824060675936,-3.6874359501185388,1.1841281718587324,1431.8839371970023,83.13488723510449,152.44093371744387,False,111.89999999999998,0.1668163204010869,1.0000714945759606,1400.056990499697,182.5820695501172,1.0138888888904736,9.470000000015357,-13.736007740274848,4.687507444694499,-31.826946697305402,99.44718231501272
422314.0,2.5961,1.0306,9.8236,-0.0329,0.0122,9.8066,-0.053,-0.1173,0.1825,131.2,-84.2,159.03,53.042248,-1.796384,3.81,4.0,340.01,20 / 21,13.97665645620591,-3.735743932805933,1.207848171858738,1433.2779112228468,82.76372824095817,152.56053253462977,False,112.0,0.12124773094918449,1.0239575729474655,1400.0636760937539,182.69326447649559,1.031111111111111,6.752999999999999,-13.855408725256726,4.759701505753399,-33.21423512909291,99.92953623553741
422415.0,0.4139,-0.8173,10.0953,-0.0114,0.0153,9.8066,-0.0549,0.1799,0.01,133.0,-84.23,159.56,53.042248,-1.796384,3.81,4.0,340.01,20 / 21,13.92102666629743,-3.867472257974083,1.2232809718587379,1434.6867442205332,82.37976582332378,152.6833045563875,False,112.101,0.09979315767167897,0.978348619374442,1400.0771141377809,182.79434066548095,0.9834249999978546,5.824079999993729,-13.82123350862575,4.845820877348524,-34.609630082752346,100.41457484215717
422514.0,1.1412,0.2985,9.7187,-0.0076,0.0096,9.8065,-0.0319,-0.0208,-0.0257,133.1,-84.1,161.1,53.042248,-1.796384,3.81,4.0,340.01,20 / 20,11.802047085508693,-3.3304921905938896,1.0482332785799264,1435.9600363712475,82.0234665831197,152.7957445117842,False,112.19999999999999,0.10539732188613385,1.0145399965185857,1400.0837328758707,182.89341534439401,1.019999999998383,5.930999999995273,-11.69664976362256,4.3450321871124755,-35.87630349537676,100.86994876127432
422614.0,1.555,-0.3833,10.0191,0.0292,0.0403,9.8065,-0.0434,0.0777,0.0423,135.07,-84.25,162.06,53.042248,-1.796384,3.81,4.0,340.01,20 / 20,11.740606023618522,-3.4364719351534876,1.0544582785799244,1437.1371690267035,81.68511837683245,152.90087908964216,False,112.29999999999995,0.08763081524316507,1.1856549372947311,1400.0904184699011,183.026849257037,1.1888888888838967,4.227000000050368,-11.652975208375357,4.622126872448218,-37.04675055680241,101.34173088020454
422714.0,0.3206,-0.398,9.7931,0.012,0.0159,9.8066,-0.0032,-0.0287,-0.0008,139.57,-84.18,167.34,53.042248,-1.796384,3.81,4.0,340.01,20 / 20,9.929146424716079,-2.964627542288785,0.9047427867929376,1438.2206566491204,81.36506340296026,152.99883914291084,False,112.39999999999998,0.050964351796030385,1.3129000903293466,1400.0904184699014,183.16028316968152,1.3138888888870415,2.223000000029618,-9.878182072920048,4.277527632618131,-38.13023817921908,101.79521976672126
422814.0,0.4031,-1.0771,9.5947,0.0221,-0.0012,9.8066,-0.033,0.0561,-0.1242,139.52,-84.26,169.15,53.042248,-1.796384,3.81,4.0,340.01,20 / 20,9.887604738041324,-2.9480690126476965,0.8934677867929351,1439.2114942072585,81.06942857521337,153.08874967159016,False,112.5,-2.757620218007465e-05,1.5799999997593521,1400.0904184699014,183.32707555889516,1.5799999999999998,359.999,-9.887632314243504,4.528069012407048,-39.12107573735716,102.2576469836818
422916.0,-0.472,1.1913,8.8304,-0.0129,-0.0207,9.8066,-0.1552,0.1107,0.0686,140.79,-84.45,167.68,53.042248,-1.796384,3.81,4.0,340.01,20 / 20,9.927723085618858,-2.968250767716989,0.8328695867929498,1440.222075926265,80.76769626641484,153.176792877643,False,112.60199999999998,-0.06954161207907587,1.7421790804953214,1400.077047281841,183.50876806875237,1.7435666666595255,357.71389999998866,-9.997264697697934,4.710429848212311,-40.145028644423974,102.74107180233753
423015.0,1.7188,-0.6027,9.1822,0.0063,-0.0414,9.8065,-0.0896,-0.0256,-0.0604,141.22,-84.84,167.2,53.042248,-1.796384,3.81,4.0,340.01,20 / 20,9.931196736116602,-3.045965204152651,0.7536349367929581,1441.2050924574407,80.46999257580732,153.25532485156052,False,112.70099999999996,-0.06857951700639152,1.8649670575589206,1400.0768467140206,183.69613152101832,1.866230555545285,357.8952500000427,-9.999776253122993,4.910932261711571,-41.128245743420166,103.22613894521099
423115.0,1.2545,-0.6804,9.2318,0.0301,-0.0116,9.8065,-0.0469,-0.1153,-0.0291,137.28,-85.05,162.91,53.042248,-1.796384,3.81,4.0,340.01,20 / 20,9.810085125321214,-3.1097493643106255,0.6936699367929445,1442.192156550513,80.16220684738408,153.32769009523983,False,112.80099999999999,-0.11168672303101633,2.0971203020294964,1400.0570573556374,183.9076242712047,2.1001055555495936,356.94957999994307,-9.92177184835223,5.206869666340122,-42.135099194875465,103.74541742382061
423214.0,0.5823,-1.1973,8.6869,0.0007,-0.0011,9.8066,-0.0047,0.0529,-0.0246,133.49,-85.25,162.08,53.042248,-1.796384,3.81,4.0,340.01,20 / 20,9.713346216603977,-3.1206880584852157,0.6097872367929534,1443.158566401938,79.85380019495572,153.39221122533232,False,112.89999999999998,-0.04469503733504018,2.3026218199259056,1400.0636760937539,184.13879852363578,2.303055555552526,358.8879999999711,-9.758041253939018,5.423309878411121,-43.094890308184176,104.28499832868006
423314.0,0.741,1.4581,11.5615,0.0283,0.0187,9.8066,0.0366,0.1829,-0.1502,135.75,-85.21,163.08,53.042248,-1.796384,3.81,4.0,340.01,20 / 20,9.709316362175821,-3.191789696196188,0.6415422367929607,1444.1296995308774,79.53817630722158,153.45477769901163,False,113.0,-0.04535652587488073,2.3515070604430783,1400.0636760937539,184.38342736195133,2.3519444444444444,358.895,-9.754672888050703,5.543296756639267,-44.06602343712348,104.84525105472976
423414.0,2.7816,0.3752,9.7508,0.0023,0.0209,9.8066,0.1583,0.0917,-0.194,139.08,-85.07,164.85,53.042248,-1.796384,3.81,4.0,340.01,20 / 20,9.675262958775324,-3.389935802981695,0.7264922367929318,1445.0989284969246,79.2090900322628,153.5231794226909,False,113.09999999999997,-0.12654190003430815,2.5799540985358456,1400.043619311638,184.65029518580613,2.583055555542024,357.19200000009965,-9.801804858809632,5.96988990151754,-45.05530918528666,105.44120515354334
423514.0,2.1174,1.5647,10.5549,0.0628,0.0066,9.8064,0.0591,0.3275,-0.2318,135.29,-84.8,163.34,53.042248,-1.796384,3.81,4.0,340.01,19 / 20,9.596731398774008,-3.6399479929959293,0.7611122367929397,1446.0625282148023,78.85759584246384,153.5975596463702,False,113.19999999999999,-0.1690930128014821,2.7717914785397193,1400.0235625295204,184.9282825021055,2.7769444444359577,356.5090000000299,-9.76582441157549,6.411739471535649,-46.03896568528194,106.07068665964167
423614.0,-1.6107,-0.7924,7.8502,-0.0085,-0.0059,9.8066,-0.2683,0.2036,-0.0452,134.85,-85.17,163.49,53.042248,-1.796384,3.81,4.0,340.01,19 / 20,9.640249340859409,-3.698373771581433,0.7007022367929604,1447.0243772517838,78.49067975423509,153.67065037004946,False,113.29999999999995,-0.2587701606864164,2.8362754540871036,1399.9968201533463,185.2062698191127,2.8480555555534535,354.78700000005085,-9.899019501545826,6.534649225668536,-47.027557098437455,106.7155900648776
423714.0,0.2715,-0.6691,7.9343,-0.001,0.039,9.8065,-0.2599,0.2077,-0.0184,138.57,-85.46,163.78,53.042248,-1.796384,3.81,4.0,340.01,19 / 20,9.67123613782403,-3.6116064704864623,0.5092622367929169,1447.9899515257182,78.1251807421316,153.73114859372876,False,113.39999999999998,-0.36850617998326796,2.9742022793326006,1399.9500209950547,185.51761561410336,2.996944444442244,352.9370000000273,-10.039742317807297,6.585808749819063,-48.03993053066347,107.39243487197176
423814.0,-1.7267,0.4384,9.8178,0.039,0.0032,9.8065,-0.0599,0.1864,-0.0526,139.1,-85.89,164.94,53.042248,-1.796384,3.81,4.0,340.01,19 / 20,9.752583623392068,-3.571199207441181,0.41620223679289586,1448.9611425137791,77.76604045823514,153.77742181740805,False,113.5,-0.45415563822484684,3.286827547350434,1399.903221836763,185.851200393946,3.3180555555555555,352.13300000000004,-10.206739261616915,6.858026754791615,-49.05792067701623,108.08515993571085
423914.0,0.741,1.1713,9.8119,0.0048,0.0183,9.8066,0.0257,0.0387,0.002,140.01,-86.01,166.18,53.042248,-1.796384,3.81,4.0,340.01,19 / 20,8.39400273245022,-3.0735994307424326,0.3544689012739613,1449.868471831571,77.43380052632607,153.8159553743114,False,113.59999999999997,-0.5295429125215125,3.3452917620924696,1399.8497370844448,186.18478517376448,3.386944444440411,351.00500000006605,-8.923545644971732,6.418891192834902,-50.018734747126246,108.75098464743841
424014.0,1.1765,-0.0304,10.2063,0.033,0.0096,9.8066,0.111,0.1906,-0.2488,142.26,-85.75,168.35,53.042248,-1.796384,3.81,4.0,340.01,19 / 20,8.389197367884996,-3.1940864447343493,0.374713901273966,1450.707631836588,77.12041623255216,153.85241451443878,False,113.69999999999999,-0.6436735755911637,3.509516316468648,1399.7828811440095,186.52948944673975,3.5680555555476285,349.6070000000612,-9.03287094347616,6.703602761202998,-50.92475069257853,109.40907321418759
424114.0,2.2864,0.8556,10.6766,0.0132,-0.002,9.8066,0.094,0.1408,-0.1934,138.34,-85.43,164.84,53.042248,-1.796384,3.81,4.0,340.01,19 / 20,8.318399623259273,-3.3533488206177817,0.4381939012739444,1451.5430116861448,76.79304446928467,153.89305990456617,False,113.79999999999995,-0.7726190606091601,3.62865812486544,1399.7026540155132,186.8964327038585,3.709999999995804,347.9800000000481,-9.091018683868434,6.982006945483222,-51.84035767063165,110.10338823457383
424214.0,-0.1754,-1.1228,8.817,-0.0088,0.0177,9.8066,-0.1442,0.4742,-0.2383,133.74,-85.26,162.39,53.042248,-1.796384,3.81,4.0,340.01,19 / 20,8.261679724572003,-3.4301106440143987,0.4322089012739431,1452.3720156535367,76.45387149605298,153.93658004469359,False,113.89999999999998,-0.8729212456339901,3.8511987686541187,1399.6090556989566,187.28561494795107,3.948888888885358,347.2290000000111,-9.134600970205993,7.281309412668517,-52.76295995458008,110.83174345189809
424314.0,2.9582,-0.9907,8.4318,-0.0055,-0.0328,9.8065,-0.05,0.0071,-0.1192,127.59,-85.44,154.12,53.042248,-1.796384,3.81,4.0,340.01,19 / 20,8.133587148605937,-3.482585256709351,0.31398390127391634,1453.1917789971958,76.10823670101672,153.973889684821,False,114.0,-0.9018856950917128,3.857927678670653,1399.5221429764294,187.67479719062962,3.9619444444444443,346.842,-9.035472843697649,7.340512935380004,-53.66963602076635,111.5665604896129
424414.0,-1.6827,-0.0424,10.569,0.0576,-0.0225,9.8064,0.1649,0.1833,-0.2288,124.32,-85.44,150.47,53.042248,-1.796384,3.81,4.0,340.01,19 / 20,8.086467290224359,-3.5065536691259176,0.28335890127392693,1454.0027817191371,75.75877975472508,154.00375682494837,False,114.09999999999997,-1.0598992766186348,4.0155303473962745,1399.4084878777367,188.08621841954397,4.153055555544366,345.2140000000953,-9.146366566842994,7.522084016522192,-54.594293841400486,112.32743866481889
424514.0,-0.3099,-3.0786,8.0106,-0.0012,-0.0558,9.8064,0.1799,-0.1659,0.0065,123.47,-85.11,149.08,53.04271,-1.796815,11.48,16.0,329.27,19 / 20,8.049231699737957,-3.344396727668341,0.2316739012739153,1454.8095666686354,75.41623223488529,154.02950846507576,False,114.19999999999999,-1.2744033752095931,4.191662033736388,1399.268090402889,188.5087591402062,4.381111111101129,343.089000000093,-9.32363507494755,7.536058761404728,-55.541476265746496,113.09252690532091
424615.0,-0.1111,0.5262,10.8258,-0.0112,0.0187,9.8066,-0.1297,-0.2269,0.1695,120.93,-85.33,146.48,53.04271,-1.796815,11.48,16.0,329.27,19 / 20,7.991324363420064,-3.2597456976594437,0.19244045127391568,1455.619614749825,75.08272304240623,154.05092623987943,False,114.30099999999999,-1.4372108841033489,4.236384439294951,1399.1192022235928,188.9357476586449,4.473569444437295,341.26145000006267,-9.428535247523413,7.4961301369543945,-56.50041252623214,113.85302461623868
424715.0,0.9178,-1.5233,9.8901,-0.0199,0.0033,9.8066,-0.0516,-0.0575,0.1622,122.84,-85.45,148.86,53.04271,-1.796815,11.48,16.0,329.27,19 / 20,7.965002783852077,-3.2707996045037295,0.2475704512738969,1456.4174311071883,74.75619577729819,154.0729267850068,False,114.40099999999995,-1.6817713670599475,4.408002243160103,1398.9386243285417,189.38052736557347,4.717936111109636,339.11703000001637,-9.646774150912025,7.6788018476638324,-57.478806778646685,114.62433158827528
424815.0,0.2821,-0.5001,9.7995,-0.0146,-0.0099,9.8065,-0.0123,-0.021,0.0052,125.73,-85.55,150.84,53.04271,-1.796815,11.48,16.0,329.27,19 / 20,6.701800898210164,-2.7807689727105993,0.21367763358281314,1457.1507712912917,74.4536173484374,154.09598918924965,False,114.50099999999998,-1.8035903441582333,4.46791684089019,1398.7512939834937,189.8255294623434,4.818230555555383,338.0178300000011,-8.505391242368397,7.2486858136007895,-58.39947730779795,115.371912113906
424914.0,2.6563,0.1875,9.8559,-0.0102,0.0053,9.8066,0.0474,-0.08,-0.1876,127.12,-85.51,150.64,53.04271,-1.796815,11.48,16.0,329.27,19 / 20,6.637854901360483,-2.895981603142145,0.21576158358281297,1457.8110842533704,74.17261819493272,154.11724643049934,False,114.59999999999997,-1.987696312136896,4.6184852538841055,1398.5527318404925,190.2878779664717,5.028055555543147,336.71400000007714,-8.62555121349738,7.5144668570262505,-59.25835241287791,116.11525977153899
425014.0,0.3566,-1.4289,8.7555,-0.0417,-0.0272,9.8065,0.0721,-0.0975,0.0244,119.02,-85.05,143.99,53.04271,-1.796815,11.48,16.0,329.27,19 / 20,6.53098740382221,-2.9942715327915033,0.16566658358280162,1458.4695263686297,73.87810553813597,154.13631783885762,False,114.69999999999999,-2.1359784616024093,4.769678538136376,1398.3321072371475,190.76601615138418,5.226111111102442,335.87600000003664,-8.666965865424618,7.76395007092788,-60.13741913148215,116.88791061324821
425114.0,-2.2198,-0.874,9.6087,-0.0311,-0.0385,9.8065,-0.0532,0.0812,-0.0944,115.26,-84.87,142.2,53.04271,-1.796815,11.48,16.0,329.27,19 / 20,6.505112077927157,-2.858132524216125,0.103211583582823,1459.121331342717,73.58548533528568,154.1497617472159,False,114.79999999999995,-2.3566034500720687,4.79960780387778,1398.0914258516852,191.23303484316452,5.346944444440872,333.8490000000599,-8.861715527999225,7.657740328093905,-61.02990549103174,117.64754950787884
425214.0,0.1857,-1.369,9.0588,-0.0322,-0.0014,9.8065,-0.0511,-0.0913,0.0686,110.75,-84.68,137.14,53.04271,-1.796815,11.48,16.0,329.27,19 / 20,6.4830965161913925,-2.7227902979796306,0.05592158358281232,1459.770741772423,73.30643919417584,154.1577184055742,False,114.89999999999998,-2.562447409570754,4.896097148290692,1397.8306876840786,191.72229252050266,5.526111111108463,332.37400000002185,-9.045543925762146,7.618887446270323,-61.94005408834437,118.41585332632683
425315.0,-1.2216,-0.8842,9.7749,0.03,-0.0397,9.8065,0.0774,0.0246,-0.0176,107.53,-85.03,135.73,53.04271,-1.796815,11.48,16.0,329.27,19 / 20,6.428821939593441,-2.631486126659227,0.01655178358281275,1460.42279365444,73.03604823473158,154.16137831061607,False,115.00099999999998,-2.8383730775572253,5.0598648957129555,1397.5333793170676,192.2389041493209,5.801638888888754,330.70995000000164,-9.267195017150666,7.691351022372182,-62.8894143373725,119.2028559145893
425415.0,1.1116,-1.1556,9.1886,0.0045,0.0141,9.8066,-0.1669,0.0097,0.0484,110.16,-85.15,137.3,53.04271,-1.796815,11.48,16.0,329.27,19 / 20,6.3689765993285725,-2.5887232379533094,-0.01593821641719459,1461.0626835813864,72.7750377665009,154.16140898897436,False,115.101,-3.0992283756122005,5.097977090533614,1397.2188221174342,192.75051200710507,5.966161111097915,328.703990000122,-9.468204974940774,7.686700328486923,-63.84386146395218,119.97547424060417
425514.0,1.1173,-0.7972,11.9425,-0.0483,0.023,9.8064,-0.0352,-0.1421,0.1662,109.76,-85.36,137.35,53.04271,-1.796815,11.48,16.0,329.27,19 / 19,-3.4059220943161495,5.170063005171913,0.059192883582797534,1396.8746477362015,193.26790200087473,154.16355009499907,True,115.19999999999999,-3.4059220943161495,5.170063005171913,1396.8746477362015,193.26790200087473,6.191111111101165,326.624000000092,0.0,0.0,0.0,0.0
425614.0,-2.3336,-0.0476,11.4291,-0.0195,0.0125,9.8066,0.0748,0.1007,-0.1661,112.1,-84.8,138.61,53.04271,-1.796815,11.48,16.0,329.27,19 / 19,-3.3832165962437646,5.24207118357887,0.24710788358273356,1396.5351908016737,193.7885087103121,154.17886513335733,False,115.29999999999995,-3.5453182614768264,5.200361119237723,1396.5136256579806,193.79051815690482,6.293888888885851,325.71600000002684,-0.1621016652330618,-0.04171006434114677,-0.0215651436931239,0.002009446592722952
425714.0,1.5396,-0.3622,8.2575,-0.0135,-0.0257,9.8066,-0.0951,-0.0275,-0.0279,108.71,-84.43,135.87,53.04271,-1.796815,11.48,16.0,329.27,19 / 19,-3.3459871834807933,5.286418470264132,0.2507728835827345,1396.1987306126873,194.31493319300438,154.2037591717156,False,115.39999999999998,-3.59002829706807,5.2619955175043795,1396.1592891738155,194.31313431152057,6.369999999998875,325.6960000000003,-0.24404111358727665,-0.02442295275975237,-0.039441438871790524,-0.0017988814838076905
425814.0,-2.2652,1.0932,9.5038,0.0281,-0.0494,9.8065,0.0546,0.043,-0.1024,105.95,-84.57,131.73,53.04271,-1.796815,11.48,16.0,329.27,19 / 19,-3.266950730428178,5.317644687511268,0.15817288358271347,1395.8680837169918,194.84513635089326,154.22420646007387,False,115.5,-3.7345890011181098,5.548236846686087,1395.778210313477,194.88022843725295,6.688055555555556,326.055,-0.4676382706899318,0.2305921591748188,-0.08987340351472994,0.03509208635969685
425914.0,-0.2196,0.1282,10.3183,0.0394,0.0072,9.8065,-0.0007,0.0517,-0.0547,102.43,-84.63,130.74,53.04271,-1.796815,11.48,16.0,329.27,19 / 19,-3.1377509382581543,5.427346443728339,0.16861288358271,1395.5478486335576,195.38238590745505,154.24054574843214,False,115.59999999999997,-3.905294596939619,5.553169046293473,1395.390445859136,195.43620306981222,6.788888888882985,324.8830000000686,-0.7675436586814648,0.12582260256513322,-0.15740277442159822,0.05381716235717704
426014.0,0.7369,0.1828,9.7921,-0.0016,0.0142,9.8065,-0.0032,-0.0106,0.1329,105.23,-85.0,131.95,53.04271,-1.796815,11.48,16.0,329.27,19 / 19,-3.0931255381306326,5.405449847886388,0.19346788358271574,1395.2363048097382,195.9240257220359,154.25864978679041,False,115.69999999999999,-4.05405857806091,5.635175393482495,1394.9826246226505,196.00329719695924,6.941944444437745,324.2680000000269,-0.9609330399302771,0.22972554559610714,-0.25368018708763884,0.0792714749233312
426114.0,1.5631,1.5549,10.6891,-0.009,0.0449,9.8065,0.0472,0.0926,-0.0044,108.91,-85.1,135.85,53.04271,-1.796815,11.48,16.0,329.27,19 / 19,-3.008590571315572,5.272982547722422,0.23686288358270097,1394.931219004266,196.45794734181615,154.28016632514868,False,115.79999999999995,-4.155371005272587,5.80009627579219,1394.5614321980238,196.59263030754227,7.134999999994293,324.3809999999966,-1.1467804339570153,0.527113728069768,-0.3697868062422458,0.13468296572611393
426214.0,2.4746,0.0852,10.0998,0.0219,0.0302,9.8065,-0.018,-0.0232,-0.0394,113.85,-84.8,140.51,53.04271,-1.796815,11.48,16.0,329.27,19 / 19,-2.9691024282625755,5.060772815209392,0.2956428835827144,1394.632334354287,196.97463510996286,154.30679161350696,False,115.89999999999998,-4.250776691814149,5.870707525735299,1394.1402397734496,197.18196341954126,7.2480555555538855,324.0930000000043,-1.2816742635515737,0.8099347105259076,-0.49209458083737445,0.20732830957840065
426314.0,0.7246,0.1838,9.9937,0.0077,-0.0026,9.8066,-0.0445,0.0255,-0.0021,112.8,-84.98,139.77,53.04271,-1.796815,11.48,16.0,329.27,19 / 19,-2.5358298799189383,4.173045617048442,0.27170495104531195,1394.357087738878,197.43632603157585,154.33515900523838,False,116.0,-4.445233472162509,5.962217879926826,1393.6856193786448,197.78241602255108,7.436944444444445,323.293,-1.9094035922435708,1.7891722628783846,-0.6714683602331206,0.34608999097522997
426414.0,1.8448,1.6996,10.003,0.0071,0.0118,9.8066,-0.0467,0.0678,-0.0623,115.06,-85.11,139.51,53.04271,-1.796815,11.48,16.0,329.27,19 / 19,-2.466015066190041,4.016677642573677,0.2908749510453055,1394.1069954915724,197.8458121945568,154.3632880003429,False,116.09999999999997,-4.506930391222716,6.069693439422134,1393.2376845779027,198.40510761178137,7.559999999992796,323.40499999999344,-2.040915325032675,2.053015796848457,-0.8693109136697785,0.5592954172245754
426514.0,2.4967,0.6109,8.9432,-0.0353,-0.0085,9.8065,-0.0276,-0.1734,0.1983,114.35,-85.02,138.52,53.04271,-1.796815,11.48,16.0,329.27,19 / 19,-2.4142702243541145,3.770438969086009,0.2575199510452979,1393.862981227045,198.23516802513987,154.39070774544743,False,116.19999999999999,-4.648017275126246,6.211550644813246,1392.7696929950644,199.03891869418968,7.758055555546886,323.19300000000925,-2.233747050772131,2.441111675727237,-1.0932882319807504,0.8037506690498049
426614.0,1.0371,-0.6189,10.4981,-0.0329,0.0054,9.8066,-0.0849,-0.0346,0.0439,112.45,-85.1,139.92,53.04271,-1.796815,11.48,16.0,329.27,19 / 19,-2.4488438355773505,3.608497665913175,0.2489199510453009,1393.6198255240486,198.6041148568897,154.41602974055195,False,116.29999999999995,-4.6393028133260055,6.275153479905306,1392.3083870062287,199.6727297751836,7.803888888887535,323.5239999999902,-2.190458977748655,2.666655813992131,-1.3114385178198518,1.068614918293889
426714.0,-0.0977,0.5132,10.8004,-0.0144,0.0078,9.8066,-0.0504,0.041,0.0041,114.46,-85.02,138.92,53.04271,-1.796815,11.48,16.0,329.27,19 / 19,-2.434395075196702,3.5666663843085034,0.33317995104532017,1393.3756635785098,198.96287305940086,154.4451347356565,False,116.39999999999998,-4.791474461235463,6.441385603296976,1391.827024235276,200.31766035072522,8.028055555552243,323.3560000000025,-2.357079386038761,2.874719218988473,-1.5486393432338446,1.3547872913243566
426814.0,1.7412,-0.185,9.3333,0.0099,0.0044,9.8066,-0.0177,0.019,-0.002,114.1,-85.07,138.64,53.04271,-1.796815,11.48,16.0,329.27,19 / 19,-2.0531996729183715,2.962002749469973,0.30531995838852716,1393.151283841104,199.28930651608985,154.4770597311282,False,116.5,-4.8075538862178595,6.50795702532348,1391.3456614642962,200.98482991041078,8.091111111111111,323.546,-2.754354213299488,3.545954275853507,-1.8056223768078326,1.6955233943209294
426915.0,0.1757,0.2803,10.022,0.0342,-0.0053,9.8065,-0.0046,0.0453,-0.082,114.25,-85.16,139.01,53.04271,-1.796815,11.48,16.0,329.27,19 / 19,-2.050516333730766,2.871631498447053,0.2922909583885273,1392.9440461827683,199.58390504560967,154.50723908242546,False,116.601,-4.86687331387284,6.685985162562592,1390.8526657597845,201.67001304792464,8.269755555545684,323.94828999999254,-2.8163569801420736,3.8143536641155396,-2.091380422983775,2.0861080023149725
427014.0,0.0789,0.4401,10.168,0.0022,-0.0079,9.8066,0.0192,0.0148,0.0056,114.95,-85.2,138.5,53.04271,-1.796815,11.48,16.0,329.27,19 / 19,-1.9862304639624364,2.8449813451934602,0.3208376083885243,1392.7442272162825,199.86687738136985,154.53758894648092,False,116.69999999999999,-4.950705200198203,6.833103217371069,1390.3628791402818,202.3525275077165,8.438055555548114,324.0759999999944,-2.9644747362357666,3.988121872177609,-2.381348076000677,2.4856501263466555
427114.0,0.1959,-1.0364,10.0753,-0.0134,0.0212,9.8066,0.0005,0.0814,-0.0794,114.41,-85.11,139.07,53.04271,-1.796815,11.48,16.0,329.27,19 / 19,-1.9817013910405352,2.844271589256075,0.35233760838851363,1392.5458306235325,200.15134002809222,154.57124770731977,False,116.79999999999995,-4.852627479077981,6.910229092960315,1389.881516369355,203.0530555453858,8.443888888888717,324.921999999975,-2.8709260880374456,4.06595750370424,-2.664314254177498,2.9017155172935816
427214.0,1.0312,0.6499,9.5252,0.0186,0.0056,9.8066,0.0384,0.1371,-0.0975,116.87,-84.93,138.19,53.04271,-1.796815,11.48,16.0,329.27,19 / 19,-1.9897957033915332,2.795113348398446,0.35169760838851355,1392.3472557688108,200.43330927497502,154.60644946815864,False,116.89999999999998,-4.869016718740758,7.070707262543619,1389.3934680043185,203.77582256932135,8.584999999997914,325.4479999999922,-2.8792210153492244,4.2755939141451735,-2.95378776449229,3.3425132943463325
427314.0,0.004,-0.0349,8.6987,0.0235,0.001,9.8066,-0.0358,0.0945,-0.089,114.78,-84.94,139.08,53.04271,-1.796815,11.48,16.0,329.27,19 / 19,-1.9483233040615537,2.7338880335746727,0.2822276083884978,1392.1503498184381,200.70975934407375,154.6381457289975,False,117.0,-4.9449958313576925,7.159354076713645,1388.8987340453048,204.49858959325752,8.70111111111111,325.367,-2.9966725272961385,4.425466043138972,-3.2516157731333806,3.788830249183775
427414.0,-0.3204,0.6221,10.2022,0.0327,0.0027,9.8065,-0.0687,0.0664,-0.0366,114.69,-85.19,139.29,53.04271,-1.796815,11.48,16.0,329.27,19 / 19,-1.8775607228505757,2.7356180277397186,0.24660760838851,1391.9590556170926,200.98323464713937,154.66458748983635,False,117.09999999999997,-4.883245459163727,7.426401911020025,1388.410685680357,205.2435956005757,8.888055555544609,326.67299999992355,-3.0056847363131514,4.690783883280306,-3.548369936735753,4.260360953436333
427515.0,-0.1481,-1.1603,9.4186,0.0077,-0.0058,9.8066,-0.0031,-0.0072,0.0739,114.21,-85.39,139.24,53.04271,-1.796815,11.48,16.0,329.27,19 / 19,-1.5765622723847599,2.352671135277526,0.2099384046302335,1391.7846224058333,201.24019324987174,154.6876430634938,False,117.20099999999996,-4.846310968571079,7.4948207633182005,1387.9243755698133,206.00750474665477,8.925194444435064,327.1123499999853,-3.269748696186319,5.142149628040674,-3.8602468360199964,4.767311496783037
427615.0,1.644,-0.171,9.0315,0.0517,-0.0032,9.8065,0.0572,0.0656,-0.0409,117.55,-85.63,142.02,53.04271,-1.796815,11.48,16.0,329.27,19 / 19,-1.6345913506913703,2.313160396804245,0.1517784046302203,1391.6240647246793,201.47348482647587,154.7057289039568,False,117.30099999999999,-4.916364772041958,7.702455994868222,1387.429708466687,206.78598042835048,9.137755555553197,327.45044999998123,-3.2817734213505876,5.389295598063978,-4.19435625799224,5.312495601874616
427714.0,0.8527,-0.3412,10.0031,0.0241,-0.0025,9.8066,-0.0815,0.0784,0.0331,118.81,-86.06,144.49,53.04271,-1.796815,11.48,16.0,329.27,19 / 19,-1.6778638689474652,2.2134726941588267,0.12313275463022334,1391.4600981913072,201.6975531644785,154.7193370063402,False,117.39999999999998,-4.87267629620726,7.824932839179279,1386.9465405853534,207.56756956775567,9.218055555554358,328.08899999999045,-3.1948124272597944,5.611460145020453,-4.5135576059537925,5.8700164032771625
427814.0,1.1486,2.0171,10.806,0.0042,0.0204,9.8066,-0.0782,0.0842,-0.0147,123.47,-86.3,146.88,53.04271,-1.796815,11.48,16.0,329.27,19 / 19,-1.6237299948572599,2.07625091329112,0.18292275463023694,1391.2950184981169,201.91203934485105,154.73463978180322,False,117.5,-4.87214695578945,7.964968022524232,1386.45849222037,208.3792925325114,9.336944444444445,328.546,-3.2484169609321905,5.888717109233112,-4.836526277746771,6.467253187660361
427914.0,0.9459,1.3287,11.4731,0.0114,0.0187,9.8066,0.1517,0.0038,-0.059,121.39,-86.19,148.81,53.04271,-1.796815,11.48,16.0,329.27,19 / 19,-1.5021115533171747,1.8923499660040282,0.3162127546301915,1391.1387264207083,202.11046938881574,154.75959655726624,False,117.59999999999997,-4.818924055548767,8.039411756735952,1385.9771294494255,209.19101549650065,9.373055555553442,329.06099999996985,-3.316812502231593,6.147061790731923,-5.161596971282734,7.08054610768491
428014.0,0.2782,1.1787,10.1198,-0.0184,-0.0134,9.8066,0.0123,-0.0347,-0.0003,120.1,-85.82,146.63,53.04271,-1.796815,11.48,16.0,329.27,19 / 19,-1.3887930379896778,1.771478743191215,0.4151927546302141,1390.9941811911428,202.29366082427555,154.79616683272926,False,117.69999999999999,-4.8959331928261145,8.102646190319751,1385.4823954903857,210.0027384612567,9.466944444440337,328.8580000000089,-3.5071401548364367,6.331167447128536,-5.511785700757173,7.7090776369811636
428115.0,-0.4533,-0.2071,9.2255,0.0008,0.0006,9.8066,-0.0493,0.0272,-0.1071,119.98,-85.83,145.08,53.04271,-1.796815,11.48,16.0,329.27,19 / 19,-1.304306980183968,1.7506425360409335,0.4016587546302143,1390.858179640225,202.47152794887677,154.83741783394692,False,117.80099999999999,-4.847334965594996,8.2068050464704,1384.9961522357821,210.83403173285743,9.531438888884704,329.43180999999186,-3.543027985411028,6.456162510429467,-5.86202740444287,8.362503783980657
428214.0,-1.5846,0.3544,8.9256,-0.0026,-0.0071,9.8066,-0.0805,-0.0474,0.0925,115.15,-85.9,141.42,53.04271,-1.796815,11.48,16.0,329.27,19 / 19,-1.2157534566054815,1.836539343120949,0.32927985463022197,1390.7334366486039,202.64909345189525,154.8735992951053,False,117.89999999999998,-4.8792863323135345,8.353244347068093,1384.5129843544225,211.6706623604699,9.673888888886763,329.70999999999583,-3.6635328757080527,6.516705003947145,-6.220452294181314,9.021568908574636
428314.0,-0.7682,0.1022,9.4484,0.0483,0.0021,9.8065,0.0505,0.033,-0.0469,120.58,-86.29,143.71,53.04271,-1.796815,11.48,16.0,329.27,19 / 19,-0.939031139316134,1.639454621782668,0.2272176264356767,1390.6256974188077,202.8228931501405,154.9014241691586,False,118.0,-4.945695024075777,8.305046943947866,1384.018250395382,212.49350481835927,9.666111111111112,329.226,-4.006663884759643,6.665592322165199,-6.6074470234257205,9.670611668218783
428414.0,0.5083,-1.8278,9.7488,0.0526,0.0065,9.8065,0.127,-0.0474,-0.1279,120.34,-86.34,143.55,53.04271,-1.796815,11.48,16.0,329.27,19 / 19,-0.9695500215291942,1.6900334110109334,0.20641262643568378,1390.5302683607654,202.9893675517801,154.92310568180216,False,118.09999999999997,-4.989166959947066,8.339593325011574,1383.516830842348,213.3274667679055,9.718055555552514,329.1100000000068,-4.0196169384178715,6.6495599140006405,-7.013437518417277,10.338099216125386
428514.0,0.2684,-0.8618,10.2942,-0.0287,-0.0035,9.8066,-0.0124,-0.0098,0.227,124.62,-86.4,148.49,53.04271,-1.796815,11.48,16.0,329.27,May-22,-1.0672877862768044,1.7222741255951515,0.2278976264356887,1390.4284264703751,203.15998292861045,154.94482119444572,False,118.19999999999999,-5.0265797157570775,8.354399820520454,1383.015411289251,214.1614287175129,9.749999999998602,328.9660000000063,-3.959291929480273,6.6321256949253025,-7.413015181124138,11.001445788902458
428615.0,-0.2349,-0.0566,11.4232,-0.0272,0.0278,9.8065,-0.0217,-0.1177,0.1544,130.81,-86.28,154.89,53.04271,-1.796815,11.48,16.0,329.27,May-22,-1.0684692164523133,1.7378264158807286,0.33415467643568775,1390.3205707417374,203.33471800595498,154.97320483574072,False,118.30099999999999,-5.1608862806039495,8.45833952082836,1382.4887201906852,215.0261916620294,9.908494444439937,328.61042000000464,-4.092417064151636,6.720513104947631,-7.8318505510521845,11.691473656074407
428715.0,-0.4342,0.1969,9.7254,-0.016,0.0155,9.8066,0.0525,-0.0907,0.0131,131.41,-86.22,155.46,53.04271,-1.796815,11.48,16.0,329.27,May-22,-1.0053424594430027,1.7474034402601437,0.41091967643566163,1390.2168801579426,203.50897949876196,155.01045855338427,False,118.40099999999995,-5.264739879696283,8.575673606169183,1381.9671101436165,215.88250379211902,10.06278611110986,328.45359000000064,-4.259397420253281,6.828270165909039,-8.249770014326032,12.373524293357065
428815.0,-0.9214,-2.222,9.2046,-0.0083,-0.0158,9.8066,0.0371,0.039,-0.0103,132.78,-86.06,156.67,53.04271,-1.796815,11.48,16.0,329.27,May-22,-0.8484688730359767,1.5766638818609795,0.3202414749703058,1390.1241895913186,203.67518286486805,155.04701661095459,False,118.50099999999998,-5.315217600774501,8.644708087326231,1381.4322626203411,216.75004660957273,10.1480305555554,328.4145999999999,-4.4667487277385245,7.0680442054652515,-8.69192697097742,13.074863744704686
428915.0,0.2442,-1.1153,9.1973,-0.0062,-0.0337,9.8065,0.0327,-0.2616,0.1487,131.49,-86.04,155.38,53.04271,-1.796815,11.48,16.0,329.27,May-22,-0.9129374572214697,1.7021611986300391,0.2596714749702921,1390.0361192748057,203.83912411889264,155.0760122584516,False,118.601,-5.391300522414919,8.822371869369373,1380.8972813851979,217.63960602335922,10.33926388888187,328.5711600000107,-4.478363065193449,7.1202106707393344,-9.138837889607885,13.80048190446658
429014.0,2.5921,-1.2414,9.4451,0.0113,-0.007,9.8066,-0.0662,-0.1521,0.0071,131.17,-86.27,153.99,53.04271,-1.796815,11.48,16.0,329.27,May-22,-1.057572394734252,1.6625871906586427,0.21161192497029724,1389.9385790371339,204.00567916416242,155.09934078674866,False,118.69999999999999,-5.482020504632204,8.907065059648147,1380.3545448609493,218.52026984237773,10.458888888883601,328.3890000000081,-4.424448109897952,7.244477868989504,-9.58403417618456,14.514590678215313
429114.0,0.5105,0.0675,10.6428,-0.0073,0.0253,9.8066,-0.105,0.0011,0.0112,128.64,-86.36,152.81,53.04271,-1.796815,11.48,16.0,329.27,May-22,-1.166854045501131,1.573667599187633,0.23534192497028916,1389.8273577151222,204.16749190365468,155.12168847924568,False,118.79999999999995,-5.563192840167606,9.053459160380735,1379.7996405555568,219.43206823967057,10.626111111106166,328.4299999999988,-4.396338794666475,7.479791561193101,-10.027717159565327,15.264576336015892
429215.0,0.5983,-0.2647,10.1574,-0.0116,-0.0088,9.8066,0.0189,-0.1099,0.2023,128.65,-86.53,153.13,53.04271,-1.796815,11.48,16.0,329.27,May-22,-1.1729500065726006,1.5266801628507147,0.2952803749702887,1389.7091976104925,204.32405946563762,155.14848490539268,False,118.90099999999995,-5.688776310577346,9.08834339748499,1379.2190635689988,220.35309581799783,10.72194999999875,327.95578999999435,-4.5158263040047455,7.561663234634276,-10.490134041493775,16.029036352360208
429315.0,-2.615,-0.6725,9.7056,-0.0138,-0.0245,9.8066,0.0498,-0.2644,0.1227,131.83,-86.63,156.66,53.04271,-1.796815,11.48,16.0,329.27,May-22,-1.1038271038657375,1.621050806027025,0.30776537497029166,1389.5953587549707,204.48144601408154,155.1786371928897,False,119.00099999999998,-5.673449636330219,9.19702485641432,1378.6573399576425,221.2761249040631,10.80616944444435,328.33045000000004,-4.569622532464482,7.575974050387295,-10.93801879732814,16.794678889981554
429414.0,2.1185,0.609,10.0748,-0.0466,-0.0047,9.8065,-0.052,-0.3814,0.2722,133.31,-86.63,155.21,53.04271,-1.796815,11.48,16.0,329.27,May-22,-1.0570991235442917,1.6309956606307137,0.31603682497029084,1389.488392906714,204.6424223141811,155.20951540178677,False,119.09999999999997,-5.743064114713397,9.290106835858914,1378.088128481049,222.20082191442043,10.9219444444376,328.27600000000325,-4.685964991169106,7.659111175228201,-11.400264425665,17.55839960023934
429514.0,-2.8739,-1.4323,8.7359,-0.0062,0.0173,9.8066,-0.1127,0.331,-0.0947,131.44,-86.71,156.37,53.04271,-1.796815,11.48,16.0,329.27,18 / 18,-1.0305897635748449,1.6764301969439734,0.2759068249702818,1389.384008462358,204.80779360705986,155.23911258428382,False,119.19999999999999,-5.8152584514461285,9.44074918350284,1377.5064817994817,223.14597878969835,11.088055555548285,328.367999999996,-4.784668687871283,7.764318986558866,-11.877526662876335,18.338185182638483
429615.0,0.3906,1.191,9.4445,0.0073,-0.0089,9.8066,-0.0186,-0.1163,0.0286,135.52,-86.76,157.89,53.04271,-1.796815,11.48,16.0,329.27,18 / 18,-0.9249937532116593,1.7638433251012757,0.20354537497028252,1389.2852514947604,204.98152741992314,155.26332492038082,False,119.30099999999999,-5.883607986548344,9.521727181075569,1376.9122662011016,224.11192911744584,11.192861111106021,328.2874799999957,-4.958614233336685,7.757883855974294,-12.372985293658758,19.1304016975227
429714.0,0.8725,-0.1604,9.1997,0.0326,-0.0098,9.8065,-0.0463,0.1192,0.0447,136.0,-87.24,159.24,53.04271,-1.796815,11.48,16.0,329.27,18 / 18,-0.8995681701314089,1.6702776155054535,0.15557492497028763,1389.1949356795549,205.15151640648315,155.28110137522788,False,119.39999999999998,-5.949936263643865,9.684355437954574,1376.3298172482337,225.06965102177514,11.366111111108525,328.43399999999787,-5.050368093512456,8.01407782244912,-12.865118431321207,19.91813461529199
429814.0,-1.3191,-1.7437,9.7709,0.0203,0.004,9.8066,-0.0143,0.025,-0.1957,140.7,-87.4,164.63,53.04271,-1.796815,11.48,16.0,329.27,18 / 18,-0.9065459837625338,1.7396335058106636,0.12343992497028033,1389.10462997186,205.322011962549,155.2950521177249,False,119.5,-5.933096927218719,9.831527131844934,1375.7347993786059,226.05928586887802,11.483055555555556,328.89,-5.026550943456185,8.09189362603427,-13.369830593254164,20.737273906329023
429914.0,0.7742,-0.4662,10.7497,0.0415,0.0602,9.8063,0.0483,0.2193,-0.2943,133.26,-87.15,159.27,53.04271,-1.796815,11.48,16.0,329.27,18 / 18,-0.9197618125916693,1.8221481836705276,0.16880492497026492,1389.0133145820423,205.500101047023,155.30966436022192,False,119.59999999999997,-6.094834247393073,9.88612212245442,1375.1264103208825,227.0600402083335,11.61388888888123,328.34600000003184,-5.175072434801404,8.063973938783892,-13.88690426115977,21.559939161310496
430014.0,-0.8558,-0.5668,10.2504,-0.0342,0.0092,9.8066,0.0655,0.2236,-0.0883,141.07,-86.64,162.6,53.04271,-1.796815,11.48,16.0,329.27,18 / 18,-0.9133704697643621,1.844246949512194,0.23814492497028084,1388.9216579679246,205.6834208036822,155.33001185271894,False,119.69999999999999,-6.059384808520755,10.006415917952117,1374.5180212631403,228.0719140402874,11.698055555551871,328.80299999998005,-5.146014338756393,8.162168968439923,-14.403636704784276,22.3884932366052
430114.0,2.4675,2.0119,10.4313,0.0222,0.0055,9.8066,-0.0196,0.189,-0.2119,136.01,-86.37,160.82,53.04271,-1.796815,11.48,16.0,329.27,18 / 18,-0.8826869467836089,1.719657090429762,0.2915649249702627,1388.8318550970973,205.86161600567922,155.35649734521596,False,119.79999999999995,-6.140581232866771,10.127732526820008,1373.909632205399,229.08378787365598,11.843888888884578,328.771000000001,-5.257894286083163,8.408075436390247,-14.922222891698311,23.222171867976755
430214.0,-0.3443,-0.4187,9.4851,0.0205,-0.0129,9.8066,0.0661,0.2307,-0.2419,131.54,-86.42,155.96,53.04271,-1.796815,11.48,16.0,329.27,18 / 18,-0.8705619648694578,1.5757849009987899,0.3067199249702662,1388.7441926515146,206.0263881052507,155.38641158771298,False,119.89999999999998,-6.156753028936514,10.2198730171333,1373.294557553654,230.10678119874314,11.931111111109821,328.93399999999764,-5.286191064067056,8.644088116134512,-15.449635097860664,24.080393093492432
430314.0,2.3066,1.088,9.744,0.0222,-0.0156,9.8065,0.0461,0.1641,-0.1002,129.03,-86.46,153.28,53.04271,-1.796815,11.48,16.0,329.27,18 / 18,-0.8691886155646432,1.4682927742289584,0.28750992497026184,1388.6572051224928,206.17859198901212,155.41612308021,False,120.0,-6.261880769103712,10.2578023265195,1372.6661117137946,231.14089401625614,12.018055555555556,328.598,-5.392692153539069,8.789509552290541,-15.991093408698134,24.96230202724402
430414.0,-1.3569,-1.4206,9.2688,0.0228,0.013,9.8065,-0.1081,0.3476,-0.2718,126.5,-86.44,150.64,53.04271,-1.796815,11.48,16.0,329.27,18 / 18,-0.8798808816732245,1.4324131011878487,0.25748492497027214,1388.569751647631,206.32362728278292,155.44337282270703,False,120.09999999999997,-6.389437686661653,10.374113673216675,1372.024294685895,232.18612632611834,12.18388888887918,328.3710000000133,-5.509556804988429,8.941700572028825,-16.54545696173591,25.86249904333542
430514.0,4.6831,-2.3412,9.2944,0.0117,-0.0031,9.8066,-0.1472,-0.1378,0.0818,126.05,-86.49,146.99,53.04271,-1.796815,11.48,16.0,329.27,0 / 18,-1.092421400375386,1.4009024538803398,0.20497992497026027,1388.4711365335286,206.46529306053637,155.46649606520407,False,120.19999999999999,-6.3621810535270855,10.526758866907493,1371.3958488460087,233.2424781298968,12.299999999994919,328.85199999997894,-5.2697596531516995,9.125856413027153,-17.075287687519904,26.777185069360428
430614.0,-2.6035,0.5036,10.0193,0.0618,-0.026,9.8064,0.0117,0.2544,-0.1539,121.71,-87.09,145.28,53.04271,-1.796815,11.48,16.0,329.27,0 / 18,-1.198105252482085,1.3716537910470856,0.18999992497026538,1388.3566102008858,206.60392087278268,155.4862450577011,False,120.29999999999995,-6.460563527503899,10.450341867214865,1370.7473462240596,234.2877104398355,12.28611111111152,328.27500000001703,-5.262458275021814,9.07868807616778,-17.60926397682624,27.683789567052827
430714.0,-1.0072,-0.872,9.7137,-0.0004,-0.0131,9.8066,0.037,-0.3121,0.1594,122.37,-87.24,143.35,53.04271,-1.796815,11.48,16.0,329.27,0 / 18,-1.081000288665447,1.5298937247069553,0.19598492497026673,1388.2426549238285,206.74899824857042,155.50554430019812,False,120.39999999999998,-6.573944003743969,10.59772959559025,1370.0921580079998,235.35518173603964,12.471111111108376,328.18800000000135,-5.492943715078521,9.067835870883295,-18.150496915828626,28.606183487469224
430814.0,-1.4316,-0.1253,10.3049,0.04,0.0019,9.8065,0.0885,0.0207,0.0657,122.01,-87.42,146.39,53.04271,-1.796815,11.48,16.0,329.27,0 / 18,-1.0211224304060764,1.6545466762204828,0.21624992497027137,1388.137548787875,206.90822026861682,155.52615604269516,False,120.5,-6.669957383309542,10.639009459799286,1369.4235986039055,236.4226530322444,12.556944444444444,327.915,-5.648834952903465,8.984462783578804,-18.713950183969473,29.514432763627582
430914.0,0.5085,-0.9209,9.9995,-0.0056,-0.0214,9.8066,0.1068,-0.3436,0.194,127.8,-87.55,154.03,53.04271,-1.796815,11.48,16.0,329.27,0 / 18,-1.003684229098119,1.7197108954475382,0.25080492497025964,1388.0363084548999,207.07693314720015,155.5495087851922,False,120.59999999999997,-6.78747767205929,10.755421143091242,1368.741668011774,237.50124382008843,12.718055555546123,327.74500000000995,-5.783793442961171,9.035710247643705,-19.2946404431259,30.424310672888282
431015.0,4.0202,1.2791,10.1449,0.0082,0.0211,9.8066,-0.0739,-0.2061,0.1584,133.25,-87.6,158.62,53.04271,-1.796815,11.48,16.0,329.27,0 / 18,-1.1119489659181712,1.5251310436712953,0.2776254749702594,1387.9294689785515,207.24079766512565,155.57619452038918,False,120.70099999999996,-6.933703733466739,10.801541892762831,1368.0394132137035,238.60174000973066,12.835480555553449,327.302870000005,-5.821754767548568,9.276410849091535,-19.890055764848057,31.360942344605007
431114.0,-2.4537,-1.4686,9.9374,-0.0436,-0.0213,9.8065,-0.0423,-0.2525,0.1419,135.13,-87.82,162.33,53.04271,-1.796815,11.48,16.0,329.27,0 / 18,-1.1325378957261292,1.4612985196263317,0.300840974970257,1387.8183668789002,207.38862592850887,155.60482860966124,False,120.79999999999995,-6.980557907615488,10.827969881095953,1367.351064451211,239.6695448897742,12.883055555554133,327.1910000000033,-5.848020011889359,9.36667136146962,-20.46730242768922,32.280918961265314
431215.0,1.3879,1.6791,10.1327,-0.0505,-0.0541,9.8063,0.0604,-0.3174,0.2088,131.17,-87.8,153.78,53.04271,-1.796815,11.48,16.0,329.27,0 / 18,-1.0435819556954073,1.480382708428583,0.3239093749702569,1387.7084728264033,207.53718083052564,155.63637850233323,False,120.90099999999995,-7.081375521208092,10.907818105771854,1366.6352378972317,240.78127176606574,13.00486111111132,327.0082900000041,-6.037793565512684,9.42743539734327,-21.073234929171576,33.2440909355401
431315.0,-0.7791,-0.4156,9.918,-0.0072,-0.0003,9.8066,-0.043,0.1166,-0.0966,127.43,-87.69,152.61,53.04271,-1.796815,11.48,16.0,329.27,0 / 18,-0.9827334489592394,1.406651939556074,0.3457793749702619,1387.6071570561705,207.6815325629249,155.66986293983027,False,121.00099999999998,-7.125873494112179,10.86336248170259,1365.9198124788797,241.87098204712814,12.991949999999932,326.73696000000024,-6.14314004515294,9.456710542146515,-21.687344577290787,34.18944948420324
431415.0,-0.4047,-1.3626,9.5751,-0.0287,-0.0277,9.8065,0.0013,-0.0567,0.1322,119.67,-87.71,145.88,53.04271,-1.796815,11.48,16.0,329.27,0 / 18,-0.9878477716962567,1.495415338675864,0.3397693749702606,1387.5086279951377,207.82663592683653,155.7041403773273,False,121.101,-7.2282409655137405,10.895049691386204,1365.1978351784808,242.96069232880598,13.074769444445783,326.4380099999883,-6.240393193817484,9.39963435271034,-22.310792816656885,35.134056401969445
431516.0,0.3941,-0.2494,10.5836,0.0123,-0.0051,9.8066,0.0804,0.116,-0.0204,122.5,-87.85,149.03,53.04271,-1.796815,11.48,16.0,329.27,18 / 18,-1.0212703344944785,1.5326478674791049,0.36731207497026047,1387.407167530775,207.97955311874736,155.7398479905493,False,121.202,-7.179123499380795,10.900439277807829,1364.4750556066574,244.06129971267237,13.052183333332815,326.63076000001354,-6.157853164886316,9.367791410328724,-22.932111924117635,36.081746593925004
431615.0,0.8056,0.4233,9.0765,-0.0223,0.0311,9.8065,-0.1027,-0.0756,-0.0518,123.56,-87.68,149.78,53.04271,-1.796815,11.48,16.0,329.27,18 / 18,-1.0100892841545572,1.472287717112837,0.3696286749702603,1387.306615229652,208.12829743018466,155.77632655767135,False,121.30099999999999,-7.244069647803302,10.872808396072763,1363.7536800096289,245.1403352807725,13.065011111107847,326.32622999999643,-6.233980363648745,9.400520678959927,-23.552935220023073,37.01203785058783
431715.0,-0.5772,0.5929,9.2797,-0.0126,-0.0114,9.8065,-0.1319,-0.0066,-0.0151,116.36,-87.71,141.03,53.04271,-1.796815,11.48,16.0,329.27,18 / 18,-0.9381293190156044,1.4359320353844935,0.30677367497028174,1387.2092042994934,208.27370841780947,155.81014667516837,False,121.40099999999995,-7.282732323142377,10.979935814831762,1363.0315021413057,246.25206215752425,13.17563055555627,326.444610000005,-6.344603004126773,9.54400377944727,-24.177702158187685,37.97835373971478
431814.0,0.875,-1.6813,8.9824,-0.0097,-0.0483,9.8065,-0.1233,-0.0496,0.0215,105.31,-87.96,130.06,53.04271,-1.796815,11.48,16.0,329.27,18 / 18,-0.9539829083224426,1.4308367068621566,0.23988927497025048,1387.1155447442402,208.41561347055074,155.83720649119044,False,121.5,-7.320397076245283,10.897597410248398,1362.3034409502468,247.3308753350698,13.128055555555555,326.10900000000004,-6.36641416792284,9.466760703386242,-24.8121037939934,38.91526186451907
431914.0,0.6501,-1.5744,9.7539,0.0362,-0.0281,9.8065,0.022,0.1216,-0.1845,94.98,-88.17,118.88,53.04271,-1.796815,11.48,16.0,329.27,18 / 18,-1.091643108487422,1.3943208850059077,0.1960392749702655,1387.0132634433996,208.5568713501441,155.85900291868745,False,121.59999999999997,-7.386375940965974,10.97139305567091,1361.5680256057703,248.43170510917815,13.226111111105368,326.0500000000035,-6.294732832478552,9.577072170665003,-25.445237837629293,39.87483375903406
432014.0,0.4456,-0.6277,10.0694,-0.0046,-0.0048,9.8066,0.0345,-0.0028,-0.0674,87.36,-88.13,112.45,53.04271,-1.796815,11.48,16.0,329.27,18 / 18,-0.9934665598682099,1.1557198473929087,0.17555838372472773,1386.9090079599819,208.68437338676407,155.8775828016222,False,121.69999999999999,-7.4362665852095065,10.965171957784953,1360.8259246672103,249.53253488407458,13.248888888887894,325.85600000000846,-6.442800025341296,9.809452110392044,-26.083083292771562,40.848161497310514
432114.0,2.1477,0.0394,11.4263,0.02,0.0457,9.8065,0.0447,0.2979,-0.2797,93.02,-87.75,117.11,53.04271,-1.796815,11.48,16.0,329.27,18 / 18,-0.993274198120218,1.039880280303738,0.26967838372469566,1386.8096709220824,208.79415339314886,155.89984463999465,False,121.79999999999995,-7.446852854776587,11.039166530255336,1360.0838237286498,250.6333646575557,13.316111111109123,325.99699999999586,-6.453578656656369,9.999286249951599,-26.725847193432628,41.83921126440683
432214.0,-3.2509,-0.8409,8.8673,-0.019,0.0105,9.8065,-0.0516,0.3062,-0.1477,97.2,-87.44,123.56,53.04271,-1.796815,11.48,16.0,329.27,18 / 18,-0.9829001477100793,1.1112925097488202,0.30369338372470345,1386.7108622047908,208.90171203265152,155.92851322836714,False,121.89999999999998,-7.418150302251581,11.16901964695346,1359.3417227900893,251.7564334158881,13.408055555554196,326.4089999999939,-6.435250154541501,10.05772713720464,-27.36913941470152,42.85472138323658
432314.0,1.7084,1.8433,9.3581,0.037,-0.0016,9.8066,-0.0049,0.0628,-0.0579,97.13,-87.58,121.0,53.04271,-1.796815,11.48,16.0,329.27,18 / 18,-0.8875467303990916,1.1925751453722937,0.23429838372468775,1386.6173398608853,209.0169054154076,155.95541281673962,False,122.0,-7.408210010857721,11.241543013617068,1358.6063074455324,252.890621667354,13.463055555555554,326.615,-6.5206632804586295,10.048967868244775,-28.01103241535293,43.873716251946405
432414.0,-0.8521,-2.5042,10.3096,-0.0361,-0.0034,9.8065,0.0513,0.3354,-0.1832,96.42,-87.61,121.82,53.04271,-1.796815,11.48,16.0,329.27,18 / 18,-0.8905890654776449,1.1639066601748858,0.2370183837246869,1386.5284330710915,209.1347295056849,155.9789786551121,False,122.09999999999997,-7.40828438434175,11.349124960654473,1357.8642065070526,254.0248099194442,13.553055555550285,326.86499999998534,-6.517695318864105,10.185218300479587,-28.664226564038927,44.89008041375931
432514.0,-0.0882,0.0156,10.0074,-0.0403,-0.0079,9.8065,0.0518,-0.1463,0.0778,99.41,-87.27,122.61,53.04271,-1.796815,11.48,16.0,329.27,0 / 18,-0.972786708317462,1.2349431595155955,0.27220338372469494,1386.4352642824017,209.25467199666946,156.00443974348457,False,122.19999999999999,-7.373188543339638,11.39677806541136,1357.1287911625489,255.17011766333525,13.573888888887979,327.09899999998976,-6.400401835022176,10.161834905895764,-29.306473119852853,45.91544566666579
432614.0,1.9884,0.803,10.0964,0.0274,0.0264,9.8065,0.0307,-0.0192,-0.017,103.81,-87.36,127.17,53.04271,-1.796815,11.48,16.0,329.27,0 / 18,-0.9194801622341988,1.141168152728994,0.29672838372468663,1386.3406509388742,209.37347756228164,156.03288633185701,False,122.29999999999995,-7.434541053666297,11.431147167098679,1356.3866902239886,256.32654490106614,13.636111111109273,326.9610000000041,-6.515060891432098,10.289979014369685,-29.953960714885625,46.95306733878451
432714.0,0.888,-0.358,8.6938,0.0012,-0.0328,9.8066,-0.1076,-0.258,0.2765,97.45,-87.5,120.99,53.04271,-1.796815,11.48,16.0,329.27,0 / 18,-0.8913436694520562,1.0020828064493579,0.25557338372467725,1386.2501097472898,209.48064011024059,156.06050142022949,False,122.39999999999998,-7.476382795672125,11.478817756314276,1355.6379036913982,257.4718526449581,13.698888888887963,326.92300000000057,-6.585039126220068,10.476734949864918,-30.612206055891647,47.99121253471753
432814.0,2.6757,1.0253,10.4687,0.0486,0.0077,9.8065,0.0353,-0.282,0.0664,96.04,-87.7,120.15,53.04271,-1.796815,11.48,16.0,329.27,0 / 18,-0.8421855325261809,0.8331523827569436,0.23303338372467217,1386.1634332871909,209.5724018697009,156.08493175860195,False,122.5,-7.425724469744027,11.50834808594813,1354.8958027528372,258.62827988269,13.69611111111111,327.168,-6.583538937217845,10.675195703191186,-31.267630534353657,49.05587801298907
432914.0,0.3345,-0.2027,9.3182,0.0157,0.0374,9.8065,0.0472,-0.0049,0.0718,101.99,-87.98,122.78,53.04271,-1.796815,11.48,16.0,329.27,0 / 18,-0.7825399712045358,0.6902338698210171,0.24171338372466922,1386.0821970120044,209.6485711823298,156.1086690969744,False,122.59999999999997,-7.501947631867225,11.650566126368304,1354.1470162203013,259.8069461051869,13.856944444435028,327.2219999999968,-6.719407660662689,10.960332256547286,-31.935180791703033,50.15837492285712
433014.0,0.2973,-0.5639,9.4805,-0.0206,-0.0144,9.8066,-0.0507,0.0571,-0.1441,95.57,-87.86,119.93,53.04271,-1.796815,11.48,16.0,329.27,0 / 18,-0.7893506764862641,0.6738396719463255,0.20098338372465993,1386.0036024796198,209.71677485941817,156.13080393534688,False,122.69999999999999,-7.495695509436959,11.745969878967585,1353.4049152817138,260.9856123270629,13.93388888888552,327.4559999999898,-6.706344832950695,11.07213020702126,-32.598687197905974,51.268837467644715
433114.0,0.4474,1.0872,9.7439,-0.0169,-0.0344,9.8066,-0.0465,-0.1354,0.0297,91.41,-87.65,114.18,53.04271,-1.796815,11.48,16.0,329.27,0 / 18,-0.7300161615639063,0.6512957673571309,0.18153838372466657,1385.9276341377172,209.78303163138332,156.14993002371935,False,122.79999999999995,-7.543210150128478,11.75381811152756,1352.6494431550932,262.16427854964553,13.966111111110159,327.30900000000435,-6.813193988564572,11.102522344170428,-33.27819098262398,52.38124691826221
433214.0,2.5104,-0.22,9.2617,0.0405,-0.0109,9.8065,-0.0787,-0.0187,0.0176,85.7,-87.74,108.66,53.04271,-1.796815,11.48,16.0,329.27,0 / 18,-0.6440210946791656,0.5177750178372228,0.1511533837246597,1385.858932274905,209.84148517064307,156.16656461209183,False,122.89999999999998,-7.540539548300443,11.746950341806404,1351.9006566224757,263.3429447729362,13.958888888888996,327.3030000000001,-6.896518453621278,11.22917532396918,-33.95827565242939,53.50145960229315
433314.0,1.4111,-0.6162,9.3115,-0.0125,-0.0022,9.8065,-0.0028,-0.2628,0.1002,80.58,-87.65,106.09,53.04271,-1.796815,11.48,16.0,329.27,0 / 18,-0.6323348249964295,0.3364272510386678,0.09914838372464793,1385.7951144789213,209.88419528408687,156.1790797004643,False,123.0,-7.502836300775718,11.818474417928014,1351.1518700898582,264.53273048653034,13.998888888888889,327.591,-6.870501475779289,11.482047166889346,-34.64324438906306,54.64853520244347
433414.0,1.5517,1.2992,10.7655,0.0126,0.0249,9.8065,0.1365,-0.2128,0.0797,78.44,-87.64,102.6,53.04271,-1.796815,11.48,16.0,329.27,0 / 18,-0.5411612592529148,0.22008791350078596,0.12233338372464009,1385.736439674709,209.91202104231382,156.19015378883677,False,123.09999999999997,-7.482550685352318,11.842172760462892,1350.4097691513784,265.72251620286676,14.00805555555502,327.71299999999286,-6.941389426099403,11.622084846962107,-35.32667052333045,55.81049516055293
433514.0,-0.0511,0.6377,10.1809,-0.0028,0.009,9.8066,0.0401,-0.066,0.0114,81.12,-87.63,103.9,53.041702,-1.795467,15.85,32.0,100.22,18 / 18,-0.39993553934635784,0.1856935328335626,0.18898838372465523,1385.6893848347788,209.93231011463055,156.20571987720925,False,123.19999999999999,-7.4152938273649465,11.999824504247288,1349.6676682127913,266.9234214103007,14.106111111106818,328.28599999997493,-7.0153582880185885,11.814130971413725,-36.02171662198748,56.99111129567015
433614.0,-0.099,0.6772,9.3287,0.018,-0.0023,9.8066,-0.0604,0.0713,0.0393,85.34,-87.62,108.05,53.041702,-1.795467,15.85,32.0,100.22,18 / 18,-0.3033499080638601,0.22007003049423493,0.18380338372465702,1385.6542205624082,209.95259829279695,156.2243594655817,False,123.29999999999995,-7.482591073773069,11.997934439838517,1348.9255672742577,268.12432661844207,14.139999999998999,328.050000000007,-7.179241165709208,11.777864409344282,-36.728653288150554,58.17172832564512
433714.0,1.304,1.2389,9.2993,0.0119,0.0084,9.8066,-0.0701,-0.1319,0.1382,91.15,-87.84,111.51,53.041702,-1.795467,15.85,32.0,100.22,18 / 18,-0.17570981010980402,0.17767768673308884,0.13453838372464588,1385.6302675764996,209.97248567865833,156.24027655395417,False,123.39999999999998,-7.466455250643543,12.035123126078973,1348.1767807416404,269.336351318302,14.163055555555214,328.184999999998,-7.290745440533739,11.857445439345884,-37.45348683485918,59.36386563964365
433815.0,0.2593,1.7195,9.7459,0.0372,0.0096,9.8065,0.0338,-0.0519,0.0306,86.89,-88.28,111.13,53.041702,-1.795467,15.85,32.0,100.22,18 / 18,0.0061074638715139075,0.100541242697191,0.08997193366594933,1385.6217026580146,209.98653573459455,156.2516143249824,False,123.50099999999998,-7.462408078551463,12.04953052843334,1347.4272587936948,270.5602738760185,14.173169444444504,328.2296000000001,-7.468515542422977,11.94898928573615,-38.19444386431974,60.57373814142397
433914.0,0.1673,-0.8968,8.9072,0.0032,-0.0155,9.8066,0.0467,-0.2307,0.0326,82.99,-88.42,103.6,53.041702,-1.795467,15.85,32.0,100.22,18 / 18,0.0811122066152463,0.09680273115389068,0.04244203366595442,1385.6260200317035,209.99630426130017,156.25816881636533,False,123.59999999999997,-7.453888527798182,11.970980867475935,1346.6925788645735,271.7381617337914,14.101944444448657,328.0910000000082,-7.535000734413428,11.874178136322044,-38.93344116713001,61.74185747249123
434015.0,-1.2036,0.5809,9.0648,0.0151,0.0074,9.8066,-0.0618,-0.0058,0.0346,74.95,-88.31,99.27,53.041702,-1.795467,15.85,32.0,100.22,18 / 18,0.0806038454738754,0.17096058699945477,-0.040443616334044794,1385.634186692334,210.0098263088669,156.25826973644058,False,123.70099999999996,-7.524987489667076,11.974857049744585,1345.9296188726264,272.9510759940067,14.142936111111634,327.85478999999657,-7.605591335140952,11.803896462745131,-39.70456781970756,62.94124968513981
434114.0,-0.9917,0.0462,10.4675,-0.0123,-0.0098,9.8066,0.0949,-0.3373,0.0591,78.36,-87.97,99.1,53.041702,-1.795467,15.85,32.0,100.22,18 / 18,0.11466349883809461,0.3070782782938278,-0.04445311633404435,1385.6438524258774,210.0334892326989,156.25406734817352,False,123.79999999999995,-7.502356455454679,11.975097028829259,1345.1883202053089,274.13997214936666,14.131111111111464,327.9329999999977,-7.617019954292774,11.668018750535431,-40.45553222056856,64.10648291666774
434214.0,0.8695,1.0356,10.7752,-0.0083,0.0164,9.8065,0.0613,-0.3879,0.1924,81.06,-87.83,100.44,53.041702,-1.795467,15.85,32.0,100.22,18 / 18,0.19573004210740705,0.3423999872564295,0.03701688366597419,1385.6593721029246,210.06596314597644,156.2536955365401,False,123.89999999999998,-7.309406861131886,11.935815748119673,1344.4595904548348,275.32975786508325,13.996111111113107,328.51699999999136,-7.5051369032392925,11.593415760863243,-41.19978164808981,65.26379471910681
434314.0,-0.1521,-1.3486,10.937,0.0081,0.0381,9.8065,-0.0019,0.1845,-0.1078,86.61,-87.45,108.94,53.041702,-1.795467,15.85,32.0,100.22,18 / 18,0.21819202529357584,0.33000012273860974,0.14196188366599807,1385.6800682062947,210.0995831514762,156.26264447490672,False,124.0,-7.279095274166005,12.045294535477504,1343.7375462984182,276.5417825656505,14.073888888888888,328.855,-7.497287299459581,11.715294412738894,-41.942521907876426,66.44219941417433
434414.0,-0.1917,0.0345,10.2382,-0.0031,0.0028,9.8066,-0.015,0.0879,-0.0401,87.75,-86.84,111.48,53.041702,-1.795467,15.85,32.0,100.22,18 / 18,0.18517940076402284,0.36024710416337746,0.2200568836659715,1385.7002367775976,210.1340955128213,156.2807454132733,False,124.09999999999997,-7.211105313272421,12.001294617944037,1343.022187736058,277.7426877729971,14.001111111115373,328.99999999999153,-7.396284714036444,11.64104751378066,-42.67804904153968,67.60859226017581
434515.0,-4.6247,-0.7981,9.0436,-0.0183,0.0013,9.8065,0.05,-0.3898,0.1482,87.69,-86.6,111.06,53.041702,-1.795467,15.85,32.0,100.22,0 / 19,0.17075324432526362,0.6185712826243787,0.20331613366597173,1385.7182113761746,210.18352584135408,156.30212575064857,False,124.20099999999996,-7.255631647235964,11.89762270373064,1342.2862375440209,278.9444825407806,13.935480555553447,328.62353999999766,-7.426384891561227,11.279051421106262,-43.431973832153744,68.76095669942652
434614.0,1.8462,1.2847,9.3501,0.056,0.0088,9.8065,-0.0071,-0.5258,0.2739,88.49,-86.47,107.65,53.041702,-1.795467,15.85,32.0,100.22,0 / 19,0.22136275714846185,0.7723365372532958,0.14294593366597813,1385.7376211182475,210.25237577843802,156.3192657229815,False,124.29999999999995,-7.269260230783765,11.94502818610567,1341.5714138291426,280.13337869544023,13.983055555554134,328.67699999999843,-7.490622987932227,11.172691648852375,-44.16620728910493,69.8810029170022
434715.0,-3.3425,-1.47,9.1559,0.0868,-0.0063,9.8062,-0.0985,-0.1202,0.1083,77.76,-86.98,101.91,53.041702,-1.795467,15.85,32.0,100.22,0 / 19,0.21263771802946574,0.8494915868650934,0.0870272836659787,1385.759538142244,210.334278098706,156.33087937045676,False,124.40099999999995,-7.348674184962015,11.894250284238979,1340.8286443311943,281.3351734632308,13.981280555555305,328.2908099999988,-7.5613119029914815,11.044758697373885,-44.93089381104983,71.00089536452478
434815.0,3.0631,1.8467,9.3258,0.0626,-0.0202,9.8063,-0.0468,-0.3738,0.2968,77.85,-86.99,98.24,53.041702,-1.795467,15.85,32.0,100.22,0 / 19,0.25806661061373815,0.8891568817626062,0.030447283665965892,1385.7830733586763,210.4212105221374,156.33675309882335,False,124.50099999999998,-7.338973828527022,11.91831373657532,1340.0934295545119,282.5359674757403,13.996675000000113,328.37641999999954,-7.597040439140761,11.029156854812713,-45.68964380416446,72.11475695360289
434917.0,0.8259,-0.0287,9.9777,0.06,0.0503,9.8063,0.0082,0.1227,-0.094,71.48,-87.48,95.64,53.041702,-1.795467,15.85,32.0,100.22,0 / 19,0.42446856816657264,0.7401278067695868,0.014647483665969737,1385.8178826527942,210.5043040412525,156.33905293195727,False,124.60299999999995,-7.155132100325645,11.872794866398834,1339.363964388724,283.7498824897353,13.862158333329141,328.9246999999773,-7.579600668492217,11.132667059629247,-46.453918264070126,73.24557844848277
435014.0,5.5838,1.8626,9.7276,0.0105,0.0217,9.8066,-0.0434,-0.4203,0.3732,70.05,-87.47,91.63,53.041702,-1.795467,15.85,32.0,100.22,0 / 19,0.6396080086730999,0.5029341551272032,0.019109483665971542,1385.8694903667708,210.56459254640453,156.34069014487287,False,124.69999999999999,-7.112228318446732,11.97978649013757,1338.6765516094185,284.91476054094704,13.931944444441294,329.302999999983,-7.751836327119832,11.476852335010367,-47.192938757352294,74.35016799454252
435114.0,-1.9336,0.2806,10.3814,0.0615,0.0121,9.8064,-0.1592,0.4941,-0.2435,70.91,-87.69,94.01,53.041702,-1.795467,15.85,32.0,100.22,0 / 19,0.8311570817442526,0.39410505288780295,0.043894483665963144,1385.9430286212917,210.60944450680526,156.34384034323946,False,124.79999999999995,-7.256435739234405,12.092986246800466,1337.9478218589466,286.1379047339387,14.103055555550498,329.03400000000795,-8.087592820978658,11.698881193912664,-47.995206762345106,75.52846022713342
435214.0,-4.6107,-1.9217,9.9958,-0.0468,-0.0346,9.8064,0.0744,0.1057,-0.0129,73.14,-87.74,96.28,53.041702,-1.795467,15.85,32.0,100.22,0 / 19,0.6817706860909261,0.7079494519145133,0.08208948366597181,1386.0186750096834,210.66454723204538,156.35013954160607,False,124.89999999999998,-7.213535071500309,12.042919727089698,1337.2257777025031,287.3388099427886,14.038055555556516,329.0789999999993,-7.895305757591235,11.334970275175184,-48.79289730718028,76.67426271074322
435314.0,-0.8918,-0.6333,9.1051,-0.0354,-0.0156,9.8066,-0.0792,0.6316,-0.3749,70.75,-87.57,93.61,53.041702,-1.795467,15.85,32.0,100.22,0 / 19,0.5061139491973907,0.9575374646732071,0.056469483665966005,1386.0780692414478,210.7478215778748,156.35706748997268,False,125.0,-7.3281830770245,12.070770969658792,1336.4903623579464,288.55083464264874,14.121111111111112,328.73800000000006,-7.834297026221891,11.113233504985585,-49.58770688350137,77.80301306477395
435414.0,-5.3659,-4.3163,8.957,-0.0696,-0.0696,9.8061,-0.1729,0.926,-0.4045,67.0,-87.29,89.54,53.041702,-1.795467,15.85,32.0,100.22,0 / 19,0.18438880107338518,1.1784508095952255,-0.021090516334007436,1386.1125943789614,210.85462099158818,156.35883643833927,False,125.09999999999997,-7.256000854402046,12.041711190322683,1335.7616326075533,289.7517398507026,14.058888888892533,328.9279999999889,-7.440389655475432,10.863260380727457,-50.35096177140804,78.89711885911444
435514.0,0.6463,-0.7147,8.2628,-0.0953,-0.0728,9.8059,0.0691,-0.1623,0.1161,65.78,-87.1,86.79,53.041702,-1.795467,15.85,32.0,100.22,19 / 19,-0.11324009844802974,1.324707548165331,-0.14076551633403453,1386.1161518140927,210.97977890947624,156.35074363670586,False,125.19999999999999,-7.162846821438028,12.110265290760598,1335.0529596391957,290.9748840436946,14.069999999999514,329.39699999997947,-7.049606722989998,10.785557742595266,-51.06319217489704,79.99510513421836
435615.0,-4.9198,-1.9068,8.7046,-0.0104,-0.0005,9.8066,-0.0463,0.4048,-0.3191,59.76,-87.43,82.77,53.041702,-1.795467,15.85,32.0,100.22,19 / 19,-0.31748708132111436,1.4758168896112294,-0.2743834663340333,1386.0944000915144,211.12120539358395,156.32977861308112,False,125.30099999999999,-7.218035769627213,12.1589608683713,1334.3237618971561,292.19936257604695,14.140030555552235,329.3049399999885,-6.900548688306099,10.683143978760071,-51.7706381943583,81.078157182463
435715.0,1.1665,-0.1314,10.636,-0.0197,-0.002,9.8065,0.0971,-0.2968,0.1653,64.89,-87.51,84.01,53.041702,-1.795467,15.85,32.0,100.22,19 / 19,-0.481796793798035,1.6141512809981164,-0.28801846633402867,1386.0544358977586,211.27570380211435,156.30165851644773,False,125.40099999999995,-7.191484664957695,12.305392610410625,1333.6084701906839,293.444634559667,14.252725000000494,329.69724999999664,-6.709687871159661,10.691241329412508,-52.44596570707472,82.16893075755266
435815.0,0.8352,1.4181,10.6155,0.0174,0.0403,9.8065,0.0785,0.0317,-0.0042,67.96,-87.63,88.34,53.041702,-1.795467,15.85,32.0,100.22,19 / 19,-0.3563982989309283,1.5741716391938883,-0.20610846633400998,1386.0125261431222,211.435119948124,156.27695216981434,False,125.50099999999998,-7.1265210235234875,12.305671148465548,1332.8998640782688,294.67889824508507,14.220299999999975,329.9237899999997,-6.770122724592559,10.731499509271659,-53.11266206485334,83.24377829696107
435914.0,-0.3775,0.5993,10.4489,-0.0078,-0.0016,9.8066,-0.0254,0.0133,-0.0915,73.84,-87.78,97.07,53.041702,-1.795467,15.85,32.0,100.22,19 / 19,-0.22553543398918657,1.6137864168544047,-0.13427901633401745,1385.9837204233427,211.59292387189836,156.26010298942228,False,125.59999999999997,-7.060502060929121,12.377875853617413,1332.2048965777374,295.9008192935605,14.249999999998241,330.29899999997787,-6.834966626939934,10.764089436763008,-53.7788238456053,84.30789542166215
436014.0,1.0105,-0.2836,9.6312,-0.0002,-0.0256,9.8066,-0.1071,0.0328,0.0541,70.23,-87.73,92.32,53.041702,-1.795467,15.85,32.0,100.22,19 / 19,-0.17047362980987402,1.6130345162343458,-0.1109390163340121,1385.9639199701528,211.75426491855285,156.24784208778888,False,125.69999999999999,-7.037214775507636,12.490063650494024,1331.4962236094084,297.1573219645367,14.336111111107341,330.60199999998673,-6.8667411456977625,10.87702913425968,-54.46769636074441,85.40305704598387
436114.0,1.5839,-0.4735,8.9704,-0.0157,-0.0177,9.8066,-0.0237,0.0579,-0.0369,67.34,-87.43,88.92,53.041702,-1.795467,15.85,32.0,100.22,19 / 19,-0.13174045311254207,1.5051504762827852,-0.16152401633399482,1385.9488092660067,211.91017416817866,156.2342189361555,False,125.79999999999995,-7.029399053751656,12.579175209172194,1330.800921829113,298.42494412864613,14.409999999997815,330.8029999999941,-6.897658600639114,11.07402473288941,-55.147887436893825,86.51476996046748
436214.0,-2.2165,0.0666,9.4416,-0.0395,-0.0051,9.8066,0.0329,0.1522,-0.1374,58.96,-87.36,83.48,53.041702,-1.795467,15.85,32.0,100.22,19 / 19,-0.15384586138983217,1.5486698374506715,-0.22158901633400846,1385.9345299502816,212.06286518386537,156.21506328452207,False,125.89999999999998,-7.017884814252224,12.610722151463394,1330.098934454814,299.6925662927566,14.431944444444119,330.9039999999985,-6.864038952862392,11.062052314012723,-55.83559549546749,87.62970110889125
436314.0,-0.0935,-0.6852,9.6671,0.0041,0.0079,9.8066,-0.01,0.0188,0.0152,65.5,-87.29,86.89,53.041702,-1.795467,15.85,32.0,100.22,19 / 19,-0.1854478153406743,1.4151169308823446,-0.20979616388391206,1385.917565266445,212.21105452228204,156.19349402551117,False,126.0,-7.028494554253789,12.689662086467315,1329.3969470804886,300.9601884561599,14.50611111111111,331.019,-6.843046738913115,11.27454515558497,-56.52061818595644,88.74913393387789
436414.0,-0.2649,-0.5092,10.5397,0.0204,0.0189,9.8066,0.0649,0.032,0.0511,68.59,-87.46,92.8,53.041702,-1.795467,15.85,32.0,100.22,19 / 19,-0.22159846562546665,1.435648495814075,-0.18012116388392216,1385.8972129523968,212.35359279361683,156.1739981591228,False,126.09999999999997,-6.984676298758854,12.74456750079713,1328.6949597062144,302.23893011260236,14.533055555553979,331.27499999998497,-6.763077833133388,11.308919004983055,-57.20225324618241,89.88533731898553
436514.0,0.3322,1.0418,10.0281,0.0254,0.0258,9.8065,0.0138,0.0328,0.0345,79.53,-87.98,99.25,53.041702,-1.795467,15.85,32.0,100.22,0 / 20,-0.1422499875594569,1.237467998404187,-0.11253673930132455,1385.8790205297375,212.48724861832778,156.15936526396354,False,126.19999999999999,-6.918989458669586,12.765499789308507,1328.0063435200018,303.5176717698459,14.520000000000572,331.54199999998826,-6.776739471110129,11.52803179090432,-57.87267700973575,91.03042315151811
436614.0,0.8047,0.1646,10.1309,0.0188,-0.0102,9.8066,-0.0376,0.0294,0.082,76.95,-88.44,100.33,53.041702,-1.795467,15.85,32.0,100.22,0 / 20,-0.04055795572612428,1.21523975285637,-0.08525173930133376,1385.8698801325734,212.60988400589076,156.1494758400334,False,126.29999999999995,-7.000954369950103,12.80500803635231,1327.3110417397336,304.8075329180992,14.593888888886703,331.3330000000062,-6.960396414223978,11.58976828349594,-58.55883839283979,92.19764891220842
436714.0,1.6851,-0.3451,9.0668,-0.0208,0.0243,9.8066,0.0194,0.1086,-0.033,85.66,-88.42,108.93,53.041702,-1.795467,15.85,32.0,100.22,0 / 20,-0.0028878199850874003,1.1128522810541182,-0.10603173930133837,1385.867707843788,212.72628860758633,156.13991166610327,False,126.39999999999998,-7.055725588651511,12.888080461273013,1326.602368771378,306.0973940670611,14.693055555554091,331.30100000000044,-7.052837768666424,11.775228180218894,-59.265339072409915,93.37110545947476
436814.0,-1.3772,-0.4679,10.0268,-0.0437,-0.013,9.8065,-0.0374,0.1251,-0.1688,82.0,-88.36,105.17,53.041702,-1.795467,15.85,32.0,100.22,0 / 20,-0.014131631291764424,1.1113783273109719,-0.1320167393013442,1385.8668568712242,212.8375001380046,156.12800924217314,False,126.5,-7.07126687123222,12.856739251156702,1325.9003813970526,307.38725521602294,14.673055555555555,331.189,-7.057135239940456,11.74536092384573,-59.9664754741716,94.54975507801834
436914.0,-0.4134,-0.3633,8.9963,-0.0203,-0.0265,9.8066,-0.1108,0.2272,-0.1113,79.07,-87.97,101.47,53.041702,-1.795467,15.85,32.0,100.22,0 / 20,-0.03743532078051816,1.2139054646159613,-0.1615267393013341,1385.8642785236207,212.9537643276009,156.113332068243,False,126.59999999999997,-7.129930900214141,12.851624852959906,1325.1850228347187,308.67711636559756,14.696944444443046,330.9790000000123,-7.092495579433623,11.637719388343946,-60.679255688902,95.72335203799665
437014.0,-3.0877,0.1043,10.1513,-0.0312,-0.028,9.8065,0.0305,0.347,-0.2362,80.57,-87.77,105.13,53.041702,-1.795467,15.85,32.0,100.22,0 / 20,-0.04839233222456453,1.4050446993724741,-0.18481173930133932,1385.8599871409704,213.08471183580036,156.09601514431287,False,126.69999999999999,-7.162243026798691,12.880704809274315,1324.4696642723059,309.96697751455946,14.738055555553757,330.9240000000024,-7.113850694574126,11.47566010990184,-61.3903228686645,96.8822656787591
437114.0,2.5869,2.0864,10.1108,-0.0559,0.0073,9.8065,0.0842,-0.0396,0.0579,84.77,-87.61,105.34,53.041702,-1.795467,15.85,32.0,100.22,0 / 20,0.07907524540111925,1.4584594429113429,-0.1523717393013503,1385.861521286629,213.22788704291452,156.07915597038274,False,126.79999999999995,-7.148215114658369,12.879282614904318,1323.7609913039767,311.25683866352057,14.730000000000237,330.9689999999987,-7.227290360059488,11.420823171992975,-62.10052998265246,98.02895162060605
437214.0,-1.2876,-3.8085,9.6479,0.0269,0.0209,9.8065,-0.0721,0.3744,-0.0912,87.89,-87.9,110.18,53.041702,-1.795467,15.85,32.0,100.22,0 / 20,0.035220265791094135,1.4139726301611464,-0.14510173930134865,1385.8672360621888,213.37150864656817,156.0642822964526,False,126.89999999999998,-7.060653662745997,12.868274349995392,1323.0590039296508,312.5466998124825,14.678055555556323,331.2469999999959,-7.095873928537091,11.454301719834246,-62.80823213253802,99.1751911659143
437314.0,-1.7192,1.3177,9.0473,-0.0433,-0.0076,9.8065,0.0366,-0.2585,0.2409,95.04,-87.79,117.01,53.041702,-1.795467,15.85,32.0,100.22,0 / 20,-0.04975125638241268,1.5655640698184015,-0.19100673930135903,1385.8665095126591,213.5204854815672,156.04747687252245,False,127.0,-7.057957908557205,12.91408858347731,1322.3503309612952,313.8365609621516,14.716944444444444,331.342,-7.008206652174792,11.348524513658909,-63.516178551363964,100.31607548058443
437414.0,-5.6458,-1.7565,6.9167,0.0287,0.0216,9.8065,-0.0584,0.3517,-0.1313,97.88,-87.89,119.05,53.041702,-1.795467,15.85,32.0,100.22,0 / 20,0.01083293331462238,1.9484542868127148,-0.37347173930129673,1385.8645635965058,213.6961863993987,156.01925294859234,False,127.09999999999997,-7.076947530329492,12.967651448909209,1321.648343587021,315.1375416027364,14.77305555555227,331.3769999999979,-7.087780463644115,11.019197162096493,-64.21622000948491,101.44135520333771
437514.0,-0.4534,0.3253,8.5839,-0.0069,-0.0562,9.8065,-0.1157,-0.7275,0.4643,95.65,-87.99,114.41,53.041702,-1.795467,15.85,32.0,100.22,0 / 19,0.016717359669229045,2.2722746271440615,-0.5791067393013435,1385.865941111155,213.90722284509658,155.9716240246622,False,127.19999999999999,-7.164022263427807,13.043168821655437,1320.9329850246356,316.44964173796365,14.881111111106383,331.22200000000674,-7.180739623097036,10.770894194511374,-64.93295608651943,102.54241889286706
437614.0,7.57,1.4648,8.7162,0.1462,0.0208,9.8054,-0.0535,-0.3781,0.3449,82.23,-88.02,103.75,53.041702,-1.795467,15.85,32.0,100.22,0 / 19,0.1925521927061253,1.943964884491662,-0.694766739301304,1385.8764045887738,214.1180348206783,155.90793035073207,False,127.29999999999995,-7.227032329158872,13.010585935423649,1320.2109408681931,317.75062237935083,14.883055555555497,330.9490000000081,-7.419584521864997,11.066621050931987,-65.66546372058065,103.63258755867253
437714.0,1.0199,-1.7977,8.3859,0.0686,0.0277,9.8064,0.0522,-0.7903,0.3973,67.36,-88.89,87.2,53.041702,-1.795467,15.85,32.0,100.22,0 / 19,0.281699760849388,1.5207430979269254,-0.8203267393013325,1385.9001171864516,214.29127021979926,155.8321756768019,False,127.39999999999998,-7.289570416128258,13.002088740086633,1319.48221111772,319.05160302144577,14.90611111111077,330.72300000000337,-7.571270176977646,11.481345642159708,-66.41790606873155,104.76033280164651
437814.0,8.4758,2.7334,11.0883,0.1312,0.0504,9.8056,0.061,-1.0076,0.672,19.98,-89.35,42.37,53.041702,-1.795467,15.85,32.0,100.22,0 / 19,0.6748209103715572,1.455064512042495,-0.827281739301334,1385.9479432200126,214.44006060029776,155.74979525287176,False,127.5,-7.260774636695975,12.969824384946273,1318.7601669612768,320.35258366283324,14.863888888888887,330.759,-7.935595547067532,11.514759872903777,-67.18777625873577,105.91252306253548
437914.0,-2.9495,-1.7382,12.0976,0.1093,0.0706,9.8057,0.0331,-0.004,0.0065,19.01,-89.38,41.45,53.041702,-1.795467,15.85,32.0,100.22,0 / 19,0.9490196551530647,1.441924942044375,-0.6486517393013949,1386.0291352482889,214.58491007300205,155.67599857894166,False,127.59999999999997,-7.175417561680903,12.876868392814172,1318.0514939929726,321.6424448117005,14.7411111111183,330.8719999999934,-8.124437216833968,11.434943450769797,-67.97764125531626,107.05753473869845
438014.0,6.1668,-0.4983,14.7426,-0.0099,0.0283,9.8066,0.1554,-0.5404,0.4011,79.72,-89.3,101.15,53.041702,-1.795467,15.85,32.0,100.22,0 / 19,0.8255670000980468,1.1292157006405685,-0.2873067393013127,1386.1178645810514,214.71346710513632,155.62920065501152,False,127.69999999999999,-7.197955924360578,12.952382057304883,1317.3294498365303,322.9434254537947,14.818055555552187,330.93799999999715,-8.023522924458625,11.823166356664315,-68.7884147445211,108.22995834865839
438114.0,-0.8306,1.9891,12.311,0.0743,0.0478,9.8062,0.1391,0.2806,-0.1022,119.93,-88.88,141.83,53.041702,-1.795467,15.85,32.0,100.22,0 / 19,0.997091602612061,0.8164565891691412,0.08470826069856047,1386.208997511187,214.81075071962678,155.6190707310814,False,127.79999999999995,-7.173990176250287,12.95074862512109,1316.6140912741441,324.24440609588885,14.805000000000385,331.0159999999977,-8.171081778862348,12.13429203595195,-69.59490623704278,109.43365537626207
438217.0,-2.6928,1.3012,11.2388,-0.0525,-0.0441,9.8063,-0.0221,0.0533,-0.0205,119.15,-87.92,140.29,53.041702,-1.795467,15.85,32.0,100.22,0 / 19,1.2717185861958948,0.8872646924400904,0.2874380106985775,1386.3258412359105,214.89849236562966,155.63823626405835,False,127.90299999999996,-7.230809075101105,12.938731947902921,1315.8705863608554,325.57329666409237,14.82212777777769,330.8013599999969,-8.502527661297,12.05146725546283,-70.45525487505506,110.6748042984627
438315.0,-1.4085,-1.3159,10.0481,-0.0076,0.0106,9.8066,-0.0827,0.0493,-0.039,107.84,-88.03,130.5,53.041702,-1.795467,15.85,32.0,100.22,0 / 19,1.38798742796853,1.0573134331318603,0.3694444106985886,1386.4561668306046,214.9937766937827,155.67042350270683,False,128.00099999999998,-7.187377033476547,12.968954580959641,1315.1695349696918,326.84814649772676,14.827413888888941,331.00483000000014,-8.575364461445078,11.911641147827781,-71.28663186091285,111.85436980394405
438415.0,1.1872,2.2549,10.1385,0.0034,0.0138,9.8065,0.0469,-0.2642,0.1484,99.53,-87.53,122.11,53.041702,-1.795467,15.85,32.0,100.22,0 / 19,1.485051915136134,1.0740916754617071,0.3981094106985952,1386.5998187977598,215.10034694921242,155.70880119377668,False,128.101,-7.205034465205919,12.886113908310202,1314.454109551417,328.1380076466028,14.763619444446007,330.78906000000546,-8.690086380342052,11.812022232848495,-72.14570924634268,113.03766069739035
438514.0,-2.0568,-2.566,9.7004,0.0048,0.03,9.8065,0.1256,-0.015,-0.0711,100.79,-87.35,125.72,53.041702,-1.795467,15.85,32.0,100.22,0 / 20,1.515690206907446,1.1304166974641154,0.4092766106985941,1386.7483555328008,215.20947011367224,155.74876680183584,False,128.2,-7.212899199411624,12.851132895500063,1313.7392858365386,329.4149701847749,14.736944444445623,330.6960000000041,-8.72858940631907,11.720716198035948,-73.00906969626226,114.20550007110268
438614.0,2.0539,-0.0913,11.0055,-0.012,0.0273,9.8066,0.123,-0.3334,0.163,101.08,-87.15,125.59,53.041702,-1.795467,15.85,32.0,100.22,0 / 20,1.4211823835614115,1.164122285822101,0.46390661069857553,1386.8951991623242,215.3241970628365,155.7924259629057,False,128.29999999999995,-7.1778588469125255,12.905076156268198,1313.0239272741524,330.7048313344433,14.766944444443558,330.91699999999344,-8.599041230473937,11.740953870446097,-73.8712718881718,115.38063427160682
438714.0,-3.5227,-1.0288,10.4032,0.0199,0.0579,9.8064,0.064,0.1725,-0.0923,106.78,-86.81,130.9,53.041702,-1.795467,15.85,32.0,100.22,0 / 20,1.4354059357414573,1.2543465938954554,0.553676610698596,1387.0380285782894,215.4451205068224,155.84330512397557,False,128.39999999999998,-7.149606524168581,12.885499494726304,1312.3152543057697,331.99469248269793,14.736111111111567,330.97599999999915,-8.585012459910038,11.631152900830848,-74.7227742725197,116.54957197587552
438814.0,0.9736,0.5298,10.4582,-0.0681,-0.0247,9.8063,0.0685,-0.1456,0.0159,104.1,-86.32,127.14,53.041702,-1.795467,15.85,32.0,100.22,0 / 20,1.4878759144079614,1.389840011404227,0.6160816106986102,1387.1841926707968,215.57732983708743,155.90179303504544,False,128.5,-7.087443109764033,12.936901838469828,1311.6065813374403,333.2956731247926,14.751111111111111,331.284,-8.575319024171995,11.547061827065601,-75.57761133335657,117.71834328770515
438914.0,6.1348,0.5671,10.6636,-0.0125,0.0135,9.8066,-0.1583,0.7756,-0.483,106.07,-86.14,128.62,53.041702,-1.795467,15.85,32.0,100.22,0 / 20,1.4810524559357412,1.039474817205227,0.6915066106985845,1387.332639089314,215.69879557851786,155.96717244611528,False,128.59999999999997,-7.096797351348306,12.945395964986732,1310.9045939631396,334.5966537660847,14.763055555554855,331.26800000000094,-8.577849807284046,11.905921147781505,-76.42804512617431,118.89785818756687
439015.0,0.4889,0.0182,9.5433,-0.1133,-0.0694,9.8057,-0.0044,0.5116,-0.3272,101.02,-85.95,125.86,53.041702,-1.795467,15.85,32.0,100.22,0 / 20,1.4561680338697118,0.7163960791928539,0.7214834106985843,1387.480968724049,215.78746705878595,156.03852844219585,False,128.70099999999996,-7.158858156752815,13.048254588764028,1310.1821486710967,335.9107554088166,14.883086111110975,331.2488499999875,-8.615026190622526,12.331858509571173,-77.29882005295235,120.12328835003066
439114.0,4.8635,1.9272,9.8465,-0.0675,-0.0424,9.8062,-0.082,0.5308,-0.3119,94.88,-85.17,117.73,53.041702,-1.795467,15.85,32.0,100.22,0 / 20,1.56257743011102,0.4548209592541958,0.7104201606985856,1387.6303966245162,215.84544230218907,156.10940766898,False,128.79999999999995,-7.0959591488562745,13.086010383998087,1309.4805624323985,337.2097345419915,14.88611111111102,331.5309999999916,-8.658536578967295,12.63118942474389,-78.14983419211762,121.36429223980244
439214.0,-4.0966,-3.1476,10.4993,-0.0599,-0.024,9.8064,0.0205,0.6895,-0.4155,92.45,-85.28,118.09,53.041702,-1.795467,15.85,32.0,100.22,0 / 20,1.5245228439209437,0.42881425354326375,0.7470451606985941,1387.7847516382178,215.88962406282894,156.18228093504987,False,128.89999999999998,-7.045252903381475,13.021230223271164,1308.7785750580992,338.5218346772194,14.805000000001199,331.5839999999992,-8.569775747302419,12.5924159697279,-79.00617658011856,122.63221061439043
439314.0,4.226,0.0415,11.0552,-0.0789,-0.0275,9.8063,0.0781,0.0717,-0.0184,95.07,-84.99,117.81,53.041702,-1.795467,15.85,32.0,100.22,0 / 20,1.3945583721225738,0.4425829598326594,0.8441051606986162,1387.93070569902,215.93319392349775,156.26183845111976,False,129.0,-6.95531811079141,13.13741888567526,1308.0899588718607,339.8339348110325,14.865,332.102,-8.349876482913984,12.6948359258426,-79.84074682715936,123.90074088753477
439414.0,-2.6389,-2.4453,11.8389,-0.0333,0.0307,9.8065,0.0899,0.413,-0.3018,100.78,-85.0,124.61,53.041702,-1.795467,15.85,32.0,100.22,0 / 20,1.3184656586516688,0.3948704472710262,1.0081451606985603,1388.0663569005587,215.97506659385292,156.3544509671896,False,129.09999999999997,-6.908161498604127,13.217465207037288,1307.4013426856993,341.157154438589,14.913888888886026,332.4059999999822,-8.226627157255795,12.822594759766261,-80.66501421485941,125.18208784473606
439514.0,1.5449,-2.3147,10.0689,-0.0549,0.013,9.8064,0.1385,-0.0544,0.005,102.8,-84.86,127.96,53.041702,-1.795467,15.85,32.0,100.22,0 / 20,1.1296698349722736,0.5056923094281172,1.1228701606985865,1388.18876367524,216.0200947316879,156.46100173325948,False,129.2,-6.943339016342142,13.330076642839986,1306.7060409054309,342.5026130510925,15.029999999994917,332.48599999999647,-8.073008851314416,12.824384333411869,-81.48272276980902,126.48251831940462
439614.0,-0.3592,-2.5064,10.3931,-0.0246,0.0343,9.8065,0.077,0.0847,-0.0986,106.27,-84.82,130.25,53.041702,-1.795467,15.85,32.0,100.22,0 / 20,0.9213640758121993,0.5146161548692646,1.165305160698572,1388.291315370779,216.07111015490275,156.5754104993293,False,129.29999999999995,-6.930625032839956,13.357974900570776,1306.0174247191662,343.83695217046403,15.048888888888332,332.5779999999973,-7.851989108652155,12.843358745701511,-82.27389065161287,127.76584201556128
439714.0,-1.4303,-1.7734,10.4158,-0.0195,0.0369,9.8065,0.1569,-0.0133,0.0113,110.56,-84.43,134.73,53.041702,-1.795467,15.85,32.0,100.22,0 / 20,0.7854535258363714,0.6688095838093644,1.2250851606985858,1388.3766562508615,216.1302814418367,156.6949300153992,False,129.39999999999998,-6.969654513846942,13.416583663218796,1305.3288085329543,345.18241078155387,15.118888888887854,332.5490000000005,-7.755108039683313,12.747774079409432,-83.04784771790719,129.05212933971717
439814.0,-0.8733,-3.4782,11.2772,-0.0361,0.0206,9.8065,0.0295,0.0219,-0.0345,113.01,-84.31,137.43,53.041702,-1.795467,15.85,32.0,100.22,0 / 20,0.6219808362348914,0.8766265953311614,1.3290701606986095,1388.4470279689651,216.20755325079375,156.82263778146907,False,129.5,-6.9956316638716824,13.419035288386672,1304.626821158629,346.52786939476596,15.133055555555554,332.466,-7.617612500106574,12.54240869305551,-83.82020681033623,130.3203161439722
439914.0,0.5976,-2.5537,11.3945,0.0073,0.0047,9.8065,0.0396,0.2347,-0.1541,115.42,-84.09,140.67,53.041702,-1.795467,15.85,32.0,100.22,0 / 20,0.3882980249716834,1.0125768076732067,1.4819901606985575,1388.4975419120256,216.30201342094395,156.96319079753889,False,129.59999999999997,-7.0650221698008835,13.484319863737745,1303.9248337843549,347.8733280071721,15.223055555550285,332.34800000000695,-7.453320194772567,12.47174305606454,-84.5727081276707,131.57131458622817
440014.0,-1.7856,-1.8794,10.8519,-0.0345,0.0264,9.8065,0.1115,0.2779,-0.1043,118.35,-83.81,143.33,53.041702,-1.795467,15.85,32.0,100.22,0 / 20,0.2572690839891892,1.1618051648726913,1.6136451606985875,1388.5298202674735,216.41073251957127,157.1179725636088,False,129.7,-7.094627991164937,13.550028733064835,1303.2161608160523,349.2410256059416,15.294999999996849,332.36399999999935,-7.351897075154126,12.388223568192144,-85.31365945142124,132.83029308637035
440114.0,2.2024,-0.724,11.5109,-0.017,0.0109,9.8066,0.07,0.1694,-0.1809,118.81,-83.78,145.25,53.041702,-1.795467,15.85,32.0,100.22,0 / 20,0.16954523660183937,1.2030601264510663,1.7511201606985407,1388.551160983503,216.52897578413743,157.2862108296786,False,129.79999999999995,-7.159601578666012,13.486254970747849,1302.5008022536404,350.58648421773927,15.268888888889661,332.03700000000964,-7.329146815267852,12.283194844296784,-86.05035872986264,134.05750843360184
440214.0,-0.5342,-2.8878,11.6303,-0.0211,0.0246,9.8066,0.0902,0.2801,0.0019,122.75,-83.55,149.3,53.041702,-1.795467,15.85,32.0,100.22,0 / 20,0.014977194882877493,1.2202664438658035,1.9275151606985808,1388.5603871050773,216.6501421126533,157.47014259574848,False,129.89999999999998,-7.18196460219972,13.58443061492525,1301.7854436912276,351.9430623226694,15.366111111109674,332.13499999999857,-7.196941797082598,12.364164171059446,-86.77494341384977,135.2929202100161
440314.0,2.2817,-0.7402,10.8198,-0.0115,0.0473,9.8065,0.1421,0.0893,0.0915,130.09,-83.06,153.78,53.041702,-1.795467,15.85,32.0,100.22,0 / 20,-0.15724612817670836,1.2494485119758276,2.069355160698613,1388.5532736584125,216.7736278604454,157.6699861118184,False,130.0,-7.214174896649447,13.563891645233657,1301.0700851288145,353.29964042759985,15.363055555555556,331.99300000000005,-7.056928768472739,12.314443133257829,-87.48318852959801,136.52601256715445
440414.0,-0.3961,-1.8168,9.8583,-0.0083,0.0165,9.8065,-0.0458,0.2041,-0.1388,133.12,-82.83,158.55,53.041702,-1.795467,15.85,32.0,100.22,0 / 20,-0.2760573006714014,1.2513134569676496,2.122595160698595,1388.53160848697,216.89866595889254,157.87958362788817,False,130.09999999999997,-7.223829335488137,13.614122127052289,1300.3480409724511,354.667338025563,15.411944444441582,332.04899999999674,-6.947772034816736,12.36280867008464,-88.18356751451893,137.7686720666705
440514.0,-2.007,-0.7278,9.8575,0.0277,-0.0235,9.8065,-0.0894,-0.2038,0.1967,134.43,-83.03,160.59,53.041702,-1.795467,15.85,32.0,100.22,17 / 18,-0.24926366249089704,1.4124092805412873,2.1277201606985963,1388.505342438812,217.03185209576802,158.09209939395808,False,130.2,-7.189010635669119,13.6190354313458,1299.632682410038,356.03503562362647,15.40000000000052,332.1719999999946,-6.939746973178222,12.206626150804514,-88.87266002877413,139.00318352785845
440614.0,-1.4452,-2.2098,9.3969,0.0427,0.0234,9.8065,0.0768,-0.0015,0.0191,132.87,-83.03,159.97,53.041702,-1.795467,15.85,32.0,100.22,17 / 18,-0.1712677697088451,1.3813897126820396,1.793308886593812,1388.484315867202,217.17154204542913,158.28815084632262,False,130.29999999999995,-7.144821610039621,13.636625284897848,1298.924009441682,357.39161372784935,15.395000000000147,332.3479999999948,-6.9735538403307755,12.255235572215808,-89.56030642551991,140.2200716824202
440714.0,-0.2085,-0.4795,9.2842,-0.0197,-0.0054,9.8065,0.0828,-0.183,-0.0072,134.43,-83.06,160.64,53.041702,-1.795467,15.85,32.0,100.22,17 / 18,-0.17758082998192884,1.5212378328780796,1.7466988865938016,1388.4668734372174,217.31667342270717,158.46515123498205,False,130.39999999999998,-7.159345975813366,13.651592954618732,1298.2086508793225,358.7593113259124,15.414999999999704,332.32600000000036,-6.981765145831437,12.130355121740653,-90.2582225578949,141.44263790320522
440814.0,2.2915,-1.1889,9.1752,0.0006,0.0015,9.8066,-0.0576,-0.0935,0.104,133.54,-83.26,159.94,53.041702,-1.795467,15.85,32.0,100.22,17 / 18,-0.27416609378035445,1.4906437099606433,1.6890038865937886,1388.4442860910292,217.46726749984913,158.63693637364148,False,130.5,-7.185211854286033,13.642392208734094,1297.4932923168833,360.12700892326853,15.418888888888889,332.225,-6.9110457605056785,12.15174849877345,-90.9509937741459,142.6597414234194
440914.0,2.2785,-1.7159,8.3415,0.0186,-0.0143,9.8066,-0.0983,-0.2328,0.1564,130.47,-83.38,157.74,53.041702,-1.795467,15.85,32.0,100.22,17 / 18,-0.4997331492610161,1.4060683399278642,1.5841738865938244,1388.4055911288772,217.6121031023435,158.8005952623008,False,130.59999999999997,-7.195469556737592,13.613424725251004,1296.7779337545496,361.4947065226463,15.398055555556775,332.14100000000496,-6.695736407476576,12.20735638532314,-91.62765737432755,143.88260342030281
441014.0,-0.0761,-0.0109,8.7419,0.033,-0.0257,9.8065,-0.0489,-0.1115,0.0126,124.64,-83.79,153.65,53.041702,-1.795467,15.85,32.0,100.22,17 / 18,-0.6008185463727377,1.3698483497468148,1.4576788865937957,1388.3505635440954,217.75089893682727,158.9526879009602,False,130.7,-7.1119300468110564,13.636893011580392,1296.0692607861665,362.8512846268701,15.380000000000791,332.4569999999862,-6.511111500438319,12.267044661833577,-92.28130275792887,145.10038569004283
441115.0,-1.6413,-4.094,7.6198,0.0183,-0.0339,9.8065,-0.0554,-0.1176,0.0934,119.42,-84.11,149.95,53.041702,-1.795467,15.85,32.0,100.22,17 / 18,-0.7010002107531581,1.541891528461213,1.2934730865937971,1388.2848216968605,217.89794180067676,159.09162107560618,False,130.801,-7.102399023889284,13.809152048287771,1295.3534342322139,364.2548981857573,15.528580555556454,332.78208000000853,-6.401398813136126,12.267260519826559,-92.9313874646466,146.35695638508057
441215.0,0.9329,-0.9509,9.1235,0.0175,-0.0125,9.8066,-0.0139,-0.1784,0.1145,120.14,-84.62,147.08,53.041702,-1.795467,15.85,32.0,100.22,17 / 18,-0.8662316405166867,1.693781641314169,1.149973086593846,1388.206460104297,218.05972545916546,159.21379338426553,False,130.90099999999995,-7.156995623527036,13.746066178177019,1294.6382093817083,365.62270697805087,15.497644444445054,332.4959199999957,-6.29076398301035,12.05228453686285,-93.5682507225888,147.5629815188854
441315.0,-0.1782,-1.2331,9.3392,0.0228,-0.0078,9.8066,-0.0167,0.034,0.0519,115.84,-85.01,144.74,53.041702,-1.795467,15.85,32.0,100.22,17 / 18,-0.9450075033701844,1.7097000323142024,1.092443086593833,1388.1158981471028,218.2298995428469,159.32591419292493,False,131.00099999999998,-7.068300148120329,13.745383087780368,1293.9362888633239,367.0014128743079,15.456275000000057,332.7863799999999,-6.123292644750145,12.035683055466166,-94.17960928377897,148.771513331461
441415.0,-0.5265,-1.5024,8.1578,0.0134,-0.0372,9.8066,-0.1305,0.0515,-0.0252,116.66,-85.16,142.92,53.041702,-1.795467,15.85,32.0,100.22,17 / 18,-1.0144826363054684,1.800451172087711,0.9866280865938091,1388.017923640119,218.40540710306703,159.42986775158434,False,131.101,-7.005335643112475,13.70423269044536,1293.2409202271654,368.36933286141976,15.390930555550153,332.92475999998976,-5.990853006807006,11.90378151835765,-94.77700341295372,149.96392575835273
441515.0,-1.8838,-1.3551,7.7914,0.0127,-0.0291,9.8065,-0.1456,0.0682,0.0444,107.09,-85.48,137.84,53.041702,-1.795467,15.85,32.0,100.22,17 / 20,-1.0695681076539456,1.9691085897807281,0.8034230865938716,1387.913721102921,218.5938850911604,159.5193703102437,False,131.20099999999996,-7.005816844399621,13.807932987701593,1292.5389328528663,369.7592694443408,15.48355555555336,333.09785000000505,-5.936248736745675,11.838824397920865,-95.37478825005473,151.16538435318043
441614.0,0.4111,-1.6513,8.5086,0.0383,-0.034,9.8064,-0.1014,-0.094,0.1086,97.8,-86.08,129.52,53.041702,-1.795467,15.85,32.0,100.22,17 / 20,-1.153811551202408,2.0763867006587224,0.639414736593889,1387.8036638098076,218.79413710803712,159.59079078249147,False,131.29999999999995,-7.055724251268556,13.838084050257468,1291.8439653522844,371.1353066621262,15.533055555554077,332.98400000000345,-5.9019127000661475,11.761697349598744,-95.95969845752325,152.34116955408908
441714.0,-2.3994,-2.7356,9.0185,0.051,-0.0122,9.8064,-0.0897,0.0608,0.0202,91.2,-86.41,123.39,53.041702,-1.795467,15.85,32.0,100.22,17 / 20,-1.3374014738065736,2.202618120538109,0.5351047365938654,1387.6791031585572,219.008087349097,159.64951675615086,False,131.39999999999998,-7.075916581999432,13.935335389784338,1291.1419779779587,372.525243245041,15.628888888887474,333.07999999999856,-5.738515108192859,11.73271726924623,-96.53712518059842,153.517155895944
441814.0,0.2729,-2.2713,9.5715,0.026,-0.0161,9.8065,-0.0202,-0.0167,0.1303,90.11,-86.64,121.4,53.041702,-1.795467,15.85,32.0,100.22,17 / 20,-1.550859296276999,2.3269408359885277,0.4839397365938538,1387.534690120053,219.2345652969234,159.70046897981027,False,131.5,-7.029694925326787,13.84789836967454,1290.439990603633,373.91517982795574,15.53,333.086,-5.478835629049788,11.520957533686012,-97.09469951641995,154.68061453103235
441914.0,0.2339,-1.3176,10.5171,0.0066,0.0147,9.8066,0.0255,0.1806,-0.0197,86.91,-86.86,120.34,53.041702,-1.795467,15.85,32.0,100.22,17 / 20,-1.6958283484270027,2.314496518665322,0.5077047365938457,1387.3723557378178,219.466637164656,159.75005120346964,False,131.59999999999997,-6.985711273702345,13.91615389520253,1289.7446888234153,375.30511641076856,15.571111111108703,333.3439999999849,-5.289882925275342,11.601657376537208,-97.62766691440243,155.83847924611257
442014.0,-0.2881,-2.066,10.0221,-0.0275,-0.0113,9.8066,-0.0147,0.1318,-0.0691,89.38,-86.95,122.83,53.041702,-1.795467,15.85,32.0,100.22,17 / 20,-1.8307548926623785,2.328982938025985,0.5539997365938563,1387.1960265757632,219.69881113749062,159.80313642712903,False,131.7,-7.068973680991158,14.04653822467452,1289.0360158550868,376.7172919792407,15.724999999993264,333.28600000000256,-5.23821878832878,11.717555286648535,-98.16001072067638,157.0184808417501
442114.0,-0.6002,-0.4693,9.5085,0.0048,-0.0021,9.8066,0.0119,0.0485,-0.0159,91.54,-86.81,123.21,53.041702,-1.795467,15.85,32.0,100.22,17 / 20,-1.6341586771550174,2.0297621293103196,0.46738502610477906,1387.0227808972725,219.91674839085735,159.85420566526395,False,131.79999999999995,-7.06625186889114,14.014318018563026,1288.3340284807612,378.11834805458074,15.695000000000887,333.2420000000013,-5.432093191736122,11.984555889252707,-98.6887524165113,158.20159966372339
442214.0,-0.0841,-0.1898,8.5236,-0.015,0.0153,9.8065,0.0415,-0.0049,0.008,90.07,-86.72,121.53,53.041702,-1.795467,15.85,32.0,100.22,17 / 20,-1.6318851147735907,2.0794593839336803,0.3883250261047611,1386.859478707676,220.1222094665196,159.89699116787443,False,131.89999999999998,-7.041894486601403,14.04335508486365,1287.632041106436,379.53052362305385,15.709999999999777,333.36899999999815,-5.410009371827812,11.963895700929971,-99.22743760124013,159.40831415653426
442314.0,0.5675,-1.5318,9.5723,0.013,0.0072,9.8066,-0.0269,0.1241,-0.0333,89.65,-86.87,121.44,53.041702,-1.795467,15.85,32.0,100.22,17 / 20,-1.6836238091721347,2.0702511606458898,0.31245502610474396,1386.6937032614787,220.32969499374863,159.93203017048492,False,132.0,-6.95618947742079,14.053777913188773,1286.9367393261405,380.93157969980905,15.681111111111111,333.666,-5.272565668248656,11.983526752542883,-99.75696393533826,160.60188470606042
442414.0,0.9707,-2.4135,9.6263,0.0301,-0.0073,9.8066,-0.041,0.0931,0.0126,91.48,-86.9,123.35,53.041702,-1.795467,15.85,32.0,100.22,17 / 20,-1.847582987172879,2.0110010220625454,0.2917200261047511,1386.5171429216616,220.53375760288398,159.96223892309538,False,132.09999999999997,-6.912389814902633,14.11992215327895,1286.248123139979,382.3437552667642,15.721111111108769,333.9159999999854,-5.064806827729754,12.108921131216404,-100.26901978168257,161.80999766388024
442514.0,1.5295,0.5731,10.1673,0.0025,-0.0082,9.8066,0.0376,-0.024,0.0734,94.43,-87.28,124.54,53.04528,-1.799129,14.42,6.0,327.24,18 / 21,-1.9118762662725073,1.9006853341176682,0.3007350261047532,1386.3291699589893,220.72934192069303,159.99186167570588,False,132.2,-6.913597094321062,14.193832232438547,1285.5595069537674,383.76705032837,15.788055555552624,334.02999999999497,-5.001720828048555,12.29314689832088,-100.7696630052219,163.03770840767694
442614.0,0.2419,-0.0088,10.0438,0.0214,0.0253,9.8065,-0.0274,0.1019,-0.0888,101.53,-87.54,132.35,53.04528,-1.799129,14.42,6.0,327.24,18 / 21,-1.856134811286152,1.8208802850189785,0.330625026104743,1386.1407694051113,220.9154202016498,160.02342967831635,False,132.29999999999995,-6.940208724084261,14.203102594632513,1284.8642051734992,385.19034538997556,15.808055555554963,333.95800000000213,-5.084073912798109,12.382222309613535,-101.27656423161216,164.27492518832577
442714.0,2.2206,0.3801,10.0365,0.0071,-0.0074,9.8066,-0.0158,-0.0344,0.0918,105.02,-87.68,136.09,53.04528,-1.799129,14.42,6.0,327.24,18 / 21,-1.8326125098938186,1.7040234233653897,0.3539750261047483,1385.9563320390523,221.09166538706904,160.05765968092683,False,132.39999999999998,-6.890194152167949,14.188534318388522,1284.175588987234,386.6136404501673,15.773055555556072,334.09799999999797,-5.05758164227413,12.484510895023131,-101.78074305181826,165.52197506309824
442814.0,3.1237,2.1538,8.9494,-0.0013,-0.0247,9.8065,-0.0419,-0.1791,0.2648,94.12,-87.9,127.21,53.04528,-1.799129,14.42,6.0,327.24,18 / 21,-1.7107318065014463,1.437735363962789,0.3226050261047413,1385.7791648232326,221.2487533264355,160.0914886835373,False,132.5,-6.877147913342527,14.224796539072484,1283.493658395079,388.0369355110663,15.8,334.19800000000004,-5.166416106841081,12.787061175109695,-102.28550642815367,166.7881821846308
442914.0,1.6429,-2.5695,8.5061,0.0318,-0.0129,9.8065,-0.1313,0.0615,-0.1866,87.38,-88.25,122.21,53.04528,-1.799129,14.42,6.0,327.24,18 / 21,-1.7047895185812554,1.2011443797777552,0.21471502610477816,1385.6083887569785,221.38069731362248,160.11835468614777,False,132.59999999999997,-6.820702203616672,14.197729490458558,1282.8117278028942,389.4602305732757,15.751111111113971,334.3399999999917,-5.115912685035417,12.996585110680803,-102.79666095408425,168.0795332596532
443014.0,-0.2359,-1.5413,9.3382,-0.0204,-0.0196,9.8065,0.0061,-0.3185,0.1297,80.29,-88.12,110.79,53.04528,-1.799129,14.42,6.0,327.24,18 / 21,-1.875032817299369,1.130722513920687,0.12626502610475815,1385.4293976401843,221.49729065830743,160.13540368875826,False,132.7,-6.852542334418791,14.205523401607259,1282.1297972107393,390.8835256334674,15.771944444443534,334.2480000000041,-4.977509517119422,13.074800887686571,-103.29960042944504,169.38623497515997
443114.0,0.8145,0.4892,10.1997,-0.013,-0.0088,9.8066,0.0425,-0.2758,0.1098,77.29,-88.01,109.15,53.04528,-1.799129,14.42,6.0,327.24,18 / 21,-1.8896071292719676,1.116687795306243,0.12249502610475951,1385.2411656428558,221.60966117376876,160.14784169136874,False,132.79999999999995,-6.957055532793826,14.265973459987219,1281.4344954304715,392.3068206943656,15.871944444441489,334.00300000000726,-5.067448403521858,13.149285664680976,-103.80667021238423,170.69715952059687
443214.0,-1.4482,0.7997,9.622,-0.0119,0.0087,9.8066,-0.0117,-0.1675,0.0899,88.44,-88.09,116.2,53.04528,-1.799129,14.42,6.0,327.24,18 / 21,-1.7869091628253062,1.1751851170582754,0.13291502610476194,1385.0573398282509,221.724254819387,160.1606121939792,False,132.89999999999998,-6.832850709016449,14.356954802056036,1280.7525648382632,393.75235474153,15.899999999999586,334.54899999999196,-5.045941546191143,13.18176968499776,-104.30477498998766,172.02809992214299
443314.0,4.4011,0.4423,10.0556,-0.0012,-0.0157,9.8065,-0.0157,-0.4435,0.2752,91.79,-88.27,119.86,53.04528,-1.799129,14.42,6.0,327.24,18 / 21,-1.6994644716782425,1.0432773158535238,0.13613002610476274,1384.8830211465256,221.8351779410326,160.17406444658968,False,133.0,-6.767126145645829,14.447580226734473,1280.0773198401118,395.19788878798767,15.953888888888887,334.902,-5.067661673967587,13.404302910880949,-104.80570130641377,173.36271084695505
443414.0,1.3575,-0.8014,8.7791,-0.0006,-0.0025,9.8066,-0.1029,-0.0851,0.1262,95.32,-88.72,121.76,53.04528,-1.799129,14.42,6.0,327.24,18 / 21,-1.6953570461864282,0.7719492611258512,0.09720002610477607,1384.7132800706324,221.92593926988155,160.18573094920015,False,133.09999999999997,-6.667084570291546,14.538035119046453,1279.41544603007,396.6545423267642,15.993888888886548,335.363999999973,-4.971727524105118,13.766085857920602,-105.29783404056252,174.72860305688266
443514.0,2.5846,2.1243,9.5236,0.0192,-0.0403,9.8065,0.0026,-0.2436,0.0107,83.84,-89.18,109.95,53.04528,-1.799129,14.42,6.0,327.24,19 / 21,-1.5881639260561924,0.6065016841323916,0.03167002610476122,1384.5491040220202,221.99486181714448,160.19217445181062,False,133.2,-6.72455380146662,14.54460007338103,1278.7402010319458,398.1111958656475,16.023888888887576,335.1870000000077,-5.136389875410428,13.938098389248639,-105.80890299007433,176.11633404850303
443614.0,5.4585,0.9408,7.9009,0.042,-0.0278,9.8064,0.0405,0.1417,-0.3092,65.61,-89.17,91.85,53.04528,-1.799129,14.42,6.0,327.24,19 / 21,-1.284564402683508,0.28377388729623865,-0.07776997389520139,1384.4054676055832,222.0393755957159,160.18986945442109,False,133.29999999999995,-6.730830836204564,14.612373106822131,1278.071641627825,399.5678494045301,16.08805555555366,335.26799999999764,-5.446266433521057,14.328599219525893,-106.33382597775812,177.52847380881417
443714.0,6.2709,0.7551,8.0582,-0.0037,-0.0486,9.8065,-0.0534,-0.2177,-0.1351,43.12,-88.71,69.09,53.04528,-1.799129,14.42,6.0,327.24,19 / 21,-0.8558495612189622,-0.1003618123717177,-0.2604799738952429,1384.298446907388,222.04854619946215,160.17295695703157,False,133.39999999999998,-6.579242296002066,14.675770740018596,1277.4164534118179,401.035622436546,16.08305555555563,335.85299999999137,-5.723392734783104,14.776132552390314,-106.88199349557021,178.98707623708387
443814.0,1.393,1.4084,9.903,0.0066,-0.0453,9.8065,-0.1192,0.0948,-0.149,25.29,-87.87,52.52,53.04528,-1.799129,14.42,6.0,327.24,19 / 21,-0.5016565957825591,-0.21674611786076947,-0.34308497389526166,1384.230571599538,222.03269080295053,160.14277870964204,False,133.5,-6.759847029344622,14.743026315176413,1276.7412084136668,402.5145149616952,16.21888888888889,335.36800000000005,-6.258190433562063,14.959772433037182,-107.4893631858713,180.4818241587447
443914.0,-0.0563,0.6548,7.1605,-0.0196,-0.0032,9.8066,-0.202,0.1838,-0.1345,24.46,-87.45,48.85,53.04528,-1.799129,14.42,6.0,327.24,19 / 21,-0.3971307045145269,-0.11438706921561131,-0.4705749738952181,1384.1856322345232,222.0161341435967,160.10209571225252,False,133.59999999999997,-6.818911760498038,14.86568085902159,1276.0592778215355,404.00452697774625,16.35499999999203,335.35900000000055,-6.4217810559835105,14.980067928237201,-108.12635441298767,181.98839283414955
444014.0,2.8232,-0.7177,8.4536,0.0247,-0.0224,9.8066,-0.0293,-0.0607,-0.198,26.22,-87.06,49.0,53.04528,-1.799129,14.42,6.0,327.24,19 / 21,-0.2745781788357592,-0.14051255682042077,-0.6705349738952635,1384.1520467903556,222.0033891622949,160.04504021486298,False,133.7,-6.888668109966015,14.89410459445811,1275.3706616352708,405.4945389939066,16.40999999999759,335.17900000000793,-6.6140899311302555,15.03461715127853,-108.78138515508476,183.4911498316117
444114.0,-1.4187,1.9566,8.0009,0.0229,-0.0447,9.8065,-0.0951,0.0232,-0.0704,24.15,-86.48,45.65,53.04528,-1.799129,14.42,6.0,327.24,19 / 21,-0.18782265015853783,-0.07931585681034801,-0.8284749738952096,1384.128926748906,221.99239774161336,159.97008971747348,False,133.79999999999995,-7.010751548886255,14.943261582801815,1274.6753598550026,406.9956705046132,16.506111111108268,334.86600000000925,-6.822928898727717,15.022577439612164,-109.45356689390337,185.00327276299984
444214.0,10.6054,4.0638,10.3194,0.081,0.0001,9.8063,-0.2098,0.9932,-0.5328,15.05,-86.15,37.38,53.04528,-1.799129,14.42,6.0,327.24,19 / 21,0.3493538081023987,0.13474654540034364,-0.8931249738952243,1384.137003306803,221.99516927604287,159.88400972008395,False,133.89999999999998,-7.007353729698221,14.973382410833876,1273.9733724807038,408.4856825214812,16.531944444444065,334.9209999999992,-7.35670753780062,14.838635865433533,-110.16363082609928,186.4905132454383
444315.0,-5.7092,-6.9913,8.3358,0.135,0.0886,9.8052,-0.2829,1.5744,-0.912,7.87,-85.98,30.06,53.04528,-1.799129,14.42,6.0,327.24,19 / 21,0.5776026707940674,-0.07953889857667151,-0.9415090238952237,1384.1838146089874,221.99795726220748,159.79136070319552,False,134.00099999999998,-7.02867793773913,14.99897060019116,1273.2643652326624,410.0129448382983,16.56416111111109,334.89171000000005,-7.606280608533197,15.078509498767833,-110.91944937632502,188.01498757609085
444415.0,1.6239,2.4915,9.9564,-0.0436,-0.0442,9.8064,0.1566,-1.1111,0.1916,10.97,-85.79,33.67,53.04528,-1.799129,14.42,6.0,327.24,19 / 21,0.3408577123818497,-0.24364244672473173,-1.0075640238952386,1384.2297376281463,221.9817981949424,159.693907050806,False,134.101,-7.047575741550354,15.020040593461458,1272.562311002447,411.5140763481838,16.59126111111024,334.8634899999972,-7.388433453932203,15.263683040186189,-111.66742662569936,189.53227815324138
444515.0,4.9219,1.3423,8.7373,-0.0522,0.0016,9.8064,-0.0978,-0.4855,0.2906,20.34,-85.48,39.09,53.04528,-1.799129,14.42,6.0,327.24,20 / 22,0.6928353634322353,-0.12246040003761151,-1.053544023895223,1384.281422281937,221.9634930526043,159.5908516484165,False,134.20099999999996,-7.042013154178314,15.040105768384123,1271.8536380340654,413.0153190524212,16.60706944444024,334.9102800000075,-7.7348485176105495,15.162566168421735,-112.42778424787161,191.0518259998169
444615.0,-3.2535,-0.3606,9.7618,-0.0955,-0.05,9.806,-0.1085,-0.5979,0.4479,12.82,-85.37,34.14,53.04528,-1.799129,14.42,6.0,327.24,20 / 22,0.7793664753225573,-0.08948232767620196,-1.1092540238952355,1384.3550323738748,221.9528959162186,159.48271174602695,False,134.301,-7.12699149367475,15.104987873651098,1271.1449650657355,414.527570056248,16.701936111111134,334.74063999999817,-7.906357968997307,15.194470201327299,-113.21006730813929,192.5746741400294
444715.0,1.5286,1.558,9.8502,-0.0174,-0.0374,9.8065,0.151,-0.5847,0.1264,15.52,-84.86,35.34,53.04528,-1.799129,14.42,6.0,327.24,20 / 22,0.7047394198820403,0.020543883592943485,-1.1093190238952355,1384.429237668635,221.94944899401446,159.37178309363748,False,134.40099999999995,-7.110015495046335,15.112249358908029,1270.436292097354,416.0398210586663,16.701269444444208,334.8039400000001,-7.8147549149283755,15.091705475315086,-113.9929455712811,194.09037206465183
444815.0,-1.4659,-1.6594,9.7236,-0.0009,-0.0405,9.8065,0.2185,-0.1012,-0.055,18.05,-84.8,35.14,53.04528,-1.799129,14.42,6.0,327.24,20 / 22,0.6990272087470504,0.05613744429109658,-1.111294023895236,1384.4994260000665,221.95328306040867,159.26075244124792,False,134.50099999999998,-7.118239527770634,15.126387503301341,1269.7275522730843,417.5521832553155,16.717563888888836,334.79905999999994,-7.817266736517684,15.070250059010245,-114.77187372698222,195.59890019490686
444915.0,0.6097,2.1467,11.2982,-0.0575,0.0307,9.8064,-0.0001,-0.1349,0.0261,20.17,-85.14,37.98,53.04528,-1.799129,14.42,6.0,327.24,20 / 22,0.665964351460559,0.12753029469637273,-1.04086902389522,1384.567675578077,221.96246644735805,159.15314428885836,False,134.601,-7.117085175817254,15.194190241254187,1269.0121937107233,419.07544255512704,16.77845000000255,334.9012100000162,-7.7830495272778135,15.066659946557815,-115.55548186735359,197.112976107769
445015.0,-2.419,0.2557,11.1587,-0.0059,0.036,9.8065,0.0342,-0.038,-0.2298,23.01,-85.12,42.71,53.04528,-1.799129,14.42,6.0,327.24,20 / 22,0.6235866504776071,0.31424822537197694,-0.8986890238952685,1384.6321531281737,221.98455537336147,159.05616638646887,False,134.70099999999996,-7.171840108943991,15.119372382929093,1268.2968351483378,420.58747116701176,16.734119444448307,334.6227700000098,-7.7954267594215985,14.805124157557117,-116.33531797983596,198.60291579365028
445115.0,-0.5065,-0.1368,11.2928,-0.0887,-0.0129,9.8062,0.0289,0.0666,0.0892,32.83,-85.17,49.55,53.04528,-1.799129,14.42,6.0,327.24,20 / 22,0.49472401955780265,0.4185380023280117,-0.7567790238952362,1384.6880686616755,222.0211946847465,158.97339298407934,False,134.801,-7.192333128279917,15.014160540237215,1267.581409730011,422.07781677005164,16.647963888885922,334.40385999999455,-7.68705714783772,14.595622537909204,-117.10665893166447,200.05662208530515
445215.0,2.299,2.7271,12.3518,0.0571,0.0811,9.8061,-0.1433,0.2307,-0.1454,33.99,-85.38,50.79,53.04528,-1.799129,14.42,6.0,327.24,20 / 22,0.6473041736320733,0.5123038144065826,-0.5552140238953049,1384.745170071335,222.0677367755832,158.90779333168985,False,134.90099999999995,-7.187674627118901,15.128008405726153,1266.8593655735683,423.6009648743543,16.748711111111376,334.5865000000023,-7.834978800750974,14.61570459131957,-117.88580449776669,201.5332280987711
445315.0,1.0387,1.1502,10.0677,0.0289,0.0154,9.8065,0.044,0.1244,0.1337,31.51,-86.19,50.22,53.04528,-1.799129,14.42,6.0,327.24,20 / 22,0.8987798631911883,0.6200338872765322,-0.4149040238952729,1384.822474273176,222.12435366066737,158.8592874293003,False,135.00099999999998,-7.218415772796518,15.09410698909509,1266.1374551290066,425.10231877420944,16.73133888888887,334.44158999999974,-8.117195635987706,14.474073101818558,-118.68501914416947,202.97796511354207
445415.0,1.7458,-0.2877,11.2327,0.0629,0.0454,9.8063,-0.051,0.0781,-0.1161,25.62,-87.27,42.6,53.04528,-1.799129,14.42,6.0,327.24,20 / 22,1.0484833160988274,0.6285243962566133,-0.3305490238952537,1384.9198374321406,222.18678157484405,158.82201477691078,False,135.101,-7.135719039233761,15.160295683246026,1265.4285815928818,426.6258004645755,16.755688888878435,334.7943800000152,-8.184202355332589,14.531771286989413,-119.49125583925888,204.43901888973144
445515.0,2.3337,-1.5537,9.4121,0.0354,0.0025,9.8065,-0.0081,0.0279,0.1139,20.41,-87.34,35.23,53.04528,-1.799129,14.42,6.0,327.24,22 / 23,1.2024973026975034,0.5017427353054073,-0.27897402389527126,1385.0323864630805,222.24329493142213,158.79153862452125,False,135.20099999999996,-7.279305865232475,15.287996328404018,1264.7000524102289,428.16006806201176,16.932550000005875,334.5387999999834,-8.481803167929979,14.78625359309861,-120.33233405285159,205.91677313058963
445614.0,0.4511,1.5613,9.7458,-0.0374,0.0026,9.8065,0.1735,-0.085,0.156,16.61,-87.63,32.73,53.04528,-1.799129,14.42,6.0,327.24,22 / 23,1.323787837310161,0.4939588335024239,-0.30151632389526883,1385.1574375775108,222.2925821590781,158.76280435230564,False,135.29999999999995,-7.122567158348894,15.215421028513877,1263.9984661715566,429.65719655511356,16.800000000003955,334.91499999998877,-8.446354995659055,14.721462195011453,-121.15897140595416,207.36461439603545
445714.0,-1.4224,1.1467,11.2329,0.0068,-0.0058,9.8066,0.2366,-0.0324,-0.1503,27.61,-87.91,43.08,53.04528,-1.799129,14.42,6.0,327.24,22 / 23,1.3299396628038653,0.6833687698541238,-0.23324632389525324,1385.2901239525165,222.35144853924595,158.7360662199161,False,135.39999999999998,-7.244537856461449,15.07794793451964,1263.269736421084,431.1694475568325,16.728055555556615,334.3370000000085,-8.574477519265313,14.394579164665517,-122.02038753143256,208.81799901758654
445814.0,1.9589,1.6779,10.4897,0.0654,0.0255,9.8064,0.089,0.2897,-0.148,36.16,-88.09,51.29,53.04528,-1.799129,14.42,6.0,327.24,22 / 23,1.427100436626625,0.8141133321124808,-0.1277813238952292,1385.4279759574881,222.4263226443443,158.71801483752657,False,135.5,-7.382986809176977,15.012808057639276,1262.5343210765536,432.6705790668333,16.73,333.81300000000005,-8.8100872458036,14.198694725526796,-122.89365488093449,210.24425642248897
445914.0,-0.6173,-1.8883,8.6701,-0.0143,0.0662,9.8064,-0.261,0.3411,0.0468,38.55,-88.73,53.66,53.04528,-1.799129,14.42,6.0,327.24,22 / 23,1.4812621314326526,0.8059332250619295,-0.15045632389522146,1385.573394085891,222.507324972203,158.70410295513705,False,135.59999999999997,-7.41520986799874,15.00683390486096,1261.792220138074,434.1717105767238,16.73888888888837,333.7050000000063,-8.896471999431393,14.20090067979903,-123.78117394781702,211.6643856045208
446014.0,1.7144,-0.2748,9.7868,-0.0245,0.0422,9.8065,-0.2203,-0.1236,-0.0011,34.56,-88.97,51.7,53.04528,-1.799129,14.42,6.0,327.24,22 / 23,1.4691297714099665,0.7279703835217941,-0.2082763238952346,1385.7209136810332,222.5840201526322,158.6861663227475,False,135.7,-7.204253600694399,14.925310733939584,1261.0835471696896,435.65060310045976,16.573055555562814,334.2339999999769,-8.673383372104364,14.19734035041779,-124.63736651134354,213.06658294782756
446114.0,2.0336,0.2613,8.7629,0.031,-0.0278,9.8065,-0.0269,0.1514,-0.0637,20.39,-88.7,36.96,53.04528,-1.799129,14.42,6.0,327.24,22 / 23,1.6339466814984458,0.6819797730150063,-0.26145632389521645,1385.8760675036785,222.65451766045902,158.662679690358,False,135.79999999999995,-7.343964798415841,14.994209124661266,1260.3481318251877,437.15173461045856,16.696111111107474,333.9050000000097,-8.977911479914287,14.312229351646259,-125.52793567849085,214.49721694999954
446214.0,1.0352,-0.1277,10.8927,-0.0246,-0.0261,9.8066,0.2241,-0.03,-0.0789,23.13,-88.4,42.08,53.04528,-1.799129,14.42,6.0,327.24,22 / 23,1.777336121028891,0.6700322198840497,-0.2593413238952159,1386.0466316438049,222.722118260104,158.63663980796846,False,135.89999999999998,-7.15865923687123,15.009115350659515,1259.6394588568044,438.6528661204592,16.628888888889882,334.50099999999117,-8.935995357900122,14.339083130775466,-126.40717278700049,215.93074786035518
446314.0,-1.708,-3.4133,9.1331,-0.03,0.0354,9.8065,-0.0982,0.3187,-0.1941,43.6,-88.13,61.14,53.04528,-1.799129,14.42,6.0,327.24,22 / 23,1.6487953559797073,0.6155381174395715,-0.23871632389521116,1386.2179382176553,222.78639677697018,158.61173692557892,False,136.0,-7.238864531226732,15.006380768037898,1258.917414700388,440.1539976304598,16.66111111111111,334.24800000000005,-8.88765988720644,14.390842650598326,-127.30052351726727,217.36760085348962
446414.0,2.0339,0.5145,12.6096,0.0153,0.0636,9.8064,-0.1823,0.3812,-0.1423,54.74,-87.93,71.44,53.04528,-1.799129,14.42,6.0,327.24,22 / 23,1.564746329841433,0.5164556891490673,-0.13224632389524738,1386.3786153019462,222.8429964672996,158.5931887931894,False,136.09999999999997,-7.284944888700532,15.049517532747707,1258.188684949968,441.66624863206783,16.719999999996553,334.17000000000456,-8.849691218541965,14.53306184359864,-128.1899303519781,218.82325216476823
446515.0,0.7631,1.5496,9.6894,0.0153,0.039,9.8065,-0.129,0.4246,-0.2993,63.24,-88.2,80.98,53.04528,-1.799129,14.42,6.0,327.24,20 / 23,1.7540473009956374,0.479395380698702,0.0033815261047514256,1386.5462143803034,222.89328694632692,158.58668112090098,False,136.20099999999996,-7.473696288327369,15.070590683021672,1257.4258586698757,443.1933997546705,16.821975000004738,333.62260999999734,-9.227743589323007,14.591195302322971,-129.1203557104277,220.30011280834358
446614.0,5.2546,0.227,9.2379,0.0844,0.0315,9.8062,-0.0988,0.0855,-0.1657,63.09,-88.5,81.42,53.04528,-1.799129,14.42,6.0,327.24,20 / 23,1.9906430017887455,0.2821812612635265,-0.03057547389524498,1386.7315765502913,222.93098499010404,158.58533502048536,False,136.29999999999995,-7.410380699537685,14.982572639170687,1256.697797478791,444.66851165206924,16.715000000003194,333.68299999999823,-9.40102370132643,14.700391377907161,-130.03377907150025,221.7375266619652
446715.0,2.7756,-3.2637,9.1468,0.0516,-0.0069,9.8064,-0.1622,0.4037,-0.1544,56.45,-88.43,73.95,53.04528,-1.799129,14.42,6.0,327.24,20 / 23,2.083079617258273,-0.1264390829821781,-0.09261977389524434,1386.937299542553,222.93884997010724,158.57911366047193,False,136.40099999999995,-7.306843557859275,15.108917059264497,1255.9614461511112,446.1959963587426,16.783019444441603,334.19114000001025,-9.389923175117548,15.235356142246676,-130.9758533914419,223.25714638863536
446815.0,5.7114,1.0973,9.2479,-0.051,-0.0477,9.8063,0.0973,-0.5232,0.1886,51.92,-88.26,69.3,53.04528,-1.799129,14.42,6.0,327.24,20 / 23,2.261839655253929,-0.49081176948179606,-0.15354977389525812,1387.1545455061787,222.90798742748404,158.5668051830824,False,136.50099999999998,-7.567846827395096,15.191552878131393,1255.1996227101354,447.7193668542937,16.972213888888867,333.5192699999993,-9.829686482649025,15.68236464761319,-131.95492279604332,224.81137942680965
446914.0,-1.3848,-0.5685,9.4434,0.0385,-0.0099,9.8066,0.0709,0.1116,-0.1416,50.91,-87.8,70.32,53.04528,-1.799129,14.42,6.0,327.24,20 / 23,2.4308954427362544,-0.6114092683265451,-0.19918877389525325,1387.3868358935292,222.85342748611254,158.54934462496678,False,136.59999999999997,-7.388025998698108,15.30945117563966,1254.4781802571933,449.2275036440869,16.99888888888731,334.23899999995746,-9.818921441434362,15.920860443966205,-132.90865563633588,226.37407615797434
447014.0,-6.0675,-1.1171,9.6809,-0.0787,-0.0253,9.8062,0.0078,-0.6224,0.4219,56.93,-87.73,73.28,53.04528,-1.799129,14.42,6.0,327.24,20 / 23,2.1714107424388924,-0.31935123342342703,-0.22363877389525877,1387.616951202788,222.80688946102504,158.52820324757724,False,136.7,-7.573660345962151,15.301271024557888,1253.7160225365435,450.7619936313638,17.07305555555231,333.66600000002506,-9.745071088401044,15.620622257981315,-133.90092866624445,227.95510417033876
447115.0,-1.6565,0.1116,9.4151,0.0266,-0.0033,9.8066,-0.0059,-0.2807,0.2243,50.97,-87.82,67.74,53.04528,-1.799129,14.42,6.0,327.24,20 / 23,1.9274262116819034,0.007974532792606237,-0.24976242389525846,1387.8239424689712,222.79116493764317,158.50429648708882,False,136.801,-7.439023889139878,15.206478014290331,1252.9661663088689,452.2895895336699,16.928561111103985,333.9321300000112,-9.366450100821782,15.198503481497726,-134.85777616010228,229.49842459602675
447215.0,-3.4446,-1.0995,8.8573,-0.0079,-0.0518,9.8064,0.0193,-0.4231,0.1431,37.02,-87.92,54.68,53.04528,-1.799129,14.42,6.0,327.24,20 / 23,1.721619874669973,0.17062640840505874,-0.3168074238952355,1388.0063947732888,222.80009498470307,158.47596799469932,False,136.90099999999995,-7.646318062771854,15.371941225823909,1252.191038535746,453.8238571317987,17.168661111114755,333.55336999999355,-9.367937937441827,15.201314817418849,-135.8153562375428,231.02376214709565
447315.0,4.4204,0.8885,9.3877,-0.0714,-0.0402,9.8063,0.0089,-0.6187,0.4443,33.92,-87.94,51.81,53.04528,-1.799129,14.42,6.0,327.24,20 / 23,1.7665578497944923,0.18069644010655897,-0.3852224238952509,1388.180803659512,222.81766112712864,158.44086650230977,False,137.00099999999998,-7.424277262585797,15.21207391108497,1251.4554894793623,455.3363305240724,16.927111111111028,333.98524000000003,-9.190835112380288,15.031377470978411,-136.72531418014978,232.51866939694378
447414.0,-2.6094,-0.9965,9.5722,-0.0608,-0.0084,9.8064,-0.0298,0.0685,0.0412,26.24,-88.15,44.79,53.04528,-1.799129,14.42,6.0,327.24,20 / 23,1.8388337121663663,0.14477687082324872,-0.4175657238952474,1388.3592705418291,222.83377205601965,158.40112848899415,False,137.09999999999997,-7.4877844800305144,15.291224383557909,1250.7141908121775,456.85547561136616,17.026111111105255,333.91000000000446,-9.32661819219688,15.14644751273466,-137.64507972965157,234.0217035553465
447514.0,1.3496,1.0451,10.598,-0.0649,-0.0249,9.8064,0.1202,-0.2554,0.0554,38.74,-87.82,56.11,53.04528,-1.799129,14.42,6.0,327.24,19 / 21,1.790517700768141,0.19316462155049174,-0.38972072389524093,1388.540738112476,222.85066913063835,158.3607641666046,False,137.2,-7.584066692785183,15.35531224656014,1249.952033091447,458.38996560005836,17.126111111106734,333.7150000000085,-9.374584393553324,15.162147625009649,-138.588705021029,235.53929646942
447614.0,2.7401,-0.1563,8.8085,0.0408,-0.0043,9.8066,0.0594,0.3643,-0.2669,46.19,-87.81,62.4,53.04528,-1.799129,14.42,6.0,327.24,19 / 21,1.976809461005056,0.12292266577024387,-0.4000607238952373,1388.7291044705646,222.86647349500439,158.3212750942151,False,137.29999999999995,-7.898857973138945,15.753733837851229,1249.1564474005395,459.9800530501683,17.623055555540866,333.37100000001016,-9.875667434144,15.630811172080985,-139.57265707002512,237.1135795551639
447714.0,2.8306,0.2206,8.7762,-0.0187,-0.0162,9.8066,-0.0632,-0.0002,-0.0305,43.81,-87.7,60.0,53.04528,-1.799129,14.42,6.0,327.24,19 / 21,2.189120299804717,-0.03635501525163333,-0.5014907238952603,1388.9374009586052,222.8708018775303,158.27619752182557,False,137.39999999999998,-7.695159063585889,15.325433667919777,1248.3942896798872,461.5034235457295,17.148888888895897,333.33800000000053,-9.884279363390606,15.36178868317141,-140.54311127871802,238.6326216681992
447815.0,-0.64,2.1253,9.4741,0.0241,0.0051,9.8066,-0.1863,0.3522,-0.1954,38.16,-87.58,54.54,53.04528,-1.799129,14.42,6.0,327.24,19 / 21,2.3518376590522387,0.013275441078368137,-0.5703222238952597,1389.1667193355274,222.86963635903456,158.22207096796214,False,137.50099999999998,-7.4240171794089855,15.311283681848227,1247.657670928445,463.04258372016386,17.01622499999965,334.1327200000006,-9.775854838461225,15.298008240769859,-141.50904840708245,240.1729473611293
447914.0,-3.0441,-2.2149,9.1114,0.0001,-0.0055,9.8066,-0.0428,0.2902,-0.1965,33.45,-87.28,52.37,53.04528,-1.799129,14.42,6.0,327.24,19 / 21,2.21325951726872,0.14345757405172366,-0.6211983238952542,1389.3926916457553,222.8773946432835,158.1630907008465,False,137.59999999999997,-7.805652310468998,15.59568504449846,1246.876659832592,464.60576199886054,17.439999999974937,333.4120000000426,-10.018911827737718,15.452227470446736,-142.5160318131634,241.72836735557703
448014.0,-0.5287,-0.2409,10.0938,0.0227,0.0119,9.8066,0.0309,0.1731,-0.1704,41.32,-87.06,56.82,53.04528,-1.799129,14.42,6.0,327.24,19 / 21,2.0059749156362647,0.17975837839669537,-0.6416033238952588,1389.6036533674007,222.89355544090594,158.09995061845697,False,137.7,-7.714746177499985,15.350410138401527,1246.114502111939,466.14025198755536,17.18000000001138,333.3170000000041,-9.72072109313625,15.170651760004832,-143.48915125546182,243.24669654664942
448114.0,-1.8501,0.5096,9.6551,0.0036,0.0057,9.8066,-0.0119,0.1753,-0.0275,41.79,-87.07,59.83,53.04528,-1.799129,14.42,6.0,327.24,19 / 21,1.93738813079443,0.30457281708891276,-0.6348233238952611,1389.8008215197221,222.9177720006802,158.03612928606748,False,137.79999999999995,-7.813273602459408,15.272418950943427,1245.3322876091179,467.66362248099233,17.15500000000074,332.90600000001217,-9.750661733253839,14.967846133854515,-144.46853391060426,244.74585048031213
448214.0,-0.5846,-0.7921,9.9925,0.0025,0.0146,9.8066,-0.0496,-0.0286,0.1298,42.76,-87.04,58.78,53.04528,-1.799129,14.42,6.0,327.24,19 / 21,1.8487062360557955,0.4116016476209356,-0.6331083238952607,1389.9901262380647,222.9535807239157,157.97273270367793,False,137.89999999999998,-7.7318408437893655,15.45494867027431,1244.5634442943826,469.22035145453486,17.281111111109247,333.4219999999924,-9.58054707984516,15.043347022653375,-145.42668194368207,246.26677073061916
448314.0,-1.4732,-0.3352,9.7282,0.0497,0.0273,9.8064,-0.077,0.1798,-0.143,37.64,-87.35,56.34,53.04528,-1.799129,14.42,6.0,327.24,19 / 21,1.742144178547492,0.4700637606918083,-0.6277383238952595,1390.1696687587948,222.99766399433136,157.9096903712884,False,138.0,-7.825322351065506,15.006076943204423,1243.7812297915868,470.6992439796853,16.92388888888889,332.459,-9.567466529612998,14.536013182512615,-146.388438967208,247.70157998535396
448414.0,0.227,1.2618,9.2417,0.0107,-0.0247,9.8066,0.0231,-0.1263,0.0293,39.49,-87.32,55.37,53.04528,-1.799129,14.42,6.0,327.24,19 / 21,1.7317899715166507,0.5795419753880611,-0.6599083238952486,1390.3433654662979,223.05014428113535,157.8453080388989,False,138.09999999999997,-7.7373591166758775,15.279577870552231,1243.0123864769084,472.24485345927525,17.126944444432556,333.14299999995995,-9.469149088192529,14.70003589516417,-147.33097898938945,249.1947091781399
448514.0,2.9305,0.8483,9.9667,-0.0078,-0.0133,9.8066,-0.0326,-0.1098,0.065,35.49,-87.24,51.57,53.04528,-1.799129,14.42,6.0,327.24,19 / 22,1.9332406238272495,0.6069272954270852,-0.6801533238952532,1390.526616996065,223.10946774467612,157.77830495650937,False,138.2,-7.835260677671058,15.254280718420159,1242.2301719741135,473.7682239541285,17.148888888887928,332.8130000000145,-9.768501301498308,14.647353422993074,-148.2964450219515,250.65875620945235
448614.0,1.0588,-1.8226,9.5159,-0.0557,-0.0463,9.8064,-0.0447,-0.1704,0.0395,30.67,-86.96,50.37,53.04528,-1.799129,14.42,6.0,327.24,19 / 22,2.0820307391726502,0.4880012087786726,-0.6866883238952509,1390.727380564215,223.1642141698864,157.70996287411987,False,138.29999999999995,-7.845955414081203,15.064236078886115,1241.447957471265,475.2693554641292,16.985000000004845,332.48800000000966,-9.927986153253853,14.576234870107442,-149.27942309295008,252.1051412942428
448715.0,-0.2264,1.6123,10.2449,-0.0314,-0.0301,9.8065,0.0598,-0.1225,-0.0317,35.72,-86.31,53.35,53.04528,-1.799129,14.42,6.0,327.24,19 / 22,2.125269621124155,0.4916869302681788,-0.6792395738952509,1390.93984923241,223.21368842090828,157.64098351528145,False,138.40099999999995,-7.810118304925189,15.125472507624044,1240.6578539675281,476.7969513664343,17.02286388888752,332.6902000000026,-9.935387926049344,14.633785577355866,-150.28199526488197,253.58326294552603
448814.0,0.5165,-0.2879,9.0633,0.016,-0.0161,9.8066,0.1298,0.0663,-0.1867,39.43,-86.13,56.49,53.04528,-1.799129,14.42,6.0,327.24,19 / 22,2.1820718580925624,0.5718510932432934,-0.694342023895258,1391.1530626356314,223.26633355307212,157.5729912261908,False,138.5,-7.899134953541516,15.181859566172161,1239.8768428716703,478.3160964545398,17.113888888888887,332.51199999999994,-10.081206811634079,14.610008472928868,-151.27621976396108,255.04976290146766
448914.0,1.9067,0.8813,9.4501,-0.0144,0.0162,9.8066,-0.029,-0.0118,0.0089,41.09,-86.15,58.01,53.04528,-1.799129,14.42,6.0,327.24,19 / 22,1.9584750799926909,0.46825360197498767,-0.6369364703109532,1391.3600899825356,223.318338787833,157.5064273014805,False,138.59999999999997,-7.8994732048063305,15.080156364837887,1239.0879427748753,479.8283474568551,17.023888888894156,332.35300000000933,-9.857948284799022,14.611902762862899,-152.27214720766028,256.5100086690221
449015.0,1.4304,-0.5261,10.0076,0.0434,0.0344,9.8064,-0.0449,0.1341,-0.0844,39.59,-86.52,57.12,53.04528,-1.799129,14.42,6.0,327.24,19 / 22,2.1095848219708517,0.4083530170071361,-0.644794270310953,1391.5655270075847,223.3626074220916,157.44169989907908,False,138.70099999999996,-7.758599850387636,14.89832842070723,1238.3110098913778,481.33337078882323,16.79751111110497,332.4909100000267,-9.868184672358488,14.489975403700093,-153.2545171162069,257.9707633667316
449115.0,-1.2211,0.2018,9.9574,0.0145,-0.0043,9.8066,0.0029,0.2147,-0.1094,39.07,-86.56,56.7,53.04528,-1.799129,14.42,6.0,327.24,19 / 22,2.116707550055025,0.4249890670097113,-0.627209270310949,1391.776841626186,223.40427452629245,157.37809972204798,False,138.801,-7.978194497017546,14.935916993996187,1237.5024541480225,482.834168714045,16.933200000008465,331.8906199999924,-10.094902047072571,14.510927926986476,-154.2743874781636,259.42989418775255
449215.0,2.9933,1.4044,9.9266,0.0248,0.0188,9.8065,0.0336,0.0997,-0.0964,43.97,-86.42,58.38,53.04528,-1.799129,14.42,6.0,327.24,19 / 22,2.243310941369978,0.4536694851545939,-0.6136742703109536,1391.9948425507573,223.44820745390066,157.3160555450169,False,138.90099999999995,-7.777647044429934,14.718890751888104,1236.7332765535864,484.3024977206739,16.647449999996358,332.1475000000037,-10.020957985799912,14.26522126673351,-155.26156599717092,260.8542902667732
449315.0,-1.2309,-2.0721,10.2083,0.035,0.0189,9.8065,0.0289,0.3101,-0.2248,42.4,-86.4,62.02,53.04528,-1.799129,14.42,6.0,327.24,19 / 22,2.2966909406701337,0.4007166080410694,-0.5875942703109476,1392.2218426448594,223.49092675856045,157.25599211798578,False,139.00099999999998,-7.95387897675875,14.896790241783798,1235.931272692409,485.82531223950303,16.88723055555578,331.9008099999999,-10.250569917428884,14.496073633742729,-156.29056995245037,262.3343854809426
449416.0,-1.1199,-0.8822,10.9674,-0.0353,-0.0084,9.8065,-0.0767,-0.1764,0.1002,51.0,-86.15,67.03,53.04528,-1.799129,14.42,6.0,327.24,19 / 22,2.1244903289227586,0.41613525340288166,-0.5086930703109482,1392.4451122989738,223.53217777756336,157.20062960728438,False,139.10199999999998,-7.804154436886619,14.66334214049493,1235.1479884946125,487.30754061257164,16.61079444445102,331.97708000001137,-9.928644765809377,14.247206887092048,-157.29712380436126,263.7753628350083
449515.0,-0.5696,-0.7921,10.5335,0.0072,0.0148,9.8065,-0.0734,-0.0144,-0.0034,50.43,-85.95,66.21,53.04528,-1.799129,14.42,6.0,327.24,20 / 22,2.0240751460746855,0.46167916427685574,-0.41525687031095804,1392.650466289986,223.5756295912385,157.15489408522362,False,139.20099999999996,-7.8027362935758005,14.538083922845182,1234.3799474512005,488.7495164211419,16.499669444445896,331.77708000003474,-9.826811439650486,14.076404758568327,-158.27051883878562,265.1738868299034
449614.0,-0.8923,0.1556,9.2255,-0.0211,-0.0427,9.8065,0.1061,-0.0978,0.1163,49.08,-85.63,64.5,53.04528,-1.799129,14.42,6.0,327.24,20 / 22,1.9688133781485255,0.5303151823534209,-0.40804472031095873,1392.8481142719352,223.6247333113967,157.11414065648785,False,139.29999999999995,-7.985092597748194,14.401338671867887,1233.585698879084,490.1805951271345,16.466944444445424,330.99300000002347,-9.953905975896719,13.871023489514466,-159.26241539285115,266.5558618157378
449714.0,-0.6437,-1.0718,8.881,0.0137,0.0059,9.8066,-0.1528,0.0282,-0.0711,47.42,-85.78,63.22,53.04528,-1.799129,14.42,6.0,327.24,20 / 22,1.8995342879324666,0.5907713475730996,-0.4833847203109758,1393.0415316552392,223.68078763789305,157.06956918445675,False,139.39999999999998,-8.042590981013953,14.292541072606552,1232.7767420000878,491.62612917429954,16.400000000000986,330.6330000000054,-9.94212526894642,13.701769725033452,-160.2647896551514,267.9453415364065
449814.0,1.3889,0.4553,8.7897,0.026,-0.024,9.8065,-0.0239,-0.0656,0.0816,42.22,-85.62,57.61,53.04528,-1.799129,14.42,6.0,327.24,20 / 22,1.9182396178704295,0.5834346786989617,-0.5805147203109978,1393.2324203505293,223.73949793920667,157.01637421242563,False,139.5,-7.751244161133188,14.056426800649925,1232.014584279462,493.0383047420661,16.051944444444445,331.126,-9.669483779003619,13.472992121950963,-161.21783607106727,269.2988068028594
449915.0,-0.3712,-0.6923,9.2522,0.0463,-0.0161,9.8065,-0.0974,0.0382,0.0076,33.98,-85.65,50.32,53.04528,-1.799129,14.42,6.0,327.24,20 / 22,1.959650965954284,0.5714591926107485,-0.6598704203109971,1393.4282538250125,223.7978200797078,156.9537347628242,False,139.601,-7.8907746367499,13.858462976896408,1231.2111764435817,494.45337137806473,15.947455555552587,330.34353999999104,-9.850425602704185,13.28700378428566,-162.21707738143073,270.65555129835695
450014.0,-1.4028,-0.9822,9.5128,-0.0174,-0.0153,9.8066,-0.0147,-0.1348,0.1499,29.04,-85.65,45.97,53.04528,-1.799129,14.42,6.0,327.24,20 / 22,1.8457005149693666,0.5812770892868121,-0.7018612703109925,1393.6166187233182,223.85488052566174,156.88632904413842,False,139.7,-7.878791530696479,13.923448767255753,1230.4367840857878,495.8404168933515,15.99805555555332,330.4959999999932,-9.724492045665846,13.34217167796894,-163.17983463753035,271.98553636768975
450114.0,-1.549,-0.9254,10.2782,0.0397,-0.0134,9.8065,0.0594,0.0016,0.009,29.63,-85.7,44.05,53.04528,-1.799129,14.42,6.0,327.24,20 / 22,1.6737282154868651,0.6077857624156873,-0.6929762703109955,1393.792590159841,223.91433366824685,156.81658716710734,False,139.79999999999995,-7.648759432074323,13.781704242227327,1229.6813119591657,497.2192339845481,15.761944444451425,330.96999999998604,-9.322487647561188,13.17391847981164,-164.11127820067532,273.30490031630126
450214.0,-0.4011,-0.2692,11.0623,-0.0135,-0.0087,9.8066,0.1064,-0.2737,0.1827,29.51,-85.79,44.04,53.04528,-1.799129,14.42,6.0,327.24,20 / 22,1.5629867521166363,0.6413340502189473,-0.6066162703109758,1393.954425908221,223.9767896588786,156.75160754007624,False,139.89999999999998,-7.6886996740455045,13.578116429726006,1228.912468644431,498.5758120887719,15.603888888891225,330.4790000000073,-9.251686426162141,12.936782379507058,-165.04195726378998,274.5990224298933
450314.0,3.6423,0.5163,10.1028,0.0144,0.0203,9.8066,-0.0428,-0.0858,0.175,23.52,-86.13,41.51,53.04528,-1.799129,14.42,6.0,327.24,20 / 22,1.71773472078144,0.6278891793527237,-0.5290262703109581,1394.118461981866,224.0402508203572,156.69482541304512,False,140.0,-7.699191847392507,13.696263838082027,1228.1436253297227,499.94350968754253,15.711944444444445,330.658,-9.416926568173947,13.068374658729303,-165.97483665214327,275.90325886718534
450414.0,0.17,1.7253,8.7393,-0.0766,-0.0157,9.8063,0.0003,-0.4612,0.3166,18.21,-86.35,37.81,53.04528,-1.799129,14.42,6.0,327.24,20 / 22,1.9279083182374719,0.6955492207260447,-0.5675862703109449,1394.3007441338168,224.1064227403611,156.63999478601406,False,140.09999999999997,-7.63317558144618,13.41990762512037,1227.3881532031303,501.2778488061092,15.438888888904875,330.36900000001697,-9.561083899683652,12.724358404394325,-166.91259093068652,277.1714260657481
450514.0,3.7966,2.8268,10.4495,-0.0437,-0.0196,9.8065,0.0846,-0.4527,0.2122,24.19,-86.29,43.05,53.04528,-1.799129,14.42,6.0,327.24,22 / 23,2.19209140263972,0.8633602593684792,-0.5888112703109496,1394.5067441198607,224.18436821436583,156.58217490898295,False,140.2,-7.686005869917259,13.319531014169831,1226.619309888396,502.61218792618837,15.378055555558218,330.0130000000156,-9.878097272556978,12.456170754801352,-167.8874342314648,278.4278197118225
450614.0,-2.412,-2.5038,10.6595,-0.0768,-0.0087,9.8063,0.0694,-0.0763,0.046,26.1,-86.29,44.74,53.04528,-1.799129,14.42,6.0,327.24,22 / 23,2.260441193011397,0.8926052901681626,-0.514026270310975,1394.7293707496433,224.27216649184263,156.52703303195187,False,140.29999999999995,-7.769368323747575,13.210851510789068,1225.8437809796314,503.9242880614164,15.326111111112645,329.540000000014,-10.029809516758972,12.318246220620905,-168.88558977001185,279.65212156957375
450714.0,3.5748,0.8095,10.6772,-0.1023,-0.0036,9.8061,-0.0092,-0.3345,0.1015,39.79,-86.04,55.95,53.04528,-1.799129,14.42,6.0,327.24,22 / 23,2.265998622447664,0.7867243642775925,-0.42785627031095547,1394.9556927404162,224.35613297456493,156.47993890492077,False,140.39999999999998,-7.751565784761312,12.988936262461447,1225.0682520708658,505.2252687020969,15.126111111114065,329.1720000000055,-10.017564407208976,12.202211898183855,-169.88744066955041,280.869135727532
450814.0,-0.7441,0.0159,9.807,0.0295,0.0369,9.8065,-0.0704,0.3348,-0.096,42.59,-86.28,59.53,53.04528,-1.799129,14.42,6.0,327.24,22 / 23,2.413371240406534,0.7650232225545909,-0.38431127031094553,1395.189661233559,224.43372035390655,156.43933052788967,False,140.5,-7.853506853295746,12.888861707238663,1224.2860375680439,506.5040103586335,15.093055555555555,328.645,-10.26687809370228,12.123838484684072,-170.90362366551517,282.0702900047269
450914.0,-2.3979,0.1858,9.4728,0.0239,0.0216,9.8066,-0.003,0.1592,-0.0893,42.93,-86.5,60.13,53.04528,-1.799129,14.42,6.0,327.24,22 / 23,2.3170207562391636,0.9147697170070663,-0.4009862703109398,1395.4261808333913,224.51771000088462,156.40006565085858,False,140.59999999999997,-7.964694750749125,12.855755398410288,1223.490451877246,507.79387150750074,15.1230555555538,328.2200000000249,-10.281715506988288,11.940985681403221,-171.93572895614534,283.2761615066161
451014.0,1.5111,-0.4764,10.3036,0.0598,-0.0102,9.8065,-0.0294,0.1042,-0.0552,45.04,-86.61,59.64,53.04528,-1.799129,14.42,6.0,327.24,22 / 23,2.284810780527325,0.9681886347259129,-0.39283127031093795,1395.6562724102296,224.6118579184713,156.3603747738275,False,140.7,-8.01762924403732,12.704716428578681,1222.6881805923065,509.0614936716126,15.023055555559932,327.7450000000208,-10.302440024564644,11.736527793852769,-172.9680918179231,284.4496357531413
451114.0,-2.4438,1.5364,8.8917,0.0409,-0.0019,9.8065,-0.1427,0.2386,-0.1259,31.26,-86.69,48.94,53.04528,-1.799129,14.42,6.0,327.24,22 / 23,2.2657583444263927,1.0630725976267972,-0.41373127031093077,1395.8838008664773,224.7134209800889,156.3200466467964,False,140.79999999999995,-8.128728382217808,12.548286669700346,1221.8725381193074,510.31799634259,14.951111111113237,327.0650000000201,-10.394486726644201,11.485214072073548,-174.0112627471699,285.6045753625011
451214.0,1.0013,-1.3235,10.1096,-0.0045,-0.0084,9.8066,0.0037,0.0032,-0.0794,31.21,-86.44,46.88,53.04528,-1.799129,14.42,6.0,327.24,22 / 23,2.214322908682771,1.1468002954764118,-0.44433127031093766,1396.1078049291327,224.82391462474408,156.2771435197653,False,140.89999999999998,-8.172187683604834,12.324850326807455,1221.0568956462803,511.5522600280095,14.788055555557966,326.453000000009,-10.386510592287605,11.178050031331043,-175.05090928285244,286.72834540326545
451314.0,0.0607,-0.0942,10.8183,-0.0153,0.0121,9.8066,0.0411,0.0331,-0.0234,34.16,-86.31,51.18,53.04528,-1.799129,14.42,6.0,327.24,22 / 23,2.2282789945448878,1.0957107573259202,-0.3786012703109226,1396.3299350242942,224.93604017738423,156.2359968927342,False,141.0,-8.175818123917082,12.217964883967522,1220.2412531732534,512.7865237148432,14.70111111111111,326.211,-10.40409711846197,11.122254126641602,-176.08868185104075,287.8504835374589
451414.0,-0.2228,0.7166,11.1433,-0.0249,0.0307,9.8065,0.0185,0.194,-0.1252,43.31,-86.36,60.3,53.04528,-1.799129,14.42,6.0,327.24,22 / 23,2.254024738283315,1.159978730712196,-0.26118627031096253,1396.5540502109354,225.0488246517861,156.2040075157031,False,141.09999999999997,-8.249590136976693,12.185051808337644,1219.418925106283,513.9985484153219,14.714999999999185,325.90100000001814,-10.503614875260007,11.025073077625448,-177.1351251046524,288.9497237635358
451514.0,0.5952,-1.1527,10.9633,0.0116,0.0201,9.8066,-0.0273,0.0424,-0.0116,47.61,-86.35,64.21,53.04633,-1.799896,15.9,3.925812,341.76,19 / 21,2.2616026732630057,1.167748575320161,-0.1365212703109341,1396.7798315815128,225.16521101708776,156.184122138672,False,141.2,-8.216988070718912,12.090022964043358,1218.6032826332557,515.2105731151821,14.618055555559799,325.7980000000045,-10.478590743981918,10.922274388723197,-178.17654894825705,290.04536209809436
451614.0,-0.3019,0.2672,9.7353,0.014,0.0013,9.8066,0.0547,0.0256,-0.0089,49.08,-86.32,65.53,53.04633,-1.799896,15.9,3.925812,341.76,19 / 21,1.916465747644763,0.9870660497690894,-0.06991782976430964,1396.988735002558,225.2729517483422,156.17380018366825,False,141.29999999999995,-8.358979356044832,12.03864847175202,1217.7675833781393,516.4225978143345,14.656111111109986,325.2260000000169,-10.275445103689595,11.051582421982932,-179.22115162441878,291.14964606599233
451715.0,-2.2046,-1.3408,10.0971,0.022,0.0005,9.8066,0.0413,0.1779,-0.0953,47.19,-86.53,64.89,53.04633,-1.799896,15.9,3.925812,341.76,19 / 21,1.8067299761949245,1.0776664725034222,-0.05885327976430969,1397.176756386612,225.37722074071695,156.16729724263706,False,141.40099999999995,-8.365825416325558,11.884305130476259,1216.9235271304171,517.6242813879086,14.53353888888941,324.8567900000018,-10.172555392520483,10.806638657972837,-180.2532292561948,292.24706064719163
451814.0,4.1235,0.4707,9.4669,0.0724,0.0292,9.8063,-0.0251,0.2998,-0.0926,50.5,-86.69,65.5,53.04633,-1.799896,15.9,3.925812,341.76,19 / 21,1.8471865019726528,1.003640023280416,-0.06129362976431078,1397.3576252522814,225.48024541225828,156.1613499706154,False,141.5,-8.370650268136599,11.838496234779583,1216.0961848678503,518.8021692457677,14.49888888888889,324.737,-10.217836770109251,10.834856211499167,-181.26144038443113,293.3219238335094
451914.0,-3.7499,-1.5252,9.2198,0.1029,0.0293,9.806,-0.1151,0.6334,-0.3395,38.53,-87.26,57.94,53.04633,-1.799896,15.9,3.925812,341.76,19 / 21,1.8152835109970065,0.9516042591221885,-0.1076236297642949,1397.5407487529299,225.5780076263784,156.15290410763896,False,141.59999999999997,-8.299919209085115,11.703761760571767,1215.2738568008533,519.9697159751324,14.348055555564384,324.65700000000464,-10.11520272008212,10.75215750144958,-182.26689195207655,294.39170834875404
452014.0,4.8207,0.4891,10.2373,-0.0081,-0.0083,9.8066,-0.0112,-0.3116,0.1923,41.48,-86.99,56.78,53.04633,-1.799896,15.9,3.925812,341.76,19 / 21,1.8281195538343629,0.9034542277853395,-0.11543362976429669,1397.7229189061716,225.6707605507238,156.14175124466252,False,141.7,-8.202842865478491,11.894694575633133,1214.4582143278258,521.1706211818579,14.448888888884476,325.4089999999671,-10.030962419312853,10.991240347847794,-183.2647045783458,295.4998606311341
452114.0,3.6407,0.7082,10.5743,0.0482,0.0215,9.8065,-0.0053,0.2598,-0.2135,38.21,-86.99,56.43,53.04633,-1.799896,15.9,3.925812,341.76,19 / 21,2.1999688399578274,0.7134179749679195,-0.055518629764317144,1397.9243233258612,225.75160416086143,156.1332036316861,False,141.79999999999995,-8.053107741958108,11.994234426476718,1213.6559430429124,522.3826458824243,14.4469444444445,326.1219999999789,-10.253076581915936,11.280816451508798,-184.26838028294878,296.63104172156284
452214.0,3.1383,2.0708,10.2846,-0.1044,-0.0541,9.8059,0.1886,-0.8146,0.3998,40.74,-86.79,61.85,53.04633,-1.799896,15.9,3.925812,341.76,19 / 21,2.5612725984070743,0.6408255791869413,0.006761370235696999,1398.1623853977794,225.8193163385692,156.13076576870967,False,141.89999999999998,-8.078462770649443,11.949351862852355,1212.8469861639428,523.5724315988485,14.42388888888923,325.93900000000275,-10.639735369056517,11.308526283665413,-185.31539923383662,297.75311526027934
452314.0,2.593,1.9489,9.4649,-0.0213,-0.009,9.8066,0.0102,-0.4433,0.2508,49.49,-86.36,66.74,53.04633,-1.799896,15.9,3.925812,341.76,19 / 21,2.91941253326603,0.6164915718542524,0.013571370235698575,1398.4364196543631,225.88218219612128,156.13178240573325,False,142.0,-7.975825074519353,12.002763758295773,1212.0580860670632,524.7844562994159,14.411111111111111,326.396,-10.895237607785383,11.38627218644152,-186.37833358729995,298.9022741032946
452415.0,-5.9751,-1.1731,10.2686,-0.078,-0.0233,9.8062,-0.1413,-0.4554,0.3066,41.76,-86.47,61.43,53.04633,-1.799896,15.9,3.925812,341.76,19 / 21,2.828589277470613,0.7727851046212761,0.019641470235698545,1398.7266937458053,225.95234066828328,156.13345965417705,False,142.101,-8.109681237319668,11.738891268709136,1211.2346214491192,525.9639008859298,14.267763888890583,325.3617999999431,-10.93827051479028,10.96610616408786,-187.49207229668605,300.0115602176465
452514.0,1.524,1.9682,9.9483,-0.0704,-0.0454,9.8063,0.0992,-0.6797,0.5267,42.47,-86.16,59.26,53.04633,-1.799896,15.9,3.925812,341.76,19 / 20,2.702161698771073,0.982677549447696,0.049519670235695395,1399.0004659191293,226.0392360696597,156.13688313063037,False,142.2,-7.893750809590436,11.850512855832337,1210.4602290913517,527.1417887437883,14.238888888890164,326.3319999999571,-10.59591250836151,10.867835306384642,-188.54023682777756,301.1025526741286
452615.0,-4.6504,-3.4268,9.53,-0.0758,-0.0399,9.8062,0.1708,-0.0716,0.0927,41.08,-86.19,60.55,53.04633,-1.799896,15.9,3.925812,341.76,19 / 20,2.546763163975878,1.0639767502309128,0.04270217023569547,1399.265536624698,226.14259211179348,156.14154033357417,False,142.301,-7.953081569965115,11.74520472604014,1209.657088679175,528.3213445253198,14.184580555556776,325.8967599999629,-10.499844733940993,10.681227975809227,-189.6084479455228,302.1787524135263
452715.0,-0.2362,-1.4217,8.9758,-0.0971,-0.0221,9.8061,-0.0893,-0.5859,0.2443,48.77,-86.13,64.95,53.04633,-1.799896,15.9,3.925812,341.76,19 / 20,2.2109208546453454,1.0846085029585204,-0.012672829764285645,1399.5034208256288,226.2500213744529,156.14304180059773,False,142.40099999999995,-7.6692938912468716,11.884339254116108,1208.9016165525018,529.5223609283851,14.144105555553994,327.1646899999931,-9.880214745892218,10.799730751157588,-190.60180427312707,303.27233955393217
452815.0,-6.4286,-3.222,8.6161,0.0107,0.0006,9.8066,-0.1313,0.4536,-0.2121,42.36,-86.03,61.39,53.04633,-1.799896,15.9,3.925812,341.76,19 / 20,1.8172791703069238,1.1790113120827552,-0.11374282976430862,1399.7048308268766,226.36320236520498,156.13672101762128,False,142.50099999999998,-7.62502402504491,12.036223991753372,1208.1465455615232,530.7346080188074,14.24827499999998,327.64545999999865,-9.442303195351833,10.857212679670617,-191.55828526535333,304.37140565360244
452915.0,0.8518,-0.0608,9.1091,-0.047,-0.0596,9.8063,0.0417,-0.243,0.0982,42.42,-85.84,58.8,53.04633,-1.799896,15.9,3.925812,341.76,19 / 20,1.5123401430435488,1.281168342796452,-0.20814782976433005,1399.871311792544,226.48621134794897,156.12062648464484,False,142.601,-7.28790602458819,12.267875278480874,1207.431454422949,531.9689828997684,14.269380555559152,329.2870199999302,-8.80024616763174,10.986706935684422,-192.43985736959507,305.4827715518195
453015.0,5.1394,2.1651,8.588,0.1265,0.0199,9.8058,-0.1006,0.9517,-0.5132,37.95,-85.76,56.39,53.04633,-1.799896,15.9,3.925812,341.76,19 / 20,1.8212820445904543,1.2135231486901952,-0.30395782976429736,1400.0379929019257,226.61094592252326,156.09502120166843,False,142.70099999999996,-6.999622513589639,12.365145829674768,1206.7429719486172,533.2145884681671,14.208874999996405,330.4867499999572,-8.820904558180093,11.151622680984573,-193.2950209533085,306.6036425456439
453115.0,1.1257,0.4562,9.4343,0.0289,-0.0057,9.8066,-0.128,0.5909,-0.2912,28.9,-85.92,48.5,53.04633,-1.799896,15.9,3.925812,341.76,19 / 20,2.156809980588429,1.1704997473470353,-0.3835078297643154,1400.2368975031848,226.73014706732513,156.06064791869198,False,142.801,-6.826712561601794,12.553880336848717,1206.0679943742007,534.4824330214252,14.290019444444388,331.4629599999681,-8.983522542190222,11.383380589501682,-194.16890312898408,307.7522859541001
453215.0,4.8238,2.1992,10.2222,0.1109,0.0438,9.8059,-0.0574,0.6136,-0.3167,20.22,-86.14,41.91,53.04633,-1.799896,15.9,3.925812,341.76,19 / 20,2.4817074492969304,1.2204606634769195,-0.381347829764316,1400.468823374679,226.84969508786628,156.02240513571556,False,142.90099999999995,-6.58809702936031,12.683725037127811,1205.4194917522243,535.7722941703864,14.292655555554498,332.552009999994,-9.06980447865724,11.463264373650892,-195.0493316224547,308.92259908252015
453315.0,-4.7195,-1.7299,10.4675,0.0803,0.0303,9.8063,-0.0132,0.7795,-0.3521,23.92,-85.95,44.12,53.04633,-1.799896,15.9,3.925812,341.76,19 / 20,2.4939006753759942,1.294330413571625,-0.3275278297643037,1400.7176037809127,226.97543464171875,155.98696135273912,False,143.00099999999998,-6.5299667306129905,12.792412483607986,1204.7712565540094,537.0622665142715,14.36268611111114,332.9576999999993,-9.023867405988984,11.49808207003636,-195.9463472269033,310.0868318725528
453418.0,-4.8462,-1.5405,9.4825,0.019,0.0138,9.8066,-0.0839,0.4736,-0.247,29.53,-85.86,46.6,53.04633,-1.799896,15.9,3.925812,341.76,19 / 20,1.9810700649319095,1.4039426116696143,-0.31018777976430223,1400.9480647740386,227.1143957025187,155.9541189988484,False,143.10399999999998,-6.314347535899121,12.858777104558202,1204.131378348373,538.4022765748351,14.325511111111977,333.84651999996026,-8.29541760083103,11.454834492888587,-196.8166864256657,311.28788087231646
453514.0,-6.847,-3.2076,10.161,0.0373,-0.0071,9.8066,-0.0989,0.6304,-0.3166,17.67,-85.95,39.56,53.04633,-1.799896,15.9,3.925812,341.76,21 / 22,1.381997051504794,1.4431002194589406,-0.3087381797643021,1401.1094919956276,227.25105375841287,155.92441055279102,False,143.2,-6.159513985972173,12.917750914582562,1203.547324852941,539.651217991246,14.311111111111769,334.5069999999698,-7.541511037476967,11.474650695123621,-197.56216714268658,312.4001642328331
453614.0,-0.604,-0.8651,10.2057,-0.03,-0.0111,9.8066,0.053,-0.1347,0.1522,15.42,-85.91,37.58,53.04633,-1.799896,15.9,3.925812,341.76,21 / 22,0.9615446489310634,1.397676553527915,-0.2710681797643149,1401.2266690806493,227.39309259706215,155.8954202348146,False,143.29999999999995,-5.981767161467667,13.005294561292434,1202.9589925773162,540.9633181257652,14.314999999999884,335.2999999999766,-6.943311810398731,11.607618007764518,-198.26767650333318,313.5702255287031
453714.0,-0.0664,0.2983,10.9347,0.0484,0.0319,9.8064,0.0019,0.2852,0.0038,15.87,-86.13,38.08,53.04633,-1.799896,15.9,3.925812,341.76,21 / 22,0.9162724819005297,1.4163300702568475,-0.19471317976429753,1401.3205599371909,227.53379292825142,155.87213116683816,False,143.39999999999998,-5.722896081230523,13.060029586074375,1202.3907170838354,542.2754182602857,14.258888888889718,336.33699999998464,-6.639168563131053,11.643699515817527,-198.92984285335547,314.74162533203435
453814.0,0.9506,0.1914,9.8595,-0.0183,0.0101,9.8066,-0.0684,-0.1545,0.2806,17.3,-86.34,39.46,53.04633,-1.799896,15.9,3.925812,341.76,21 / 22,0.9604492305328569,1.4637377410818857,-0.13566817976428405,1401.4143960228125,227.6777963188184,155.8556120988617,False,143.5,-5.548223628743898,13.125536734375775,1201.8424983724726,543.5986378872317,14.249999999999998,337.086,-6.508672859276755,11.661798993293889,-199.5718976503399,315.92084156841327
453914.0,-3.5486,-0.7122,8.3575,0.0695,0.0061,9.8063,-0.1444,0.2373,-0.0298,7.53,-86.44,30.88,53.04633,-1.799896,15.9,3.925812,341.76,21 / 22,0.8205131369145326,1.4832519138455007,-0.20548317976426017,1401.503444141185,227.8251458015647,155.8385545308853,False,143.59999999999997,-5.495866886814422,13.43971157287075,1201.29427966115,544.9552159920627,14.519999999984192,337.7589999999606,-6.316380023728955,11.95645965902525,-200.20916448003481,317.130070190498
454014.0,-4.8535,-3.806,9.3145,-0.0253,-0.0501,9.8065,-0.1174,-0.4615,0.4059,356.98,-86.1,23.93,53.04633,-1.799896,15.9,3.925812,341.76,21 / 22,0.3937171995651441,1.3030082216628422,-0.30254817976428217,1401.564155658009,227.96445880834014,155.81315296290884,False,143.7,-5.456574534046431,13.41373823237918,1200.7527465438172,546.3006746052755,14.481111111112812,337.86399999999543,-5.850291733611575,12.110730010716336,-200.81140911419175,318.33621579693533
454114.0,-4.5065,-1.1656,9.262,0.0134,-0.0035,9.8066,0.0117,-0.1342,0.2756,352.59,-85.8,17.85,53.04633,-1.799896,15.9,3.925812,341.76,21 / 22,-0.07288746771867671,1.045974041068288,-0.3543881797642644,1401.5801971446012,228.08190792147667,155.78030614493244,False,143.79999999999995,-5.265971895209959,13.572270316989451,1200.231270208602,547.6683722026298,14.558055555553281,338.7939999999725,-5.193084427491282,12.526296275921164,-201.34892693599932,319.58646428115316
454214.0,-4.2875,-2.9021,10.0607,-0.0829,-0.0265,9.8062,0.075,-0.4044,0.2572,346.54,-86.06,12.51,53.04633,-1.799896,15.9,3.925812,341.76,21 / 22,-0.48477052310203533,0.7989155014999196,-0.3689181797642676,1401.5523142450602,228.1741523986051,155.744140826956,False,143.89999999999998,-5.309060166377208,13.662813503063582,1199.6964226853004,549.0471892931187,14.658055555554077,338.76500000000044,-4.824289643275172,12.863898001563662,-201.8558915597598,320.8730368945136
454314.0,2.5659,1.3075,10.7196,-0.0577,-0.0427,9.8063,0.0881,-0.4894,0.3489,351.89,-86.17,19.49,53.04633,-1.799896,15.9,3.925812,341.76,21 / 22,-0.5631317714809694,0.7214093721851145,-0.31056817976425427,1401.4999191303311,228.25016864228937,155.71016650897957,False,144.0,-5.013067940095677,13.759092688767975,1199.2083743203427,550.4371258760332,14.64388888888889,339.981,-4.449936168614708,13.03768331658286,-202.2915448099884,322.1869572337438
454414.0,-5.9632,-1.4046,10.3259,-0.0414,-0.0398,9.8064,0.0472,0.0975,-0.037,354.76,-86.19,21.97,53.04633,-1.799896,15.9,3.925812,341.76,21 / 22,-0.7550419183697573,0.7392377393849776,-0.2389581797642786,1401.4340104458386,228.32320099786784,155.68269019100316,False,144.09999999999997,-4.8732299252291735,13.91965418986485,1198.7270115493716,551.8270624595533,14.748055555549458,340.7049999999576,-4.118188006859416,13.180416450479873,-202.70699889646698,323.50386146168546
454514.0,1.7495,0.675,9.9073,-0.097,-0.0587,9.8059,0.0809,-0.2871,0.2648,1.73,-86.1,25.74,53.04633,-1.799896,15.9,3.925812,341.76,20 / 23,-0.9734318955189932,0.706815912349123,-0.2079631797642715,1401.3475867551442,228.39550368045457,155.66034412302673,False,144.2,-5.005587042601216,13.89061997748553,1198.2189064022457,553.2169990424682,14.764999999999258,340.1830000000229,-4.032155147082223,13.183804065136407,-203.12868035289853,324.8214953620136
454614.0,2.1247,0.7271,10.0827,0.0373,0.0158,9.8065,-0.0209,0.7661,-0.3928,358.79,-86.17,26.71,53.04633,-1.799896,15.9,3.925812,341.76,20 / 23,-0.7947080188457781,0.8107570951055225,-0.18912817976427787,1401.259179759426,228.47138233082728,155.64048955505032,False,144.29999999999995,-4.586594122371351,13.960880321694768,1197.7843427896078,554.6180551185146,14.69500000000207,341.81299999995184,-3.791886103525573,13.150123226589246,-203.47483696981817,326.1466727876873
454714.0,0.635,2.234,9.4209,-0.0538,0.0044,9.8065,-0.1432,0.2348,-0.01,2.44,-86.01,29.87,53.04633,-1.799896,15.9,3.925812,341.76,20 / 23,-0.6677463228321724,0.9939387631109612,-0.19461317976427903,1401.186057042342,228.56161712373813,155.62130248707388,False,144.39999999999998,-4.625310875358305,13.863791844453186,1197.3230368007464,555.9968722082971,14.615000000001181,341.5500000000039,-3.9575645525261325,12.869853081342224,-203.86302024159568,327.43525508455895
454814.0,0.3918,-0.2246,9.6398,0.0318,0.0476,9.8064,-0.0695,0.42,-0.1523,1.53,-85.82,31.39,53.04633,-1.799896,15.9,3.925812,341.76,20 / 23,-0.6261263815478814,1.12714546012239,-0.22224317976428531,1401.121363407123,228.66767133489984,155.60045966909743,False,144.5,-4.227897309198834,14.037110968531568,1196.935272346376,557.4090477760626,14.66,343.23800000000006,-3.6017709276509526,12.909965508409178,-204.186091060747,328.74137644116274
454914.0,-1.694,-2.1696,9.7133,0.0171,0.007,9.8066,-0.0345,0.2892,-0.0856,359.74,-85.99,29.85,53.04633,-1.799896,15.9,3.925812,341.76,20 / 23,-0.7060023911464091,1.0408960143159038,-0.23525317976428084,1401.0547569684884,228.77607340862173,155.577584851121,False,144.59999999999997,-4.243434574483012,14.162961837548876,1196.5073943277762,558.8323428368573,14.784999999992683,343.3209999999952,-3.5374321833366027,13.122065823232973,-204.5473626407122,330.0562694282355
455014.0,-1.9595,-2.0574,9.8286,0.0153,0.0198,9.8066,-0.0609,0.1089,-0.1006,356.76,-86.03,29.45,53.04633,-1.799896,15.9,3.925812,341.76,20 / 23,-0.8985793896190309,0.8574933740753716,-0.23882317976428158,1400.97452787945,228.8709928780413,155.55388103314456,False,144.7,-4.719604688412629,14.199238118417258,1195.9926035866235,560.2445184053313,14.963055555547761,341.6140000000747,-3.8210252987935975,13.341744744341886,-204.98192429282653,331.37352552729
455114.0,-0.9101,1.5667,9.0828,-0.0249,-0.0071,9.8065,0.0,-0.0216,0.1542,2.62,-86.01,30.02,53.04633,-1.799896,15.9,3.925812,341.76,20 / 23,-1.0479589496442983,0.8636547640380768,-0.2739181797642695,1400.877200962487,228.95705028494694,155.52824396516814,False,144.79999999999995,-4.4396495101488265,14.204287475077214,1195.578096756049,561.656693973804,14.881944444446843,342.6429999999696,-3.391690560504528,13.340632711039136,-205.29910420643796,332.699643688857
455214.0,-0.042,0.9654,9.5416,0.0348,0.0149,9.8065,0.0264,0.1415,-0.0925,0.71,-86.17,28.37,53.04633,-1.799896,15.9,3.925812,341.76,20 / 23,-1.105669211868276,1.026905797824164,-0.32336317976428064,1400.7695195544113,229.05157831304007,155.4983798971917,False,144.89999999999998,-4.8742013460799045,14.228273304860295,1195.0566204208906,563.0799890361172,15.039999999997663,341.09000000002294,-3.7685321342116285,13.201367507036132,-205.71289913352075,334.0284107230772
455315.0,1.4294,1.4041,10.3986,-0.0331,0.0088,9.8065,0.0105,0.0138,-0.0172,357.95,-86.37,27.27,53.04633,-1.799896,15.9,3.925812,341.76,20 / 23,-1.0534695661800717,1.1834726330858254,-0.3068547297642807,1400.66048304612,229.163202423801,155.46655389276052,False,145.00099999999998,-4.881458508206158,14.032338083830739,1194.5637584281442,564.4843809594958,14.857161111110935,340.8185899999997,-3.827988942026087,12.848865450744913,-206.09672461797572,335.32117853569474
455415.0,0.6407,0.7507,10.5311,0.0237,0.0313,9.8066,0.0377,0.1879,-0.19,358.08,-86.51,29.75,53.04633,-1.799896,15.9,3.925812,341.76,20 / 23,-0.9703066883009428,1.3284240441564703,-0.24103472976426565,1400.5592942333958,229.28879725766316,155.4391594197841,False,145.101,-4.862727783128509,14.265152052141891,1194.0823956572258,565.9296926159878,15.071188888888438,341.17669999998435,-3.8924210948275664,12.93672800798542,-206.47689857617002,336.64089535832466
455514.0,-1.8845,-0.0052,10.5008,-0.0193,-0.0054,9.8066,0.0148,0.1897,-0.1293,0.77,-86.59,32.11,53.04633,-1.799896,15.9,3.925812,341.76,21 / 22,-1.0486481194429735,1.4013154880789003,-0.170814029764273,1400.4593559704124,229.4239193645088,155.41877290618743,False,145.2,-4.798575641527481,14.294983803278177,1193.6058465139822,567.3387547255772,15.078888888888548,341.4439999999882,-3.7499275220845076,12.893668315199276,-206.85350945643017,337.9148353610684
455614.0,-0.6768,1.712,10.0823,0.0057,0.0188,9.8066,0.0192,0.1808,-0.0889,6.03,-86.65,36.77,53.04633,-1.799896,15.9,3.925812,341.76,21 / 22,-1.1807935511294774,1.5260145045897873,-0.1223240297642895,1400.347883886884,229.5702858641422,155.40411600321102,False,145.29999999999995,-4.770016888240319,14.21813214018381,1193.1311693370592,568.7620497864755,14.996944444446866,341.4539999999997,-3.589223337110841,12.692117635594023,-207.2167145498247,339.1917639223333
455715.0,-1.7393,-1.2519,10.4081,0.0139,-0.0015,9.8066,0.035,0.1578,-0.1559,10.01,-86.47,40.23,53.04633,-1.799896,15.9,3.925812,341.76,21 / 22,-1.3136978391798433,1.6049336348007102,-0.07803047976428987,1400.2219120716732,229.7283987451814,155.39399810047982,False,145.40099999999995,-4.688967329137774,14.216456105049236,1192.6582304145768,570.1994666037664,14.969788888889203,341.7460500000133,-3.3752694899579305,12.611522470248525,-207.56368165709637,340.471067858585
455815.0,1.6065,-1.9943,9.4967,0.0021,-0.025,9.8065,-0.0311,-0.0029,0.0503,10.95,-86.31,43.29,53.04633,-1.799896,15.9,3.925812,341.76,21 / 22,-1.1552819656313438,1.2594169056662425,-0.053937157799643524,1400.0984630814326,229.8716162722048,155.3873997186016,False,145.50099999999998,-4.900808439709897,14.124774158066074,1192.1635633115034,571.6119757570186,14.950830555555397,340.8649299999996,-3.7455264740785537,12.865357252399832,-207.9348997699292,341.74035948481384
455915.0,-5.6389,-1.8242,9.7988,-0.0606,-0.02,9.8064,-0.1016,-0.0808,-0.0128,18.46,-85.97,47.36,53.04633,-1.799896,15.9,3.925812,341.76,21 / 22,-1.3978164101182857,1.1859105588909067,-0.06982715779964706,1399.970808162645,229.99388264543268,155.38121150282166,False,145.601,-4.842148189480966,14.346245090125189,1191.6755149465284,573.0571762185943,15.14137500000976,341.34938000002103,-3.44433177936268,13.160334531234282,-208.29529321611653,343.0632935731617
456015.0,1.8727,0.7501,10.6286,-0.0133,-0.0426,9.8065,-0.0107,0.0057,0.12,13.04,-86.04,45.01,53.04633,-1.799896,15.9,3.925812,341.76,21 / 22,-1.5999213809280683,1.241116448496089,-0.02912215779966086,1399.8209212730926,230.115233995802,155.3762640370417,False,145.70099999999996,-4.877526569432813,14.159882060640363,1191.1875334374593,574.4695741769215,14.976399999993857,340.9931499999906,-3.277605188504745,12.918765612144274,-208.63338783563336,344.3543401811195
456114.0,-2.3322,-0.3916,10.4496,-0.0166,0.0108,9.8066,0.0459,-0.095,0.1038,12.7,-85.91,46.85,53.04633,-1.799896,15.9,3.925812,341.76,21 / 22,-1.625374560695456,1.299230998957179,0.04339039220033157,1399.6612691239823,230.2409811944509,155.37697031464452,False,145.79999999999995,-4.86954756324205,14.309113582930223,1190.7109842942684,575.8896445854127,15.114999999995861,341.20599999999365,-3.244173002546594,13.009882583973043,-208.95028482971384,345.6486633909618
456214.0,-0.4271,0.0018,9.8624,-0.0425,-0.0288,9.8064,0.0922,-0.164,0.1211,15.47,-86.11,47.11,53.04633,-1.799896,15.9,3.925812,341.76,21 / 22,-1.7705419637574524,1.3484411070478763,0.07832539220033954,1399.4914732977595,230.3733647997512,155.38305610386456,False,145.89999999999998,-4.778851500225086,14.385034812751952,1190.2363071172922,577.3240591380302,15.15805555555492,341.6229999999939,-3.0083095364676335,13.036593705704076,-209.2551661804673,346.950694338279
456314.0,0.7396,-0.4203,10.8639,0.0005,0.001,9.8066,0.0655,-0.0936,-0.0312,19.56,-85.92,52.04,53.04633,-1.799896,15.9,3.925812,341.76,21 / 22,-1.767617015612763,1.3592458513431005,0.13397539220035218,1399.314565348791,230.50874914767076,155.3936711430846,False,146.0,-4.866113240175106,14.278591209702464,1189.7482587523089,578.7473541996367,15.084999999999999,341.181,-3.098496224562343,12.919345358359363,-209.56630659648204,348.2386050519659
456415.0,-1.8891,0.4777,10.0816,-0.0333,-0.0313,9.8065,0.0781,-0.2069,0.1022,24.38,-85.8,54.72,53.04633,-1.799896,15.9,3.925812,341.76,21 / 22,-1.8179021109522313,1.425886940694079,0.2012514922003516,1399.1334966328993,230.64939835366863,155.41060010074682,False,146.101,-5.139502666456264,14.481702390726687,1189.2219687894465,580.218463078886,15.366675000008017,340.4604899999507,-3.321600555504032,13.055815450032608,-209.91152784345286,349.56906472521734
456514.0,3.2705,0.5949,10.9863,-0.0402,-0.006,9.8065,-0.004,-0.2863,0.1919,22.91,-85.96,54.97,53.04633,-1.799896,15.9,3.925812,341.76,19 / 22,-1.7330574713379943,1.487228112531405,0.273254192200344,1398.957724133576,230.79359754880326,155.43408813212466,False,146.2,-4.882684064470928,14.42609775118495,1188.7454196461767,581.6495417855788,15.230000000006044,341.3009999999628,-3.1496265931329344,12.938869638653545,-210.21230448739925,350.8559442367755
456614.0,-0.0914,0.373,10.0412,-0.0126,0.029,9.8065,0.0685,-0.077,0.0029,25.78,-86.1,56.21,53.04633,-1.799896,15.9,3.925812,341.76,19 / 22,-1.5667291052063257,1.5072179375108083,0.34396419220031993,1398.7927348047488,230.94331985130532,155.4649490513447,False,146.29999999999995,-4.864428820709346,14.312908215480636,1188.2640568751972,583.0728368457708,15.116944444447787,341.22900000000215,-3.29769971550302,12.805690277969827,-210.52867792955158,352.12951699446546
456714.0,0.1619,-1.7935,9.0836,-0.0004,-0.0166,9.8066,-0.001,-0.0525,0.1262,29.04,-86.29,59.26,53.04633,-1.799896,15.9,3.925812,341.76,19 / 22,-1.5970555172334209,1.4810724701697742,0.31953919220031446,1398.6345455736268,231.09273437168937,155.49812422056473,False,146.39999999999998,-4.827623055623472,14.547966962669195,1187.7826941042706,584.5294903853604,15.328055555552435,341.6419999999939,-3.2305675383900514,13.06689449249942,-210.85185146935623,353.436756013671
456815.0,-3.2502,-1.0088,7.7134,0.0007,-0.047,9.8065,-0.1071,-0.2095,0.0933,22.55,-86.36,54.98,53.04633,-1.799896,15.9,3.925812,341.76,19 / 22,-1.8039108960720056,1.4515912946759302,0.17731604220031583,1398.462796769755,231.24083389181408,155.52321540990195,False,146.50099999999998,-4.75064128276116,14.446386263618377,1187.3032701555792,585.978360279856,15.207455555555605,341.7967300000002,-2.9467303866891545,12.994794968942447,-211.15952661417577,354.73752638804194
456915.0,0.78,-1.1135,8.7293,0.0002,-0.0602,9.8064,-0.0336,-0.1141,0.1891,15.33,-86.0,46.98,53.04633,-1.799896,15.9,3.925812,341.76,19 / 22,-1.953843185433632,1.4405744454309601,0.01878604220027985,1398.2749090656796,231.38544217881946,155.53302051412197,False,146.601,-4.788287954461641,14.373599206289304,1186.8285929787164,587.4240055211332,15.150186111098737,341.5754499999799,-2.834444769028009,12.933024760858345,-211.44631608696318,356.0385633423137
457015.0,1.2477,3.6076,10.0396,0.0217,-0.0058,9.8065,0.1137,-0.0818,0.0346,6.11,-86.15,37.63,53.04633,-1.799896,15.9,3.925812,341.76,19 / 22,-1.858397202729525,1.5856215934797546,-0.023433957799705675,1398.0842970462716,231.53675198076493,155.532788118342,False,146.70099999999996,-4.767512115806715,14.601784527145231,1186.3539826577078,588.8806590600085,15.36038055555876,341.9180399999954,-2.9091149130771905,13.016162933665477,-211.73031438856378,357.34390707924354
457115.0,1.8518,2.3631,10.7348,-0.0116,0.0378,9.8065,0.0265,-0.2658,0.0869,8.77,-86.29,41.37,53.04633,-1.799896,15.9,3.925812,341.76,19 / 22,-1.6784187166631812,1.8968805251448866,0.03462104220030758,1397.907456250302,231.7108770866962,155.53334747256204,False,146.801,-4.718949473184801,14.543455568780187,1185.8859910748413,590.3375349880466,15.289886111105787,342.0231599999937,-3.04053075652162,12.6465750436353,-212.02146517546066,358.6266579013504
457215.0,0.6449,-0.5078,12.1721,-0.045,0.001,9.8065,0.03,0.0325,0.0302,12.05,-86.42,40.7,53.04633,-1.799896,15.9,3.925812,341.76,19 / 22,-1.5515609591203012,2.004366962565532,0.19930104220025147,1397.7459572665127,231.90593946108166,155.54504357678206,False,146.90099999999995,-4.720627892574221,14.731537235191501,1185.417865780069,591.8160939277226,15.46941111111364,342.23222000000715,-3.16906693345392,12.727170272625969,-212.32809148644378,359.91015446664096
457314.0,-0.3643,0.6815,11.8724,-0.0224,-0.0061,9.8066,0.0873,-0.1129,-0.1471,17.76,-86.44,48.49,53.04633,-1.799896,15.9,3.925812,341.76,19 / 22,-1.5384267440981723,2.047324861539279,0.4186454422003544,1397.5930028752034,232.10649820637494,155.5756319277599,False,147.0,-4.789471544760601,14.532204359851827,1184.9413166368515,593.2471726351165,15.301111111111112,341.759,-3.2510448006624286,12.484879498312548,-212.65168623835189,361.1406744287416
457414.0,-2.7356,-0.3327,9.1967,0.0456,0.0012,9.8065,-0.0195,0.1159,-0.2013,24.47,-86.33,55.37,53.04633,-1.799896,15.9,3.925812,341.76,19 / 22,-1.6787456297697525,2.164210680797251,0.49143544220032964,1397.4321442565101,232.3170749834917,155.62113597197992,False,147.09999999999997,-4.980235036989795,14.449723822421964,1184.4398970837908,594.6927066807609,15.283888888889898,340.9830000000454,-3.3014894072200422,12.285513141624712,-212.99224717271932,362.3756316972692
457514.0,-0.1876,-1.5131,7.7577,0.0166,-0.0488,9.8064,-0.1599,-0.011,-0.0215,18.05,-86.19,47.21,53.04633,-1.799896,15.9,3.925812,341.76,18 / 19,-1.8443770618873383,2.174074225912939,0.35849044220029946,1397.2559881219272,232.53398922882724,155.66363226619995,False,147.2,-4.761149605018796,14.640269104032086,1183.9719055008964,596.1604797120685,15.394999999995136,341.98499999995613,-2.916772543131457,12.466194878119147,-213.28408262103085,363.6264904832413
457614.0,4.9544,2.1547,9.5727,0.0769,0.0271,9.8063,-0.2202,0.3651,-0.1849,4.92,-86.23,34.37,53.04633,-1.799896,15.9,3.925812,341.76,18 / 19,-1.6288535131512545,2.2274690829916515,0.2443454422003384,1397.0823265931754,232.7540663942724,155.69377406041997,False,147.29999999999995,-4.860899468252002,14.611551436171633,1183.483857135914,597.6282527447913,15.398888888888775,341.5990000000114,-3.232045955100748,12.38408235317998,-213.59846945726144,364.8741863505189
457715.0,-0.7727,-0.8245,10.0603,0.0539,0.0241,9.8065,-0.0223,0.3933,-0.2207,358.66,-86.0,32.53,53.04633,-1.799896,15.9,3.925812,341.76,18 / 19,-1.4226623664819018,2.306839909681694,0.2453402922003384,1396.9282250412539,232.9830489984024,155.7185031900072,False,147.40099999999995,-4.8873062464204,14.565252793694608,1182.9906608635192,599.088575715786,15.36334999999667,341.4511200000073,-3.4646438799384986,12.258412884012914,-213.93756417773466,366.10552671738355
457815.0,0.9196,1.3507,8.7809,-0.0084,-0.0226,9.8066,0.0386,-0.2512,0.0614,6.55,-85.85,35.72,53.04633,-1.799896,15.9,3.925812,341.76,18 / 19,-1.4206704175151228,2.361350117714419,0.2067352922003297,1396.786058402054,233.21645849977227,155.74110696922725,False,147.50099999999998,-5.080145968923897,14.73232389361862,1182.4762044020372,600.5673570452956,15.583630555555668,340.9743299999995,-3.659475551408774,12.3709737759042,-214.3098540000169,367.3508985455233
457915.0,-0.7719,2.5616,11.2292,0.0282,-0.0244,9.8066,0.136,-0.1735,-0.0925,6.3,-85.58,35.44,53.04633,-1.799896,15.9,3.925812,341.76,18 / 19,-1.4030047481742056,2.590441302618994,0.22657529220033434,1396.6448746437695,233.464048070789,155.76277249844728,False,147.601,-4.875695564428234,14.65925523293935,1181.9947747751787,602.0352412714366,15.448824999995532,341.60276999998973,-3.472690816254029,12.068813930320356,-214.65009986859081,368.5711932006476
458015.0,-0.8672,1.0962,10.0174,0.0566,0.0315,9.8063,-0.0156,0.3294,-0.1362,8.93,-85.44,37.65,53.04633,-1.799896,15.9,3.925812,341.76,18 / 19,-1.4723024143415584,2.8187794641880584,0.3082402922003066,1396.5011092856437,233.73450910912928,155.7895132776673,False,147.70099999999996,-4.855149353687545,14.74673386887668,1181.506726410195,603.5141337965638,15.525419444442605,341.77662000000606,-3.3828469393459866,11.927954404688622,-214.99438287544876,369.77962468743453
458115.0,0.2994,-1.6457,10.3437,0.0042,0.0182,9.8066,-0.0266,0.1045,-0.1359,5.94,-85.57,35.14,53.04633,-1.799896,15.9,3.925812,341.76,18 / 19,-1.511030691312596,2.83214707032339,0.34563029220031516,1396.351942630361,234.0170554358549,155.82220680688735,False,147.801,-4.9028518683099795,14.774554248080873,1181.0187449010991,604.9929151246885,15.566805555555959,341.6418699999945,-3.3918211769973836,11.942407177757483,-215.33319772926188,370.97585968883357
458215.0,3.6009,0.8514,7.748,0.0583,0.0129,9.8064,0.0953,0.5336,-0.2936,3.64,-85.67,33.18,53.04633,-1.799896,15.9,3.925812,341.76,18 / 19,-1.334694327640272,2.8151613250558754,0.2695502922003412,1396.2096563794134,234.29942085562377,155.8529658361074,False,147.90099999999995,-4.850711055988608,14.777632346536544,1180.537315274232,606.4607993523283,15.55338611111062,341.8277399999989,-3.516016728348336,11.962471021480669,-215.67234110518143,372.1613784967045
458315.0,0.4852,2.2002,7.9641,0.0279,-0.0221,9.8065,-0.0324,0.4954,-0.4236,10.41,-85.52,37.74,53.04633,-1.799896,15.9,3.925812,341.76,18 / 19,-1.119588499591582,2.9857859231021737,0.07449029220029693,1396.0869422380517,234.58946821803173,155.87016786532743,False,148.00099999999998,-4.842732451822972,14.813845358027352,1180.0492669092225,607.9395806818379,15.585319444444508,341.89711000000034,-3.72314395223139,11.828059434925178,-216.0376753288292,373.3501124638062
458415.0,7.0483,2.8774,9.8399,0.1244,0.0557,9.8057,-0.0753,0.8032,-0.5511,14.29,-85.15,40.95,53.04633,-1.799896,15.9,3.925812,341.76,18 / 19,-0.7064879826524454,3.178700014269528,-0.01597470779972357,1395.9956384139396,234.89769251490037,155.87309364454745,False,148.101,-4.91756408239373,14.709501341924117,1179.561151688334,609.4076872978262,15.5097361110949,341.51454999998515,-4.211076099741284,11.53080132765459,-216.43448672560567,374.50999478292584
458514.0,-6.7241,-1.5591,10.4044,0.0784,0.0762,9.806,-0.0378,1.1738,-0.6254,10.57,-85.4,39.07,53.04633,-1.799896,15.9,3.925812,341.76,19 / 20,-0.6821211402165593,3.2521093845087736,0.01525979220027323,1395.9269022623575,235.21601758013986,155.87305825622528,False,148.2,-4.939190195050987,14.993522075518875,1179.0713650688576,610.8938074927263,15.78611111109889,341.76699999998885,-4.257069054834427,11.741412691010101,-216.8555371934999,375.67778991258643
458614.0,4.6007,3.6264,11.0193,0.0723,0.0433,9.8063,0.0795,0.2087,-0.2431,20.39,-85.14,47.23,53.04633,-1.799896,15.9,3.925812,341.76,19 / 20,-0.753755253421893,3.363877660287814,0.10577979220024242,1395.8551084426756,235.54681693237958,155.8791102354453,False,148.29999999999995,-4.701990608475851,14.875683252180687,1178.6100590800474,612.3838195095936,15.601111111116579,342.45899999997954,-3.948235355053958,11.511805591892873,-217.24504936262815,376.8370025772141
458714.0,-6.2737,-4.3532,10.2015,0.1206,0.0784,9.8056,-0.0821,0.8642,-0.4956,16.29,-85.42,46.17,53.04633,-1.799896,15.9,3.925812,341.76,19 / 20,-0.8408973516345428,3.3700202060658584,0.18615479220026068,1395.7753758124227,235.88351182569735,155.8937069646653,False,148.39999999999998,-4.793521145690802,14.892554516462068,1178.1286963090947,613.8738315264611,15.644999999999351,342.15800000000445,-3.952623794056259,11.52253431039621,-217.64667950332796,377.99031970076373
458814.0,-1.4059,-1.7444,10.1947,-0.0135,-0.0177,9.8066,0.172,-0.4365,0.3389,21.93,-85.24,48.61,53.04633,-1.799896,15.9,3.925812,341.76,19 / 20,-1.3041144111002028,3.2317206570280677,0.22529979220026958,1395.6681252242859,236.21359886885213,155.91427969388533,False,148.5,-4.60566802134878,14.97467763601053,1177.674075914289,615.3749630364616,15.666944444444445,342.904,-3.301553610248577,11.742956978982463,-217.99404930999685,379.16136416760946
458914.0,-3.5483,-1.3297,9.9246,0.0586,0.0745,9.8061,-0.0433,0.0923,-0.1684,17.34,-85.75,48.59,53.04633,-1.799896,15.9,3.925812,341.76,19 / 20,-1.5940128162981972,3.203811998487141,0.25059979220026096,1395.5232188629159,236.53537550162778,155.93807467310535,False,148.59999999999997,-4.909255844344022,14.87381983187893,1177.1793419552846,616.8538555607952,15.663055555555783,341.73400000006853,-3.315243028045825,11.67000783339179,-218.34387690763128,380.3184800591674
459014.0,-1.4023,-1.4216,10.1668,-0.0698,-0.0328,9.8063,0.0827,-0.4284,0.2569,21.9,-85.77,51.31,53.04633,-1.799896,15.9,3.925812,341.76,19 / 20,-1.8777053618670223,3.1907599050738775,0.27450479220026647,1395.3496329540076,236.85510409680592,155.96432990232537,False,148.7,-4.760719543238075,14.896657179034344,1176.7113503723906,618.3438675776622,15.638888888889944,342.2769999999762,-2.8830141813710526,11.705897273960467,-218.63828258161698,381.4887634808563
459114.0,2.2999,2.3281,9.3711,-0.0259,0.0095,9.8066,-0.0357,-0.1888,0.0473,29.81,-85.69,55.8,53.04633,-1.799896,15.9,3.925812,341.76,19 / 20,-1.8105136925069645,3.232170334487382,0.27073479220026786,1395.1652220012888,237.17625060878387,155.9915918815454,False,148.79999999999995,-4.790523939565014,15.061504087716449,1176.229987601412,619.8561185800867,15.80499999999509,342.35599999999766,-2.980010247058049,11.829333753229067,-218.9352343998769,382.67986797130277
459214.0,-0.2695,-0.3902,9.156,-0.0442,-0.0183,9.8064,-0.0907,-0.2431,0.0683,24.93,-85.43,54.9,53.04633,-1.799896,15.9,3.925812,341.76,19 / 20,-1.6712071033332814,3.301379774387315,0.21642479220025562,1394.9911359614969,237.50292811422767,156.01594986076543,False,148.89999999999998,-4.862818724229372,15.076265959773831,1175.741939236455,621.3683695825129,15.841111111110578,342.1230000000035,-3.191611620896091,11.774886185386517,-219.24919672504188,383.8654414682852
459314.0,2.2832,1.3555,10.5552,-0.0389,-0.0357,9.8064,0.1125,-0.3043,0.2344,27.46,-85.08,56.77,53.04633,-1.799896,15.9,3.925812,341.76,19 / 20,-1.5577623519411956,3.3343105845065826,0.22131979220025677,1394.829687488733,237.83471263217245,156.03783708998546,False,149.0,-4.9263509228387035,14.888063948804366,1175.2538908714448,622.8472621069554,15.681944444444444,341.691,-3.368588570897508,11.553753364297783,-219.57579661728823,385.012549474783
459414.0,-1.036,-0.9269,11.0284,-0.0281,0.0042,9.8065,0.0236,-0.019,0.0732,31.03,-85.24,59.98,53.04633,-1.799896,15.9,3.925812,341.76,19 / 20,-1.490162269968081,3.3661097717330586,0.31983479220022315,1394.6772912576375,238.16973364998432,156.06489481920548,False,149.09999999999997,-4.858727819822373,14.943863890746952,1174.7658425064706,624.3372741230065,15.713888888887018,341.9889999999826,-3.3685655498542917,11.577754119013893,-219.91144875116697,386.1675404730222
459514.0,1.7973,1.1674,10.8229,-0.0261,0.0068,9.8066,0.0124,-0.2103,0.1367,29.81,-85.34,60.37,53.04633,-1.799896,15.9,3.925812,341.76,19 / 19,-1.4473557889914868,3.3963246167597427,0.4317347922002487,1394.5304153546895,238.50785536940904,156.1024732984255,False,149.2,-5.125195214460042,14.98910188263676,1174.2443661712844,625.8384056337137,15.841111111105542,341.12300000003796,-3.6778394254685556,11.592777265877018,-220.2860491834051,387.33055026430463
459614.0,-0.8684,-0.5058,7.8559,0.0158,-0.0203,9.8065,-0.0472,-0.0566,0.1678,29.03,-85.46,58.37,53.04633,-1.799896,15.9,3.925812,341.76,19 / 19,-1.3871598241358911,3.4385747720081534,0.3850097922002647,1394.3886895740332,238.84960033884732,156.14331052764553,False,149.29999999999995,-5.09300761359896,14.901762554435427,1173.7362610241564,627.3284176505811,15.748055555558306,341.13099999999974,-3.705847789463069,11.463187782427273,-220.65242854987673,388.47881731173374
459714.0,1.277,-1.7904,8.2264,0.0382,-0.0317,9.8065,-0.1726,-0.204,0.0116,18.94,-85.47,51.2,53.04633,-1.799896,15.9,3.925812,341.76,19 / 19,-1.4061680334199151,3.369469025493685,0.20845979220022462,1394.2490231811553,239.1900025287225,156.17298400686556,False,149.39999999999998,-4.837149776453032,15.129438465278975,1173.268269441289,628.851788145432,15.883888888886881,342.26999999998316,-3.430981743033117,11.75996943978529,-220.98075373986626,389.6617856167095
459814.0,-1.0354,-3.5474,8.7495,0.0182,-0.0243,9.8065,-0.1211,-0.0402,-0.002,12.47,-85.13,44.17,53.04633,-1.799896,15.9,3.925812,341.76,19 / 19,-1.4691747544173588,3.1390784526765563,0.07658979220019466,1394.1052560417634,239.51542990263107,156.1872364860856,False,149.5,-4.907234324434254,15.032357675633609,1172.773535482196,630.352919655433,15.813055555555556,341.921,-3.438059570016895,11.893279222957052,-221.33172055956743,390.8374897528019
459914.0,1.0799,1.3284,9.7178,-0.0258,-0.0659,9.8064,0.0209,-0.2264,0.0717,11.37,-84.73,39.51,53.04633,-1.799896,15.9,3.925812,341.76,19 / 19,-1.4999324333434743,3.068170315864181,0.019289792200214248,1393.9568006823754,239.825792341058,156.1920304653056,False,149.59999999999997,-4.961867550289377,15.065016299105297,1172.2721159291884,631.8540511653235,15.861111111108297,341.77000000000885,-3.461935116945903,11.996845983241116,-221.68468475318696,392.02825882426555
460015.0,2.4029,2.5111,10.9432,0.0321,0.0437,9.8064,-0.0158,0.5457,-0.5092,6.36,-84.86,38.95,53.04633,-1.799896,15.9,3.925812,341.76,19 / 19,-1.3085652898955462,3.2722550390796554,0.07219864220021381,1393.814971547352,240.14598382148264,156.19665063124282,False,149.70099999999996,-4.936576923371292,15.175950896679014,1171.7790533686477,633.3922105847199,15.958680555566215,341.980760000023,-3.6280116334757455,11.90369585759936,-222.03591817870415,393.24622676323725
460115.0,3.5888,2.897,10.1187,-0.0761,-0.0236,9.8062,0.0926,0.0205,0.0048,14.86,-84.58,45.92,53.04633,-1.799896,15.9,3.925812,341.76,19 / 19,-0.9734156575422184,3.5140526056593253,0.1446286422002303,1393.70087249998,240.48529920371968,156.20749199546285,False,149.801,-4.997485133250081,14.90487503381788,1171.277633815577,634.8715478895649,15.720374999993254,341.46407999999394,-4.024069475707863,11.390822428158556,-222.42323868440303,394.3862486858452
460215.0,-0.8651,2.2128,10.3403,0.1155,0.0466,9.8059,-0.0567,0.8004,-0.5226,19.14,-84.56,49.37,53.04633,-1.799896,15.9,3.925812,341.76,19 / 19,-0.7720784586778817,3.7639076803127707,0.18691364220021592,1393.613597794169,240.84919721801816,156.22406910968286,False,149.90099999999995,-5.017337010077617,15.139274884578521,1170.7760136946856,636.3945847996296,15.949030555556996,341.6641500000087,-4.245258551399735,11.37536720426575,-222.83758409948337,395.5453875816114
460316.0,-5.1082,-2.9932,10.0635,0.0184,0.0155,9.8065,-0.0278,0.3419,-0.0563,11.64,-84.82,44.75,53.04633,-1.799896,15.9,3.925812,341.76,19 / 19,-1.0656213636443297,3.825132889510911,0.22683389220021555,1393.5207939531417,241.23244376679426,156.2449633601701,False,150.00199999999995,-5.139753758001709,15.000143177283336,1170.2494563080265,637.900164105537,15.85627222222196,341.0861199999999,-4.074132394357379,11.175010287772425,-223.27133764511518,396.6677203387427
460414.0,-0.0186,1.112,10.7192,0.0733,0.063,9.8061,0.0581,0.3131,-0.1156,10.89,-85.0,41.84,53.04633,-1.799896,15.9,3.925812,341.76,19 / 19,-1.3391588849368767,3.8214669362966434,0.28413449220022335,1393.4029597209612,241.6071271582589,156.2700008110057,False,150.09999999999997,-5.176334742443221,15.154213802753103,1169.7449613817025,639.3930671910762,16.01388888887947,341.1409999999967,-3.8371758575063444,11.33274686645646,-223.6579983392587,397.7859400328173
460514.0,-0.1828,0.8346,10.1126,0.0048,0.0464,9.8065,0.0868,-0.0131,-0.032,7.93,-85.6,39.58,53.047485,-1.800916,17.28,3.925869,326.73,19 / 20,-1.3423964263257284,3.9550673172120794,0.34505949220023735,1393.268881955398,241.99595387093441,156.30146051022572,False,150.2,-5.123988229164446,15.157333031486889,1169.236856234548,640.9053181949178,16.000000000000608,341.32199999999204,-3.781591802838718,11.202265714274809,-224.03202572085002,398.90936432398337
460614.0,2.2393,1.3178,10.8201,-0.0203,-0.0025,9.8065,0.0921,0.0559,-0.0318,11.16,-85.87,42.42,53.047485,-1.800916,17.28,3.925869,326.73,19 / 20,-1.232538116593385,4.076886601562249,0.41102949220021495,1393.1401352282521,242.397551566873,156.33926495944573,False,150.29999999999995,-5.157652422200831,15.18698713642217,1168.7220654934172,642.428688689061,16.038888888887737,341.2420000000024,-3.9251143056074462,11.11010053485992,-224.41806973483494,400.031137122188
460714.0,-0.1396,0.4738,9.2984,-0.009,-0.0033,9.8066,-0.0931,0.1996,-0.1087,11.66,-85.77,45.16,53.047485,-1.800916,17.28,3.925869,326.73,19 / 20,-1.120250863716136,4.181028191944541,0.4362894922002208,1393.0224957792366,242.81044730654844,156.38163090866576,False,150.39999999999998,-5.02829821862722,15.083972189864825,1168.2206459403194,643.9298201990623,15.900000000002054,341.56399999999525,-3.908047354911084,10.902943997920286,-224.80184983891718,401.11937289251387
460814.0,0.9743,0.8733,8.8957,-0.0226,-0.026,9.8066,-0.0779,-0.0834,0.0894,14.92,-85.6,47.86,53.047485,-1.800916,17.28,3.925869,326.73,19 / 20,-1.0710427952235018,4.272083663736772,0.3653294922002047,1392.9129310962896,243.2331028993326,156.42171185788578,False,150.5,-5.040690548030024,15.176749517376846,1167.7192263872487,645.4531906939139,15.991944444444446,341.62699999999995,-3.969647752806522,10.904665853640076,-225.19370470904096,402.22008779458133
460914.0,0.299,-2.9834,9.7435,0.0151,0.0089,9.8066,-0.004,0.23,-0.0892,16.69,-85.62,47.95,53.047485,-1.800916,17.28,3.925869,326.73,19 / 20,-1.046687258247641,4.1916328053093865,0.3166244922002213,1392.8070445936162,243.65628872278478,156.4558095571058,False,150.59999999999997,-5.136312388226871,15.253436335801602,1167.204435646102,646.9765611886542,16.094999999993966,341.39000000001386,-4.089625129979231,11.061803530492217,-225.60260894751423,403.3202724658694
461014.0,-0.2514,-0.5358,10.7814,-0.0305,-0.0038,9.8065,-0.0423,-0.146,0.1186,17.96,-85.75,50.55,53.047485,-1.800916,17.28,3.925869,326.73,19 / 20,-1.0998798624571453,4.060056516429998,0.36220449220023165,1392.699716237581,244.06887318887183,156.48975100632583,False,150.7,-5.119962535966773,15.173352331508333,1166.6896449049705,648.4888121910811,16.01388888889244,341.35400000000163,-4.020082673509628,11.113295815078335,-226.01007133261055,404.4199390022093
461114.0,-0.0989,-1.4119,10.9648,0.0203,0.0334,9.8065,0.0597,0.0084,0.0497,21.57,-86.19,52.57,53.047485,-1.800916,17.28,3.925869,326.73,19 / 20,-1.1535146065889585,4.011966059539805,0.46884949220019534,1392.5870465141288,244.4724743176702,156.53130370554584,False,150.79999999999995,-5.089885759335045,15.092912798325688,1166.188225351873,650.0010631935065,15.928055555558092,341.36399999999975,-3.9363711527460867,11.080946738785883,-226.3988211622559,405.52858887583636
461215.0,1.284,-0.344,11.1466,-0.0222,0.0185,9.8066,0.0209,-0.1656,0.0842,28.5,-86.27,57.75,53.047485,-1.800916,17.28,3.925869,326.73,19 / 20,-1.1350937459094244,3.9390684709496777,0.5950035422001942,1392.4714717923277,244.87400156145992,156.58502828378306,False,150.90099999999995,-5.105263166007478,15.22556716527154,1165.675039153274,651.5282143161014,16.058694444449277,341.4632000000042,-3.9701694200980535,11.286498694321862,-226.79643263905382,406.6542127546415
461315.0,1.0852,0.1283,11.3865,0.0087,0.0224,9.8066,0.1438,-0.0078,-0.0247,31.29,-86.35,61.64,53.047485,-1.800916,17.28,3.925869,326.73,19 / 20,-1.033430769923538,3.907900455647847,0.7409935422002274,1392.3630455665361,245.2663500077899,156.65182813800308,False,151.00099999999998,-5.07510262746178,14.89983666312152,1165.1670008620613,653.0185599177548,15.740455555555267,341.1903099999996,-4.041671857538241,10.991936207473675,-227.19604470447484,407.7522099099649
461415.0,1.9587,1.3045,10.6742,-0.0318,-0.0041,9.8065,0.1073,-0.1391,0.0682,33.84,-86.34,63.87,53.047485,-1.800916,17.28,3.925869,326.73,19 / 20,-0.8605812596114127,3.921906320777517,0.8633635422002554,1392.2683449650594,245.65784034661127,156.73204599222314,False,151.101,-5.073306968889693,15.26456354029135,1164.6655813090526,654.5417080233431,16.08556388890336,341.61531000000986,-4.2127257092782795,11.342657219513834,-227.6027636560068,408.8838676767318
461515.0,-1.3966,0.5144,9.817,-0.0201,-0.0053,9.8066,-0.0114,0.0827,-0.1355,33.06,-86.28,65.71,53.047485,-1.800916,17.28,3.925869,326.73,19 / 20,-0.7813519481105357,4.01817982971857,0.9072585422002405,1392.1862483046734,246.05484465413593,156.82057709644312,False,151.20099999999996,-5.038401069572127,15.015794902284481,1164.1642954678364,656.0428395326496,15.838550000001486,341.4513399999854,-4.257049121461591,10.99761507256591,-228.02195283683704,409.9879948785137
461615.0,-0.0218,-0.2589,9.5177,-0.055,-0.023,9.8065,0.0697,-0.1067,-0.0252,37.2,-85.86,68.85,53.047485,-1.800916,17.28,3.925869,326.73,19 / 20,-0.8274067729216248,4.104946651678344,0.8933285422002374,1392.1058103686219,246.46100097820587,156.91060645066315,False,151.301,-4.9421484632807315,15.013834278199681,1163.6760465350317,657.5440822382674,15.806330555551686,341.77987000000616,-4.114741690359107,10.908887626521338,-228.4297638335902,411.0830812600615
461715.0,-1.4916,-0.7138,9.9897,-0.0337,-0.0075,9.8065,-0.0116,0.1434,-0.2108,39.99,-85.28,72.79,53.047485,-1.800916,17.28,3.925869,326.73,19 / 20,-0.9068314725737451,4.152163648983095,0.8880335422002392,1392.0190984563471,246.8738564932388,156.99967455488314,False,151.40099999999995,-5.039557259908439,15.119475923674637,1163.1679413879049,659.0562220450685,15.93724444444565,341.56595000000453,-4.132725787334694,10.967312274691542,-228.85115706844226,412.18236555182966
461815.0,-0.0328,0.1947,10.9768,-0.0476,-0.0179,9.8064,0.1,-0.0195,-0.0128,42.12,-85.02,75.83,53.047485,-1.800916,17.28,3.925869,326.73,19 / 20,-0.9706986359837163,4.2169233263814885,0.9556935422002547,1391.9252219509192,247.29231084200714,157.0918609091032,False,151.50099999999998,-5.093872116119286,15.016421751373422,1162.659836240804,660.5572423601367,15.856875000000006,341.26203000000015,-4.12317348013557,10.799498424991933,-229.2653857101152,413.2649315181295
461915.0,-0.4821,-0.5743,9.9012,0.0099,0.0244,9.8066,-0.0433,0.1085,0.026,46.95,-85.13,78.66,53.047485,-1.800916,17.28,3.925869,326.73,19 / 20,-0.9897812896633047,4.258358368569882,1.0189285422002692,1391.8271979546369,247.7160749267548,157.19059201332323,False,151.601,-5.1426721955267185,14.993293049398273,1162.151664237799,662.0474767667442,15.850738888884598,341.0681199999934,-4.152890905863414,10.734934680828392,-229.6755337168379,414.33140183998944
462015.0,0.606,-0.114,9.3513,0.0222,-0.0005,9.8066,-0.1312,-0.0289,0.0567,48.26,-85.61,80.58,53.047485,-1.800916,17.28,3.925869,326.73,19 / 20,-0.9963840952330949,4.264348153580561,1.0008885422002753,1391.727889685392,248.14221025286218,157.2915828675432,False,151.70099999999996,-5.137354199694089,15.07202017509179,1161.6368734965888,663.5596165735456,15.923511111112768,341.1781300000038,-4.140970104460994,10.80767202151123,-230.09101618880322,415.41740632068337
462115.0,0.4213,0.3517,9.2652,0.0114,-0.0182,9.8065,-0.0507,0.0386,0.0019,46.72,-85.72,77.1,53.047485,-1.800916,17.28,3.925869,326.73,19 / 20,-0.9383741311001181,4.269073997033593,0.9510485422002641,1391.6311517740753,248.568881360393,157.38917972176327,False,151.801,-5.148890216861894,15.028677508501996,1161.1219490435506,665.0607480835462,15.886230555555207,341.0883200000107,-4.2105160857617765,10.759603511468402,-230.50920273052475,416.4918667231532
462215.0,0.4778,0.7874,9.5917,-0.0121,-0.0347,9.8065,-0.0945,0.0915,-0.1063,44.87,-85.48,75.09,53.047485,-1.800916,17.28,3.925869,326.73,19 / 20,-0.8526014743837314,4.311673881542228,0.913228542200277,1391.5416029938012,248.99791875432163,157.48239357598325,False,151.90099999999995,-5.249458984847323,15.00684958640495,1160.593653402451,666.561879593546,15.898505555554886,340.719960000006,-4.396857510463592,10.695175704862722,-230.94794959135015,417.56396083922436
462315.0,0.9591,-1.6428,10.25,-0.0242,-0.0208,9.8066,0.0141,0.0156,-0.0535,47.2,-85.16,75.29,53.047485,-1.800916,17.28,3.925869,326.73,19 / 20,-0.8216135688695061,4.266497507089685,0.9246485422002797,1391.4578922416385,249.42682732375332,157.5742874302033,False,152.00099999999998,-5.369946485838385,15.011757596473336,1160.0521202850928,668.0630111035314,15.943313888888868,340.31706000000025,-4.548332916968879,10.74526008938365,-231.40577195654578,418.6361837797781
462415.0,-1.8325,0.7421,10.2185,-0.0225,0.0154,9.8066,-0.033,0.1443,-0.0761,45.34,-84.73,76.66,53.047485,-1.800916,17.28,3.925869,326.73,19 / 20,-0.873199358985555,4.301471700233585,0.9674085422002895,1391.3731515952459,249.85522578411957,157.66889028442336,False,152.101,-5.4557862106660195,15.007840262102974,1159.51038659998,669.5640314170997,15.968750000000805,340.02232000002135,-4.582586851680465,10.70636856186939,-231.86276499526593,419.70880563298016
462515.0,-2.916,-0.5867,10.9013,-0.008,0.0031,9.8066,0.0412,0.0828,0.0135,43.45,-84.82,76.68,53.047485,-1.800916,17.28,3.925869,326.73,19 / 19,-1.0242641183076935,4.506857467559301,1.042733542200264,1391.2782784213812,250.29564224250908,157.76939738864334,False,152.20099999999996,-5.547040068189442,14.9595293612886,1158.9487967005566,671.0541546296047,15.954850000000658,339.6550600000129,-4.522775949881748,10.452671893729299,-232.32948172082456,420.7585123870956
462614.0,-3.5204,-0.9059,10.8829,0.0293,0.0088,9.8066,-0.0259,0.4646,-0.2558,46.79,-85.3,77.83,53.047485,-1.800916,17.28,3.925869,326.73,19 / 19,-1.2877464364758833,4.715980562970607,1.1501930922002526,1391.1638338989194,250.75217272502024,157.87794725704615,False,152.29999999999995,-5.617729776128366,14.917262220743275,1158.3928227001013,672.5402748252052,15.940000000000442,339.36400000000873,-4.3299833396524825,10.201281657772668,-232.7710111988181,421.7881021001849
462714.0,0.7576,-1.0895,10.0417,-0.0656,-0.0421,9.8063,-0.0482,0.1851,-0.0845,51.61,-85.4,82.27,53.047485,-1.800916,17.28,3.925869,326.73,19 / 19,-1.4445947702979427,4.7836645445357595,1.2157580922002675,1391.0272168385807,251.22715498039568,157.9962448162662,False,152.39999999999998,-5.723863809787503,14.8191062254644,1157.817861612538,674.0191673489404,15.886111111111905,338.88100000000713,-4.279269039489561,10.035441680928642,-233.2093552260426,422.79201236854476
462814.0,4.8916,1.8649,10.4622,-0.0108,-0.0028,9.8066,-0.1296,0.5668,-0.3461,51.17,-85.5,84.56,53.047485,-1.800916,17.28,3.925869,326.73,19 / 19,-1.2206203709432148,4.621402906294701,1.2602880922002777,1390.8939560815186,251.69740835293732,158.12004712548625,False,152.5,-5.9681289183620505,14.938018874429865,1157.2161581488535,675.5091793658079,16.08611111111111,338.222,-4.747508547418835,10.316615968135164,-233.67779793266504,423.81177101287057
462914.0,1.5952,0.5781,10.2125,-0.0669,-0.063,9.8061,-0.1251,0.2198,-0.1793,51.59,-85.31,84.6,53.047485,-1.800916,17.28,3.925869,326.73,19 / 19,-0.9052748855353625,4.478123759054428,1.3133580922002597,1390.7876613186947,252.1523846862046,158.24872943470623,False,152.59999999999997,-6.101469358814094,14.7542799104538,1156.6010834971266,676.9880718894341,15.966111111118137,337.5330000000404,-5.196194473278731,10.276156151399372,-234.1865778215681,424.83568720322944
463014.0,1.5289,4.3915,9.5039,0.0049,-0.0237,9.8066,-0.0184,0.6366,-0.2133,52.43,-84.97,84.96,53.047485,-1.800916,17.28,3.925869,326.73,19 / 19,-0.5949097180695377,4.540008387287705,1.3185130922002608,1390.7126520885145,252.60329129352183,158.38032299392628,False,152.7,-6.248528698990434,14.693508906652145,1155.9726376572683,678.4558449221585,15.966944444444406,336.962000000025,-5.653618980920896,10.153500519364439,-234.7400144312462,425.85255362863666
463114.0,-3.6781,-5.013,10.9538,-0.0713,-0.0444,9.8062,-0.1444,0.9901,-0.5476,49.96,-85.21,85.36,53.047485,-1.800916,17.28,3.925869,326.73,19 / 19,-0.6674310022500108,4.626220556056194,1.3607330922002465,1390.6495350524985,253.06160274068887,158.51428530314627,False,152.79999999999995,-6.452206507042338,14.617362639234491,1155.3241350352926,679.9236179534665,15.978055555555226,336.18300000002307,-5.784775504792328,9.991142083178296,-235.325400017206,426.8620152127777
463214.0,9.2257,3.3746,10.0076,-0.1126,-0.0858,9.8055,0.0668,-0.4292,0.1804,56.45,-84.72,85.09,53.047485,-1.800916,17.28,3.925869,326.73,19 / 19,-0.5639090704640924,4.34729356057583,1.4281380922002618,1390.5879680488629,253.51027844652057,158.65372886236634,False,152.89999999999998,-6.686380583427735,14.53589745057213,1154.6555756311723,681.3802714923503,15.999999999999675,335.2980000000131,-6.122471512963643,10.1886038899963,-235.9323924176906,427.8699930458297
463315.0,-4.0952,-0.06,11.2029,0.0624,0.079,9.8061,0.0977,0.5148,-0.2501,52.64,-85.55,88.32,53.047485,-1.800916,17.28,3.925869,326.73,19 / 19,-0.2731590348078093,4.248369712838667,1.5087966922002611,1390.5456961095467,253.944359441828,158.80204406897857,False,153.00099999999998,-6.9288301073005565,14.568123922173397,1153.9531202652806,682.8513803723971,16.131936111111113,334.56350000000066,-6.655671072492747,10.31975420933473,-236.5925758442661,428.9070209305691
463414.0,-6.7573,-5.1572,9.5099,-0.0745,-0.0242,9.8063,0.1843,-1.3519,0.7315,56.54,-85.04,87.56,53.047485,-1.800916,17.28,3.925869,326.73,19 / 19,-0.7771367812806651,4.577964568695742,1.5632219422002553,1390.4937064666503,254.3812629887639,158.9541089913814,False,153.09999999999997,-7.116674573918386,14.476383826355075,1153.2449152885436,684.2824590775854,16.13111111111116,333.8210000000439,-6.339537792637721,9.898419257659334,-237.24879117810679,429.9011960888215
463514.0,7.5905,5.1217,11.5688,0.1391,0.1249,9.8048,0.2212,-0.6975,0.4015,55.45,-84.97,86.22,53.047485,-1.800916,17.28,3.925869,326.73,17 / 18,-0.7326134193218462,4.582143460046501,1.636491942200272,1390.4182189566202,254.8392683902011,159.11409468560146,False,153.2,-7.241784457669638,14.29535529005144,1152.522871132101,685.716873631618,16.025000000004642,333.1340000000301,-6.509171038347792,9.713211830004939,-237.89534782451915,430.87760524141686
463614.0,-4.2633,-3.9218,8.5601,0.0602,0.0707,9.8062,0.2018,-0.4986,0.3256,53.45,-86.13,86.89,53.047485,-1.800916,17.28,3.925869,326.73,17 / 18,-0.5720204296541844,4.501608949321187,1.6622719422002632,1390.3529872641714,255.29345601066933,159.27903287982141,False,153.29999999999995,-7.3962492014850865,14.231705960271967,1151.774084599485,687.1401686925167,16.038888888888476,332.53900000001755,-6.824228771830902,9.730097010950779,-238.57890266468644,431.84671268184735
463714.0,2.1684,2.4545,8.5066,0.0563,0.0283,9.8064,0.0219,-0.5841,0.3203,54.52,-86.32,86.55,53.047485,-1.800916,17.28,3.925869,326.73,17 / 18,-0.6749803108413714,4.57153038132845,1.5349419422002344,1390.2906372271466,255.7471129772019,159.4388935740415,False,153.39999999999998,-7.483444884400267,14.246007464030214,1151.0252980669209,688.5634637534158,16.09194444444366,332.28700000000373,-6.808464573558895,9.674477082701763,-239.26533916022572,432.8163507762139
463814.0,-2.5989,-1.9138,8.8029,0.076,0.0339,9.8062,-0.0299,-0.0912,0.0033,49.84,-86.86,81.62,53.047485,-1.800916,17.28,3.925869,326.73,17 / 18,-0.651451487593503,4.625126904356871,1.4197519422002083,1390.224315637225,256.2069458414863,159.58662826826153,False,153.5,-7.6743000032249835,14.160223677045424,1150.256454752186,689.9756393225966,16.10611111111111,331.54400000000004,-7.02284851563148,9.535096772688554,-239.96786088503882,433.76869348111035
463914.0,1.4838,0.3288,9.8277,0.0004,0.0017,9.8066,0.0073,-0.423,0.2275,47.77,-86.54,78.17,53.047485,-1.800916,17.28,3.925869,326.73,17 / 18,-0.7307181549813856,4.652896710111259,1.370616942200225,1390.1552071550962,256.67084702220956,159.72614671248152,False,153.59999999999997,-7.823599656923037,14.12402890185596,1149.4742402494476,691.3878148902592,16.14611111110877,331.01700000003086,-7.092881501941651,9.471132191744701,-240.68096690564857,434.7169678680496
464014.0,-2.8865,-0.9581,8.7761,0.0462,0.0088,9.8065,-0.0094,-0.0345,-0.1415,43.28,-86.45,76.56,53.047485,-1.800916,17.28,3.925869,326.73,17 / 18,-0.79294416703078,4.7079554676077215,1.3201419422002136,1390.0790240389956,257.1388896310956,159.86068465670158,False,153.7,-7.985629196045683,14.02474459343815,1148.678654558539,692.7888709663076,16.138888888889205,330.3430000000295,-7.192685029014903,9.316789125830429,-241.40036948045667,435.64998133521203
464114.0,5.1236,2.9982,9.82,0.0329,-0.0061,9.8065,0.1237,-0.7055,0.3774,45.58,-86.11,78.08,53.047485,-1.800916,17.28,3.925869,326.73,17 / 18,-0.6314949320444273,4.729126213115042,1.269281942200231,1390.007802084042,257.61074371513155,159.99015585092155,False,153.79999999999995,-8.149769197736363,13.958960062839513,1147.86301208554,694.1899270423545,16.16388888888815,329.72200000001834,-7.518274265691936,9.229833849724471,-242.1447899985019,436.57918332722295
464215.0,-0.2116,1.8674,9.5303,0.1127,0.0522,9.8058,-0.0715,0.342,-0.1574,36.04,-86.56,70.22,53.047485,-1.800916,17.28,3.925869,326.73,17 / 18,-0.2845998610233394,4.7689800169118035,1.2560004422002313,1389.961539296992,258.0903980797479,160.11768261133378,False,153.90099999999995,-8.349447622541685,13.917815685003244,1147.0190895497253,695.5935406005428,16.230186111113724,329.03997000000453,-8.064847761518346,9.14883566809144,-242.94244974726666,437.50314252079494
464314.0,7.0835,4.6612,9.2728,0.002,-0.0304,9.8066,-0.0902,-0.4978,0.3582,42.88,-86.79,68.65,53.047485,-1.800916,17.28,3.925869,326.73,17 / 18,0.18503558483577426,4.816091716994567,1.2158955422002127,1389.9566108653207,258.5648591305765,160.24004146256166,False,154.0,-8.331876684288282,13.725106007975274,1146.204984763312,696.9475612226261,16.05611111111111,328.74,-8.516912269124056,8.909014290980707,-243.7516261020087,438.38270209204956
464414.0,-0.4647,-1.1799,9.1425,0.1002,0.0422,9.806,-0.046,0.6303,-0.3248,32.31,-87.31,62.2,53.047485,-1.800916,17.28,3.925869,326.73,17 / 18,0.5606641993839742,4.744725678810294,1.1559955422002333,1389.9938958545317,259.0429000003666,160.35863601678165,False,154.09999999999997,-8.495307846314127,13.696190814293809,1145.3625999142257,698.3152588198819,16.116944444440882,328.1900000000322,-9.0559720456981,8.951465135483515,-244.63129594030602,439.2723588195153
464514.0,-4.1016,-2.3673,8.9164,-0.0815,-0.0765,9.806,-0.1619,-0.0239,-0.0174,26.09,-87.53,54.28,53.047485,-1.800916,17.28,3.925869,326.73,18 / 19,0.27654987894321803,4.728449663934171,1.0782755422002157,1390.0357565584482,259.51655876750397,160.4703495710017,False,154.2,-8.63610379911447,13.71071574697155,1144.500158282908,699.6829564186526,16.203888888885086,327.7940000000174,-8.912653678057687,8.982266083037379,-245.53559827554022,440.1663976511486
464614.0,-1.1955,-2.8716,13.0646,0.0645,-0.0253,9.8064,0.0043,0.8923,-0.7973,17.83,-87.23,49.0,53.047485,-1.800916,17.28,3.925869,326.73,18 / 19,-0.06198418303310543,4.631310074332913,1.1966605422001755,1390.0464848432437,259.9845467544172,160.58409637522166,False,154.29999999999995,-8.783083295813249,13.655356159072536,1143.6243454635296,701.0395345235828,16.23611111111016,327.251000000016,-8.721099112780143,9.024046084739624,-246.42213937971405,441.0549877691656
464714.0,-1.1891,-2.1957,11.3912,-0.1807,-0.0548,9.8048,-0.0342,0.3178,-0.2721,15.84,-87.19,48.67,53.047485,-1.800916,17.28,3.925869,326.73,18 / 19,-0.2547863801520095,4.4607101403263325,1.4387855422002307,1390.0306463150844,260.43914776515027,160.7158686794417,False,154.39999999999998,-8.840353624578933,13.588534551201471,1142.7351614560898,702.3961126285133,16.21111111111148,326.95300000000435,-8.585567244426924,9.127824410875139,-247.29548485899454,441.956964863363
464815.0,4.2158,0.514,12.2466,-0.0748,0.0252,9.8063,-0.0073,0.4676,-0.3884,43.84,-86.68,70.67,53.047485,-1.800916,17.28,3.925869,326.73,18 / 19,-0.16764260899502348,4.278236525877382,1.6420227922002288,1390.0093136511325,260.88046457179354,160.87144950032894,False,154.50099999999998,-8.68777895084879,13.831579929997096,1141.864095408485,703.8110680703811,16.333713888888834,327.86656999999974,-8.520136341853766,9.553343404119714,-248.14521824264762,442.9306034985876
464915.0,3.1736,1.7189,10.9741,-0.0769,-0.0187,9.8063,0.125,0.1353,-0.0989,51.71,-86.56,80.31,53.047485,-1.800916,17.28,3.925869,326.73,18 / 19,0.18296236820215833,4.113737446116591,1.82239279220027,1390.010079639093,261.3000632703933,161.044670279549,False,154.601,-8.638684269002429,13.938657376746557,1141.0013863534948,705.2008934575789,16.39858888889063,328.21082000005333,-8.821646637204587,9.824919930629965,-249.00869328559816,443.9008301871856
465014.0,3.5511,2.3797,10.5988,-0.0284,-0.0244,9.8066,-0.0009,0.6453,-0.4132,47.57,-86.82,78.34,53.047485,-1.800916,17.28,3.925869,326.73,18 / 19,0.5685851373957826,4.026363164093075,1.91939299220026,1390.0472812406201,261.7029982505986,161.2298886758768,False,154.7,-8.842652949676276,13.774905163681217,1140.121094186103,706.5659223778629,16.3688888888902,327.3020000000402,-9.411238087072059,9.748541999588141,-249.9261870545172,444.86292412726425
465114.0,-4.1881,-4.6298,7.3909,-0.0732,-0.1148,9.8056,-0.2908,0.5261,-0.281,44.65,-87.24,76.48,53.047485,-1.800916,17.28,3.925869,326.73,18 / 19,0.47855508405889335,3.9928157746229673,1.8382129922002877,1390.0996382516928,262.10395719753427,161.41776897509675,False,154.79999999999995,-8.734878728107208,13.87665956631602,1139.2519669607534,707.9558589600691,16.396944444443616,327.8109999999849,-9.213433812166102,9.883843791693053,-250.8476712909394,445.85190176253485
465214.0,4.4717,1.413,8.4154,-0.058,-0.0582,9.8062,-0.035,0.2669,-0.0288,47.08,-86.5,73.32,53.047485,-1.800916,17.28,3.925869,326.73,18 / 19,0.38475371763493205,3.8944858475180424,1.6478629922002446,1390.1428036917775,262.4983222786414,161.59207277431682,False,154.89999999999998,-8.837059247479083,13.709804139213574,1138.3694685473174,709.3124370657079,16.31111111111238,327.1950000000091,-9.221812965114015,9.815318291695531,-251.77333514446013,446.81411478706644
465314.0,-4.662,-4.4308,9.3114,-0.039,-0.0082,9.8065,-0.1058,0.752,-0.5217,40.22,-86.45,69.72,53.047485,-1.800916,17.28,3.925869,326.73,18 / 19,0.2801934807950617,3.7954878520438573,1.5535379922002233,1390.176051051699,262.88282096361957,161.75214282353687,False,155.0,-8.906713630297693,13.607256457896119,1137.4735989458206,710.6801346630638,16.263055555555553,326.793,-9.186907111092754,9.811768605852262,-252.70245210587836,447.7973136994442
465414.0,-1.3059,-1.9441,10.5002,-0.0677,-0.0795,9.806,0.0843,-0.6337,0.1019,40.27,-85.94,69.03,53.047485,-1.800916,17.28,3.925869,326.73,18 / 19,-0.14311120939953043,3.7808932779480005,1.56345299220022,1390.1829051652687,263.26164002011905,161.90799237275684,False,155.09999999999997,-9.042587555923536,13.64115842567974,1136.5643581562765,712.036712768602,16.366111111105077,326.4600000000195,-8.899476346524006,9.860265147731738,-253.6185470089922,448.77507274848296
465515.0,-0.6781,-1.9576,9.8676,0.0775,0.0585,9.8061,0.0049,-0.3878,0.4188,37.4,-86.31,68.53,53.047485,-1.800916,17.28,3.925869,326.73,20 / 20,-0.33454601574980986,3.727482177198502,1.6015552422002197,1390.1587834753986,263.6408129806039,162.06782528859407,False,155.20099999999996,-9.095955260825253,13.542125609499646,1135.646024958823,713.395737162156,16.31335555555424,326.1115900000018,-8.761409245075443,9.814643432301144,-254.51275851657556,449.7549241815521
465614.0,-4.7311,-6.2864,9.8838,0.0529,0.0573,9.8063,0.236,-0.3888,0.1702,40.83,-85.97,72.08,53.047485,-1.800916,17.28,3.925869,326.73,20 / 20,-0.791142454799915,3.6243841429331374,1.608391192200219,1390.1030618961065,264.0047303634504,162.22671763709687,False,155.29999999999995,-9.122123965545832,13.560321502426138,1134.7458765771087,714.7387494860367,16.343055555554667,326.0710000000012,-8.330981510745916,9.935937359493,-255.35718531899784,450.7340191225863
465714.0,2.341,-1.6191,9.4502,0.0137,0.01,9.8065,0.0463,-0.83,0.4289,43.44,-85.96,74.4,53.047485,-1.800916,17.28,3.925869,326.73,20 / 20,-1.134745705952588,3.4375917870253136,1.5944261922002159,1390.0067674880688,264.3578291599484,162.38685850631694,False,155.39999999999998,-9.009949382099308,13.699656902498663,1133.8500069756112,716.1286860689505,16.396944444443648,326.6679999999912,-7.87520367614672,10.26206511547335,-256.1567605124576,451.77085690900213
465814.0,-2.7285,-4.8958,9.0523,0.1129,0.0722,9.8057,-0.1373,0.2374,0.0221,45.91,-86.53,75.09,53.047485,-1.800916,17.28,3.925869,326.73,20 / 20,-1.3630254970607933,3.2610852551891156,1.5388861922002033,1389.881878927918,264.6927630120592,162.543524125537,False,155.5,-9.029042598956908,13.780493994999654,1132.9541373740876,717.507503160147,16.475,326.767,-7.666017101896115,10.519408739810538,-256.9277415538304,452.8147401480879
465914.0,1.0646,-0.2119,10.6217,0.0044,0.0352,9.8066,0.1548,-0.0995,0.0579,45.86,-86.24,75.56,53.047485,-1.800916,17.28,3.925869,326.73,20 / 20,-1.5904224156463498,3.177987008699537,1.5419211922002023,1389.7342065322828,265.01471662525347,162.69756449475696,False,155.59999999999997,-9.120901687040698,13.674146960054346,1132.0382109905404,718.864081264978,16.436944444446674,326.29600000002756,-7.5304792713943485,10.496159951354809,-257.6959955417424,453.84936463972457
466014.0,0.1976,0.007,9.4445,-0.0009,-0.0115,9.8066,-0.0213,0.0717,-0.2369,40.79,-86.39,74.36,53.047485,-1.800916,17.28,3.925869,326.73,20 / 20,-1.5409487104901034,3.1615846506606538,1.5645661922002074,1389.577637975976,265.33169520822156,162.85288886397703,False,155.7,-9.102174505591199,13.57974004601795,1131.122284606899,720.2095398767763,16.348055555559444,326.16700000000566,-7.5612257951010955,10.418155395357296,-258.4553533690769,454.8778446685547
466114.0,4.0027,0.3821,9.8491,0.0399,-0.0422,9.8064,-0.1575,-0.2856,0.3505,45.06,-86.42,74.02,53.047485,-1.800916,17.28,3.925869,326.73,20 / 20,-1.3662935312123807,3.0626860652858916,1.5485811922002128,1389.432275863891,265.64290874401877,163.008546233197,False,155.79999999999995,-9.067040499294905,13.738884801772713,1130.2197294113716,721.5883569672632,16.461111111107765,326.5769999999879,-7.700746968082524,10.676198736486821,-259.2125464525193,455.9454482232444
466215.0,-1.1178,-4.3289,8.9417,0.0555,0.0214,9.8064,-0.0503,0.1928,-0.0353,37.57,-86.32,67.27,53.047485,-1.800916,17.28,3.925869,326.73,20 / 20,-1.3767396544893933,2.830472475354282,1.5070449422002132,1389.293752688013,265.9405132503211,163.16285535298422,False,155.90099999999995,-9.36026981980303,13.569831450263633,1129.261215793691,722.9476037506658,16.485011111111096,325.4026599999871,-7.983530165313637,10.73935897490935,-260.032536894322,457.00709050034476
466314.0,0.1942,-3.9505,11.276,-0.023,-0.0021,9.8066,0.0866,0.0216,0.0662,35.89,-86.29,65.63,53.047485,-1.800916,17.28,3.925869,326.73,20 / 20,-1.6500179495881815,2.566520165909707,1.5369627422002274,1389.143928186611,266.20766438606375,163.3135337333621,False,156.0,-9.15680000704572,13.709298785819382,1128.3544486739124,724.3126326695501,16.48611111111111,326.26,-7.506782057457538,11.142778619909674,-260.78947951269856,458.10496828348636
466414.0,-1.8801,-3.4719,11.3445,0.0153,0.031,9.8066,0.0865,0.5464,-0.272,36.19,-86.51,66.2,53.047485,-1.800916,17.28,3.925869,326.73,20 / 20,-1.928594639137233,2.352884037586828,1.6873227422001762,1388.9649975571747,266.4536345962385,163.47474800758206,False,156.09999999999997,-9.277984888287241,13.668555022848873,1127.4251511022521,725.6692107757957,16.519999999998017,325.83200000002506,-7.349390249150008,11.315670985262045,-261.53984645492255,459.2155761795572
466515.0,-0.8325,-3.6752,9.299,-0.0879,-0.0317,9.8062,-0.0194,0.33,-0.1742,39.4,-86.61,69.2,53.047485,-1.800916,17.28,3.925869,326.73,21 / 23,-2.2501128672150097,2.187481532734462,1.7393478422001758,1388.753972828104,266.6829230575397,163.6477948720943,False,156.20099999999996,-9.285775596298423,13.593807135325452,1126.4868279785942,727.039465856699,16.462611111116715,325.66350999997144,-7.0356627290834135,11.40632560259099,-262.2671448495098,460.35654279915934
466614.0,4.1298,1.0804,9.7721,-0.0009,-0.034,9.8066,-0.0288,0.356,-0.2978,35.94,-87.01,64.01,53.047485,-1.800916,17.28,3.925869,326.73,21 / 23,-2.1918591371925435,2.032434762147825,1.7125089422001787,1388.5340952138858,266.89180891413633,163.8186617829221,False,156.29999999999995,-9.062102480905182,13.592160419163044,1125.5932983349958,728.3934864780811,16.33611111111489,326.3079999999807,-6.870243343712638,11.559725657015218,-262.94079687889007,461.5016775639447
466715.0,0.9028,-3.0744,9.6504,-0.0223,-0.0469,9.8065,-0.1858,0.3294,-0.1003,29.04,-87.19,60.57,53.047485,-1.800916,17.28,3.925869,326.73,21 / 23,-2.0210077233714507,1.8337165258817931,1.7028735422001788,1388.3213454374275,267.0870495541818,163.9911385983843,False,156.40099999999995,-8.991859990459394,13.71113688448915,1124.6820518671886,729.7753058311209,16.39663888888645,326.742749999984,-6.970852267087944,11.877420358607356,-263.6392935702388,462.6882562769391
466815.0,0.7787,-0.1579,9.9061,-0.0105,-0.0409,9.8065,-0.0577,0.1107,-0.0437,24.69,-86.84,56.31,53.047485,-1.800916,17.28,3.925869,326.73,21 / 23,-2.022309814466271,1.6913840151965014,1.7000335422001782,1388.1191795605355,267.2633045812358,164.16128395260438,False,156.50099999999998,-8.823547352327264,14.013452655987093,1123.8127240740455,731.1874813996004,16.559949999999912,327.8035200000003,-6.8012375378609935,12.322068640790592,-264.30645548649,463.92417681836463
466915.0,1.2707,-2.9028,10.0495,0.0075,-0.0141,9.8066,-0.0899,0.0864,0.0118,21.2,-86.82,54.82,53.047485,-1.800916,17.28,3.925869,326.73,21 / 23,-1.984271041616696,1.5471079163269361,1.7171485422001822,1387.9188505177312,267.425229177812,164.33214305682444,False,156.601,-8.963052859303557,14.048576613265801,1122.923540066669,732.5995457737346,16.664300000004065,327.4619599999828,-6.978781817686862,12.501468696938865,-264.9953104510623,465.17431659592256
467015.0,2.8458,-1.8284,10.2233,0.0157,-0.0131,9.8066,-0.0187,-0.0116,0.0422,18.11,-86.77,52.07,53.047485,-1.800916,17.28,3.925869,326.73,21 / 23,-1.8736345721892758,1.295044391816307,1.750123542200171,1387.725955237041,267.5673367932191,164.5055066610444,False,156.70099999999996,-8.854149567829515,14.03473504990294,1122.0344229151162,734.0004906534572,16.594269444447647,327.75323000000776,-6.980514995640239,12.739690658086634,-265.6915323219248,466.43315386023806
467115.0,1.7871,-0.8363,9.3956,0.0258,0.0112,9.8065,-0.041,-0.1201,0.0578,15.37,-86.78,49.68,53.047485,-1.800916,17.28,3.925869,326.73,21 / 23,-1.6965670914526574,1.1370762704400605,1.7504035422001711,1387.547445153859,267.688942826332,164.68053301526444,False,156.801,-8.857445689180786,13.94828815314174,1121.152125069501,735.3907608218511,16.52299444444139,327.5835899999837,-7.160878597728129,12.81121188270168,-266.395320084358,467.70181799551915
467215.0,0.7164,-2.2845,10.0733,0.0459,0.0145,9.8065,-0.0406,0.0008,0.0237,11.52,-86.8,46.32,53.047485,-1.800916,17.28,3.925869,326.73,21 / 23,-1.6161627166810186,0.9908020987365784,1.7431835422001736,1387.3818086634524,267.7953367447908,164.8552123694844,False,156.90099999999995,-8.776971139743939,14.122804432187218,1120.2896165822685,736.8141670776735,16.627955555554053,328.1400599999954,-7.16080842306292,13.13200233345064,-267.09219208118384,469.01883033288266
467315.0,3.2004,-1.3953,10.5208,0.0422,-0.002,9.8066,-0.0569,-0.2606,0.2209,12.99,-86.75,45.9,53.047485,-1.800916,17.28,3.925869,326.73,21 / 23,-1.4713578658570121,0.8044471564693811,1.7922235422001846,1387.2274326343254,267.8850992075511,165.03198272370446,False,157.00099999999998,-8.754825755224587,14.25195132946026,1119.4203556450393,738.2481368513,16.72618611111126,328.43797000000046,-7.283467889367575,13.447504172990879,-267.8070769892861,470.36303764374895
467415.0,-2.3139,-3.3003,10.3069,0.0445,0.0228,9.8064,-0.0291,0.0938,-0.0808,8.55,-86.76,42.0,53.047485,-1.800916,17.28,3.925869,326.73,21 / 23,-1.4787239218198889,0.5909524474105626,1.8529435422001985,1387.0799285449416,267.9548691877451,165.21424107792453,False,157.101,-8.780704368541496,14.0207693836952,1118.5379240876332,739.6385182145235,16.543361111098044,327.9425299999853,-7.301980446721608,13.429816936284636,-268.5420044573084,471.6836490267784
467514.0,0.2564,-2.9097,10.3816,-0.0309,-0.0092,9.8066,0.0425,-0.2006,0.1464,13.28,-86.75,46.15,53.047485,-1.800916,17.28,3.925869,326.73,20 / 23,-1.6454976045942897,0.33942616597141695,1.906165942200193,1386.925279579384,268.0009229291075,165.4003169974023,False,157.2,-8.836740244051349,14.248315817982004,1117.6708693964479,741.0585886230149,16.76611111110126,328.19299999998896,-7.191242639457059,13.908889652010586,-269.2544101829362,473.0576656939074
467614.0,-2.2453,-4.1493,10.6077,0.0081,0.0343,9.8065,0.0699,0.4884,-0.3984,19.24,-86.87,51.49,53.047485,-1.800916,17.28,3.925869,326.73,20 / 23,-1.8459376159998426,0.07307809816058841,1.9749659422001697,1386.7507078183544,268.0215481423141,165.59437359162226,False,157.29999999999995,-8.775482584536267,14.234266100211514,1116.7950565770423,742.4818836839136,16.721944444445747,328.34599999999546,-6.929544968536424,14.161188002050926,-269.9556512413121,474.4603355415995
467715.0,-0.8271,-3.0839,9.7949,-0.0819,-0.0506,9.8062,-0.034,0.2446,-0.1258,24.58,-86.42,59.87,53.047485,-1.800916,17.28,3.925869,326.73,20 / 23,-2.1262834769143,-0.1738595758905496,2.0148255922001694,1386.5501106531622,268.0164586776887,165.79585806410947,False,157.40099999999995,-8.807390630392401,14.379480068027936,1115.9173717913468,743.9531037581914,16.862374999999357,328.5126399999946,-6.681107153478101,14.553339643918486,-270.63273886181537,475.93664508050273
467815.0,6.7127,1.5785,9.7676,-0.0316,-0.0248,9.8065,-0.054,0.4804,-0.3851,26.18,-86.62,59.02,53.047485,-1.800916,17.28,3.925869,326.73,20 / 23,-1.8912020219709202,-0.33666357056336016,2.012285592200169,1386.349236378218,267.990932520366,165.99721362332954,False,157.50099999999998,-8.739773866807296,14.468710735563008,1115.0613483303239,745.4094237129942,16.903480555555678,328.86601000000064,-6.848571844836376,14.805374306126367,-271.28788804789406,477.4184911926282
467915.0,-0.162,-2.8195,9.0972,-0.0488,-0.0658,9.8062,-0.1708,0.5215,-0.2869,18.51,-86.67,54.83,53.047485,-1.800916,17.28,3.925869,326.73,20 / 23,-1.608792298704865,-0.5076484834318298,1.9748605922001603,1386.174236662184,267.9487169176663,166.1965709325496,False,157.601,-8.8346519009937,14.237205033153705,1114.1789836288576,746.8331635534922,16.755574999985374,328.1789699999712,-7.2258596022888355,14.744853516585534,-271.99525303332643,478.88444663582595
468014.0,5.1554,1.7028,9.8325,-0.0486,-0.0835,9.8061,-0.0135,0.0068,-0.0154,19.75,-85.87,55.31,53.047485,-1.800916,17.28,3.925869,326.73,20 / 23,-1.3952876798402016,-0.6073910337474308,1.941022392200164,1386.0255347032462,267.8935224615659,166.3904071402774,False,157.7,-8.841775696098532,14.525599042363291,1113.3185476757621,748.2862588544876,17.00499999998897,328.6709999999782,-7.44648801625833,15.132990076110723,-272.70698702748405,480.39273639292173
468114.0,0.7078,-2.3411,9.9545,-0.0405,-0.0398,9.8064,-0.0508,0.3065,-0.326,19.94,-85.82,53.77,53.047485,-1.800916,17.28,3.925869,326.73,20 / 23,-1.1333757263069018,-0.6990971645573106,1.9497073922001609,1385.8991015329389,267.8281980516507,166.58494362949736,False,157.79999999999995,-8.835565868187139,14.454550199435563,1112.4427348563836,749.7317929009455,16.941111111113,328.5640000000032,-7.702190141880237,15.153647363992873,-273.45636667655526,481.9035948492948
468214.0,4.1077,1.4414,10.2277,-0.028,-0.0236,9.8065,0.0643,-0.3505,0.2761,20.5,-85.39,55.57,53.047485,-1.800916,17.28,3.925869,326.73,20 / 23,-0.924978383556142,-0.7882343877207836,1.9781523922001674,1385.7961838274457,267.75383147403676,166.78133661871743,False,157.89999999999998,-8.807686818550987,14.51576111705958,1111.5736076310072,751.1995659329611,16.97888888888833,328.75199999999717,-7.8827084349948455,15.303995504780364,-274.22257619643847,483.4457344589244
468314.0,0.2165,-1.7907,9.749,0.0394,0.0383,9.8064,0.0083,0.0341,-0.1079,19.86,-85.59,55.19,53.047485,-1.800916,17.28,3.925869,326.73,20 / 23,-0.7301914667965228,-0.8431541598924998,1.9963223922001716,1385.7134253349282,267.6722620466561,166.9800603579375,False,158.0,-9.046808052960559,14.431917599942498,1110.6643668414504,752.6339804869937,17.033055555555556,327.918,-8.316616586164036,15.275071759834997,-275.0490584934778,484.96171844033756
468414.0,-0.4993,-0.7183,9.9429,-0.0063,0.0071,9.8066,0.02,-0.1629,0.0123,21.06,-85.73,56.32,53.047485,-1.800916,17.28,3.925869,326.73,20 / 23,-0.7890429148174375,-0.9181867725282173,2.0002523922001703,1385.6374636158475,267.5841950000351,167.17988909715746,False,158.09999999999997,-8.967925547750276,14.516341696926347,1109.7551260519328,754.0683950387986,17.0630555555538,328.29299999997806,-8.178882632932838,15.434528469454564,-275.8823375639147,486.4842000387635
468514.0,1.1983,-1.3936,9.8117,0.017,0.0325,9.8066,0.1209,-0.1697,0.1943,21.44,-85.87,56.75,53.047485,-1.800916,17.28,3.925869,326.73,20 / 22,-0.7968436256113851,-0.9920591159028836,2.007317392200172,1385.558169288826,267.48868270561354,167.38026758637753,False,158.2,-9.033480516149575,14.514587313725226,1108.8592564504083,755.5250485790953,17.096111111109668,328.1030000000083,-8.23663689053819,15.506646429628109,-276.69891283841775,488.0363658734817
468615.0,-0.8178,-1.4327,9.9483,0.0183,0.024,9.8066,0.003,-0.3939,0.1719,23.48,-86.09,56.08,53.047485,-1.800916,17.28,3.925869,326.73,20 / 22,-0.8340642184267937,-1.0917594419124346,2.014725742200172,1385.4758084427021,267.38344986844385,167.58338076466475,False,158.301,-9.145686673342198,14.585917274939364,1107.9409901088957,757.007054561721,17.216055555561372,327.9113999999988,-8.311622454915405,15.6776767168518,-277.53481833380647,489.6236046932772
468715.0,3.3181,1.3793,10.1828,0.0416,0.0269,9.8065,0.0435,-0.2842,0.1658,24.24,-85.86,56.6,53.047485,-1.800916,17.28,3.925869,326.73,20 / 22,-0.7207078321847719,-1.1089222577638744,2.040615742200163,1385.3980698401715,267.27341578346005,167.7861478388847,False,158.40099999999995,-9.032939362339054,14.425530905798837,1107.0380337776742,758.4305720124745,17.020286111107794,327.94620000000714,-8.312231530154282,15.534453163562711,-278.36003606249733,491.15715622901445
468815.0,-0.5008,-1.01,10.3787,0.036,0.0152,9.8065,0.0367,-0.0852,-0.01,22.3,-85.92,53.41,53.047485,-1.800916,17.28,3.925869,326.73,20 / 22,-0.584021345076274,-1.113903264501431,2.088025742200174,1385.3328333813085,267.16227450734675,167.99257991310475,False,158.50099999999998,-9.269995478066377,14.535483009436078,1106.0956324416477,759.8761060589242,17.239869444444547,327.4723399999999,-8.685974132990104,15.649386273937509,-279.23720093966085,492.7138315515774
468915.0,4.8323,1.3885,9.6177,0.013,0.0012,9.8066,-0.0197,-0.4616,0.1729,18.42,-85.89,51.7,53.047485,-1.800916,17.28,3.925869,326.73,20 / 22,-0.37765434213101984,-1.1242260976231646,2.1071807422001783,1385.2847495969481,267.0503680392405,168.20234023732482,False,158.601,-9.171035206529771,14.454855224945453,1105.179639202159,761.3217512995082,17.118724999989663,327.6064699999915,-8.79338086439875,15.579081322568618,-280.1051103947891,494.27138326026767
469015.0,0.0759,-0.9601,9.9126,0.0624,0.0193,9.8064,-0.0137,0.0518,0.0003,13.03,-85.81,49.6,53.047485,-1.800916,17.28,3.925869,326.73,20 / 22,-0.11822887390393508,-0.973499987472104,1.7875761308701525,1385.2599554361464,266.9454817349858,168.39707808097828,False,158.70099999999996,-9.23052312758744,14.626888964662578,1104.2568266566677,762.778404839091,17.29591944444041,327.74543000002876,-9.112294253683507,15.600388952134683,-281.00312877947863,495.8329231041052
469114.0,2.2247,-0.1506,9.728,0.0146,-0.0218,9.8065,-0.0626,-0.1953,0.0793,17.97,-85.49,51.87,53.047485,-1.800916,17.28,3.925869,326.73,20 / 22,-0.028408352723659616,-1.02506567790612,1.7889274808701525,1385.2526968934283,266.84655273454956,168.5741150097594,False,158.79999999999995,-9.445417901782005,14.597599726489213,1103.3235845844772,764.2204918425849,17.386944444441728,327.09500000001947,-9.417009549058346,15.622665404395333,-281.92911230895106,497.37393910803536
469214.0,-1.6656,-2.1888,9.6204,0.0173,0.0037,9.8065,-0.0136,-0.0638,-0.1569,14.89,-85.34,49.2,53.047485,-1.800916,17.28,3.925869,326.73,20 / 22,-0.03856153574867537,-1.1137851459562973,1.7756824808701495,1385.2493483990047,266.73961019335644,168.75234550784646,False,158.89999999999998,-9.329407658787208,14.479736797892597,1102.3942870127482,765.6771453821756,17.225000000002392,327.20599999999837,-9.290846123038532,15.593521943848895,-282.85506138625647,498.93753518881914
469315.0,2.3011,-0.6455,10.285,0.026,0.0087,9.8066,0.0261,-0.2612,0.2652,17.67,-85.17,49.02,53.047485,-1.800916,17.28,3.925869,326.73,20 / 22,-0.05260670902027691,-1.2278393115208872,1.7904335308701493,1385.2447444026438,266.6213581582538,168.93243436643934,False,159.00099999999998,-9.31054394287485,14.50586704581576,1101.4624489153275,767.1370235734579,17.236775000000105,327.30575999999996,-9.257937233854573,15.733706357336647,-283.78229548731633,500.51566541520407
469414.0,-1.2434,-1.7206,10.0786,0.0311,0.0086,9.8066,-0.0323,0.1536,-0.1417,14.16,-85.17,46.07,53.047485,-1.800916,17.28,3.925869,326.73,20 / 22,-0.03960051987905572,-1.3236783594307102,1.8275733808701455,1385.2401801448134,266.49505803354174,169.11152570857047,False,159.09999999999997,-9.223147607487208,14.411302793667183,1100.5490630574734,768.5570939811456,17.110000000007496,327.38099999999554,-9.183547087608153,15.734981153097893,-284.69111708734,502.0620359476039
469514.0,1.7108,0.6403,10.1998,-0.0298,-0.0329,9.8065,0.0491,-0.1716,0.1971,14.46,-85.32,46.4,53.048527,-1.802059,9.49,3.925611,328.47,22 / 24,-0.03650792587656031,-1.3453165626781196,1.8608283808701531,1385.2363747225256,266.36160828743624,169.29594579665752,False,159.2,-9.289796122595462,14.28864691531226,1099.6130798917418,769.9692695503276,17.043055555558485,326.970000000018,-9.253288196718902,15.63396347799038,-285.62329483078383,503.6076612628913
469614.0,0.7433,-0.5497,10.018,0.0001,0.0036,9.8066,0.0097,0.0883,0.039,16.91,-85.43,45.91,53.048527,-1.802059,9.49,3.925611,328.47,22 / 24,0.07636404441765102,-1.335719405294715,1.8910533808701429,1385.2383675284527,266.2275564890376,169.48353988474446,False,159.29999999999995,-9.448117195749889,14.382289715420614,1098.6570399438672,771.3925646105181,17.208055555550676,326.698000000008,-9.52448124016754,15.718009120715328,-286.58132758458555,505.16500812148047
469714.0,1.4277,0.6361,9.7427,-0.0143,-0.0008,9.8066,-0.0675,-0.124,0.0815,10.77,-85.52,45.06,53.048527,-1.802059,9.49,3.925611,328.47,22 / 24,0.17330002081516832,-1.3180994379257658,1.8984233808701445,1385.2508507317143,266.0948655468766,169.6730137228315,False,159.39999999999998,-9.513193840672837,14.511689045483198,1097.7143711840513,772.8603376425331,17.351944444442317,326.7529999999992,-9.686493861488005,15.829788483408963,-287.536479547663,506.7654720956565
469814.0,-0.4579,-0.5241,9.9659,0.0022,-0.0039,9.8066,-0.0118,0.0617,0.0219,6.49,-85.58,42.27,53.048527,-1.802059,9.49,3.925611,328.47,22 / 24,0.18159303966686016,-1.0944223345278725,1.6177101237396236,1385.2685953847383,265.97423945825386,169.84882039806203,False,159.5,-9.473093238538127,14.535577198514108,1096.7783880183192,774.316991182124,17.35,326.907,-9.654686278204986,15.62999953304198,-288.4902073664191,508.3427517238701
469914.0,-0.1692,-0.0028,10.228,-0.0148,-0.0059,9.8066,0.0017,-0.1485,0.0425,9.21,-85.6,42.17,53.048527,-1.802059,9.49,3.925611,328.47,22 / 24,0.1369929592496238,-1.0806928079766935,1.6467401237396138,1385.2845246846841,265.86548370112865,170.01204291043595,False,159.59999999999997,-9.35972830192934,14.58375384589172,1095.8490904466855,775.7847642133253,17.328888888890123,327.3079999999765,-9.496721261178964,15.664446653868414,-289.4354342379986,509.9192805121966
470015.0,-2.4708,-1.1741,9.5635,0.0171,-0.0085,9.8066,-0.0122,0.0603,-0.0639,9.48,-85.6,41.45,53.048527,-1.802059,9.49,3.925611,328.47,22 / 24,-0.013974190677190829,-1.0807986681209818,1.6557392237396138,1385.290737132497,265.7563283815857,170.17881811748364,False,159.70099999999996,-9.440291562354718,14.71714202263087,1094.8970618552135,777.2671037807377,17.48466111111747,327.3219100000004,-9.426317371677527,15.797940690751853,-290.3936752772836,511.51077539915195
470115.0,1.9538,0.484,9.7232,-0.0282,-0.0387,9.8064,-0.1203,-0.1647,0.2454,5.23,-85.46,38.81,53.048527,-1.802059,9.49,3.925611,328.47,22 / 24,-0.056829122283249114,-1.06730392443832,1.63940922373961,1385.287196966849,265.64892325195774,170.34357553985765,False,159.801,-9.365011689433517,14.59657902691498,1093.9611455454212,778.7239797101691,17.342538888884736,327.3161699999908,-9.308182567150268,15.663882951353301,-291.3260514214278,513.0750564582114
470214.0,-1.9259,-2.4007,10.1316,-0.0198,-0.0183,9.8065,-0.0357,-0.2675,0.2129,2.99,-85.35,35.4,53.048527,-1.802059,9.49,3.925611,328.47,22 / 24,-0.07244836404343305,-1.1311101444111462,1.651363473739609,1385.280797731276,265.5401017555497,170.50646878838285,False,159.89999999999998,-9.360605427120392,14.767038860811013,1093.0411409494104,780.188083308666,17.483888888886778,327.62999999999533,-9.288157063076959,15.898149005222159,-292.2396567818655,514.6479815531163
470314.0,2.2421,0.4586,10.8681,-0.0243,-0.0402,9.8065,-0.036,-0.3425,0.2923,356.26,-85.3,31.44,53.048527,-1.802059,9.49,3.925611,328.47,22 / 24,-0.08003372585766406,-1.1817258507360042,1.7206834737396248,1385.2731736267808,265.4244599557923,170.67507113575684,False,160.0,-9.477361882162718,14.606690969927067,1092.0917865955917,781.6336173558315,17.411944444444444,327.023,-9.397328156305054,15.788416820663072,-293.18138703118916,516.2091574000392
470414.0,-1.7291,-0.2593,10.4533,-0.0323,-0.006,9.8066,0.047,-0.25,0.1539,351.76,-85.38,27.73,53.048527,-1.802059,9.49,3.925611,328.47,22 / 24,-0.0721722280250882,-1.1443667670808988,1.8060884737395957,1385.2655633290867,265.3081553249015,170.85140973313074,False,160.09999999999997,-9.597904661615638,14.476136478397493,1091.1290610537294,783.0791514021832,17.368888888891412,326.45500000003324,-9.52573243359055,15.62050324547839,-294.1365022753573,517.7709960772818
470514.0,2.3975,2.8963,10.4388,-0.0508,-0.026,9.8064,0.1832,-0.5904,0.3472,355.91,-85.49,31.13,53.048527,-1.802059,9.49,3.925611,328.47,20 / 22,-0.06554128037736344,-0.9842591220279474,1.8700284737396102,1385.2586776536666,265.20172403044603,171.03521558050474,False,160.2,-9.418756595537202,14.638604410460012,1090.1930778879691,784.5358049410659,17.40694444444278,327.24199999996557,-9.353215315159838,15.622863532487958,-295.06559976569747,519.3340809106198
470614.0,-2.0388,-0.9292,10.1631,-0.0368,-0.0195,9.8065,0.0387,-0.0806,0.058,356.02,-85.91,28.66,53.048527,-1.802059,9.49,3.925611,328.47,20 / 22,-0.07247225005774306,-0.8516510575771759,1.9194584737395934,1385.2517769771448,265.1099285214658,171.22468992787864,False,160.29999999999995,-9.644115072169336,14.354121879181603,1089.2236667520078,785.9591000019656,17.293055555558922,326.1040000000337,-9.571642822111594,15.205772936758779,-296.02811022513697,520.8491714804998
470714.0,3.8015,1.8381,9.6941,-0.0536,-0.0246,9.8065,-0.0403,-0.3937,0.3456,357.64,-85.83,31.73,53.048527,-1.802059,9.49,3.925611,328.47,20 / 22,-0.0020124804147333697,-0.7721249223547036,1.9316534737395963,1385.2480527406212,265.0287397224692,171.41724552525264,False,160.39999999999998,-9.545550054528189,14.633909827047477,1088.274312398188,787.4268730332732,17.4719444444418,326.8839999999885,-9.543537574113456,15.406034749402181,-296.9737403424333,522.398133310804
470814.0,-2.063,-1.6561,10.6413,-0.0476,-0.0282,9.8064,-0.0055,-0.0823,0.0395,359.61,-85.79,31.68,53.048527,-1.802059,9.49,3.925611,328.47,20 / 22,0.06538490630277706,-0.7221597402709958,1.9677584737396046,1385.2512213619157,264.9540254893379,171.61221612262665,False,160.5,-9.303458012167347,14.587767155205116,1087.3517004205162,788.8724070804386,17.301944444444445,327.472,-9.368842918470124,15.309926895476112,-297.8995209413995,523.9183815911008
470914.0,3.0046,1.72,9.4971,-0.081,-0.0463,9.8062,0.0182,-0.5377,0.3316,1.25,-85.79,33.04,53.048527,-1.802059,9.49,3.925611,328.47,20 / 22,0.09979579231463731,-0.688652849319979,1.9940134737395956,1385.2594803968466,264.88348485985836,171.81030472000054,False,160.59999999999997,-9.321865001956777,14.74915168932599,1086.4224028488825,790.3401801116399,17.448055555547,327.7059999999863,-9.421660794271414,15.437804538645969,-298.8370775479641,525.4566952517816
471014.0,-3.1992,-3.1191,9.0614,-0.0009,-0.0159,9.8066,-0.034,0.2351,-0.0687,355.65,-85.92,30.83,53.048527,-1.802059,9.49,3.925611,328.47,20 / 22,0.08796178180889203,-0.7398575093963,1.9412734737395836,1385.2688682755527,264.8120593419225,172.00706906737454,False,160.7,-9.435277802766718,14.685113475373837,1085.473048495038,791.807953142949,17.454999999999693,327.2790000000187,-9.52323958457561,15.424970984770138,-299.79581978051465,526.9958938010266
471114.0,-0.8341,-1.6731,10.1288,-0.0583,-0.0728,9.8061,0.0107,-0.328,0.1321,0.69,-85.69,32.58,53.048527,-1.802059,9.49,3.925611,328.47,20 / 22,-0.1188203204894171,-0.9569832520817834,1.9201184737395909,1385.2673253486187,264.72721730384865,172.20013866474844,False,160.79999999999995,-9.191288405401107,14.775617934625515,1084.5638077054525,793.2868456673896,17.4011111111127,328.11599999997526,-9.072468084911689,15.7326011867073,-300.70351764316615,528.5596283635409
471214.0,-3.0544,-3.3602,9.3849,0.0593,0.0486,9.8063,-0.0886,0.66,-0.3746,357.48,-85.56,32.41,53.048527,-1.802059,9.49,3.925611,328.47,20 / 22,-0.32258698140577036,-1.1807556405448953,1.9151384737395898,1385.2452549835239,264.6203303592173,172.39190151212244,False,160.89999999999998,-9.245446345765004,14.769981275125845,1083.6411957277815,794.765738192539,17.424999999999645,327.95500000000237,-8.922859364359233,15.95073691567074,-301.6040592557424,530.1454078333217
471314.0,-1.5023,-1.4749,9.8296,-0.033,-0.0191,9.8065,0.0124,0.2839,-0.1764,355.3,-85.63,30.6,53.048527,-1.802059,9.49,3.925611,328.47,20 / 22,-0.5540459267197817,-1.4018099782710485,1.8951984737395853,1385.2014233381176,264.49120207827644,172.58241835949644,False,161.0,-9.663585523220137,14.59123041278106,1082.6584134037585,796.2001527458643,17.50111111111111,326.48400000000004,-9.109539596500355,15.993040391052109,-302.54300993435913,531.7089506675879
471415.0,4.5054,3.7754,10.4116,-0.052,-0.0351,9.8064,-0.0151,0.5465,-0.3842,355.97,-85.64,32.92,53.048527,-1.802059,9.49,3.925611,328.47,20 / 22,-0.4280641924960594,-1.2428203486090614,1.926907423739585,1385.151826777097,264.357648246769,172.77543470731914,False,161.101,-9.598214754163557,14.501239241517366,1081.6864617421168,797.6604757174589,17.390030555548925,326.4997699999259,-9.170150561667498,15.744059590126428,-303.4653650349803,533.3028274706899
471514.0,-1.0003,-0.0859,9.9978,-0.077,-0.0539,9.8061,-0.0387,0.5506,-0.322,356.11,-85.86,31.23,53.048527,-1.802059,9.49,3.925611,328.47,20 / 22,-0.2853271810258324,-1.0156001830433565,1.9663143737395807,1385.1165139041077,264.2458564304522,172.96814918629434,False,161.2,-9.336267227028204,14.80510277053833,1080.7730758842224,799.1245793166561,17.503055555550556,327.76399999994413,-9.05094004600237,15.820702953581687,-304.3434380198853,534.8787228862038
471614.0,2.1621,1.4568,9.6732,-0.0589,-0.0417,9.8063,0.0017,0.0365,-0.0293,3.53,-85.66,37.45,53.048527,-1.802059,9.49,3.925611,328.47,20 / 22,-0.20226595293607533,-0.7846804099517849,1.6738194676786429,1385.0921342474096,264.15584240080244,173.15015587836518,False,161.29999999999995,-9.511480157144593,14.615660326476931,1079.8170359363482,800.570113362407,17.438055555557476,326.9450000000242,-9.309214204208518,15.400340736428715,-305.27509831106136,536.4142709616046
471714.0,-3.0189,-1.0616,9.2522,0.0025,-0.0093,9.8066,-0.0457,0.3799,-0.1865,359.98,-85.85,36.24,53.048527,-1.802059,9.49,3.925611,328.47,20 / 22,-0.2550803601027333,-0.7371312969288172,1.6394244676786351,1385.0692669317577,264.0797518154584,173.31581807513308,False,161.39999999999998,-9.473849017271926,14.607976414322636,1078.874367176559,802.0267669019975,17.41111111111151,327.0349999999987,-9.218768657169193,15.345107711251453,-306.1948997551988,537.9470150865391
471814.0,-0.1747,0.7066,8.6864,-0.031,-0.0527,9.8064,0.0063,-0.1989,0.0878,3.97,-85.67,35.29,53.048527,-1.802059,9.49,3.925611,328.47,20 / 22,-0.4264126148604265,-0.7197276870252687,1.5556894676786162,1385.0351922830096,264.0069088662607,173.47557377190097,False,161.5,-9.415521520939414,14.62516068861259,1077.93169841677,803.4834204408808,17.39388888888889,327.22700000000003,-8.989108906078988,15.34488837563786,-307.10349386623966,539.4765115746201
471914.0,-1.9061,-1.8203,9.1382,0.0184,-0.0229,9.8065,-0.1165,0.219,-0.1778,357.55,-85.38,32.49,53.048527,-1.802059,9.49,3.925611,328.47,20 / 22,-0.5388636114206419,-0.7445379491598951,1.4662544676786466,1384.9869284716956,263.93369558445147,173.62667096866878,False,161.59999999999997,-9.346323022965,14.401978740084948,1077.0024008451098,804.9178349955149,17.16888888890206,327.0180000000122,-8.80745941154436,15.146516689244843,-307.98452762658576,540.9841394110634
472014.0,-0.4394,0.7477,10.067,-0.0184,-0.0601,9.8064,-0.0931,-0.18,0.0635,357.64,-84.71,31.01,53.048527,-1.802059,9.49,3.925611,328.47,20 / 22,-0.6704373201470546,-0.7695695958577763,1.445849467678642,1384.9264634251172,263.85799020720054,173.77227616543666,False,161.7,-9.718888818082403,14.367698870051928,1076.0129329270324,806.3411300557073,17.346111111103358,325.9240000000479,-9.048451497935348,15.137268465909704,-308.9135304980848,542.4831398485067
472114.0,1.5079,0.1029,9.5583,0.0386,-0.0015,9.8065,-0.0688,-0.0885,0.0756,356.69,-84.47,30.25,53.048527,-1.802059,9.49,3.925611,328.47,20 / 22,-0.6359622078163363,-0.6902336214758716,1.4464494676786417,1384.861143448719,263.7850000463339,173.91689111220447,False,161.79999999999995,-9.241478492771082,14.57516918688677,1075.1103777314752,807.7977835952956,17.25805555555816,327.6229999999498,-8.605516284954746,15.26540280836264,-309.7507657172439,544.0127835489618
472214.0,-0.379,-0.0295,9.9189,0.0148,0.0128,9.8066,0.0238,-0.0973,0.0999,354.51,-84.48,28.53,53.048527,-1.802059,9.49,3.925611,328.47,20 / 22,-0.5976214016740371,-0.6511092146988858,1.4396444676786402,1384.7994642682445,263.7179329045251,174.06119580897237,False,161.89999999999998,-9.52336931075867,14.606589900775921,1074.1476521895975,809.2544371334717,17.436944444441803,326.89600000001076,-8.925747909084633,15.257699115474807,-310.651812078647,545.5365042289466
472314.0,1.2061,0.4671,9.9535,0.0137,0.0151,9.8066,0.0142,-0.1634,0.1144,357.48,-84.66,28.46,53.048527,-1.802059,9.49,3.925611,328.47,20 / 22,-0.5748028609534837,-0.5953729237337434,1.4525994676786431,1384.7408430551131,263.65560879760346,174.20580800574027,False,162.0,-9.211174359248297,14.580213145915149,1073.245096994016,810.711090672355,17.246111111111112,327.717,-8.636371498294814,15.175586069648892,-311.4957460610972,547.0554818747515
472414.0,-1.4493,-0.3775,9.9681,0.0163,0.0441,9.8065,0.0472,-0.0702,0.0878,357.01,-84.95,28.99,53.048527,-1.802059,9.49,3.925611,328.47,20 / 22,-0.603924882660242,-0.5585958583114908,1.468014467678638,1384.6819066679325,263.5979103585012,174.35183870250808,False,162.09999999999997,-9.576232468018212,14.472499137541803,1072.2690002640672,812.1566247194141,17.35388888888258,326.50800000007075,-8.972307585357969,15.031094995853294,-312.41290640386524,548.558714360913
472515.0,2.4249,0.7037,7.8667,-0.0089,-0.0021,9.8066,-0.0531,-0.2184,0.0962,2.28,-84.97,30.9,53.048527,-1.802059,9.49,3.925611,328.47,22 / 22,-0.567930786467708,-0.5164062066185712,1.3782002176786388,1384.6227279566415,263.54362275422227,174.49557254411863,False,162.20099999999996,-9.858117286626197,14.2081461256876,1071.2565339025066,813.5719137453647,17.293180555558664,325.24572999997923,-9.29018650015849,14.724552332306171,-313.3661940541349,550.0282909911424
472615.0,2.6923,-0.1641,9.1767,0.0338,-0.004,9.8065,-0.2442,0.0033,0.1973,5.97,-84.9,31.27,53.048527,-1.802059,9.49,3.925611,328.47,22 / 22,-0.3251781591551187,-0.47303867690048595,1.2497052176786096,1384.5780725093603,263.4941505100463,174.62696781588653,False,162.301,-9.704750824072075,14.230208191710854,1070.2934072249589,814.9952088062709,17.224444444440405,325.70676000002106,-9.379572664916957,14.703246868611341,-314.2846652844014,551.5010582962245
472714.0,1.7538,3.2822,10.3393,0.0701,0.0171,9.8064,0.05,0.1034,0.0331,2.01,-84.53,28.06,53.048527,-1.802059,9.49,3.925611,328.47,22 / 22,-0.11379930051217083,-0.3008438385901613,1.2448888676786103,1384.5563431251067,263.45584332552954,174.7504502231117,False,162.39999999999998,-9.960884290755924,14.22033399882278,1069.3005965098528,816.4042709172608,17.36194444444239,324.9900000000107,-9.847084990243754,14.52117783741294,-315.2557466152539,552.9484275917312
472814.0,3.4732,-1.2626,10.8687,-0.0193,-0.0158,9.8066,-0.0657,-0.3244,0.1458,350.26,-84.5,26.89,53.048527,-1.802059,9.49,3.925611,328.47,22 / 22,0.14391771344747792,-0.139837080809724,1.3246238676786284,1384.5578490457535,263.43380927955957,174.8789258598796,False,162.5,-9.63257983724843,14.259403272301451,1068.3512421560326,817.8386854705852,17.208055555555553,325.96,-9.776497550695908,14.399240353111175,-316.2066068897209,554.4048761910257
472914.0,4.2415,2.6282,13.3977,-0.0427,0.1335,9.8056,0.5135,-0.5957,0.1824,353.25,-84.98,28.64,53.048527,-1.802059,9.49,3.925611,328.47,22 / 22,0.5008409379706167,0.014384068035124986,1.5572788676785492,1384.5900869783245,263.42753662892085,175.0230209966474,False,162.59999999999997,-9.440368675915012,14.005411070848,1067.4219445843992,819.2397415458229,16.890000000018624,326.01799999999656,-9.94120961388563,13.991027002812874,-317.16814239392534,555.812204916902
473014.0,-4.65,10.5162,8.7132,-0.0402,0.0882,9.8061,0.1621,0.4005,-0.3708,359.82,-85.39,34.55,53.048527,-1.802059,9.49,3.925611,328.47,22 / 22,0.44450513075550724,0.7280422608648864,1.6821588676785777,1384.6373542817607,263.46465794536584,175.1849928834153,False,162.7,-9.752894842450543,13.998662598174226,1066.4391622603518,820.6296781294457,17.06111111110362,325.13500000003864,-10.19739997320605,13.270620337309339,-318.1981920214089,557.1650201840798
473114.0,6.3806,-0.888,10.5881,-0.0264,-0.0608,9.8063,-0.0575,-0.2984,0.1458,9.82,-85.7,41.85,53.048527,-1.802059,9.49,3.925611,328.47,22 / 22,0.5047784823323476,1.1901902410379344,1.6665588676785832,1384.684818462415,263.5605695704609,175.3524287701831,False,162.79999999999995,-9.5128114654905,14.159225874264905,1065.4964935005619,822.0640926834749,17.058055555555644,326.10499999997137,-10.017589947822849,12.969035633226971,-319.18832496185314,558.5035231130139
473214.0,7.1836,-8.105,12.4806,0.0264,-0.0084,9.8065,0.009,0.3644,-0.2024,3.63,-84.96,39.18,53.048527,-1.802059,9.49,3.925611,328.47,22 / 22,1.1331560154758389,0.700558780362136,1.8393288676786226,1384.7667151873054,263.65510702153097,175.527723156951,False,162.89999999999998,-9.577441399529356,14.2543485769333,1064.540453552686,823.4873877443744,17.17305555555386,326.10300000000007,-10.710597415005195,13.553789796571163,-320.2262616346195,559.8322807228434
473315.0,-3.6694,1.7668,9.4407,-0.0207,-0.0197,9.8065,-0.1055,0.3063,-0.1544,6.69,-84.65,39.85,53.048527,-1.802059,9.49,3.925611,328.47,22 / 22,1.2833233811647002,0.4150940003711033,1.9558828676786215,1384.8887473968357,263.711447486958,175.71938134958654,False,163.00099999999998,-9.341390485354163,14.099176554376882,1063.608615455212,824.9139074583796,16.912969444444293,326.4735399999996,-10.624713866518864,13.684082554005778,-321.2801319416237,561.2024599714216
473414.0,-0.2265,1.1431,9.1784,-0.0077,-0.0317,9.8065,-0.0072,0.0344,-0.0929,4.97,-84.35,38.43,53.048527,-1.802059,9.49,3.925611,328.47,22 / 22,1.0951839593590569,0.6156773129657287,1.9066699676786267,1385.0064835101916,263.76247066696817,175.9105777149367,False,163.09999999999997,-9.330924744320141,14.326177185553746,1062.6952295974104,826.3339778660674,17.09694444443356,326.9229999999734,-10.426108703679198,13.710499872588017,-322.31125391278124,562.5715071990992
473514.0,-0.9811,2.523,9.3891,0.0278,0.0342,9.8065,0.0253,-0.0249,0.1554,359.8,-84.8,36.71,53.048527,-1.802059,9.49,3.925611,328.47,21 / 23,1.0254745591535828,0.8343488202310957,1.8543799676786148,1385.1125164361172,263.834971973628,176.0986302117046,False,163.2,-9.362352198836481,14.214942305962571,1061.7592464316524,827.7572729269671,17.02111111111443,326.63000000001284,-10.387826757990064,13.380593485731476,-323.3532700044648,563.9223009533391
473614.0,-0.7194,-0.5256,10.7373,0.0201,0.0214,9.8066,-0.008,-0.1028,0.1393,0.58,-84.99,36.71,53.048527,-1.802059,9.49,3.925611,328.47,21 / 23,0.9245250753292678,0.9686613473410474,1.8800349676786061,1385.2100164178412,263.9251224820066,176.2853509584724,False,163.29999999999995,-9.292636957307705,14.17200848090487,1060.836634453981,829.1694484954402,16.946944444446633,326.74699999999655,-10.217162032636972,13.203347133563822,-324.3733819638601,565.2443260134336
473714.0,-1.2864,1.7723,9.7502,0.0135,0.0054,9.8066,0.0025,-0.0435,0.0266,0.24,-85.13,34.7,53.048527,-1.802059,9.49,3.925611,328.47,21 / 23,0.6878656678479281,0.9060476012552819,1.6351832225268237,1385.290635955,264.0188579294364,176.4611118679827,False,163.39999999999998,-9.232866558545147,14.252740516345566,1059.9207080703663,830.5927435563389,16.981944444443926,327.0649999999953,-9.920732226393076,13.346692915090285,-325.3699278846336,566.5738856269024
473814.0,0.2606,0.4721,10.6799,0.0174,0.0393,9.8065,0.0867,0.0346,-0.0423,354.86,-85.45,32.07,53.048527,-1.802059,9.49,3.925611,328.47,21 / 23,0.618016738097797,1.0530841935150494,1.676023222526833,1385.3559300752972,264.11681451917497,176.62667219023544,False,163.5,-9.175220329148505,14.344685702888944,1059.0047816867252,832.0271581103708,17.028055555555557,327.396,-9.793237067246302,13.291601509373894,-326.351148388572,567.9103435911959
473914.0,-0.29,1.5593,9.4659,-0.0065,0.0234,9.8066,0.061,-0.1482,0.1192,359.73,-85.72,36.03,53.048527,-1.802059,9.49,3.925611,328.47,21 / 23,0.597096628233115,1.1890646605326942,1.702648222526824,1385.4166857436137,264.2289219618773,176.79560576248807,False,163.59999999999997,-8.988101009250116,14.461358074597069,1058.1155976793236,833.4726921567225,17.026944444444506,328.1379999999566,-9.585197637483232,13.272293414064375,-327.30108806429007,569.2437701948452
474014.0,0.355,-0.7948,9.5345,0.0124,0.0108,9.8065,-0.1052,0.0005,0.0887,6.53,-85.91,37.49,53.048527,-1.802059,9.49,3.925611,328.47,21 / 23,0.5819246369938447,1.260383558765038,1.672003222526817,1385.4756368068752,264.3513943728422,176.96433833474077,False,163.7,-8.88999997413344,14.442015538202668,1057.2330992659136,834.9071067107552,16.958888888891867,328.3849999999892,-9.471924611127285,13.181631979437629,-328.2425375409616,570.5557123379131
474114.0,-1.4697,2.9868,9.6615,0.0321,-0.0069,9.8066,-0.0436,-0.0357,0.0072,355.91,-85.73,32.22,53.048527,-1.802059,9.49,3.925611,328.47,21 / 23,0.4965510226111285,1.3969710546187948,1.6511382225268243,1385.5295605898555,264.48426210351136,177.1304954069934,False,163.79999999999995,-8.744239839625692,14.460660956753486,1056.3639720405642,836.3526407572115,16.898888888890664,328.8389999999866,-9.240790862236821,13.06368990213469,-329.1655885492912,571.8683786537001
474214.0,-1.0526,0.7847,10.4354,0.0217,0.0239,9.8065,-0.0397,-0.13,0.1224,356.35,-85.72,30.69,53.048527,-1.802059,9.49,3.925611,328.47,21 / 23,0.33997353357576543,1.609580468686731,1.67531822252683,1385.571386817665,264.63458967967665,177.2968182292461,False,163.89999999999998,-8.730810628603946,14.277015471292918,1055.488159221185,837.7759358181112,16.735000000002422,328.55300000000426,-9.070784162179711,12.667435002606187,-330.0832275964799,573.1413461384345
474314.0,-2.7259,2.0554,9.238,0.0244,0.0457,9.8064,0.1067,-0.0534,0.0316,358.12,-85.71,32.15,53.048527,-1.802059,9.49,3.925611,328.47,21 / 23,0.1283954136058865,1.7770444150840459,1.6783232225268305,1385.594805265024,264.80392092386523,177.46450030149882,False,164.0,-8.796828770573022,14.29289184742132,1054.6123464018056,839.2103503721431,16.783055555555553,328.389,-8.925224184178909,12.515847432337274,-330.9824588632184,574.4064294482779
474414.0,-1.7844,-0.4963,10.2699,-0.0138,0.0171,9.8066,0.1451,-0.2878,-0.0514,356.81,-85.97,33.57,53.048527,-1.802059,9.49,3.925611,328.47,21 / 23,-0.11572920602750641,1.8790316879572024,1.6730532225268324,1385.5954385754028,264.9867247290172,177.63206912375145,False,164.09999999999997,-8.783916185704582,14.407322536713933,1053.7365335824638,840.6447649253626,16.87388888888357,328.6299999999859,-8.668186979677076,12.52829084875673,-331.85890499293896,575.6580401963454
474514.0,1.7398,5.178,8.9341,0.0463,0.0548,9.8063,-0.0693,-0.2775,0.4345,0.16,-85.73,38.29,53.048527,-1.802059,9.49,3.925611,328.47,21 / 22,-0.13194341200382867,2.1417137584581654,1.6525882225268278,1385.5830549445013,265.18776200133806,177.79835119600418,False,164.2,-8.722233567728495,14.359664904098512,1052.8674063571405,842.0902989718196,16.8011111111143,328.7249999999959,-8.590290155724666,12.217951145640347,-332.7156485873609,576.9025369704816
474614.0,-0.6698,0.762,9.392,0.0433,0.0114,9.8065,-0.0528,-0.4296,0.3133,4.25,-85.72,39.77,53.048527,-1.802059,9.49,3.925611,328.47,21 / 22,-0.08880315272830774,2.4755886692856195,1.5882282225268498,1385.5720176162647,265.4186271227252,177.9603920182568,False,164.29999999999995,-8.653397269423888,14.397686833136106,1052.0116503198785,843.5247135265587,16.798055555555642,328.99299999999215,-8.56459411669558,11.922098163850487,-333.5603672963862,578.1060864038335
474714.0,0.45,4.6992,9.0884,0.0521,0.0166,9.8065,0.0067,-0.381,0.2749,0.26,-85.5,38.87,53.048527,-1.802059,9.49,3.925611,328.47,21 / 22,-0.10977966590783397,2.785676262660012,1.5315832225268369,1385.562088475333,265.68169036932255,178.11638259050955,False,164.39999999999998,-8.59641187402976,14.304569732703355,1051.1558942826166,844.9591280791761,16.6888888888905,328.9959999999999,-8.486632208121927,11.518893470043343,-334.4061941927164,579.2774377098535
474814.0,-3.2317,0.7746,9.5391,0.0402,0.0213,9.8065,0.0385,-0.0873,0.116,2.46,-85.19,40.66,53.048527,-1.802059,9.49,3.925611,328.47,21 / 22,-0.2605028217514652,3.1007087281896006,1.4822932225268257,1385.54357435095,265.9760096188651,178.26707641276226,False,164.5,-8.545752551879874,14.27665005450609,1050.3068238393848,846.3824231407826,16.63888888888889,329.096,-8.285249730128408,11.17594132631649,-335.2367505115651,580.4064135219176
474914.0,0.7572,3.6227,10.0586,-0.0055,-0.0057,9.8065,0.0309,-0.3045,0.0706,4.22,-85.26,42.1,53.048527,-1.802059,9.49,3.925611,328.47,21 / 22,-0.3825041337758069,3.3592268669491765,1.481513222526826,1385.5114240031735,266.2990063986219,178.4152667350149,False,164.59999999999997,-8.46618177743554,14.113516882107026,1049.464438990272,847.7945987084452,16.458055555566144,329.04200000000316,-8.083677643659733,10.75429001515785,-336.0469850129016,581.4955923098232
475014.0,-3.5596,0.0657,9.4867,0.0266,0.0383,9.8065,0.0197,0.0484,-0.0293,2.4,-85.35,42.55,53.048527,-1.802059,9.49,3.925611,328.47,21 / 22,-0.4440708328705761,3.045416589290368,1.2563962391478014,1385.4700952548412,266.6192385714339,178.55216220809868,False,164.7,-8.445494163811539,14.038452110740435,1048.6220541410971,849.2067742769185,16.383055555558837,328.9690000000032,-8.001423330940963,10.993035521450068,-336.8480411137441,582.5875357054846
475114.0,-0.8191,2.1147,9.8991,-0.0136,0.0023,9.8066,0.0567,-0.3145,0.1163,5.91,-85.16,45.33,53.048527,-1.802059,9.49,3.925611,328.47,21 / 22,-0.6644172324103761,3.200745542159451,1.2450212391478055,1385.4146708515773,266.9315466780063,178.67723308201343,False,164.79999999999995,-8.448150071010936,13.880027035321776,1047.7796692919228,850.5967108605408,16.248888888892854,328.67300000000876,-7.78373283860056,10.679281493162325,-337.6350015596545,583.6651641825345
475215.0,-4.2046,-0.0406,9.2734,0.0054,0.0382,9.8065,-0.0175,0.2568,-0.1705,10.11,-85.2,48.76,53.048527,-1.802059,9.49,3.925611,328.47,21 / 22,-0.9144772566030623,3.3828213552464743,1.2227608391478058,1385.334936679882,267.26401680632534,178.80185607696737,False,164.90099999999995,-8.358856193393228,13.620214506237758,1046.9424323501642,851.966854745821,15.980636111113055,328.46216999999825,-7.444378936790166,10.237393150991284,-338.3925043297179,584.7028379394957
475314.0,0.0695,0.5967,9.7197,-0.0315,-0.0292,9.8065,-0.0267,0.0038,-0.0129,17.23,-84.76,52.43,53.048527,-1.802059,9.49,3.925611,328.47,21 / 22,-0.9472633241575097,2.95883707978469,1.0132517982756226,1385.2427805211344,267.5779288988595,178.91253870251987,False,165.0,-8.2637759981483,13.526556461613506,1046.1283275637775,853.3098670704027,15.85111111111111,328.57800000000003,-7.3165126739907915,10.567719381828816,-339.1144529573569,585.7319381715431
475414.0,0.1729,4.1053,9.4647,-0.0073,-0.0289,9.8065,-0.1041,0.4412,-0.3386,14.91,-84.59,52.81,53.048527,-1.802059,9.49,3.925611,328.47,21 / 22,-0.8792050777790285,3.219533353798917,0.99180679827563,1385.1514571010375,267.8868474205386,179.0127916323474,False,165.09999999999997,-8.140788270036811,13.35299262419597,1045.3193706848667,854.644206190384,15.638888888901313,328.63099999999685,-7.261583192257783,10.133459270397053,-339.8320864161708,586.7573587698455
475514.0,-1.3567,3.7614,8.955,-0.0715,-0.0449,9.8063,0.051,0.1318,-0.0932,13.46,-84.54,51.69,53.048527,-1.802059,9.49,3.925611,328.47,21 / 22,-0.8467169263495445,3.6512680554890062,0.9321267982756165,1385.065161000831,268.23038749100306,179.10898831217497,False,165.2,-8.116530576973394,13.249645347733798,1044.5104138058966,855.9674258173309,15.53805555555997,328.50900000000536,-7.26981365062385,9.598377292244791,-340.5547471949344,587.7370383263278
475614.0,-0.0125,2.5371,10.0503,0.0039,-0.0287,9.8065,-0.0318,0.2875,-0.0322,17.04,-84.07,54.28,53.048527,-1.802059,9.49,3.925611,328.47,21 / 22,-0.8381322162575974,4.008441485520775,0.901726798275627,1384.9809185437007,268.6133729680534,179.2006809920025,False,165.29999999999995,-8.017239901655858,12.938550452673296,1043.7148281149603,857.2572869662935,15.22111111112048,328.21600000000865,-7.17910768539826,8.93010896715252,-341.2660904287404,588.6439139982401
475715.0,-3.6621,-0.0988,9.4726,-0.0461,-0.0382,9.8064,-0.0676,0.315,-0.2971,17.4,-84.08,56.3,53.048527,-1.802059,9.49,3.925611,328.47,21 / 22,-0.9837235649319584,4.219245406860657,0.897161598275627,1384.8889148267506,269.02887115611867,179.29152485602833,False,165.40099999999995,-7.934863419224476,12.680305798021104,1042.9114202791025,858.5374741571143,14.958350000002454,327.9631800000027,-6.951139854292517,8.461060391160448,-341.9774945476481,589.5086030009957
475814.0,-1.0276,1.1551,9.8806,-0.0242,0.0051,9.8066,0.0237,0.009,0.0409,24.1,-84.07,59.9,53.048527,-1.802059,9.49,3.925611,328.47,21 / 22,-1.0059300137590688,3.72191781002676,0.7516436510342778,1384.7904269746052,269.4219587353548,179.3731407158692,False,165.5,-7.8876187464167495,12.517088140265493,1042.1370279213083,859.7814118013823,14.795,327.783,-6.881688732657681,8.795170330238733,-342.6533990532969,590.3594530660275
475914.0,-1.6591,0.6552,10.4609,0.0114,0.0332,9.8065,0.0477,0.1131,-0.0681,24.99,-84.44,62.61,53.048527,-1.802059,9.49,3.925611,328.47,21 / 22,-1.090339228137182,3.8978343750922795,0.7880536510342654,1384.6856135125104,269.80294634461063,179.4501255809726,False,165.59999999999997,-7.8377859303330855,12.263147781088124,1041.3548134185435,861.004555994286,14.553888888903005,327.4160000000215,-6.747446702195903,8.365313405995845,-343.3308000939669,591.2016096496753
476014.0,-0.605,-0.7541,10.2611,-0.0027,0.0104,9.8065,-0.0215,-0.1643,-0.011,26.03,-84.62,63.61,53.048527,-1.802059,9.49,3.925611,328.47,21 / 22,-1.1945271101336215,3.9794346975694417,0.8434886510342781,1384.5713701955967,270.1968097982438,179.53170269607605,False,165.7,-7.709052368876529,12.219526214648116,1040.5859701038341,862.2277001872792,14.44805555556019,327.7529999999853,-6.514525258742908,8.240091517078675,-343.9854000917626,592.0308903890354
476114.0,1.0215,0.2826,9.5427,0.0479,-0.0013,9.8065,-0.0368,-0.1381,0.1603,27.97,-84.63,62.72,53.048527,-1.802059,9.49,3.925611,328.47,21 / 22,-1.1846559504110892,3.984782046966624,0.853013651034275,1384.4524110425696,270.59502063547046,179.61652781117945,False,165.79999999999995,-7.642932187048024,11.884548270104782,1039.823812383156,863.4063664098638,14.130000000009401,327.2550000000147,-6.4582762366369355,7.899766223138158,-344.62859865941346,592.8113457743934
476214.0,-2.2016,-0.4902,9.2473,0.0238,-0.0009,9.8065,-0.0678,0.0892,-0.1741,18.04,-84.56,57.14,53.048527,-1.802059,9.49,3.925611,328.47,21 / 22,-1.2459249000323018,4.021422994090643,0.8118486510342656,1384.3308820000473,270.99533088752344,179.6997709262829,False,165.89999999999998,-7.4936100385405195,11.749936233512043,1039.0750258505384,864.5850326324471,13.936111111113977,327.4719999999968,-6.247685138508218,7.7285132394214004,-345.2558561495089,593.5897017449237
476315.0,-0.7293,1.6971,10.033,-0.0099,-0.0191,9.8065,0.0559,-0.0461,0.1252,18.07,-84.43,57.07,53.048527,-1.802059,9.49,3.925611,328.47,21 / 22,-1.3717555125605556,4.162856067682842,0.7950321510342657,1384.1986891392114,271.408636980143,179.78091840678735,False,166.00099999999998,-7.461250862290483,11.500478698808333,1038.3255707585333,865.7414598697047,13.708805555555813,327.0253200000003,-6.089495349729928,7.337622631125491,-345.8731183806781,594.3328228895617
476414.0,0.4597,0.6724,9.5572,0.0095,0.0047,9.8066,-0.0211,0.2365,-0.0902,19.3,-84.24,56.2,53.048527,-1.802059,9.49,3.925611,328.47,21 / 22,-1.3510749890507905,4.314743103678808,0.7938887010342659,1384.0639090293816,271.82827813912536,179.85956998896472,False,166.09999999999997,-7.363458880659874,11.193183907319504,1037.5975095675276,866.8422896428725,13.398055555573933,326.66100000002155,-6.012383891609084,6.8784408036406965,-346.46639946185405,595.0140115037472
476514.0,-0.4506,1.7963,9.6527,-0.0099,-0.0282,9.8066,-0.0425,0.0294,-0.0232,17.96,-84.28,55.06,53.048527,-1.802059,9.49,3.925611,328.47,21 / 22,-1.1182706345207105,3.798280865853655,0.6576608958791221,1383.940441748203,272.2339293376021,179.9321474688104,False,166.2,-7.281456504227039,11.114102925874498,1036.8754654110837,867.9542389094872,13.286944444449308,326.7689999999953,-6.163185869706329,7.315822060020842,-347.06497633711933,595.7203095718851
476614.0,-0.4148,-0.123,9.4434,0.0269,0.0127,9.8066,0.013,0.1835,0.0325,14.79,-84.29,52.62,53.048527,-1.802059,9.49,3.925611,328.47,21 / 22,-1.1386994954984537,3.9271355671251085,0.631800895879131,1383.827593241702,272.6202001592509,179.9966205583983,False,166.29999999999995,-7.167168415078626,10.848145290626324,1036.166792442701,869.0328296981186,13.001944444452867,326.54800000000654,-6.028468919580172,6.921009723501215,-347.660800799001,596.4126295388677
476714.0,-2.2759,0.4318,8.971,0.004,-0.0025,9.8066,-0.0607,0.0759,-0.045,17.13,-84.36,50.43,53.048527,-1.802059,9.49,3.925611,328.47,21 / 22,-1.2680483802964388,4.017722860801402,0.5718558958791174,1383.7072558479124,273.0174430806473,180.05680339798622,False,166.39999999999998,-7.109138292202136,10.666961380266342,1035.4581194743719,870.1003009936163,12.818888888891594,326.3180000000034,-5.841089911905697,6.64923851946494,-348.2491363735405,597.0828579129691
476814.0,-1.8303,1.3237,9.8186,0.0241,-0.0006,9.8066,0.0144,0.1019,-0.0016,8.53,-84.53,47.73,53.048527,-1.802059,9.49,3.925611,328.47,21 / 22,-1.4584581365170552,4.187546403480751,0.5306708958791081,1383.5709305220716,273.4277065438615,180.11192973757414,False,166.5,-6.88596132396917,10.472913029516338,1034.7695032881331,871.1455333042628,12.533888888888889,326.675,-5.427503187452114,6.285366626035587,-348.8014272339385,597.7178267604013
476914.0,0.5,-1.0189,9.6491,0.016,0.0168,9.8066,-0.0528,0.0494,0.0582,6.32,-84.66,45.97,53.048527,-1.802059,9.49,3.925611,328.47,21 / 22,-1.5306878269776154,4.249073396047261,0.5233908958791107,1383.421473223897,273.84953753383775,180.16463282716202,False,166.59999999999997,-6.778330829420179,10.169060328147468,1034.0942582900316,872.1574071368505,12.221111111129424,326.31400000002117,-5.2476430024425635,5.919986932100207,-349.32721493386543,598.3078696030127
477014.0,1.2341,-0.4897,10.0186,0.0222,-0.0013,9.8066,0.0359,0.0883,-0.0398,6.06,-84.97,43.54,53.048527,-1.802059,9.49,3.925611,328.47,21 / 22,-1.464229656569869,4.200476746657563,0.5261108958791114,1383.2717273497196,274.2720150409731,180.21710791674994,False,166.7,-6.66799269385849,10.034615892229528,1033.4323844799667,873.1692809695122,12.048055555563131,326.39599999999643,-5.2037630372886206,5.834139145571965,-349.83934286975295,598.8972659285391
477114.0,-2.2196,1.4758,10.3289,-0.0151,0.0117,9.8066,0.0238,0.1186,-0.0007,359.97,-85.13,42.85,53.048527,-1.802059,9.49,3.925611,328.47,21 / 22,-1.5299679757901015,4.278255302016826,0.562820895879099,1383.1220174681016,274.69595164340666,180.27155450633782,False,166.79999999999995,-6.511980026851061,9.779085143997749,1032.7838818579896,874.1366768303509,11.748888888897733,326.3400000000016,-4.98201205106096,5.500829841980923,-350.338135610112,599.4407251869443
477214.0,0.6155,-0.1932,9.3458,-0.0014,-0.0116,9.8066,-0.0388,0.1123,-0.0199,5.41,-85.28,43.08,53.048527,-1.802059,9.49,3.925611,328.47,21 / 22,-1.6249561621161885,4.374310561229574,0.5658908958790998,1382.9642712612062,275.12857993656905,180.32799009592574,False,166.89999999999998,-6.450647562124803,9.603558515090729,1032.1420648300432,875.1040726926028,11.56888888889155,326.1110000000034,-4.825691400008614,5.2292479538611545,-350.82220643116307,599.9754927560338
477314.0,-0.3295,-0.4276,9.0207,0.0117,-0.0008,9.8066,-0.0409,0.1945,-0.0953,359.11,-85.34,39.88,53.048527,-1.802059,9.49,3.925611,328.47,21 / 22,-1.625322375875226,4.3748834789701885,0.5035508958790857,1382.8017573343066,275.5660396385791,180.38146218551367,False,167.0,-6.292687986846045,9.49856736105762,1031.5203045842138,876.0492295700037,11.393888888888888,326.476,-4.667365610970819,5.123683882087432,-351.28145275009274,600.4831899314246
477415.0,1.3664,3.2948,9.8638,-0.0167,-0.0437,9.8065,-0.1732,0.316,-0.1371,0.63,-85.21,39.17,53.048527,-1.802059,9.49,3.925611,328.47,21 / 22,-1.5863605924669737,4.553155376975623,0.4667464958790861,1382.6395673444054,276.01690560080436,180.43046220379745,False,167.101,-6.122762721802983,9.348944770604424,1030.912650941876,876.992384936777,11.17546388890394,326.7786299999964,-4.536402129336009,4.795789393628802,-351.72691640252924,600.9754793359725
477515.0,-2.5981,-1.062,9.7414,-0.0031,-0.0157,9.8066,0.066,0.5734,-0.2883,357.07,-85.44,36.25,53.048527,-1.802059,9.49,3.925611,328.47,21 / 22,-1.6592639331552292,4.69133163247596,0.4663414958790863,1382.4772861181243,276.4791299512768,180.47711660338533,False,167.20099999999996,-5.97135444657073,9.139687168902897,1030.3176999281616,877.9040721405545,10.917461111117372,326.84167999999704,-4.3120905134155,4.448355536426937,-352.15958618996274,601.4249421892778
477615.0,6.0569,4.826,9.8446,-0.1053,-0.0358,9.8059,0.0087,0.1528,0.0626,1.92,-85.61,37.83,53.048527,-1.802059,9.49,3.925611,328.47,21 / 22,-1.4911462829734758,4.896711053743951,0.46497649587908607,1382.3197656073178,276.9585320855879,180.52368250297326,False,167.301,-5.883103269614736,9.026792813734895,1029.7294345084777,878.8046398512066,10.774688888893024,326.90615000000827,-4.39195698664126,4.130081759990944,-352.5903310988401,601.8461077656187
477715.0,-0.0492,-0.6845,9.9881,0.0037,-0.0146,9.8066,-0.1441,0.9951,-0.595,355.31,-85.9,34.73,53.048527,-1.802059,9.49,3.925611,328.47,21 / 22,-1.1961695085791177,5.1271798342431065,0.47594649587908233,1382.1853998177403,277.4597266299871,180.57072865256114,False,167.40099999999995,-5.848671302452407,8.87858491956426,1029.147854682851,879.6939768745011,10.631850000003032,326.6255699999977,-4.652501793873289,3.751405085321153,-353.03754513488934,602.234250244514
477814.0,8.7899,4.3581,9.3282,-0.1005,-0.1035,9.8056,-0.0081,-0.7095,0.4828,0.07,-85.61,38.72,53.048527,-1.802059,9.49,3.925611,328.47,21 / 22,-0.7769818776435791,5.341594781715257,0.4612449958790755,1382.0877288241222,277.97793097347727,180.6171196314032,False,167.5,-5.713978239570806,8.725557442233207,1028.578643206189,880.5526240978171,10.43,326.781,-4.936996361927227,3.38396266051795,-353.5090856179331,602.5746931243398
477914.0,-0.5027,-0.4279,9.4953,0.0888,0.0594,9.806,-0.08,0.2447,-0.2047,349.12,-85.86,29.52,53.048527,-1.802059,9.49,3.925611,328.47,21 / 22,-0.3762687915087458,5.565661966072789,0.4217549958790891,1382.0300662906645,278.5232938108665,180.6612696309911,False,167.59999999999997,-5.6244900427396,8.716804600207766,1028.0170533067806,881.4310640184774,10.373888888892171,327.1679999999773,-5.248221251230854,3.1511426341349766,-354.013012983884,602.9077702076108
478014.0,-5.0971,-6.1929,9.3405,-0.0427,-0.0504,9.8063,0.0482,-0.9328,0.4717,359.11,-85.24,36.14,53.048527,-1.802059,9.49,3.925611,328.47,21 / 22,-0.6656167734526692,5.2586644921220245,0.38287999587908034,1381.9779720124166,279.06451013377637,180.701501380579,False,167.7,-5.538393267098181,8.555812736249306,1027.4688345953905,882.2872649543519,10.191944444452409,327.0840000000037,-4.872776493645512,3.297148244127282,-354.50913741702607,603.2227548205756
478114.0,-1.9623,-2.4955,10.7285,0.074,0.0753,9.806,0.0675,-0.3489,0.0997,2.95,-84.79,41.01,53.048527,-1.802059,9.49,3.925611,328.47,21 / 22,-1.034746429153631,4.85998798670758,0.4056649958790727,1381.8929538522864,279.5704427577177,180.7409286301669,False,167.79999999999995,-5.398595537094881,8.537424196203762,1026.9339870721149,883.1434658888102,10.101111111113795,327.692999999982,-4.36384910794125,3.6774362094961823,-354.9589667801715,603.5730231310924
478214.0,-2.6977,-1.9382,9.7785,-0.0067,0.0274,9.8065,0.0735,-0.7388,0.3489,3.78,-84.99,41.72,53.048527,-1.802059,9.49,3.925611,328.47,21 / 22,-1.2934332389756111,4.687660345575893,0.45034999587908287,1381.77654486888,280.04782517433193,180.78372937975482,False,167.89999999999998,-5.2568420757531715,8.375902031867566,1026.4058251428694,883.9774278391257,9.888888888892026,327.8869999999971,-3.9634088367775604,3.688241686291673,-355.3707197260105,603.9296026647937
478315.0,6.3047,2.0703,9.8113,0.094,0.0773,9.8058,0.0369,-0.5924,0.4006,6.92,-84.69,46.04,53.048527,-1.802059,9.49,3.925611,328.47,21 / 22,-1.1193536840767357,4.7002249423490285,0.44916324587908285,1381.6546991292657,280.52191338137214,180.8291547984636,False,168.00099999999998,-5.199982667114416,8.286211475773667,1025.8793346121506,884.8084987208715,9.782700000000098,327.8898899999995,-4.08062898303768,3.585986533424639,-355.7753645171151,604.2865853394994
478414.0,-1.2438,-3.2288,9.2698,0.0856,0.0308,9.8062,-0.0908,-0.2316,-0.051,358.18,-84.99,39.44,53.048527,-1.802059,9.49,3.925611,328.47,21 / 22,-0.867278034414478,4.637055933776989,0.42281934587908565,1381.5563608592004,280.98410878474033,180.87231793675562,False,168.09999999999997,-5.053831437182266,8.238386541349113,1025.3829292546204,885.6231127527216,9.665000000006962,328.4729999999655,-4.186553402767788,3.601330607572124,-356.17343160457995,604.6390039679812
478514.0,-2.175,-5.9033,8.1752,-0.0278,-0.08,9.8062,0.0591,-0.6361,0.453,0.88,-84.65,39.8,53.049175,-1.802754,11.26,3.925614,322.31,20 / 23,-1.0531895724596394,4.214325076744766,0.3144043458790611,1381.4603374788567,281.4266778352665,180.90917912134353,False,168.2,-4.963577926292234,8.087144521736318,1024.8881952955796,886.4348357174782,9.488888888896595,328.46000000000055,-3.9103883538325945,3.8728194449915527,-356.57214218327704,605.0081578822117
478614.0,1.6049,-1.8944,9.4936,0.039,0.033,9.8065,-0.1464,0.3757,-0.2486,356.43,-84.13,38.14,53.049175,-1.802754,11.26,3.925614,322.31,20 / 23,-1.096593128592938,3.865129945196254,0.21717934587909432,1381.352848343804,281.8306505863634,180.93575830593142,False,168.29999999999995,-4.874204861660943,7.934383170926268,1024.4001469305695,887.2243196973836,9.311944444449674,328.43700000000064,-3.7776117330680052,4.069253225730014,-356.95270141323454,605.3936691110202
478714.0,5.3172,2.2362,9.7109,-0.0231,-0.0372,9.8065,0.0435,-0.4143,0.3107,0.5,-83.53,39.48,53.049175,-1.802754,11.26,3.925614,322.31,20 / 23,-0.7600147025484115,3.918831011414912,0.19673934587908978,1381.260017952247,282.219848634194,180.95645424051932,False,168.39999999999998,-4.790652081118427,7.858830912846859,1023.9187841596163,888.0138036758736,9.203888888890486,328.6339999999971,-4.030637378570016,3.9399999014319467,-357.34123379263065,605.7939550416796
478814.0,0.5328,-1.7863,10.1321,0.0462,0.0354,9.8065,0.0087,0.0683,-0.1477,359.97,-83.75,37.38,53.049175,-1.802754,11.26,3.925614,322.31,20 / 23,-0.481695890251735,3.9732771171008188,0.20822434587909244,1381.197932422607,282.6144540406199,180.97670242510725,False,168.5,-4.750539664525186,7.771039113198398,1023.4441069827197,888.7921681626456,9.108055555555556,328.56199999999995,-4.268843774273451,3.7977619960975795,-357.75382543988724,606.1777141220257
478915.0,0.4335,-2.8391,9.4306,-0.0191,-0.035,9.8065,0.0468,-0.4527,0.2882,357.2,-83.73,36.94,53.049175,-1.802754,11.26,3.925614,322.31,20 / 23,-0.44220373554718523,3.7750873314399223,0.2056690458790925,1381.151275491504,283.0057464452712,180.99760404139104,False,168.601,-4.666876279405754,7.71628550387107,1022.9714354840323,889.5670856061719,9.017805555557008,328.83408000001697,-4.224672543858569,3.941198172431148,-358.17984000747174,606.5613391609006
479015.0,1.3297,-2.549,9.5018,0.0331,-0.0008,9.8065,-0.0035,-0.232,-0.0212,357.33,-83.67,34.84,53.049175,-1.802754,11.26,3.925614,322.31,20 / 23,-0.3582187543865375,3.5435746145111935,0.17162404587910413,1381.1112543670074,283.37167954256864,181.01646869597894,False,168.70099999999996,-4.691773040818826,7.671505238324795,1022.5035107570803,890.3343306005105,8.992486111113609,328.55072999997486,-4.333554286432289,4.127930623813602,-358.60774360992707,606.9626510579419
479114.0,1.655,-2.468,9.3227,-0.041,-0.0483,9.8064,-0.0174,-0.4176,0.2689,357.0,-83.6,32.89,53.049175,-1.802754,11.26,3.925614,322.31,20 / 23,-0.2152251525125877,3.3359559296721035,0.13257844587910825,1381.0828688936158,283.71221630450566,181.03152671932096,False,168.79999999999995,-4.586652563215325,7.669204655927732,1022.0468178281332,891.0939031442127,8.936111111112796,329.1179999999831,-4.371427410702737,4.333248726255629,-359.03605106548264,607.3816868397071
479214.0,3.7538,0.0165,10.2601,-0.0068,-0.0329,9.8065,0.0273,-0.3551,-0.047,357.42,-83.3,33.25,53.049175,-1.802754,11.26,3.925614,322.31,20 / 23,0.044351837638627684,3.259740782548854,0.13105344587910792,1381.0743252278721,284.0420011401168,181.04470831390887,False,168.89999999999998,-4.5668513398178305,7.646089455628202,1021.585511839324,891.8500286454262,8.906111111111555,329.1509999999995,-4.611203177456458,4.386348673079348,-359.4888133885481,607.8080275053094
479315.0,2.0568,-0.2283,9.8355,-0.005,-0.0158,9.8065,-0.0351,-0.1933,0.0423,0.17,-83.03,33.82,53.049175,-1.802754,11.26,3.925614,322.31,20 / 23,0.3213170709111254,3.2914671302557177,0.15540959587910771,1381.0927915077539,284.3728371397134,181.05917469751765,False,169.00099999999998,-4.510884150170197,7.58122229880175,1021.1263452405709,892.613715402351,8.821736111111129,329.2470300000002,-4.8322012210813226,4.289755168546032,-359.96644626718296,608.2408782626376
479414.0,2.1853,-0.0292,9.9713,0.0052,-0.0031,9.8066,0.008,-0.1939,-0.0079,359.49,-82.92,33.3,53.049175,-1.802754,11.26,3.925614,322.31,20 / 23,0.5159947435020341,3.3131931768541603,0.16498784587910673,1381.1342384425673,284.6997678249153,181.07503437088468,False,169.09999999999997,-4.5390941971903835,7.54030375112153,1020.6762710497464,893.362279647797,8.801111111112332,328.9530000000174,-5.055088940692418,4.227110574267369,-360.4579673928208,608.6625118228817
479514.0,2.5776,0.2299,10.3238,0.0048,-0.009,9.8066,-0.0781,-0.1905,-0.059,1.11,-82.79,32.26,53.049175,-1.802754,11.26,3.925614,322.31,22 / 22,0.7391935965317508,3.355977590679178,0.19907784587911453,1381.196997859569,285.03322636329204,181.0932376554726,False,169.2,-4.4994658940355325,7.548822896051533,1020.2216506549677,894.1184051490101,8.788055555556127,329.20299999998906,-5.238659490567283,4.192845305372355,-360.97534720460123,609.085178785718
479614.0,2.2887,0.3919,9.6322,0.0304,-0.0182,9.8065,-0.0517,-0.2103,0.0931,0.37,-82.75,31.71,53.049175,-1.802754,11.26,3.925614,322.31,22 / 22,0.9679404189546028,3.4182230567907306,0.21621284587910872,1381.2823545603433,285.37193639566544,181.1140021900605,False,169.29999999999995,-4.496416046558198,7.463215114847626,1019.7670302601625,894.8634111577976,8.713055555557773,328.93200000000803,-5.464356465512801,4.044992058056895,-361.51532430018074,609.4914747621322
479714.0,2.1878,-0.1829,9.729,0.026,0.0023,9.8065,-0.0181,-0.1696,-0.012,357.47,-82.59,29.55,53.049175,-1.802754,11.26,3.925614,322.31,22 / 22,1.1762157637966852,3.466664568813005,0.20360784587910583,1381.389562369481,285.7161807769457,181.1349932246484,False,169.39999999999998,-4.5304931063629805,7.3826765994355,1019.3124098653838,895.5972976727452,8.6619444444452,328.46400000000693,-5.706708870159666,3.9160120306224955,-362.07715250409717,609.8811168957996
479814.0,3.0122,0.3393,10.1179,0.0001,-0.0128,9.8066,-0.0216,-0.3266,0.0316,0.51,-82.48,28.14,53.049175,-1.802754,11.26,3.925614,322.31,22 / 22,1.4207289215018375,3.5118926250126257,0.21528784587910854,1381.5194096037458,286.06510863663704,181.15593800923634,False,169.5,-4.402395164570979,7.307446449005664,1018.8711606586654,896.3311841891069,8.53111111111111,328.93300000000005,-5.823124086072816,3.7955538239930386,-362.64824894508035,610.2660755524698
479914.0,3.0338,-1.5815,9.9387,0.0288,-0.01,9.8066,-0.0316,-0.1316,-0.0567,359.73,-82.27,27.56,53.049175,-1.802754,11.26,3.925614,322.31,22 / 22,1.7082828218711519,3.4833875093070894,0.2374528458791011,1381.6758601909144,286.4148726433529,181.17857504382425,False,169.59999999999997,-4.458193167819439,7.297963240469991,1018.4232258579497,897.0539512122829,8.551944444443224,328.5800000000207,-6.166475989690591,3.8145757311629014,-363.2526343329647,610.63907856893
480014.0,1.8744,1.3163,9.8427,-0.0135,-0.0253,9.8066,0.0216,-0.2908,-0.0296,4.79,-82.13,27.75,53.049175,-1.802754,11.26,3.925614,322.31,22 / 22,1.9452723237329252,3.497530744827058,0.24585784587910314,1381.8585379481947,286.7639185560597,181.20274057841218,False,169.7,-4.472521942164,7.209224518346222,1017.9686054631446,897.7767182355117,8.483888888891869,328.1850000000173,-6.417794265896925,3.7116937735191637,-363.88993248505005,611.012799679452
480115.0,4.5199,-1.1007,10.2579,0.0095,0.0124,9.8066,-0.0003,-0.1356,-0.1626,3.32,-82.13,26.67,53.049175,-1.802754,11.26,3.925614,322.31,22 / 22,2.2567974181760015,3.5227035873554176,0.270466495879103,1382.0707424701611,287.1184403898349,181.22881495767098,False,169.801,-4.377701115253692,7.190642480607102,1017.5295625024754,898.5066017340487,8.418411111112501,328.6667000000125,-6.634498533429694,3.6679388932516845,-364.5411799676857,611.3881613442138
480215.0,3.1887,0.6353,9.7111,-0.0297,-0.0164,9.8065,-0.0032,-0.2615,-0.0692,2.22,-81.94,26.95,53.049175,-1.802754,11.26,3.925614,322.31,22 / 22,2.6261088965009414,3.515136884337032,0.28825149587909693,1382.3148877858948,287.47033241341944,181.25675085725888,False,169.90099999999995,-4.4055334581151335,7.116471992923171,1017.081761413608,899.218026874989,8.369761111113117,328.23993000000155,-7.031642354616075,3.601335108586139,-365.23312637228685,611.7476944615696
480315.0,1.599,0.4132,9.8193,-0.0202,-0.0031,9.8066,-0.0066,-0.2373,-0.0743,6.86,-81.9,29.21,53.049175,-1.802754,11.26,3.925614,322.31,22 / 22,2.8559314090531074,3.586941365064741,0.28410649587909603,1382.5889898011726,287.8254363258896,181.2853687568468,False,170.00099999999998,-4.3485610928919645,6.994662793915176,1016.6471309450063,899.9075466144571,8.236219444444435,328.13091000000026,-7.204492501945072,3.407721428850435,-365.9418588561663,612.0821102885675
480415.0,2.9628,0.386,9.6328,0.0106,0.005,9.8066,0.0109,-0.3194,0.0212,9.93,-82.03,29.94,53.049175,-1.802754,11.26,3.925614,322.31,22 / 22,3.0768525040887797,3.6274273604620033,0.27604649587909424,1382.8856289968298,288.18615476216604,181.3133764064347,False,170.101,-4.39054012950908,6.979857115254777,1016.2060154502001,900.6079634571604,8.24592500000592,327.82891999997724,-7.467392633597859,3.352429754792774,-366.67961354662975,612.4218086949943
480514.0,3.5883,0.2343,9.7661,0.0062,0.0065,9.8065,-0.0273,-0.2546,0.0297,11.18,-82.04,29.95,53.049175,-1.802754,11.26,3.925614,322.31,21 / 22,3.392386356061239,3.6339590886494735,0.2654336958790954,1383.2058563204073,288.545593391397,181.34017967592675,False,170.2,-4.290000855129907,6.92364915799878,1015.7824162117555,901.2904779176525,8.145000000004462,328.2169999999828,-7.682387211191147,3.289690069349306,-367.4234401086518,612.7448845262555
480614.0,0.6026,-0.0442,10.3659,-0.0332,-0.0088,9.8066,0.0584,-0.1246,-0.251,16.0,-81.88,30.92,53.049175,-1.802754,11.26,3.925614,322.31,21 / 22,3.5921588489260365,3.6370475049690087,0.2913686958790866,1383.5550835806566,288.9091437210778,181.36801979551464,False,170.29999999999995,-4.2144206131708275,6.839738998993012,1015.3612237871549,901.9798864628967,8.033888888892173,328.3599999999958,-7.806579462096864,3.2026914940240037,-368.1938597935017,613.070742741819
480714.0,1.9217,1.6632,9.4075,-0.0255,0.0048,9.8065,0.0926,-0.3005,-0.0388,17.79,-81.9,31.48,53.049175,-1.802754,11.26,3.925614,322.31,21 / 22,3.7326780251110305,3.7136198801597464,0.2993736958790885,1383.9213254243587,289.2766770903343,181.39755691510257,False,170.39999999999998,-4.193664429276082,6.840758112655456,1014.9400313625807,902.6581755157159,8.023888888889037,328.4899999999981,-7.926342454387113,3.1271382324957093,-368.98129406177793,613.3814984253816
480816.0,0.9879,1.2419,9.9003,0.0195,0.0172,9.8065,-0.0068,-0.2537,-0.0661,18.82,-81.93,32.27,53.049175,-1.802754,11.26,3.925614,322.31,21 / 22,3.9161425486043275,3.8461694132667894,0.28379319587909235,1384.311415273618,289.662226344299,181.42729842658224,False,170.50199999999995,-4.1178936832420465,6.735493377894415,1014.5172343954007,903.3498079583409,7.894549999999946,328.55953999999997,-8.034036231846374,2.889323964627626,-369.7941808782173,613.6875816140418
480914.0,2.599,1.7058,9.8045,-0.0153,0.0081,9.8066,0.0121,-0.3741,0.0194,21.38,-82.14,32.27,53.049175,-1.802754,11.26,3.925614,322.31,21 / 22,4.12805680364438,3.956188451038266,0.28827669587909305,1384.7055810418783,290.04454187964996,181.4553298512784,False,170.59999999999997,-4.131667541149144,6.765040395643808,1014.1110177015233,904.0036341281717,7.926944444442508,328.5859999999984,-8.259724344793526,2.8088519446055424,-370.59456334035497,613.9590922485218
481014.0,1.842,1.4746,9.7526,-0.0107,0.0048,9.8065,0.0316,-0.3162,-0.1054,21.95,-82.09,32.16,53.049175,-1.802754,11.26,3.925614,322.31,21 / 22,4.39151523415055,4.05963804182417,0.28546669587909246,1385.1315596437682,290.44533320429315,181.48401702086633,False,170.7,-4.112381172833613,6.72897239897311,1013.6965108709531,904.6819231802828,7.886111111112898,328.56900000000076,-8.503896406984163,2.66933435714894,-371.4350487728151,614.2365899759895
481115.0,0.8782,1.0601,9.8876,0.0176,0.0038,9.8066,0.0373,-0.4108,0.0276,22.32,-82.07,31.97,53.049175,-1.802754,11.26,3.925614,322.31,21 / 22,4.5656554854351175,4.164448207014758,0.2868251458790925,1385.5838967651073,290.8606495598595,181.51291775887512,False,170.801,-4.155129216212008,6.7501094853056305,1013.277858972104,905.3669951236296,7.92648055555448,328.38499999999124,-8.720784701647126,2.585661278290872,-372.30603779300327,614.5063455637701
481214.0,3.1938,0.6173,9.2487,0.0141,0.0031,9.8066,-0.026,-0.4192,0.0844,22.64,-82.16,30.11,53.049175,-1.802754,11.26,3.925614,322.31,21 / 22,4.782389839690868,4.20091654580643,0.26321364587909507,1386.0466250087009,291.2747351151241,181.54014467906714,False,170.89999999999998,-4.139096917925814,6.802803134361048,1012.8674972098657,906.0385012859201,7.96305555555501,328.6819999999956,-8.921486757616682,2.6018865885546187,-373.1791277988351,614.7637661707961
481314.0,2.0594,1.6218,9.6075,0.0553,-0.0103,9.8064,-0.1113,-0.1554,-0.0853,19.19,-82.3,27.74,53.049175,-1.802754,11.26,3.925614,322.31,21 / 22,5.063444064068834,4.248072718568809,0.2253586458790865,1386.5389167038888,291.69718457834296,181.56457329365506,False,171.0,-4.148160657973415,6.91189377098061,1012.4463047852652,906.7279098311644,8.06111111111111,329.03,-9.21160472204225,2.6638210524118007,-374.0926119186237,615.0307252528214
481414.0,3.5155,1.0508,10.7057,0.0329,0.004,9.8066,0.0971,-0.3396,0.0958,22.73,-82.22,27.71,53.049175,-1.802754,11.26,3.925614,322.31,21 / 22,5.367686462139002,4.30875607401676,0.2603536458790746,1387.060473230199,292.12502601797206,181.58885890824297,False,171.09999999999997,-4.1015809549009274,6.818357468075897,1012.0384835488081,907.406198882519,7.956944444450543,328.97100000000347,-9.46926741703993,2.5096013940591373,-375.0219896813909,615.281172864547
481518.0,1.5948,-0.0384,10.3951,0.0373,0.0025,9.8065,0.0622,-0.3762,0.0149,26.67,-82.28,25.16,53.049175,-1.802754,11.26,3.925614,322.31,19 / 22,5.630991805930904,4.288466295482246,0.3377036458790635,1387.6324045001386,292.57208158118596,181.6199578874144,False,171.20399999999995,-4.1579831808888486,6.799117712324076,1011.6004434272244,908.1111747184045,7.969744444445933,328.5522399999986,-9.788974986819753,2.5106514168418297,-376.0319610729142,615.5390931372185
481614.0,3.7743,0.3322,9.6911,0.035,0.0117,9.8065,0.0319,-0.4473,0.1075,21.62,-82.43,24.33,53.049175,-1.802754,11.26,3.925614,322.31,19 / 22,5.872863194369171,4.236478139080811,0.3604028458790644,1388.184589540153,292.981278914045,181.65346699901878,False,171.29999999999995,-4.137352597567506,6.773285805103382,1011.1960986996079,908.7516574950239,7.936944444445454,328.5819999999991,-10.010215791936677,2.536807666022571,-376.98849084054507,615.7703785809789
481714.0,-0.7502,1.3056,10.2684,0.0503,0.0056,9.8065,0.0297,-0.4402,0.171,23.16,-82.79,22.93,53.049175,-1.802754,11.26,3.925614,322.31,19 / 22,6.0444579875502225,4.294618027051504,0.3777128458790684,1388.780455599249,293.4078337223517,181.69037278360668,False,171.39999999999998,-4.178882564228569,6.787897528694537,1010.7749062750337,909.4299465478425,7.971111111110606,328.3820000000029,-10.223340551778792,2.493279501643033,-378.0055493242154,616.0221128254908
481814.0,3.7252,0.6746,9.9357,0.0611,-0.0083,9.8064,-0.0049,-0.5524,0.1623,21.0,-83.1,21.5,53.049175,-1.802754,11.26,3.925614,322.31,19 / 22,6.220268239601557,4.371578336770356,0.4072528458790752,1389.3936919106068,293.84114354054293,181.7296210681946,False,171.5,-4.16700700491229,6.77628789389972,1010.3603994444898,910.1082356006614,7.955,328.411,-10.387275244513848,2.4047095571293644,-379.033292466117,616.2670920601184
481914.0,0.3816,0.3572,10.0387,0.021,0.0137,9.8066,-0.0279,-0.182,-0.0869,24.87,-83.23,21.89,53.049175,-1.802754,11.26,3.925614,322.31,19 / 22,6.430272022493854,4.381947625967097,0.4253078458790691,1390.0262189237114,294.2788198386797,181.7712491027825,False,171.59999999999997,-4.144508942866109,6.795928606342044,1009.9392070199201,910.7865246527232,7.959999999999706,328.62299999998766,-10.574780965359963,2.413980980374947,-380.08701190379134,616.5077048140436
482014.0,0.938,1.061,10.1528,0.0057,0.0062,9.8066,0.038,-0.3185,0.0668,24.13,-83.2,21.15,53.049175,-1.802754,11.26,3.925614,322.31,19 / 22,6.519811751253876,4.456846572281613,0.4542178458790757,1390.6737231123989,294.72075954859224,181.81522538737042,False,171.7,-4.354553543098577,6.858238412244247,1009.4979578132296,911.4759331986744,8.123888888881716,327.58700000004535,-10.874365294352453,2.401391839962634,-381.17576529916926,616.7551736500822
482114.0,-0.3879,1.1978,9.718,0.0368,0.002,9.8065,0.0334,-0.0468,-0.0779,24.85,-83.35,19.25,53.049175,-1.802754,11.26,3.925614,322.31,19 / 22,6.592092300511175,4.586061643815254,0.46709284587907135,1391.329318314987,295.17290495939693,181.8612909219583,False,171.79999999999995,-4.365513894559769,6.874970157823513,1009.0633942005417,912.1542222500788,8.143888888888297,327.58500000000004,-10.957606195070944,2.2889085140082583,-382.2659241144453,616.9813172906818
482214.0,-0.7211,1.1991,9.6764,-0.0445,0.0173,9.8065,0.0084,-0.0484,-0.1052,23.64,-83.64,18.28,53.049175,-1.802754,11.26,3.925614,322.31,19 / 22,6.5907353168746825,4.75541598475268,0.45614784587906887,1391.9884596958564,295.63997884082545,181.90745295654622,False,171.89999999999998,-4.196841063629479,6.909108817680367,1008.6422017759672,912.8547502884556,8.083888888889776,328.72399999998316,-10.787576380504161,2.153692832927687,-383.3462579198891,617.2147714476303
482314.0,1.5919,0.9506,9.8308,0.0005,0.0033,9.8066,-0.0446,-0.1628,-0.0448,23.88,-83.79,18.72,53.049175,-1.802754,11.26,3.925614,322.31,19 / 22,6.67351440425467,4.873515398132414,0.4508428458790677,1392.651672181913,296.1214254099698,181.95280249113415,False,172.0,-4.201084163589164,6.724445766216426,1008.2210093513665,913.5219198488494,7.928888888888888,328.005,-10.874598567843833,1.8509303680840112,-384.43066283054645,617.4004944388796
482414.0,1.9181,0.2593,9.6651,0.0228,-0.0118,9.8065,0.0136,-0.2893,0.0938,27.36,-83.75,15.5,53.049175,-1.802754,11.26,3.925614,322.31,19 / 22,6.857632920943385,4.8896434369552,0.44497284587906977,1393.3282295481727,296.609583351724,181.99759327572204,False,172.09999999999997,-4.220004540786297,6.859787745272652,1007.7998169268234,914.2002089009112,8.05388888888157,328.4009999999768,-11.077637461729683,1.970144308317452,-385.5284126213493,617.5906255491873
482514.0,0.4449,0.4592,9.9857,0.0496,-0.0063,9.8065,-0.0311,-0.1884,0.0918,20.48,-83.7,12.99,53.049175,-1.802754,11.26,3.925614,322.31,22 / 22,6.977489955639894,4.908219588349137,0.4468478458790703,1394.019985692002,297.0994765029893,182.04218431030995,False,172.2,-4.3693691478321925,6.999246232111771,1007.3585677201064,914.911856431005,8.251111111102478,328.02500000001646,-11.346859103472086,2.0910266437626337,-386.6614179718955,617.8123799280157
482614.0,1.2892,0.943,9.4592,0.0417,-0.011,9.8065,0.027,-0.1784,0.0511,23.14,-83.66,12.1,53.049175,-1.802754,11.26,3.925614,322.31,22 / 22,7.082635128876018,4.97740876136556,0.43842784587907313,1394.7229919462275,297.5937579204749,182.08644809489783,False,172.29999999999995,-4.473465100859244,7.0933045584712255,1006.9106329193582,915.6235039625152,8.386111111107121,327.76200000000773,-11.55610022973526,2.115895797105665,-387.8123590268692,618.0297460420403
482714.0,1.979,0.4004,9.763,-0.0185,-0.0083,9.8066,-0.0076,-0.1966,0.0206,21.97,-83.66,8.51,53.049175,-1.802754,11.26,3.925614,322.31,22 / 22,7.25864888651479,5.01444396026013,0.4188728458790687,1395.4400561469972,298.0933505565563,182.12931312948575,False,172.39999999999998,-4.4063151822378295,7.137496936452319,1006.4693837126399,916.3351514933183,8.388055555555527,328.31099999999185,-11.664964068752619,2.123052976192189,-388.9706724343573,618.241800936762
482814.0,-0.6239,1.7439,9.6227,-0.0073,0.0053,9.8066,-0.0022,0.1148,-0.1024,15.78,-83.82,6.56,53.049175,-1.802754,11.26,3.925614,322.31,22 / 22,7.348154953801175,5.1256494174421325,0.40749284587906615,1396.1703963390132,298.6003552254415,182.17063141407365,False,172.5,-4.519947614313464,7.1217482800125715,1006.0214489118915,917.0467990234142,8.435,327.598,-11.86810256811464,1.996098862570439,-390.1489474271217,618.4464437979727
482914.0,-2.5663,1.2479,9.41,-0.038,0.0123,9.8065,0.0214,-0.714,0.3546,22.31,-83.83,8.91,53.049175,-1.802754,11.26,3.925614,322.31,22 / 22,7.243494471636552,5.361746874284676,0.37846284587907614,1396.899978810285,299.12472504002767,182.20992919866154,False,172.59999999999997,-4.612679684453687,7.1825050664626495,1005.5534573290333,917.7584465541653,8.53611111110519,327.29100000001796,-11.856174156090239,1.8207581921779736,-391.34652148125156,618.6337215141376
483014.0,-1.5126,0.5068,9.2051,0.0561,-0.012,9.8064,0.0991,-0.3326,-0.0051,14.0,-83.85,5.18,53.049175,-1.802754,11.26,3.925614,322.31,22 / 22,7.077313413897409,5.548242311639662,0.32855284587906486,1397.6160192045618,299.67022449932404,182.24527998324945,False,172.7,-4.625217396060625,7.282275364653573,1005.0921513401971,918.492333069111,8.626944444440468,327.5789999999874,-11.702530809958034,1.7340330530139116,-392.52386786436466,618.822108569787
483114.0,-5.6995,1.404,8.7202,0.0419,-0.0333,9.8065,0.1023,-0.3901,0.0111,16.18,-83.56,3.92,53.049175,-1.802754,11.26,3.925614,322.31,22 / 22,6.75003346292869,5.774960834633477,0.2441528458790937,1398.3073865484027,300.2363846566375,182.27391526783734,False,172.79999999999995,-4.670323711362054,7.338851703930725,1004.6241597573318,919.2262195847652,8.698888888886762,327.52800000000155,-11.420357174290745,1.5638908692972482,-393.683226791071,618.9898349281277
483214.0,4.5785,-0.2986,9.6949,0.0808,-0.0114,9.8063,-0.051,-0.7209,0.5568,18.63,-83.39,6.31,53.049175,-1.802754,11.26,3.925614,322.31,22 / 22,6.703666620961969,5.871722858040082,0.18424284587908016,1398.9800715525973,300.8187188412713,182.29533505242526,False,172.89999999999998,-4.706515613287609,7.401425599525948,1004.1561681744657,919.960106101127,8.771111111110043,327.5479999999997,-11.410182234249579,1.529702741485866,-394.8239033781316,619.1413872598557
483314.0,-0.0906,0.0909,9.466,0.0775,-0.0235,9.8063,-0.0481,-0.4244,0.3704,21.62,-83.39,5.29,53.049175,-1.802754,11.26,3.925614,322.31,22 / 22,6.91065999757137,5.827712550660654,0.16162284587907505,1399.660787883524,301.40369061170645,182.31262833701317,False,173.0,-4.728086194266291,7.6027892723955395,1003.6814909975429,920.7273510947654,8.953055555555556,328.12300000000005,-11.638746191837662,1.7750767217348855,-395.97929688598117,619.3236604830589
483414.0,3.5981,0.1348,9.6319,0.0162,-0.0297,9.8065,0.0314,-0.6207,0.1583,22.25,-83.52,8.5,53.049175,-1.802754,11.26,3.925614,322.31,22 / 22,7.075735998956643,5.809175253906289,0.13585284587908386,1400.3601076833502,301.9855350019346,182.32750212160107,False,173.09999999999997,-4.893365627630141,7.640373678583863,1003.1867570385389,921.4945960890552,9.073055555548532,327.3620000000446,-11.969101626586784,1.8311984246775745,-397.1733506448113,619.5090610871207
483514.0,-0.4475,-0.4355,9.708,0.1237,0.0111,9.8058,0.0072,0.215,-0.2684,16.78,-83.62,4.42,53.049175,-1.802754,11.26,3.925614,322.31,22 / 22,7.214063383339668,5.770218852758797,0.12218284587908082,1401.0745976524652,302.564504707268,182.34040390618898,False,173.2,-4.875377612049489,7.725213145271586,1002.6987086735282,922.261841082694,9.134999999997289,327.7439999999833,-12.089440995389158,1.9549942925127892,-398.3758889789369,619.697336375426
483614.0,7.3224,-1.6278,9.5012,-0.0311,0.002,9.8066,-0.0237,-0.4606,0.2925,19.45,-83.43,6.37,53.049175,-1.802754,11.26,3.925614,322.31,22 / 22,7.500539967131816,5.59443495354884,0.10197784587908781,1401.8103278199885,303.1327373975832,182.35161194077688,False,173.29999999999995,-4.928860905515941,7.783747352258239,1002.2039747144885,923.0402055694649,9.213055555553249,327.65700000000254,-12.429400872647758,2.1893123987094,-399.60635310550003,619.9074681718816
483714.0,0.1437,2.2255,9.6352,0.0367,-0.0368,9.8065,-0.195,0.7845,-0.4589,18.22,-83.35,5.37,53.049175,-1.802754,11.26,3.925614,322.31,22 / 22,7.856809752892982,5.536543308747319,0.07813284587908245,1402.57819530599,303.6892863106981,182.3606174753648,False,173.39999999999998,-4.944320944167697,7.884979726861326,1001.7092407554479,923.8296895472473,9.306944444443058,327.9099999999963,-12.801130697060678,2.348436418114007,-400.86895455054207,620.1404032365492
483814.0,-5.3584,2.1457,9.1436,-0.1107,-0.0106,9.8059,-0.0587,0.311,-0.1382,18.96,-83.34,5.93,53.049175,-1.802754,11.26,3.925614,322.31,22 / 22,7.6762686080841585,5.865808932061076,0.036407845879072954,1403.354849224039,304.25940392273867,182.3663445099527,False,173.5,-4.986817886281619,8.046049150792143,1001.2145067964075,924.6414125134177,9.466111111111111,328.21,-12.663086494365778,2.1802402187310674,-402.1403424276316,620.382008590679
483914.0,-2.2407,1.2657,9.9886,-0.016,-0.0006,9.8066,-0.0518,0.5169,-0.2865,21.13,-82.92,7.8,53.049175,-1.802754,11.26,3.925614,322.31,22 / 22,7.373370498088856,6.191116313988937,0.012352845879081177,1404.1073311793475,304.862250185041,182.3687825445406,False,173.59999999999997,-5.156037952907614,8.162983377905553,1000.6930304612309,925.4642549698317,9.654999999988942,327.7220000000286,-12.52940845099647,1.9718670639166156,-403.4143007181166,620.6020047847908
484014.0,-4.1335,1.7025,8.9775,-0.104,-0.0133,9.8061,-0.1769,0.3974,-0.1746,20.76,-82.78,4.16,53.049175,-1.802754,11.26,3.925614,322.31,22 / 22,7.126502491101425,6.480809021677689,-0.02000715412092617,1404.8323248288073,305.49584645182443,182.36839982912852,False,173.7,-5.229934588808256,8.281896473433303,1000.1715541260428,926.2870974270135,9.794999999993871,327.7279999999997,-12.35643707990968,1.8010874517556141,-404.66077070276447,620.7912509751891
484114.0,4.0481,-0.7608,9.4184,-0.0385,0.0112,9.8065,0.0651,0.5664,-0.2325,21.16,-82.78,5.23,53.049175,-1.802754,11.26,3.925614,322.31,22 / 22,7.136359907451981,6.562547197727795,-0.08087715412090539,1405.5454679487348,306.1480142627945,182.36335561371644,False,173.79999999999995,-5.3450051691433815,8.453982044661629,999.6300210087115,927.1321788697524,10.001944444438326,327.69700000000086,-12.481365076595363,1.8914348469338336,-405.91544694002323,620.9841646069578
484214.0,0.3152,0.643,9.1325,-0.0982,0.0103,9.8061,-0.0631,0.533,-0.3622,17.53,-83.01,5.21,53.049175,-1.802754,11.26,3.925614,322.31,22 / 22,7.332960261473104,6.517248203775372,-0.1339971541209174,1406.2689339571812,306.80200403286983,182.35261189830433,False,173.89999999999998,-5.4497887022780285,8.5130834727899,999.0818022973492,927.9883798049182,10.108055555553987,327.3740000000048,-12.782748963751132,1.9958352690145276,-407.18713165983195,621.1863757720483
484314.0,6.1819,-0.8089,10.1198,-0.0531,-0.0032,9.8065,-0.0044,0.4228,-0.2152,15.56,-83.13,0.44,53.049175,-1.802754,11.26,3.925614,322.31,22 / 22,7.639629897945702,6.458425944521576,-0.15204715412092146,1407.0175634651523,307.45078774028485,182.33830968289223,False,174.0,-5.548863235497198,8.70360005445707,998.5268979919297,928.8557002325097,10.321944444444444,327.481,-13.1884931334429,2.245174109935494,-408.49066547322263,621.4049124922249
484415.0,-3.3715,1.7346,9.2713,-0.0738,-0.0099,9.8063,-0.1203,0.7415,-0.4269,10.25,-83.17,-2.93,53.049175,-1.802754,11.26,3.925614,322.31,22 / 22,7.770086299116974,6.4889144594236035,-0.1632682541209213,1407.7957541331039,308.1046284306841,182.322386254776,False,174.101,-5.6031243382137275,8.87203444239976,997.9662440756769,929.7542664346572,10.49323611110361,327.7256000000081,-13.3732106373307,2.383119982976157,-409.829510057427,621.6496380039731
484514.0,3.9359,-1.1422,9.7537,-0.1173,0.0046,9.8059,-0.0424,-0.0683,0.0114,15.4,-82.86,0.16,53.049175,-1.802754,11.26,3.925614,322.31,22 / 22,7.786677548971248,6.533202862206833,-0.19238910412091814,1408.565813943584,308.7492232381047,182.30478121554304,False,174.2,-5.693110486020392,8.966409215980075,997.3970325990415,930.6459385518773,10.621111111105456,327.5870000000061,-13.479788034991639,2.433206353773242,-411.1687813445426,621.8967153137726
484615.0,-3.9203,2.4288,9.1319,-0.0146,-0.0058,9.8066,-0.0389,0.4327,-0.2746,8.5,-82.61,-1.81,53.049175,-1.802754,11.26,3.925614,322.31,22 / 22,7.777330058648291,6.612312181898013,-0.22913795412091775,1409.3517963277689,309.413071747832,182.28349409910183,False,174.301,-5.720321105208109,9.10837723769786,996.8228737827791,931.5669661294895,10.755680555550343,327.8700700000114,-13.4976511638564,2.496065055799847,-412.52892254498977,622.1538943816574
484714.0,-2.2471,1.0994,8.9855,-0.1015,0.0039,9.806,0.0616,-0.3277,0.2277,16.04,-82.41,1.11,53.049175,-1.802754,11.26,3.925614,322.31,22 / 22,7.503690729329273,6.879167616731652,-0.3031850041209099,1410.1082068567737,310.0808999978641,182.25714411266887,False,174.39999999999998,-5.877383893157703,9.218897024766934,996.2404248299111,932.4806548410123,10.933055555552908,327.4810000000058,-13.381074622486977,2.3397294080352813,-413.8677820268625,622.3997548431482
484814.0,-3.5295,1.7407,9.3003,0.0454,-0.0054,9.8065,-0.0126,0.1315,-0.1205,7.74,-82.41,-2.43,53.049175,-1.802754,11.26,3.925614,322.31,22 / 22,7.239814917988946,7.10958032932285,-0.36956000412092493,1410.8453821391397,310.78033739516695,182.22350686225676,False,174.5,-5.931007257311957,9.345771993167862,995.6454069602834,933.4258117177052,11.068888888888889,327.6,-13.170822175300902,2.2361916638450117,-415.19997517885633,622.6454743225382
484914.0,0.2287,0.4722,9.6934,-0.0283,0.0095,9.8066,0.0331,-0.3048,0.2774,10.57,-82.39,-2.91,53.049175,-1.802754,11.26,3.925614,322.31,22 / 22,7.082546794539097,7.276893723858946,-0.4005400041209143,1411.561500224766,311.4996610978258,182.18500186184468,False,174.59999999999997,-6.071470372282383,9.385423459889287,995.0370179025861,934.3598491019044,11.178055555549165,327.1010000000292,-13.15401716682148,2.1085297360303406,-416.5244823221799,622.8601880040785
485015.0,2.4956,1.5792,10.1526,0.0895,-0.009,9.8062,-0.0121,-0.082,0.0646,8.73,-82.24,-4.33,53.049175,-1.802754,11.26,3.925614,322.31,22 / 22,7.225469430718102,7.394557848791824,-0.38878865412091435,1412.2840550441415,312.24056940224466,182.14514076460347,False,174.70099999999996,-6.172010446170385,9.44086320530933,994.41565879239,935.3145687422804,11.279344444438792,326.8251499999993,-13.397479876888488,2.0463053565175064,-417.8683962517515,623.0739993400357
485115.0,1.2008,1.3644,9.9056,0.0209,-0.0288,9.8065,0.0612,-0.3035,0.1413,1.97,-81.96,-9.36,53.049175,-1.802754,11.26,3.925614,322.31,22 / 22,7.411080304847494,7.555198131490382,-0.3665436541209093,1413.01588253092,312.9880572012589,182.10737414919137,False,174.801,-6.240814521350359,9.549037862723067,993.7871460965906,936.2707339157821,11.4075444444427,326.83324000001966,-13.651894826197854,1.9938397312326845,-419.22873643432933,623.2826767145232
485215.0,3.101,0.9632,8.3179,0.0697,-0.0443,9.8063,-0.208,-0.2993,0.2457,2.02,-81.76,-8.83,53.049175,-1.802754,11.26,3.925614,322.31,22 / 22,7.615946922123487,7.698690961997795,-0.43603365412088557,1413.7672338922682,313.7507516559331,182.0672452837793,False,174.90099999999995,-6.385309252655585,9.524404631186279,993.1519478067609,937.2160019880922,11.466755555555837,326.16148000000373,-14.001256174779073,1.8257136691884837,-420.61528608550736,623.4652503321591
485315.0,-4.4622,1.9584,10.324,0.0472,-0.0562,9.8063,-0.1884,-0.3794,0.2344,359.82,-81.17,-10.43,53.049175,-1.802754,11.26,3.925614,322.31,22 / 22,7.534401323765845,7.873009029263415,-0.48460365412089657,1414.5247513045629,314.5293366554963,182.0212134183672,False,175.00099999999998,-6.417283112858814,9.482975513689198,992.509997066934,938.1723895514343,11.450255555555376,325.91312999999997,-13.95168443662466,1.6099664844257822,-422.01475423762884,623.643052895938
485415.0,1.2758,1.6699,10.028,0.0788,-0.03,9.8063,0.0012,-0.5138,0.3187,0.26,-80.69,-10.13,53.049175,-1.802754,11.26,3.925614,322.31,22 / 22,7.359842922871278,8.08764194265107,-0.4476686541208881,1415.2694635168948,315.32736920409224,181.9745998029551,False,175.101,-6.520926959526834,9.675673659924055,991.8548088509472,939.1397854129162,11.667955555556137,326.0219700000176,-13.880769882398113,1.588031717272985,-423.41465466594764,623.8124162088241
485515.0,-4.13,0.1773,9.1229,0.0812,-0.0002,9.8062,-0.0074,0.0775,-0.0699,1.55,-80.61,-9.23,53.049175,-1.802754,11.26,3.925614,322.31,21 / 22,7.203035415214926,8.21972899910162,-0.4707886541208801,1415.997607433799,316.1427377511796,181.92867693754303,False,175.20099999999996,-6.5663387992947735,9.63346683202222,991.1996206348879,940.1071812751605,11.65849444444252,325.72098000000443,-13.7693742145097,1.4137378329206012,-424.7979867989111,623.9644435239809
485616.0,-0.2689,2.7678,9.9458,-0.0106,0.0259,9.8065,0.129,-0.1458,0.1313,2.64,-80.75,-8.44,53.049175,-1.802754,11.26,3.925614,322.31,21 / 22,6.9734481809716815,8.409654621440726,-0.4982909541208798,1416.7135198554065,316.98252162401695,181.87973841732682,False,175.30199999999996,-6.608702695952324,9.657707725344338,990.5376131129597,941.0840287054722,11.702405555554883,325.6164400000052,-13.582150876924006,1.2480531039036116,-426.17590674244684,624.1015070814552
485714.0,-1.6573,2.5494,10.0577,0.0302,0.0281,9.8065,0.0372,0.223,-0.0959,3.64,-81.16,-7.71,53.049175,-1.802754,11.26,3.925614,322.31,21 / 22,6.88025133853693,8.709850755228299,-0.47917115412087713,1417.3923511318626,317.82137738747383,181.83184277402296,False,175.39999999999998,-6.650891369276092,9.656151872981326,989.8824248969472,942.0211795472087,11.724999999999659,325.4420000000026,-13.531142707813022,0.9463011177530269,-427.5099262349154,624.1998021597349
485814.0,-0.9906,1.7298,9.317,-0.036,-0.0079,9.8065,-0.0729,0.0837,-0.0177,2.03,-81.2,-8.85,53.049175,-1.802754,11.26,3.925614,322.31,21 / 22,6.745588527642358,8.965427006205895,-0.49110115412087973,1418.0736431251717,318.7051412755457,181.78332915861085,False,175.5,-6.741223142720189,9.636052643071944,989.2071798987962,942.9885754094604,11.760000000000002,325.024,-13.486811670362547,0.670625636866049,-428.86646322637546,624.2834341339146
485914.0,1.4939,1.5826,9.7626,-0.0134,-0.0301,9.8065,-0.0217,0.1689,-0.0538,359.23,-80.91,-8.3,53.049175,-1.802754,11.26,3.925614,322.31,21 / 22,6.757825507460605,9.168099347242869,-0.5177861541208705,1418.7488138269266,319.61181759321784,181.7328847931988,False,175.59999999999997,-6.816919241111622,9.605823000499534,988.5252493066646,943.9448517785092,11.778888888887783,324.6380000000226,-13.574744748572225,0.43772365325666485,-430.223564520262,624.3330341852914
486014.0,0.9951,0.5623,9.4176,-0.0057,-0.0177,9.8066,-0.1007,-0.0469,-0.0026,5.25,-80.68,-8.53,53.049175,-1.802754,11.26,3.925614,322.31,21 / 22,6.869602807701636,9.306394827266372,-0.5394411541208753,1419.430185242685,320.5355423019435,181.6800234277867,False,175.7,-6.9519281924402,9.604065029251249,987.8299475263702,944.9011281476281,11.856111111107731,324.1010000000235,-13.821531000141835,0.2976702019848769,-431.6002377163147,624.3655858456846
486114.0,-1.9688,-0.3425,9.0474,0.0361,-0.0097,9.8065,-0.0413,0.1814,0.0338,0.85,-80.61,-9.26,53.049175,-1.802754,11.26,3.925614,322.31,21 / 22,6.809555654116133,9.349117308023217,-0.5968561541208557,1420.1141431657757,321.46831790870766,181.62320856237463,False,175.79999999999995,-7.000096490871352,9.55042205686115,987.1279601520719,945.8574045167463,11.841111111111555,323.76000000001005,-13.809652144987485,0.20130474883793248,-432.9861830137038,624.3890866080387
486214.0,-2.4302,2.0808,9.176,-0.0372,-0.0107,9.8065,-0.0109,-0.0523,-0.096,1.42,-80.59,-9.32,53.049175,-1.802754,11.26,3.925614,322.31,21 / 22,6.5773245008395715,9.47496953527703,-0.6663511541208714,1420.7834871735236,322.4095222508729,181.56004819696253,False,175.89999999999998,-7.011251875353934,9.507398629435798,986.4326583718029,946.80256139344,11.81305555555597,323.59300000000246,-13.588576376193505,0.03242909415876838,-434.3508288017207,624.3930391425671
486314.0,-1.224,1.1527,9.8655,-0.0056,-0.0036,9.8066,-0.0686,0.2707,-0.1786,0.66,-80.44,-9.4,53.049175,-1.802754,11.26,3.925614,322.31,21 / 22,6.383187478970364,9.674796003362106,-0.6949411541208779,1421.4315127725142,323.36701052780506,181.49198358155041,False,176.0,-7.111051552598423,9.493097629668151,985.7172998093903,947.7477182701333,11.861111111111112,323.164,-13.494239031568787,-0.1816983736939548,-435.71421296312394,624.3807077423282
486414.0,-1.2805,1.554,9.9986,-0.01,-0.0051,9.8066,-0.0317,0.2465,-0.0334,359.93,-80.38,-10.35,53.049175,-1.802754,11.26,3.925614,322.31,21 / 22,6.243378043676522,9.845030859932315,-0.6824011541208821,1422.0628410486463,324.34300187096943,181.42311646613834,False,176.09999999999997,-7.069630528437902,9.364022472276947,985.0086268410865,948.681755653625,11.733055555563052,322.9480000000126,-13.313008572114423,-0.48100838765536835,-437.05421420755977,624.3387537826557
486514.0,2.3907,-0.2998,11.2689,-0.0626,0.0136,9.8064,-0.0124,0.0432,0.0068,6.14,-80.54,-9.2,53.049175,-1.802754,11.26,3.925614,322.31,21 / 23,6.283022087959077,9.929875101874321,-0.5996911541208633,1422.6891610552282,325.33174716906,181.35901185072623,False,176.2,-7.129168204346302,9.401528584566206,984.2999538727306,949.615793036478,11.79888888888601,322.8270000000053,-13.412190292305379,-0.5283465173081154,-438.38920718249756,624.284045867418
486614.0,-3.1149,1.8374,9.2919,-0.0171,0.0182,9.8066,-0.0078,0.3733,-0.2256,0.15,-80.76,-10.2,53.049175,-1.802754,11.26,3.925614,322.31,21 / 23,6.231347739692373,10.029404440732096,-0.5523161541208793,1423.3148795466104,326.32971114619,181.30141148531416,False,176.29999999999995,-7.131000249598265,9.3310107531197,983.5845953103451,950.5498304214524,11.743888888890513,322.6120000000064,-13.362347989290637,-0.6983936876123948,-439.73028423626533,624.2201192752624
486714.0,2.3354,1.6505,11.0593,-0.0589,-0.0067,9.8065,0.102,-0.4607,0.1969,0.13,-80.89,-10.22,53.049175,-1.802754,11.26,3.925614,322.31,21 / 23,6.177550241136597,10.238178275593144,-0.5154211541208709,1423.935324445652,327.3430902820065,181.24802461990205,False,176.39999999999998,-7.2065176059163605,9.350087111658167,982.8625511539021,951.4838678043054,11.804999999999099,322.3770000000035,-13.384067847052957,-0.8880911639349769,-441.07277329174985,624.140777522299
486814.0,4.3676,1.4306,9.5396,0.0908,-0.0054,9.8062,-0.006,-0.1286,0.0846,4.3,-81.17,-9.73,53.049175,-1.802754,11.26,3.925614,322.31,21 / 23,6.503644106905503,10.410136203422566,-0.46614115412085955,1424.5693841630543,328.3755060059575,181.19894650448995,False,176.5,-7.184899612750318,9.343943326621801,982.1471925915158,952.4179051892803,11.786944444444444,322.442,-13.68854371965582,-1.0661928768007645,-442.4221915715385,624.0423991833228
486914.0,0.962,1.2048,9.4043,0.0154,0.0031,9.8066,-0.0084,-0.3828,0.2361,1.31,-81.28,-11.86,53.049175,-1.802754,11.26,3.925614,322.31,21 / 23,6.7625997689809685,10.55911234943108,-0.4996111541208481,1425.2326963568485,329.42396843359984,181.15065888907787,False,176.59999999999997,-7.150837478189424,9.298302176236247,981.4318340291553,953.3408230796399,11.730000000003335,322.4380000000002,-13.913437247170393,-1.2608101731948338,-443.80086232769315,623.9168546460401
487014.0,3.3984,1.6631,10.4095,0.0619,0.0201,9.8063,0.1069,-0.3876,0.0971,359.78,-81.35,-10.46,53.049175,-1.802754,11.26,3.925614,322.31,21 / 23,6.966657080139534,10.736384230668941,-0.48958615412084583,1425.9191591993047,330.48874326260506,181.10119902366577,False,176.7,-7.122208894958296,9.253387056384982,980.7231610608258,954.2637409714819,11.676944444446766,322.41500000000104,-14.088865975097828,-1.482997174283959,-445.1959981384789,623.7749977088768
487114.0,1.1596,0.4936,9.3283,0.0194,0.0003,9.8066,0.0833,0.1098,-0.0845,359.72,-81.4,-10.98,53.049175,-1.802754,11.26,3.925614,322.31,21 / 23,7.178632061355121,10.879286072281099,-0.4833611541208479,1426.626423656379,331.5695267777522,181.0525516582537,False,176.79999999999995,-7.098866930941875,9.186848659732338,980.0144880924702,955.1866588626159,11.61000000000198,322.3060000000032,-14.277498992296996,-1.6924374125487613,-446.6119355639089,623.6171320848637
487214.0,-0.4702,1.3424,9.9196,-0.0279,0.0238,9.8066,0.0212,0.0565,-0.1686,2.85,-81.57,-8.23,53.049175,-1.802754,11.26,3.925614,322.31,21 / 23,7.2017892639919365,11.00697664472795,-0.5016311541208519,1427.3454447226466,332.6638399136029,181.0033020428416,False,176.89999999999998,-7.06627483188145,9.22594078981136,979.3058151241142,956.1095767530433,11.621111111110949,322.55099999999635,-14.268064095873386,-1.7810358549165883,-448.0396295985323,623.4457368394403
487314.0,1.3566,0.4571,9.506,-0.0195,0.0168,9.8066,0.0497,0.0286,-0.0021,4.7,-81.66,-7.41,53.049175,-1.802754,11.26,3.925614,322.31,21 / 23,6.1523618424746935,9.458402903224448,-0.4343637310027258,1428.01315227797,333.6871088910007,180.9565022985854,False,177.0,-6.979957984345026,9.16847838374492,978.6105133438188,957.0213751517523,11.523055555555555,322.718,-13.13231982681972,-0.289924519479527,-449.40263893415124,623.3342662607515
487414.0,1.0232,2.7149,9.0154,0.0145,0.0273,9.8066,0.0315,-0.0125,-0.1381,6.15,-81.75,-6.38,53.049175,-1.802754,11.26,3.925614,322.31,21 / 23,6.275213459011698,9.64059896667405,-0.48895873100270715,1428.634531043044,334.6420589844953,180.91033617548516,False,177.09999999999997,-6.927003922733842,9.189774715639285,977.9218971576576,957.9331735503944,11.508055555556433,322.991999999984,-13.202217381745541,-0.4508242510347653,-450.7126338853865,623.2911145658991
487514.0,-4.1248,1.4049,8.8014,-0.0004,-0.004,9.8066,0.1238,-0.0419,0.1595,5.45,-81.99,-6.26,53.04986,-1.802676,12.22,3.925648,21.82,21 / 22,6.130186269310089,9.895170464340287,-0.5787837310027275,1429.2548010294602,335.61884745604624,180.85694905238486,False,177.2,-6.878794851015052,8.910722732932731,977.2332809714189,958.8227329635462,11.256944444455435,322.33300000002885,-13.008981120325142,-0.9844477314075561,-452.02152005804123,623.2038855075
487614.0,4.1511,0.835,9.5184,-0.0549,-0.0201,9.8065,-0.0606,-0.0744,0.0555,3.66,-81.91,-8.13,53.04986,-1.802676,12.22,3.925648,21.82,21 / 22,6.128778893110938,10.048406085816575,-0.6434587310027055,1429.867749287581,336.61602628355377,180.7958369292846,False,177.29999999999995,-6.844926110335398,8.864930148855455,976.5513503792376,959.7011728842708,11.200000000001683,322.32700000000017,-12.973705003446335,-1.1834759369611199,-453.31639890834344,623.085146600717
487714.0,0.4682,2.446,9.1089,0.0312,-0.0265,9.8065,-0.0441,0.57,-0.1743,0.17,-81.88,-10.18,53.04986,-1.802676,12.22,3.925648,21.82,21 / 22,6.348172344578703,10.233727963536655,-0.6927587310027166,1430.4915968494656,337.63013298602164,180.72902605618432,False,177.39999999999998,-6.811837671619119,8.719695667599572,975.8694197870296,960.5796128042881,11.065000000001996,322.00300000000476,-13.160010016197823,-1.514032295937083,-454.622177062436,622.9494798182665
487814.0,5.6704,-0.036,10.0882,-0.1145,-0.0213,9.8059,0.056,-0.4761,0.2175,5.84,-81.45,-9.23,53.04986,-1.802676,12.22,3.925648,21.82,21 / 22,6.640306828575982,10.360232166829528,-0.7135687310027212,1431.1410208081236,338.65983099254015,180.65870968308403,False,177.5,-6.66714582301687,8.662468279773696,975.2075459769652,961.4469332325872,10.93111111111111,322.416,-13.307452651592852,-1.6977638870558316,-455.9334748311584,622.787102240047
487914.0,-0.9538,1.5836,9.9167,0.0481,0.014,9.8065,0.0225,0.2101,-0.1506,3.54,-81.21,-10.26,53.04986,-1.802676,12.22,3.925648,21.82,21 / 22,6.866978218370616,10.446898026871818,-0.6939887310027278,1431.8163850604708,339.7001875022249,180.58833180998377,False,177.59999999999997,-6.412810775190314,8.537958093680793,974.5724145431222,962.2920146745583,10.678055555570372,323.0899999999605,-13.279788993560931,-1.908939933191025,-457.24397051734854,622.5918271723335
488014.0,-4.1887,1.7771,8.7956,-0.037,0.0151,9.8065,0.1889,-0.5827,0.221,1.57,-81.31,-9.17,53.04986,-1.802676,12.22,3.925648,21.82,21 / 22,6.603554031392667,10.658274998356871,-0.739038731002738,1432.4899116729591,340.75544615348656,180.5166804368835,False,177.7,-6.267739638563521,8.313042426893062,973.943968703236,963.1148571317414,10.411111111122795,322.9850000000046,-12.871293669956188,-2.345232571463809,-458.5459429697231,622.3594109782548
488114.0,-2.0562,0.9672,9.7553,0.0758,0.0348,9.8062,0.0574,-0.2832,0.0578,1.71,-81.74,-9.07,53.04986,-1.802676,12.22,3.925648,21.82,21 / 22,6.280961960908138,10.838865198061972,-0.7921587310027198,1433.134137472574,341.8303031633071,180.44012056378324,False,177.79999999999995,-6.076570589137722,8.122424001830371,973.3422652395502,963.9265800957901,10.143888888896788,323.1989999999937,-12.35753255004586,-2.7164411962316013,-459.7918722330237,622.096276932483
488214.0,-3.5043,1.8292,9.7537,0.0339,-0.0022,9.8066,0.0733,-0.2889,0.16,5.28,-81.79,-7.0,53.04986,-1.802676,12.22,3.925648,21.82,21 / 22,6.000371391523513,11.032520684333312,-0.7973737310027209,1433.7482041401956,342.92387245742714,180.36064394068296,False,177.89999999999998,-5.867322556276609,7.90179704043494,972.7539329639255,964.7160640756955,9.841944444448906,323.4049999999969,-11.867693947800122,-3.1307236438983717,-460.9942711762701,621.7921916182684
488314.0,2.6856,0.8932,11.1844,0.0449,0.0329,9.8064,0.0992,-0.4471,0.1929,7.02,-81.89,-5.68,53.04986,-1.802676,12.22,3.925648,21.82,21 / 22,5.961467114175271,11.203271528762931,-0.7311337310027057,1434.3462960654806,344.0356620680822,180.28421856758268,False,178.0,-5.623099775991651,7.752329572536111,972.1990286585057,965.483309070042,9.576944444444443,324.045,-11.584566890166922,-3.4509419562268198,-462.14726740697495,621.4476470019597
488415.0,-5.5342,-0.2383,10.9673,0.1156,-0.0109,9.8059,0.006,-0.0519,-0.1587,2.25,-82.04,-9.15,53.04986,-1.802676,12.22,3.925648,21.82,21 / 22,5.809217231801113,11.266060918666797,-0.6029445310027068,1434.9407156249524,345.1703633566774,180.2168476153514,False,178.101,-5.3815263268493325,7.602128436359727,971.6588326600364,966.2468846305811,9.31413888889389,324.70542000000336,-11.190743558650446,-3.6639324823070707,-463.281882964916,621.0765212739037
488515.0,5.5245,-0.6283,10.8083,0.0257,-0.0068,9.8066,0.0304,-0.738,0.5419,5.72,-81.98,-7.24,53.04986,-1.802676,12.22,3.925648,21.82,22 / 23,5.791056955526002,11.241395603126033,-0.49482953100274374,1435.5207293343185,346.29573618276663,180.16195891225115,False,178.20099999999996,-5.33689518084651,7.525337889662581,971.1243862724018,966.9917794444373,9.225688888902924,324.6563999999632,-11.127952136372512,-3.716057713463452,-464.3963430619167,620.6960432616706
488615.0,-7.7772,2.731,10.3709,0.1186,-0.0009,9.8059,-0.119,0.1927,-0.1654,3.23,-82.12,-8.41,53.04986,-1.802676,12.22,3.925648,21.82,22 / 23,5.669611087615518,11.376132637270214,-0.41653453100272586,1436.0937627364758,347.4266125947867,180.11639070915086,False,178.301,-5.04483828690774,7.339603648275204,970.6299197371222,967.725443570244,8.90620000000782,325.4978099999715,-10.714449374523259,-4.03652898899501,-465.4638429993536,620.2988309754573
488715.0,-1.1803,1.3643,8.6501,-0.0615,-0.0216,9.8064,-0.0247,-0.7272,0.3891,11.57,-82.2,-2.31,53.04986,-1.802676,12.22,3.925648,21.82,22 / 23,5.234155261267178,11.648835306452451,-0.44614953100271565,1436.6389510539198,348.57786099197244,180.0732565060506,False,178.40099999999995,-4.770045721599577,7.203182595217477,970.1621287220509,968.4373134908949,8.639438888889723,326.4870499999732,-10.004200982866756,-4.445652711234974,-466.4768223318689,619.8594524989225
488815.0,-7.0973,2.7119,8.1222,0.1193,0.002,9.8059,-0.0498,0.4342,-0.2912,7.06,-82.57,-2.89,53.04986,-1.802676,12.22,3.925648,21.82,22 / 23,4.844923448674735,11.94188563140817,-0.5881995310027479,1437.142904989417,349.75739703886575,180.02153905295032,False,178.50099999999998,-4.512207906918863,7.299822666232884,969.714394489124,969.1709776166933,8.581811111111282,328.2788399999996,-9.357131355593598,-4.642062965175286,-467.4285105002931,619.4135805778276
488914.0,1.3214,1.1072,10.0628,-0.0353,0.0039,9.8065,0.047,-0.3156,0.2378,11.5,-82.73,-0.06,53.04986,-1.802676,12.22,3.925648,21.82,22 / 23,4.578277618171599,12.194787542183057,-0.6589003810027405,1437.609353442226,350.95216236095837,179.95980760730606,False,178.59999999999997,-4.344302568044366,7.161443467846802,969.2907952507102,969.8755086714368,8.376111111123276,328.7579999999717,-8.922580186215965,-5.033344074336255,-468.31855819151576,618.9233463104785
489014.0,3.6802,-0.0351,11.6942,0.0535,-0.0211,9.8064,-0.0919,0.5477,-0.3207,12.16,-82.75,-2.31,53.04986,-1.802676,12.22,3.925648,21.82,22 / 23,4.8255728320373565,12.23200383622605,-0.5517153810027161,1438.0795459647366,352.1735019298791,179.89927681920577,False,178.7,-4.1929746832588926,7.147895601568523,968.8696028261357,970.58715620224,8.286944444448347,329.60399999996304,-9.018547515296248,-5.084108234657528,-469.2099431386008,618.4136542723609
489114.0,3.5278,2.2648,10.5995,-0.0508,-0.0044,9.8065,-0.0223,0.0615,0.0552,8.44,-82.96,-5.01,53.04986,-1.802676,12.22,3.925648,21.82,22 / 23,5.187217546961825,12.314022808959272,-0.4176953810027617,1438.5801854836864,353.4008032621379,179.85080628110552,False,178.79999999999995,-3.9528395446439206,7.217317498905307,968.4818383717386,971.3099232254679,8.228888888890605,331.29099999995015,-9.140057091605746,-5.096705310053966,-470.09834711194776,617.9091199633299
489214.0,-2.6301,2.4502,8.9706,0.0189,0.0232,9.8065,-0.0938,0.451,-0.3323,6.36,-83.22,-6.5,53.04986,-1.802676,12.22,3.925648,21.82,22 / 23,5.2503934179129965,12.57235393769097,-0.41985538100276215,1439.1020660319302,354.6451220994707,179.80892874300523,False,178.89999999999998,-3.639700602826831,7.0657035485537385,968.1208162935162,972.0104512638461,7.948055555559707,332.7459999999785,-8.890094020739827,-5.506650389137231,-470.981249738414,617.3653291643755
489314.0,0.0124,1.9829,8.9533,-0.0438,-0.019,9.8065,-0.0546,0.097,0.0524,8.29,-83.05,-5.09,53.04986,-1.802676,12.22,3.925648,21.82,22 / 23,5.13733031092482,12.842567135962302,-0.5043253810027813,1439.6214522183723,355.91586815315367,179.76271970490492,False,179.0,-3.499543926470728,7.016852268894648,967.7731654033817,972.710979300809,7.841111111111111,333.49300000000005,-8.636874237395547,-5.825714867067654,-471.8482868149906,616.7951111476552
489414.0,1.1046,1.4091,9.8357,-0.0287,-0.0167,9.8065,-0.1062,0.1414,0.0098,11.33,-82.82,-4.76,53.04986,-1.802676,12.22,3.925648,21.82,22 / 23,5.21095442682642,13.035117293860372,-0.5455403810027672,1440.1388664552596,357.2097523746444,179.71022641680466,False,179.09999999999997,-3.047057903960623,7.002739362393474,967.478999265591,973.4115073391351,7.636944444456398,336.4849999998248,-8.258012330787043,-6.032377931466898,-472.6598671896686,616.2017549644908
489514.0,-2.6649,0.6991,10.5162,-0.027,-0.0027,9.8066,-0.0001,0.2675,-0.266,8.59,-82.84,-4.31,53.04986,-1.802676,12.22,3.925648,21.82,21 / 23,5.1432350604567265,13.18413911680296,-0.5086103810027589,1440.6565759296238,358.52071519517784,179.65751887870437,False,179.2,-2.8718018286533313,7.016124281680845,967.1915187218356,974.1120353775126,7.581111111113555,337.7399999999451,-8.015036889110057,-6.168014835122115,-473.4650572077883,615.5913201823348
489614.0,1.1235,1.3985,9.6319,-0.0369,0.023,9.8065,-0.0142,0.0083,-0.0644,11.43,-82.88,-2.87,53.04986,-1.802676,12.22,3.925648,21.82,21 / 23,4.3149997971726375,11.33249124972365,-0.4095898238523528,1441.129487672505,359.74654671350373,179.61160886846162,False,179.29999999999995,-2.5299178474469253,6.83485694555183,966.9441517423136,974.7903244296249,7.288055555564218,339.68799999994246,-6.844917644619563,-4.497634304171821,-474.1853359301915,615.0437777161212
489714.0,2.1494,1.192,10.8795,0.026,0.0229,9.8065,0.0367,0.0535,-0.0221,11.53,-82.8,-2.83,53.04986,-1.802676,12.22,3.925648,21.82,21 / 23,4.4929111680778275,11.463380192856974,-0.3646848238523426,1441.5698832207677,360.886340285633,179.57289513607637,False,179.39999999999998,-2.332888743698589,6.9476789257415925,966.7168415449104,975.4908524680017,7.328888888888286,341.43899999997416,-6.825799911776416,-4.515701267115381,-474.8530416758573,614.6045121823686
489814.0,0.239,-0.0916,10.6615,-0.0635,0.032,9.8063,0.0852,-0.0375,-0.0219,13.81,-83.22,1.83,53.04986,-1.802676,12.22,3.925648,21.82,21 / 23,4.613178511613299,11.529718634490905,-0.2682998238523206,1442.0251877047524,362.0359952270007,179.54124590369113,False,179.5,-2.157579316127665,6.884843970244937,966.5029025355946,976.1802610118317,7.215,342.6,-6.7707578277409635,-4.644874664245968,-475.52228516915784,614.1442657848311
489915.0,-2.8203,1.0164,10.158,-0.0359,0.0173,9.8065,0.0048,0.2875,-0.2867,18.82,-83.73,5.33,53.04986,-1.802676,12.22,3.925648,21.82,21 / 23,4.500386950934066,11.654340499867331,-0.2073867238523211,1442.485422760611,363.2067902132858,179.51722373303204,False,179.601,-1.8921744706866472,6.869316166251847,966.3142350717495,976.8765636431858,7.125230555554216,344.5995399998459,-6.392561421620714,-4.785024333615484,-476.17118768886155,613.6697734299
490014.0,-2.8048,2.7875,9.0672,-0.016,0.0132,9.8065,0.0641,-0.1249,0.0219,20.41,-83.87,7.33,53.04986,-1.802676,12.22,3.925648,21.82,21 / 23,4.299539943678407,11.961720063496168,-0.22659767385231905,1442.9210191418942,364.3757852111722,179.49574150534565,False,179.7,-1.58035605966387,6.97116725878623,966.168622833559,977.5590781029777,7.148055555554547,347.2269999998838,-5.879896003342276,-4.990552804709938,-476.7523963083353,613.1832928918054
490114.0,-1.9364,1.0942,8.9116,0.0363,-0.0102,9.8065,-0.0435,-0.0464,0.1738,20.83,-83.84,7.64,53.04986,-1.802676,12.22,3.925648,21.82,21 / 23,4.143364096139644,12.264223138589733,-0.3083226738522911,1443.343164343885,365.58708237127604,179.46899548796043,False,179.79999999999995,-1.4603502763153149,6.898227668882816,966.021539764653,978.2484866475145,7.051111111113976,348.0469999999758,-5.6037143724549585,-5.365995469706917,-477.3216245792321,612.6614042762385
490214.0,-1.3517,0.6668,7.7702,0.0452,-0.0437,9.8064,-0.1402,-0.1171,0.226,16.47,-83.58,1.41,53.04986,-1.802676,12.22,3.925648,21.82,21 / 23,4.013377558723873,12.438199385800674,-0.4548976738523244,1443.7510014266284,366.8222034974958,179.43083447057518,False,179.89999999999998,-1.2732767232463418,6.967671231417151,965.9011990719205,978.9490146858917,7.083055555555083,349.6439999999764,-5.286654281970215,-5.470528154383523,-477.8498023547079,612.1268111883959
490314.0,-0.1559,-0.1491,9.5829,0.0715,-0.0485,9.8062,-0.0553,0.0464,0.1235,12.93,-82.99,-1.69,53.04986,-1.802676,12.22,3.925648,21.82,21 / 23,3.942601606504622,12.520764167334164,-0.56790767385235,1444.14880038489,368.07015167515283,179.37969420318993,False,180.0,-1.0413307506682163,7.129351672327068,965.7942295672493,979.6606622166947,7.204999999999999,351.69,-4.983932357172838,-5.3914124950070965,-478.3545708176406,611.5905105415419
490414.0,0.9332,0.557,10.6548,0.0139,-0.0207,9.8065,0.1273,-0.1747,0.1851,7.44,-82.41,-7.88,53.04986,-1.802676,12.22,3.925648,21.82,21 / 23,3.974174786918784,12.573146071030575,-0.5366876738523605,1444.544639204561,369.32484718707065,179.3244644358047,False,180.09999999999997,-0.840561444619089,7.204184294543818,965.7206880328148,980.3834292398706,7.253055555552741,353.3449999999031,-4.814736231537873,-5.368961776486756,-478.8239511717462,611.0585820527999
490514.0,-1.9064,-0.6466,10.414,0.0539,0.0292,9.8064,0.0422,0.1177,0.0307,1.58,-82.63,-12.21,53.04986,-1.802676,12.22,3.925648,21.82,20 / 21,3.9152920462064715,12.600283148402223,-0.4639126738523439,1444.9391125462173,370.58351864804257,179.27443441841947,False,180.2,-0.6864423264993949,7.2174300781088965,965.6538320923785,981.1061962630994,7.250000000000134,354.56699999994646,-4.601734372705867,-5.382853070293327,-479.2852804538388,610.5226776150569
490614.0,-2.9448,0.439,10.7304,0.0101,-0.0019,9.8066,-0.0301,0.0175,0.0633,357.67,-82.74,-13.03,53.04986,-1.802676,12.22,3.925648,21.82,20 / 21,3.6555576685246947,12.620617745792467,-0.38735767385237,1445.3176550319538,371.8445636927519,179.23187090103426,False,180.29999999999995,-0.5270692724130197,7.302949296659325,965.6070329341122,981.840082778753,7.321944444442319,355.8719999999614,-4.182626940937714,-5.3176684491331425,-479.71062209784156,609.9955190860011
490714.0,-1.1798,0.6358,10.2196,0.03,-0.0434,9.8064,-0.1264,0.006,0.1772,356.57,-82.82,-13.37,53.04986,-1.802676,12.22,3.925648,21.82,20 / 21,3.429728467515865,12.6981513143744,-0.3205226738523548,1445.671919338756,373.1105021457605,179.196476883649,False,180.39999999999998,-0.2658699494991713,7.345189798088691,965.5802905579372,982.5739692944076,7.349999999999585,357.92699999996967,-3.695598417015036,-5.352961516285709,-480.0916287808187,609.463467148647
490814.0,-3.4797,1.7621,8.7203,0.0089,-0.0342,9.8066,-0.174,0.2771,-0.0346,354.97,-82.28,-14.47,53.04986,-1.802676,12.22,3.925648,21.82,20 / 21,3.1700892525844613,12.831837989309054,-0.3541926738523624,1446.001910224761,374.387001610945,179.16274111626376,False,180.5,-0.04518508128038726,7.396806434038085,965.5802905579369,983.3078558107693,7.396944444444444,359.65,-3.2152743338648486,-5.435031555270969,-480.4216196668242,608.9208541998244
490914.0,-3.9703,-0.1512,9.5704,-0.0268,-0.014,9.8066,0.0789,0.1021,0.0588,356.46,-81.88,-15.95,53.04986,-1.802676,12.22,3.925648,21.82,20 / 21,2.773535031447761,12.917501284810735,-0.42032267385233985,1446.2990914389627,375.6744685746505,179.12401534887854,False,180.59999999999997,0.1130579091473958,7.428028542796989,965.5936617460231,984.0528618195021,7.428888888887018,0.872000021005988,-2.660477122300365,-5.489472742013746,-480.70542969293956,608.3783932448516
491014.0,-1.9474,0.2285,10.1304,0.0129,0.0149,9.8066,0.1268,0.1157,0.0661,353.29,-81.7,-15.61,53.04986,-1.802676,12.22,3.925648,21.82,20 / 21,2.459506858899141,12.930348156091338,-0.41594767385233883,1446.56074353348,376.9668610466959,179.0822018314933,False,180.7,0.39385701735868217,7.440694419204625,965.640460904313,984.7867483351572,7.451111111110139,3.0299999999055456,-2.0656498415404587,-5.489653736886712,-480.920282629167,607.8198872884614
491114.0,-3.125,0.2719,11.1031,0.0022,0.0429,9.8065,0.1212,0.1436,-0.0583,350.2,-82.01,-14.97,53.04986,-1.802676,12.22,3.925648,21.82,20 / 21,2.1851066853733245,12.948750875537497,-0.33493767385236645,1446.7929742106935,378.2608159982769,179.0446575641081,False,180.79999999999995,0.6165442043668604,7.481583263989697,965.7073168447216,985.5317543439438,7.5069444444427935,4.710999999950312,-1.568562481006464,-5.4671676115478,-481.0856573659719,607.270938345667
491214.0,-3.5106,0.8508,9.2443,-0.0061,0.0336,9.8065,0.1039,0.1993,-0.0019,351.09,-82.2,-14.37,53.04986,-1.802676,12.22,3.925648,21.82,20 / 21,1.8281334844790056,12.981643182864955,-0.298232673852358,1446.993636219186,379.5573357011973,179.01299904672285,False,180.89999999999998,0.7869877320989056,7.583161088861461,965.7942295672481,986.2989993368747,7.62388888888716,5.924999999982058,-1.0411457523801,-5.398482094003494,-481.19940665193803,606.7416636356774
491314.0,-4.9377,-1.058,9.4412,-0.0161,0.0204,9.8066,0.0289,0.2915,-0.0885,353.54,-82.39,-12.59,53.04986,-1.802676,12.22,3.925648,21.82,20 / 21,1.3890020299703676,12.947976402752206,-0.34462267385236844,1447.1544929949087,380.8538166804785,178.98085627933762,False,181.0,1.034579275565454,7.6069127591722046,965.9011990719187,987.055124838088,7.676944444444445,7.745,-0.35442275440491366,-5.341063643580001,-481.25329392299,606.2013081576094
491414.0,-4.3226,0.1024,9.9596,-0.0106,-0.0141,9.8066,-0.0582,0.1518,-0.0606,352.24,-82.4,-10.99,53.04986,-1.802676,12.22,3.925648,21.82,20 / 21,0.9153463376508787,12.875561955105587,-0.3552476738523648,1447.2697104132897,382.14499359837095,178.94586276195238,False,181.09999999999997,1.1911846749152346,7.585091705737126,966.0215397646416,987.8112503406604,7.67805555555549,8.924999999930913,0.2758383372643559,-5.290470249368461,-481.24817064864806,605.6662567422895
491514.0,-2.9973,-2.1031,10.0704,0.0121,-0.0038,9.8066,-0.0438,0.19,0.2043,350.93,-82.3,-9.34,53.04986,-1.802676,12.22,3.925648,21.82,22 / 23,0.5489173664708917,12.755572219102175,-0.33441267385236,1447.3429235984959,383.42655030708164,178.91137974456714,False,181.2,1.3437346031688608,7.598206893421125,966.1619372394895,988.5673758411662,7.716111111109445,10.02899999995168,0.7948172366979691,-5.1573653256810505,-481.1809863590064,605.1408255340846
491614.0,-3.8335,0.1382,10.5512,0.0035,0.0023,9.8066,-0.0349,0.1547,0.0296,355.28,-82.49,-8.93,53.04986,-1.802676,12.22,3.925648,21.82,22 / 23,0.20659447616795423,12.651309343616965,-0.2839976738523772,1447.3806991906279,384.69689438521715,178.88045922718192,False,181.29999999999995,1.5277904985900381,7.603017900307695,966.3157059024252,989.3235013423788,7.7549999999988515,11.361999999960599,1.3211960224220838,-5.04829144330927,-481.0649932882027,604.6266069571616
491714.0,-2.0692,-0.5323,11.219,0.0205,0.0063,9.8065,0.0278,0.112,0.1598,350.31,-83.09,-10.09,53.04986,-1.802676,12.22,3.925648,21.82,22 / 23,-0.10198719152432101,12.630750129788257,-0.17615267385235264,1447.38592955486,385.9609973588877,178.85745170979666,False,181.39999999999998,1.6556725874595979,7.711202302679979,966.482845753475,990.1018658284427,7.886944444442494,12.117999999988827,1.757659778983919,-4.919547827108278,-480.90308380138504,604.140868469555
491814.0,-3.7415,2.0444,11.0442,0.0155,0.0683,9.8063,0.0095,0.1469,0.1192,350.48,-83.8,-10.15,53.04986,-1.802676,12.22,3.925648,21.82,22 / 23,-0.42172171060082997,12.688133447258615,-0.0436576738523225,1447.3597441097538,387.22694153774034,178.84646119241143,False,181.5,1.7819564072312999,7.739451719687208,966.6633567925857,990.8802303152145,7.941944444444444,12.966,2.20367811783213,-4.948681727571406,-480.69638731716816,603.6532887774741
491914.0,-4.7311,0.2801,10.4246,-0.0072,0.0331,9.8065,0.1743,0.133,-0.0584,354.27,-84.27,-7.31,53.04986,-1.802676,12.22,3.925648,21.82,22 / 23,-0.8796235354201669,12.780166888600764,0.04911732614764591,1447.2946768474528,388.50035655453286,178.8467341750262,False,181.59999999999997,1.9490555136614698,7.758942106022571,966.8639246137991,991.647475308797,7.999999999996601,14.100999999933547,2.8286790490816367,-5.021224782578193,-480.4307522336537,603.147118754264
492014.0,-3.9398,0.2934,9.9549,-0.0077,0.0427,9.8065,0.0352,-0.0342,0.1031,356.58,-84.74,-2.78,53.04986,-1.802676,12.22,3.925648,21.82,22 / 23,-1.3319185982534791,12.806237001280007,0.0874273261476547,1447.1840997407692,389.7796767490272,178.85356140764097,False,181.7,2.028358751265953,7.783090867122479,967.0644924350274,992.4258397955681,8.04305555555367,14.606999999977852,3.360277349519432,-5.023146134157527,-480.11960730574174,602.6461630465409
492114.0,-0.6419,0.444,9.6926,0.0203,0.0049,9.8066,0.0379,0.0982,-0.0044,1.95,-84.8,4.45,53.04986,-1.802676,12.22,3.925648,21.82,22 / 23,-1.5765081398344627,12.866371080825779,0.08913732614765421,1447.0386784038649,391.06330715313203,178.86238964025574,False,181.79999999999995,2.2995467569489727,7.77310247316039,967.2984882264589,993.2042042823394,8.106111111109247,16.47999999994464,3.8760548967834354,-5.093268607665389,-479.740190177406,602.1408971292074
492214.0,-1.3855,-2.1757,8.2782,-0.01,0.0012,9.8065,-0.0497,-0.2075,0.2423,7.32,-84.66,8.65,53.04986,-1.802676,12.22,3.925648,21.82,22 / 23,-1.702906590499055,12.825866004155982,0.007012326147635625,1446.8747076673483,392.3479190073814,178.86719712287052,False,181.89999999999998,2.4753148836022776,7.761798761103703,967.5458552059787,993.9714492759786,8.146944444443841,17.687999999982146,4.178221474101333,-5.064067243052278,-479.3288524613696,601.6235302685972
492314.0,-0.399,1.8396,9.6877,0.0888,0.0119,9.8062,0.1233,-0.2591,0.2107,1.5,-84.32,9.33,53.04986,-1.802676,12.22,3.925648,21.82,22 / 23,-1.8156554938258835,12.85449623982835,-0.07535767385238307,1446.698779563132,393.6319371195809,178.8637798554853,False,182.0,2.5259601294983676,7.845328141607158,967.7999077795556,994.7609332544683,8.241944444444444,17.847,4.341615623324251,-5.009168098221192,-478.8988717835763,601.1289961348874
492414.0,-7.8017,-1.0055,6.8921,0.0424,0.0106,9.8065,0.0885,-0.4302,0.2715,2.73,-83.86,10.28,53.04986,-1.802676,12.22,3.925648,21.82,22 / 23,-2.2392884660687566,12.950068358765023,-0.2270326738523313,1446.4960323651371,394.9221653495102,178.84866033810005,False,182.09999999999997,2.6645485535513487,7.843659613291648,968.0673315411738,995.5392977418903,8.283888888886434,18.76299999994637,4.903837019620106,-5.106408745473375,-478.42870082396337,600.6171323923802
492514.0,-6.0572,-0.8421,7.8444,0.1658,-0.0057,9.8052,-0.1276,-0.0841,0.4759,9.71,-83.53,12.97,53.04986,-1.802676,12.22,3.925648,21.82,22 / 23,-2.9484651232925323,12.963602084205935,-0.4708726738523867,1446.236644685669,396.21784887165904,178.8137650707148,False,182.2,2.8009474760412543,7.889495992600366,968.3481264908979,996.3287817203799,8.37194444444059,19.545999999965726,5.749412599333787,-5.074106091605569,-477.8885181947711,600.1109328487208
492614.0,-5.2612,-3.1805,7.9202,0.0616,-0.0459,9.8063,-0.3152,-0.2447,0.3784,1.53,-82.99,6.16,53.04986,-1.802676,12.22,3.925648,21.82,22 / 23,-3.53318101425627,12.856682551736698,-0.6633076738523209,1445.9125623787918,397.5088631034557,178.7570560533296,False,182.29999999999995,2.786321960821595,7.933840323343035,968.6222358465927,997.1182656995769,8.408888888887796,19.35100000000576,6.319502975077865,-4.922842228393663,-477.29032653219906,599.6094025961212
492714.0,0.5906,-2.4129,9.1093,0.0457,-0.0436,9.8064,0.1195,-0.2957,0.2297,358.96,-82.63,4.41,53.04986,-1.802676,12.22,3.925648,21.82,22 / 23,-3.783862263228096,12.61890474071704,-0.7924976738523503,1445.5467102149175,398.7826424680787,178.68426578594435,False,182.39999999999998,2.936343089200047,7.953321021156881,968.9164019843776,997.9077496794815,8.478055555554533,20.263999999986506,6.720205352428143,-4.665583719560159,-476.63030823054,599.1251072114028
492814.0,-5.1805,-4.2483,9.9057,0.0466,0.0486,9.8064,0.029,0.1898,-0.1338,353.16,-82.38,2.21,53.04986,-1.802676,12.22,3.925648,21.82,22 / 23,-4.001655909251916,12.290085691067034,-0.8224126738523571,1445.1574343062935,400.02809198966816,178.6035202685591,False,182.5,3.007266094274813,7.991806685288078,969.2105681222164,998.6972336572644,8.538888888888888,20.621,7.008922003526729,-4.298279005778956,-475.94686618407707,598.6691416675963
492914.0,3.2481,0.7653,10.2951,-0.0701,-0.0336,9.8063,0.0307,-0.4757,0.231,358.54,-81.86,6.35,53.04986,-1.802676,12.22,3.925648,21.82,22 / 23,-4.089911219093392,12.123687364350385,-0.793037673852367,1444.7528559498762,401.2487806424386,178.52274775117388,False,182.59999999999997,3.0219462445129794,8.128373843682978,969.5114198540367,999.5089566226683,8.671944444436653,20.39400000001329,7.111857463606372,-3.9953135206674073,-475.2414360958395,598.2601759802296
493014.0,1.4028,0.5241,10.449,0.0924,0.0271,9.8062,-0.1527,0.9077,-0.5091,354.26,-81.93,5.56,53.04986,-1.802676,12.22,3.925648,21.82,22 / 23,-3.8788055150375014,12.232312231684512,-0.7364976738523541,1444.3544201131697,402.4665806222406,178.44627098378862,False,182.7,3.087124863544656,8.12435058466513,969.8189571799091,1000.3206795881316,8.691111111110272,20.805999999981967,6.965930378582158,-4.107961647019382,-474.53546293326053,597.854098965891
493114.0,3.3468,0.3692,10.5642,-0.1404,-0.0838,9.8053,-0.0442,0.1768,0.0485,355.98,-81.89,6.88,53.04986,-1.802676,12.22,3.925648,21.82,22 / 23,-3.664189686415353,12.328313829341859,-0.6665026738523779,1443.977270353097,403.6946119252915,178.37612096640342,False,182.79999999999995,3.1831105408785416,8.25565832618231,970.1331800998382,1001.1435220446051,8.848055555550916,21.084999999991755,6.8473002272938945,-4.072655503159549,-473.84409025325886,597.4489101193136
493214.0,3.2675,-1.772,10.6116,-0.0231,0.0032,9.8066,-0.2468,1.2733,-0.5597,0.83,-81.6,10.48,53.04986,-1.802676,12.22,3.925648,21.82,22 / 23,-3.35274660658851,12.301231321148494,-0.5883776738523602,1443.6264235384467,404.92608918281627,178.31337694901816,False,182.89999999999998,3.1738117574752835,8.32883414797739,970.4540886138245,1001.9774839935048,8.913055555554596,20.860000000003325,6.526558364063794,-3.972397173171103,-473.1723349246222,597.0513948106886
493315.0,-12.3826,-3.7679,8.5733,-0.1716,-0.0836,9.8047,-0.0653,1.0128,-0.4371,353.14,-81.68,7.16,53.04986,-1.802676,12.22,3.925648,21.82,22 / 23,-3.8044122964833393,11.979359963802281,-0.61001187385236,1443.2649870138416,406.15225904270625,178.2528582768591,False,183.00099999999998,3.1412366966126295,8.407184912774678,970.7647681689227,1002.8198967582462,8.97486111111103,20.487539999999875,6.945648993095968,-3.572175051027603,-472.5002188449189,596.66763771554
493415.0,2.0022,-0.5088,9.9153,-0.1117,-0.0534,9.8058,-0.0607,0.6682,-0.1144,0.59,-81.41,10.29,53.04986,-1.802676,12.22,3.925648,21.82,22 / 23,-4.3139097606277375,11.725132025263608,-0.6662468738523727,1442.859070910986,407.33748364215984,178.18904533947384,False,183.101,3.197088480443638,8.48912659545286,971.0789910888038,1003.6649782009185,9.071199999999482,20.636870000018178,7.510998241071375,-3.2360054298107492,-471.7800798221822,596.3274945587586
493515.0,-13.2186,-6.2044,9.2673,-0.0871,-0.0514,9.8061,-0.0807,1.4866,-0.7665,358.52,-81.45,11.18,53.04986,-1.802676,12.22,3.925648,21.82,23 / 23,-4.882360888285881,11.405549017888056,-0.6877818738523652,1442.3992573785406,408.49401769431705,178.12134390208863,False,183.20099999999996,3.1540902662442143,8.515913617824822,971.3931471528193,1004.510170837882,9.081249999994517,20.323470000015483,8.036451154530095,-2.8896354000632343,-471.0061102257213,596.0161531435649
493615.0,-5.6302,-2.0429,8.7734,-0.1546,-0.0633,9.8052,0.0342,-0.542,0.4308,0.86,-81.5,10.49,53.04986,-1.802676,12.22,3.925648,21.82,23 / 23,-5.8335851262453655,11.01456239327332,-0.766411873852383,1441.863460077814,409.6150232648754,178.04863421470338,False,183.301,3.145426258945148,8.651942472979012,971.7008850465129,1005.36659416291,9.205969444441626,19.978759999986156,8.979011385190514,-2.362619920294307,-470.162575031301,595.7515708980346
493715.0,-9.5735,-3.2126,8.0301,0.0892,-0.0084,9.8061,-0.1946,0.4832,-0.1654,1.03,-81.31,10.62,53.04986,-1.802676,12.22,3.925648,21.82,23 / 23,-6.6128496292738985,10.799102147983254,-0.906901873852335,1441.241138340038,410.70570649193786,177.96496852731818,False,183.40099999999995,3.250756018679238,8.715910051782684,972.0284791545295,1006.2449228894033,9.302394444443774,20.453889999994214,9.863605647953136,-2.0831920962005697,-469.21265918550864,595.5392163974655
493815.0,-2.5932,-2.3152,9.4789,-0.0234,-0.0287,9.8065,0.0573,-0.6395,0.3205,354.45,-80.95,8.26,53.04986,-1.802676,12.22,3.925648,21.82,23 / 23,-7.228834595091388,10.552857991105109,-1.012116873852359,1440.5490541288198,411.7733044988925,177.86901758993292,False,183.50099999999998,3.3259162027502023,8.737133912245572,972.3562069744271,1007.1124657068499,9.348755555555407,20.840029999999913,10.55475079784159,-1.815724078859537,-468.19284715439267,595.3391612079574
493914.0,3.6384,-0.2826,8.7581,0.1317,0.0064,9.8057,-0.0925,-0.1167,0.351,356.66,-80.6,9.9,53.04986,-1.802676,12.22,3.925648,21.82,23 / 23,-7.182658478350617,10.455478926876705,-1.0802437238523517,1439.8356852216846,412.8132171763325,177.76544574034656,False,183.59999999999997,3.405543447783342,8.89865812888724,972.6937626175453,1007.9931295258043,9.528055555544952,20.94199999999397,10.588201926133959,-1.5568207979894648,-467.14192260413927,595.1799123494718
494015.0,2.0031,1.2511,8.8776,-0.0171,-0.0185,9.8065,-0.0151,-0.4399,0.3652,351.82,-80.44,8.16,53.04986,-1.802676,12.22,3.925648,21.82,23 / 23,-6.926121110603805,10.56165052878036,-1.1801125238523507,1439.1231918524425,413.87458221384315,177.65129774983748,False,183.70099999999996,3.4605952291812727,8.948110822845248,973.0380707106434,1008.8805762355842,9.593980555555154,21.143500000019742,10.386716339785078,-1.6135397059351124,-466.08512114179905,595.005994021741
494115.0,3.401,-1.0251,10.5465,0.132,0.0159,9.8057,-0.0147,-0.2976,0.2833,355.94,-80.46,9.4,53.04986,-1.802676,12.22,3.925648,21.82,23 / 23,-6.681513984606722,10.631081425142247,-1.1895725238523527,1438.4428100976818,414.93421881153955,177.53281349745222,False,183.801,3.3937528393158294,8.984679633537432,973.3723504126909,1009.7813663360912,9.604274999996454,20.692950000014687,10.07526682392255,-1.6464017916048146,-465.07045968499085,594.8471475245517
494215.0,-8.2379,-2.8571,9.6171,0.0586,0.0166,9.8064,0.0892,-0.7532,0.5754,352.63,-80.42,7.08,53.04986,-1.802676,12.22,3.925648,21.82,23 / 23,-6.91708468302262,10.429972276372792,-1.162057523852362,1437.7628801643004,415.98727149661494,177.41523199506702,False,183.90099999999995,3.358007801502079,9.127764584550166,973.7066969707043,1010.6931647347926,9.72586111110983,20.197989999992583,10.275092484524698,-1.3022076918226269,-464.0561831935961,594.7058932381776
494315.0,1.2074,-3.8218,10.2278,0.1486,0.0248,9.8054,-0.0196,-0.621,0.3588,359.16,-80.23,11.17,53.04986,-1.802676,12.22,3.925648,21.82,23 / 23,-7.261801036028776,10.078236860692037,-1.1504775238523592,1437.0539358783476,417.0126819534684,177.29960524268176,False,184.00099999999998,3.4663926834287295,9.179494528348453,974.0475954108413,1011.6050743277319,9.812188888888802,20.68776000000035,10.728193719457504,-0.8987423323435841,-463.00634046750633,594.5923923742635
494415.0,-5.5317,-5.3325,8.6331,0.1224,0.0168,9.8058,-0.0951,-0.1008,0.0719,347.56,-80.07,5.14,53.04986,-1.802676,12.22,3.925648,21.82,23 / 23,-7.430379381961183,9.600137964408342,-1.1880975238523677,1436.319326857448,417.99660069472367,177.1826764902965,False,184.101,3.4363653095735818,9.305686942206108,974.3820088247447,1012.528103414424,9.919899999994128,20.267970000000176,10.866744691534764,-0.2944510222022334,-461.9373180327033,594.5315027197003
494515.0,3.5532,-1.2175,11.3823,0.055,0.0263,9.8064,0.245,-0.7573,0.5467,347.46,-79.94,3.52,53.04986,-1.802676,12.22,3.925648,21.82,22 / 23,-7.478763478856524,9.289416072583515,-1.1679925238523743,1435.5738697144075,418.94107839657295,177.06487198791132,False,184.20099999999996,3.471485447796544,9.400788597420457,974.7296597149051,1013.4622519929145,10.021280555549941,20.267939999987107,10.950248926653067,0.11137252483694127,-460.84420999950237,594.5211735963416
494615.0,-4.4752,-3.1389,9.9294,0.1269,0.0605,9.8056,0.0141,0.3478,-0.2253,341.87,-79.75,2.11,53.04986,-1.802676,12.22,3.925648,21.82,22 / 23,-7.47974231483153,9.078677428936157,-1.0830725238523549,1434.8259444247228,419.85948307164915,176.95231873552606,False,184.301,3.564979977327615,9.502784871034331,975.0775111728601,1014.4075200645317,10.149486111106953,20.56356999998671,11.044722292159145,0.4241074420981743,-459.7484332518627,594.5480369928825
494715.0,3.4793,-3.1265,10.3378,-0.088,-0.0436,9.8061,-0.0437,-0.186,0.0518,346.15,-79.74,2.13,53.04986,-1.802676,12.22,3.925648,21.82,22 / 23,-7.461372571857691,8.778391861843886,-1.050377523852366,1434.0788886803887,420.75233653618784,176.84564623314085,False,184.40099999999995,3.6900962689003323,9.60688144930339,975.4450851332314,1015.3637964336431,10.291211111110963,21.012270000005543,11.151468840758023,0.8284895874595044,-458.6338035471573,594.6114598974552
494814.0,4.8658,-0.7581,10.4148,0.0182,-0.0009,9.8066,-0.0719,0.56,-0.3154,345.74,-79.74,4.82,53.04986,-1.802676,12.22,3.925648,21.82,22 / 23,-7.037376745672396,8.721472700216257,-0.9939821738523396,1433.3612005891705,421.6185798320102,176.74445042810441,False,184.5,3.6315954723506905,9.639730517429353,975.7958782525808,1016.3105100383707,10.301111111111112,20.643,10.668972218023086,0.918257817213096,-457.5653223365897,594.6919302063604
494914.0,4.4579,-2.1889,10.2091,-0.1147,-0.0576,9.8058,-0.0438,0.1433,-0.2801,349.74,-79.86,5.22,53.04986,-1.802676,12.22,3.925648,21.82,22 / 23,-6.5756544863961235,8.706814206683665,-0.9434521738523568,1432.6805490275674,422.4899941773549,176.64757871071922,False,184.59999999999997,3.690377597705488,9.758573738590128,976.1569003307493,1017.2779059005517,10.43305555554783,20.714999999995783,10.266032084101612,1.0517595319064625,-456.5236486968181,594.7879117231968
495014.0,5.4634,-1.6289,9.8348,-0.0564,-0.0264,9.8064,-0.1129,0.5537,-0.3344,353.59,-79.65,7.91,53.04986,-1.802676,12.22,3.925648,21.82,22 / 23,-6.076393166063702,8.61997907163552,-0.9219221738523519,1432.0479466449442,423.35633384127107,176.55430999333396,False,184.7,3.682981493436316,9.82339349026757,976.5179224089709,1018.2564212552285,10.491111111108571,20.552000000007133,9.759374659500018,1.2034144186320503,-455.5300242359733,594.9000874139574
495114.0,-3.3159,-3.3359,10.2264,-0.1165,-0.0464,9.8058,-0.0644,0.5174,-0.5002,356.62,-79.43,9.99,53.04986,-1.802676,12.22,3.925648,21.82,22 / 23,-5.9697009261435685,8.426015348670266,-0.8995271738523595,1431.445641940334,424.2086335622861,176.46323752594876,False,184.79999999999995,3.649238488123834,9.958546648881953,976.8789444871923,1019.2460561023307,10.606111111107712,20.125000000012623,9.618939414267402,1.5325313002116872,-454.56669745314184,595.0374225400446
495214.0,5.36,-0.0628,10.4364,-0.1199,-0.0548,9.8057,0.0662,0.0396,-0.2177,356.74,-79.31,9.55,53.04986,-1.802676,12.22,3.925648,21.82,22 / 23,-5.874917676476072,8.29509476108006,-0.8470521738523474,1430.853411010203,425.0446890677738,176.3759085585635,False,184.89999999999998,3.6904651417515475,10.096680991170862,977.2399665654139,1020.2579299335772,10.749999999997874,20.078000000000696,9.56538281822762,1.8015862300908019,-453.61344444478914,595.2132408658034
495314.0,-3.0603,-1.3567,9.3486,-0.0647,0.0006,9.8064,-0.0342,0.3934,-0.3903,359.53,-79.36,8.77,53.04986,-1.802676,12.22,3.925648,21.82,22 / 23,-5.776060312287027,8.27178437438332,-0.8384671738523454,1430.2708621107647,425.87303302454717,176.29163259117826,False,185.0,3.7212381358637785,10.204617770910904,977.6076742376656,1021.2698037669464,10.861944444444445,20.035,9.497298448150804,1.9328333965275846,-452.6631878730991,595.3967707423992
495414.0,2.1355,0.8433,9.7065,-0.0846,-0.0235,9.8062,0.0444,-0.3841,0.0805,1.81,-79.3,11.07,53.04986,-1.802676,12.22,3.925648,21.82,22 / 23,-5.8353903900088815,8.27583729939857,-0.8663771738523358,1429.69028957565,426.700414108236,176.20639037379306,False,185.09999999999997,3.7766993455897233,10.290809883385283,977.9820675039468,1022.2927970919588,10.96194444443859,20.15299999999309,9.612089735598605,2.0149725839867134,-451.7082220717032,595.5923829837229
495515.0,-0.6765,-0.9356,10.3426,0.018,-0.0113,9.8065,-0.0963,0.0922,-0.2183,0.16,-79.48,9.58,53.04986,-1.802676,12.22,3.925648,21.82,21 / 23,-5.775441219352921,8.302642971062712,-0.844369273852336,1429.1039425793772,427.53762736189424,176.11999767818398,False,185.20099999999996,3.8165990721286525,10.468996264221138,978.3602715588586,1023.348481725717,11.142994444439838,20.029919999991577,9.592040291481574,2.1663532931584264,-450.7436710205186,595.8108543638227
495614.0,3.0726,-2.2527,10.3275,-0.0215,0.0007,9.8065,0.0219,-0.5426,0.1269,2.36,-79.56,8.74,53.04986,-1.802676,12.22,3.925648,21.82,21 / 23,-5.676114116081655,8.172923997557676,-0.7920576738523415,1428.5370905902732,428.35316792684085,176.0389945442726,False,185.29999999999995,3.8872338767217527,10.553822630877242,978.7375396305941,1024.3832617139567,11.24694444444134,20.219999999994325,9.563347992803408,2.380898633319566,-449.7995509596791,596.0300937871159
495714.0,4.714,2.2825,10.8836,0.0601,0.036,9.8064,0.1391,-0.5245,0.1305,0.88,-79.89,5.38,53.04986,-1.802676,12.22,3.925648,21.82,21 / 23,-5.304187496853527,8.19916607380495,-0.7121676738523233,1427.9880755096262,429.1717724304092,175.96378327688737,False,185.39999999999998,3.9114272818206413,10.636676400281669,979.1253040849899,1025.4396135156135,11.333055555554283,20.190000000000445,9.21561477867417,2.437510326476719,-448.8627714246363,596.2678410852043
495814.0,0.8223,0.8313,10.47,0.1134,0.0531,9.8058,0.2407,-0.7262,0.3577,0.88,-80.2,3.0,53.04986,-1.802676,12.22,3.925648,21.82,21 / 23,-5.039821063280763,8.38501697679311,-0.6251526738523034,1427.4708750816194,430.0009815829393,175.89691725950212,False,185.5,3.952792736271047,10.788675988465073,979.5130685393593,1026.5070848125254,11.489999999999998,20.122,8.99261379955181,2.4036590116719623,-447.9578065422601,596.5061032295861
495915.0,2.5268,0.3266,8.8658,0.1063,0.0258,9.806,-0.059,-0.2754,0.3119,358.94,-80.6,1.63,53.04986,-1.802676,12.22,3.925648,21.82,21 / 23,-4.8859180652168615,8.479717848232784,-0.6391664238523033,1426.9696252556303,430.8526506916031,175.83306914506804,False,185.601,4.015998777292613,10.737505734430332,979.9115968001212,1027.5854532107542,11.46395555554388,20.506589999996574,8.901916842509475,2.2577878861975478,-447.0580284555091,596.732802519151
496014.0,3.6101,-1.2272,10.3701,0.0112,0.0052,9.8066,0.0145,-0.4859,0.1555,358.4,-81.03,-3.64,53.04986,-1.802676,12.22,3.925648,21.82,21 / 23,-4.596797872332877,8.475957864837987,-0.6578477238523012,1426.5002308167216,431.6919566394,175.76886694475667,False,185.7,4.0968789190386135,10.919819046784015,980.3153398242694,1028.6642663889993,11.663055555546753,20.56499999999742,8.693676791371491,2.443861181946028,-446.1848909924522,596.9723097495993
496114.0,-1.8124,0.1755,9.7024,0.0552,-0.0095,9.8064,0.0313,-0.1226,-0.0231,352.18,-81.09,-8.07,53.04986,-1.802676,12.22,3.925648,21.82,21 / 23,-4.523685041045077,8.448801543172543,-0.6348877238523088,1426.0442066710527,432.53819460980026,175.70423017237147,False,185.79999999999995,4.176817690838887,11.041386641966499,980.7298466548126,1029.7762156556123,11.804999999995806,20.72099999999539,8.700502731883965,2.592585098793956,-445.31436001624013,597.238021045812
496214.0,-1.9324,-1.6642,8.829,0.0281,-0.004,9.8066,0.1304,-1.1688,0.2492,349.99,-80.61,-11.94,53.04986,-1.802676,12.22,3.925648,21.82,21 / 23,-4.715786815435207,8.377831235478697,-0.6889827238523211,1425.5822330782287,433.379526248733,175.63803664998622,False,185.89999999999998,4.209062414467122,11.061239469024695,981.1443534853564,1030.8770454290946,11.834999999999557,20.832999999998343,8.924849229902328,2.6834082335459986,-444.43787959287226,597.4975191803616
496314.0,9.1058,-1.4923,11.1353,0.1039,-0.0193,9.8061,-0.0422,-1.3038,0.5867,352.87,-79.97,-14.76,53.04986,-1.802676,12.22,3.925648,21.82,21 / 23,-4.355694644209541,8.29308881412903,-0.6714327238523169,1425.1286590052464,434.2130722512136,175.57001587760098,False,186.0,4.370085980166879,11.21563106047051,981.5856026920742,1032.0001141881346,12.036944444444444,21.288,8.72578062437642,2.9225422463414805,-443.5430563131722,597.787041936921
496414.0,-1.1011,1.821,10.4423,0.143,-0.0644,9.8054,0.0042,-0.6845,0.053,350.59,-79.52,-13.74,53.04986,-1.802676,12.22,3.925648,21.82,21 / 23,-3.983954552278017,8.388016964601963,-0.5732177238523504,1424.711676545422,435.04712754014986,175.50778335521576,False,186.09999999999997,4.432563896774949,11.324530928812043,982.0201663047036,1033.1231829470928,12.16111111110384,21.37599999999485,8.416518449052965,2.9365139642100804,-442.69151024071846,598.0760554069429
496514.0,1.6539,-0.6557,9.4934,-0.0725,0.0285,9.8063,-0.2118,-1.3809,0.6696,0.98,-79.5,-8.79,53.05083,-1.802388,8.38,3.925661,4.68,21 / 22,-3.9887661494415054,8.467489987527935,-0.5570977238523467,1424.313040510336,435.88990288775653,175.45126758283052,False,186.2,4.534324429986021,11.331457406864514,982.4747866995078,1034.2573711992654,12.20499999999808,21.808999999981047,8.523090579427526,2.8639674193365785,-441.83825381082806,598.3674683115089
496614.0,-4.8751,1.3461,9.7901,0.1443,-0.0577,9.8053,0.0946,0.5512,-0.7838,1.2,-79.47,-8.25,53.05083,-1.802388,8.38,3.925661,4.68,21 / 22,-4.163616720030849,8.540175124213194,-0.573587723852341,1423.9054213668624,436.7402861433433,175.3947333104453,False,186.29999999999995,4.597994400089887,11.470831905787291,982.9294070942865,1035.402678943156,12.35805555555103,21.842999999998998,8.761611120120737,2.930656781574097,-440.97601427257587,598.6623927998126
496714.0,-2.1142,-0.5531,6.2391,-0.0582,-0.1111,9.8058,0.3976,-1.1308,0.146,11.86,-79.45,-3.54,53.05083,-1.802388,8.38,3.925661,4.68,21 / 22,-4.52634210547463,8.642797893767002,-0.7527927238523817,1423.470923425587,437.59943479424254,175.32841428806006,False,186.39999999999998,4.655266551413478,11.565171728777523,983.3973986771787,1036.559106179473,12.466944444442834,21.925999999998773,9.181608656888107,2.9223738350105215,-440.0735247484083,598.9596713852304
496814.0,3.4876,-4.8547,12.3687,0.0437,-0.0359,9.8064,-0.1437,-0.5899,0.0874,13.02,-78.81,-5.21,53.05083,-1.802388,8.38,3.925661,4.68,21 / 22,-4.527874872253423,8.398375586207324,-0.8030677238523931,1423.0182125767005,438.45149346824144,175.2506212656748,False,186.5,4.676897275392711,11.70314663720164,983.8587046659878,1037.7266529103379,12.603055555555557,21.783,9.204772147646134,3.304771050994315,-439.1595079107127,599.2751594420964
496914.0,0.4444,3.2265,12.0926,-0.1035,0.0851,9.8057,0.1291,-1.0035,0.4373,19.59,-79.07,-3.75,53.05083,-1.802388,8.38,3.925661,4.68,21 / 22,-4.342747484509444,8.304199234775242,-0.5606677238524758,1422.5746814588626,439.2866222092903,175.18243449328958,False,186.59999999999997,4.682108563174192,11.791370519958482,984.3266962488461,1038.9053191328346,12.686944444439533,21.657000000007375,9.024856047683636,3.4871712851832406,-438.2479852100165,599.6186969235443
497014.0,11.4233,-10.9283,9.9273,0.0587,0.1656,9.805,-0.3318,-0.2332,0.5449,11.09,-79.93,-9.14,53.05083,-1.802388,8.38,3.925661,4.68,21 / 22,-3.8180522980367204,7.839596166127252,-0.44033772385244835,1422.1666414697352,440.09381197933556,175.13238422090433,False,186.7,4.662647840391737,11.938751191323133,984.7880022376821,1040.095104847843,12.816944444438755,21.33300000001418,8.480700138428457,4.0991550251958815,-437.37863923205305,600.0012928685074
497115.0,20.8724,-13.5638,13.4244,-0.212,0.2427,9.8013,-0.1569,-2.3113,1.9594,4.12,-79.79,-17.17,53.05083,-1.802388,8.38,3.925661,4.68,21 / 22,-2.366742388742513,6.464348875659228,-0.25154852385244997,1421.8543093380529,440.81616120394574,175.09744396539523,False,186.801,4.796155652149785,12.037971837217924,985.2674930423135,1041.3081303029826,12.958236111107356,21.723259999996337,7.162898040892298,5.573622961558696,-436.58681629573937,600.4919690990369
497215.0,3.4331,1.4922,12.4601,0.0341,-0.0494,9.8064,0.1487,-0.487,-0.2603,6.66,-80.45,-18.56,53.05083,-1.802388,8.38,3.925661,4.68,21 / 22,-1.2074454573687776,5.8026100581821165,0.06201147614744318,1421.6755999457473,441.4295091506376,175.08796711301,False,186.90099999999995,4.871000121903814,12.147058355994519,985.748989525121,1042.5202661977662,13.087311111109326,21.85087999999572,6.078445579272591,6.344448297812402,-435.9266104206263,601.0907570471286
497315.0,7.7974,3.2696,11.5821,0.0596,0.1287,9.8056,-0.3706,-0.9015,0.7562,18.76,-80.89,-15.4,53.05083,-1.802388,8.38,3.925661,4.68,21 / 22,-0.613954590443909,5.922749755544228,0.28345647614749364,1421.5845299433568,442.01577714132407,175.10524051062475,False,187.00099999999998,4.977253751820815,12.232930519541489,986.2438571960682,1043.7432991951412,13.206730555555506,22.140079999999664,5.591208342264723,6.310180763997261,-435.3406727472885,601.7275220538171
497415.0,-8.8227,6.399,10.066,0.3037,-0.1632,9.8005,0.3242,-0.3286,-0.2188,6.52,-81.29,-24.09,53.05083,-1.802388,8.38,3.925661,4.68,21 / 22,-0.6016086277101702,6.3566487524533315,0.3851964761475169,1421.523751782449,442.62974706672406,175.1386731582395,False,187.101,5.086664475610993,12.255534523820842,986.7518286312791,1044.9555462861758,13.26922499999321,22.54094000001777,5.688273103321164,5.89888577136751,-434.77192315116986,602.3257992194517
497515.0,-0.0019,-0.5767,10.4475,-0.3818,0.093,9.7987,0.4507,-2.7986,1.1637,1.53,-81.41,-28.97,53.05083,-1.802388,8.38,3.925661,4.68,22 / 23,-1.0173085819410708,6.73095592911578,0.4302064761475016,1421.4428059219663,443.2841273008023,175.17944330585425,False,187.20099999999996,5.065831820357165,12.389915225706298,987.2466963021993,1046.1899211672253,13.385538888886527,22.238049999999784,6.083140402298236,5.658959296590519,-434.19610961976696,602.905793866423
497614.0,14.6752,-12.7976,15.452,-0.0959,0.0685,9.8059,0.3327,-2.0179,0.4547,16.67,-81.81,-20.05,53.05083,-1.802388,8.38,3.925661,4.68,22 / 23,-0.5135425764140916,5.922703159995827,0.7413733761474688,1421.3670287896277,443.91048342571327,175.23743650854286,False,187.29999999999995,5.087097041358056,12.43885759463724,987.7497203978293,1047.4228505139913,13.438888888887297,22.24299999999985,5.600639617772147,6.516154434641413,-433.6173083917985,603.5123670882781
497714.0,-3.0597,-0.3554,9.6969,-0.1999,0.071,9.8043,0.2482,-1.2017,0.1709,14.72,-81.91,-20.73,53.05083,-1.802388,8.38,3.925661,4.68,22 / 23,-0.1521650565474938,5.157982765263511,1.0181533761475317,1421.3337434079797,444.46451772197634,175.32541284615763,False,187.39999999999998,5.111370961711497,12.590940716494543,988.2578255449569,1048.6793531849685,13.588888888886672,22.095000000002187,5.263536018258991,7.432957951231033,-433.0759178630228,604.2148354629921
497814.0,11.8777,-8.7545,11.5241,-0.2656,0.0946,9.8026,0.3229,-1.9258,0.6546,33.29,-82.3,-10.52,53.05083,-1.802388,8.38,3.925661,4.68,22 / 23,-0.04856484624309776,4.524791725840661,1.09853837614755,1421.3237069128402,444.94865644653163,175.4312474337724,False,187.5,5.18092532226977,12.619851862457518,988.7726162861412,1049.9469753483718,13.641944444444443,22.32,5.229490168512868,8.095060136616857,-432.55109062669897,604.9983189018401
497914.0,4.923,-5.5475,9.6308,0.0722,-0.0407,9.8062,0.0069,0.2785,-0.594,28.47,-82.84,-17.61,53.05083,-1.802388,8.38,3.925661,4.68,22 / 23,0.29615456361653425,3.5089441620707085,1.1756183761475238,1421.3360863987089,445.3503432409271,175.54495527138712,False,187.59999999999997,5.282690289079485,12.728401579390505,989.3007782153211,1051.2145975130966,13.781111111102962,22.539999999987117,4.986535725462951,9.219457417319797,-432.03530818338777,605.8642542721695
498014.0,6.9177,-7.8843,10.395,-0.0818,0.0971,9.8058,-0.0175,-0.589,0.072,37.54,-83.2,-12.16,53.05083,-1.802388,8.38,3.925661,4.68,22 / 23,0.4201245187968137,2.661353478485428,1.1962433761475286,1421.3719003528295,445.65885812295494,175.6635483590019,False,187.7,5.309558592263072,12.699756397480417,989.8289401445928,1052.4822196757925,13.765000000000706,22.688999999993477,4.8894340734662585,10.03840291899499,-431.54296020823665,606.8233615528376
498114.0,4.4221,-3.491,10.5879,0.1002,-0.0434,9.806,-0.2205,0.2527,-0.3943,41.16,-83.32,-10.89,53.05083,-1.802388,8.38,3.925661,4.68,22 / 23,0.5155887467409134,1.8972291605407938,1.2647233761475052,1421.4186860161064,445.88678725490615,175.7865966966166,False,187.79999999999995,5.421229600178292,12.788368528551555,990.3704732618976,1053.7720808247525,13.889999999996304,22.972999999991607,4.9056408534373785,10.89113936801076,-431.04821275420886,607.8852935698463
498214.0,-2.7212,1.1831,11.0433,0.0205,-0.0284,9.8065,0.0179,0.1028,-0.4629,42.56,-83.41,-12.63,53.05083,-1.802388,8.38,3.925661,4.68,22 / 23,0.5183633177393397,1.7915898906648595,1.3656183761475282,1421.4703836193305,446.0712282074665,175.9181137842314,False,187.89999999999998,5.382909557073158,12.896701504661387,990.9053207851998,1055.0619419737145,13.974999999998744,22.6550000000047,4.864546239333818,11.105111613996527,-430.5650628341307,608.9907137662481
498314.0,4.2363,-5.1823,10.979,0.0665,-0.0305,9.8063,0.2321,-0.3867,-0.0852,49.09,-83.83,-8.26,53.05083,-1.802388,8.38,3.925661,4.68,22 / 23,0.4148644731917191,1.6321963126604098,1.4860683761475557,1421.5170450088772,446.2424175176328,176.06069812184617,False,188.0,5.358739455800482,13.00836446340386,991.4401683084753,1056.362922615809,14.068888888888889,22.389,4.9438749826087625,11.37616815074345,-430.07687670040184,610.1205050981763
498415.0,0.1687,1.3673,8.7037,0.1104,-0.0517,9.8058,0.0043,0.0203,-0.2422,40.52,-84.67,-14.95,53.05083,-1.802388,8.38,3.925661,4.68,22 / 23,0.4218351724179307,1.3814108642568343,1.4895730761475556,1421.5592983409804,446.3946046800671,176.21096801518706,False,188.101,5.388688263382918,13.004646795005696,991.9804311629113,1057.6770242591465,14.07688888888437,22.507469999997273,4.966853090964988,11.623235930748862,-429.5788671780691,611.2824195790794
498515.0,2.3869,-1.3576,10.0167,0.0097,0.0378,9.8066,-0.0533,-0.3541,0.0235,46.75,-85.18,-16.21,53.05083,-1.802388,8.38,3.925661,4.68,23 / 24,0.5174793138928235,1.3297434866346125,1.444928076147571,1421.6062640652958,446.53016239761166,176.35769307280177,False,188.20099999999996,5.429795198358652,13.072145731344587,992.5220979921232,1058.989124392959,14.154988888884061,22.55657999998868,4.912315884465828,11.742402244709975,-429.0841660731726,612.4589619953473
498614.0,1.4426,-3.1878,11.1106,0.0103,-0.0283,9.8066,-0.0837,-0.3538,-0.0567,45.82,-85.06,-17.24,53.05083,-1.802388,8.38,3.925661,4.68,23 / 24,0.5000691035693136,1.070827808837569,1.5198710761475631,1421.6566327119601,446.6489906767375,176.50445063084035,False,188.29999999999995,5.530233140781717,13.148195604077186,993.0714532544622,1060.2881035254336,14.263888888885639,22.811999999992373,5.030164037212403,12.077367795239617,-428.58517945749793,613.6391128486961
498714.0,0.9757,-3.5594,10.5567,0.0467,-0.0579,9.8063,0.0361,-0.1658,-0.1164,45.58,-84.85,-19.25,53.05083,-1.802388,8.38,3.925661,4.68,23 / 24,0.35683093562332246,0.7834708209383685,1.6225710761475864,1421.6994777139198,446.74170560822637,176.66157273845513,False,188.39999999999998,5.604646713151792,13.282929734621392,993.6330431539118,1061.6224426469266,14.416944444442183,22.87699999999904,5.247815777528469,12.499458913683023,-428.066434560008,614.8807370387003
498815.0,2.6185,-1.3724,9.5473,0.0468,-0.0209,9.8065,0.0918,-0.0846,-0.061,42.94,-85.01,-27.33,53.05083,-1.802388,8.38,3.925661,4.68,23 / 24,0.32553765351094205,0.5171878286814275,1.6473514261475863,1421.7339373276711,446.8073888700322,176.82670382482104,False,188.50099999999998,5.615582797813664,13.250256825563717,994.2002489523558,1062.9590056650654,14.391111111111021,22.967679999999945,5.290045144302722,12.73306899688229,-427.53368837531536,616.1516167950333
498914.0,2.1955,-2.7757,9.618,0.0124,0.033,9.8066,0.0183,-0.544,0.1442,39.54,-85.4,-30.71,53.05083,-1.802388,8.38,3.925661,4.68,23 / 24,0.38138599290146663,0.2394644128364336,1.6251754261475888,1421.7689300481686,446.8448431559873,176.98869390400964,False,188.59999999999997,5.674188489946603,13.344879483800478,994.7562229527969,1064.280001393147,14.501111111104604,23.034999999996018,5.292802497045137,13.105415070964044,-427.01270709537175,617.4351582371596
499014.0,2.515,-2.8799,10.35,-0.0124,0.0063,9.8066,0.0412,-0.5167,0.1456,40.65,-85.61,-31.52,53.05083,-1.802388,8.38,3.925661,4.68,23 / 24,0.3895882689947503,-0.09258009163887143,1.6429104261475929,1421.8074787612634,446.8521873720472,177.15209819662442,False,188.7,5.635504263700533,13.340457510363454,995.3178128522467,1065.6143405125188,14.481944444445283,22.901000000005865,5.245915994705783,13.433037602002324,-426.4896659090167,618.7621531404716
499114.0,0.8158,1.5498,9.0356,-0.0343,0.0088,9.8065,0.0944,-0.3169,0.0207,40.78,-85.47,-31.82,53.05083,-1.802388,8.38,3.925661,4.68,23 / 24,0.4833771258929904,-0.21578861136089125,1.6315254261475969,1421.8511270310078,446.8367689368972,177.31581998923912,False,188.79999999999995,5.700357457481935,13.403176856882046,995.8927739397564,1066.9597991250225,14.564999999997545,23.039999999995892,5.216980331588945,13.618965468242937,-425.9583530912514,620.1230301881253
499214.0,2.4899,-3.3169,9.5041,-0.0074,0.0641,9.8064,0.0355,-0.5383,0.2138,44.41,-85.65,-32.44,53.05083,-1.802388,8.38,3.925661,4.68,23 / 24,0.5496062445789577,-0.3538088056079794,1.5778454261475847,1421.9027761995314,446.80828906604876,177.47628853185392,False,188.89999999999998,5.795464659695436,13.393811342535896,996.4677350273199,1068.294138245102,14.593888888888461,23.397999999994713,5.245858415116478,13.747620148143875,-425.4350411722115,621.4858491790533
499314.0,1.6095,3.476,9.4128,0.0,-0.0035,9.8066,-0.032,0.2744,-0.2042,39.04,-85.82,-33.75,53.05083,-1.802388,8.38,3.925661,4.68,23 / 24,0.7057630618836872,-0.4394060382036668,1.5430254261475769,1421.9655446648546,446.76862832385814,177.6323320744687,False,189.0,5.716806821718029,13.388618349994154,997.0360105208001,1069.6395968576066,14.558055555555555,23.122,5.011043759834342,13.82802438819782,-424.9295341440545,622.8709685337485
499414.0,1.5468,4.0014,8.7126,-0.021,0.0484,9.8065,-0.0106,-0.2949,0.0343,47.17,-85.88,-29.8,53.05083,-1.802388,8.38,3.925661,4.68,23 / 24,1.089185999336387,-0.2404510334013902,1.4686304261476024,1422.0552921179155,446.7346354702779,177.7829148670834,False,189.09999999999997,5.6296712691491235,13.43181525219907,997.5976004202089,1070.9850554700129,14.563888888888547,22.740000000022363,4.540485269812736,13.672266285600461,-424.45769169770665,624.250419999735
499514.0,-1.3403,3.3696,9.069,0.0432,-0.0391,9.8064,-0.0544,0.3601,-0.1748,42.03,-85.98,-30.74,53.05083,-1.802388,8.38,3.925661,4.68,23 / 23,1.3645937580470517,0.04393862387959588,1.3770454261475817,1422.1779811057847,446.72480984980183,177.9251986596982,False,189.2,5.502270226908206,13.613123917655921,998.1458191315724,1072.352753068075,14.68305555555034,22.00800000003204,4.137676468861154,13.569185293776325,-424.0321619742124,625.627943218273
499614.0,1.1287,1.0725,10.4715,-0.0251,0.0092,9.8065,0.0971,-0.07,-0.1315,39.35,-86.02,-35.34,53.05083,-1.802388,8.38,3.925661,4.68,23 / 23,1.5159245191782773,0.25555602238839836,1.3734054261475832,1422.322007019646,446.73978458211525,178.0627212023129,False,189.29999999999995,5.425435456342934,13.663356762167764,998.6873522489045,1073.7315701585628,14.701111111110578,21.657000000010374,3.909510937164657,13.407800739779365,-423.63465477074146,626.9917855764476
499714.0,3.3825,-5.8596,9.6684,0.0572,-0.1254,9.8056,0.1511,0.666,-0.4994,31.93,-85.97,-45.23,53.05083,-1.802388,8.38,3.925661,4.68,23 / 23,1.5895996444244365,-0.04020577211149984,1.3997354261475894,1422.477283227826,446.7505520946291,178.2013782449277,False,189.39999999999998,5.3649748460969775,13.678557177545889,999.2221997721801,1075.0881482634938,14.693055555555675,21.416000000003564,3.7753752016725413,13.718762949657389,-423.25508345564594,628.3375961688648
499815.0,2.3105,0.5108,9.0979,0.0549,-0.0118,9.8065,-0.0625,0.4789,-0.3025,31.49,-86.57,-44.78,53.05083,-1.802388,8.38,3.925661,4.68,23 / 23,1.6960200931468872,-0.38311093507093946,1.3569619261475898,1422.6432070245735,446.7291746009164,178.3405914612186,False,189.50099999999998,5.298300561053088,13.728688526259173,999.7488908707469,1076.469522836829,14.715600000000041,21.103050000000078,3.6022804679062004,14.111799461330113,-422.8943161538266,629.7403482359125
499915.0,2.1465,-2.5133,10.3954,0.0404,-0.0854,9.8061,-0.0399,0.4521,-0.3358,37.99,-86.83,-39.58,53.05083,-1.802388,8.38,3.925661,4.68,23 / 23,1.8219843737243298,-0.5499946044092706,1.3509619261475885,1422.8191072479171,446.68251932394236,178.47598765383339,False,189.601,5.256573254516632,13.689939736674855,1000.2702334940437,1077.83722043478,14.664450000003193,21.005450000020616,3.4345888807923024,14.239934341084126,-422.5488737538734,631.1547011108376
500014.0,0.166,4.6046,9.4172,0.0255,-0.0368,9.8065,-0.1621,0.3656,-0.1756,32.53,-86.68,-44.53,53.05083,-1.802388,8.38,3.925661,4.68,23 / 23,1.9657824555016472,-0.4893259434807927,1.3608272761475875,1423.0066017059637,446.6310729568218,178.61022121934698,False,189.7,5.153293364214821,13.670979025015344,1000.7732575896737,1079.1912410554617,14.610000000002406,20.65400000001554,3.1875109087131737,14.160304968496137,-422.23334411629,632.5601680986399
500115.0,1.6896,1.3922,10.0489,0.0368,-0.0677,9.8063,-0.0119,0.3048,-0.1762,37.84,-86.57,-40.02,53.05083,-1.802388,8.38,3.925661,4.68,23 / 23,2.215643270364745,-0.2574894907359919,1.3533936761475875,1423.21776370512,446.59335877739386,178.74728937743788,False,189.801,4.958794095985211,13.80274913877217,1001.2726714645703,1080.5839575124792,14.66648888888779,19.761420000022042,2.743150825620466,14.060238629508161,-421.9450922405497,633.9905987350853
500215.0,-0.8062,2.9838,8.8928,0.035,-0.0248,9.8065,-0.0799,0.3321,-0.1547,26.38,-86.4,-47.05,53.05083,-1.802388,8.38,3.925661,4.68,23 / 23,2.3604024272960293,-0.06584351155899235,1.319813676147599,1423.446565990003,446.5771921272791,178.8809497450526,False,189.90099999999995,4.787267494250851,13.901557784357719,1001.7404624795892,1081.9737828997759,14.702780555557203,19.002060000013294,2.4268650669548215,13.96740129591671,-421.70610351041375,635.3965907724968
500315.0,2.1527,-0.763,9.747,0.0178,-0.0169,9.8065,-0.0527,0.0933,-0.0372,28.18,-86.36,-48.72,53.05083,-1.802388,8.38,3.925661,4.68,23 / 23,2.4694852624128574,0.03868268502774394,1.2711386761475878,1423.6880603744885,446.5758340859525,179.01049736266737,False,190.00099999999998,4.535727324121253,13.869646641271379,1002.1881967125425,1083.3527111858955,14.592475000000046,18.109030000000654,2.0662420617083956,13.830963956243634,-421.49986366194594,636.776877099943
500415.0,0.6878,3.1045,9.1206,0.0126,-0.0362,9.8065,-0.0405,0.2437,-0.1896,24.77,-86.32,-47.48,53.05083,-1.802388,8.38,3.925661,4.68,23 / 23,2.6441272925796033,0.11819217113487354,1.2338536761475793,1423.943741002238,446.58367782876064,179.13574698028216,False,190.101,4.325239503159656,13.876542774492401,1002.6158073073825,1084.7426477694032,14.535011111111046,17.31196000004669,1.6811122105800527,13.758350603357528,-421.3279336948556,638.1589699406426
500514.0,0.5643,0.02,10.1824,-0.0193,0.0073,9.8066,0.0128,-0.064,0.0329,30.09,-86.38,-43.87,53.05083,-1.802388,8.38,3.925661,4.68,23 / 23,2.7662117655936274,0.26731833261656723,1.218493826147581,1424.2115527856176,446.60276059869636,179.25713818164576,False,190.2,4.132370533941814,13.936356769427727,1003.0129315934145,1086.118684985788,14.536111111111062,16.516000000035188,1.3661587683481868,13.66903843681116,-421.1986211922032,639.5159243870916
500614.0,0.5302,-0.1482,9.3903,0.0104,-0.0196,9.8065,-0.0325,0.1329,-0.0559,30.5,-86.28,-42.67,53.05083,-1.802388,8.38,3.925661,4.68,23 / 23,2.8142185415378433,0.27146221849943175,1.2164638261475818,1424.4905743009742,446.62969962625215,179.37888606426048,False,190.29999999999995,3.7990422310755103,13.87744287671115,1003.3873248597241,1087.4975020769843,14.388055555559932,15.310000000035648,0.984823689537667,13.605980658211719,-421.1032494412501,640.8678024507321
500714.0,1.6861,-0.9574,10.2769,-0.0038,0.0079,9.8066,-0.0071,-0.1698,0.1212,27.5,-86.39,-42.93,53.05083,-1.802388,8.38,3.925661,4.68,23 / 23,2.8891425228022296,0.207566395141178,1.2191588261475823,1424.7757423541914,446.65365105693417,179.50066719687527,False,190.39999999999998,3.556962542529781,13.812413664959367,1003.7349757498591,1088.8874386591915,14.263055555557402,14.441000000012844,0.6678200197275515,13.604847269818189,-421.04076660433225,642.2337876022573
500814.0,-0.5275,1.5714,10.2232,0.0141,-0.0207,9.8065,0.0268,0.1534,-0.0014,28.21,-86.31,-44.58,53.05083,-1.802388,8.38,3.925661,4.68,23 / 23,2.9581379145996642,0.24528313965384146,1.2634988261475923,1425.0681063760615,446.6762935336739,179.62480007949006,False,190.5,3.1363009481966664,13.775542462756407,1004.0425130757591,1090.2551362572551,14.128055555555555,12.826,0.17816303359700214,13.530259323102566,-421.0255933003024,643.5788427235811
500914.0,0.6015,3.2155,9.0384,-0.0068,0.0287,9.8066,0.0777,-0.3321,0.1927,25.12,-86.4,-47.0,53.05083,-1.802388,8.38,3.925661,4.68,23 / 23,3.0691619499155607,0.497219846905623,1.2459138261475984,1425.369471369287,446.71341868300186,179.75027071210476,False,190.59999999999997,2.849661384477902,13.675133885421207,1004.3233080254633,1091.6228338552182,13.968888888898206,11.77100000006177,-0.2195005654376585,13.177914038515585,-421.04616334382376,644.9094151722163
501014.0,0.9678,1.1612,9.4661,0.0127,0.0058,9.8066,-0.0216,-0.188,0.1554,20.6,-86.37,-52.03,53.05083,-1.802388,8.38,3.925661,4.68,23 / 23,3.2295244790163555,0.7047844947964044,1.1904738261475858,1425.6844056907337,446.77351890008697,179.87209009471954,False,190.7,2.42499693612472,13.505967169976966,1004.5573038168992,1092.9794119594421,13.721944444455254,10.179000000069681,-0.8045275428916354,12.801182675180561,-421.1271018738345,646.2058930593552
501114.0,-2.0169,1.2716,9.6084,-0.0359,0.0635,9.8063,0.0361,-0.2771,0.2083,21.41,-86.14,-54.81,53.05083,-1.802388,8.38,3.925661,4.68,23 / 23,3.222515221901786,0.8755335574196709,1.1635338261475952,1426.0070076757795,446.85253480269773,179.98979047733425,False,190.79999999999995,2.1734845644661167,13.561939015052937,1004.7712428262155,1094.3359900650792,13.734999999999616,9.105000000031746,-1.0490306574356691,12.686405457633267,-421.235764849564,647.4834552623814
501214.0,1.0996,-1.3467,9.8003,-0.0124,0.0359,9.8065,-0.0076,-0.3752,0.0959,21.73,-86.42,-51.01,53.05083,-1.802388,8.38,3.925661,4.68,23 / 23,3.176294605838951,0.9260743503067264,1.153303826147593,1426.3269481671666,446.94261519808407,180.10563235994903,False,190.89999999999998,1.884020721317171,13.496076497029247,1004.9517538653273,1095.6925681707169,13.62694444444604,7.947000000017114,-1.29227388452178,12.570002146722521,-421.3751943018393,648.7499529726329
501314.0,-0.14,2.8271,8.906,-0.0238,0.0457,9.8065,0.0127,-0.0454,0.0145,20.78,-86.47,-51.78,53.05083,-1.802388,8.38,3.925661,4.68,23 / 23,3.244150299984548,1.0152425571149597,1.1079538261475828,1426.6479704124579,447.0396810434552,180.21869524256383,False,191.0,1.6042736070891275,13.53218094342418,1005.1122081223208,1097.060265768073,13.626944444444444,6.761,-1.6398766928954207,12.51693838630922,-421.5357622901371,650.0205847246177
501414.0,0.6664,-2.6161,10.2406,-0.0479,0.0635,9.8063,0.0877,-0.412,0.0966,26.03,-86.85,-45.8,53.05083,-1.802388,8.38,3.925661,4.68,23 / 23,3.2598061269141105,1.055163995519343,1.0846188261475909,1426.9731682338027,447.14320137108683,180.32832387517854,False,191.09999999999997,1.3676033308204836,13.5983466486552,1005.2459200031298,1098.4168438736112,13.666944444442104,5.743000000059602,-1.892202796093627,12.543182653135856,-421.7272482306729,651.2736425025244
501515.0,-0.0894,-0.1588,10.39,0.0206,-0.0074,9.8066,-0.0803,0.1815,-0.1598,24.19,-87.0,-47.16,53.05083,-1.802388,8.38,3.925661,4.68,23 / 23,3.2252985822882505,0.9540624168134801,1.1359924761475906,1427.3006660216174,447.2446673049096,180.44046474594444,False,191.20099999999996,1.019638260630201,13.639651361611149,1005.3469393290916,1099.8092267444486,13.677738888893932,4.275120000052106,-2.2056603216580495,12.685588944797669,-421.95372669252583,652.5645594395389
501614.0,-0.4062,-1.7018,9.7388,-0.0059,0.0564,9.8064,-0.0962,0.0166,0.049,26.99,-87.09,-44.67,53.05083,-1.802388,8.38,3.925661,4.68,23 / 23,3.162825211095929,0.9198483359677221,1.161509726147588,1427.61687814939,447.3374258871723,180.55419110495805,False,191.29999999999995,0.7332826223654971,13.544053248047648,1005.4197454481869,1101.1522390690297,13.563888888892288,3.099000000035116,-2.429542588730432,12.624204912079925,-422.19713270120315,653.8148131818575
501715.0,0.455,0.2551,9.7987,0.0074,-0.008,9.8066,0.0424,0.0417,-0.0817,31.57,-87.12,-44.03,53.05083,-1.802388,8.38,3.925661,4.68,23 / 23,3.135246547069088,0.8891961653753063,1.157681826147588,1427.9349307731773,447.4287826344901,180.67131027834895,False,191.40099999999995,0.3918991408952259,13.578045338431528,1005.4599258683902,1102.533391251803,13.58371944444635,1.6531600000146323,-2.743347406173862,12.688849173056221,-422.47500490478706,655.104608617313
501815.0,0.1288,2.5225,10.3288,0.003,-0.0001,9.8066,0.007,0.1949,-0.0978,26.33,-87.2,-45.13,53.05083,-1.802388,8.38,3.925661,4.68,23 / 23,3.2261534776645773,1.0356457062899072,1.183391826147594,1428.253000774414,447.5250247280734,180.78836396096375,False,191.50099999999998,0.1571063741308249,13.45481783614452,1005.4664777505399,1103.8786274744584,13.455755555555653,4.268899999706151,-3.0690471035337525,12.419172129854612,-422.7865230238741,656.353602746385
501915.0,2.3154,-0.8046,10.0853,-0.0248,0.0154,9.8066,0.0453,-0.2609,0.1531,24.01,-87.17,-47.22,53.05083,-1.802388,8.38,3.925661,4.68,23 / 23,3.3779172579030137,1.0994399224099303,1.2234318261476032,1428.5832043111925,447.6317790095084,180.90870514357854,False,191.601,-0.07913236493722799,13.336924023077344,1005.4594578768098,1105.2018471020165,13.337175000005114,359.65999000005235,-3.4570496228402416,12.237484100667414,-423.1237464343827,657.5700680925081
502015.0,-0.5468,1.2129,9.573,0.0118,-0.0145,9.8066,-0.0051,0.0692,-0.0059,24.77,-87.07,-46.65,53.05083,-1.802388,8.38,3.925661,4.68,23 / 23,2.9478354904772717,0.951645742862984,1.0418295522254621,1428.8994919486115,447.734333292772,181.02196821249717,False,191.70099999999996,-0.28519614704122,13.244579288635885,1005.4194111684884,1106.5247331448838,13.247650000010307,358.766410000007,-3.2330316375184918,12.2929335457729,-423.4800807801231,658.7903998521118
502114.0,-2.1338,2.016,8.2291,-0.0519,0.0011,9.8064,0.125,-0.2683,0.1663,30.68,-86.79,-42.83,53.05083,-1.802388,8.38,3.925661,4.68,23 / 23,2.9108033063403314,1.1942017812339363,0.9521751522254718,1429.189494569054,447.8405527452148,181.1206714453675,False,191.79999999999995,-0.3159410135936853,13.011164677926036,1005.3863174779857,1107.8016956823556,13.015000000006944,358.60900000000476,-3.2267443199340167,11.8169628966921,-423.8031770910683,659.9611429371407
502214.0,1.4849,-0.4651,10.5434,-0.0096,-0.0309,9.8065,0.1771,-0.2479,0.0604,26.2,-86.57,-47.0,53.05083,-1.802388,8.38,3.925661,4.68,23 / 23,2.929630156093736,1.3190313411604393,0.9101351522254624,1429.4815162421758,447.9662144013345,181.21378696059006,False,191.89999999999998,-0.4332747412214596,12.804616099134993,1005.3328327256642,1109.0693178457598,12.811944444447446,358.062000000008,-3.362904897315196,11.485584757974554,-424.1486835165116,661.1031034444252
502314.0,0.3156,-3.5912,10.499,0.028,-0.0508,9.8064,0.05,0.1159,-0.0242,23.36,-86.58,-49.45,53.05083,-1.802388,8.38,3.925661,4.68,23 / 23,2.9296813799560235,1.1317531690108598,0.9815901522254787,1429.7744818189783,448.08875362684313,181.30837322581263,False,192.0,-0.5121898283666896,12.582635248827104,1005.2793479733419,1110.3147010236046,12.593055555555555,357.66900000000004,-3.441871208322713,11.450882079816244,-424.49513384563636,662.2259473967615
502414.0,-0.2855,0.7587,10.1576,0.054,-0.0279,9.8064,-0.1237,0.1522,-0.0957,15.43,-86.54,-56.3,53.05083,-1.802388,8.38,3.925661,4.68,23 / 23,2.8662040044551222,1.038281402142,1.033755152225461,1430.0642760881988,448.1972553554007,181.40914049103515,False,192.09999999999997,-0.7394190914826136,12.527085525088902,1005.1991208448511,1111.5600842027723,12.548888888891476,356.6220000000613,-3.605623095937736,11.488804122946902,-424.86515524334766,663.3628288473715
502515.0,2.4674,3.0788,10.167,0.0134,-0.0141,9.8066,0.1446,0.0611,-0.1639,18.46,-86.64,-53.63,53.05083,-1.802388,8.38,3.925661,4.68,22 / 23,3.0251772342059566,1.2246174537984025,1.0696758022254609,1430.3617908407512,448.31153174762574,181.51536375423493,False,192.20099999999996,-1.0120559292326368,12.4688600764459,1005.0841954832845,1112.8176988232478,12.509894444453435,355.35946000005504,-4.037233163438593,11.244242622647498,-425.2775953574667,664.5061670756221
502614.0,0.8496,-3.799,9.8829,0.0921,0.0189,9.8062,-0.1121,-0.152,0.2614,8.21,-86.86,-62.35,53.05083,-1.802388,8.38,3.925661,4.68,22 / 23,3.197121122028926,1.1746739476685424,1.0912875022254587,1430.6697946093848,448.43029667199835,181.62233143780523,False,192.29999999999995,-1.2612161172595664,12.242149135848397,1004.958439459364,1114.0286115736105,12.306944444450503,354.1180000000371,-4.458337239288492,11.067475188179854,-425.71135515002084,665.5983149016122
502714.0,-3.5997,4.3654,7.5836,-0.0321,-0.0955,9.8061,0.1766,-0.1243,-0.2226,5.79,-86.29,-60.16,53.05083,-1.802388,8.38,3.925661,4.68,22 / 23,3.0439439568289597,1.2517233474762854,0.9839475022254343,1430.9818478633279,448.5516165367556,181.7260931880278,False,192.39999999999998,-1.4255427591072871,12.038949449395849,1004.8113563904584,1115.2183972893279,12.123055555558274,353.24700000001286,-4.469486715936247,10.787226101919563,-426.17049147286946,666.6667807525723
502814.0,2.3548,-6.9331,10.2157,0.0736,-0.0397,9.8062,0.0479,-1.214,0.8344,7.15,-86.48,-62.17,53.05083,-1.802388,8.38,3.925661,4.68,22 / 23,2.949192040652479,1.1641298353407858,0.8932475022254137,1431.281504663202,448.6724091958965,181.81995293825037,False,192.5,-1.5578564567204256,11.916658197526447,1004.650902133492,1116.408183004337,12.018055555555556,352.552,-4.507048497372905,10.75252836218566,-426.63060252971,667.7357738084404
502914.0,-6.7327,10.68,8.0814,0.1336,-0.2281,9.803,-0.1027,0.2757,-0.1092,1.49,-86.18,-63.74,53.05083,-1.802388,8.38,3.925661,4.68,22 / 23,2.6875344448401446,1.383302630420905,0.8274375022254362,1431.5633409874765,448.7997808191845,181.9059871884729,False,192.59999999999997,-1.7059194715874144,11.736670684511717,1004.4703910943944,1117.5757297337016,11.860000000009256,351.73000000004816,-4.393453916427559,10.353368054090812,-427.09294989308216,668.7759489145171
503014.0,-0.9797,1.4149,8.9732,-0.0311,0.0086,9.8065,0.0649,-0.975,0.5578,11.62,-86.55,-58.4,53.05083,-1.802388,8.38,3.925661,4.68,22 / 23,2.3198814436937796,2.0406236692724873,0.6995025022254072,1431.8137117819033,448.9709771341692,181.98233418869546,False,192.7,-1.8986345998012073,11.610788588917362,1004.2765088671972,1118.7321569714343,11.765000000004157,350.71300000004453,-4.218516043494986,9.570164919644874,-427.5372029147061,669.7611798372651
503116.0,-3.2497,10.5619,8.0346,0.0813,-0.1961,9.8043,-0.2189,0.7493,-0.3719,11.21,-85.91,-60.21,53.05083,-1.802388,8.38,3.925661,4.68,22 / 23,2.219192938871432,2.719256739396444,0.5666220022254392,1432.0452045754141,449.2137310350112,182.04690653842243,False,192.80199999999996,-2.050041914671306,11.480482246169917,1004.0648429598722,1119.899703700659,11.662105555562613,349.8752000000245,-4.269234853542738,8.761225506773473,-427.98036161554194,670.6859726656478
503214.0,0.531,-3.0454,10.5636,-0.0402,0.0188,9.8065,0.0188,-0.3553,0.3658,6.58,-85.81,-60.96,53.05083,-1.802388,8.38,3.925661,4.68,22 / 23,2.1626983260045782,3.142055839917134,0.5168821022254325,1432.259917247393,449.50093535139763,182.09999823954053,False,192.89999999999998,-2.1698133824270536,11.21706445044878,1003.8486308485673,1120.9894139819417,11.425000000003577,349.0520000000124,-4.332511708431632,8.075008610531645,-428.41128639882584,671.488478630544
503314.0,0.3212,-3.5843,10.6379,0.0466,-0.0595,9.8063,-0.098,0.7054,-0.2851,5.61,-85.53,-61.8,53.05083,-1.802388,8.38,3.925661,4.68,22 / 23,2.1584725624480736,2.843452635510877,0.5962921022254506,1432.4759757918157,449.8002107751691,182.15565694976308,False,193.0,-2.21511029469941,11.067447821168711,1003.6280062452215,1122.0902437554234,11.286944444444446,348.682,-4.3735828571474835,8.223995185657834,-428.8479695465942,672.2900329802544
503415.0,-0.6627,-3.0683,10.6302,-0.0426,0.0735,9.8062,0.0377,0.3571,-0.1655,8.19,-85.67,-60.82,53.05083,-1.802388,8.38,3.925661,4.68,22 / 23,2.0904995773902657,2.5492678947088248,0.6798595022254499,1432.6905488848774,450.0725431619452,182.22010260578784,False,193.101,-2.3416866677755745,10.9063982912196,1003.3849849018344,1123.1906287500635,11.154955555567104,347.88210000001106,-4.43218624516584,8.357130396510776,-429.30556398304304,673.1180855881183
503514.0,-2.0338,2.6626,9.6148,0.0033,0.0354,9.8065,-0.0654,0.8474,-0.504,2.04,-85.52,-64.71,53.05083,-1.802388,8.38,3.925661,4.68,21 / 23,1.9283921509411701,2.573933310785288,0.7111286522254467,1432.8894840254297,450.3261416216171,182.28895651943316,False,193.2,-2.3355199791406913,10.706275168604035,1003.1533290683158,1124.2474253326059,10.958055555564261,347.6940000000083,-4.263912130081861,8.132341857818748,-429.73615495711397,673.9212837109887
503614.0,-2.9998,5.366,8.4444,-0.0774,0.1123,9.8056,-0.1043,0.6901,-0.3962,357.99,-85.22,-67.98,53.05083,-1.802388,8.38,3.925661,4.68,21 / 23,1.656882031249367,3.0076548506422727,0.6334236522254734,1433.068747734539,450.60522102968844,182.35618413465568,False,193.29999999999995,-2.3905082893124328,10.521861532962479,1002.9126476828263,1125.2926576432521,10.790000000004968,347.2000000000146,-4.047390320561799,7.514206682320206,-430.15610005171277,674.6874366135637
503714.0,0.1481,-5.9964,10.4538,-0.0605,0.0337,9.8063,-0.0878,0.4625,-0.2603,6.52,-85.39,-62.29,53.05083,-1.802388,8.38,3.925661,4.68,21 / 23,1.4569486361248378,3.0064871112114258,0.5976686522254653,1433.2244392679079,450.9059281277812,182.41773874987823,False,193.39999999999998,-2.4389127929546963,10.33101782925655,1002.6652807033064,1126.3156509676332,10.615000000002587,346.71700000000715,-3.895861429079534,7.324530718045125,-430.5591585646015,675.4097228398521
503814.0,-4.1503,2.8162,8.5033,-0.0551,0.0406,9.8064,-0.1602,0.7402,-0.365,8.54,-85.05,-56.61,53.05083,-1.802388,8.38,3.925661,4.68,21 / 23,1.2352387171172141,2.9137382896535597,0.5648586522254578,1433.35904863557,451.2019393978245,182.4758651151008,False,193.5,-2.4938274854767175,10.083126467750773,1002.4179137237861,1127.3164053078697,10.386944444444444,346.108,-3.7290662025939314,7.169388178097213,-430.9411349117838,676.1144659100452
503914.0,1.1426,-3.0226,10.2521,-0.0708,0.0508,9.8062,-0.0595,-0.1172,0.0628,11.27,-84.82,-55.78,53.05083,-1.802388,8.38,3.925661,4.68,21 / 23,1.068207305991054,2.9607389714837953,0.5219636522254725,1433.4742209367253,451.49566326088126,182.53020623032333,False,193.59999999999997,-2.3983626064895223,9.853425362582593,1002.1772323383406,1128.2949206624753,10.141111111125506,346.3199999999876,-3.466569912480576,6.892686391098797,-431.2969885983847,676.7992574015941
504014.0,0.2801,0.4427,9.9441,0.0118,-0.0254,9.8066,-0.0498,0.2735,-0.1073,13.1,-84.65,-57.27,53.05083,-1.802388,8.38,3.925661,4.68,21 / 23,1.1055881335252666,2.8564034399394393,0.5511086522254792,1433.582910708701,451.7865203814525,182.5838598455459,False,193.7,-2.385873916901217,9.560686789528562,1001.9432365468805,1129.2511970315957,9.85388888890146,345.9880000000146,-3.4914620504264837,6.704283349589122,-431.6396741618206,677.4646766501432
504114.0,-1.546,-2.0483,9.742,-0.0056,-0.0138,9.8066,-0.1598,0.5394,-0.16,9.55,-84.42,-60.17,53.05083,-1.802388,8.38,3.925661,4.68,21 / 23,1.022709681875404,2.823144195958312,0.5547486522254781,1433.689325599471,452.07049776324726,182.63915271076843,False,193.79999999999995,-2.1692024030266985,9.33118218313508,1001.7292975375908,1130.1741149234385,9.580000000008095,346.91299999997267,-3.1919120849021025,6.508037987176769,-431.96002806188017,678.1036171601913
504214.0,-2.6535,-1.2073,10.4394,-0.0322,0.0666,9.8063,0.0557,-0.1859,-0.047,11.56,-84.69,-57.36,53.05083,-1.802388,8.38,3.925661,4.68,21 / 23,0.7786002530907644,2.7388438256426357,0.5831536522254847,1433.7793910962193,452.3485971643274,182.696047825991,False,193.89999999999998,-2.037525215813486,9.056688768116993,1001.5287297163355,1131.0747938283077,9.283055555559946,347.320999999994,-2.81612546890425,6.317844942474357,-432.2506613798838,678.7261966639803
504314.0,-1.2043,-1.8948,9.6109,-0.0836,0.0743,9.8059,-0.0664,0.5133,-0.3822,7.07,-84.54,-60.9,53.05083,-1.802388,8.38,3.925661,4.68,21 / 23,0.5555128240843079,2.655884739475188,0.6050036522254897,1433.846096750078,452.6183335925833,182.75545569121357,False,194.0,-1.9202424443568167,8.801860483286259,1001.3415330831942,1131.9532337490327,9.008888888888887,347.69300000000004,-2.475755268441125,6.1459757438110705,-432.50456366688377,679.3349001564494
504414.0,2.1408,-2.3516,9.4105,-0.0894,0.1047,9.8057,-0.046,0.5172,-0.1711,14.95,-84.95,-54.6,53.05083,-1.802388,8.38,3.925661,4.68,21 / 23,0.5486785613126166,2.46447461777304,0.5754086522255,1433.901306319348,452.87435156044563,182.8144763064361,False,194.09999999999997,-1.768660550024868,8.61929727634531,1001.1677076381532,1132.809434684136,8.798888888901184,348.4039999999584,-2.3173391113374846,6.154822658572271,-432.73359868119474,679.9350831236904
504514.0,-6.0575,9.1745,7.9396,-0.08,0.0445,9.8062,-0.187,1.1892,-0.6981,11.05,-84.44,-56.12,53.05083,-1.802388,8.38,3.925661,4.68,23 / 23,0.40518082755644036,2.8682826762097218,0.46224865222547434,1433.9489992887914,453.1409894251448,182.86635917165864,False,194.2,-1.576647681968387,8.329031708510861,1001.013938975189,1133.6433966337447,8.476944444458535,349.28099999996164,-1.9818285095248274,5.460749032301139,-432.9350603136023,680.5024072085998
504614.0,-1.0012,-1.3172,9.443,-0.1748,0.1521,9.8038,-0.0636,-0.3729,0.3342,22.6,-84.38,-45.89,53.05083,-1.802388,8.38,3.925661,4.68,23 / 23,0.11956272431698378,3.3719739795190384,0.35071365222551243,1433.975236466385,453.45300225793113,182.90700728688117,False,194.29999999999995,-1.342266058929064,8.084327234048768,1000.8869126883993,1134.4440001053688,8.195000000008335,350.57299999996184,-1.4618287832460477,4.712353254529729,-433.0883237779857,680.9909978474377
504714.0,-5.1585,10.5067,5.9618,0.064,-0.0653,9.8062,-0.0367,0.7403,-0.472,11.82,-83.7,-51.77,53.05083,-1.802388,8.38,3.925661,4.68,23 / 23,-0.10131922231788351,3.934478175340968,0.14028865222546463,1433.976148641485,453.81832486567424,182.93155740210372,False,194.39999999999998,-1.0903313775076526,8.026280426651198,1000.7866287777845,1135.2446035784067,8.100000000001403,352.263999999975,-0.9890121551897691,4.09180225131023,-433.1895198637005,681.4262787127325
504814.0,-0.6959,-0.7012,10.2611,-0.1,0.0566,9.806,0.1143,-0.9749,0.5671,18.65,-83.76,-46.55,53.05083,-1.802388,8.38,3.925661,4.68,23 / 23,-0.29614441750585735,4.516375721894536,-0.029231347774573813,1433.9562754594938,454.2408675605361,182.93711026732626,False,194.5,-0.9745845056484532,7.993865699535749,1000.6930304612004,1136.0452070500296,8.053055555555556,353.04900000000004,-0.6784400881425958,3.4774899776412127,-433.26324499829343,681.8043394894935
504914.0,1.9193,-5.0003,11.898,0.0982,-0.0991,9.8056,0.054,-0.145,0.0865,21.87,-83.57,-44.24,53.05083,-1.802388,8.38,3.925661,4.68,23 / 23,-0.3469384230434747,4.263893242752355,0.09805865222538285,1433.9241213174664,454.6798810087683,182.9405516325488,False,194.59999999999997,-0.6938294334236199,8.055173847737866,1000.6261745208225,1136.845810521594,8.08499999999813,355.07699999988125,-0.3468910103801452,3.791280604985511,-433.29794679664394,682.1659295128259
505014.0,0.5281,-2.596,11.3544,0.0287,-0.0123,9.8066,0.2292,-0.8009,0.4803,18.89,-83.4,-47.88,53.05083,-1.802388,8.38,3.925661,4.68,23 / 23,-0.3705148374064674,3.90215225463331,0.2800136522254243,1433.888248654444,455.08818328363765,182.95945524777133,False,194.7,-0.5030386344251064,8.138357091242096,1000.5793753625294,1137.6686529787746,8.153888888885874,356.46299999993937,-0.13252379701863903,4.236204836608786,-433.30887329191455,682.580469695137
505114.0,0.8443,-1.4216,10.5109,0.1079,-0.1247,9.8052,0.028,-0.2226,0.2822,20.48,-83.63,-46.49,53.05083,-1.802388,8.38,3.925661,4.68,23 / 23,-0.37579544940710713,3.7267990464488805,0.3926136522253859,1433.8509331401033,455.4696308486916,182.99308661299386,False,194.79999999999995,-0.28660620627187894,8.077972765289351,1000.5593185804107,1138.469256450398,8.08305555555765,357.9679999999555,0.08918924313522819,4.351173718840471,-433.29161455969256,682.9996256017064
505214.0,-5.6666,7.8441,7.0067,0.0325,-0.0406,9.8064,0.1195,-0.9257,0.4442,15.23,-83.35,-50.7,53.05083,-1.802388,8.38,3.925661,4.68,23 / 23,-0.5355727377861023,4.135515609143624,0.28782865222536214,1433.8053647307436,455.86274658147136,183.0271087282164,False,194.89999999999998,-0.07606730397906947,8.070752649732787,1000.5526329863535,1139.2698599220212,8.071111111111287,359.4599999999779,0.4595054338070328,3.935237040589163,-433.2527317443901,683.4071133405498
505314.0,-0.0172,-2.1464,9.8193,0.0782,-0.1187,9.8056,0.0507,-0.9675,0.6255,10.01,-82.92,-50.73,53.05083,-1.802388,8.38,3.925661,4.68,23 / 23,-0.7329070289644475,4.519523516217455,0.14846365222533053,1433.741940742406,456.2954985377395,183.04892334343896,False,195.0,0.11659676393386549,8.087215087061383,1000.5726897684706,1140.0815828867771,8.088055555555556,0.826,0.849503792898313,3.5676915708439276,-433.1692509739355,683.7860843490377
505414.0,-3.6173,9.2059,8.1055,0.0442,-0.1228,9.8057,-0.1636,-0.1953,0.1847,20.57,-82.89,-45.8,53.05083,-1.802388,8.38,3.925661,4.68,23 / 23,-0.7657650219482325,4.945357343578579,0.06403865222535936,1433.6670071398605,456.7687425807291,183.05954845866148,False,195.09999999999997,0.43811661169342664,8.150177356884894,1000.6194889267325,1140.9044253438985,8.16194444444012,3.0769999998682067,1.2038816336416591,3.204820013306315,-433.047518213128,684.1356827631694
505515.0,-3.3799,4.4664,7.2191,-0.0821,0.0358,9.8062,0.1754,-0.8918,0.5335,23.76,-83.2,-40.34,53.051144,-1.801169,11.77,3.925664,72.86,23 / 23,-0.8401014353058838,5.7578203944747655,-0.1525406977746387,1433.5859108837692,457.3092530565008,183.05507910536124,False,195.20099999999996,0.7513067673239746,8.226783143685806,1000.7008526062392,1141.7353850300208,8.26106388889275,5.218239999915612,1.5914082026298584,2.46896274921104,-432.88505827753,684.42613197352
505614.0,-2.9731,6.347,7.8857,-0.0212,0.0357,9.8065,-0.0096,0.1471,-0.0411,26.8,-83.05,-38.19,53.051144,-1.801169,11.77,3.925664,72.86,23 / 23,-0.893122676707622,6.4114453867484045,-0.37571144777461507,1433.5001162902245,457.91163171267124,183.02893062415657,False,195.29999999999995,1.0135607046632926,8.110804785340598,1000.8133711539535,1142.5389907651288,8.17388888889149,7.122999999943128,1.9066833813709145,1.6993593985921933,-432.68674513627093,684.6273590524576
505714.0,3.3321,-5.2079,11.6913,-0.1304,0.1008,9.8052,0.128,-0.865,0.3598,32.15,-83.26,-33.84,53.051144,-1.801169,11.77,3.925664,72.86,23 / 23,-0.8767582805684804,6.489887629853291,-0.3775264477746154,1433.4116222423606,458.5566983635015,182.9912687293791,False,195.39999999999998,1.3531769559576219,8.056032386037005,1000.953768628802,1143.3395942374598,8.168888888888963,9.534999999964352,2.229935236526102,1.5661447561837143,-432.45785361355865,684.7828958739583
505814.0,3.6414,-4.2622,11.5176,0.0907,-0.0636,9.8059,-0.2667,1.1717,-0.6602,33.9,-83.24,-32.51,53.051144,-1.801169,11.77,3.925664,72.86,23 / 23,-0.8362261034728126,5.939359369190931,-0.19774644777457448,1433.3259730231584,459.17816071345385,182.96250508460164,False,195.5,1.8653995488046637,7.945062560560527,1001.1476508559992,1144.1290782166573,8.161111111111111,13.213,2.7016256522774764,2.005703191369596,-432.1783221671592,684.9509175032034
505914.0,3.6338,-1.5212,10.0975,-0.0336,0.059,9.8064,-0.0088,0.4452,-0.2589,30.69,-83.44,-30.79,53.051144,-1.801169,11.77,3.925664,72.86,23 / 23,-0.6812367870145626,5.539873382711899,-0.09765644777460857,1433.250099878634,459.7521223510488,182.9477349398242,False,195.59999999999997,2.1333608984922154,7.8721610586658395,1001.3682754593552,1144.9074427026649,8.156111111111404,15.16299999988583,2.814597685506778,2.332287675953941,-431.8818244192788,685.1553203516161
506014.0,1.9275,-4.8595,9.5604,0.0881,-0.1194,9.8055,-0.1955,1.1155,-0.5469,30.13,-83.36,-32.46,53.051144,-1.801169,11.77,3.925664,72.86,23 / 23,-0.598338957748887,5.160465577601603,-0.09542644777460801,1433.1861210913958,460.2871392990646,182.93808079504672,False,195.7,2.4718593459048344,7.8121524881102715,1001.6223280329039,1145.685807188729,8.193888888887235,17.557999999895173,3.0701983036537213,2.6516869105086682,-431.5637930584919,685.3986678896645
506114.0,-6.5305,6.3643,8.6489,0.0655,-0.1254,9.8056,-0.1936,1.2677,-0.5847,30.07,-83.16,-27.14,53.051144,-1.801169,11.77,3.925664,72.86,23 / 23,-0.7562001843090577,5.3782157317459784,-0.16562644777458407,1433.1183941342929,460.8140733645318,182.92502815026927,False,195.79999999999995,2.5724124795810743,7.775525322117927,1001.8763806064543,1146.4641716755004,8.190000000000115,18.305999999977892,3.328612663890132,2.3973095903719486,-431.2420135278386,685.6500983109686
506214.0,3.1585,-5.3996,9.9137,0.0404,-0.0725,9.8063,-0.0575,0.0564,0.2076,37.98,-82.79,-23.1,53.051144,-1.801169,11.77,3.925664,72.86,23 / 23,-0.9145846596746705,5.544057634390643,-0.21816144777459598,1433.0348548920938,461.3601870328387,182.9058387554918,False,195.89999999999998,2.808018460754236,7.581705436383512,1002.1571755561785,1147.209177684289,8.085000000001553,20.32299999997019,3.7226031204289063,2.037647801992869,-430.87767933591533,685.8489906514503
506315.0,-4.6697,8.8085,8.6041,0.1732,-0.2144,9.8027,-0.0654,1.0611,-0.4955,24.45,-82.18,-32.36,53.051144,-1.801169,11.77,3.925664,72.86,23 / 23,-0.9825972795917287,5.770816945091743,-0.2734841977745954,1432.939047204161,461.9315881991026,182.88101065039157,False,196.00099999999998,3.180753210037539,7.2739921328104495,1002.4881793171553,1147.9278304954757,7.93906944444452,23.618899999998455,4.163350489629268,1.503175187718707,-430.45086788700564,685.9962422963731
506415.0,-0.9689,2.9964,8.6414,-0.0126,0.0015,9.8066,0.1494,-0.4457,0.4877,25.75,-81.95,-33.1,53.051144,-1.801169,11.77,3.925664,72.86,23 / 23,-0.9907771164340435,6.461846420428512,-0.3918741977746222,1432.8403784843597,462.54322136737875,182.8477427306141,False,196.101,3.3784576941080893,7.082951908543189,1002.829278325115,1148.6283585337887,7.84744444444154,25.500349999939896,4.369234810542133,0.6211054881146767,-430.01110015924473,686.08513716641
506515.0,1.6244,-0.7938,10.6942,0.1193,-0.1315,9.805,-0.0291,0.5974,-0.297,20.2,-81.69,-37.31,53.051144,-1.801169,11.77,3.925664,72.86,23 / 23,-0.9075712065422846,6.5899695903152615,-0.40575919777461733,1432.745461068211,463.19581216791573,182.80786106083664,False,196.20099999999996,3.5331733916129497,7.062313206915853,1003.1844170805867,1149.328552985987,7.897144444443566,26.578079999767187,4.440744598155234,0.47234361660059143,-429.5610439876242,686.1327408180713
506615.0,4.6861,-5.2931,10.2252,-0.0788,0.068,9.8061,0.1059,-0.8175,0.5251,24.64,-81.85,-33.09,53.051144,-1.801169,11.77,3.925664,72.86,23 / 23,-0.7435508810449657,6.223867782232971,-0.34045419777460245,1432.6629049638316,463.8365040365433,182.77055039105917,False,196.301,4.177960031972042,6.725245930314045,1003.6190475491621,1149.9957225463731,7.917374999998748,31.849919999950792,4.921510913017007,0.5013781480810735,-429.04385741466945,686.1592185098298
506714.0,3.1419,-1.7897,10.1953,-0.0204,-0.006,9.8066,0.1183,-0.4671,0.2175,26.74,-81.86,-33.96,53.051144,-1.801169,11.77,3.925664,72.86,23 / 23,-0.541917288586892,5.7770001023009545,-0.30049779777460667,1432.5992742894348,464.4305469968277,182.73882326727949,False,196.39999999999998,4.396314241349371,6.635813521437876,1004.055884263813,1150.656220410462,7.959999999999363,33.524999999974995,4.938231529936263,0.8588134191369212,-428.54339002562176,686.2256734136345
506815.0,-5.1773,7.0637,8.7039,-0.1182,0.1168,9.8051,0.0413,-0.5562,0.3683,20.47,-81.86,-34.68,53.051144,-1.801169,11.77,3.925664,72.86,23 / 23,-0.5614393184092844,6.088318035488669,-0.33655984777460624,1432.5435547807815,465.02974556278605,182.70665185617926,False,196.50099999999998,4.556014540428378,6.497135305536454,1004.5223381600862,1151.3072667062647,7.935580555555507,35.039189999996545,5.117453858837663,0.408817270047785,-428.0212166206953,686.2775211434787
506914.0,2.2298,-3.6362,10.28,-0.1113,0.093,9.8056,0.0758,-0.9817,0.4708,32.65,-82.19,-27.96,53.051144,-1.801169,11.77,3.925664,72.86,23 / 23,-0.6818751763285404,6.331281500675061,-0.3677151477746029,1432.482010713292,465.6445157398261,182.67179024389958,False,196.59999999999997,5.053574871700425,6.19276336785454,1005.0319809937952,1151.9127230821025,7.993055555552156,39.21599999975298,5.735450048028966,-0.13851813282052117,-427.4500297194969,686.2682073422764
507015.0,-3.8494,9.428,9.0439,-0.0375,0.0434,9.8064,-0.0326,0.2324,-0.2019,26.08,-82.15,-28.67,53.051144,-1.801169,11.77,3.925664,72.86,23 / 23,-0.6479871633341894,6.666652234188329,-0.3823298477746027,1432.414852665139,466.3009113934367,182.63391297162434,False,196.70099999999996,5.410663361888327,5.854513288051043,1005.5859493160037,1152.4963852516662,7.971955555555507,42.74370999987846,6.058650525222516,-0.8121389461372859,-426.8289033491353,686.1954738582294
507115.0,-1.4413,0.0702,9.4304,-0.1018,0.137,9.8051,-0.0814,-0.6741,0.5023,34.03,-82.34,-24.17,53.051144,-1.801169,11.77,3.925664,72.86,23 / 23,-0.6675333361432271,7.2550990187775195,-0.43927984777461554,1432.349076640165,466.9969989560852,182.59283248684687,False,196.801,5.688262127507723,5.586637685149715,1006.1611778273277,1153.0410180019924,7.972986111111314,45.51644999991436,6.35579546365095,-1.6684613336278042,-426.1878988128374,686.0440190459071
507215.0,-3.1896,7.1319,8.8855,0.0313,-0.0049,9.8065,-0.1009,0.5221,-0.2046,27.92,-82.26,-27.02,53.051144,-1.801169,11.77,3.925664,72.86,23 / 23,-0.6947905519316033,7.725261347360304,-0.5041498477745933,1432.2809604457614,467.7460169743918,182.54566100206944,False,196.90099999999995,5.962536729519339,5.28340910554769,1006.7631487147736,1153.56341176746,7.966638888888104,48.455669999964805,6.657327281450943,-2.4418522418126134,-425.5178117309878,685.8173947930682
507315.0,0.0042,-0.6947,9.193,-0.047,0.0793,9.8062,-0.1259,-0.1317,0.1014,30.56,-82.29,-25.23,53.051144,-1.801169,11.77,3.925664,72.86,23 / 23,-0.6828917376428393,8.12232905097614,-0.5808898477746106,1432.2120763312826,468.5383964943088,182.49140901729197,False,197.00099999999998,6.217316571789166,5.066145712060193,1007.3919288343346,1154.0635665473758,8.02011111111101,50.82493999999787,6.900208309432005,-3.0561833389159467,-424.8201474969479,685.525170053067
507415.0,2.534,-0.7855,10.1332,0.0696,-0.0415,9.8063,-0.1196,0.5206,-0.3253,32.56,-82.16,-23.9,53.051144,-1.801169,11.77,3.925664,72.86,23 / 23,-0.6098896025971713,8.028183215682432,-0.5952448477746138,1432.1474372642706,469.3459221076419,182.4326022825145,False,197.101,6.538466584975112,4.851854219315914,1008.0540700681373,1154.5414823424,8.142099999994258,53.42247999982881,7.148356187572283,-3.176328996366518,-424.0933671961333,685.1955602347582
507514.0,-1.4314,-0.7593,10.1588,-0.0301,0.0343,9.8065,0.0359,0.112,0.0685,33.25,-82.28,-24.85,53.051144,-1.801169,11.77,3.925664,72.86,23 / 23,-0.5993117259620308,7.971994959553952,-0.5616491977746173,1432.087581798507,470.137930927316,182.3753360272598,False,197.2,6.858571806862753,4.567011360838539,1008.7358000924867,1154.9928225497608,8.239999999995671,56.34099999987097,7.457883532824784,-3.404983598715413,-423.35178170602035,684.8548916224448
507614.0,-0.8425,4.058,8.3841,-0.0209,0.0407,9.8065,-0.1829,-0.1901,0.1719,29.2,-82.27,-26.05,53.051144,-1.801169,11.77,3.925664,72.86,23 / 23,-0.6131525813093323,8.21432469281112,-0.615169197774599,1432.0269585831434,470.947246909934,182.31649510748235,False,197.29999999999995,7.033322340254549,4.229221438076468,1009.4444730608413,1155.404243778707,8.206944444445421,58.98099999992197,7.646474921563882,-3.9851032547346517,-422.582485522302,684.4569968687731
507714.0,-0.1097,-2.0134,9.424,-0.0418,-0.0113,9.8065,0.0091,-0.2771,0.1446,30.91,-81.95,-25.36,53.051144,-1.801169,11.77,3.925664,72.86,23 / 23,-0.6035017274639642,8.36571348706022,-0.7054291977746194,1431.9661258677047,471.77624881892774,182.2504651877049,False,197.39999999999998,7.121124722456175,3.9883480040526726,1010.1598316232539,1155.8045455138115,8.16194444444511,60.74799999997389,7.724626449920139,-4.377365483007546,-421.8062942444508,684.0282966948837
507814.0,-1.3356,0.6978,8.7757,-0.0573,0.0723,9.8061,-0.0686,-0.3791,0.3387,30.62,-81.9,-22.98,53.051144,-1.801169,11.77,3.925664,72.86,23 / 23,-0.6953012176209612,8.383427631378044,-0.7761091977746355,1431.9011857204505,472.61370587484987,182.17638826792742,False,197.5,7.3065338750719,3.839432838656021,1010.8952469677574,1156.1826082647722,8.253888888888888,62.279,8.001835092692861,-4.543994792722023,-421.00593875269305,683.5689023899223
507914.0,0.8121,-4.1554,11.7509,-0.0409,0.0815,9.8061,0.1171,-0.5092,0.2298,31.6,-82.08,-24.7,53.051144,-1.801169,11.77,3.925664,72.86,23 / 23,-0.8047416745893509,8.286428885022804,-0.730444197774651,1431.82618357584,473.4471987006696,182.10106059814999,False,197.59999999999997,7.627745681345438,3.5419762591740365,1011.664090282436,1156.5273125377228,8.40999999999086,65.0919999998353,8.43248735593479,-4.744452625848767,-420.16209329340415,683.0801138370532
508014.0,-1.7652,2.5279,10.4913,-0.0158,0.0457,9.8065,-0.0462,0.129,-0.0449,26.34,-82.43,-25.82,53.051144,-1.801169,11.77,3.925664,72.86,23 / 23,-0.8988956268992142,8.27792983192596,-0.598999197774621,1431.7410017107657,474.27541663651726,182.0345884283725,False,197.7,7.783119565616957,3.3916293764574714,1012.446304785231,1156.8608973175665,8.489999999996499,66.45399999994038,8.682015192516172,-4.886300455468488,-419.2946969255347,682.5854806810491
508114.0,2.2022,-5.4803,11.1624,-0.0643,0.0764,9.8061,0.0085,-0.4744,0.2057,31.57,-82.81,-23.85,53.051144,-1.801169,11.77,3.925664,72.86,23 / 23,-0.9684190576155918,8.176563723928401,-0.49697919777465566,1431.64763597654,475.0981413143097,181.97978950859505,False,197.79999999999995,7.911753055808961,3.1071149936701192,1013.2418904761392,1157.1722431118517,8.499999999999705,68.55899999993778,8.880172113424553,-5.069448730258282,-418.4057455004007,682.074101797542
508214.0,-2.4111,3.0969,9.5225,0.0331,-0.033,9.8065,-0.0469,0.5353,-0.3053,29.01,-82.72,-25.9,53.051144,-1.801169,11.77,3.925664,72.86,23 / 23,-1.0443910374177003,8.116592972012748,-0.44339919777464337,1431.5469954717883,475.91279914910695,181.93277058881756,False,197.89999999999998,8.10050426207065,2.846600553730298,1014.0508473551089,1157.4502304288599,8.586111111109838,70.63799999996928,9.14489529948835,-5.269992418282451,-417.49614811667936,681.5374312797529
508314.0,-4.2637,1.6983,9.1214,-0.0544,0.0398,9.8063,-0.1815,-0.0436,0.1078,32.47,-82.65,-23.36,53.051144,-1.801169,11.77,3.925664,72.86,23 / 23,-1.2046985645046515,8.533780516415499,-0.4918691977746543,1431.434540991692,476.7453178235285,181.88600716904008,False,198.0,8.311149108690643,2.7041450577050656,1014.8865466102264,1157.7170982527343,8.74,71.977,9.515847673195294,-5.829635458710433,-416.5479943814656,680.9717804292059
508415.0,-2.412,1.5514,9.2312,0.0476,-0.0554,9.8063,-0.0977,0.5361,-0.2955,33.91,-82.37,-22.62,53.051144,-1.801169,11.77,3.925664,72.86,23 / 23,-1.3917455230799471,8.892087832482925,-0.5555345477746537,1431.303420565269,477.6253241751479,181.83311327988986,False,198.101,8.446435941282507,2.554682252757114,1015.7442414697083,1157.9751816769242,8.82434444443696,73.17151999992728,9.838181464362455,-6.337405579725811,-415.5591790955608,680.3498575017763
508515.0,-3.4601,4.0264,9.3395,0.032,-0.018,9.8065,-0.0723,0.5727,-0.2547,31.73,-82.26,-24.39,53.051144,-1.801169,11.77,3.925664,72.86,22 / 24,-1.4841785050923857,9.323006662144554,-0.607664547774636,1431.1596243638605,478.536078899879,181.77495332511242,False,198.20099999999996,8.624875902748776,2.4040700813141354,1016.6069505247606,1158.20846863366,8.95368611110347,74.42462999994022,10.109054407841162,-6.918936580830419,-414.55267383909995,679.6723897337811
508614.0,-1.0573,-2.9333,10.5808,0.0212,-0.038,9.8065,0.0683,0.0597,-0.0837,33.68,-82.32,-22.63,53.051144,-1.801169,11.77,3.925664,72.86,22 / 24,-1.6435883848772075,9.527484181802519,-0.5924680477746376,1431.004799902807,479.46917819665424,181.71554676163274,False,198.29999999999995,8.846249177449362,2.2427169912244476,1017.4872426921523,1158.4176262903882,9.126111111105963,75.77399999995971,10.489837562326569,-7.284767190578071,-413.5175572106547,678.948448093734
508714.0,-1.7493,3.0156,9.2966,0.0697,-0.0348,9.8063,-0.0572,0.3516,-0.2403,31.38,-82.39,-24.49,53.051144,-1.801169,11.77,3.925664,72.86,22 / 24,-1.7596114723637224,9.646095572113909,-0.5792630477746346,1430.8346399099448,480.4278571843503,181.65696020685527,False,198.39999999999998,8.882631709681139,2.245012230087813,1018.3764266996191,1158.6511356362776,9.161944444443916,75.81599999999938,10.642243182044862,-7.401083342026096,-412.45821321032577,678.2232784519273
508814.0,-0.6924,-2.6011,11.0361,0.0201,0.0009,9.8066,-0.0196,-0.1741,0.1891,31.04,-82.53,-24.59,53.051144,-1.801169,11.77,3.925664,72.86,22 / 24,-1.8478877162061458,9.76397993244561,-0.5432930477746264,1430.6542649505163,481.3983609595785,181.6008324020778,False,198.5,9.104708450158755,2.2430718115578228,1019.285667489203,1158.873525489742,9.376944444444444,76.16,10.9525961663649,-7.520908120887787,-411.36859746131336,677.4751645301635
508915.0,1.0864,-1.9359,9.4967,0.0357,-0.0211,9.8065,-0.0454,-0.0107,0.0701,28.53,-82.5,-26.5,53.051144,-1.801169,11.77,3.925664,72.86,22 / 24,-1.9403552865795037,9.595030783745772,-0.49685829777462676,1430.4629586788756,482.3759910007461,181.54830475912757,False,198.601,9.116420626597566,2.2804699270102016,1020.2042681103768,1159.0981392417248,9.397330555542023,75.95549999995646,11.05677591317707,-7.31456085673557,-410.25869056849876,676.7221482409786
509015.0,1.1362,0.0256,9.579,-0.0428,0.06,9.8063,-0.0022,-0.4397,0.3025,26.31,-82.23,-28.42,53.051144,-1.801169,11.77,3.925664,72.86,22 / 24,-1.8852330280079155,9.497424821305184,-0.5237382977746174,1430.2716792631463,483.33061378099836,181.49727492935014,False,198.70099999999996,9.371107093335855,2.215525189060453,1021.1403849880152,1159.3205290951819,9.629444444438352,76.6983199999986,11.25634012134377,-7.281899632244731,-409.13129427513115,675.9899153141835
509115.0,2.1027,-0.8739,10.0354,0.0051,0.0156,9.8066,0.0581,-0.3007,0.2206,28.09,-82.39,-28.62,53.051144,-1.801169,11.77,3.925664,72.86,22 / 24,-1.7595700402252334,9.422762689049403,-0.5236832977746174,1430.0894391097347,484.2766231565163,181.44490384957265,False,198.801,9.507020356857252,2.242041855790719,1022.0898061978012,1159.5429189479462,9.76781388888636,76.7303799999989,11.266590397082485,-7.180720833258684,-407.99963291193353,675.2662957914299
509215.0,-3.9675,2.6805,9.3385,-0.0546,0.0579,9.8062,0.1325,-0.485,0.2851,25.09,-82.4,-30.85,53.051144,-1.801169,11.77,3.925664,72.86,22 / 24,-1.8086230082544001,9.577641691904066,-0.5356532977746133,1429.9110294573109,485.22664337556364,181.39193701979522,False,198.90099999999995,9.594022798308373,2.256219378480977,1023.0461135694377,1159.7654199963347,9.855749999997233,76.76629000000254,11.402645806562774,-7.321422313423089,-406.86491588787317,674.538776620771
509315.0,-1.1978,-0.6858,10.7025,-0.011,0.0315,9.8065,0.0454,-0.3942,0.1889,26.37,-82.65,-29.65,53.051144,-1.801169,11.77,3.925664,72.86,22 / 24,-1.999303187450452,9.816481862845954,-0.5142682977746084,1429.7206331475256,486.1963495533014,181.33944094001774,False,199.00099999999998,9.768671922315766,2.3279689957362724,1024.0289627494014,1159.999040537156,10.042230555555372,76.59590000000009,11.767975109766219,-7.488512867109682,-405.6916703981242,673.8026909838545
509415.0,-3.4351,1.4797,8.9229,-0.0722,0.0671,9.8061,0.0579,-0.4454,0.2962,31.38,-82.75,-25.72,53.051144,-1.801169,11.77,3.925664,72.86,22 / 24,-2.1732155872681753,10.002275818507497,-0.5136632977746082,1429.5120072087896,487.18728743736926,181.28804436024026,False,199.101,9.979468408695054,2.3988448678636125,1025.0185643792913,1160.243669376154,10.26373611110716,76.48381000001852,12.15268399596323,-7.603430950643885,-404.49344282949824,673.0563819387847
509515.0,1.8082,-2.5779,11.7733,-0.0546,0.0174,9.8064,0.1507,-0.3758,0.1695,33.24,-82.68,-26.91,53.051144,-1.801169,11.77,3.925664,72.86,22 / 23,-2.271040871624197,10.034605900876338,-0.45951829777462655,1429.289794385845,488.1891315233381,181.2393852804628,False,199.20099999999996,10.032914332129115,2.470010280631833,1026.0214703413988,1160.4884094094004,10.332488888882846,76.16933999999412,12.303955203753311,-7.564595620244505,-403.2683240444462,672.2992778860623
509614.0,-2.8257,-0.1834,9.9588,-0.0585,0.0084,9.8065,0.0332,-0.2172,0.0242,26.68,-82.67,-27.53,53.051144,-1.801169,11.77,3.925664,72.86,22 / 23,-2.3914328395070297,9.970361721223632,-0.35463769777463755,1429.059001937144,489.17937742063197,181.19908455868313,False,199.29999999999995,10.171126329664629,2.4790771980353643,1027.020899794595,1160.7416002575349,10.468888888884816,76.30199999999603,12.562559169171658,-7.491284523188268,-402.0381021425492,671.562222836903
509714.0,0.1863,-1.5188,10.834,-0.0448,0.0125,9.8065,0.0788,-0.2324,0.1334,36.52,-82.46,-24.44,53.051144,-1.801169,11.77,3.925664,72.86,22 / 23,-2.554656991582799,9.996059834363829,-0.2956626977746241,1428.8116974455895,490.1776984984116,181.16656953890566,False,199.39999999999998,10.381798758838016,2.5108542567866543,1028.0571668709667,1160.997348588276,10.681111111107974,76.40399999999849,12.936455750420816,-7.485205577577174,-400.7545305746228,670.8196500898645
509814.0,-0.8426,-0.3538,8.8479,-0.0026,-0.0251,9.8066,0.1613,0.0906,-0.0707,33.25,-82.51,-25.31,53.051144,-1.801169,11.77,3.925664,72.86,22 / 23,-2.630317032882587,9.97460173664649,-0.29223269777462335,1428.552448744366,491.1762315769623,181.1371747691282,False,199.5,10.51045858661196,2.522367798609195,1029.1001195413696,1161.2419774272994,10.80888888888889,76.505,13.140775619494548,-7.452233938037295,-399.45232920299645,670.0657458503371
509914.0,-0.1725,-0.9873,9.4156,0.0075,-0.0079,9.8066,0.0907,0.1321,-0.1182,30.96,-82.59,-26.95,53.051144,-1.801169,11.77,3.925664,72.86,22 / 23,-2.702854793214643,9.982124212698734,-0.3597226977746003,1428.2857901530613,492.1740678744292,181.10457699935074,False,199.59999999999997,10.664851263621635,2.6199334543971573,1030.1564433998092,1161.508845251154,10.98194444443431,76.19800000001798,13.367706056836278,-7.362190758301576,-398.1293467532521,669.3347773767248
510014.0,0.5341,-2.0986,11.157,0.0598,-0.0601,9.8062,0.1037,0.1499,-0.2302,27.93,-82.77,-30.84,53.051144,-1.801169,11.77,3.925664,72.86,22 / 23,-2.7577429382152485,9.876319854899128,-0.3117576977745894,1428.0127602664897,493.1669900778094,181.07100297957328,False,199.7,10.757651102673895,2.6240240260848466,1031.226138446359,1161.7757130750285,11.073055555551568,76.29199999999588,13.515394040889143,-7.252295828814281,-396.7866218201307,668.6087229972192
510114.0,-1.4176,1.2251,10.387,0.043,-0.0061,9.8065,0.0776,0.295,-0.0742,27.31,-83.0,-31.07,53.051144,-1.801169,11.77,3.925664,72.86,22 / 23,-2.8159041381350227,9.895461388615441,-0.21522269777462222,1427.7340779126723,494.15557913998475,181.04465395979582,False,199.79999999999995,10.916313057517753,2.690800523164634,1032.3092046810225,1162.0425808989025,11.24305555555053,76.15300000000411,13.732217195652776,-7.204660865450807,-395.4248732316498,667.8870017589178
510214.0,1.0141,-3.5139,11.0932,0.0143,-0.028,9.8065,0.0868,-0.1134,0.0105,26.53,-83.05,-31.61,53.051144,-1.801169,11.77,3.925664,72.86,22 / 23,-2.882079804029815,9.84000110945147,-0.12187769777460093,1427.449178715564,495.1423522648883,181.02779894001836,False,199.89999999999998,10.968022110885894,2.7061863860355846,1033.3989565097174,1162.3094487220699,11.296944444443648,76.1400000000002,13.850101914915708,-7.133814723415885,-394.05022220584647,667.1670964571815
510314.0,-2.1923,0.1759,10.3309,0.0507,-0.0346,9.8064,0.0002,0.1975,-0.1568,25.41,-83.06,-33.46,53.051144,-1.801169,11.77,3.925664,72.86,22 / 23,-3.0092379976379537,9.752596553790625,-0.03133769777458033,1427.1546128254804,496.1219821480506,181.0201381702409,False,200.0,11.028314539266306,2.7744186545181417,1034.4953939324691,1162.5874360397843,11.371944444444445,75.87899999999999,14.03755253690426,-6.978177899272483,-392.65921889301126,666.4654538917337
510415.0,-0.488,-2.0476,9.2949,-0.0053,-0.0078,9.8066,0.1129,0.1365,-0.3437,28.5,-83.35,-32.41,53.051144,-1.801169,11.77,3.925664,72.86,22 / 23,-3.1745733910873892,9.766806898251591,-0.03070644777458028,1426.8423303503498,497.10771202237873,181.01700494089067,False,200.101,11.16540782614542,2.706501737961887,1035.6163674852487,1162.8680920343033,11.48875555555149,76.37426999998682,14.33998121723281,-7.060305160289705,-391.2259628651011,665.7603800119246
510514.0,-2.9071,-2.4033,9.532,-0.0081,0.0396,9.8065,-0.0221,0.1953,0.0007,31.62,-83.73,-29.54,53.051144,-1.801169,11.77,3.925664,72.86,22 / 23,-3.425255076013519,9.700296090366042,-0.0696332477745761,1426.5156388412283,498.0713336203152,181.012038125961,False,200.2,11.24335089212619,2.6787513773702383,1036.7216967480429,1163.1322911799389,11.558055555552492,76.59899999999006,14.668605968139708,-7.021544712995803,-389.7939420931855,665.0609575596236
510615.0,0.3228,-1.3933,9.8365,0.025,-0.0133,9.8066,-0.1701,0.4383,-0.1917,29.43,-83.79,-29.6,53.051144,-1.801169,11.77,3.925664,72.86,22 / 23,-3.6300723861144695,9.64223797193104,-0.08199564777457598,1426.159344804391,499.0481315904612,181.00438086673577,False,200.301,11.307399340771143,2.671250224628049,1037.8627939389878,1163.4017164871282,11.618644444442731,76.70816999999077,14.937471726885612,-6.970987747302991,-388.2965508654031,664.3535848966669
510716.0,-1.3356,2.6002,8.7039,0.062,-0.0503,9.8063,-0.1125,0.4335,-0.2838,31.29,-83.74,-29.78,53.051144,-1.801169,11.77,3.925664,72.86,22 / 23,-3.635792354162809,9.757814840974945,-0.13617709777457543,1425.792418635007,500.02783425751295,180.99336314308553,False,200.402,11.379753987173224,2.6223061082597177,1038.9974729596377,1163.6602446917395,11.677983333332586,77.02349999999892,15.015546341336034,-7.135508732715227,-386.79494567536926,663.6324104342266
510814.0,2.4786,-2.9406,9.6693,0.0096,0.0042,9.8066,0.0505,-0.105,0.2254,29.08,-83.78,-28.86,53.051144,-1.801169,11.77,3.925664,72.86,22 / 23,-3.5855746353749294,9.752247509203135,-0.19694199777458352,1425.4385716525196,500.9838273126718,180.97704030740363,False,200.5,11.432728621125072,2.619074424984678,1040.1112929268847,1163.9217751591364,11.728888888888887,77.097,15.018303256500001,-7.133173084218457,-385.32727872563487,662.9379478464646
510914.0,-2.6391,1.2271,8.9413,0.0718,-0.0822,9.806,-0.0321,0.2202,-0.2626,26.1,-83.8,-33.94,53.051144,-1.801169,11.77,3.925664,72.86,22 / 23,-3.6379868849855614,9.71406816540076,-0.24707699777456638,1425.0773935765017,501.95714309640164,180.95483935762618,False,200.59999999999997,11.445548609547965,2.6843184392368715,1041.247843913788,1164.188642982991,11.756111111109519,76.80100000001734,15.083535494533526,-7.029749726163889,-383.8295496627136,662.2314998865894
511014.0,-2.6941,1.7208,10.3956,-0.0384,0.0641,9.8063,0.0306,-0.566,0.2243,29.28,-83.88,-33.99,53.051144,-1.801169,11.77,3.925664,72.86,22 / 23,-3.802595377354351,10.005541297091666,-0.2608969977745695,1424.7053644633845,502.9431235695265,180.92944065784872,False,200.7,11.53564696993182,2.636295272894732,1042.3977660888615,1164.4443913144405,11.833055555552187,77.12699999998573,15.33824234728617,-7.369246024196934,-382.30759837452297,661.501267744914
511114.0,-0.7382,0.2837,9.8111,-0.0098,0.0214,9.8066,0.0381,-0.3505,0.2255,37.1,-84.11,-31.66,53.051144,-1.801169,11.77,3.925664,72.86,22 / 23,-3.8930174882952455,10.216976152576429,-0.23122699777457956,1424.3205838201022,503.95424944200954,180.90483445807126,False,200.79999999999995,11.619509377954778,2.5966292776776854,1043.5543738579652,1164.700139645889,11.90611111110895,77.40299999999185,15.512526866250024,-7.620346874898743,-380.76620996213705,660.7458902038795
511214.0,-3.4165,3.708,8.6583,-0.0771,0.0724,9.806,-0.0045,-0.3439,0.0609,40.79,-84.37,-27.25,53.051144,-1.801169,11.77,3.925664,72.86,22 / 23,-3.9125476048995482,10.538738565640031,-0.2884219977745925,1423.9303055654425,504.9920351779206,180.8788520082938,False,200.89999999999998,11.679558873652196,2.657389585446975,1044.717667221126,1164.967007469763,11.978055555554493,77.18200000000327,15.592106478551745,-7.8813489801930565,-379.2126383443165,659.9749722918425
511314.0,-1.4331,-2.8876,11.0688,-0.1072,0.0627,9.8059,0.1337,-0.8001,0.2587,42.39,-84.19,-24.3,53.051144,-1.801169,11.77,3.925664,72.86,22 / 23,-4.059789101053765,10.768130606300947,-0.2827319977745911,1423.5316887301447,506.0573786365179,180.8502943085163,False,201.0,11.738014558734989,2.625477988187353,1045.8876461783177,1165.2338752936373,12.028055555555556,77.392,15.797803659788753,-8.142652618113594,-377.64404255182694,659.1764966571194
511414.0,-5.2644,4.5954,9.7576,-0.0498,-0.0597,9.8062,0.1291,0.1656,-0.3631,38.13,-84.1,-23.82,53.051144,-1.801169,11.77,3.925664,72.86,22 / 23,-4.264837159603899,11.089050730599192,-0.22207699777461176,1423.1154574171119,507.15023770336256,180.82505385873887,False,201.09999999999997,11.858591872354882,2.6539692133871204,1047.070996323483,1165.5007431174922,12.151944444437191,77.38500000000042,16.123429031958782,-8.435081517212073,-376.0444610936288,658.3505054141297
511514.0,1.5986,-6.162,10.3089,-0.1023,0.1198,9.8054,0.0057,-0.7438,0.4385,48.75,-83.83,-18.35,53.051144,-1.801169,11.77,3.925664,72.86,21 / 23,-4.496630431586269,11.204299842142083,-0.19941699777460659,1422.6773840375522,508.2649052319999,180.8039791589614,False,201.2,11.85007441023362,2.741469846532151,1048.247660874732,1165.7676109413667,12.163055555555069,76.97400000001798,16.34670484181989,-8.462829995609932,-374.4297231628202,657.5027057093669
511614.0,0.7472,-2.7273,10.3166,0.055,-0.0464,9.8063,-0.1831,0.8489,-0.3308,44.65,-83.58,-19.28,53.051144,-1.801169,11.77,3.925664,72.86,21 / 23,-4.730462530648423,10.85238538654457,-0.14880699777462386,1422.2160293894406,509.3677394934338,180.78656795918394,False,201.29999999999995,11.865162025822238,2.7600182152484365,1049.4243254259534,1166.0455982583733,12.181944444443886,76.90500000000205,16.59562455647066,-8.092367171296134,-372.7917039634872,656.6778587649394
511714.0,4.02,-7.4277,10.7537,-0.0465,0.0543,9.8063,-0.1746,0.0721,-0.0612,44.27,-83.5,-19.73,53.051144,-1.801169,11.77,3.925664,72.86,21 / 23,-4.902023091745373,10.35802775904353,-0.07595699777460727,1421.7344051083207,510.42826015071347,180.77532975940647,False,201.39999999999998,11.838864832820663,2.776126702837981,1050.6009899771752,1166.3235855753805,12.160000000000325,76.8030000000015,16.740887924566035,-7.581901056205549,-371.1334151311455,655.8953254246671
511814.0,0.904,-5.2732,10.1093,0.1003,-0.222,9.8036,-0.1298,1.1377,-0.726,40.69,-82.83,-29.88,53.051144,-1.801169,11.77,3.925664,72.86,21 / 23,-5.143180691512629,9.757960354686087,-0.013471997774593021,1421.2321449191577,511.4340595564002,180.770858309629,False,201.5,11.956768040638917,2.7373673141321904,1051.7910257165106,1166.5904533992552,12.266111111111112,77.105,17.099948732151546,-7.020593040553897,-369.4411192026471,655.1563938428551
511915.0,-2.4438,8.5467,8.4552,0.0575,-0.0427,9.8063,-0.191,0.8129,-0.4351,36.68,-82.99,-26.33,53.051144,-1.801169,11.77,3.925664,72.86,21 / 23,-5.113842350762924,9.982760949254963,-0.06643639777459254,1420.7141652555229,512.4309659822492,180.76682293565378,False,201.601,11.913296268598762,2.7612746230127545,1052.9862093631295,1166.8713317836216,12.229119444443105,76.95037000002688,17.027138619361686,-7.221486326242209,-367.7279558923933,654.4403658013724
512015.0,0.244,-0.7181,11.0296,0.0627,-0.1301,9.8055,0.006,0.5477,-0.4403,43.73,-83.03,-22.22,53.051144,-1.801169,11.77,3.925664,72.86,21 / 23,-4.962228665239702,10.40003763680871,-0.07286139777459029,1420.2103617047228,513.450105911552,180.7598580458763,False,201.70099999999996,11.913898862734625,2.8612459792599583,1054.1696932202874,1167.1603273974304,12.252663888885733,76.4955599999844,16.876127527974326,-7.538791657548751,-366.0406684844354,653.7102214858784
512115.0,-1.8722,6.9726,8.646,0.0715,-0.0578,9.8061,-0.1255,0.82,-0.4842,39.54,-82.94,-25.48,53.051144,-1.801169,11.77,3.925664,72.86,21 / 23,-4.817225843991122,10.729833444922487,-0.06974639777458946,1419.721388979261,514.5065994656388,180.75272765609884,False,201.801,11.999608553621224,2.8055090873551713,1055.3662139858063,1167.4384259093615,12.323219444446393,76.84058000002157,16.816834397612347,-7.924324357567317,-364.35517499345474,652.9318264437227
512215.0,-0.1134,-4.287,11.4957,0.0582,-0.0741,9.8062,-0.0333,0.0794,-0.0764,46.58,-83.06,-21.21,53.051144,-1.801169,11.77,3.925664,72.86,21 / 23,-4.814936049402195,10.950460443874917,-0.043326397774583386,1419.2397808845913,515.590614160079,180.7470740163214,False,201.901,11.898131460135758,2.9437094152171,1056.5429453929692,1167.7276439137186,12.2568750000001,76.10354000000353,16.713067509537954,-8.006751028657817,-362.6968354916221,652.1370297536396
512315.0,-2.258,7.4081,9.7944,0.0643,-0.1001,9.8059,-0.0317,0.787,-0.3933,40.0,-82.9,-25.39,53.051144,-1.801169,11.77,3.925664,72.86,21 / 23,-4.810649542455675,11.198914053443538,0.04051360222543568,1418.7585016049982,516.6980828849452,180.74693337654392,False,202.00100000000003,11.879387780158684,2.9921035695863045,1057.726295538273,1168.0278702155772,12.2504111111111,75.86275999999994,16.69003732261436,-8.206810483857232,-361.03220606672517,651.329787330632
512415.0,-0.5922,-3.2418,11.0327,-0.0136,0.0251,9.8066,0.2269,-0.3573,0.1987,46.89,-83.26,-20.89,53.051144,-1.801169,11.77,3.925664,72.86,21 / 23,-4.785250514568826,11.501386041243157,0.10120360222538052,1418.2787066021474,517.8330978896785,180.75401923676645,False,202.10099999999994,11.933366212337736,2.946279352719781,1058.909712539379,1168.328096517421,12.291699999996547,76.13138000002711,16.71861672690656,-8.555106688523376,-359.3689940627685,650.4949986277426
512514.0,-0.7494,-1.0821,10.5212,0.0639,-0.0522,9.8062,-0.0241,0.306,-0.1619,42.22,-83.66,-24.02,53.051144,-1.801169,11.77,3.925664,72.86,21 / 23,-4.972972744800498,11.43312880869226,0.1972633022254256,1417.7956745508084,518.9683563747508,180.76879334853678,False,202.2,11.965958805987523,3.055868101431336,1060.0878479212952,1168.6253205569612,12.349999999997422,75.67400000002021,16.93893155078802,-8.377260707260923,-357.7078266295132,649.6569641822105
512614.0,2.1632,-4.4844,10.4438,-0.0189,0.0325,9.8065,-0.0214,-0.3592,0.2943,40.96,-83.94,-24.59,53.051144,-1.801169,11.77,3.925664,72.86,21 / 23,-5.091151795621516,11.213767953583309,0.26484830222544103,1417.2924683237873,520.1007012128648,180.79189892875934,False,202.3,11.869376187078686,3.0977144692102896,1061.2711980666008,1168.936666351245,12.266944444446851,75.37300000000873,16.960527982700203,-8.116053484373019,-356.0212702571864,648.8359651383803
512714.0,-0.8026,3.5588,9.7809,0.0142,-0.0911,9.8062,0.0304,0.3058,-0.1502,37.68,-83.61,-24.89,53.051144,-1.801169,11.77,3.925664,72.86,21 / 23,-5.069647078227765,11.17505856589819,0.29541830222544807,1416.7844283800946,521.2201425388391,180.8199122589819,False,202.40000000000003,11.880133846597232,3.1626134444903418,1062.4478626177963,1169.2480121455296,12.293888888888505,75.09300000000398,16.949780924825,-8.012445121407849,-354.3365657622983,648.0278696066905
512814.0,-3.7491,4.4535,8.3189,-0.0941,0.0527,9.806,0.0534,-0.6485,0.363,37.88,-83.48,-25.13,53.051144,-1.801169,11.77,3.925664,72.86,21 / 23,-4.995042914388094,11.667696655908586,0.21974330222551697,1416.2811938804643,522.3622802999284,180.84567033920442,False,202.49999999999994,11.909285000033567,3.1196774798204197,1063.6245271690436,1169.5593579405206,12.3111111111111,75.32099999999987,16.90432791442166,-8.548019176088166,-352.6566667114207,647.1970776405922
512914.0,-1.3379,3.6522,9.007,-0.0148,-0.0015,9.8066,0.0812,-0.102,0.0797,46.12,-83.27,-21.51,53.051144,-1.801169,11.77,3.925664,72.86,21 / 23,-4.909561914395476,12.168929788823,0.10537330222549098,1415.785963639025,523.5541116221652,180.86192616942697,False,202.59999999999997,11.935325016515124,3.0824626658801653,1064.8145629082662,1169.8707037347824,12.326944444443518,75.5189999999884,16.8448869309106,-9.086467122942835,-350.9714007307589,646.3165921126172
513014.0,-2.4366,1.5881,9.6875,-0.0601,0.0695,9.8062,0.0553,-0.3251,0.0989,47.98,-83.35,-16.92,53.051144,-1.801169,11.77,3.925664,72.86,21 / 23,-4.832284992957311,12.521906384742413,0.05943330222548057,1415.2988712936574,524.7886534308437,180.8701664996495,False,202.7,11.89740476510309,3.21083448352828,1065.997913053572,1170.1931690214917,12.323055555555726,74.89700000002722,16.729689758060402,-9.311071901214135,-349.3009582400855,645.404515590648
513115.0,2.0148,-0.2211,10.2352,-0.0664,0.0606,9.8062,0.1939,-0.4082,0.045,51.51,-83.49,-13.75,53.051144,-1.801169,11.77,3.925664,72.86,21 / 23,-4.784140219818274,12.614539834383194,0.07505800222548052,1414.8132418204123,526.0580439649095,180.8769583105243,False,202.801,11.961711758514175,3.256402470328323,1067.1931635562169,1170.5188589624834,12.397044444444152,74.77110999999677,16.74585197833245,-9.35813736405487,-347.6200782641954,644.4608149975738
513215.0,-4.2472,8.2694,10.211,-0.0371,-0.0273,9.8065,0.0701,0.6866,-0.3386,50.25,-83.75,-10.08,53.051144,-1.801169,11.77,3.925664,72.86,21 / 23,-4.5311364071949125,12.989941095142424,0.1167030022254901,1414.3474779890614,527.338268011386,180.88654636074685,False,202.901,11.976229477912067,3.236413667785288,1068.3830655836452,1170.8413242492004,12.4058250000016,74.87777000000462,16.507365885106978,-9.753527427357135,-345.96441240541617,643.5030562378143
513315.0,-1.1916,1.0771,10.5198,-0.0818,0.0521,9.8061,0.0609,-0.0171,-0.1926,56.98,-83.28,-5.26,53.051144,-1.801169,11.77,3.925664,72.86,21 / 23,-4.3179413756732234,13.529480838759802,0.17257800222550287,1413.905024099918,528.6642391080815,180.9010104109694,False,203.00100000000003,11.850960095609832,3.274147081687898,1069.5596632789263,1171.163900731549,12.294930555555558,74.55575000000006,16.168901471283057,-10.255333757071904,-344.3453608209916,642.4996616234674
513415.0,5.3968,-10.9968,9.8571,0.1426,-0.2467,9.8024,-0.0564,1.8437,-0.8973,61.24,-83.23,-0.15,53.051144,-1.801169,11.77,3.925664,72.86,21 / 23,-4.635973060068982,13.138375895499838,0.21075800222546826,1413.4573283781313,529.9976319447933,180.92017721119194,False,203.10099999999994,11.831753325411496,3.317464156606453,1070.7296422360585,1171.4973743171367,12.288044444444509,74.33721999997525,16.46772638548048,-9.820911738893384,-342.7276861420728,641.4997423723435
513515.0,-4.0431,4.0108,8.5774,0.1263,-0.1793,9.8041,-0.1686,1.8521,-1.0615,43.69,-83.08,-12.24,53.051144,-1.801169,11.77,3.925664,72.86,23 / 23,-4.978237572983388,12.954528611485914,0.151818002225455,1412.9766178464786,531.3022771701428,180.93830601141448,False,203.20099999999996,11.852590655714428,3.230514266900786,1071.8994874813438,1171.8198396038538,12.284955555564279,74.75391000000478,16.830828228697815,-9.724014344585129,-341.07713036513474,640.517562433711
513614.0,5.1283,-9.6882,12.3835,0.0944,-0.1394,9.8052,0.0693,0.3557,-0.1297,44.7,-82.85,-16.19,53.051144,-1.801169,11.77,3.925664,72.86,23 / 23,-5.1299823848820125,12.75175327768918,0.21852420222548635,1412.476260958564,532.5747381236575,180.95663795053483,False,203.3,11.656612250059567,3.2006996057265624,1073.0445291727835,1172.1390802383971,12.088055555561322,74.64600000000316,16.78659463494158,-9.551053671962618,-339.43173178578036,639.5643421147396
513714.0,-2.5002,0.3758,9.8091,0.145,-0.1832,9.8038,-0.2067,1.056,-0.4413,39.48,-82.68,-16.19,53.051144,-1.801169,11.77,3.925664,72.86,23 / 23,-5.361463534005532,12.35667980593608,0.34748920222551577,1411.9516886626193,533.8301597778391,180.9849386207574,False,203.40000000000003,11.578810324617328,3.212176474156989,1074.1944513478313,1172.4615455258145,12.016111111112135,74.49500000000215,16.94027385862286,-9.144503331779092,-337.757237314788,638.6313857479754
513814.0,2.5429,-7.4514,11.5011,-0.0536,0.0563,9.8063,0.0997,-0.5155,0.6415,43.42,-82.59,-14.95,53.051144,-1.801169,11.77,3.925664,72.86,23 / 23,-5.598599356389462,12.12842568886167,0.43233420222543867,1411.4036855181,535.0544150525778,181.0239297909799,False,203.49999999999994,11.610260808549146,3.306612560796932,1075.3510591169609,1172.7951303056568,12.071944444444412,74.10300000000024,17.208860164938606,-8.821813128064738,-336.05262640113915,637.740715253079
513914.0,-4.0608,2.4305,9.8148,0.0773,-0.1328,9.8054,-0.0208,0.3089,-0.2878,38.96,-82.33,-17.11,53.051144,-1.801169,11.77,3.925664,72.86,23 / 23,-5.832826389047869,12.028393384661006,0.5174642022254581,1410.832114230828,536.2622560062542,181.07141971120245,False,203.59999999999997,11.578616670051275,3.301096182793794,1076.5009812919247,1173.1175955923434,12.04000000000187,74.08700000000094,17.411443059099145,-8.727297201867213,-334.33113293890324,636.8553395860891
514014.0,-8.6749,4.7283,7.2929,-0.1324,0.0748,9.8054,0.2414,-0.7444,0.6357,38.27,-82.33,-16.87,53.051144,-1.801169,11.77,3.925664,72.86,23 / 23,-6.099039103955136,12.741104728179197,0.3921842022254297,1410.2355209561777,537.5007309118965,181.116902131425,False,203.7,11.511016874987803,3.3081246544108245,1077.650903466999,1173.4511803721857,11.976944444447204,73.96600000000531,17.61005597894294,-9.432980073768373,-332.58461748917875,635.9504494602892
514114.0,-4.9597,-1.3719,7.8522,-0.0207,-0.0194,9.8066,0.0611,-0.5491,0.0474,42.1,-82.19,-14.08,53.051144,-1.801169,11.77,3.925664,72.86,23 / 23,-6.5127847391158555,13.346723350546055,0.16877420222537898,1409.604929764024,538.805122315833,181.14495005164756,False,203.8,11.522413391088698,3.351714433665817,1078.7941400480163,1173.7847651527359,11.999999999999332,73.78100000000536,18.035198130204552,-9.995008916880238,-330.8107897160078,634.9796428369028
514214.0,-8.5894,6.4193,8.7165,-0.0821,0.0217,9.8062,-0.0235,-0.2193,0.1545,43.44,-81.66,-9.73,53.051144,-1.801169,11.77,3.925664,72.86,23 / 23,-6.8219478274764525,14.025950970849593,0.016544202225344418,1408.9381931356943,540.1737560319032,181.1542159718701,False,203.90000000000003,11.641279039546257,3.3295092220631415,1079.9440622230902,1174.1072304401537,12.10805555555402,74.03899999999634,18.46322686702271,-10.696441748786452,-328.9941309126041,633.9334744082505
514314.0,-2.5991,-2.7266,9.9786,-0.1073,0.0789,9.8057,-0.0838,-0.2334,0.4175,41.16,-81.37,-11.61,53.051144,-1.801169,11.77,3.925664,72.86,23 / 23,-7.08898468564154,14.572803338310846,-0.029365797774613768,1408.242646510039,541.6036937473599,181.15357489209262,False,203.99999999999994,11.339385605691623,3.4620376607497207,1081.067242021989,1174.4519347124215,11.856111111111256,73.02200000000057,18.428370291333163,-11.110765677561126,-327.17540448805016,632.8482409650616
514414.0,-0.2273,-5.1087,12.5967,0.094,-0.0208,9.8061,-0.2342,0.5172,-0.5075,41.2,-81.12,-11.71,53.051144,-1.801169,11.77,3.925664,72.86,23 / 23,-7.442379001276264,14.406824784721012,0.11873420222542,1407.5160783256931,543.0526751535118,181.15804331231516,False,204.09999999999997,11.326272224654783,3.4364347407755553,1082.1904218208072,1174.7966389853723,11.836111111112281,73.12199999999415,18.76865122593105,-10.970390043945457,-325.32565650488596,631.7439638318605
514514.0,-3.1538,0.0265,10.2241,0.0506,0.0014,9.8064,-0.0214,0.4585,0.3044,36.53,-81.42,-15.05,53.05154,-1.799703,11.14,4.0,58.28,23 / 23,-7.735592770769375,14.353266614286367,0.27910920222545654,1406.7571797370906,544.4906797234626,181.17793548253772,False,204.2,11.282812277847976,3.427550274431113,1083.3136016197068,1175.141343257641,11.791944444446377,73.10200000000088,19.01840504861735,-10.925716339855255,-323.4435781173838,630.6506635341784
514614.0,-4.3413,-2.7526,8.7307,0.0025,0.0408,9.8066,-0.1826,0.1914,0.0803,36.13,-81.54,-13.23,53.05154,-1.799703,11.14,4.0,58.28,23 / 23,-8.110076448632567,14.501655557555962,0.24618420222544915,1405.9648962761203,545.933425832055,181.20420015276028,False,204.3,11.171490664282684,3.487019597639897,1084.42341023052,1175.4860475299097,11.703055555558134,72.66500000001267,19.28156711291525,-11.014635959916065,-321.5414860456003,629.5526216978546
514714.0,-7.5362,2.5236,12.4961,0.0032,-0.0991,9.8061,0.2199,0.6354,-0.3893,36.45,-81.24,-13.38,53.05154,-1.799703,11.14,4.0,58.28,23 / 23,-8.586793914219097,14.88048830660075,0.3268592022254676,1405.1300527579774,547.4025330252632,181.23285232298284,False,204.40000000000003,11.251307526682497,3.536084566783448,1085.539904435389,1175.8418712960183,11.793888888887597,72.55300000000159,19.838101440901596,-11.344403739817302,-319.59014832258845,628.4393382707551
514814.0,-0.1711,-2.6968,9.7609,0.0483,-0.0125,9.8065,-0.0194,0.4855,-0.2529,35.29,-81.65,-11.69,53.05154,-1.799703,11.14,4.0,58.28,23 / 23,-8.892193933504462,15.137432324319672,0.4590442022253474,1404.256103365592,548.9034290568079,181.27214749320535,False,204.49999999999994,11.247846490458953,3.61302089754298,1086.649713046227,1176.1976950614194,11.813888888888878,72.19200000000019,20.140040423963413,-11.524411426776691,-317.6063903193651,627.2942660046115
514914.0,-2.3013,1.33,9.6487,0.0274,-0.0538,9.8064,0.0662,0.5895,-0.4421,38.77,-81.96,-10.67,53.05154,-1.799703,11.14,4.0,58.28,23 / 23,-9.016795702570619,15.192733848146286,0.44885920222534514,1403.360653883788,550.4199373654316,181.3175426634279,False,204.59999999999997,11.107683373133938,3.7577988068077746,1087.752836062929,1176.5757578116447,11.72611111111625,71.3090000000517,20.124479075704556,-11.434935041338512,-315.60781782085905,626.1558204462132
515014.0,2.5045,-4.5311,11.2636,0.0651,-0.0537,9.8062,-0.0832,0.5252,-0.1544,38.36,-82.07,-6.87,53.05154,-1.799703,11.14,4.0,58.28,23 / 23,-9.097943771036244,15.09757174824647,0.51380920222536,1402.4549169101074,551.9344526452516,181.36567608365044,False,204.7,11.248576263327722,3.8094024690758177,1088.8626446737408,1176.9427010694726,11.876111111104544,71.29100000000078,20.346520034363966,-11.288169279170653,-313.5922722363666,625.008248424221
515114.0,-5.0907,3.4306,9.643,0.0704,-0.0521,9.8062,-0.1258,0.905,-0.4371,35.16,-81.86,-7.32,53.05154,-1.799703,11.14,4.0,58.28,23 / 23,-9.241489516418163,15.165581315015606,0.5784742022253748,1401.5379452457344,553.447610298415,181.420290253873,False,204.8,11.083885931952652,3.8756589096530156,1089.9590820964668,1177.3318833128576,11.741944444448334,70.72700000001636,20.325375448370814,-11.28992240536259,-311.5788631492676,623.8842730144426
515214.0,1.1963,-2.8449,10.6409,-0.0235,-0.0729,9.8063,0.1215,-0.0148,0.0835,38.55,-81.29,-5.81,53.05154,-1.799703,11.14,4.0,58.28,23 / 23,-9.384434702047308,15.340416767468149,0.6120042022253825,1400.606649034811,554.9729102025395,181.47981417409554,False,204.90000000000003,11.191335035642929,3.9016159772780763,1091.0755763013356,1177.7210655555361,11.851944444442882,70.77999999999925,20.575769737690237,-11.438800790190072,-309.5310727334754,622.7481553529966
515314.0,-5.1386,1.8713,9.5018,0.0781,-0.059,9.8061,-0.0245,0.6171,-0.152,34.56,-81.29,-6.59,53.05154,-1.799703,11.14,4.0,58.28,23 / 23,-9.576769622446927,15.451280110264555,0.6384742022253586,1399.658588818587,556.5124950464248,181.542338094318,False,204.99999999999994,11.11376301869402,4.0448592628526425,1092.1720137240598,1178.1324867844799,11.826944444444457,70.00100000000045,20.690532641140948,-11.406420847411912,-307.4865750945273,621.6199917380551
515414.0,-2.9919,4.6065,9.9885,-0.0469,0.0315,9.8064,-0.0463,-0.3877,0.3703,33.49,-81.19,-6.01,53.05154,-1.799703,11.14,4.0,58.28,23 / 23,-9.72652429266745,15.985637256251286,0.6323242022253572,1398.6934241228312,558.0843409147509,181.60587801454056,False,205.09999999999997,11.227322999384619,4.168267699291712,1093.2885079288483,1178.5439080119797,11.976111111102377,69.6320000000216,20.953847292052068,-11.817369556959573,-305.4049161939829,620.4595670972288
515514.0,-5.1809,2.9901,9.7385,0.0403,0.0018,9.8065,-0.0148,0.0297,0.2952,33.51,-81.16,-5.79,53.05154,-1.799703,11.14,4.0,58.28,22 / 23,-9.851553472336217,16.564921028731764,0.6380092022253586,1397.7145202345807,559.7118688290004,181.66939468476312,False,205.2,11.181674388069315,4.382950818701596,1094.391630945631,1178.977568227189,12.009999999998515,68.59600000004535,21.033227860405532,-12.181970210030167,-303.3228892889497,619.2656993981886
515614.0,-5.5805,5.0053,9.9407,-0.1484,0.1309,9.8045,0.0539,-0.4722,0.4841,28.5,-81.28,-7.5,53.05154,-1.799703,11.14,4.0,58.28,22 / 23,-10.106330204879143,17.222843460179007,0.6413042022253594,1396.7166260507197,561.4012570534463,181.73336035498568,False,205.3,10.972991045788051,4.565817835737604,1095.4746971802701,1179.4445869189676,11.885000000003624,67.40800000003445,21.079321250667192,-12.657025624441403,-301.24192887044956,618.0433298655213
515715.0,3.6591,-1.2812,8.8864,-0.1028,0.0996,9.8055,-0.0624,-0.5711,0.4899,38.07,-81.67,0.4,53.05154,-1.799703,11.14,4.0,58.28,22 / 23,-10.121818127471352,17.45181606084355,0.6016011022253599,1395.695104559936,563.1523273592579,181.79612707286043,False,205.401,11.126661578499522,4.696140447171308,1096.5820989772487,1179.9053786950951,12.077105555555324,67.11725000000823,21.248479705970873,-12.755675613672244,-299.11300558268726,616.7530513358372
515815.0,-6.4909,4.8286,8.3312,-0.0705,0.0814,9.806,-0.1628,0.2007,0.1466,37.98,-81.85,2.76,53.05154,-1.799703,11.14,4.0,58.28,22 / 23,-10.11554064005846,17.714977816858653,0.4818161022253328,1394.6832366215592,564.9106670531435,181.85029793308297,False,205.50100000000003,11.095527011577222,4.813093145703882,1097.6786701118804,1180.3945251775094,12.094486111111074,66.54941999999997,21.21106765163568,-12.901884671154772,-297.00456650967885,615.483858124366
515916.0,4.1148,-3.8669,9.779,-0.1679,0.1215,9.8044,-0.0189,-0.6082,0.3895,44.24,-81.86,5.26,53.05154,-1.799703,11.14,4.0,58.28,22 / 23,-10.200197443815213,17.86017883535506,0.40590955222533354,1393.6572918483237,566.7072124640803,181.89512807863272,False,205.60200000000003,11.23612622199436,4.8438406260173466,1098.7994430968408,1180.8776671340709,12.235750000001039,66.67934000003069,21.436323665809574,-13.016338209337714,-294.85784875148283,614.1704546699906
516014.0,0.9879,-0.5414,10.5625,0.0585,-0.0236,9.8064,-0.1583,1.3216,-0.6657,44.17,-81.81,7.59,53.05154,-1.799703,11.14,4.0,58.28,22 / 23,-10.159108980492013,17.56551031640728,0.4415913522253177,1392.659685833533,568.4430712325159,181.93665562295078,False,205.7,11.175324577123822,4.938927227100333,1099.8805036532865,1181.3571396571695,12.218055555556345,66.15700000002333,21.334433557615835,-12.626583089306948,-292.7791821802466,612.9140684246536
516114.0,4.1966,-2.1277,9.9323,-0.1008,0.0601,9.8059,0.029,0.3306,0.1068,39.7,-81.84,9.23,53.05154,-1.799703,11.14,4.0,58.28,22 / 23,-10.037614370131015,17.331451855936297,0.4856663522253278,1391.6498496660017,570.1879193411335,181.98301850817333,False,205.8,11.126094888746623,5.062950927522688,1100.9903122640985,1181.868636320066,12.22388888888872,65.53200000001812,21.16370925887764,-12.268500928413609,-290.6595374019032,611.6807169789324
516214.0,4.2883,-1.8604,10.3076,0.1555,-0.0623,9.8052,-0.0408,0.9019,-0.1744,28.67,-82.34,2.22,53.05154,-1.799703,11.14,4.0,58.28,22 / 23,-9.7941266813465,16.967817897957904,0.516996352225335,1390.6582626134277,571.9028828288285,182.03315164339588,False,205.90000000000003,11.503503078519374,5.024800563529018,1102.1268632510848,1182.3578939974052,12.553055555550879,66.4039999999876,21.297629759865874,-11.943017334428886,-288.5313993623429,610.4550111685767
516315.0,-4.6014,3.622,8.4162,0.1568,-0.0656,9.8051,-0.077,1.1025,-0.4014,26.43,-82.41,0.55,53.05154,-1.799703,11.14,4.0,58.28,22 / 23,-9.773616401931642,17.086491543765206,0.47207660222533554,1389.6700915877223,573.6226254556356,182.08309982759565,False,206.00100000000003,11.248797786456683,5.348157947478311,1103.248037371793,1182.9079752984314,12.455461111111072,64.5714999999998,21.022414188388325,-11.738333596286894,-286.42205421592917,609.2853498427959
516414.0,2.4163,-0.438,8.0222,0.0363,-0.0197,9.8065,-0.04,0.3045,-0.0222,30.93,-82.38,2.69,53.05154,-1.799703,11.14,4.0,58.28,22 / 23,-9.803394166572053,17.305307831359094,0.3149190522254424,1388.701029564582,575.3250195247031,182.12205611249092,False,206.09999999999997,11.458584877345894,5.2669683941729115,1104.373222848827,1183.4253652928633,12.611111111101906,65.31399999995608,21.261979043917947,-12.038339437186183,-284.32780671575506,608.1003457681602
516514.0,-4.5819,3.0206,10.4315,0.0724,-0.0925,9.8059,0.0393,0.5156,-0.3084,27.4,-82.13,2.03,53.05154,-1.799703,11.14,4.0,58.28,22 / 22,-9.841631463824493,17.50125899070898,0.2569390522254293,1387.718778283062,577.0653478658069,182.15064901771348,False,206.2,11.423262526493621,5.445924921513015,1105.5030882417311,1183.9702204337436,12.65499999999808,64.51100000003515,21.264893990318114,-12.055334069195965,-282.21569004133084,606.9048725679368
516615.0,2.1492,-2.1708,9.5037,0.1104,-0.1147,9.8053,0.0859,0.2615,-0.0121,28.48,-81.85,3.85,53.05154,-1.799703,11.14,4.0,58.28,22 / 22,-9.931233564395201,17.63282645073425,0.2731950022254292,1386.7202485991368,578.8396191805997,182.17742078746323,False,206.301,11.212375890306728,5.7550100617199496,1106.6311485243173,1184.5537714083796,12.603180555546306,62.82921999993247,21.14360945470193,-11.8778163890143,-280.0891000748195,605.7141522277799
516715.0,-11.6832,3.3415,8.4751,0.2053,-0.0633,9.8042,0.0241,1.2402,-0.4208,12.9,-81.62,-5.76,53.05154,-1.799703,11.14,4.0,58.28,22 / 22,-10.42289377178118,17.8165170832153,0.19147000222541066,1385.7025422323277,580.6120863572976,182.20065403768578,False,206.401,11.71650459183722,5.436310682287313,1107.7874888696601,1185.087951835839,12.916336111113571,65.10904000002712,22.139398363618398,-12.380206400927985,-277.91505336266755,604.4758654785414
516815.0,5.9036,0.3939,9.793,-0.0462,0.0387,9.8064,0.0714,-0.6794,0.4982,22.24,-82.1,-1.79,53.05154,-1.799703,11.14,4.0,58.28,22 / 22,-10.678616655104396,18.053406182296975,0.12421000222539536,1384.6474667109833,582.4055825205736,182.21643803790832,False,206.50100000000003,11.381736134514119,5.739994949525901,1108.91742111853,1185.6659430648417,12.747219444444418,63.237399999999866,22.060352789618513,-12.313411232771074,-275.7300455924533,603.2603605442681
516914.0,6.9572,-1.7265,9.3626,0.128,-0.0479,9.8056,0.0154,0.3844,-0.0005,15.06,-82.19,-4.82,53.05154,-1.799703,11.14,4.0,58.28,22 / 22,-10.093950310430838,17.82570332067101,0.1015538522254108,1383.6192246461899,584.1815984409693,182.2276133487036,False,206.59999999999997,11.533225613525227,5.682053096803014,1110.042606595564,1186.2163579510752,12.856944444437953,63.77199999996838,21.627175923956067,-12.143650223867997,-273.57661805062594,602.0347595101059
517014.0,4.9088,-0.0216,9.9653,-0.2281,0.0059,9.8039,0.0827,-1.0021,0.7773,12.56,-82.11,-5.89,53.05154,-1.799703,11.14,4.0,58.28,22 / 22,-9.54786198882951,17.63439272337254,0.08728385222540759,1382.6371340312267,585.9546032431718,182.23705523392616,False,206.7,11.481609536143479,5.765862816456068,1111.1791575825775,1186.79457156994,12.848055555555945,63.33500000001913,21.02947152497299,-11.868529906916471,-271.4579764486491,600.8399683267681
517114.0,4.7754,-0.5134,10.3011,-0.0451,-0.0261,9.8064,0.0387,-0.5432,0.3657,17.67,-81.49,0.11,53.05154,-1.799703,11.14,4.0,58.28,22 / 22,-9.094697346173024,17.520008701269926,0.11993885222541503,1381.7050060644763,587.7123233144043,182.2474163691487,False,206.8,11.270837121661957,6.035267647504153,1112.3023373814513,1187.4061436667887,12.785000000001828,61.83200000004357,20.365534467834983,-11.484741053765774,-269.402668683025,599.6938203523844
517214.0,-7.7357,0.4967,8.9845,-0.1353,-0.0106,9.8057,0.0926,-0.0532,0.0863,14.41,-81.24,0.05,53.05154,-1.799703,11.14,4.0,58.28,22 / 22,-9.248705804511578,17.58047324040991,0.10355385222541139,1380.7878359069418,589.4673474114887,182.25859100437125,False,206.90000000000003,11.606132554942427,5.701870016490226,1113.445573962468,1187.9621183000977,12.931111111109034,63.83599999997153,20.854838359454007,-11.878603223919683,-267.3422619444739,598.494770888609
517314.0,7.1018,-1.2556,9.0421,-0.1578,0.0262,9.8053,0.1785,-0.6461,0.3387,22.69,-81.04,6.66,53.05154,-1.799703,11.14,4.0,58.28,22 / 22,-9.317399178585623,17.543089824434976,0.024218852225483603,1379.859530657788,591.2235255647294,182.2649796395938,False,206.99999999999994,11.324699864394434,5.868662367302037,1114.568753761393,1188.5514514113884,12.755000000000098,62.6060000000007,20.642099042980057,-11.67442745713294,-265.29077689639485,597.327925846659
517415.0,-2.8773,3.0215,8.8365,0.1633,-0.031,9.8052,-0.2785,1.558,-0.6842,12.4,-81.46,1.68,53.05154,-1.799703,11.14,4.0,58.28,22 / 22,-9.124459698693887,17.563925210533892,-0.06338349777451562,1378.9282167844854,592.9964298239953,182.26300182499358,False,207.10099999999994,11.166971125686718,5.912031451446852,1115.6965466201093,1189.1465666588192,12.635411111102185,62.10221999995766,20.291430824380605,-11.65189375908704,-263.23167016437606,596.1501368348239
517515.0,-10.2282,0.6212,8.6442,-0.1742,-0.0309,9.805,0.0436,0.6099,-0.2428,9.69,-81.73,-0.23,53.05154,-1.799703,11.14,4.0,58.28,22 / 22,-9.739909033308972,17.89555813284292,-0.17001349777453986,1377.984998347885,594.7694039911645,182.25133197521612,False,207.20099999999996,11.372416686854255,5.842215355013297,1116.826278301133,1189.7250026668396,12.785288888892495,62.809570000032586,21.112325720163227,-12.05334277782962,-261.158720046752,594.9555986756751
517614.0,-7.6216,1.0225,8.4607,-0.0549,0.0778,9.8062,0.0003,1.6317,-0.9787,17.9,-81.74,3.41,53.05154,-1.799703,11.14,4.0,58.28,22 / 22,-10.583909223711743,18.211613944170896,-0.29417929777459806,1376.9789693441621,596.5567090089775,182.22835443183644,False,207.3,11.224561671191049,5.949622525078641,1117.931607563954,1190.31945074522,12.703888888891273,62.074000000021535,21.80847089490279,-12.261991419092254,-259.0473617802081,593.7627417362424
517714.0,-13.596,1.9398,8.1197,-0.3026,0.0207,9.8019,-0.0775,1.4013,-0.7739,29.33,-81.43,11.04,53.05154,-1.799703,11.14,4.0,58.28,22 / 22,-11.476326574592925,18.832233028357813,-0.4458242977746325,1375.8759575542467,598.4089013576043,182.19135425205897,False,207.40000000000003,11.232805920316197,5.891104183614099,1119.0481017688235,1190.9087838558048,12.683888888889172,62.324999999996436,22.70913249490912,-12.941128844743712,-256.82785578542325,592.4998824982005
517814.0,5.0767,0.1567,10.3927,-0.215,-0.0144,9.8043,-0.0254,0.6025,-0.2322,21.59,-81.53,8.0,53.05154,-1.799703,11.14,4.0,58.28,22 / 22,-11.781711714188228,19.20105067516739,-0.5008692977745824,1374.7130556398088,600.3105655427789,182.14401957228156,False,207.49999999999994,11.270986864509492,5.844321384535021,1120.1712815677217,1191.498116967096,12.696111111111104,62.59199999999985,23.052698578697722,-13.35672929063237,-254.54177407208704,591.187551424317
517914.0,-8.7455,0.5571,9.0673,-0.0707,0.0019,9.8063,-0.1557,1.1524,-0.4551,12.04,-81.87,4.35,53.05154,-1.799703,11.14,4.0,58.28,22 / 22,-11.969416764268523,19.27043353363592,-0.5085342977745841,1373.5254992158857,602.2341397532196,182.0935493925041,False,207.59999999999997,11.107020821649328,5.857554288994392,1121.2744045844238,1192.0763305859195,12.556944444452592,62.19400000002331,23.07643758591785,-13.412879244641527,-252.2510946314619,589.8421908327
518014.0,3.1206,2.27,11.0438,-0.1254,-0.0156,9.8058,0.0919,-0.4754,0.4927,19.07,-81.66,9.08,53.05154,-1.799703,11.14,4.0,58.28,22 / 22,-12.212303078925924,19.482170412233167,-0.4836442977745785,1372.3164132237257,604.1717699505134,182.04394046272662,False,207.7,11.104758263213618,5.747310785169494,1122.3842131952356,1192.6545442040783,12.503888888891211,62.635999999980655,23.317061342139542,-13.734859627063674,-249.93220002849012,588.4827742535649
518114.0,2.119,0.1712,8.7362,0.0993,-0.0114,9.8061,-0.1521,0.3519,-0.1586,17.14,-81.56,10.16,53.05154,-1.799703,11.14,4.0,58.28,22 / 22,-11.92793233128009,19.552684389371816,-0.4753092977745766,1371.1094014532152,606.1235126905941,181.99599278294914,False,207.8,11.11160620092828,5.74495507989892,1123.4873362120447,1193.2216383305192,12.508888888888741,62.6599999999993,23.03953853220837,-13.807729309472895,-247.6220652411705,587.0981256399251
