time,acc_x,acc_y,acc_z,grav_x,grav_y,grav_z,gyro_yaw,gyro_pitch,gyro_roll,orient_yaw,orient_pitch,orient_roll,gps_lat,gps_lon,gps_speed,gps_accuracy,gps_orient,gps_sats,ins_vel_x,ins_vel_y,ins_vel_z,ins_pos_x,ins_pos_y,ins_pos_z,ins_is_reset,_t_sec,true_vel_x,true_vel_y,true_pos_x,true_pos_y,true_speed_ms,true_heading,err_vel_x,err_vel_y,err_pos_x,err_pos_y
461412.0,2.0002,0.5675,10.0862,-0.0311,-0.0585,9.8064,-0.0026,-0.2126,0.1886,146.35,-81.76,56.89,52.84996,-1.679731,21.04,6,341.64,22 / 23,-6.480552992353064,20.048624214975543,0.0,0.0,0.0,0.0,False,0.0,-6.480552992353064,20.048624214975543,0.0,0.0,21.07,342.087,0.0,0.0,0.0,0.0
461512.0,-1.52,-1.9555,10.9592,-0.0013,-0.0224,9.8066,0.0556,-0.0924,-0.064,147.1,-81.61,57.27,52.84996,-1.679731,21.04,6,341.64,20 / 22,-6.439178026020673,20.074338606784174,0.0716050000000163,-0.6459865509188337,2.006148141088442,0.0035802500000016286,False,0.10000000000002274,-6.334027024256435,20.030439333211035,-0.644650572608631,2.012628172044276,21.008055555559146,342.45199999997885,0.10515100176423786,-0.04389927357313894,0.0013359783102027123,0.0064800309558341596
461612.0,3.5229,-1.7547,11.1181,-0.0081,-0.0274,9.8066,0.1588,-0.1228,0.0,146.7,-81.69,57.29,52.84996,-1.679731,21.04,6,341.64,20 / 22,-6.525721678196442,20.15541257959808,0.19480500000004433,-1.2942315361298369,4.017635700408013,0.01690075000000769,False,0.20000000000004547,-6.308087822779159,19.81718764723676,-1.2691558148494089,3.980778373827615,20.796944444453565,342.34300000000474,0.21763385541728297,-0.3382249323613209,0.02507572128042801,-0.03685732658039775
461711.0,0.6581,-4.0955,8.6456,-0.0096,-0.0588,9.8064,0.0871,0.2068,-0.1437,147.5,-82.1,58.98,52.84996,-1.679731,21.04,6,341.64,20 / 22,-6.758462408903421,20.266671151894485,0.2022498000000436,-1.9517986484412106,6.018528845116683,0.03655496260000997,False,0.299000000000035,-6.332855618781756,19.78965314457344,-1.89406396371219,5.940255370390586,20.778244444444994,342.2548900000026,0.42560679012166514,-0.47701800732104616,0.05773468472902055,-0.07827347472609691
461812.0,1.7107,-3.1866,8.528,-0.0176,-0.0349,9.8066,0.0924,-0.1944,-0.0856,150.4,-82.33,57.95,52.84996,-1.679731,21.04,6,341.64,20 / 22,-6.953870870633348,20.497858346806773,0.0790449500000448,-2.644271479057811,8.07713758480108,0.0507603474750143,False,0.4000000000000341,-6.023833254773588,20.016272492081278,-2.4845907486850782,7.950437254664181,20.90305555555378,343.2509999999858,0.9300376158597601,-0.48158585472549476,0.15968073037273278,-0.12670033013689785
461911.0,-1.4611,-3.6123,8.9907,-0.0044,0.0286,9.8066,-0.1979,-0.0932,0.0732,145.89,-81.91,56.56,52.84996,-1.679731,21.04,6,341.64,20 / 22,-7.04914311703286,20.760963617989376,-0.024637749999944142,-3.337420671447215,10.119449272058272,0.053453503875019,False,0.49900000000002365,-6.064354185438068,19.85714507407785,-3.076259102370502,9.898905954426802,20.76253055555554,343.01735999999994,0.9847889315947915,-0.9038185439115267,0.26116156907671284,-0.22054331763147061
462012.0,1.7444,-0.9088,10.7023,-0.0059,0.0192,9.8066,0.0169,0.0771,-0.114,145.69,-81.57,55.21,52.84996,-1.679731,21.04,6,341.64,20 / 22,-7.089504202109262,20.92444454042866,-0.02061289999994414,-4.051422361063886,12.224562384058364,0.05116834605002466,False,0.6000000000000227,-6.079567334919046,19.95760376733981,-3.693310572327501,11.920096135356244,20.863055555549643,343.05799999999755,1.0099368671902154,-0.9668407730888511,0.35811178873638516,-0.3044662487021199
462113.0,3.6026,-3.9139,10.8365,-0.0194,0.0328,9.8066,0.2379,-0.3722,-0.0034,147.83,-81.14,57.48,52.84996,-1.679731,21.04,6,341.64,20 / 22,-7.348216771543401,20.964272126205532,0.07662485000005495,-4.780527270233339,14.339942575723372,0.05399694952503023,False,0.7010000000000218,-6.142637578887607,20.041336372752703,-4.317211454665868,13.95262820012044,20.96156388889535,342.95978000000093,1.2055791926557937,-0.9229357534528297,0.46331581556747103,-0.3873143756029318
462212.0,0.6959,-2.1896,8.5916,0.0258,0.0638,9.8064,0.1209,0.0831,-0.2324,149.15,-81.02,59.62,52.84996,-1.679731,21.04,6,341.64,20 / 22,-7.590870490933264,21.08728240013957,0.06745745000005592,-5.5200120897258556,16.421494524777234,0.061129023375034966,False,0.8000000000000114,-6.1069272655316045,19.897824254241947,-4.922175726430394,15.92311349488554,20.813888888893214,342.93800000000067,1.4839432254016591,-1.1894581458976248,0.5978363632954613,-0.49838102989169464
462312.0,2.9082,0.6069,10.3382,0.0229,0.0534,9.8064,-0.169,-0.2371,0.3157,146.2,-81.32,55.89,52.84996,-1.679731,21.04,6,341.64,20 / 22,-7.682986439881356,21.03708035202788,0.03328245000004821,-6.28370493626676,18.527712662386087,0.06616601837504132,False,0.9000000000000341,-5.831993739402873,19.82180105966566,-5.506390307878978,17.913502682224937,20.661944444446604,343.6049999999905,1.850992700478483,-1.2152792923622187,0.7773146283877823,-0.6142099801611494
462412.0,1.8078,0.1823,9.347,-0.0241,0.015,9.8066,-0.164,0.2298,-0.0822,141.75,-81.25,54.65,52.84996,-1.679731,21.04,6,341.64,20 / 22,-7.753371203488826,20.853975365361368,0.036877450000047045,-7.055522818435006,20.622265448254836,0.06967401337504489,False,1.0,-6.0767457829990095,19.887312178592754,-6.117465329876171,19.903891868855883,20.794999999999998,343.009,1.6766254204898168,-0.9666631867686135,0.9380574885588349,-0.7183735793989534
462512.0,2.4528,1.9874,9.5093,-0.0226,0.024,9.8065,0.0688,-0.0743,0.0437,141.9,-81.23,54.34,52.84996,-1.679731,21.04,6,341.64,23 / 23,-7.7544721990900385,20.626819321526725,-0.0009725499999615472,-7.830914988564126,22.696305182599712,0.07146925837504957,False,1.1000000000000227,-5.710201282135077,19.877171783427652,-6.681534580880358,21.883161563625613,20.681111111117715,343.97199999994416,2.0442709169549618,-0.7496475380990724,1.1493804076837675,-0.8131436189740988
462611.0,0.6641,-2.2826,8.9638,-0.0061,0.0241,9.8066,0.0452,0.1657,0.0253,143.85,-81.45,52.92,52.84996,-1.679731,21.04,6,341.64,23 / 23,-7.784285234040501,20.534464994701185,-0.057412449999955505,-8.600083481504006,24.73378875625278,0.06857920087505398,False,1.1990000000000123,-5.408889821383603,19.874905197329003,-7.2133713033115425,23.853646858390068,20.597786111114786,344.7758799999645,2.375395412656898,-0.6595597973721823,1.3867121781924636,-0.8801418978627105
462711.0,0.4728,-3.0558,9.4255,0.0226,-0.0015,9.8066,-0.0688,-0.1825,0.0743,139.11,-81.69,51.25,52.84996,-1.679731,21.04,6,341.64,23 / 23,-7.896901639516817,20.697503979838615,-0.11861244999996934,-9.38414282518205,26.795387204980237,0.05977795587505574,False,1.299000000000035,-5.723956494769575,20.088586759663173,-7.797115827074604,25.877060938925393,20.888169444435945,344.0959500000201,2.172945144747242,-0.6089172201754423,1.5870269981074454,-0.9183262660548444
462812.0,0.8087,-0.7397,10.1928,-0.0132,0.028,9.8065,0.0121,0.0074,0.1602,137.5,-81.73,49.81,52.84996,-1.679731,21.04,6,341.64,23 / 23,-7.97045469573602,20.794401079867008,-0.11835994999996931,-10.18544432011231,28.890728410495353,0.04781084967505894,False,1.400000000000034,-5.459736886919551,20.046762670646036,-8.346881893533029,27.898807094636524,20.776944444446066,344.7649999999904,2.5107178088164694,-0.747638409220972,1.8385624265792817,-0.9919213158588285
462911.0,0.9479,-2.8636,10.1929,0.0237,-0.0155,9.8065,0.0137,-0.0076,-0.1491,138.72,-81.71,50.77,52.84996,-1.679731,21.04,6,341.64,23 / 23,-8.054601952242512,20.866254028107015,-0.08012614999997329,-10.978684624187164,30.95293083833985,0.03798578772506282,False,1.4990000000000236,-5.319691552515784,20.14496193716293,-8.865422697910462,29.89130898510451,20.83551944444445,345.20753,2.7349103997267283,-0.7212920909440861,2.113261926276701,-1.0616218532353408
463011.0,2.072,1.1057,9.1995,0.0029,0.0015,9.8066,-0.1054,-0.1012,-0.0582,139.98,-81.74,52.96,52.84996,-1.679731,21.04,6,341.64,23 / 23,-8.128692220953397,20.827762646616954,-0.09117114999997573,-11.787849332847143,33.03763167207652,0.02942092272506342,False,1.5990000000000464,-5.263201474860247,20.28203225921496,-9.389201288139637,31.925953752851708,20.95381111110432,345.4525699999861,2.8654907460931502,-0.5457303874019921,2.3986480447075067,-1.1116779192248138
463111.0,1.928,-2.9189,9.7262,-0.0354,0.0208,9.8065,0.066,-0.0604,0.1705,140.28,-81.65,52.95,52.84996,-1.679731,21.04,6,341.64,23 / 23,-8.240200078583353,20.76223686703686,-0.12555114999996392,-12.606293947823701,35.117131647758505,0.018584807725070134,False,1.6990000000000123,-5.163293450934401,20.146580036093432,-9.899683960354025,33.92779601739591,20.797700000006937,345.6252799999924,3.0769066276489516,-0.6156568309434292,2.706609987469676,-1.1893356303625922
463211.0,0.3737,1.5871,9.6672,-0.0066,-0.0558,9.8065,0.1436,-0.2648,0.0599,139.03,-81.78,51.99,52.84996,-1.679731,21.04,6,341.64,23 / 23,-8.269947394909831,20.73432871476801,-0.13654614999996637,-13.431801321498549,37.19195992684922,0.005479942725070642,False,1.799000000000035,-4.7696344656395855,20.271099395895423,-10.356848658118514,35.9513212921628,20.824711111110275,346.75955999996694,3.5003129292702457,-0.4632293188725889,3.074952663380035,-1.2406386346864196
463311.0,1.1892,1.1615,9.7842,0.0138,0.0159,9.8065,0.0791,-0.3347,0.1829,140.21,-81.61,53.25,52.84996,-1.679731,21.04,6,341.64,23 / 23,-8.14079959721262,20.573149584784037,-0.14464114999996358,-14.252338671104392,39.25733384182612,-0.008579422274921061,False,1.899000000000001,-5.023468939714673,20.41795060440735,-10.866659819304596,37.997085553180675,21.026849999997,346.17799000000883,3.1173306574979476,-0.15519898037668867,3.3856788517997956,-1.2602482886454425
463411.0,1.8022,0.9213,9.9824,0.0186,0.013,9.8066,0.0545,-0.1149,0.0913,144.09,-81.81,53.84,52.84996,-1.679731,21.04,6,341.64,23 / 23,-8.095968197028633,20.389586789718383,-0.13697614999996177,-15.06417706081664,41.305470660551705,-0.022660287274920532,False,1.9990000000000236,-4.821583708101614,20.68021020458976,-11.34376839416565,40.065088799065485,21.234863888888906,346.8758900000001,3.2743844889270184,0.29062341487137644,3.7204086666509895,-1.2403818614862203
463511.0,1.4776,0.0186,10.4346,0.0065,0.053,9.8065,0.0761,-0.3747,0.1602,144.67,-81.92,54.86,52.84996,-1.679731,21.04,6,341.64,23 / 23,-8.102787791891588,20.241354408845115,-0.09679114999995259,-15.874114860262836,43.33701772048034,-0.03434865227491891,False,2.0990000000000464,-4.474760354424624,20.446086784967633,-11.787301418323587,42.11129783824845,20.930044444462165,347.6551999999554,3.6280274374669643,0.20473237612251793,4.086813441939249,-1.2257198822318927
463612.0,1.3242,1.9857,10.4074,0.0122,0.0077,9.8066,0.1448,0.0131,0.0434,141.89,-81.83,56.0,52.84996,-1.679731,21.04,6,341.64,23 / 23,-8.05374175146963,20.064452488694318,-0.03474179999995306,-16.690019602202568,45.37246096880606,-0.04099106624991408,False,2.2000000000000455,-4.570834970275806,20.604089222146634,-12.255075990094557,44.199983341180825,21.10499999999231,347.4920000000074,3.482906781193824,0.5396367334523156,4.434943612108011,-1.1724776276252342
463712.0,-1.0536,0.3749,8.495,0.0409,0.0429,9.8064,-0.3175,-0.1488,0.0963,142.33,-81.79,56.06,52.84996,-1.679731,21.04,6,341.64,23 / 23,-7.892024554077644,19.95216385135363,-0.07028679999994088,-17.48730791747966,47.37329178580777,-0.04624249624990699,False,2.3000000000000114,-4.53495784648767,20.636475062606088,-12.704988368925584,46.268208976205976,21.128888888888195,347.6059999999967,3.3570667075899747,0.6843112112524565,4.782319548554078,-1.1050828096017966
463812.0,-0.6526,-4.8087,9.527,-0.0174,0.0635,9.8064,-0.2369,0.3484,-0.2395,140.77,-81.52,53.35,52.84996,-1.679731,21.04,6,341.64,23 / 23,-7.866180459843582,20.166711617048477,-0.14985179999995898,-18.2752181681759,49.379235559228334,-0.05724942624990449,False,2.400000000000034,-4.440763555082377,20.670303189354033,-13.14818563760894,48.33643461264695,21.14194444444426,347.8749999999962,3.425416904761205,0.503591572305556,5.127032530566961,-1.0428009465813872
463912.0,-0.8078,-1.1927,9.2981,0.0247,0.0312,9.8065,-0.0948,0.0352,0.0927,140.87,-81.56,54.05,52.84996,-1.679731,21.04,6,341.64,23 / 23,-7.8996690396228395,20.43692005033038,-0.18926179999994552,-19.063510643148952,51.40941714259658,-0.07420510624989393,False,2.5,-4.3847844470451545,20.607565221667905,-13.584667796171104,50.393540755246605,21.06888888888889,347.98800000000006,3.514884592577685,0.17064517133752588,5.478842846977848,-1.0158763873499765
464012.0,1.205,-4.0427,10.0355,-0.0172,0.0251,9.8065,-0.0978,0.2901,-0.0818,140.7,-81.62,53.71,52.84996,-1.679731,21.04,6,341.64,23 / 23,-7.9810210141970535,20.618567787020964,-0.20324679999994863,-19.857545145840128,53.462191534464615,-0.0938305362498931,False,2.6000000000000227,-4.380493715603705,20.70275098300031,-14.021149954701661,52.47288588325462,21.161111111105765,348.0529999999963,3.6005272985933487,0.08418319597934598,5.836395191138466,-0.989305651209996
464112.0,1.1054,-2.3189,10.3008,-0.004,-0.0795,9.8062,0.0606,0.3701,-0.3792,141.78,-81.52,55.23,52.84996,-1.679731,21.04,6,341.64,23 / 23,-8.171298966006006,20.784572533282073,-0.1670967999999403,-20.665161144850465,55.532348550480236,-0.11234771624989176,False,2.7000000000000455,-4.271107816541617,20.770403535304656,-14.450917003130177,54.55223101212125,21.204999999998105,348.37999999998584,3.900191149464389,-0.014168997977417774,6.214244141720288,-0.9801175383589893
464213.0,1.4289,-2.6417,10.4024,0.0225,0.0033,9.8066,0.0424,0.0191,-0.0009,142.18,-81.69,55.4,52.84996,-1.679731,21.04,6,341.64,23 / 23,-8.32600864707509,20.892633637211663,-0.11205684999994069,-21.498275179311054,57.63704746209015,-0.12644497557488563,False,2.8010000000000446,-4.143582589789078,20.866385227977496,-14.864567787248818,56.663489083994214,21.27381944444464,348.76848999999294,4.182426057286012,-0.02624840923416727,6.633707392062236,-0.9735583780959374
464312.0,0.4485,0.8005,8.904,0.0118,-0.0423,9.8065,-0.1386,0.3222,-0.2025,141.08,-81.82,54.57,52.84996,-1.679731,21.04,6,341.64,23 / 23,-8.35597252006706,20.898052796982153,-0.12724839999993903,-22.324033247084504,59.705686440582525,-0.13829058544987843,False,2.900000000000034,-4.052458785973507,20.87727242220776,-15.263445329047912,58.722040761571485,21.266944444444544,349.01499999999646,4.303513734093552,-0.020780374774393096,7.0605879180365925,-0.9836456790110404
464412.0,-0.077,1.3056,10.0659,-0.0057,-0.0169,9.8065,0.0058,-0.1431,-0.0036,141.1,-81.59,54.42,52.84996,-1.679731,21.04,6,341.64,23 / 23,-8.204727009723081,20.795547578743857,-0.15941839999992805,-23.15206822357373,61.790366459368116,-0.15262392544986692,False,3.0,-4.058908047807263,20.859889475168256,-15.67306704708648,60.812505380740454,21.251111111111108,348.98900000000003,4.145818961915818,0.06434189642439847,7.479001176487248,-0.9778610786276616
464512.0,0.5967,-0.7742,9.3881,-0.0047,-0.0034,9.8065,0.0154,0.0153,0.0398,141.37,-81.6,54.58,52.84996,-1.679731,21.04,6,341.64,20 / 21,-8.10867562986097,20.749633384184758,-0.16738339999992985,-23.967738355553116,63.867625507515015,-0.16896401544986353,False,3.1000000000000227,-3.997423827800885,20.887879948524617,-16.069258544814815,62.90297000258796,21.266944444443528,349.1659999999897,4.111251802060085,0.13824656433985893,7.898479810738301,-0.9646555049270518
464612.0,-0.0027,0.1045,10.2511,0.008,-0.0156,9.8066,-0.0409,-0.1363,0.0694,137.14,-81.61,54.11,52.84996,-1.679731,21.04,6,341.64,20 / 21,-8.052772116348077,20.751815371227593,-0.16608839999992955,-24.775810742863754,65.9426979452861,-0.1856376054498603,False,3.2000000000000455,-4.046699332783905,21.05577047245567,-16.47216515274583,65.00455411630526,21.441111111103588,349.1210000000019,4.006072783564172,0.3039551012280768,8.303645590117924,-0.9381438289808415
464712.0,-1.8225,-2.6158,9.9051,-0.0015,-0.0061,9.8066,0.1074,-0.0637,0.0173,140.92,-81.53,54.07,52.84996,-1.679731,21.04,6,341.64,20 / 21,-7.961073552601106,20.901747473203258,-0.13894339999993882,-25.57650302631094,68.02537608750693,-0.2008891954498485,False,3.3000000000000114,-3.9592208631402386,20.90957341220832,-16.868356650503056,67.08389924446435,21.28111111111575,349.2779999999955,4.0018526894608675,0.007825939005062565,8.708146375807885,-0.9414768430425795
464812.0,1.7736,-0.8664,9.6891,0.0253,-0.0205,9.8065,-0.0149,0.065,-0.0561,141.83,-81.71,55.68,52.84996,-1.679731,21.04,6,341.64,20 / 21,-7.96976769059979,21.0305889914143,-0.13989839999993903,-26.373045088471166,70.12199291073829,-0.2148312854498456,False,3.400000000000034,-3.988299471051089,20.925255182276715,-17.26454814827357,69.17436386504899,21.30194444444415,349.20900000000097,3.981468219548701,-0.10533380913758705,9.108496940197597,-0.9476290456892968
464912.0,1.8679,-0.9926,8.9949,0.0304,0.013,9.8065,-0.024,-0.0196,0.094,143.79,-81.83,58.23,52.84996,-1.679731,21.04,6,341.64,20 / 21,-8.071701272305164,20.98284083084262,-0.18636339999992316,-27.17511853661614,72.22266440185041,-0.23114437544983313,False,3.5,-3.954418195290568,20.808701176142385,-17.654024535909763,71.2314700090636,21.18111111111111,349.24,4.117283077014596,-0.17413965470023385,9.521094000706377,-0.9911943927868094
465012.0,1.4199,0.5996,9.7246,-0.007,-0.0209,9.8065,-0.019,-0.1449,0.1378,139.18,-81.96,57.57,52.84996,-1.679731,21.04,6,341.64,20 / 21,-8.111091867504728,20.88904717395186,-0.23105339999993327,-27.984258193606816,74.31625880209062,-0.2520152154498307,False,3.6000000000000227,-3.931700510898263,20.86982367987052,-18.050216033638097,73.32193462808182,21.236944444441207,349.33099999999473,4.179391356606464,-0.019223494081337833,9.934042159968719,-0.9943241740087956
465112.0,0.4108,-1.1363,9.457,-0.0008,0.0112,9.8065,-0.0228,-0.0734,0.0402,142.47,-81.98,57.09,52.84996,-1.679731,21.04,6,341.64,20 / 21,-8.096563420958056,20.84406815397042,-0.25263839999993803,-28.79464095803014,76.4029145684872,-0.27619980544982975,False,3.7000000000000455,-3.853731380024342,20.874192796325435,-18.432977311154353,75.40127975765641,21.22694444444488,349.539999999991,4.242832040933713,0.030124642355016107,10.361663646875787,-1.0016348108307938
465212.0,0.873,-0.0578,9.9502,-0.0083,0.0021,9.8066,0.0044,0.0198,-0.0358,143.29,-81.89,57.27,52.84996,-1.679731,21.04,6,341.64,20 / 21,-6.872210994939556,17.71471445138161,-0.22350188999994422,-29.543079678824764,78.33085369875415,-0.30000681994981576,False,3.8000000000000114,-4.037024193561087,21.074880400268533,-18.842599029191852,77.52510285622253,21.458055555548853,349.15600000001115,2.8351868013784687,3.360165948886923,10.700480649632912,-0.8057508425316229
465312.0,-0.3245,-0.1548,10.3644,0.0041,0.0014,9.8066,0.0448,-0.0053,0.0313,143.49,-81.98,58.06,52.84996,-1.679731,21.04,6,341.64,20 / 21,-6.801374821158599,17.693934309598863,-0.18843688999993616,-30.226758969629827,80.10128613680358,-0.32060375894981447,False,3.900000000000034,-3.833349973165892,21.095655326684003,-19.211930086413417,79.62668696994112,21.441111111111354,349.7009999999923,2.968024847992707,3.4017210170851406,11.01482888321641,-0.4745991668624612
465412.0,0.3983,-1.6746,9.3278,0.0084,0.0101,9.8066,0.0445,0.18,-0.1481,143.46,-82.09,58.64,52.84996,-1.679731,21.04,6,341.64,20 / 21,-6.759689244966043,17.752197808612316,-0.18449188999993746,-30.904812172935827,81.87359274271354,-0.33925019794980177,False,4.0,-3.739228336302763,20.875818352738204,-19.581261143660296,81.70603209809957,21.208055555555553,349.845,3.0204609086632797,3.123620544125888,11.323551029275531,-0.16756064461397102
465512.0,0.7605,0.5706,10.4852,-0.0081,-0.0254,9.8065,0.0333,0.0439,-0.0857,143.2,-82.2,57.71,52.84996,-1.679731,21.04,6,341.64,22 / 22,-6.739764818768154,17.749215118217293,-0.1745068899999351,-31.57978487612269,83.64866338905543,-0.35720013694979946,False,4.100000000000023,-3.772402640920774,20.90541527095569,-19.95730731101422,83.79649671923976,21.243055555553525,349.7710000000043,2.96736217784738,3.1562001527383963,11.622477565108472,0.14783333018432643
465612.0,-0.1115,-1.2809,9.2248,0.0099,0.0239,9.8066,-0.0057,0.0885,-0.0032,142.98,-82.18,57.39,52.84996,-1.679731,21.04,6,341.64,22 / 22,-6.688045527108264,17.74572452912763,-0.1696718899999339,-32.251175393416666,85.42341037142307,-0.37440907594979683,False,4.2000000000000455,-3.7292596578308492,20.832734225392848,-20.3333534784222,85.87584184669238,21.16388888889231,349.85099999999653,2.958785869277415,3.0870096962652163,11.917821914994466,0.45243147526930727
465712.0,0.6802,-0.3167,9.4027,-0.0198,-0.0144,9.8065,0.0035,0.0427,-0.0087,141.11,-82.24,55.4,52.84996,-1.679731,21.04,6,341.64,22 / 22,-6.659186125178236,17.7806418686891,-0.21896188999991706,-32.918536976030765,87.19972869131331,-0.39384076494978276,False,4.300000000000011,-3.70277350113585,20.9077047191821,-20.702684535615976,87.97742596182282,21.23305555555355,349.9569999999969,2.956412624042386,3.127062850493001,12.215852440414789,0.7776972705095062
465812.0,1.1344,-1.4089,9.1037,-0.0052,-0.0009,9.8065,-0.0349,-0.0553,0.0495,140.2,-82.28,54.27,52.84996,-1.679731,21.04,6,341.64,22 / 22,-6.6846496868695615,17.781295164569773,-0.27430688999992964,-33.58572876663331,88.97782554297666,-0.4185042039497807,False,4.400000000000034,-3.8185240503945015,21.04329505439246,-21.092160923225016,90.1012490596841,21.386944444442253,349.7150000000034,2.86612563647506,3.261999889822686,12.493567843408293,1.1234235167074331
465912.0,0.6811,-0.2634,9.936,-0.0127,-0.0219,9.8065,0.0703,0.0799,-0.1188,139.21,-82.39,53.18,52.84996,-1.679731,21.04,6,341.64,22 / 22,-6.7079663932491185,17.78035186889437,-0.3029868899999198,-34.255359570639015,90.75590789464925,-0.44736889294976334,False,4.5,-3.979112710568736,21.155992038918612,-21.50178264129009,92.24731114381046,21.526944444444442,349.348,2.7288536826803824,3.3756401700242407,12.753576929348924,1.491403249161209
466012.0,0.2315,-0.9814,10.3958,-0.0187,-0.0099,9.8066,-0.1307,0.0525,-0.0374,139.85,-82.34,53.92,52.84996,-1.679731,21.04,6,341.64,22 / 22,-6.683079377389115,17.79194203839216,-0.2670618899999116,-34.92491185917108,92.53452259001399,-0.4758713319497614,False,4.600000000000023,-3.817746517838262,20.916383365315056,-21.877828808630664,94.32665627181846,21.26194444445981,349.65599999998216,2.8653328595508527,3.124441326922895,13.047083050540419,1.7921336818044722
466112.0,1.6144,-1.3926,9.376,-0.0266,-0.0149,9.8065,0.0162,-0.0197,0.0598,139.42,-82.23,52.73,52.84996,-1.679731,21.04,6,341.64,22 / 22,-5.720854875375195,15.143600621377779,-0.22026635649992332,-35.545108571809436,94.18129972300287,-0.5002377442747586,False,4.7000000000000455,-3.8059945000128894,20.81292196588544,-22.2605900861324,96.4060014006851,21.15805555556004,349.63700000000074,1.9148603753623052,5.669321344507662,13.284518485677037,2.2247016776822335
466212.0,0.9066,-0.729,9.0145,-0.0336,-0.0328,9.8064,-0.082,-0.263,0.2113,133.71,-82.24,50.95,52.84996,-1.679731,21.04,6,341.64,22 / 22,-5.785302739975826,15.135388928314594,-0.2814063564999024,-36.12041645257679,95.69524920048697,-0.5253213799247414,False,4.800000000000011,-3.7417640357884334,20.70460822861964,-22.62992114339321,98.47422703641806,21.04000000000342,349.7559999999965,2.0435387041873927,5.569219300305047,13.49049530918358,2.7789778359310873
466311.0,0.198,-4.0606,10.4852,-0.0253,-0.0185,9.8066,0.0836,-0.1341,0.1092,137.16,-82.27,50.28,52.84996,-1.679731,21.04,6,341.64,22 / 22,-5.887349120034475,15.269558105439245,-0.28702955649990175,-36.69821271964724,97.20029407865762,-0.5534589576182287,False,4.899000000000001,-3.7262306064405566,20.636992606721883,-22.995558890054497,100.51076211829262,20.97070000000103,349.7649099999999,2.1611185135939186,5.367434501282638,13.702653829592741,3.3104680396349977
466411.0,0.3582,-0.2481,9.7671,-0.0014,-0.047,9.8065,-0.0235,0.0669,-0.0407,135.46,-82.4,48.33,52.84996,-1.679731,21.04,6,341.64,22 / 22,-5.954184252430598,15.407415551596198,-0.25507955649989444,-37.29028938827062,98.73414276150974,-0.5805644132682247,False,4.999000000000024,-3.8047198107995763,20.655229587484232,-23.37818586535374,102.57887655840159,21.002725,349.56303999999994,2.1494644416310216,5.247814035888034,13.912103522916883,3.8447337968918447
466512.0,0.5039,1.3227,10.253,0.0038,0.0409,9.8065,0.0317,-0.3256,0.2913,136.19,-82.42,49.31,52.84996,-1.679731,21.04,6,341.64,22 / 22,-5.847036681553753,15.338124333238683,-0.2345361564998946,-37.88625104543683,100.2867925256939,-0.6052900067747139,False,5.100000000000023,-3.6848797152626873,20.510508321538463,-23.744629425215187,104.6455454647775,20.838888888898406,349.8149999999853,2.162156966291066,5.17238398829978,14.141621620221642,4.358752939083601
466612.0,-0.3028,0.6135,9.5857,0.0051,-0.0561,9.8064,0.012,-0.0502,0.0425,136.37,-82.49,49.26,52.84996,-1.679731,21.04,6,341.64,22 / 22,-4.834254534724141,12.971586076807641,-0.1897762330249082,-38.420315606250846,101.70227804619654,-0.6265056262509588,False,5.2000000000000455,-3.72713303433663,20.498919589684807,-24.12067559259569,106.69153211495251,20.835000000000168,349.69500000000517,1.1071215003875112,7.527333512877165,14.299640013655157,4.989254068755969
466712.0,0.2475,-1.8968,10.7035,-0.0093,-0.0049,9.8066,0.018,-0.1961,0.0321,131.62,-82.55,47.91,52.84996,-1.679731,21.04,6,341.64,22 / 22,-4.781440926940024,13.01704153102269,-0.1559812330249197,-38.90110037933389,103.00170942658761,-0.6437934995534443,False,5.300000000000011,-3.757292973513233,20.296261168320008,-24.49672175996341,108.71527978027602,20.641111111116732,349.51200000000523,1.024147953426791,7.279219637297318,14.40437861937048,5.713570353688411
466812.0,0.6179,-2.6058,8.9211,0.0013,-0.0251,9.8066,0.0347,0.0244,-0.1072,131.42,-82.59,47.79,52.84996,-1.679731,21.04,6,341.64,22 / 22,-4.87905029200313,13.141595671516553,-0.15541623302491955,-39.384124940281154,104.30964128671486,-0.6593633728559398,False,5.400000000000034,-3.68984768404651,20.39699269948104,-24.8593377070767,110.76126643045038,20.72805555555432,349.7459999999967,1.1892026079566196,7.255397027964486,14.524787233204453,6.451625143735512
466912.0,0.0907,-4.8008,9.5902,-0.0184,-0.0291,9.8065,-0.0172,-0.3419,0.2484,136.13,-82.47,48.71,52.84996,-1.679731,21.04,6,341.64,22 / 22,-5.067019150701173,13.378384555071586,-0.21051623302490077,-39.8814284124162,105.63564029804382,-0.6776599961584246,False,5.5,-3.707628814670071,20.233101308811463,-25.228668764323487,112.76277511021493,20.569999999999997,349.616,1.3593903360311015,6.854716753739877,14.652759648092712,7.127134812171107
467012.0,-0.2021,-1.5023,9.2799,-0.0093,-0.0407,9.8065,0.0464,0.1231,-0.1484,134.85,-82.41,47.58,52.84996,-1.679731,21.04,6,341.64,22 / 22,-5.182824574707685,13.609295926739557,-0.2476762330249092,-40.393920598686755,106.98502432213469,-0.7005696194609203,False,5.600000000000023,-3.773983202497785,20.171942260680865,-25.60471493165071,114.78652277539138,20.521944444447225,349.40300000001236,1.4088413722099,6.5626463339413075,14.789205667036043,7.801498453256684
467112.0,0.6822,-0.2525,10.7454,-0.0295,-0.0629,9.8063,0.0509,-0.3325,0.1704,133.86,-82.37,46.21,52.84996,-1.679731,21.04,6,341.64,22 / 22,-5.161779179808237,13.656434903297665,-0.22707623302490448,-40.91115078641267,108.34831086363687,-0.7243072427634164,False,5.7000000000000455,-3.7363851033629927,20.159729995056935,-25.980761099031994,116.79915094687541,20.503055555556376,349.4999999999958,1.4253940764452442,6.50329509175927,14.930389687380675,8.450840083238546
467212.0,1.344,-3.9644,8.21,0.0074,-0.0681,9.8064,0.0964,0.3348,-0.1298,131.28,-82.1,46.58,52.84996,-1.679731,21.04,6,341.64,22 / 22,-5.2880616055163285,13.726817337478572,-0.25997123302489317,-41.43364282567872,109.71747347567522,-0.748659616065898,False,5.800000000000011,-3.715534512859556,19.951988078484668,-26.350092156292515,118.77842064178947,20.29500000000603,349.45100000000144,1.5725270926567725,6.225170741006096,15.083550669386202,9.060947166114246
467312.0,1.0219,-1.8547,8.1137,-0.0002,-0.0577,9.8064,-0.0784,0.0039,-0.1176,129.57,-82.4,44.62,52.84996,-1.679731,21.04,6,341.64,22 / 22,-5.485917920783022,13.836464847352776,-0.4244512330249305,-41.97234180199381,111.0956375849171,-0.782880739368397,False,5.900000000000034,-3.701915644722187,19.993223071447176,-26.719423213526255,120.77992932084655,20.333055555555013,349.50999999999914,1.7840022760608352,6.1567582240944,15.252918588467551,9.684291735929449
467412.0,2.3862,-1.3352,11.8886,-0.0186,-0.0512,9.8065,-0.2311,0.1412,0.0167,134.25,-82.32,46.44,52.84996,-1.679731,21.04,6,341.64,22 / 22,-5.621406623887007,13.824375510469645,-0.40500123302493707,-42.52770802922712,112.47867960280774,-0.8243533626708762,False,6.0,-3.562746988844149,20.088458651864745,-27.06860894035751,122.7814380013178,20.401944444444446,349.94300000000004,2.0586596350428583,6.2640831413950995,15.45909908886961,10.30275839851005
467512.0,-1.9821,-0.0855,8.5488,0.0629,0.0432,9.8063,-0.0042,-0.0877,0.0346,138.01,-82.08,50.81,52.84996,-1.679731,21.04,6,341.64,22 / 23,-5.581779352859382,13.854727430338203,-0.36379623302492764,-43.08786732806457,113.86263474984845,-0.8627932359733782,False,6.100000000000023,-3.590011147036988,20.02462571654571,-27.424509777310323,124.77182718780506,20.343888888892252,349.8360000000062,1.9917682058223938,6.169898286207507,15.663357550754245,10.909192437956605
467612.0,-1.3668,0.5627,8.1805,0.0315,0.0178,9.8066,0.0552,0.2358,-0.2212,138.4,-81.99,51.34,52.84996,-1.679731,21.04,6,341.64,22 / 23,-5.341315649669114,13.944671219657652,-0.5079962330249603,-43.634022078191116,115.25260468234856,-0.9063828592758825,False,6.2000000000000455,-3.488699292013199,20.111599967503142,-27.773695504155224,126.78445535928716,20.411944444441502,350.15899999998607,1.852616357655915,6.166928747845491,15.860326574035891,11.531850676938603
467712.0,1.064,3.3651,10.5438,-0.0086,-0.0708,9.8063,0.0664,-0.0419,-0.1113,136.8,-82.03,49.32,52.84996,-1.679731,21.04,6,341.64,22 / 23,-5.095229448148115,13.80712080661763,-0.5524462330249451,-44.1558493330818,116.64019428366186,-0.9594049825783597,False,6.300000000000011,-3.457558384156509,20.10288438179199,-28.116166120878987,128.79708353218405,20.39805555555596,350.2409999999976,1.637671063991606,6.295763575174361,16.03968321220281,12.15688924852219
467811.0,1.073,-5.3026,8.2125,0.001,-0.0328,9.8066,0.0928,0.5341,-0.412,134.96,-81.8,51.1,52.84996,-1.679731,21.04,6,341.64,22 / 23,-5.143915113282633,13.797713456861658,-0.5948677330249406,-44.662686988872565,118.00663357970393,-1.016197023897823,False,6.399000000000001,-3.51988752590006,19.860854156045498,-28.468507949487407,130.7565605294487,20.170355555558935,349.9499400000043,1.6240275873825727,6.06314069918384,16.19417903938516,12.749926949744776
467911.0,1.4322,-1.5515,9.4888,-0.0119,-0.1178,9.8059,-0.0404,-0.0869,0.0688,134.01,-81.97,50.22,52.84996,-1.679731,21.04,6,341.64,22 / 23,-5.3750614663639,13.952109478530245,-0.6904677330249622,-45.18863581785501,119.39412472647385,-1.0804637972003328,False,6.499000000000024,-3.5259870651253253,19.863304213888316,-28.817760827433357,132.7468385218566,20.173830555555558,349.93413000000004,1.8490744012385747,5.911194735358071,16.37087499042165,13.352713795382755
468012.0,1.9661,-3.6265,10.2209,-0.0095,-0.0256,9.8066,-0.0687,0.3535,-0.2065,139.09,-81.84,51.52,52.84996,-1.679731,21.04,6,341.64,22 / 23,-5.575782296353626,14.026920730750774,-0.6855995330249622,-45.74165342787224,120.80706575204253,-1.1499551941358535,False,6.600000000000023,-3.4167497645150187,19.71726119288119,-29.157008191253414,134.71265362981006,20.011111111120552,350.1689999999864,2.1590325318386077,5.690340462130415,16.584645236618822,13.90558787776753
468112.0,0.295,0.3101,9.855,-0.0032,-0.0136,9.8066,-0.1015,0.2407,-0.0312,135.83,-81.75,52.66,52.84996,-1.679731,21.04,6,341.64,22 / 23,-5.668715467373438,14.07561047272828,-0.6624695330249569,-46.303878316058714,122.2121923122168,-1.2173586474383646,False,6.7000000000000455,-3.2665161349564515,19.690898210598633,-29.47933347757529,136.68080383158954,19.96000000000221,350.5809999999822,2.402199332416987,5.615287737870352,16.824544838483423,14.468611519372743
468212.0,1.3879,-1.9122,10.6497,-0.0386,0.0309,9.8065,-0.0373,0.0096,0.0901,140.48,-81.54,53.26,52.84996,-1.679731,21.04,6,341.64,22 / 23,-5.683063874820638,14.080027772154311,-0.6178995330249721,-46.87146728316822,123.61997422446045,-1.2813771007408392,False,6.800000000000011,-3.2154354207973537,19.822007933388853,-29.801658763896203,138.67119301751222,20.0811111111076,350.78599999999403,2.4676284540232842,5.741980161234542,17.06980851927202,15.051218793051774
468312.0,0.0896,-1.0204,8.7472,-0.01,0.0204,9.8066,-0.2143,0.4285,-0.103,136.96,-81.66,53.43,52.84996,-1.679731,21.04,6,341.64,22 / 23,-5.73573913865523,14.139090183927824,-0.6287195330249746,-47.44240743384214,125.03093012226488,-1.3437080540433508,False,6.900000000000034,-3.1852503309035796,19.844042366505533,-30.1172689400833,140.65046271242628,20.098055555555316,350.8809999999986,2.5504888077516505,5.70495218257771,17.325138493758843,15.619532590161398
468412.0,-1.0172,2.4229,9.862,-0.0195,0.0286,9.8065,-0.0952,0.3987,-0.2338,135.54,-81.85,51.95,52.84996,-1.679731,21.04,6,341.64,22 / 23,-5.552737569187006,14.12202003218334,-0.6789245330249575,-48.00683126923406,126.44398563306996,-1.409090257345825,False,7.0,-3.1824985443201066,19.62980178552135,-30.432879116270016,142.60749342107326,19.886111111111113,350.791,2.370239024866899,5.507781753338012,17.573952152964047,16.1635077880033
468512.0,2.0972,-2.3386,9.7995,-0.0061,0.0329,9.8065,-0.0173,-0.028,-0.0093,135.6,-81.83,51.53,52.84996,-1.679731,21.04,6,341.64,23 / 25,-5.488365244260813,14.082080983427408,-0.6765145330249569,-48.55888640990658,127.85419068385082,-1.4768622106483362,False,7.100000000000023,-2.935387924790378,19.683437738051417,-30.721628851925843,144.57564362271083,19.90111111111024,351.51799999995785,2.5529773194704353,5.601356754624009,17.837257557980735,16.72145293886001
468612.0,0.2982,4.1058,10.0272,-0.0208,-0.0335,9.8065,0.0524,-0.3617,0.2462,135.18,-81.87,51.52,52.84996,-1.679731,21.04,6,341.64,23 / 25,-5.4110192964560655,13.937171941296421,-0.6658445330249544,-49.10385563694255,129.25515333008732,-1.543980163950847,False,7.2000000000000455,-2.8571555641024364,19.563575763408938,-31.003663477455515,146.52155483893424,19.771111111116728,351.6909999999925,2.553863732353629,5.6264038221125166,18.100192159487033,17.26640150884691
468712.0,0.4204,-1.775,9.6272,0.0024,0.0503,9.8064,-0.1681,-0.2021,0.1904,140.97,-81.67,54.15,52.84996,-1.679731,21.04,6,341.64,23 / 25,-5.249346828137384,13.833113311823825,-0.663789533024955,-49.63687394317204,130.64366759274287,-1.6104618672533197,False,7.300000000000011,-2.960233350477982,19.68982895277581,-31.299128323239092,148.47858554758042,19.911111111107054,351.450000000007,2.2891134776594018,5.856715640951984,18.33774561993295,17.83491795483755
468811.0,-0.4603,1.778,9.1735,0.0069,-0.0233,9.8066,0.081,0.013,-0.0755,135.96,-81.74,52.74,52.84996,-1.679731,21.04,6,341.64,23 / 25,-5.144513297844847,13.836559528451254,-0.7040132330249507,-50.151370019408105,132.01331639833634,-1.678168104172783,False,7.399000000000001,-2.7871030384029685,19.81505087488678,-31.57834260251338,150.46007914124613,20.010111111109644,351.99350999999194,2.357410259441879,5.978491346435526,18.573027416894725,18.446762742909783
468912.0,3.4128,0.8111,9.8903,0.0039,-0.0322,9.8065,0.0572,-0.1186,-0.0017,139.27,-81.76,51.61,52.84996,-1.679731,21.04,6,341.64,23 / 25,-5.068391136484605,13.641811632580936,-0.7317629830249504,-50.66712169334174,133.40097414196845,-1.7506748030833024,False,7.5,-2.6630589800811406,19.670552022467724,-31.843052243908964,152.44824442983162,19.849999999999998,352.29,2.4053321564034644,6.028740389886789,18.824069449432777,19.04727028786317
469012.0,-0.5639,-2.992,8.9926,-0.0007,-0.0775,9.8063,0.0428,0.0091,-0.0552,137.95,-81.59,54.6,52.84996,-1.679731,21.04,6,341.64,23 / 25,-4.378059814098911,11.581364757731937,-0.6530405355712149,-51.13944424087102,134.6621329614844,-1.8199149790131264,False,7.600000000000023,-2.8799651362871765,19.609645606533444,-32.13180197955144,154.40527513833703,19.82000000000174,351.6450000000374,1.4980946778117348,8.028280848801508,19.00764226131958,19.743142176852643
469111.0,-0.0813,-3.8195,9.0244,-0.0023,-0.0289,9.8066,-0.0146,-0.3371,0.2343,137.98,-81.76,55.07,52.84996,-1.679731,21.04,6,341.64,23 / 25,-4.481202646720455,11.84977355751835,-0.7320573855712065,-51.57797773268153,135.82197430808915,-1.888477326109669,False,7.699000000000012,-2.8461096939177444,19.739625025041892,-32.41766421785819,156.37576043310017,19.943749999994537,351.7954799999934,1.6350929528027103,7.889851467523542,19.160313514823343,20.553786125011015
469211.0,0.0598,-0.5952,8.8576,0.0157,-0.0768,9.8062,0.01,-0.4248,0.2592,140.49,-82.02,54.47,52.84996,-1.679731,21.04,6,341.64,23 / 25,-4.527490364962607,12.009768196991898,-0.8186223855712261,-52.02841238326579,137.01495139581493,-1.9660113146668083,False,7.799000000000035,-2.809278651068455,19.56920878873173,-32.69311803545656,158.3221164297286,19.769825000005113,351.83065999999906,1.718211713894152,7.559440591739831,19.33529434780923,21.307165033913662
469312.0,0.9913,5.8986,10.547,-0.0192,-0.1169,9.8059,0.0815,-0.4904,0.2909,139.25,-81.97,53.16,52.84996,-1.679731,21.04,6,341.64,23 / 25,-4.291707853808039,11.765860100499085,-0.829161735571226,-52.4737818933137,138.2156206248382,-2.0492244127845014,False,7.900000000000034,-2.8474208860938965,19.582959882362385,-32.97790585613953,160.29860625054485,19.788888888888593,351.72700000000145,1.4442869677141426,7.8170997818633,19.49587603717417,22.08298562570664
469412.0,1.1106,3.9608,10.0893,-0.0023,-0.1225,9.8058,-0.0304,0.6686,-0.4332,134.84,-82.13,52.05,52.84996,-1.679731,21.04,6,341.64,23 / 25,-3.9356049496726446,11.329214187245753,-0.7780117355712434,-52.88514753348759,139.37037433922507,-2.1295830863415977,False,8.0,-2.9124808696378484,19.597821961420212,-33.27337070195019,162.25563695989885,19.813055555555554,351.547,1.0231240800347963,8.268607774174459,19.611776831537398,22.885262620673785
469512.0,-0.6364,2.5169,9.7874,0.0049,-0.1629,9.8053,-0.1336,-0.032,0.0847,134.93,-82.12,52.17,52.85159,-1.680237,19.76,4,349.29,22 / 23,-3.6228321151534417,11.085768083254262,-0.7648417355712404,-53.26306938672898,140.49112345275032,-2.2067257598987395,False,8.100000000000023,-2.845357012407588,19.677287881305165,-33.562120437565966,164.23490665325394,19.881944444440453,351.771999999987,0.7774751027458535,8.591519798050903,19.700948949163013,23.74378320050363
469612.0,1.1773,-6.7266,9.1702,0.0139,0.0926,9.8061,-0.0677,0.6939,-0.4456,141.91,-81.6,55.3,52.85159,-1.680237,19.76,4,349.29,22 / 23,-3.665396917048405,11.24357564127258,-0.7976267355712477,-53.62748083833915,141.60759063897692,-2.2848491834558815,False,8.200000000000045,-3.0249256843872083,19.673811262790277,-33.864300393497054,166.20305685503533,19.904999999999006,351.2590000000222,0.6404712326611968,8.430235621517697,19.7631804448421,24.595466216058412
469712.0,1.045,2.5456,10.382,0.0067,-0.0103,9.8066,-0.0831,0.3899,-0.2326,140.22,-81.72,53.69,52.85159,-1.680237,19.76,4,349.29,22 / 23,-3.778372145123875,11.331874513708645,-0.8006817355712467,-53.99966929144764,142.73636314672558,-2.364764607012979,False,8.300000000000011,-2.8707525459006122,19.68791551093954,-34.13961990889315,168.14896807125731,19.89611111111137,351.7039999999871,0.907619599223263,8.356040997230895,19.860049382554486,25.412604924531735
469812.0,0.9798,-8.2255,9.5702,-0.0334,0.1064,9.806,-0.1205,0.8208,-0.5581,137.74,-81.36,54.36,52.85159,-1.680237,19.76,4,349.29,22 / 23,-3.9501315348074137,11.466848792647257,-0.7837367355712428,-54.38609447544429,143.87629931204364,-2.4439855305701217,False,8.400000000000034,-3.039605691056615,19.712022276845875,-34.45523008509224,170.13935725859545,19.9449999999993,351.23400000000674,0.9105258437507988,8.245173484198618,19.93086439035205,26.26305794655181
469913.0,-0.286,5.5408,9.7891,-0.0214,-0.0541,9.8064,0.0102,0.6992,-0.5027,137.65,-81.37,54.8,52.85159,-1.680237,19.76,4,349.29,22 / 23,-3.9660190284777777,11.540931096400877,-0.7965637355712426,-54.78586007889019,145.03819219644058,-2.5237907043628165,False,8.501000000000033,-3.1693399570833067,19.63433445542384,-34.773929211939226,172.12741135224093,19.888486111111074,350.83048999999994,0.7966790713944709,8.093403359022963,20.011930866950962,27.08921915580035
470011.0,0.8125,4.6728,9.2433,0.0031,0.1168,9.8059,-0.1195,-0.2028,0.1829,138.34,-81.24,54.94,52.85159,-1.680237,19.76,4,349.29,22 / 23,-3.552418902141195,11.148764125492528,-0.8250278355712464,-55.154263537490564,146.14998726231352,-2.603248691348809,False,8.599000000000046,-3.109130330315332,19.796908283533103,-35.07664637663574,174.07799275499826,20.03956944443563,351.07450999998576,0.443288571825863,8.648144158040575,20.07761716085482,27.928005492684747
470111.0,1.548,5.8189,10.4203,0.0138,-0.1217,9.8058,-0.0756,0.7941,-0.525,134.85,-81.75,51.33,52.85159,-1.680237,19.76,4,349.29,22 / 23,-3.175884719592843,10.686084083543175,-0.8225128355712472,-55.49067871857715,147.24172967276493,-2.685625724905906,False,8.699000000000012,-3.150387406695893,19.566359782734175,-35.39218940173359,176.01334045342372,19.81836111112094,350.85326000000987,0.02549731289695023,8.880275699191,20.098489316843562,28.77161078065879
470211.0,0.7141,-0.1311,9.3547,0.0406,0.0336,9.8065,0.0705,0.089,-0.1913,136.92,-81.63,53.32,52.85159,-1.680237,19.76,4,349.29,22 / 23,-2.954822732403239,10.406599514280368,-0.8144278355712454,-55.797214091177025,148.29636385265636,-2.767472758463049,False,8.799000000000035,-3.2525829964308492,19.441961155502693,-35.71444753693997,177.95914047542138,19.712161111114142,350.5025200000102,-0.29776026402761024,9.035361641222325,20.082766554237054,29.662776622765023
470312.0,1.6604,0.9614,10.4061,0.0101,-0.0693,9.8064,-0.0046,0.298,-0.1547,136.15,-81.82,52.69,52.85159,-1.680237,19.76,4,349.29,22 / 23,-2.9115721437515996,10.292736792323916,-0.8069790855712454,-56.09346703242284,149.34168033613986,-2.849353807980744,False,8.900000000000034,-3.1958678553454853,19.670969498139257,-36.03328096599007,179.95786928179564,19.928888888885794,350.7719999999961,-0.2842957115938858,9.378232705815341,20.06018606643277,30.61618894565578
470412.0,-0.0665,0.158,10.1355,0.0019,-0.0261,9.8066,-0.0252,0.3654,-0.2205,140.16,-81.59,52.93,52.85159,-1.680237,19.76,4,349.29,22 / 23,-2.8307053429658455,10.192842120273362,-0.7605640855712612,-56.38058090675862,150.36595928176936,-2.9277309665378426,False,9.0,-3.084144233843848,19.665739597400066,-36.3354609219353,181.90378049872447,19.90611111111111,351.087,-0.25343889087800253,9.472897477126704,20.045119984823316,31.53782121695511
470512.0,0.7405,-3.3515,8.9794,-0.0037,-0.0716,9.8063,-0.0585,0.2551,-0.2639,137.9,-81.36,53.66,52.85159,-1.680237,19.76,4,349.29,25 / 25,-2.863115810716736,10.283115312785194,-0.7854840855712668,-56.66527196444281,151.38975715342252,-3.0050333750949867,False,9.100000000000023,-3.054257107943678,19.855351175647154,-36.63764087783183,183.89416968450442,20.088888888878287,351.2549999999903,-0.19114129722694218,9.57223586286196,20.02763108661098,32.5044125310819
470612.0,0.0102,-0.6073,9.0905,-0.0137,-0.0093,9.8066,0.0465,-0.0644,-0.1498,136.31,-81.32,51.9,52.85159,-1.680237,19.76,4,349.29,25 / 25,-2.9243523225753907,10.40228354008722,-0.8626540855712843,-56.95464537110748,152.42402709606637,-3.087440283652133,False,9.200000000000045,-3.101772031371327,19.522067076406255,-36.94653594388416,185.8400809007291,19.766944444458353,350.9720000000122,-0.17741970879593616,9.119783536319035,20.008109427223324,33.41605380466274
470712.0,1.3757,-3.6637,9.3397,0.0085,0.0257,9.8066,-0.039,-0.2044,0.254,135.88,-81.36,51.47,52.85159,-1.680237,19.76,4,349.29,25 / 25,-3.0226489736786784,10.507319232407085,-0.9218090855712641,-57.25199543592009,153.46950723469072,-3.1766634422092297,False,9.300000000000011,-3.0789858705861386,19.568135450804412,-37.25543100996339,187.79711161078993,19.808888888887672,351.05799999999755,-0.05633689690746024,9.060816218397328,19.9965644259567,34.3276043760992
470812.0,0.7126,0.8917,10.4742,0.0191,-0.0178,9.8066,-0.0235,-0.1077,0.0262,134.34,-81.54,49.76,52.85159,-1.680237,19.76,4,349.29,25 / 25,-3.0926368088557976,10.535824945215712,-0.9117790855712617,-57.55775972504688,154.5216644435721,-3.268342850766377,False,9.400000000000034,-3.2316793187472985,19.657235733488875,-37.59118651652538,189.78750079671372,19.921111111109518,350.66400000000556,-0.1390425098915009,9.121410788273163,19.966573208521496,35.26583635314162
470912.0,-0.2582,0.0218,9.8617,-0.0145,0.0393,9.8065,0.096,-0.3184,0.0993,134.66,-81.56,50.21,52.85159,-1.680237,19.76,4,349.29,25 / 25,-2.975881933857224,10.490191459135335,-0.875649085571274,-57.86118566218243,155.57296526378929,-3.3577142593234734,False,9.5,-3.1148117331855505,19.511833281121138,-37.89336647244421,191.7334120136427,19.75888888888889,350.93,-0.13892979932832628,9.021641821985803,19.967819189738222,36.160446749853406
471012.0,0.4516,1.2972,8.7992,-0.0014,0.053,9.8064,0.0371,0.1461,-0.1057,136.23,-81.31,51.77,52.85159,-1.680237,19.76,4,349.29,25 / 25,-2.837529580917465,10.437096534966601,-0.9232690855712846,-58.15185623792123,156.61932966349463,-3.447660167880622,False,9.600000000000023,-2.9924252093565675,19.79116205224328,-38.20226153848779,193.7349206925548,20.016111111096198,351.40199999997265,-0.15489562843910232,9.354065517276679,19.94959469943344,37.11559102906017
471112.0,-0.1477,1.6032,9.9277,-0.0168,0.025,9.8065,0.0047,0.0557,-0.0403,131.97,-81.25,50.57,52.85159,-1.680237,19.76,4,349.29,25 / 25,-2.2479092389593123,8.780341080647817,-0.8224507227356004,-58.406128178915125,157.58020154427555,-3.534946158295986,False,9.700000000000045,-3.0792442553903467,19.527601560798548,-38.511156604540496,195.68083190878014,19.76888888889957,351.0390000000157,-0.8313350164310345,10.74726048015073,19.89497157437463,38.10063036450458
471212.0,1.2069,-2.2446,10.2257,-0.0026,0.0257,9.8065,-0.0343,0.1566,-0.1786,135.26,-81.2,50.26,52.85159,-1.680237,19.76,4,349.29,25 / 25,-2.205405908887003,8.773602190967866,-0.7954457227356095,-58.62879393630737,158.45789870785603,-3.615840980569519,False,9.800000000000011,-3.100161091089841,19.48997758360259,-38.82005167060638,197.63786261742632,19.735000000000987,350.9620000000022,-0.8947551822028381,10.716375392634726,19.808742265700985,39.17996390957029
471312.0,-0.1941,1.1085,10.0599,-0.001,-0.0117,9.8066,-0.051,0.2517,-0.0494,135.15,-81.38,50.49,52.85159,-1.680237,19.76,4,349.29,25 / 25,-2.1813532849036843,8.779758564776037,-0.7618307227356018,-58.84813189599695,159.33556674564343,-3.693704802843097,False,9.900000000000034,-3.08819634914092,19.403843186941057,-39.12894673665908,199.5837738343561,19.64805555555679,350.95700000000005,-0.9068430642372358,10.62408462216502,19.71918515933787,40.24820708871266
471412.0,1.6076,-0.9071,10.5814,-0.0258,-0.0386,9.8065,-0.1836,-0.0585,0.1564,134.82,-81.43,50.16,52.85159,-1.680237,19.76,4,349.29,25 / 25,-2.124275619529977,8.724011470693576,-0.7104307227356192,-59.063413341218556,160.2107552474166,-3.767317875116633,False,10.0,-3.1127227951830894,19.448592486387856,-39.44455691283236,201.52968505057711,19.69611111111111,350.907,-0.9884471756531124,10.72458101569428,19.618856428386195,41.3189298031605
471513.0,0.0536,-0.4819,9.3304,-0.0179,-0.0466,9.8065,0.0396,0.1093,-0.2155,135.93,-81.31,50.99,52.85159,-1.680237,19.76,4,349.29,22 / 22,-2.131921933915496,8.715396107830014,-0.6953564727356194,-59.27835131766755,161.09144533013205,-3.83831012848793,False,10.100999999999999,-3.0587847110411204,19.603063371715567,-39.74989297051648,203.51740555930135,19.840269444449333,351.1313000000099,-0.9268627771256246,10.887667263885554,19.528458347151073,42.425960229169306
471612.0,0.1483,-0.49,8.698,-0.014,0.0241,9.8065,0.0179,-0.2747,0.0027,134.98,-81.26,50.01,52.85159,-1.680237,19.76,4,349.29,22 / 22,-2.0738185001071807,8.743560664418162,-0.7738090227356561,-59.48653546915177,161.95566369035873,-3.9110338205137922,False,10.200000000000045,-3.1032677896809586,19.511703739205768,-40.062347044928366,205.4548659608631,19.756944444448077,350.96300000000736,-1.029449289573778,10.768143074787606,19.424188424223402,43.499202270504355
471711.0,0.1328,-2.2322,9.464,-0.0126,0.0362,9.8065,0.0048,-0.1847,0.1947,130.62,-81.28,48.89,52.85159,-1.680237,19.76,4,349.29,22 / 22,-2.085583696597605,8.827956549512772,-0.8456483727356484,-59.69242587788863,162.82545379244823,-3.9911969615896132,False,10.299000000000035,-3.0289463701752903,19.31101614510825,-40.36815316033395,207.359301469921,19.54711944445057,351.0857599999964,-0.9433626735776852,10.48305959559548,19.324272717554685,44.53384767747278
471812.0,1.2779,-0.7928,10.449,-0.0039,-0.036,9.8065,-0.075,-0.1494,0.0397,133.15,-81.51,47.78,52.85159,-1.680237,19.76,4,349.29,22 / 22,-2.148188043165699,8.883774424989323,-0.8305135227356485,-59.90623135074667,163.71989620666056,-4.075843137310913,False,10.400000000000034,-2.884034575905218,19.322902028171026,-40.65327673652461,209.3133299160304,19.536944444444558,351.510999999994,-0.7358465327395192,10.439127603181703,19.252954614222062,45.59343370936983
471912.0,-0.1746,-4.9334,9.9678,-0.0127,0.0682,9.8064,0.0158,-0.4228,0.2914,134.41,-81.39,48.71,52.85159,-1.680237,19.76,4,349.29,22 / 22,-2.291032265164303,9.04697099577646,-0.7903385227356621,-60.1281923661631,164.61643347769854,-4.1568857395844505,False,10.5,-2.9347668731071916,19.686338824213788,-40.94874158232192,211.29259960952774,19.903888888888886,351.521,-0.6437346079428887,10.639367828437328,19.179450783841176,46.676166131829206
472012.0,-0.664,-2.4531,10.0897,-0.0114,0.0363,9.8065,0.0141,-0.3873,0.1484,133.03,-81.54,48.03,52.85159,-1.680237,19.76,4,349.29,22 / 22,-2.428268638337858,9.33774403708567,-0.7681285227356569,-60.36415741133826,165.53566922934186,-4.234809091858034,False,10.600000000000023,-2.870483690917392,19.31986483290926,-41.23077620783069,213.2162718414659,19.53194444446601,351.5489999999984,-0.44221505257953364,9.98212079582359,19.133381203507575,47.680602612124034
472112.0,1.6915,1.628,9.1423,0.0014,0.0291,9.8065,-0.0936,-0.2723,0.0853,133.01,-81.51,47.59,52.85159,-1.680237,19.76,4,349.29,22 / 22,-2.393622130836963,9.333515033075468,-0.7871935227356611,-60.60525194979706,166.46923218285013,-4.312575194131618,False,10.700000000000045,-2.977051366617925,19.330993242158396,-41.53967127386849,215.1621830569794,19.558888888887722,351.24500000001314,-0.5834292357809616,9.997478209082928,19.065580675928565,48.69295087412925
472212.0,-0.1236,4.4824,10.3311,-0.0184,0.0625,9.8064,-0.2141,0.2135,-0.1214,130.58,-81.27,48.22,52.85159,-1.680237,19.76,4,349.29,22 / 22,-2.117887200676783,9.082352265043188,-0.7941885227356587,-60.83082741637267,167.39002554775576,-4.391644296405157,False,10.800000000000011,-2.9639117948006293,19.371511516431553,-41.83513611967993,217.1080942732004,19.596944444443338,351.30099999999834,-0.8460245941238465,10.289159251388366,18.99569129669274,49.71806872544465
472312.0,-1.5066,1.1059,8.5462,-0.0038,0.1041,9.8061,0.0742,-0.4678,0.2301,131.6,-80.99,49.53,52.85159,-1.680237,19.76,4,349.29,22 / 22,-1.7526998886098166,8.969405877494642,-0.8309885227356669,-61.024356770837045,168.29261345488285,-4.472903148678742,False,10.900000000000034,-2.7993192776509526,19.282868992497807,-42.117170745209606,219.03176650457186,19.48500000000159,351.73999999999376,-1.046619389041136,10.313463115003165,18.90718602562744,50.73915304968901
472412.0,1.7544,-10.2986,10.4283,-0.0525,0.0979,9.806,-0.192,1.0169,-0.56,135.69,-81.03,50.17,52.85159,-1.680237,19.76,4,349.29,22 / 22,-1.9839989789392614,9.300300564710014,-0.8629285227356559,-61.211191714214436,169.20609877699277,-4.557599000952279,False,11.0,-2.7899993267315173,19.52780999817283,-42.39920537073873,220.9999167063509,19.72611111111111,351.869,-0.8060003477922559,10.227509433462817,18.81198634347571,51.79381792935811
472513.0,-1.61,0.6817,10.8923,-0.0129,0.0776,9.8062,0.0605,0.1553,-0.0378,131.36,-81.44,49.09,52.85159,-1.680237,19.76,4,349.29,23 / 24,-2.230339893274188,9.653176066393224,-0.7767098727356566,-61.424015827261215,170.16324934686347,-4.64040073992358,False,11.100999999999999,-2.9461962553606336,19.434292121912158,-42.704071370689746,222.95394515161317,19.656355555565426,351.37977999996065,-0.7158563620864458,9.781116055518934,18.71994445657147,52.7906958047497
472612.0,2.1744,-6.4688,9.0469,-0.0246,0.1468,9.8054,-0.1083,0.7403,-0.4216,137.54,-81.12,52.42,52.85159,-1.680237,19.76,4,349.29,23 / 24,-2.34914466959891,9.856916588886483,-0.7605778227356489,-61.65070031312354,171.12899893330027,-4.716496480849445,False,11.200000000000045,-2.695034200299541,19.30080568255946,-42.96998973189811,224.85838066067072,19.488055555562898,352.0509999999707,-0.3458895307006311,9.443889093672977,18.680710581225426,53.72938172737045
472712.0,-2.2118,1.9228,8.6409,-0.0003,-0.0166,9.8065,-0.1863,0.4397,-0.2002,135.94,-81.2,50.8,52.85159,-1.680237,19.76,4,349.29,23 / 24,-2.401435200664183,10.028644559121936,-0.8568528227356159,-61.88822930663661,172.12327699070036,-4.797368013122981,False,11.300000000000011,-2.755451293666821,19.3559663630409,-43.25202435742665,226.80429187689074,19.551111111109282,351.89800000000446,-0.35401609300263814,9.327321803918963,18.63620494920996,54.68101488619038
472812.0,-2.0143,0.1081,12.0619,-0.0361,0.0095,9.8065,0.0668,0.3376,-0.0974,135.27,-81.05,49.98,52.85159,-1.680237,19.76,4,349.29,23 / 24,-2.0798019472558344,10.10416909329115,-0.8023778227356034,-62.11229116403266,173.12991767332124,-4.8803295453965605,False,11.400000000000034,-2.6809156649200365,19.34511801973816,-43.513913652567304,228.7279641075549,19.5300000000003,352.109999999997,-0.6011137176642021,9.24094892644701,18.59837751146536,55.59804643423365
472912.0,2.8702,0.3565,8.7232,0.0844,-0.0154,9.8062,0.0115,0.1803,0.0822,138.22,-81.75,54.38,52.85159,-1.680237,19.76,4,349.29,23 / 24,-1.999675107115077,10.060978197628998,-0.7437878227356234,-62.31626501675114,174.13817503786692,-4.957637827670095,False,11.5,-2.522074184975788,19.28186658887458,-43.76237272743903,230.6627558313501,19.44611111111111,352.548,-0.522399077860711,9.22088839124558,18.55389228931211,56.52458079348318
473012.0,-1.3822,-0.6992,9.2164,0.0121,-0.0003,9.8066,-0.0132,0.0971,0.0428,137.8,-81.9,54.5,52.85159,-1.680237,19.76,4,349.29,23 / 24,-1.9672106444112443,10.020861900977936,-0.8274728227356424,-62.5146093043275,175.1422670427975,-5.036200859943676,False,11.600000000000023,-2.770074327988691,19.100175083431584,-44.04440735294779,232.5641890770239,19.300000000008474,351.74800000004643,-0.8028636835774468,9.079313182453648,18.470201951379707,57.42192203422641
473112.0,-0.2082,1.285,9.3219,-0.009,-0.039,9.8065,-0.0836,0.2315,-0.2884,135.19,-81.69,54.5,52.85159,-1.680237,19.76,4,349.29,23 / 24,-1.7869066685790338,10.054051544103054,-0.8812228227356546,-62.702315169977055,176.14601271505177,-5.12163564221726,False,11.700000000000045,-2.624060593023596,19.156109495512943,-44.30629664808902,234.4878613076861,19.334999999998487,352.19999999998043,-0.8371539244445623,9.10205795140989,18.39601852188804,58.341848592634335
473212.0,-1.4009,-3.8504,9.8369,0.0202,0.0463,9.8065,-0.0197,-0.129,0.1324,134.5,-81.43,54.24,52.85159,-1.680237,19.76,4,349.29,23 / 24,-1.722527944994167,10.202696790415342,-0.9039478227356468,-62.87778690065566,177.15885013177734,-5.210894174490795,False,11.800000000000011,-2.6738762815452346,18.851312570516548,-44.568185943215575,236.35593607551533,19.04000000000855,351.9270000000079,-0.9513483365510675,8.648615780101206,18.309600957440082,59.19708594373799
473312.0,-0.8433,-0.0604,10.3171,0.0174,0.0249,9.8066,-0.0506,0.0473,0.0871,139.8,-81.39,56.22,52.85159,-1.680237,19.76,4,349.29,23 / 24,-1.680664894395843,10.41509124917637,-0.8769128227356405,-63.0479465426252,178.18973953375715,-5.29993720676438,False,11.900000000000034,-2.68988614409332,19.009519907131512,-44.84350545862364,238.26848881375187,19.19888888888663,351.94599999999974,-1.0092212496974768,8.594428657955142,18.20444108400156,60.078749279994724
473412.0,-1.5049,-1.6246,8.7968,0.0043,0.0262,9.8065,-0.0521,0.2412,-0.1104,139.84,-81.35,56.19,52.85159,-1.680237,19.76,4,349.29,23 / 24,-1.5455596653908272,10.54853888437847,-0.901882822735632,-63.20925777061448,179.23792104043454,-5.388876989037913,False,12.0,-2.526200098417551,19.01907391622043,-45.085249423374805,240.1699220595631,19.18611111111111,352.434,-0.980640433026724,8.470535031841962,18.124008347239673,60.93200101912856
473512.0,-2.4482,2.1984,11.647,-0.02,-0.0498,9.8065,0.0883,0.2383,-0.2749,135.17,-81.6,54.74,52.85159,-1.680237,19.76,4,349.29,23 / 23,-1.2762974646740564,10.664844527684664,-0.8603578227356226,-63.350350627117756,180.29859021103795,-5.476989021311495,False,12.100000000000023,-2.4948631351856383,18.950366919762843,-45.33370849821506,242.06023581139743,19.11388888889308,352.4999999999962,-1.218565670511582,8.285522392078178,18.016642128902696,61.761645600359486
473613.0,-0.3854,-1.4278,8.7874,0.0113,0.0461,9.8064,-0.0521,0.1118,-0.15,135.58,-81.42,54.33,52.85159,-1.680237,19.76,4,349.29,23 / 23,-1.045965154177065,10.739471375847138,-0.8188922727356228,-63.46762488936974,181.37950816416628,-5.561791151132793,False,12.201000000000022,-2.5762844082854937,18.79390264962411,-45.59821668630555,243.9583332098919,18.969661111107765,352.19450000000654,-1.5303192541084287,8.05443127377697,17.86940820306419,62.57882504572561
473712.0,-2.2983,0.2772,10.6325,-0.0065,-0.067,9.8063,0.0888,0.304,-0.1161,130.9,-81.81,49.71,52.85159,-1.680237,19.76,4,349.29,23 / 23,-0.8981897398078214,10.885047546285058,-0.8284655727356217,-63.56386055662198,182.4499218508117,-5.643335364483611,False,12.300000000000011,-2.635563106757842,18.86287771171201,-45.8574870884809,245.8297438257439,19.046111111108875,352.04600000000437,-1.7373733669500206,7.977830165426951,17.70637346814108,63.379821974932185
473812.0,-1.4172,-1.103,11.3262,0.0015,-0.0314,9.8066,-0.23,-0.2749,-0.0532,135.74,-81.79,50.86,52.85159,-1.680237,19.76,4,349.29,23 / 23,-0.7004587750212783,11.05643016449436,-0.711195572735595,-63.64379298236346,183.54699573635094,-5.720318421757189,False,12.400000000000034,-2.538208224614948,18.745887178865765,-46.11266127348697,247.70893808599774,18.91694444444628,352.2889999999965,-1.8377494495936697,7.6894570143714045,17.531131708876487,64.16194234964681
473912.0,-3.9472,-2.4098,8.2551,-0.0517,0.0471,9.8064,0.1363,-0.1713,0.1903,133.87,-81.17,52.26,52.85159,-1.680237,19.76,4,349.29,23 / 23,-0.5383683730093517,11.373225489941763,-0.7127955727355944,-63.705734339764966,184.66847851907235,-5.791517979030724,False,12.5,-2.681927178501479,18.512856600493873,-46.387980788894964,249.55477386755908,18.70611111111111,351.75699999999995,-2.1435588054921273,7.139631110552109,17.317753550870002,64.88629534848673
474012.0,-0.498,-1.5914,11.2863,0.0454,-0.0364,9.8064,-0.0455,0.0332,-0.3868,135.23,-81.56,54.74,52.85159,-1.680237,19.76,4,349.29,23 / 23,-0.42690103353712616,11.675540057670815,-0.716390572735595,-63.7539978100923,185.82091679645325,-5.862977286304299,False,12.600000000000023,-2.6921628987167625,18.33535447759662,-46.65658519413632,251.37837066484434,18.531944444454542,351.64700000000636,-2.265261865179636,6.659814419925805,17.09741261595598,65.5574538683911
474111.0,-4.3519,5.0203,11.0832,0.0667,-0.0978,9.8059,-0.2266,0.4581,-0.5027,137.79,-81.14,57.32,52.85159,-1.680237,19.76,4,349.29,23 / 23,-0.03943622299893457,11.708587635346767,-0.5799586727356094,-63.777081504290834,186.9784311172575,-5.927146573955117,False,12.699000000000012,-2.6932088626775124,18.29628686335094,-46.92915151437698,253.1947397917882,18.493444444446144,351.62621000000087,-2.6537726396785777,6.587699228004173,16.84792998991385,66.21630867453072
474212.0,-0.4835,5.9785,9.3813,-0.0289,0.0598,9.8063,0.0117,-0.4837,0.592,138.98,-81.52,55.36,52.85159,-1.680237,19.76,4,349.29,23 / 23,0.6111110518426777,11.452470905545699,-0.5369730727356098,-63.74821192543423,188.14806457357255,-5.983551627101413,False,12.800000000000011,-2.7478847721428172,18.182419086772743,-47.207224224939324,255.0366837513973,18.38888888889191,351.4060000000064,-3.358995823985495,6.729948181227044,16.540987700494902,66.88861917782475
474312.0,-2.2893,-4.6482,8.9203,0.0388,-0.0887,9.8061,-0.1844,-0.2534,0.132,131.77,-82.35,51.19,52.85159,-1.680237,19.76,4,349.29,23 / 23,0.8282052330180232,11.484058817322923,-0.6025580727356247,-63.676246111191176,189.29489105971624,-6.040528184374987,False,12.900000000000034,-2.7232516213813103,18.14371161185596,-47.482543740334414,256.8491610563899,18.34694444444504,351.46399999999915,-3.5514568543993335,6.659652794533036,16.193702370856762,67.55426999667367
474412.0,-5.8364,6.0517,9.6915,-0.0094,-0.1236,9.8058,0.0641,-0.4581,0.2713,129.97,-82.26,48.44,52.85159,-1.680237,19.76,4,349.29,23 / 23,1.2500180781005035,11.762430276882524,-0.6526330727356076,-63.57233494563528,190.4572155144261,-6.103287741648527,False,13.0,-2.701918184947373,18.066014985554247,-47.75114814559526,258.6616383606738,18.266944444444448,351.494,-3.9519362630478767,6.303584708671723,15.821186800040024,68.2044228462477
474513.0,-3.6763,5.0356,9.6211,-0.0404,0.1647,9.8051,0.1718,-0.5772,0.3301,138.04,-81.52,53.74,52.85159,-1.680237,19.76,4,349.29,23 / 23,2.0822917284749902,11.730505608519302,-0.6678184227356073,-63.40405330040322,191.6436087766389,-6.169970542169823,False,13.100999999999999,-2.6774325169491804,17.978132925627914,-48.015589182566664,260.4696678675331,18.176413888898423,351.5293899999803,-4.75972424542417,6.247627317108613,15.388464117836556,68.82605909089418
474612.0,-2.3827,1.5758,10.7344,0.0022,0.0776,9.8062,0.0699,0.041,0.0027,135.4,-81.75,54.66,52.85159,-1.680237,19.76,4,349.29,23 / 23,2.621940051590136,11.692832492957361,-0.63107952273559,-63.17119382728989,192.80306401266253,-6.234265990470678,False,13.200000000000045,-2.549072940463039,17.8326223547096,-48.26821162572253,262.2309955055711,18.013888888895977,351.86499999998534,-5.171012992053175,6.139789861752238,14.902982201567362,69.42793149290858
474712.0,-2.0401,-1.5416,10.3453,-0.0066,0.0389,9.8066,0.011,-0.1967,0.1414,134.97,-81.95,54.07,52.85159,-1.680237,19.76,4,349.29,23 / 23,2.8795918683449337,11.848423419698516,-0.5577595227356149,-62.89611723129323,193.98012680829493,-6.293707942744217,False,13.300000000000011,-2.4475411374516254,17.5843712728025,-48.516670700581,263.9989948394456,17.753888888896427,352.0759999999939,-5.32713300579656,5.735947853103983,14.37944653071223,70.01886803115065
474812.0,-6.2264,0.4598,9.3082,-0.0058,0.0276,9.8065,-0.1063,0.1497,0.0638,135.81,-81.76,54.8,52.85159,-1.680237,19.76,4,349.29,23 / 23,3.2363476440088625,12.1766241657553,-0.5557495227356144,-62.59032025567547,195.1813791875679,-6.349383395017791,False,13.400000000000034,-2.533803237795941,17.357985368245235,-48.76512977546602,265.7336356946299,17.54194444444746,351.6950000000054,-5.7701508818048035,5.181361202489935,13.82519048020945,70.55225650706203
474912.0,-2.7725,-0.2099,9.7141,0.0321,0.0191,9.8066,-0.113,0.0142,0.0004,135.74,-81.88,55.31,52.85159,-1.680237,19.76,4,349.29,23 / 23,3.667508347964348,12.481776727766375,-0.5852995227356043,-62.24512745607693,196.41429923224356,-6.406435847291333,False,13.5,-2.5359304376752325,17.187817544375118,-49.02030396047165,267.45715705809414,17.37388888888889,351.607,-6.20343878563958,4.706040816608743,13.224823495605278,71.04285782585058
475012.0,-3.2123,0.5616,9.1079,-0.0053,-0.0184,9.8065,-0.0236,-0.0647,0.0823,135.49,-81.66,54.63,52.85159,-1.680237,19.76,4,349.29,23 / 23,3.993640071795565,12.679262395202606,-0.6248645227356131,-61.86207003508885,197.6723511883923,-6.4669440495649075,False,13.600000000000023,-2.4291345699022773,17.006279096218663,-49.262047925178194,269.15843943516944,17.178888888900193,351.8709999999847,-6.422774641697842,4.327016701016056,12.600022109910654,71.48608824677714
475112.0,-1.5654,-2.1862,10.5569,-0.0113,-0.018,9.8065,0.083,-0.0455,0.0906,137.8,-81.7,53.72,52.85159,-1.680237,19.76,4,349.29,23 / 23,4.212348389700858,12.90423954149322,-0.6222895227356124,-61.45177061201393,198.95152628522737,-6.529301751838483,False,13.700000000000045,-2.3730443352104857,16.825422330107685,-49.49707677979523,270.8374828282258,16.99194444445252,351.9719999999956,-6.585392724911344,3.9211827886144643,11.954693832218702,71.88595654299843
475211.0,-1.5642,-2.3154,10.1029,-0.0008,0.001,9.8065,0.083,-0.1138,0.059,138.06,-81.57,53.85,52.85159,-1.680237,19.76,4,349.29,23 / 23,4.276950251621454,13.170104727027915,-0.5704877727356178,-61.03155032926852,200.24220632651904,-6.588344227964303,False,13.799000000000035,-2.282064950300603,16.491321807476343,-49.723107386833064,272.4667108927463,16.64846944445447,352.1214899999957,-6.5590152019220564,3.3212170804484273,11.308442942435455,72.22450456622724
475312.0,-0.9557,-3.2569,10.2719,-0.0073,0.1444,9.8055,0.1922,-0.604,0.7658,136.31,-81.9,52.58,52.85159,-1.680237,19.76,4,349.29,23 / 23,4.279766315727155,13.460031476885064,-0.5320320227356181,-60.59943614261742,201.58702820481662,-6.6440214776356,False,13.900000000000034,-2.1654279462194075,16.274626571296388,-49.94027404847893,274.1066136721025,16.41805555555878,352.42099999999573,-6.445194261946563,2.814595094411324,10.659162094138487,72.5195854672859
475412.0,-1.98,-6.5119,8.3238,0.0367,0.0503,9.8064,0.136,1.0909,-0.4027,143.09,-81.93,56.8,52.85159,-1.680237,19.76,4,349.29,23 / 23,4.185021780665455,13.924123498220887,-0.5829120227356006,-60.17619673779794,202.95623595357145,-6.699768679909142,False,14.0,-2.0759345809480667,15.983810888133005,-50.14844246255878,275.70782061534817,16.118055555555554,352.6,-6.2609563616135215,2.059687389912119,10.027754275239154,72.75158466177672
475512.0,1.7215,2.2205,10.7274,0.0659,0.0169,9.8064,-0.1122,0.2498,-0.2365,145.91,-81.83,60.74,52.85159,-1.680237,19.76,4,349.29,23 / 23,4.158409024867865,14.08893515899807,-0.611017022735607,-59.759025197521176,204.35688888643273,-6.759465132182716,False,14.100000000000023,-2.1117655680844223,15.516959953105644,-50.3566108766502,277.25343009564625,15.660000000026558,352.2500000000203,-6.270174592952287,1.428024794107575,9.402414320870975,72.89654120921352
475612.0,1.6317,-1.2094,10.7016,-0.016,0.1645,9.8052,0.2253,-0.3828,0.5724,143.44,-81.67,61.69,52.85159,-1.680237,19.76,4,349.29,23 / 23,4.146586827364775,13.933623628894088,-0.5202320227355863,-59.34377540490945,205.75801682582767,-6.816027584456289,False,14.200000000000045,-2.1568123953836333,15.410916238290246,-50.57149440083718,278.7990395760568,15.561111111115384,352.0330000000094,-6.303399222748409,1.4772926093961587,8.77228100407227,73.04102275022916
475712.0,-0.5548,5.4896,9.9214,0.0156,-0.0402,9.8065,-0.1071,0.711,-0.4169,143.03,-82.14,61.96,52.85159,-1.680237,19.76,4,349.29,23 / 23,4.331424260780127,13.718374107152474,-0.46974702273560354,-58.91987485050235,207.14061671262954,-6.865526536729831,False,14.300000000000011,-2.003594413647141,15.082500934059542,-50.77294770479667,280.30017108535117,15.215000000010034,352.43299999998845,-6.3350186744272685,1.3641268269070679,8.146927145705682,73.15955437272163
475812.0,0.5036,1.4736,9.3301,-0.0058,0.0194,9.8066,-0.0864,0.3294,-0.2618,144.06,-81.68,62.92,52.85159,-1.680237,19.76,4,349.29,23 / 23,4.64059930571644,13.428181694300777,-0.4878370227356076,-58.471273672177425,208.4979445027025,-6.9134057390034025,False,14.400000000000034,-2.078357804501837,14.782667942774777,-50.98111611887635,281.7790636097938,14.928055555559636,351.9970000000062,-6.718957110218277,1.3544862484740001,7.490157553301074,73.28111910709131
475912.0,-1.3161,5.4226,10.4634,-0.0019,-0.0897,9.8062,-0.0543,0.9415,-0.2672,147.55,-81.45,62.76,52.85159,-1.680237,19.76,4,349.29,23 / 23,4.962911535993703,13.143225493247181,-0.4788270227356106,-57.991098130092084,209.82651486207945,-6.961738941276947,False,14.5,-1.8429290448065045,14.368403796499644,-51.16242409243308,283.2134781638257,14.48611111111111,352.691,-6.805840580800208,1.2251783032524628,6.828674037659006,73.38696330174625
476012.0,-1.6493,3.978,9.8553,0.0136,-0.0877,9.8062,0.066,-0.4122,0.2119,147.34,-81.61,62.73,52.85159,-1.680237,19.76,4,349.29,23 / 23,5.438645297522901,12.806933435952347,-0.44355702273560255,-57.471020288416135,211.12402280853973,-7.007858143550518,False,14.600000000000023,-1.8157621776631696,14.109757087217194,-51.33701695584263,284.6256537321964,14.226111111126185,352.66700000000134,-7.2544074751860705,1.3028236512648466,6.134003332573506,73.50163092365665
476112.0,-0.3283,-1.8424,10.3439,-0.0024,0.0074,9.8065,0.0782,0.0625,-0.0036,148.89,-81.2,64.66,52.85159,-1.680237,19.76,4,349.29,23 / 23,5.679580086312865,12.750338684415302,-0.41426202273559587,-56.91510901922422,212.40188641455842,-7.050749095824088,False,14.700000000000045,-1.928871241223832,13.70380609225969,-51.531755149652945,285.9933513288477,13.838888888905617,351.9880000000294,-7.608451327536697,0.9534674078443874,5.383353869571273,73.5914649142893
476212.0,-0.5717,3.129,9.8235,0.0379,-0.0355,9.8065,0.217,-0.3706,0.387,150.15,-81.28,66.76,52.85159,-1.680237,19.76,4,349.29,23 / 23,5.845873146925415,12.692836272917948,-0.3865570227356053,-56.3388363575625,213.67404516242465,-7.0907900480976345,False,14.800000000000011,-1.9809182176095435,13.427725054138886,-51.73320845361156,287.33880994206004,13.573055555563261,351.60800000001103,-7.826791364534959,0.7348887812209384,4.605627903950939,73.66476477963539
476311.0,0.0148,-2.8337,9.9319,0.0197,0.0235,9.8066,0.0324,-0.0687,0.0788,152.03,-81.09,69.97,52.85159,-1.680237,19.76,4,349.29,23 / 23,5.976598854692408,12.670345192795542,-0.37952307273560604,-55.75362399348248,214.92952264497734,-7.128711012823455,False,14.899000000000001,-1.9469258718712597,13.050504482378201,-51.925999265498284,288.61577247953346,13.194930555561164,351.5149400000014,-7.9235247265636675,0.3801592895826591,3.827624727984194,73.68624983455612
476411.0,-0.2432,1.1376,9.9356,0.0032,-0.0614,9.8064,-0.0079,0.2535,-0.0409,152.37,-81.18,70.27,52.85159,-1.680237,19.76,4,349.29,23 / 23,6.042624227070671,12.722471239241518,-0.36681307273560304,-55.15266283939419,216.19916346657948,-7.166027820097024,False,14.999000000000024,-2.016255910013959,12.675344669198058,-52.120737459296684,289.8836170334929,12.834711111111078,350.96157999999997,-8.05888013708463,-0.04712657004345999,3.031925380097505,73.68445356691342
476511.0,-0.222,0.2132,11.033,-0.0094,0.0256,9.8065,0.0201,0.1439,0.1673,152.09,-81.27,70.37,52.85159,-1.680237,19.76,4,349.29,24 / 24,6.19053890731594,12.645534483768234,-0.29904807273558753,-54.54100468267472,217.46756375273026,-7.199320877370591,False,15.099000000000046,-2.0683172424752607,12.35809500964991,-52.328771571158754,291.11821430360976,12.529986111128498,350.49862000002645,-8.2588561497912,-0.28743947411832416,2.212233111515964,73.6506505508795
476612.0,-1.9024,3.4286,9.5818,-0.0079,-0.0597,9.8064,-0.0166,0.4357,-0.1634,155.61,-81.42,69.98,52.85159,-1.680237,19.76,4,349.29,24 / 24,6.460523733262338,12.492295751454725,-0.248472322735588,-53.90212601932552,218.737024179609,-7.226970657341885,False,15.200000000000045,-2.1435605178205965,11.928937434108116,-52.54573677952637,292.3203426561817,12.12000000001758,349.8130000000295,-8.604084251082934,-0.5633583173466086,1.3563892397991495,73.58331847657271
476712.0,-1.7367,-0.5,9.8134,0.0106,0.0085,9.8066,0.0656,-0.3034,0.2815,157.1,-81.43,71.95,52.85159,-1.680237,19.76,4,349.29,24 / 24,6.781905808713778,12.397477510387608,-0.2593773227355843,-53.24000454222694,219.98151284270068,-7.252363139615435,False,15.300000000000011,-2.1700548386399445,11.628132882934123,-52.7606203037403,293.4767698932071,11.828888888897328,349.4290000000112,-8.951960647353722,-0.769344627453485,0.479384238486638,73.49525705050644
476812.0,-1.274,4.5008,10.5371,0.0049,-0.0122,9.8066,-0.0822,0.1417,0.0051,155.8,-81.74,71.36,52.85159,-1.680237,19.76,4,349.29,24 / 24,7.09616076900996,12.240203326937724,-0.22251732273557584,-52.5461012133406,221.21339688456723,-7.276457871888998,False,15.400000000000034,-2.3435752384680004,11.305765648192747,-53.00236426849037,294.5998386508339,11.54611111111513,348.2890000000162,-9.439736007477961,-0.9344376787449775,-0.45626305514976906,73.38644176626664
476912.0,-2.1081,0.3672,9.7055,0.0051,0.0931,9.8062,-0.0779,-0.1529,0.2331,155.69,-81.77,70.68,52.85159,-1.680237,19.76,4,349.29,24 / 24,7.4441987644826515,12.05392298905879,-0.19105232273558645,-51.819083236666216,222.42810320036665,-7.297136354162549,False,15.5,-2.2783975311372977,11.159794115041166,-53.22396290282543,295.71178791886274,11.389999999999999,348.461,-9.72259629561995,-0.8941288740176248,-1.4048796661592107,73.28368471849609
477012.0,-0.2739,-4.4545,9.7735,0.0196,0.0627,9.8063,0.0824,-0.3191,0.3285,161.05,-81.29,72.52,52.85159,-1.680237,19.76,4,349.29,24 / 24,7.580762760932544,12.257664027423056,-0.19776732273558786,-51.06783516039528,223.643682551191,-7.316577336436112,False,15.600000000000023,-2.4946405219683423,10.987302024633175,-53.472421977679026,296.8126176915571,11.26694444445158,347.2080000000727,-10.075403282900886,-1.2703620027898808,-2.404586817283743,73.16893514036607
477112.0,-0.9458,0.3475,10.34,-0.009,0.0106,9.8065,0.0467,0.1854,-0.0887,161.68,-81.35,73.5,52.85159,-1.680237,19.76,4,349.29,24 / 24,7.662048843411596,12.428296676545497,-0.17275732273558211,-50.30569458017791,224.87798058638973,-7.335103568709675,False,15.700000000000045,-2.5667715685581567,10.885359635489023,-53.72759616269785,297.9023279726139,11.183888888892477,346.7320000000206,-10.228820411969753,-1.542937041056474,-3.4219015825199435,73.02434738622415
477212.0,-2.8756,-2.1079,9.244,-0.0002,0.0811,9.8063,-0.0873,-0.0285,0.1852,162.42,-81.11,74.22,52.85159,-1.680237,19.76,4,349.29,24 / 24,7.907423130703596,12.526651368909567,-0.17422232273558158,-49.52722098147241,226.12572798866205,-7.3524525509832275,False,15.800000000000011,-2.6952250277716314,10.756357136124535,-53.99620056795802,298.96979926952633,11.088888888891642,345.9330000000232,-10.602648158475228,-1.770294232785032,-4.4689795864856094,72.84407128086428
477312.0,-3.598,2.754,9.9385,-0.0088,0.0146,9.8065,0.0222,0.5606,-0.1846,162.08,-80.98,73.64,52.85159,-1.680237,19.76,4,349.29,24 / 24,8.31583179727212,12.550655611470535,-0.19576232273558647,-48.71605823507344,227.37959333768134,-7.37095178325679,False,15.900000000000034,-2.8940061033346414,10.613631534630402,-54.29166541374156,300.03727056502373,11.001111111112358,344.7480000000169,-11.209837900606761,-1.9370240768401334,-5.575607178668122,72.65767722734239
477412.0,-0.6497,5.2068,10.7879,0.0228,0.0477,9.8065,0.087,0.266,-0.0989,163.72,-80.77,75.99,52.85159,-1.680237,19.76,4,349.29,24 / 24,8.722656494613538,12.188956095844942,-0.1401073227356054,-47.864133820479445,228.6165739230467,-7.387745265530344,False,16.0,-3.0041896685015903,10.468578970912727,-54.59384536965982,301.0825028749623,10.89111111111111,343.98800000000006,-11.726846163115129,-1.7203771249322148,-6.729711549180372,72.4659289519156
477512.0,-1.3824,-0.227,10.2147,0.0006,-0.0703,9.8063,-0.051,0.5757,-0.1471,164.59,-80.7,77.76,52.85159,-1.680237,19.76,4,349.29,23 / 24,8.978553315478818,11.930287438521145,-0.07064232273558949,-46.979073329974625,229.82253609976527,-7.398282747803906,False,16.100000000000023,-3.1234858105017427,10.334401362206167,-54.90274043570339,302.1166156931075,10.79611111111662,343.1830000000467,-12.10203912598056,-1.5958860763149776,-7.923667105728768,72.29407959334225
477612.0,-0.8278,3.0034,10.1623,0.0064,-0.0713,9.8063,-0.1363,0.5603,-0.3049,163.71,-81.18,76.84,52.85159,-1.680237,19.76,4,349.29,23 / 24,9.212141126552165,11.779889675308986,-0.03245732273558071,-46.06953860787287,231.00804495545705,-7.403437730077465,False,16.200000000000045,-3.3680406183580853,10.192964602761233,-55.245211052398425,303.1396090181957,10.735000000002639,341.7150000000634,-12.58018174491025,-1.5869250725477535,-9.175672444525553,72.13156406273865
477712.0,-1.041,-0.8408,10.236,0.0067,-0.0431,9.8065,0.0147,0.0793,-0.0653,163.49,-81.2,76.49,52.85159,-1.680237,19.76,4,349.29,23 / 24,9.420518016186438,11.656128242063964,0.006792677264406001,-45.13790565073626,232.1798458513253,-7.404720962351024,False,16.30000000000001,-3.4821595351064394,10.143973086127204,-55.594396779255796,304.15148285085746,10.72500000000029,341.0540000000192,-12.902677551292879,-1.5121551559367603,-10.456491128519538,71.97163699953217
477812.0,0.286,-0.1053,10.3806,0.0329,-0.0143,9.8065,0.1473,-0.1524,0.1196,168.89,-81.34,78.17,52.85159,-1.680237,19.76,4,349.29,23 / 24,9.529717709354756,11.663409819112271,0.056957677264417465,-44.19039386445898,233.3458227543844,-7.401533444624582,False,16.400000000000034,-3.7408673616321084,9.80149599440935,-55.97044294662296,305.1299982048286,10.491111111114435,339.11000000002764,-13.270585070986865,-1.8619138247029206,-11.780049082163977,71.78417545044422
477912.0,0.691,-0.8492,9.5188,0.0337,-0.0005,9.8066,0.1186,-0.1446,0.1294,174.77,-81.65,80.71,52.85159,-1.680237,19.76,4,349.29,23 / 24,9.557313217652794,11.64650175231501,0.07126267726441264,-43.23604231810893,234.51131833295534,-7.395122426898143,False,16.5,-3.9743962140923426,9.707949048764545,-56.36663444439296,306.09739406708013,10.49,337.736,-13.531709431745137,-1.9385527035504637,-13.130592126284029,71.58607573412479
478012.0,-0.5028,-2.5547,9.9786,0.0181,-0.0123,9.8066,0.0654,-0.0371,0.0387,176.51,-81.98,83.83,52.85159,-1.680237,19.76,4,349.29,23 / 24,9.613302363511353,11.750887061627477,0.06546767726441141,-42.2775115390505,235.68118777365274,-7.3882859091717,False,16.600000000000023,-4.05827743061001,9.48100728764548,-56.77625616240204,307.0425509429973,10.313055555565814,336.8270000000527,-13.671579794121364,-2.2698797739819963,-14.498744623351541,71.36136316934457
478112.0,0.1113,-0.4778,8.7963,-0.014,0.0272,9.8065,0.0206,-0.1351,0.0409,176.66,-81.89,84.14,52.85159,-1.680237,19.76,4,349.29,23 / 24,9.699567036356873,11.8383958652307,0.02354767726440197,-41.31186806905687,236.86065191999592,-7.3838351414452585,False,16.700000000000045,-4.249065963771727,9.289330623656392,-57.199308100695205,307.9654688341332,10.215000000004236,335.4200000000608,-13.9486330001286,-2.549065241574308,-15.887440031638334,71.1048169141373
478212.0,-0.2792,0.3912,8.5993,-0.0292,-0.0095,9.8065,0.0035,-0.3394,0.201,175.62,-82.02,82.37,52.85159,-1.680237,19.76,4,349.29,23 / 24,9.784426971559817,11.779033451039256,-0.08733732273556016,-40.33766836866137,238.041523385809,-7.3870246237188155,False,16.80000000000001,-4.3515323528509615,9.070158002051606,-57.63579025925669,308.87726723354945,10.060000000004495,334.3700000000305,-14.135959324410779,-2.7088754489876496,-17.29812189059532,70.83574384774045
478312.0,1.1619,-1.8388,9.4032,-0.0404,0.0235,9.8064,-0.0826,-0.4488,0.1244,172.6,-81.98,77.9,52.85159,-1.680237,19.76,4,349.29,23 / 24,9.808992723048638,11.78260313838533,-0.16787732273557843,-39.35799738393072,239.2196052152805,-7.399785355992376,False,16.900000000000034,-4.439656105689312,8.912361995172633,-58.078987527979706,309.75570715356776,9.956944444445908,333.52000000001203,-14.248648828737949,-2.870241143212697,-18.720990144048983,70.53610193828726
478412.0,-0.7312,-2.2854,9.693,-0.0388,0.0032,9.8065,-0.0738,-0.2627,0.1232,166.02,-82.04,73.9,52.85159,-1.680237,19.76,4,349.29,23 / 24,9.830794189178269,11.931192473153773,-0.19373232273556956,-38.37600803831971,240.40529499585705,-7.417865838265927,False,17.0,-4.325699527284848,8.63859893159083,-58.50875457638107,310.62302758115914,9.661111111111111,333.401,-14.156493716463117,-3.292593541562944,-20.13274653806136,70.21773258530209
478512.0,-0.2547,-3.7715,8.8252,-0.014,0.0368,9.8065,0.0032,-0.3051,0.0436,164.77,-81.73,71.31,52.852776,-1.680636,7.95,4,328.01,22 / 22,9.888485072473161,12.18713045855767,-0.24848732273558194,-37.390044075236915,241.6112111424429,-7.439976820539489,False,17.100000000000023,-4.418069537648732,8.396657655638771,-58.958666955152346,311.4569895314131,9.48805555556559,332.2480000000669,-14.306554610121893,-3.7904728029188988,-21.56862287991543,69.84577838897022
478612.0,1.0717,-4.2139,8.942,-0.0178,-0.0048,9.8066,-0.0494,-0.1152,-0.0935,158.67,-81.46,68.88,52.852776,-1.680636,7.95,4,328.01,22 / 22,9.814596561564539,12.505863139257201,-0.34079232273560284,-36.40488999353481,242.84586082233392,-7.469440802813056,False,17.200000000000045,-4.4719728746539795,8.208995144244172,-59.401864223849245,312.2687124961705,9.348055555561604,331.42000000003577,-14.286569436218517,-4.296867995013029,-22.996974230314436,69.42285167383659
478712.0,0.7658,-2.5674,9.6387,-0.0376,-0.0163,9.8065,-0.0332,-0.1433,-0.115,157.9,-81.25,66.85,52.852776,-1.680636,7.95,4,328.01,22 / 22,9.696749152491,12.74924346991319,-0.39242232273558514,-35.42932270783236,244.108616152792,-7.506101535086603,False,17.30000000000001,-4.552520650413099,7.862046853568045,-59.8584917127866,313.0470769829433,9.085000000007627,329.9270000000433,-14.249269802904099,-4.887196616345144,-24.42916900495424,68.93846083015129
478812.0,-0.8547,-4.7392,9.571,-0.0366,0.0458,9.8065,-0.1053,-0.2377,0.005,156.7,-80.99,64.82,52.852776,-1.680636,7.95,4,328.01,22 / 22,9.651610826128598,13.051987392733073,-0.41260232273558967,-34.461904708901166,245.3986776959246,-7.546352767360171,False,17.400000000000034,-4.388156317317488,7.529628751464328,-60.29497387136285,313.7920829903171,8.715000000005258,329.76700000000227,-14.039767143446086,-5.522358641268745,-25.833069162461683,68.39340529439252
478912.0,-0.1164,-4.1225,9.6974,-0.0108,0.004,9.8066,-0.0403,0.0135,-0.1579,152.56,-80.56,63.73,52.852776,-1.680636,7.95,4,328.01,22 / 22,9.601958559494479,13.440211168946478,-0.42984732273558374,-33.49922623962034,246.72328762400812,-7.588475249633715,False,17.5,-4.566380145054136,7.3242236027582495,-60.7516013603272,314.5259695059713,8.63111111111111,328.05800000000005,-14.168338704548615,-6.115987566188228,-27.25237512070686,67.8026818819632
479012.0,0.8509,-4.8225,8.9189,0.008,0.0536,9.8064,-0.0033,-0.0786,-0.15,153.55,-80.33,64.83,52.852776,-1.680636,7.95,4,328.01,22 / 22,9.462193005000088,13.793426305009888,-0.47969732273559496,-32.546018661395394,248.08496949770625,-7.633952481907285,False,17.600000000000023,-4.521619427076443,6.901868755992657,-61.20151373911182,315.2042585587409,8.251111111133143,326.7700000000747,-13.983812432076531,-6.8915575490172305,-28.655495077716424,67.11928906103464
479112.0,0.0831,-0.9258,10.3148,0.0066,-0.0076,9.8066,0.0597,-0.0075,-0.2025,152.95,-80.41,64.46,52.852776,-1.680636,7.95,4,328.01,22 / 22,9.3873988210432,14.00003585231111,-0.49867732273559917,-31.603539070093014,249.47464260557263,-7.682871214180856,False,17.700000000000045,-4.528322139465489,6.784544293542929,-61.658141228062966,315.88254761155974,8.156944444448511,326.2790000000212,-13.91572096050869,-7.21549155876818,-30.054602157969953,66.40790500598712
479212.0,0.9912,-2.2181,8.6891,-0.031,0.036,9.8065,-0.0175,-0.1714,-0.0785,156.37,-80.08,63.45,52.852776,-1.680636,7.95,4,328.01,22 / 22,9.367439155054544,14.089125753604623,-0.5291473227355887,-30.665797171288446,250.87910068586794,-7.734262446454397,False,17.80000000000001,-4.524357578299187,6.526211319195681,-62.108053606880354,316.52747818639546,7.941111111117368,325.2680000000293,-13.891796733353733,-7.562914434408942,-31.442256435591908,65.64837750052752
479312.0,0.3902,-1.9868,9.4514,-0.029,-0.0158,9.8065,-0.045,-0.1407,-0.0741,151.08,-80.25,61.19,52.852776,-1.680636,7.95,4,328.01,22 / 22,9.307564879410766,14.217963617057656,-0.6027873227356054,-29.73204696956497,252.29445515440136,-7.7908591787279695,False,17.900000000000034,-4.484968866012057,6.4257055345389835,-62.557965985697706,317.1724087605227,7.836111111112603,325.0860000000026,-13.792533745422823,-7.792258082518672,-32.82591901613274,64.87795360612137
479413.0,-0.3166,-4.0666,9.5649,-0.0216,0.0053,9.8065,-0.047,-0.2369,0.033,145.76,-80.03,58.31,52.852776,-1.680636,7.95,4,328.01,22 / 22,9.237944461437657,14.453311511977022,-0.6329358227356051,-28.795498747852132,253.7423545484176,-7.8532631975742655,False,18.001000000000033,-4.493847563675528,6.541352750855636,-63.012243186100385,317.83479693929945,7.9362444444444895,325.5112400000001,-13.731792025113185,-7.911958761121386,-34.216744438248256,64.09244239088184
479511.0,-0.0224,-4.9583,9.6457,-0.0442,-0.0349,9.8065,-0.0551,-0.1089,-0.1598,144.48,-80.05,56.41,52.852776,-1.680636,7.95,4,328.01,23 / 23,9.095097349595921,14.809605053171408,-0.6526681227356077,-27.897179699111366,255.1762374601101,-7.916257790902363,False,18.099000000000046,-4.4234859559454405,6.374248632057057,-63.43999570147338,318.4559317986286,7.758755555565909,325.24076000001577,-13.518583305541362,-8.435356421114351,-35.54281600236202,63.27969433851854
479613.0,-0.8483,-1.9921,9.5451,-0.0113,-0.0368,9.8066,-0.0371,-0.2933,0.0126,143.09,-79.8,53.74,52.852776,-1.680636,7.95,4,328.01,23 / 23,9.023691331467742,15.109470648087527,-0.6742156227356025,-26.97312147637734,256.70211032087394,-7.983928861921378,False,18.201000000000022,-4.3545945351667275,6.506859422127113,-63.878626695261076,319.1246580882221,7.829550000001947,326.20827000003777,-13.378285866634469,-8.602611225960413,-36.90550521888373,62.422547767348135
479712.0,1.6512,-3.6353,8.4633,-0.0258,-0.0153,9.8065,0.0376,-0.1419,-0.1011,139.35,-79.63,52.47,52.852776,-1.680636,7.95,4,328.01,23 / 23,8.91729903030299,15.287795742014513,-0.7536581727355941,-26.085042453469782,258.2067750071838,-8.054608614797194,False,18.30000000000001,-4.426924635858614,6.403792881445182,-64.3240399502901,319.75213105910643,7.785000000001305,325.3440000000253,-13.344223666161604,-8.884002860569332,-38.23899749682032,61.545356051922624
479812.0,1.414,-2.3283,9.6268,-0.0275,-0.0198,9.8066,-0.0644,-0.3405,0.0194,140.96,-79.5,50.12,52.852776,-1.680636,7.95,4,328.01,23 / 23,8.707693437541993,15.410543693347583,-0.8298181727356114,-25.203792830077333,259.74169197895225,-8.133782432070772,False,18.400000000000034,-4.27390412352025,6.456675063791366,-64.74709188859816,320.3970616339407,7.743055555556151,326.49799999998356,-12.981597561062243,-8.953868629556217,-39.54329905852083,60.655369654988476
479912.0,1.0326,-4.683,9.0423,-0.0355,-0.0466,9.8064,-0.0054,-0.4002,0.0917,136.13,-79.29,47.56,52.852776,-1.680636,7.95,4,328.01,23 / 23,8.479728179839064,15.584996761625199,-0.8770281727355953,-24.344421749208575,261.29146900170036,-8.219124749344303,False,18.5,-4.043833673427056,6.595060602080488,-65.14328338636884,321.0642311936259,7.736111111111112,328.485,-12.52356185326612,-8.989936159544712,-40.79886163716026,59.77276219192555
480012.0,1.6253,-1.7313,9.6787,-0.0335,-0.0334,9.8065,0.0367,-0.2313,-0.0207,135.38,-79.09,46.07,52.852776,-1.680636,7.95,4,328.01,23 / 23,8.261540604549422,15.72295728267557,-0.9216431727356055,-23.50735830998896,262.8568667039158,-8.309058316617884,False,18.600000000000023,-3.840956297362896,6.749780478788997,-65.51932955369607,321.7536397388203,7.766111111109371,330.35799999989143,-12.102496901912318,-8.973176803886572,-42.01197124370711,58.89677303490453
480112.0,-0.1421,-3.7862,9.2898,-0.0052,-0.0147,9.8066,0.0403,-0.1906,-0.1252,134.6,-78.96,44.72,52.852776,-1.680636,7.95,4,328.01,23 / 23,8.113026158701773,15.867214610613908,-0.9538831727356128,-22.688629971826213,264.43637529858063,-8.402834633891466,False,18.700000000000045,-3.7118472747611118,6.693594320869707,-65.89537572107734,322.4208092985075,7.653888888893736,330.9899999999727,-11.824873433462885,-9.173620289744202,-43.20674574925113,57.984433999926864
480212.0,0.8166,-2.1891,10.3134,-0.024,-0.0364,9.8065,-0.062,-0.2552,0.0784,131.01,-78.92,43.43,52.852776,-1.680636,7.95,4,328.01,23 / 23,7.973585880319117,16.051756875107234,-0.9543881727356126,-21.884299369875443,266.03232387286613,-8.498248201164994,False,18.80000000000001,-3.589166815903065,6.870991503220492,-66.24456144793618,323.12133733688324,7.751944444441601,332.4189999999586,-11.562752696222182,-9.180765371886743,-44.360262078060735,57.089013464017114
480312.0,1.2884,-2.0143,9.7863,-0.0217,-0.0295,9.8065,-0.0512,-0.3096,0.0578,129.34,-78.87,42.34,52.852776,-1.680636,7.95,4,328.01,23 / 23,7.844899209609654,16.116913892322252,-0.930068172735607,-21.093375115378823,267.640757411238,-8.592471018438577,False,18.900000000000034,-3.313681188610305,6.957274282148807,-66.57360184435198,323.8218653738461,7.706111111111762,334.53199999996997,-11.158580398219959,-9.159639610173445,-45.480226728973165,56.18110796260811
480412.0,0.1061,-3.0595,9.3077,-0.0043,-0.013,9.8066,0.0294,-0.3229,0.0436,128.01,-78.91,39.87,52.852776,-1.680636,7.95,4,328.01,23 / 23,7.701507539298194,16.233679486977355,-0.9560331727355981,-20.316054777933697,269.2582870802024,-8.686776085712104,False,19.0,-3.1524711975649176,6.964764916960487,-66.88249691041817,324.5223934122232,7.645,335.647,-10.853978736863112,-9.268914570016868,-46.56644213248447,55.26410633202079
480512.0,0.3825,-2.4729,9.2512,-0.0215,-0.0285,9.8065,-0.0168,-0.2842,0.0052,125.08,-78.86,36.49,52.852776,-1.680636,7.95,4,328.01,22 / 22,7.564102508656496,16.39550376470118,-1.0087531727356098,-19.55277427553579,270.8897462427867,-8.785015402985687,False,19.100000000000023,-2.9147904989630837,6.9776070488448045,-67.17124664608733,325.211801956003,7.561944444449261,337.32799999990254,-10.478893007619579,-9.417896715856374,-47.61847237055154,54.32205571321629
480612.0,0.7843,-3.1586,9.7143,-0.0189,-0.0015,9.8066,-0.0039,-0.2413,-0.0247,128.05,-78.69,35.58,52.852776,-1.680636,7.95,4,328.01,22 / 22,7.401962864114077,16.5337306850185,-1.041143172735617,-18.80447100689709,272.5362079652731,-8.887510220259271,False,19.200000000000045,-2.8152506869832474,6.949474849488915,-67.45328127161702,325.9123299950872,7.498055555558316,337.94699999997323,-10.217213551097325,-9.584255835529586,-48.64881026471993,53.3761220298141
480712.0,0.2472,-1.4921,10.1374,-0.0058,-0.0088,9.8066,-0.0059,-0.113,-0.0835,124.45,-78.52,34.39,52.852776,-1.680636,7.95,4,328.01,22 / 22,7.28338004616292,16.649097126228295,-1.0292231727356211,-18.07020386138349,274.1953493558349,-8.991028537532797,False,19.30000000000001,-2.649353182701081,7.096587399114915,-67.71517056673109,326.62397752518217,7.574999999997769,339.5279999999542,-9.932733228864,-9.55250972711338,-49.6449667053476,52.42862816934729
480811.0,0.1467,-2.1105,9.7731,-0.0172,0.0039,9.8065,0.0078,-0.2413,-0.012,123.59,-78.4,33.04,52.852776,-1.680636,7.95,4,328.01,22 / 22,7.221311151756285,16.753053640048208,-1.0145117727356228,-17.352221647086566,275.84875581876537,-9.092193417333613,False,19.399,-2.4885621785370016,7.08112813897496,-67.96114505085436,327.317500283176,7.505700000001028,340.63679999998357,-9.709873330293286,-9.671925501073247,-50.60892340376779,51.468744464410634
480912.0,0.8938,-1.5072,9.3728,-0.0048,0.0075,9.8066,0.0506,-0.386,0.0905,122.42,-78.42,31.65,52.852776,-1.680636,7.95,4,328.01,22 / 22,7.138348038347168,16.83122922055816,-1.0381154727356225,-16.62705885798635,277.544762103226,-9.19585109322991,False,19.5,-2.1688431977067215,7.165923269053251,-68.17179805571017,328.0472725860808,7.486944444444445,343.161,-9.307191236053889,-9.665305951504909,-51.54473919772382,50.5025104828548
481012.0,2.1738,-3.4478,9.2767,-0.0079,0.0126,9.8066,-0.0105,-0.3459,-0.0227,121.51,-78.51,30.76,52.852776,-1.680636,7.95,4,328.01,22 / 22,6.943969571254229,16.855559851066857,-1.0863054727356334,-15.922942977506118,279.2291015568076,-9.302072140503498,False,19.600000000000023,-2.01944714096496,7.164727143095393,-68.37325135964119,328.7700396099644,7.443888888891385,344.25899999993635,-8.963416712219189,-9.690832707971463,-52.45030838213507,49.540938053156765
481112.0,0.5822,-1.7739,10.0041,-0.0179,0.001,9.8066,-0.0603,-0.3475,0.0388,119.69,-78.46,28.99,52.852776,-1.680636,7.95,4,328.01,22 / 22,6.745081965672377,16.898156552813184,-1.102930472735637,-15.238490400659632,280.916787377002,-9.411533937777087,False,19.700000000000045,-1.8047038587350053,7.218945806014053,-68.547844223065,329.49280663319325,7.441111111111231,345.96399999992633,-8.549785824407381,-9.679210746799132,-53.30935382240537,48.57601925619127
481212.0,0.9389,-3.273,9.4976,-0.0296,-0.0181,9.8065,-0.0662,-0.3488,0.0101,118.84,-78.35,27.14,52.852776,-1.680636,7.95,4,328.01,22 / 22,6.583340126729301,16.983374907260313,-1.1085104727356352,-14.572069296039775,282.61086395000507,-9.522105985050613,False,19.80000000000001,-1.6252329685718891,7.186575016490852,-68.70900686621937,330.2044541639965,7.368055555557674,347.2569999999625,-8.20857309530119,-9.79679989076946,-54.1369375701796,47.59359021399143
481312.0,0.5739,-2.3322,10.0816,-0.0152,-0.0439,9.8065,-0.0547,-0.0184,-0.1103,117.94,-78.12,26.22,52.852776,-1.680636,7.95,4,328.01,22 / 22,6.396154222000668,17.08069569736612,-1.1102154727356355,-13.923094578603129,284.31406748023676,-9.633042282324203,False,19.900000000000034,-1.4278039887636136,7.153908076686852,-68.8500241789846,330.91610169409233,7.295000000001038,348.71299999997933,-7.823958210764282,-9.926787620679269,-54.92692960038147,46.602034213855575
481412.0,-0.7831,-1.0444,9.8729,-0.0149,-0.0581,9.8064,-0.0369,-0.1965,-0.0195,115.37,-78.12,23.24,52.852776,-1.680636,7.95,4,328.01,22 / 22,6.343578644554784,17.20081643231908,-1.0931554727356412,-13.286107935275574,286.02814308672043,-9.743210829597729,False,20.0,-1.2288084775324344,7.216122901222263,-68.96418105122615,331.6388687166133,7.32,350.336,-7.572387122087218,-9.984693531096816,-55.678073115950575,45.61072562989284
481512.0,1.5745,-1.5497,10.1822,-0.0002,-0.0196,9.8066,0.0027,-0.3244,0.0389,114.27,-78.13,21.5,52.852776,-1.680636,7.95,4,328.01,23 / 23,6.303381647946649,17.254742133626287,-1.0710654727356361,-12.653759920650359,287.7509210150181,-9.851421876871317,False,20.100000000000023,-1.0158711484276635,7.211858570100327,-69.06490770319165,332.36163574049687,7.283055555557698,351.9819999999046,-7.319252796374313,-10.04288356352596,-56.41114778254129,44.61071472547877
481612.0,1.0355,-1.9922,9.9662,-0.0039,-0.0149,9.8066,0.0379,-0.3084,-0.0418,112.66,-78.14,19.62,52.852776,-1.680636,7.95,4,328.01,23 / 23,6.18083998695103,17.24370419193441,-1.04431047273563,-12.029548838905333,289.4758433312965,-9.957190674144904,False,20.200000000000045,-0.9107816697313027,7.169323730534318,-69.15891924503069,333.0732832705934,7.226944444446868,352.7599999999664,-7.0916216566823325,-10.074380461400091,-57.129370406125354,43.59743993929686
481712.0,1.8095,0.4894,9.1234,-0.0078,-0.0033,9.8066,-0.015,-0.2149,-0.0763,111.88,-78.06,18.73,52.852776,-1.680636,7.95,4,328.01,23 / 23,6.149473008662368,17.181427469144328,-1.070495472735621,-11.413033189124873,291.19709991434985,-10.06293097141843,False,20.30000000000001,-0.6520137863683115,7.149218397938066,-69.21935523622649,333.7849308021035,7.178888888890283,354.78899999994115,-6.80148679503068,-10.032209071206262,-57.80632204710162,42.587830887753626
481812.0,0.6464,-0.8111,10.0545,-0.0164,-0.0783,9.8063,-0.0113,-0.2074,0.0634,112.66,-78.08,16.75,52.852776,-1.680636,7.95,4,328.01,23 / 23,6.180097684339726,17.114352320721075,-1.092265472735626,-10.796554654474628,292.91188890384353,-10.171069018692016,False,20.400000000000034,-0.5351083804591258,7.177023641982675,-69.27307611727352,334.5076978246247,7.1969444444441875,355.7359999999865,-6.715206064798852,-9.9373286787384,-58.47652146279889,41.59580892078117
481912.0,1.2262,-1.9614,10.3999,0.0018,-0.0086,9.8066,0.0204,-0.1357,-0.0083,108.26,-78.16,14.73,52.852776,-1.680636,7.95,4,328.01,23 / 23,6.108010064393336,17.115699104387208,-1.0502104727356403,-10.182149267038184,294.62339147509834,-10.278192815965543,False,20.5,-0.33771693980133827,7.098081599420227,-69.30665166794475,335.20822586300216,7.106111111111111,357.276,-6.445727004194675,-10.017617504966982,-59.124502400906565,40.58483438790381
482012.0,1.1381,-1.2925,10.114,0.0059,-0.016,9.8066,0.0418,-0.1039,-0.174,106.03,-78.38,12.76,52.852776,-1.680636,7.95,4,328.01,23 / 23,6.005380790967023,17.099566146819384,-1.00518047273563,-9.576479724270028,296.33415473765905,-10.38096236323913,False,20.600000000000023,-0.1019094993788742,7.0942680703468115,-69.31336677806512,335.9198733930462,7.095000000000645,359.1769999998898,-6.107290290345897,-10.005298076472574,-59.73688705379509,39.585718655387154
482112.0,0.3973,-1.5631,9.0833,0.0056,0.0457,9.8065,0.1435,-0.2485,-0.0474,108.6,-78.47,13.58,52.852776,-1.680636,7.95,4,328.01,23 / 23,5.934821619529748,17.116765582637907,-1.0259804727356345,-8.979469603745054,298.0449713241323,-10.482520410512716,False,20.700000000000045,0.12740194251387882,7.127750383897012,-69.29993655779789,336.6204014314244,7.128888888887426,1.0240000154725521,-5.807419677015869,-9.989015198740894,-60.32046695405284,38.57543010729211
482212.0,2.2487,-2.2366,9.2646,-0.0122,0.003,9.8065,-0.0867,-0.0835,-0.0807,108.22,-78.62,12.87,52.852776,-1.680636,7.95,4,328.01,23 / 23,5.801632626997175,17.097306584635312,-1.089250472735613,-8.392646891418908,299.75567493249537,-10.588281957786243,False,20.80000000000001,0.2294960617086831,6.98428607699082,-69.27307611727507,337.3209294683869,6.988055555559638,1.8819999999751265,-5.572136565288492,-10.113020507644492,-60.88042922585616,37.56525453589154
482312.0,1.0127,-2.6021,10.1182,-0.0136,0.0217,9.8065,-0.0549,-0.3391,0.0866,110.66,-78.55,12.73,52.852776,-1.680636,7.95,4,328.01,23 / 23,5.610047150014825,17.068661930387126,-1.1007754727356156,-7.822062902568177,301.4639733582469,-10.69778325505983,False,20.900000000000034,0.3820137833085858,6.869386105714471,-69.23950056661765,337.9992185212064,6.8800000000015356,3.182999999981512,-5.2280333667062395,-10.199275824672654,-61.41743766404947,36.535245162959484
482411.0,1.763,-2.588,9.7634,-0.0067,0.0595,9.8064,-0.0245,-0.1598,-0.0468,108.57,-78.38,12.84,52.852776,-1.680636,7.95,4,328.01,23 / 23,5.411253584580242,17.069222014578177,-1.0874946227356168,-7.276508516205779,303.1537986135225,-10.806102624785645,False,20.999000000000024,0.607973693116427,6.928691629579989,-69.17302097630285,338.6817329809981,6.955350000000007,5.014500000000169,-4.8032798914638155,-10.140530384998188,-61.89651246009707,35.52793436747561
482512.0,1.2568,0.8536,9.6212,-0.0137,0.0035,9.8066,0.0208,-0.4381,0.0836,109.3,-78.35,11.77,52.852776,-1.680636,7.95,4,328.01,22 / 23,5.368624837066955,16.998210827159394,-1.0990439727356167,-6.7321246559126005,304.8742039720302,-10.91652282385694,False,21.100000000000023,0.7570339003084504,6.794064674208968,-69.09848325387223,339.35579662608774,6.836111111118068,6.357999999923176,-4.611590936758504,-10.204146152950425,-62.36635859795963,34.48159265405752
482612.0,1.1767,-2.7345,9.7615,0.0025,0.0345,9.8065,-0.0138,-0.3246,0.1215,110.15,-78.26,12.06,52.852776,-1.680636,7.95,4,328.01,22 / 23,5.329147113963509,16.960887085930505,-1.1105739727356192,-6.197236058360955,306.5721588676851,-11.027003721130528,False,21.200000000000045,0.9376906158152836,6.754108526521688,-69.00447171202141,340.0229661857737,6.818888888889632,7.903999999933211,-4.391456498148225,-10.206778559408818,-62.807235653660456,33.45080731808861
482712.0,0.7881,1.0849,10.1276,0.0136,-0.0412,9.8064,-0.03,-0.2565,0.0258,108.95,-78.47,11.03,52.852776,-1.680636,7.95,4,328.01,22 / 23,5.3085280995422055,16.94236548117125,-1.096783972735624,-5.6653522976858515,308.26732149603964,-11.137371618404053,False,21.30000000000001,1.1610399026803186,6.706350333913203,-68.88359972963387,340.70125523929903,6.806111111111481,9.821999999944396,-4.147488196861887,-10.236015147258048,-63.21824743194802,32.43393374325939
482812.0,2.9611,-0.231,9.2813,0.0121,-0.0007,9.8066,0.0601,-0.3804,0.171,109.44,-78.41,11.5,52.852776,-1.680636,7.95,4,328.01,22 / 23,5.376092633839745,16.796764234757113,-1.1070039727356262,-5.131121261016633,309.95427798183647,-11.247561015677642,False,21.400000000000034,1.3138826516992335,6.590304422223591,-68.74929752701715,341.3461858134273,6.720000000001224,11.274999999979352,-4.062209982140511,-10.206459812533522,-63.61817626600052,31.391907831590856
482912.0,3.8954,2.5136,9.4899,-0.0067,-0.0631,9.8064,-0.0117,-0.0911,-0.0175,108.72,-78.48,11.17,52.852776,-1.680636,7.95,4,328.01,22 / 23,5.4615781896393685,16.481423990534346,-1.1491089727356119,-4.5892377198428616,311.61818739310047,-11.360366662951165,False,21.5,1.3977663571373924,6.475868606670063,-68.60828021423934,341.9911163882615,6.625,12.18,-4.063811832501976,-10.005555383864284,-64.01904249439649,30.372928995161033
483012.0,0.7309,-1.2747,10.0077,0.0232,-0.0158,9.8066,0.0952,-0.4209,0.1873,112.31,-78.59,12.42,52.852776,-1.680636,7.95,4,328.01,22 / 23,5.535456041074645,16.289973165504147,-1.1548939727356131,-4.039386008307035,313.25675725090275,-11.475566810224752,False,21.600000000000023,1.565708406216376,6.295157298440878,-68.45383268124425,342.6138079774922,6.486944444452449,13.96699999989639,-3.969747634858269,-9.99481586706327,-64.41444667293722,29.35705072658942
483112.0,4.6532,-3.199,9.1029,0.0142,-0.0572,9.8064,-0.0239,0.2017,-0.1475,113.37,-78.62,13.68,52.852776,-1.680636,7.95,4,328.01,22 / 23,5.315406016194912,16.16952192726459,-1.1800289727356188,-3.496842905443434,314.87973200554154,-11.59231295749834,False,21.700000000000045,1.7924774909535277,6.287542834201991,-68.26580959755556,343.24761905919314,6.538055555553347,15.911999999915974,-3.522928525241385,-9.881979093062599,-64.76896669211213,28.3678870536516
483212.0,3.8839,-1.0299,9.5792,-0.0011,-0.053,9.8065,0.0305,-0.1831,0.0055,112.38,-78.74,12.74,52.852776,-1.680636,7.95,4,328.01,22 / 23,5.046661992844909,15.898667755089866,-1.2265889727356027,-2.9787395049916197,316.4831414896587,-11.71264385477186,False,21.80000000000001,1.9143774235111979,6.063878872607061,-68.07107140373112,343.8480716629116,6.358888888894082,17.520999999953357,-3.132284569333711,-9.834788882482805,-65.0923318987395,27.3649301732529
483312.0,2.9059,-0.6418,9.6055,-0.0011,-0.0432,9.8065,-0.0697,0.3066,-0.1619,110.26,-78.65,12.82,52.852776,-1.680636,7.95,4,328.01,22 / 23,4.935506518664523,15.655220796651264,-1.2480189727356077,-2.4796310794160346,318.0608359172461,-11.836374252045449,False,21.900000000000034,1.9399548101920878,5.980154327603618,-67.87633320990629,344.4485242666289,6.286944444445467,17.972999999993576,-2.9955517084724352,-9.675066469047646,-65.39670213049025,26.387688349382813
483412.0,1.4307,3.4371,10.2015,-0.0009,-0.0885,9.8062,0.0321,-0.0028,0.0252,109.67,-78.63,12.12,52.852776,-1.680636,7.95,4,328.01,22 / 23,5.082657077499436,15.448670608960054,-1.238333972735611,-1.9787228996080075,319.61603048752613,-11.960691899318967,False,22.0,2.1319422504196757,5.926240462699744,-67.66144968570599,345.0489768710532,6.298055555555555,19.786,-2.9507148270797607,-9.522430146260309,-65.68272678609799,25.432946383527053
483512.0,0.8347,-1.1729,10.0981,0.012,-0.0097,9.8066,-0.0022,0.4906,-0.2846,112.19,-78.81,12.12,52.852776,-1.680636,7.95,4,328.01,23 / 23,5.240866225395591,15.34929042474499,-1.2040189727356032,-1.4625467344631389,321.15592853921174,-12.082809546592555,False,22.100000000000023,2.3593093502499007,5.743166428413076,-67.41970572097273,345.61607099674495,6.208888888894059,22.332999999852323,-2.88155687514569,-9.606123996331913,-65.9571589865096,24.46014245753321
483612.0,1.7619,1.406,8.9945,0.0083,-0.0809,9.8062,-0.026,0.2265,-0.0287,110.68,-79.12,11.39,52.852776,-1.680636,7.95,4,328.01,23 / 23,5.296370865283221,15.267079524170297,-1.230053972735609,-0.9356848799290786,322.68674703665783,-12.204513193866143,False,22.200000000000045,2.5132623033693093,5.69509768085263,-67.16453153595431,346.194284614903,6.224999999999303,23.811999999936106,-2.7831085619139113,-9.571981843317667,-66.22884665602523,23.50753757824515
483712.0,0.6914,-1.7077,9.4303,0.0043,0.0074,9.8066,-0.0281,0.3476,-0.0764,108.09,-79.32,11.78,52.852776,-1.680636,7.95,4,328.01,23 / 23,5.3284819128253105,15.198233157894853,-1.2894789727355886,-0.4044422410238332,324.2100126707606,-12.33048984113966,False,22.30000000000001,2.6076736300638634,5.71514341396041,-66.90264224082803,346.7613787413435,6.281944444442793,24.5259999999793,-2.720808282761447,-9.483089743934443,-66.4981999998042,22.5513660705829
483812.0,4.6615,0.4133,9.6458,-0.0149,-0.0908,9.8062,-0.0916,0.4594,-0.1194,106.33,-79.36,8.18,52.852776,-1.680636,7.95,4,328.01,23 / 23,5.278480437035475,15.010514596674865,-1.3163389727355947,0.12590587646932672,325.7204500584894,-12.460780738413249,False,22.400000000000034,2.778426291724205,5.732124156143115,-66.62732272546002,347.32847286636917,6.369999999998748,25.859999999981042,-2.5000541453112706,-9.27839044053175,-66.75322860192935,21.608022807879763
483912.0,2.8544,-3.7508,9.4994,-0.0268,0.0811,9.8062,-0.0714,0.0341,0.0827,105.31,-78.99,6.05,52.852776,-1.680636,7.95,4,328.01,23 / 23,5.100623174499945,14.743122298071611,-1.3397439727355867,0.6448610570459208,327.2081319032262,-12.593584885686763,False,22.5,2.865980376875087,5.638420122637805,-66.3385729897702,347.8844474996764,6.324999999999999,26.944000000000003,-2.2346427976248577,-9.104702175433808,-66.98343404681611,20.676315596450195
484012.0,2.8916,0.4547,9.5058,0.0076,0.0138,9.8066,-0.0142,0.4422,-0.1978,101.21,-79.03,3.76,52.852776,-1.680636,7.95,4,328.01,23 / 23,4.96028203122174,14.562748424180338,-1.3701489727355936,1.1479063173321196,328.67342543933916,-12.729079532960352,False,22.600000000000023,2.9277376803914996,5.600959924407525,-66.04982325414107,348.4515416260755,6.320000000000289,27.59699999996214,-2.0325443508302405,-8.961788499772812,-67.19772957147319,19.778116186736327
484112.0,4.1814,3.4389,9.5528,0.0106,0.0357,9.8065,0.0644,-0.1613,0.2041,102.68,-79.19,3.48,52.852776,-1.680636,7.95,4,328.01,23 / 23,5.159153471714776,14.230742814973425,-1.3978839727355998,1.6538780924790604,330.1131000012972,-12.867481180233943,False,22.700000000000045,3.0272725425367972,5.633084941056819,-65.74764329822334,349.00751625867616,6.3949999999967595,28.25399999997162,-2.1318809291779783,-8.597657873916607,-67.4015213907024,18.894416257378964
484212.0,2.9923,2.4127,9.9124,0.0044,0.0302,9.8065,0.0977,0.2314,-0.1223,101.07,-79.26,1.86,52.852776,-1.680636,7.95,4,328.01,23 / 23,5.453424134736571,13.875084762896048,-1.4052889727355973,2.184506972801447,331.51839138019017,-13.007639827507456,False,22.80000000000001,3.128228837336029,5.6314147926209595,-65.43874823215775,349.5746103851157,6.441944444443084,29.051999999976864,-2.3251952974005423,-8.24366997027509,-67.6232552049592,18.056219004925538
484312.0,2.2549,2.1367,9.4259,0.0232,-0.0004,9.8065,0.0847,-0.0693,0.1273,98.5,-79.75,-0.11,52.852776,-1.680636,7.95,4,328.01,23 / 23,5.712720641030117,13.636814300059363,-1.4190389727356003,2.7428142115899083,332.89398633333826,-13.148856224781047,False,22.900000000000034,3.2182205228698977,5.631402490663386,-65.11642294585039,350.1305850184234,6.486111111110484,29.746999999990123,-2.4945001181602193,-8.005411809395977,-67.85923715744029,17.23659868508514
484412.0,3.3603,0.5986,9.0668,-0.0019,-0.0025,9.8066,-0.1194,0.0341,0.0804,94.29,-79.9,-1.18,52.852776,-1.680636,7.95,4,328.01,23 / 23,5.895968122827019,13.403392717480138,-1.475068972735581,3.3232486497825673,334.2459966842148,-13.293561622054558,False,23.0,3.2830290328652825,5.649196790846404,-64.78738254938204,350.6976791434486,6.533888888888888,30.163,-2.612939089961736,-7.7541959266337335,-68.11063119916462,16.451682459233837
484512.0,2.9221,-0.0173,9.2186,-0.0501,-0.038,9.8064,-0.1816,0.0106,0.081,96.28,-79.91,-1.84,52.852776,-1.680636,7.95,4,328.01,25 / 25,5.972169077533391,13.153648639888518,-1.541463972735596,3.916655509800723,335.5738487520835,-13.444388269328151,False,23.100000000000023,3.370157511576311,5.7282485323450985,-64.45162704283034,351.2758927629799,6.646111111104604,30.4699999999822,-2.6020115659570804,-7.425400107543419,-68.36828255263106,15.702044010896373
484612.0,3.264,-1.4972,9.8669,-0.0267,0.0035,9.8066,-0.0476,-0.1237,0.2345,94.55,-79.24,-2.65,52.852776,-1.680636,7.95,4,328.01,25 / 25,5.943672095045627,12.916770943171633,-1.567853972735602,4.51244756842981,336.8773697312368,-13.599854166601746,False,23.200000000000045,3.4346016242454787,5.788900454559943,-64.1091564261204,351.8541063818459,6.731111111107439,30.680999999990885,-2.509070470800148,-7.1278704886116895,-68.62160399455021,14.976736650609098
484712.0,2.6242,3.7887,9.0886,-0.0145,-0.0392,9.8065,-0.0093,0.1381,-0.0752,91.36,-78.64,-3.99,52.852776,-1.680636,7.95,4,328.01,25 / 25,6.115404427773518,12.692537619553931,-1.6007439727355908,5.115401394570561,338.15783515937267,-13.758284063875251,False,23.30000000000001,3.500137592180413,5.923127285121104,-63.76668580939693,352.4545589848546,6.879999999995683,30.580000000002926,-2.6152668355931046,-6.769410334432828,-68.8820872039675,14.296723825481934
484812.0,0.9962,1.9972,9.6249,0.0044,0.0358,9.8065,0.1301,-0.2447,0.1775,91.82,-78.42,-3.87,52.852776,-1.680636,7.95,4,328.01,25 / 25,6.47131716507916,12.573842001540637,-1.6457339727356008,5.744737474213339,339.4211541404277,-13.920607961148848,False,23.400000000000034,3.5180969349592384,6.045909274559742,-63.417500082552614,353.06613108099725,6.994999999998365,30.19500000000547,-2.9532202301199217,-6.527932726980895,-69.16223755676596,13.644976940569563
484912.0,2.8,5.3807,8.9509,0.0062,0.0107,9.8065,-0.0195,0.2963,-0.0645,89.25,-78.73,-3.7,52.852776,-1.680636,7.95,4,328.01,25 / 25,6.910490193220157,12.455634832159891,-1.697608972735583,6.413827842128076,340.67262798211226,-14.08777510842235,False,23.5,3.5093018461577796,6.131804428759417,-63.068314355694945,353.6777031778472,7.065,29.783,-3.401188347062377,-6.323830403400474,-69.48214219782302,13.005075195734946
485012.0,2.6057,0.6817,9.5612,0.0012,0.0776,9.8062,0.0914,-0.1737,0.2077,91.96,-79.05,-2.73,52.852776,-1.680636,7.95,4,328.01,25 / 25,7.281129602929125,12.258921810003168,-1.7526689727355955,7.123408831935702,341.90835581422067,-14.260289005695949,False,23.600000000000023,3.6349369486709766,6.284491497251174,-62.70569840862178,354.31151426021006,7.259999999988693,30.04499999998481,-3.6461926542581486,-5.974430312751994,-69.82910724055748,12.40315844598939
485112.0,3.5345,-2.0581,10.208,-0.011,0.0917,9.8062,0.101,-0.3006,0.1534,92.61,-79.23,-2.23,52.852776,-1.680636,7.95,4,328.01,25 / 25,7.272152838349703,12.02474954695915,-1.7448739727355937,7.851072953999809,343.1225393820691,-14.435166152969549,False,23.700000000000045,3.6492782533378785,6.313099239720482,-62.343082461508885,354.9453253419116,7.2919444444430646,30.030000000000648,-3.6228745850118242,-5.711650307238668,-70.19415541550869,11.82278595984252
485212.0,1.6143,1.137,10.0637,-0.0036,0.0045,9.8066,0.0312,0.2961,-0.1425,92.5,-79.28,-2.27,52.852776,-1.680636,7.95,4,328.01,25 / 25,7.287167905564345,11.83849367989918,-1.7119539727356048,8.579038991195263,344.3157015434116,-14.60800755024305,False,23.80000000000001,3.592487728577893,6.593742811605621,-61.98718162451674,355.61249490230307,7.508888888882599,28.58300000004195,-3.6946801769864517,-5.2447508682935595,-70.566220615712,11.296793358891478
485312.0,2.2833,-3.0285,10.0694,-0.004,0.0696,9.8063,-0.0186,0.5134,-0.1737,93.17,-79.35,-1.2,52.852776,-1.680636,7.95,4,328.01,25 / 25,7.255856071096235,11.718120084692298,-1.6859639727355988,9.306190190028458,345.49353223164144,-14.777903447516648,False,23.900000000000034,3.5433272197128183,6.608000403166001,-61.63799589768538,356.27966446198894,7.498055555555709,28.20100000000543,-3.712528851383417,-5.110119681526298,-70.94418608771383,10.786132230347505
485412.0,2.9611,1.089,10.3447,0.0169,-0.0793,9.8062,0.0725,0.6278,-0.3183,92.6,-79.69,-1.07,52.852776,-1.680636,7.95,4,328.01,25 / 25,7.21900678747476,11.530428488642869,-1.6459239727356125,10.02993333295676,346.6559596603078,-14.94449784479015,False,24.0,3.749405406815624,6.7346922381704,-61.26194973030469,356.9579535141,7.708055555555555,29.106,-3.469601380659136,-4.795736250472469,-71.29188306326145,10.301993853792169
485512.0,3.4314,-4.4064,10.46,0.0308,0.0233,9.8065,0.0952,0.2748,-0.24,94.19,-80.05,-1.79,52.852776,-1.680636,7.95,4,328.01,20 / 22,7.107996085835806,11.292681674722914,-1.5863539727355989,10.746283476622452,347.79711516847635,-15.106111742063748,False,24.100000000000023,3.7075654447175808,6.79422979248621,-60.89933378321818,357.6362425668695,7.739999999998148,28.62100000002812,-3.4004306411182252,-4.498451882236704,-71.64561725984063,9.839127398393146
485612.0,4.7711,3.5383,9.2136,0.0403,-0.0559,9.8064,-0.0342,0.6836,-0.2764,93.17,-80.42,-2.41,52.852776,-1.680636,7.95,4,328.01,20 / 22,7.113099891861607,10.956971298116404,-1.5833389727355982,11.457338275507484,348.9095978171186,-15.264596389337344,False,24.200000000000045,3.661750081405183,6.9888258199232665,-60.53671783613198,358.34789009696345,7.8899999999935195,27.652000000041863,-3.4513498104564238,-3.9681454781931373,-71.99405611163947,9.438292279844859
485712.0,2.6282,2.7157,9.7225,0.0455,-0.0003,9.8065,0.0239,0.1115,-0.04,92.87,-80.67,0.1,52.852776,-1.680636,7.95,4,328.01,20 / 22,7.478728224213888,10.63908039573892,-1.6171989727355867,12.186929681311009,349.989400401811,-15.42462328661085,False,24.30000000000001,3.68315372319207,6.966260018929879,-60.167386778872036,359.0484181353411,7.8800000000002886,27.865999999993797,-3.7955745010218176,-3.6728203768090415,-72.35431646018304,9.059017733530084
485812.0,4.2237,3.0748,9.8894,-0.0037,-0.05,9.8065,0.0848,0.3777,-0.2351,94.37,-80.87,2.41,52.852776,-1.680636,7.95,4,328.01,20 / 22,7.818808754856576,10.346101890787214,-1.6172689727355867,12.951806530264706,351.03865951613756,-15.586346683884445,False,24.400000000000034,3.6725621747069286,7.120641884952929,-59.804770831758944,359.76006566543657,8.01194444444257,27.283000000008286,-4.146246580149647,-3.225460005834285,-72.75657736202365,8.721406149299014
485912.0,2.0895,0.6514,8.4417,0.0259,0.0027,9.8066,0.1583,0.0518,0.0006,95.05,-81.0,2.92,52.852776,-1.680636,7.95,4,328.01,20 / 22,8.054374417378064,10.082818451866776,-1.6813789727355646,13.745465688876168,352.0601055332699,-15.751279081157946,False,24.5,3.664846121466366,7.324274906499135,-59.44215488464625,360.5050716749305,8.19,26.582,-4.389528295911697,-2.7585435453676412,-73.18762057352242,8.444966141660586
486011.0,3.7283,-2.0535,10.3468,0.0066,-0.0387,9.8065,-0.0702,0.2143,-0.0474,97.51,-80.93,3.15,52.852776,-1.680636,7.95,4,328.01,20 / 22,8.028602492055672,9.870472660090801,-1.7222065727355835,14.54157304589351,353.0477934433123,-15.919756565658847,False,24.599000000000046,3.701565851382769,7.4905949999501,-59.076517138011354,361.25363592037695,8.355274999990456,26.29688000001646,-4.327036640672903,-2.379877660140701,-73.61809018390487,8.205842477064664
486111.0,4.2339,0.505,10.8033,0.0248,-0.0346,9.8065,0.167,0.1486,0.0811,96.44,-80.9,4.09,52.852776,-1.680636,7.95,4,328.01,20 / 22,7.981452721619171,9.548801644475425,-1.6453665727356097,15.34207580657698,354.01875715854027,-16.08813522293235,False,24.699000000000012,3.6269196283749796,7.617899756674985,-58.71383403979734,362.0097614215821,8.437244444440902,25.45943000003682,-4.354533093244191,-1.9309018878004398,-74.05590984637432,7.991004263041816
486211.0,0.4972,4.8402,8.5422,0.0513,-0.0231,9.8064,-0.2844,0.3603,-0.3225,98.37,-81.06,6.29,52.852776,-1.680636,7.95,4,328.01,20 / 22,8.29673735467008,9.338112889572681,-1.6587565727356128,16.155985310391628,354.9631028852429,-16.25334138020595,False,24.799000000000035,3.617859365323202,7.70613166995911,-58.357866051717,362.787903517797,8.513130555553362,25.149050000008813,-4.678877989346878,-1.6319812196135715,-74.51385136210862,7.8248006325541155
486312.0,4.652,-0.7763,10.2825,-0.0034,0.0725,9.8063,-0.2159,0.271,-0.2216,101.29,-80.84,9.1,52.852776,-1.680636,7.95,4,328.01,20 / 22,8.531955738087378,9.11452962878955,-1.6985808727356124,17.00583431157587,355.89496133242017,-16.422886921202245,False,24.900000000000034,3.589511011969642,7.708265983722635,-57.99840620635524,363.56293215700396,8.50305555555571,24.9700000000025,-4.942444726117736,-1.4062636450669146,-75.00424051793111,7.66797082458379
486413.0,1.9306,0.9988,10.0546,-0.009,0.0158,9.8066,-0.0497,0.2192,-0.0124,102.1,-80.83,9.84,52.852776,-1.680636,7.95,4,328.01,20 / 22,8.55980407738391,8.842799337353053,-1.6620289727356126,17.868968182257163,356.80180644521033,-16.59259771839854,False,25.001000000000033,3.52519100979308,7.924628677141006,-57.65244373238996,364.3718752488221,8.673338888888834,23.981570000000165,-5.034613067590831,-0.9181706602120476,-75.52141191464713,7.570068803611775
486512.0,3.1462,2.5272,9.943,-0.0108,-0.0248,9.8065,0.0918,0.163,-0.1854,104.27,-80.69,11.81,52.852776,-1.680636,7.95,4,328.01,21 / 22,8.754123981656205,8.61082504396328,-1.6430061227356145,18.72600762117956,357.6657608520854,-16.75619695562435,False,25.100000000000023,3.5243522366883115,8.165794565100263,-57.30674986283916,365.19749757817283,8.893888888875972,23.34500000003728,-5.229771744967893,-0.44503047886301594,-76.03275748401872,7.531736726087445
486612.0,2.0538,-0.6037,10.7234,-0.0069,0.0763,9.8063,0.1528,-0.2,0.1542,108.87,-80.64,16.78,52.852776,-1.680636,7.95,4,328.01,21 / 22,8.863031353514481,8.388867872861491,-1.5903511227356024,19.606865387938292,358.51574549792684,-16.917864817897946,False,25.200000000000045,3.5418118794518425,8.245377517168953,-56.950849025860855,366.0203400360625,8.973888888885432,23.246000000004276,-5.321219474062639,-0.14349035569253843,-76.55771441379915,7.504594538135677
486711.0,4.1242,-0.3845,8.4653,0.0181,0.018,9.8065,0.0102,-0.1346,0.0339,112.13,-80.91,17.64,52.852776,-1.680636,7.95,4,328.01,21 / 22,8.796627616682596,8.162958244519928,-1.6113688227356002,20.481018506962954,359.3350608907371,-17.076349955198754,False,25.299000000000035,3.4459163252306726,8.424221968094182,-56.618451074336505,366.8569706643743,9.101763888885156,22.247090000029157,-5.350711291451923,0.2612637235742543,-77.09946958129946,7.521909773637162
486812.0,3.4083,3.4494,9.9823,-0.0032,0.0139,9.8066,0.0439,0.0465,-0.0398,107.16,-80.98,18.55,52.852776,-1.680636,7.95,4,328.01,21 / 22,8.906226601350193,7.806245948057029,-1.6702366727355997,21.3750126449736,360.14150570246227,-17.242071032720048,False,25.400000000000034,3.399942731355888,8.570226917851679,-56.279338012694566,367.73274190568515,9.219999999998338,21.639000000008497,-5.506283869994305,0.76398096979465,-77.65435065766818,7.591236203222877
486911.0,1.399,0.2313,9.1894,-0.0015,0.067,9.8063,-0.0497,0.3653,-0.0828,111.17,-80.87,19.79,52.852776,-1.680636,7.95,4,328.01,21 / 22,9.093516531694421,7.570579634526173,-1.6920958727355975,22.265999930059216,360.90265856880006,-17.408506493720854,False,25.499000000000024,3.3220367816234324,8.724712000466498,-55.95358802021706,368.6023974272021,9.33577500000001,20.845019999999927,-5.771479750070989,1.1541323659403249,-78.21958795027628,7.699738858402043
487012.0,-0.086,2.1499,9.5436,-0.0108,-0.0172,9.8065,-0.1554,0.2644,-0.0985,107.27,-80.69,18.18,52.852776,-1.680636,7.95,4,328.01,21 / 22,9.273943161616508,7.51783473011369,-1.7365510227355971,23.19355664457141,361.66462349421437,-17.581653161942146,False,25.600000000000023,3.281422071652283,8.934520174363849,-55.62125721980802,369.51186073262693,9.518055555545056,20.167000000038847,-5.9925210899642245,1.4166854442501586,-78.81481386437943,7.847237238412561
487112.0,4.0912,0.8505,9.5816,-0.0085,-0.0003,9.8066,-0.114,0.1645,-0.0284,107.53,-80.43,17.95,52.852776,-1.680636,7.95,4,328.01,21 / 22,9.444572709928375,7.32998660906231,-1.7609560227356027,24.129482438148866,362.40701456117336,-17.756528514215745,False,25.700000000000045,3.2945100456072787,9.053066810907396,-55.29893193349989,370.4125396382029,9.633888888883883,19.997000000007343,-6.150062664321096,1.723080201845086,-79.42841437164876,8.005525077029517
487212.0,4.0309,2.2108,9.2028,0.004,-0.0335,9.8065,0.009,0.2693,-0.1225,109.48,-80.48,17.55,52.852776,-1.680636,7.95,4,328.01,21 / 22,9.549172042048804,6.941366084506348,-1.8024010227355884,25.0791696757474,363.12058219585157,-17.934696366489245,False,25.80000000000001,3.182228259687508,9.241337961329611,-54.98332175729953,371.3465770210539,9.77388888888483,19.001000000028874,-6.366943782361296,2.299971876823263,-80.06249143304693,8.22599482520235
487312.0,2.3878,0.7664,9.2872,0.0176,-0.0239,9.8066,0.0349,-0.0869,0.0877,107.4,-80.6,18.12,52.852776,-1.680636,7.95,4,328.01,21 / 22,9.675645645818989,6.635328048844323,-1.8585660227356011,26.04041056014101,363.7994169025193,-18.117744718762847,False,25.900000000000034,3.216160806702943,9.488648177335872,-54.66099647099198,372.3028533908795,10.018888888885408,18.724000000003937,-6.459484839116046,2.853320128491549,-80.70140703113299,8.503436488360194
487412.0,5.6531,-1.9214,9.091,-0.0004,-0.0303,9.8065,-0.1275,0.1767,-0.08,110.98,-80.43,19.16,52.852776,-1.680636,7.95,4,328.01,21 / 22,9.574782662897517,6.325463014749552,-1.92032102273558,27.002931975576505,364.4474564556988,-18.30668907103634,False,26.0,3.062124228101141,9.570100086164556,-54.365531625194095,373.2591297607052,10.048055555555555,17.743,-6.512658434796377,3.2446370714150046,-81.3684636007706,8.811673305006423
487512.0,4.9263,0.5295,8.2596,-0.0107,-0.0506,9.8065,-0.0748,-0.2498,0.1344,109.87,-80.18,17.41,52.85338,-1.680443,11.35,4,8.65,22 / 23,9.415225022757411,5.898421052882247,-2.0334560227356056,27.95243235985947,365.0586506590805,-18.504377923309946,False,26.100000000000023,2.976929495696931,9.819790833412013,-54.070066779417914,374.2487646070291,10.261111111098758,16.865000000050905,-6.438295527060481,3.9213697805297656,-82.02249913927739,9.19011394794859
487612.0,1.9839,-3.3845,9.749,-0.0186,0.0032,9.8066,-0.0516,-0.1361,0.1263,107.53,-79.64,16.48,52.85338,-1.680443,11.35,4,8.65,22 / 23,9.25397327758009,5.659968896347464,-2.113691022735624,28.885892274876557,365.6365701565421,-18.711735275583553,False,26.200000000000045,2.9445642430180508,10.030619837268265,-53.78131704375405,375.24951894584996,10.453888888880561,16.360000000021817,-6.30940903456204,4.370650940920801,-82.66720931863061,9.612948789307836
487712.0,1.1602,0.8339,9.2699,0.0128,-0.0339,9.8065,0.0916,-0.3231,0.1362,109.69,-79.65,15.64,52.85338,-1.680443,11.35,4,8.65,22 / 23,9.171184363845839,5.593640603754518,-2.143411022735614,29.80715015694754,366.19925063154705,-18.924590377857044,False,26.30000000000001,2.7401081309707034,10.099902595103584,-53.51271263849243,376.2725122723506,10.464999999999678,15.179000000034238,-6.431076232875135,4.506261991349066,-83.31986279543997,10.073261640803537
487812.0,1.4551,-5.2862,9.2293,0.022,0.0542,9.8064,-0.1348,-0.3561,0.3136,108.54,-79.68,17.62,52.85338,-1.680443,11.35,4,8.65,22 / 23,9.006326041141747,5.585213601421892,-2.1991160227356263,30.716025677197127,366.758193341806,-19.141716730130653,False,26.400000000000034,2.798081899762803,10.302916389981325,-53.23067801296353,377.3066250905707,10.67611111110811,15.193999999999788,-6.208244141378945,4.717702788559433,-83.94670369016066,10.548431748764699
487912.0,3.7335,3.2034,9.2225,-0.0007,0.0015,9.8066,0.0528,-0.2244,0.0593,107.87,-79.66,17.38,52.85338,-1.680443,11.35,4,8.65,22 / 23,8.916190074987046,5.4200464718772965,-2.2571910227356065,31.61215148300326,367.3084563454708,-19.36453208240414,False,26.5,2.6958910917291976,10.458115089323465,-52.96878871782333,378.35185740050883,10.8,14.455,-6.220298983257848,5.038068617446169,-84.58094020082659,11.043401055038032
488012.0,3.2117,-0.1597,9.4794,0.0148,0.0757,9.8063,0.0113,-0.4676,0.3016,108.44,-79.81,18.31,52.85338,-1.680443,11.35,4,8.65,22 / 23,9.04137043311056,5.090080024823239,-2.302761022735617,32.510029508408344,367.83396267030594,-19.592529684677753,False,26.600000000000023,2.591917952241124,10.573907540032646,-52.71361453282268,379.4193286966359,10.886944444439404,13.773000000039541,-6.449452480869436,5.483827515209407,-85.22364404123103,11.58536602632995
488112.0,3.3256,1.8527,9.2264,0.0162,0.0117,9.8066,-0.0133,-0.0004,-0.041,113.12,-79.91,20.1,52.85338,-1.680443,11.35,4,8.65,22 / 23,7.729275180823567,4.074475708861329,-1.995915619325283,33.34856178910524,368.2921904569903,-19.807463516780846,False,26.700000000000045,2.5264189590823305,10.69167173966606,-52.458440347843506,380.4867999921334,10.986111111106826,13.29500000002065,-5.202856221741237,6.61719603080473,-85.80700213694874,12.194609535143115
488212.0,7.3652,-0.8214,8.862,0.0133,0.0772,9.8063,0.1744,-0.2405,0.1957,115.88,-79.95,23.4,52.85338,-1.680443,11.35,4,8.65,22 / 23,7.644467287570271,3.6083775160993707,-2.072160619325257,34.11724891252467,368.6763331182382,-20.010867328713303,False,26.80000000000001,2.3337529663090253,10.899906767476002,-52.23684171349393,381.5876297663204,11.14694444443978,12.085000000035079,-5.310714321261246,7.291529251376632,-86.3540906260186,12.911296648082214
488313.0,-0.0108,-4.061,9.906,0.0204,-0.0329,9.8066,-0.0363,0.1927,-0.2634,116.27,-80.27,24.45,52.85338,-1.680443,11.35,4,8.65,22 / 23,7.356058036430316,3.417483052902181,-2.1148482693252566,34.874775441386696,369.03113907697275,-20.22231127759015,False,26.90100000000001,2.2391481663125474,11.057972923333429,-52.01302709281546,382.71080971981746,11.282399999998157,11.447139999999798,-5.116909870117768,7.640489870431248,-86.88780253420217,13.679670642844712
488411.0,2.9776,2.9265,8.8102,-0.0099,0.0307,9.8065,0.0515,-0.1583,0.2055,115.35,-80.18,26.4,52.85338,-1.680443,11.35,4,8.65,22 / 23,7.336918848135486,3.3465672079661304,-2.1588061693252625,35.594731308730516,369.36257753975536,-20.431720345084056,False,26.999000000000024,2.2668938609330826,11.181228973774395,-51.79586043114111,383.81141710367694,11.408711111111122,11.460860000000002,-5.0700249872024035,7.834661765808265,-87.39059173987162,14.448839563921581
488512.0,1.3174,-1.4264,9.6268,0.0004,0.0519,9.8065,-0.0473,-0.3513,0.1189,114.82,-80.24,25.89,52.85338,-1.680443,11.35,4,8.65,22 / 23,7.407099419311589,3.153273158306047,-2.218209319325262,36.33930423123659,369.6908194782521,-20.652759627260906,False,27.100000000000023,2.1054282859445443,11.438964874998797,-51.58547603074617,384.9679555364901,11.63111111109829,10.429000000059837,-5.301671133367044,8.28569171669275,-87.92478026198276,15.277136058238
488612.0,1.4122,1.5641,10.0001,0.0217,0.0471,9.8064,0.0293,-0.1713,0.024,114.44,-80.16,25.32,52.85338,-1.680443,11.35,4,8.65,22 / 23,7.4497899604524145,3.063186741992109,-2.217529319325262,37.082148700224955,370.00164247326705,-20.874546559193483,False,27.200000000000045,2.082639349915292,11.347409415918499,-51.3773076166663,386.1021437879568,11.536944444448512,10.400000000001253,-5.367150610537122,8.28422267392639,-88.45945631689125,16.100501314689723
488712.0,0.7444,0.1356,9.8208,0.0175,0.0699,9.8063,0.0563,-0.2942,0.2347,119.53,-80.24,28.24,52.85338,-1.680443,11.35,4,8.65,22 / 23,7.573741648337412,2.963333492415952,-2.2071493193252656,37.83332528066419,370.30296848498733,-21.095780491125932,False,27.30000000000001,1.8508387073756032,11.838132823579965,-51.20942986336324,387.31416848852035,11.981944444431544,8.886000000043893,-5.722902940961809,8.874799331164013,-89.04275514402744,17.01120000353302
488812.0,2.4597,1.2649,9.0584,0.019,0.0238,9.8066,-0.1135,-0.0258,-0.0508,117.06,-80.54,29.14,52.85338,-1.680443,11.35,4,8.65,22 / 23,7.656873383288218,2.8196821767940983,-2.243854319325274,38.594856032245644,370.5921192684479,-21.31833067305851,False,27.400000000000034,1.9354878654351573,11.792217209785614,-51.01469166953919,388.4928347103973,11.950000000000456,9.320999999993818,-5.721385517853061,8.972535032991516,-89.60954770178483,17.900715441949387
488912.0,2.1329,-3.0901,9.1445,0.0198,0.0577,9.8064,-0.0972,-0.1942,0.1442,120.0,-80.41,29.56,52.85338,-1.680443,11.35,4,8.65,22 / 23,7.565437591789419,2.696259200055253,-2.3143743193252497,39.35597158099927,370.8679163372903,-21.54624210499096,False,27.5,1.8995490209362171,12.034058176143795,-50.82666858586191,389.6937399185383,12.183055555555555,8.97,-5.665888570853202,9.337798976088541,-90.18264016686118,18.825823581248017
489012.0,0.9015,-0.7601,9.6144,0.0112,0.0109,9.8066,0.0136,-0.0167,-0.1311,117.86,-80.34,29.63,52.85338,-1.680443,11.35,4,8.65,22 / 23,7.419186622739327,2.688377883541708,-2.357094319325259,40.10520279172587,371.1371481914702,-21.77981553692354,False,27.600000000000023,1.878755103670763,12.148641658730801,-50.63864550218495,390.90576461901776,12.293055555549179,8.79100000001038,-5.540431519068564,9.460263775189093,-90.74384829391082,19.768616427547556
489112.0,3.1933,-4.0438,9.7441,-0.0039,0.0847,9.8062,-0.0398,0.1979,-0.3314,119.89,-80.23,31.83,52.85338,-1.680443,11.35,4,8.65,22 / 23,7.205174565827448,2.658025243201198,-2.3698343193252622,40.83642085115438,371.40446834780744,-22.01616196885612,False,27.700000000000045,1.8589042542548895,12.297237986131517,-50.4573375286281,392.14002830443536,12.436944444438229,8.596000000008424,-5.3462703115725585,9.639212742930319,-91.29375837978247,20.735559956627924
489212.0,3.3513,-0.1816,10.584,0.0361,0.0204,9.8065,-0.197,0.1714,0.062,119.42,-80.2,31.22,52.85338,-1.680443,11.35,4,8.65,22 / 23,6.95601394391572,2.506967980033357,-2.3340943193252746,41.544480276641295,371.6627180089691,-22.25135840078857,False,27.80000000000001,2.034698846154903,12.307949691375386,-50.249169114536166,393.3631724981357,12.474999999998895,9.38699999997707,-4.921315097760817,9.800981711342029,-91.79364939117747,21.700454489166646
489312.0,1.5298,-1.437,9.0706,-0.0012,0.0204,9.8066,-0.1934,0.3202,-0.236,122.79,-80.1,32.31,52.85338,-1.680443,11.35,4,8.65,22 / 23,6.860529673647609,2.365740956115936,-2.332029319325274,42.23530745751962,371.9063534557766,-22.484664582721148,False,27.900000000000034,1.888844692043568,12.429241845080549,-50.06114603085829,394.6196751691124,12.571944444443064,8.641000000010601,-4.971684981604041,10.063500888964613,-92.2964534883779,22.7133217133358
489412.0,1.9077,2.0167,10.2847,-0.0289,-0.0108,9.8066,0.039,0.1856,-0.104,121.22,-80.0,33.01,52.85338,-1.680443,11.35,4,8.65,22 / 23,6.8924796170337235,2.2306612791788263,-2.3449293193252694,42.92295792205345,372.1361735675412,-22.718512514653597,False,28.0,2.0118447036346976,12.411896014653864,-49.85969272691292,395.8539388545309,12.57388888888889,9.207,-4.880634913399026,10.181234735475037,-92.78265064896637,23.717765286989675
489512.0,1.2048,1.0427,9.057,0.01,0.0347,9.8066,0.0033,-0.0041,0.0664,121.78,-79.95,33.61,52.85338,-1.680443,11.35,4,8.65,21 / 21,7.0386392224597545,2.0431624975668146,-2.358509319325272,43.61951386402828,372.34986475637857,-22.953684446586177,False,28.100000000000023,1.9049742572478652,12.588625120139543,-49.67166964323596,397.12156101854924,12.73194444443528,8.605000000034904,-5.1336649652118895,10.545462622572728,-93.29118350726424,24.77169626217068
489612.0,2.1214,1.2356,9.511,0.0198,-0.043,9.8065,-0.0488,0.1855,-0.238,125.48,-79.64,34.82,52.85338,-1.680443,11.35,4,8.65,21 / 21,7.137563195511612,1.8636427450027837,-2.410774319325284,44.32832398492701,372.5452050185071,-23.19214862851876,False,28.200000000000045,2.0255903247336486,12.50084259666294,-49.46350122915726,398.36694419710244,12.66388888889183,9.203999999974123,-5.111972870777963,10.637199851660156,-93.79182521408427,25.82173917859535
489712.0,2.9826,0.1553,9.3377,0.0013,-0.0069,9.8066,0.0225,-0.1057,-0.0595,126.7,-79.7,35.86,52.85338,-1.680443,11.35,4,8.65,21 / 21,7.141869766532595,1.6343792485046325,-2.449004319325271,45.04229563302898,372.7201061181824,-23.435137560451203,False,28.30000000000001,2.0483635944251577,12.62603382071066,-49.25533281506415,399.6234468680788,12.791111111107423,9.21499999999968,-5.093506172107437,10.991654572206027,-94.29762844809312,26.903340749896415
489812.0,2.0522,-1.9018,9.1583,-0.0025,0.0134,9.8066,0.0255,0.0288,-0.0097,128.36,-79.64,37.79,52.85338,-1.680443,11.35,4,8.65,21 / 21,5.966648246043429,1.2779086320488098,-2.1291389214264913,45.697721533657926,372.8657205122101,-23.664044722488843,False,28.400000000000034,1.9757070819838192,12.77113724059552,-49.06059462123893,400.90218852390706,12.923055555553681,8.794000000005983,-3.99094116405961,11.49322860854671,-94.75831615489685,28.036468011696968
489912.0,1.1736,-1.4215,9.1898,0.0104,-0.0226,9.8066,0.0963,-0.1415,0.0571,129.07,-79.71,38.83,52.85338,-1.680443,11.35,4,8.65,21 / 21,5.835388863295076,1.2683528003397546,-2.1923989214264696,46.287823389124654,372.99303358382946,-23.880121614631417,False,28.5,2.1180403115872015,12.856702735868618,-48.845711097038624,402.19204967357535,13.03,9.355,-3.717348551707875,11.588349935528864,-95.13353448616328,29.199016089745896
490012.0,4.1761,-1.3108,10.7681,-0.0065,-0.0351,9.8065,0.1651,0.0196,-0.123,126.8,-79.85,40.17,52.85338,-1.680443,11.35,4,8.65,21 / 21,5.6646139321107745,1.153652690181042,-2.1751689214264656,46.86282352889508,373.1141338583555,-24.098500006774113,False,28.600000000000023,2.293748777572425,12.99523239507165,-48.61068224245244,403.49303031486824,13.19611111110148,10.009999999962023,-3.3708651545383495,11.841579704890608,-95.47350577134752,30.378896456512734
490112.0,1.599,1.043,9.4058,0.025,-0.0201,9.8065,0.1136,-0.264,0.1414,127.63,-79.98,41.28,52.85338,-1.680443,11.35,4,8.65,21 / 21,5.57832422147379,0.9458001377863767,-2.147138921426459,47.424970436574434,373.2191064997539,-24.314615398916807,False,28.700000000000045,2.1956214542229295,13.16426709770452,-48.40251382837101,404.8384889273704,13.346111111104632,9.469000000023371,-3.3827027672508603,12.218466959918144,-95.82748426494544,31.61938242761653
490212.0,1.9719,-1.5937,9.8164,0.0289,0.0209,9.8065,0.0052,-0.1426,0.1328,124.9,-79.92,41.05,52.85338,-1.680443,11.35,4,8.65,21 / 21,5.547537367380994,0.8322442188548033,-2.1666939214264525,47.98126351601698,373.3080087175859,-24.53030704105938,False,28.80000000000001,2.38526949450964,13.205190966087914,-48.16748497375567,406.1728280474493,13.418888888886778,10.238999999977679,-3.1622678728713542,12.37294674723311,-96.14874848977266,32.864819329863394
490312.0,1.5571,2.5782,9.2218,0.0204,-0.0262,9.8065,0.1387,-0.3138,0.023,128.15,-80.18,42.55,52.85338,-1.680443,11.35,4,8.65,21 / 21,5.577608992337947,0.6725424808842306,-2.195448921426459,48.537520834003054,373.38324805257287,-24.748414183202076,False,28.900000000000034,2.3394206403488114,13.510058436906572,-47.93917122927302,407.54052564480446,13.711111111106957,9.824000000005897,-3.2381883519891352,12.837515956022342,-96.47669206327608,34.157277592231594
490412.0,3.1435,1.0449,8.8242,-0.0184,0.0764,9.8062,0.0502,-0.368,0.2377,130.24,-79.94,44.3,52.85338,-1.680443,11.35,4,8.65,21 / 21,5.668474073433242,0.3897775462780218,-2.273813921426432,49.09982498729142,373.43636405393096,-24.971877325344643,False,29.0,2.4535908547860648,13.60242772973335,-47.68399704428103,408.88598425730885,13.821944444444442,10.225,-3.2148832186471776,13.212650183455327,-96.78382203157244,35.44962020337789
490512.0,4.6571,2.9156,8.8233,-0.0375,0.0153,9.8065,-0.1107,-0.0206,-0.0389,129.44,-79.9,43.21,52.85338,-1.680443,11.35,4,8.65,22 / 23,5.670857174775114,-0.025689545282280735,-2.3721039214264543,49.66679154970197,373.45456845398076,-25.20417321748734,False,29.100000000000023,2.5721790640417046,13.655980333712078,-47.43553796942743,410.2759208394151,13.89611111110681,10.666999999974372,-3.0986781107334096,13.68166987899436,-97.1023295191294,36.82135238543435
490612.0,0.1174,-0.6688,9.2567,-0.0189,0.0469,9.8065,-0.0752,-0.2236,0.086,128.84,-79.83,42.17,52.85338,-1.680443,11.35,4,8.65,22 / 23,5.705028004267411,-0.26981497052866166,-2.448768921426472,50.23558580865422,373.4397932281902,-25.445216859630044,False,29.200000000000045,2.540727227337652,14.169005969214776,-47.19379400470291,411.73257437970926,14.394999999978447,10.166000000021644,-3.1643007769297586,14.438820939743438,-97.42937981335713,38.29278115151908
490712.0,2.6827,-3.3035,9.5514,-0.0277,0.0477,9.8064,-0.0023,0.2159,-0.1843,129.89,-79.38,42.92,52.85338,-1.680443,11.35,4,8.65,22 / 23,5.5618254589545995,-0.23887863064760467,-2.489028921426458,50.79892848181513,373.41435854813136,-25.692106751772606,False,29.30000000000001,2.3926482548969417,14.09531322021438,-46.972195370380604,413.14474994747644,14.296944444447286,9.634000000015423,-3.169177204057658,14.334191850861984,-97.77112385219573,39.73039139934508
490812.0,0.8459,-1.0039,9.6681,0.0074,0.0396,9.8065,-0.0037,0.0062,0.0989,133.17,-79.43,43.67,52.85338,-1.680443,11.35,4,8.65,22 / 23,5.38313327637751,-0.22460891130363808,-2.5087189214264622,51.34617641858186,373.3911841710338,-25.94199414391531,False,29.400000000000034,2.512988274128165,14.292705184556477,-46.71702118534902,414.59028399393316,14.51194444444139,9.971999999995196,-2.870145002249345,14.517314095860115,-98.06319760393089,41.19909982289937
490912.0,2.9152,-3.0659,10.2473,0.0039,0.0346,9.8065,-0.1656,0.136,-0.2759,133.32,-79.48,43.95,52.85338,-1.680443,11.35,4,8.65,22 / 23,5.205898407749714,-0.21720627441298943,-2.4936139214264674,51.87562800278804,373.36909341174794,-26.19211078605787,False,29.5,2.7409030168075295,14.41478442394735,-46.43498655980692,416.02469854867184,14.673055555555555,10.765999999999998,-2.464995390942185,14.631990698360338,-98.31061456259496,42.655605136923896
491012.0,2.5342,2.4849,9.1232,-0.0241,0.0301,9.8065,0.0049,-0.0657,0.1493,129.38,-79.8,42.97,52.85338,-1.680443,11.35,4,8.65,22 / 23,5.109580644263652,-0.38677403863259985,-2.50575392142647,52.39140195538883,373.33889439609567,-26.442079178200576,False,29.600000000000023,2.85703621136153,14.657199333836838,-46.159667044431856,417.51471056472377,14.933055555540479,11.029999999984692,-2.2525444329021225,15.043973372469438,-98.55106899982069,44.1758161686281
491112.0,3.1647,-1.0004,9.9734,-0.0037,0.0615,9.8064,-0.0286,0.4285,-0.3213,132.73,-79.62,43.4,52.85338,-1.680443,11.35,4,8.65,22 / 23,5.080653282583927,-0.6372462801687008,-2.5315889214264757,52.90091365173132,373.2876933801556,-26.69394632034328,False,29.700000000000045,2.8129294032758434,14.577189142484038,-45.897777749277665,418.982483596034,14.846111111114867,10.922000000004667,-2.2677238793080834,15.214435422652738,-98.798691401009,45.69479021587841
491212.0,-0.3622,2.2145,9.4496,0.0247,0.0243,9.8066,-0.193,0.2054,0.0289,130.8,-79.65,44.53,52.85338,-1.680443,11.35,4,8.65,22 / 23,5.131861613108768,-0.7708216529140504,-2.5411039214264726,53.411539396515785,373.2172899835015,-26.94758096248584,False,29.80000000000001,2.554351308063202,15.063855252677563,-45.64931867443226,420.5169735840152,15.278888888876342,9.62400000003763,-2.577510305045566,15.834676905591612,-99.06085807094804,47.29968360051373
491312.0,2.1312,-2.4123,9.5052,0.0009,0.0663,9.8064,-0.0812,0.3374,-0.2264,130.36,-79.45,44.13,52.85338,-1.680443,11.35,4,8.65,22 / 23,5.16610749501343,-0.8231327776362585,-2.5740289214264798,53.92643785192201,373.13759226197396,-27.203337604628548,False,29.900000000000034,3.109393195665079,14.542407628516349,-45.31356316784531,421.9291491524922,14.871111111116905,12.068999999965255,-2.0567142993483505,15.365540406152608,-99.24000101976732,48.79155689051822
491412.0,1.1107,1.8647,10.2427,0.0068,-0.027,9.8065,0.0176,0.2738,-0.1889,132.62,-79.57,43.19,52.85338,-1.680443,11.35,4,8.65,22 / 23,5.135823446100403,-0.9223846311796793,-2.567298921426482,54.441534398977524,373.0503163915332,-27.46040399677111,False,30.0,3.0783693755777355,14.504994779252666,-45.00466810179239,423.37468319894856,14.828055555555554,11.982,-2.0574540705226676,15.427379410432344,-99.44620250076991,50.324366807415345
491512.0,2.925,-2.1706,10.0395,0.0013,0.042,9.8064,-0.0436,-0.0855,0.1459,130.75,-79.59,44.17,52.85338,-1.680443,11.35,4,8.65,19 / 20,5.08880144105922,-1.0588361220611948,-2.5338539214264744,54.952765643335624,372.95125535387115,-27.715461638913816,False,30.100000000000023,2.8942592751509255,14.877196216356365,-44.736063696537684,424.89805369368963,15.15611111109209,11.009000000056416,-2.194542165908295,15.93603233841756,-99.68882933987331,51.946798339818486
491612.0,1.6594,1.4446,10.2157,0.0277,-0.0206,9.8065,-0.039,0.1873,-0.1459,130.26,-79.76,43.82,52.85338,-1.680443,11.35,4,8.65,19 / 20,5.012113025767878,-1.199232378548522,-2.501758921426467,55.45781136667709,372.8383519288406,-27.96724228105652,False,30.200000000000045,2.592032032157132,15.315259868370978,-44.507749952052905,426.4770216527886,15.53305555553927,9.606000000060611,-2.4200809936107457,16.5144922469195,-99.96556131873,53.638669723948
491712.0,3.9655,-1.3794,9.0383,0.0198,0.0184,9.8065,-0.0411,0.2247,-0.1007,133.37,-79.96,44.72,52.85338,-1.680443,11.35,4,8.65,19 / 20,4.926972261906378,-1.3987292636221373,-2.519723921426461,55.95476563106064,372.70845384673214,-28.21831642319908,False,30.30000000000001,2.696426063146213,15.306251128221275,-44.24586065691444,428.0115116407746,15.541944444444187,9.990999999988839,-2.2305461987601647,16.704980391843414,-100.20062628797507,55.303057794042445
491814.0,0.154,0.9917,10.1779,-0.0142,-0.0311,9.8065,-0.0028,0.2675,-0.1217,129.87,-80.05,43.8,52.85338,-1.680443,11.35,4,8.65,19 / 20,4.872345575641054,-1.5281258888865028,-2.539976021426467,56.45453084077572,372.55918423395417,-28.47636112028466,False,30.402000000000044,2.7964439129233774,15.350797839912328,-43.96436324021221,429.5773585966639,15.603455555551822,10.324079999990268,-2.0759016627176767,16.87892372879883,-100.41889408098793,57.018174362709715
491912.0,3.5106,-3.3045,8.4479,-0.005,-0.0094,9.8066,0.0196,0.1476,-0.1564,130.23,-80.06,44.25,52.85338,-1.680443,11.35,4,8.65,19 / 20,4.7675132636203355,-1.5816882025981334,-2.5883635214264453,56.92688392389932,372.4068033434715,-28.727649757884343,False,30.5,3.03157370925098,15.575774393575935,-43.66164607546768,431.1138500933127,15.868055555555555,11.014,-1.7359395543693554,17.157462596174067,-100.588529999367,58.7070467498412
492012.0,1.3473,-1.8863,9.9726,0.0068,-0.062,9.8063,0.0195,0.4389,-0.2833,132.7,-80.15,44.18,52.85338,-1.680443,11.35,4,8.65,19 / 20,4.512625686805233,-1.5866543523186698,-2.648003521426459,57.3908908714207,372.24838621572565,-28.989468110027047,False,30.600000000000023,3.0541914484948602,15.796336925836355,-43.359466119584496,432.71505703644243,16.088888888876085,10.943000000004115,-1.4584342383103728,17.382991278155025,-100.75035699100519,60.466670820716786
492112.0,2.3272,-4.5383,10.2984,0.0172,0.0031,9.8066,0.1306,-0.0453,0.0101,134.64,-80.04,46.54,52.85338,-1.680443,11.35,4,8.65,19 / 20,4.254267613153112,-1.4915133565600651,-2.6151185214264516,57.82923553641872,372.0944778302817,-29.252624212169753,False,30.700000000000045,2.954100381438028,15.869330842346315,-43.07071638389354,434.3051444879709,16.141944444442153,10.545000000017193,-1.300167231715084,17.36084419890638,-100.89995192031226,62.21066665768922
492212.0,4.1219,-0.681,9.7451,0.0383,-0.0915,9.8061,-0.0694,0.3893,-0.2532,133.4,-79.95,48.06,52.85338,-1.680443,11.35,4,8.65,19 / 20,3.944593352315122,-1.5377833246081556,-2.593608521426459,58.23917858469199,371.94301299622333,-29.51306056431231,False,30.80000000000001,2.9257054465922456,16.046575750565374,-42.78196664824357,435.9285904174807,16.311111111106207,10.333000000006146,-1.0188879057228766,17.58435907517353,-101.02114523293557,63.98557742125735
492312.0,3.0361,0.6368,8.5848,0.0272,-0.0444,9.8065,0.0187,-0.1317,-0.0318,135.19,-80.4,47.68,52.85338,-1.680443,11.35,4,8.65,19 / 20,3.792888316777772,-1.7907550895182756,-2.6577785214264735,58.62605266814673,371.77658607551695,-29.775629916455014,False,30.900000000000034,2.8870293048159303,16.140782165288382,-42.493216912580095,437.5520363462855,16.396944444443225,10.141000000002728,-0.9058590119618417,17.931537254806656,-101.11926958072682,65.77545027076854
492411.0,1.5755,-0.2688,10.8493,0.0178,0.0204,9.8066,-0.1714,-0.0854,0.1745,131.59,-80.28,46.72,52.85338,-1.680443,11.35,4,8.65,19 / 20,3.7455678066278892,-1.964048049811447,-2.6666489214264724,58.99920624625527,371.59072332012016,-30.039189074876205,False,30.999000000000024,2.891313658165157,16.329119617203876,-42.22065059232563,439.18126441080426,16.583119444444463,10.04100999999999,-0.8542541484627324,18.29316766701532,-101.21985683858091,67.5905410906841
492511.0,2.071,-1.6965,8.6754,0.004,0.0068,9.8066,-0.0391,-0.2717,0.2075,131.17,-80.29,45.57,52.85338,-1.680443,11.35,4,8.65,22 / 22,3.650836516334473,-2.0281236149883215,-2.6710789214264734,59.36902646240347,371.3911147368801,-30.306075467018914,False,31.099000000000046,2.972492633991756,16.472400110456825,-41.92538719986635,440.8269493257423,16.738449999991143,10.229089999989082,-0.678343882342717,18.500523725445145,-101.29441366226982,69.43583458886218
492612.0,3.7675,-0.034,9.5045,0.0029,0.0272,9.8066,-0.0638,-0.1744,0.125,129.88,-80.29,44.62,52.85338,-1.680443,11.35,4,8.65,22 / 22,3.4946778588229983,-2.185745930837775,-2.7434656214264725,59.729874938348914,371.1783143248159,-30.579509966432987,False,31.200000000000045,3.084860602058738,16.528475266450297,-41.620252595477304,442.5113300741049,16.8138888888857,10.571999999985268,-0.4098172567642604,18.714221197288072,-101.35012753382622,71.33301574928896
492712.0,-0.9293,-3.7385,9.4806,0.0373,0.0637,9.8063,0.1188,0.1684,-0.1996,130.76,-80.37,45.17,52.85338,-1.680443,11.35,4,8.65,22 / 22,3.3608034395748096,-2.162106223540785,-2.7748756214264616,60.07264900326869,370.96092171709705,-30.85542702857554,False,31.30000000000001,3.0021836988720314,16.668742608616384,-41.331502859826756,444.17925397402604,16.936944444440876,10.210000000010496,-0.35861974070277824,18.83084883215717,-101.40415186309545,73.21833225692899
492812.0,3.2088,-2.1179,9.3023,0.0056,0.0314,9.8066,0.0284,-0.0955,0.0813,133.55,-80.63,45.95,52.85338,-1.680443,11.35,4,8.65,22 / 22,3.161963620034224,-2.0415137206112663,-2.8163956214264707,60.398787356249215,370.7507407198894,-31.13499059071825,False,31.400000000000034,3.027968538684227,16.859129310155556,-41.04275312416328,445.86941685950615,17.12888888888616,10.182000000000398,-0.13399508134999705,18.900643030766823,-101.4415404804125,75.11867613961675
492912.0,4.2424,-0.9901,9.8358,0.0137,0.0313,9.8065,-0.0752,0.0728,-0.0933,134.3,-80.44,46.62,52.85338,-1.680443,11.35,4,8.65,22 / 22,2.8909816558402275,-2.19847741103247,-2.8401556214264625,60.70143462004283,370.5387411633073,-31.4178181528608,False,31.5,2.970066078552252,16.76195477671277,-40.75400338849997,447.5373407587203,17.023055555555555,10.048,0.07908442271202443,18.96043218774524,-101.4554380085428,76.998599595413
493012.0,0.8951,2.46,8.9089,0.0101,0.0533,9.8064,-0.0314,-0.1833,0.0385,132.91,-80.34,48.03,52.85338,-1.680443,11.35,4,8.65,22 / 22,2.8668806220888694,-2.4280852019965065,-2.883585621426472,60.989327733939355,370.3074130326558,-31.704005215003512,False,31.600000000000023,3.0867879392052484,17.009120742800206,-40.445108322456385,449.2497426289278,17.286944444429142,10.2859999999862,0.219907317116379,19.437205944796712,-101.43443605639574,78.94232959627197
493115.0,3.2466,0.5977,9.5562,-0.0351,0.0672,9.8063,-0.1171,0.4646,-0.3306,136.0,-80.22,48.44,52.85338,-1.680443,11.35,4,8.65,22 / 22,2.9322735515592107,-2.683642721730341,-2.942717921426477,61.28798417388226,370.04415904458386,-32.00405984746047,False,31.70300000000003,3.0881937365904193,17.20294255853847,-40.1267449511188,451.0360891257214,17.477936111109695,10.17706999999275,0.15592018503120864,19.88658528026881,-101.41472912500106,80.99193008113753
493212.0,0.4616,4.7983,9.3753,-0.0011,0.0291,9.8065,-0.0966,0.027,-0.065,133.29,-80.25,48.36,52.85338,-1.680443,11.35,4,8.65,22 / 22,3.090087466588757,-2.9874743628027023,-2.97578522142647,61.580068683262375,369.7691098659841,-32.291107249888775,False,31.80000000000001,3.1431539585238757,17.22558223088503,-39.82060308023059,452.7079048482817,17.509999999999042,10.3409999999951,0.0530664919351187,20.213056593687732,-101.40067176349297,82.93879498229762
493312.0,1.8701,-5.2174,9.2498,-0.0021,0.1254,9.8058,-0.0729,0.6666,-0.4483,136.73,-80.08,49.06,52.85338,-1.680443,11.35,4,8.65,22 / 22,3.1018946264559277,-3.041222305459167,-3.0251952214264812,61.88966778791468,369.4676750325709,-32.59115627203149,False,31.900000000000034,3.2418576019083574,17.642681100187925,-39.49827779389635,454.4870236738734,17.93805555554947,10.411999999998992,0.13996297545242964,20.683903405647094,-101.38794558181104,85.01934864130249
493412.0,0.32,3.0483,9.3508,0.0345,-0.0358,9.8065,-0.1323,0.5292,-0.2004,132.77,-80.31,47.82,52.85338,-1.680443,11.35,4,8.65,22 / 22,3.0558925597946085,-3.0284537306895905,-3.075830221426464,62.1975571472271,369.1641912307636,-32.89620754417403,False,32.0,3.3764877192276206,17.581772632678817,-39.14909206705241,456.2550230077476,17.903055555555557,10.871,0.3205951594330121,20.610226363368408,-101.34664921427951,87.09083177698398
493513.0,3.4805,-4.4258,9.4789,-0.0011,0.0451,9.8065,-0.067,0.3584,-0.1689,132.98,-80.45,48.01,52.85338,-1.680443,11.35,4,8.65,21 / 22,2.9753885139669505,-3.1155863453304646,-3.1154020214264637,62.50213684145206,368.8539172069246,-33.208864772438105,False,32.101,3.453621812113448,17.704884659243238,-38.809777552132175,458.0409247246794,18.03858611110158,11.037819999977817,0.4782332981464976,20.8204710045737,-101.31191439358423,89.18700751775481
493612.0,2.2729,-1.5757,9.0123,-0.0143,-0.1018,9.8061,-0.0273,0.673,-0.4646,130.68,-80.7,45.81,52.85338,-1.680443,11.35,4,8.65,21 / 22,2.663847027708087,-3.119583469753622,-3.1709459714264896,62.7812790007651,368.5452763010778,-33.52003899808447,False,32.200000000000045,3.6025655070054734,17.841019237882346,-38.45743572352317,459.8132606602189,18.20111111110402,11.415999999983498,0.9387184792973864,20.960602707635967,-101.23871472428827,91.26798435914105
493712.0,1.8883,-5.6792,8.4967,0.0046,-0.0084,9.8065,0.0253,0.075,-0.0817,131.95,-80.47,47.44,52.85338,-1.680443,11.35,4,8.65,21 / 22,2.355333879919465,-3.026668933024787,-3.2761609714264535,63.0322380461464,368.237963680939,-33.842394345227014,False,32.30000000000001,3.5532567561797848,17.92227294901951,-38.10153488654467,461.60349897894423,18.271111111109086,11.214000000005857,1.1979228762603196,20.9489418820443,-101.13377293269107,93.36553529800523
493812.0,2.7809,0.0526,10.1012,-0.0039,-0.1009,9.8061,0.0083,0.534,-0.2833,129.93,-80.78,45.02,52.85338,-1.680443,11.35,4,8.65,21 / 22,2.0933517061368,-3.0065859298632622,-3.326930971426465,63.25467232544926,367.93630093779456,-34.17254894236974,False,32.400000000000034,3.577685021051003,18.115087493303626,-37.75234915969995,463.42709577636117,18.46499999999724,11.172000000000597,1.484333314914203,21.12167342316689,-101.00702148514921,95.49079483856661
493912.0,0.2296,2.6129,10.2082,0.006,-0.0787,9.8062,-0.018,-0.288,0.1363,130.57,-80.75,45.49,52.85338,-1.680443,11.35,4,8.65,21 / 22,2.197347366798677,-3.1985950966104415,-3.292125971426477,63.46920727909596,367.626041886471,-34.50350178951227,False,32.5,3.7238753323490332,18.173510281888646,-37.37630299231927,465.23957308064524,18.55111111111111,11.58,1.5265279655503563,21.372105378499086,-100.84551027141524,97.61353119417424
494012.0,1.4759,1.3504,8.9017,0.0141,-0.0624,9.8064,-0.1323,0.2496,-0.0838,131.54,-80.64,46.53,52.85338,-1.680443,11.35,4,8.65,21 / 22,2.39030263882548,-3.38370126991514,-3.3172959714264825,63.69858977937722,367.29692706814467,-34.83397288665499,False,32.60000000000002,3.8606499518563404,18.1457990901195,-36.980111494577585,467.0520503847983,18.55194444444439,12.01099999997501,1.4703473130308602,21.52950036003464,-100.6787012739548,99.75512331665362
494112.0,3.5701,1.8545,9.8896,0.0077,-0.086,9.8062,-0.052,-0.4063,0.3451,129.42,-81.03,44.51,52.85338,-1.680443,11.35,4,8.65,21 / 22,2.4496604788971803,-3.6708986862771518,-3.358395971426492,63.94058793526341,366.94419707033495,-35.167757483797715,False,32.700000000000045,3.7603914395993354,18.542541795028665,-36.61078043732894,468.94236413747296,18.919999999984096,11.464000000023631,1.3107309607021551,22.213440481305817,-100.55136837259235,101.99816706713801
494212.0,2.5716,-5.356,8.6916,0.0069,-0.0533,9.8065,-0.0447,0.0787,-0.1015,129.98,-80.99,45.14,52.85338,-1.680443,11.35,4,8.65,21 / 22,2.2194707136268765,-3.783190572117122,-3.4100009714264745,64.17404449488953,366.57149260741534,-35.50617733094025,False,32.80000000000001,3.7868898461734406,18.49745447576813,-36.22801915982761,470.7881999197431,18.881111111112237,11.569999999996927,1.567419132546564,22.28064504788525,-100.40206365471714,104.21670731232774
494312.0,1.1087,-0.7006,8.3584,-0.0155,-0.0807,9.8063,-0.0374,-0.4383,0.1821,130.11,-80.94,45.22,52.85338,-1.680443,11.35,4,8.65,21 / 22,1.968560066989228,-3.719131986997874,-3.5381659714265035,64.38344603392038,366.1963764794595,-35.85358567808297,False,32.900000000000034,3.9350873117275462,18.823070627527542,-35.83182766207083,472.68963316555363,19.22999999999504,11.807999999996618,1.9665272447383182,22.542202614525415,-100.21527369599121,106.49325668609413
494412.0,4.2997,-4.3851,10.5682,-0.046,-0.0179,9.8064,0.2687,-0.2307,0.0696,130.49,-80.88,45.59,52.85338,-1.680443,11.35,4,8.65,21 / 22,1.699175310599772,-3.750190689925758,-3.572500971426492,64.56683280279977,365.8229103456134,-36.2091190252255,False,33.0,3.88690759065343,18.99443728061006,-35.455781494702826,474.59106641207205,19.388055555555553,11.565,2.187732280053658,22.74462797053582,-100.0226142975026,108.76815606645863
494512.0,2.2255,1.2082,8.4497,0.0134,-0.0693,9.8063,0.2254,-0.3997,0.1852,130.34,-81.22,46.27,52.85338,-1.680443,11.35,4,8.65,21 / 21,1.4663310895920498,-3.8855405197869457,-3.6022709714264987,64.72510812280939,365.4411237851277,-36.56785762236823,False,33.10000000000002,3.8692737358409244,19.182547617623683,-35.0730202172152,476.51473864188824,19.568888888878405,11.404000000009336,2.4029426462488743,23.06808813741063,-99.79812834002459,111.07361485676057
494612.0,-0.0243,-4.6751,8.8872,0.0246,0.0643,9.8063,-0.0458,-0.4176,0.201,129.94,-81.04,45.54,52.85338,-1.680443,11.35,4,8.65,21 / 21,1.3613353802973969,-3.8482796484528423,-3.7160909714265244,64.8664914463039,365.0544327767156,-36.93377571951096,False,33.200000000000045,4.193124803836854,19.071425319465074,-34.64325316880315,478.41617188840905,19.526944444446254,12.399999999956972,2.8317894235394574,22.919704967917916,-99.50974461510705,113.36173911169345
494711.0,0.8914,2.2163,10.4949,0.0024,0.0243,9.8065,-0.0929,-0.1629,0.1586,131.91,-80.94,47.4,52.85338,-1.680443,11.35,4,8.65,21 / 21,1.335399849451024,-3.796178190208616,-3.7275353714265234,64.99997984017644,364.6760321137019,-37.30223522348215,False,33.299000000000035,4.032039092983039,19.377256622467577,-34.25102358599581,480.353632289267,19.792319444436696,11.754520000018841,2.6966392435320152,23.17343481267619,-99.25100342617225,115.67760017556509
494812.0,2.5693,0.6951,9.0428,-0.0219,0.0724,9.8063,0.0955,-0.3703,0.1937,132.69,-80.76,48.46,52.85338,-1.680443,11.35,4,8.65,21 / 21,1.4271932719648008,-4.017118274048161,-3.731353171426523,65.13949079280793,364.28146064225695,-37.67890909489623,False,33.400000000000034,4.183500298037028,19.426592631219886,-33.82400973273826,482.3302333057011,19.87194444444335,12.152999999994245,2.7563070260722276,23.44371090526805,-98.9635005255462,118.04877266344414
494912.0,0.3846,1.4425,10.1019,-0.0032,0.0206,9.8065,-0.0461,0.2506,-0.161,132.98,-80.87,48.34,52.85338,-1.680443,11.35,4,8.65,21 / 21,1.5050947630008404,-4.192852554109573,-3.754783171426515,65.28610519455617,363.8709621008492,-38.05321591203875,False,33.5,4.2250255941585895,19.470760313493024,-33.394242684297126,484.2761445226296,19.92388888888889,12.243,2.719930831157749,23.663612867602595,-98.6803478788533,120.40518242178035
495012.0,2.9288,1.5374,9.1679,-0.0057,0.0292,9.8066,0.0638,0.0374,0.0296,135.15,-80.96,48.26,52.85338,-1.680443,11.35,4,8.65,21 / 21,1.355770597848985,-3.7489375300761956,-3.206164445712541,65.42914846259869,363.47387259663986,-38.401263292895784,False,33.60000000000002,4.194285274269727,19.744421896764475,-32.97790585616767,486.2776532015416,20.18499999998486,11.993000000014495,2.8385146764207416,23.49335942684067,-98.40705431876637,122.80378060490176
495112.0,1.8,-2.8959,8.3677,-0.0086,0.0302,9.8066,-0.0046,0.3428,-0.1781,132.94,-81.01,48.76,52.85338,-1.680443,11.35,4,8.65,21 / 21,1.238731488685376,-3.8705727205536578,-3.3100494457125644,65.55887356692544,363.0928970841083,-38.727073987467115,False,33.700000000000045,4.314246861771183,19.687846479890812,-32.54813880775368,488.2346839094847,20.155000000001298,12.359999999984145,3.075515373085807,23.55841920044447,-98.10701237467913,125.14178682537641
495212.0,1.6554,1.5025,9.9115,-0.0123,-0.0355,9.8065,0.0003,0.2961,-0.2188,133.13,-81.0,48.97,52.85338,-1.680443,11.35,4,8.65,21 / 21,1.169482585124752,-3.9444378254512764,-3.3767544457125416,65.67928427061591,362.7021465568082,-39.061414182038256,False,33.80000000000001,4.306531248414967,19.793024679214284,-32.13180197958025,490.2028341119712,20.25611111110818,12.275000000002464,3.1370486632902157,23.73746250466556,-97.81108625019615,127.50068755516298
495312.0,1.5495,-3.4387,9.5569,0.0141,0.0537,9.8065,-0.0591,0.2704,-0.2045,133.39,-80.94,49.21,52.85338,-1.680443,11.35,4,8.65,21 / 21,1.0893970966591238,-3.9896359788360116,-3.383999445712543,65.79222825470512,362.30544286659375,-39.39945187660959,False,33.900000000000034,4.4694018223787,19.861391526102725,-31.681889600750523,492.1821038068846,20.358055555554106,12.681999999994217,3.380004725719576,23.851027504938738,-97.47411785545565,129.87666094029083
495412.0,2.6518,1.2349,10.1431,-0.0105,-0.07,9.8064,0.0777,0.4764,-0.2216,131.6,-81.34,47.3,52.85338,-1.680443,11.35,4,8.65,21 / 21,0.9691297680278819,-4.061881378163886,-3.3796644457125447,65.89515459793944,361.9028669987439,-39.737635071180726,False,34.0,4.468826000924999,20.003857771242494,-31.23197722194677,494.1947319783664,20.496944444444445,12.593,3.499696232897117,24.06573914940638,-97.12713181988622,132.29186497962252
495512.0,1.0468,1.8343,9.4304,0.0058,-0.032,9.8066,0.0736,0.0065,-0.0604,132.55,-81.33,48.73,52.85338,-1.680443,11.35,4,8.65,19 / 22,1.0591616281249585,-4.2957859858690925,-3.381654445712545,65.9965691677471,361.48498363054216,-40.07570101575206,False,34.10000000000002,4.362116063955352,20.013183363388,-30.80221017353657,496.2073601518253,20.48305555555636,12.29600000001722,3.302954435830393,24.30896934925709,-96.79877934128366,134.72237652128314
495612.0,1.5762,3.1859,9.3064,0.0017,-0.0685,9.8064,-0.0968,0.4104,-0.2588,129.66,-81.34,47.89,52.85338,-1.680443,11.35,4,8.65,19 / 22,1.2632262563561865,-4.550199639150602,-3.4254794457125546,66.11268856197118,361.04268434929105,-40.41605771032339,False,34.200000000000045,4.4424611007250165,20.03533736050731,-30.372443125121794,498.18662984532637,20.52194444444276,12.501999999991101,3.17923484436883,24.58553699965791,-96.48513168709297,137.14394549603531
495712.0,1.5244,0.8499,9.622,0.0197,-0.0305,9.8065,0.0691,-0.2375,0.1585,132.39,-81.23,48.75,52.85338,-1.680443,11.35,4,8.65,19 / 22,1.4151112399625336,-4.788838066291045,-3.459724445712543,66.24660543678708,360.57573246401915,-40.76031790489453,False,34.30000000000001,4.632214044316056,20.186448833418012,-29.90910052602442,500.210377510647,20.711111111105627,12.923999999987766,3.217102804353522,24.975286899709058,-96.1557059628115,139.63464504662784
495812.0,1.2416,-4.1089,9.4166,0.0116,-0.0546,9.8064,-0.1035,0.1858,-0.1051,136.38,-81.06,49.92,52.85338,-1.680443,11.35,4,8.65,19 / 22,1.3082934340452206,-4.76508770533615,-3.4884594457125493,66.38277567048749,360.0980361754377,-41.10772709946586,False,34.400000000000034,4.60062628136888,20.356599367750096,-29.445757926952027,502.25636416082136,20.86999999999774,12.735000000002685,3.2923328473236597,25.121687073086246,-95.82853359743952,142.15832798538366
495912.0,-0.8595,-1.6184,8.4353,-0.0373,-0.0739,9.8062,0.0594,-0.5642,0.3483,131.74,-81.26,48.0,52.85338,-1.680443,11.35,4,8.65,19 / 22,1.1896669938573015,-4.569889248933569,-3.576529445712519,66.50767369188257,359.63128732772435,-41.460976544036996,False,34.5,4.857778240165957,20.63993446166232,-28.955554887330184,504.335709288979,21.20388888888889,13.244000000000002,3.668111246308656,25.20982371059589,-95.46322857921275,144.70442196125464
496012.0,2.6753,-2.0789,11.2382,-0.0313,-0.0366,9.8064,0.1232,0.1932,-0.1328,132.86,-81.33,49.1,52.85338,-1.680443,11.35,4,8.65,19 / 22,1.0904580251702782,-4.50487032282577,-3.5735194457125186,66.62167994283398,359.17754934913626,-41.81847898860833,False,34.60000000000002,4.803496377208543,20.77809995349186,-28.485497178157804,506.42617390941183,21.326111111104023,13.01700000001316,3.7130383520382644,25.28297027631763,-95.10717712099178,147.24862456027557
496112.0,-0.135,2.0533,8.8016,0.0307,-0.067,9.8063,0.0439,-0.3904,-0.0069,133.33,-81.34,50.03,52.85338,-1.680443,11.35,4,8.65,19 / 22,1.1024140187846514,-4.592713764243615,-3.5521944457125136,66.73132354503176,358.7226701447827,-42.17476468317966,False,34.700000000000045,4.840469444485978,21.095681591050127,-27.995294138549813,508.5499970086865,21.643888888875164,12.92300000000406,3.7380554257013268,25.688395355293743,-94.72661768358157,149.8273268639038
496212.0,3.1313,-1.4463,10.1273,-0.0095,0.0006,9.8066,0.1203,-0.0862,0.0961,136.3,-81.15,49.76,52.85338,-1.680443,11.35,4,8.65,19 / 22,1.118472912111419,-4.712095283362719,-3.586414445712502,66.84236789157652,358.2574296924025,-42.53169512775079,False,34.80000000000001,4.907704136761267,20.990006344465304,-27.49837598880704,510.6515811224042,21.556111111113655,13.15999999999313,3.789231224649848,25.70210162782802,-94.34074388038356,152.39415143000167
496312.0,1.1664,1.0918,9.9584,0.0121,-0.0458,9.8064,-0.0017,-0.1922,0.1744,133.15,-81.29,49.42,52.85338,-1.680443,11.35,4,8.65,19 / 22,1.0551538429412053,-4.845664322274042,-3.5627944457124965,66.95104922932917,357.7795417121206,-42.88915557232212,False,34.900000000000034,4.958714995017237,21.281884822569026,-27.00145783906369,512.7976432065308,21.851944444440242,13.116000000000625,3.9035611520760316,26.12754914484307,-93.95250706839286,155.0181014944102
496412.0,0.7267,-1.6847,9.7875,0.0104,-0.0017,9.8066,0.0255,-0.1802,0.0479,133.58,-81.15,49.73,52.85338,-1.680443,11.35,4,8.65,19 / 22,1.0688749085407692,-4.889227509887638,-3.556164445712499,67.05725066690323,357.29279712051266,-43.245103516893245,False,35.0,4.957069186273268,21.273141307422996,-26.50453968930727,514.9214663050992,21.843055555555555,13.117,3.8881942777324987,26.162368817310636,-93.5617903562105,157.62866918458656
496512.0,4.6107,-0.8855,10.4341,-0.0038,-0.0047,9.8066,0.1691,0.0629,-0.0403,134.04,-81.24,50.1,52.854794,-1.679928,22.88,4,14.13,19 / 20,0.8906009609971395,-4.988626303002928,-3.5257494457124916,67.15522446038015,356.798904429868,-43.59919921146457,False,35.10000000000002,5.159381220315395,21.313304608259863,-25.98076109907861,517.0564088973533,21.92888888888391,13.607999999971533,4.268780259318255,26.30193091126279,-93.13598555945876,160.25750446748532
496611.0,3.0365,-0.5055,10.06,-0.0318,-0.0248,9.8065,0.1448,-0.1155,-0.0415,133.68,-81.35,50.12,52.854794,-1.679928,22.88,4,14.13,19 / 20,0.6774189943417488,-5.209969159647251,-3.482149845712496,67.23284144816942,356.29407395446685,-43.94609022639007,False,35.19900000000001,5.204356217836416,21.463410114780263,-25.468868253747136,519.1810103599383,22.085363888881986,13.62977999999904,4.526937223494667,26.673379274427514,-92.70170970191656,162.8869364054715
496712.0,0.3423,0.7231,10.3641,0.022,-0.0226,9.8066,-0.2061,0.141,0.0304,133.91,-81.4,50.47,52.854794,-1.679928,22.88,4,14.13,19 / 20,0.6682524524017843,-5.3371554660113745,-3.4412044457124966,67.30079785622998,355.7614441608711,-44.29571961810703,False,35.30000000000001,5.198475611955789,21.557051660924962,-24.94663413881335,521.3596525587399,22.174999999997446,13.558000000002087,4.530223159554005,26.894207126936337,-92.24743199504333,165.59820839786875
496812.0,0.4651,1.6525,8.6311,-0.0254,0.0438,9.8065,0.1581,-0.2573,0.0957,132.03,-81.44,48.59,52.854794,-1.679928,22.88,4,14.13,19 / 20,0.8280357319538642,-5.441892785906125,-3.4721094457125035,67.37561226544777,355.2224917482751,-44.64138531267836,False,35.400000000000034,5.25538704207047,21.52580621117673,-24.422855548520083,523.4945951497353,22.158055555555794,13.719999999997698,4.427351310116605,26.967698997082856,-91.79846781396785,168.27210340146024
496912.0,0.7902,-0.9438,10.2267,-0.0136,0.0316,9.8065,0.1817,0.109,-0.1054,136.02,-81.28,49.78,52.854794,-1.679928,22.88,4,14.13,19 / 20,0.9124746399519286,-5.504544480127997,-3.5098844457124905,67.46263778404303,354.67516988497357,-44.99048500724949,False,35.5,5.234616822963313,21.48140793143572,-23.899076958280308,525.6517767269947,22.11,13.695,4.322142183011385,26.985952411563716,-91.36171474232333,170.97660684202117
497012.0,0.7382,0.3915,9.1445,0.0193,0.0159,9.8066,-0.1541,0.1276,0.0278,134.07,-81.21,50.4,52.854794,-1.679928,22.88,4,14.13,19 / 20,0.9395932042858176,-5.536515038271204,-3.521989445712493,67.55524117625494,354.12311690905346,-45.34207870182082,False,35.60000000000002,5.239507776082742,21.6757366256346,-23.382013478158648,527.8200777965235,22.299999999988984,13.589000000006147,4.299914571796924,27.212251663905803,-90.93725465441358,173.69696088747003
497112.0,1.8412,0.0623,10.2978,-0.0267,-0.0063,9.8066,-0.068,-0.0626,0.0364,132.98,-81.11,48.95,52.854794,-1.679928,22.88,4,14.13,19 / 20,0.9673603824771477,-5.641830136309325,-3.530539445712495,67.65058885559311,353.5641996503243,-45.694705146392145,False,35.700000000000045,5.342695227104354,21.81729946476581,-22.84480466763801,530.01061785106,22.46194444443745,13.759999999992612,4.375334844627206,27.459129601075134,-90.49539352323112,176.4464182007357
497212.0,3.9888,-0.3954,9.9683,-0.0128,-0.0103,9.8065,-0.0559,-0.0194,0.0269,132.2,-81.15,48.39,52.854794,-1.679928,22.88,4,14.13,19 / 20,0.8580405506604574,-5.839847727473398,-3.497899445712506,67.74185890224996,352.9901157571354,-46.046127090963274,False,35.80000000000001,5.256837255070259,21.889570684309753,-22.32102607735761,532.2011579063039,22.511944444442996,13.504000000007421,4.3987967044098015,27.72941841178315,-90.06288497960757,179.21104214916852
497312.0,0.3627,-0.5647,10.251,0.012,0.0005,9.8066,-0.0154,-0.0848,-0.0262,132.44,-81.18,48.43,52.854794,-1.679928,22.88,4,14.13,19 / 20,0.7761013389327739,-5.9622509723870145,-3.467599445712499,67.82356599672964,352.40001082214224,-46.394402035534604,False,35.900000000000034,5.314077428606058,21.940629117751826,-21.79053237695684,534.3916979608418,22.574999999999104,13.614999999998423,4.537976089673284,27.90288009013884,-89.61409837368649,181.9916871386996
497411.0,1.0443,1.4353,9.3192,0.0018,-0.0019,9.8066,0.0829,-0.068,0.1945,131.6,-81.22,47.77,52.854794,-1.679928,22.88,4,14.13,19 / 20,0.8608809514296679,-6.0356179012607125,-3.4697328957124984,67.90459662010258,351.80611631289673,-46.73779998643511,False,35.999000000000024,5.4063581170130055,22.086281304345917,-21.258695654514096,536.5933575087378,22.738350000000015,13.754590000000011,4.545477165583337,28.12189920560663,-89.16329227461668,184.78724119584103
497512.0,2.411,-0.852,9.5261,0.0062,-0.0093,9.8066,-0.0198,-0.0729,-0.092,132.26,-81.23,47.95,52.854794,-1.679928,22.88,4,14.13,21 / 22,0.8670451210253944,-6.177212092075199,-3.508516895712498,67.99185688676155,351.1893683982333,-47.09020160090206,False,36.10000000000002,5.307666352394599,22.123330099280977,-20.716114755939365,538.8394950271372,22.75111111111047,13.491000000015365,4.440621231369205,28.300542191356175,-88.70797164270093,187.65012662890393
497612.0,3.1884,-0.3844,10.2942,-0.0022,0.0213,9.8065,-0.055,-0.0379,-0.0454,135.59,-81.04,48.77,52.854794,-1.679928,22.88,4,14.13,21 / 22,0.7269629705170237,-6.332018407440937,-3.4981668957124956,68.07155729133869,350.56390687325734,-47.44053579047339,False,36.200000000000045,5.452767082872071,22.354584119133857,-20.17219083525706,541.0745130527918,23.009999999988814,13.707999999990626,4.725804112355047,28.686602526574795,-88.24374812659575,190.51060617953442
497712.0,1.3424,-0.8908,10.1706,-0.0024,0.0212,9.8066,0.117,-0.0755,0.0386,133.29,-81.21,49.81,52.854794,-1.679928,22.88,4,14.13,21 / 22,0.6210849119328564,-6.445466362719861,-3.45559189571251,68.13895968546116,349.9250326347495,-47.78822373004452,False,36.30000000000001,5.347355677536252,22.52080869711241,-19.641697134855818,543.3317700625885,23.146944444440475,13.357000000010174,4.726270765603396,28.96627505983227,-87.78065682031698,193.40673742783895
497812.0,3.8593,-0.1523,10.2689,0.0239,0.0005,9.8065,0.0393,0.0277,-0.0736,135.13,-81.24,51.42,52.854794,-1.679928,22.88,4,14.13,21 / 22,0.5004056703711357,-6.591422811037372,-3.4142818957125005,68.19503421457637,349.2731881760615,-48.13171741961585,False,36.400000000000034,5.644676107108691,22.61937644989678,-19.077627883798215,545.6001465669349,23.3130555555532,14.011999999990692,5.144270436737555,29.210799260934152,-87.27266209837458,196.32695839087336
497912.0,0.6341,0.2606,9.0724,0.0141,-0.0027,9.8066,-0.1297,0.1009,0.0475,134.54,-81.28,50.75,52.854794,-1.679928,22.88,4,14.13,21 / 22,0.4452589450575773,-6.7518908253603716,-3.427881895712496,68.24231744534778,348.60602249424187,-48.47382560918699,False,36.5,5.41609402135502,22.762577387736794,-18.547134183410424,547.8685230698658,23.39805555555555,13.384,4.970835076297443,29.514468213097167,-86.7894516287582,199.2625005756239
498012.0,1.8282,-0.6341,9.4912,-0.0274,0.0007,9.8066,-0.0143,0.028,-0.0123,132.8,-81.22,48.92,52.854794,-1.679928,22.88,4,14.13,21 / 22,0.3797786103941285,-5.801348880781925,-2.9583118613556314,68.28356932312037,347.9783605089346,-48.793135297040465,False,36.60000000000002,5.530087406096083,22.888353500203625,-17.996495152646947,550.1702580520293,23.54694444443581,13.582999999988463,5.150308795701955,28.68970238098555,-86.28006447576732,202.19189754309474
498112.0,0.5001,-0.884,9.6509,-0.0091,0.0095,9.8066,-0.0265,0.0183,0.021,132.62,-81.12,48.51,52.854794,-1.679928,22.88,4,14.13,21 / 22,0.2930305131514264,-4.955189495143282,-2.534591082152291,68.31720977929766,347.4405335901382,-49.06778044421592,False,36.700000000000045,5.487098648125252,22.941827029205893,-17.45257123199056,552.4608735405208,23.588888888887077,13.451000000005703,5.194068134973826,27.897016524349176,-85.76978101128822,205.02033995038255
498212.0,2.6507,0.2342,9.7359,-0.004,-0.0019,9.8066,-0.1155,-0.0474,-0.0402,130.35,-81.12,48.42,52.854794,-1.679928,22.88,4,14.13,21 / 22,0.2663137059474291,-5.044403302686232,-2.5459160821522873,68.34517699025258,346.9405539502469,-49.321805802431065,False,36.80000000000001,5.722966896225294,23.077068909901694,-16.875071760652027,554.7737280145678,23.77611111110568,13.927999999986172,5.456653190277866,28.121472212587925,-85.2202487509046,207.83317406432093
498311.0,1.689,0.9425,9.169,-0.0243,0.0211,9.8065,0.0724,-0.1268,0.0429,133.66,-81.17,49.87,52.854794,-1.679928,22.88,4,14.13,21 / 22,0.26490312401371774,-5.237728758689751,-2.5809818821522836,68.37147222333566,346.43158841320883,-49.57558725166412,False,36.899,5.601247518542638,23.19433639956963,-16.32329116113649,557.0744622420773,23.86108611110985,13.576550000005215,5.33634439452892,28.43206515825938,-84.69476338447214,210.64287382886846
498411.0,0.8589,0.3145,10.1754,0.0295,0.0283,9.8065,-0.0295,-0.1025,0.0123,134.78,-81.1,50.8,52.854794,-1.679928,22.88,4,14.13,21 / 22,0.3215071000472202,-5.369835730119121,-2.5944268821522867,68.40079273453871,345.9012101887683,-49.834357689879404,False,36.999000000000024,5.68842946244845,23.275922831704932,-15.772584979244856,559.3874279110581,23.96094444444445,13.733380000000015,5.3669223624012306,28.645758561824053,-84.17337771378357,213.48621772228984
498512.0,0.4424,1.6629,10.6825,0.0457,-0.0424,9.8064,-0.0429,0.2305,-0.2433,134.65,-81.45,51.44,52.854794,-1.679928,22.88,4,14.13,22 / 23,0.4471980524119775,-5.484480163444391,-2.5315745821522873,68.4396123447379,345.3530672361433,-50.093220763826785,False,37.10000000000002,5.652465661293999,23.409179399818044,-15.196294227785845,561.7567694083683,24.081944444437486,13.575000000009275,5.205267608882022,28.893659563262435,-83.63590657252374,216.403702172225
498611.0,0.7669,-0.6768,8.8037,0.0476,0.0352,9.8064,0.0572,0.0204,-0.0733,136.82,-81.46,53.73,52.854794,-1.679928,22.88,4,14.13,22 / 23,0.5386962085884714,-5.559019163049501,-2.537866032152287,68.48841411065742,344.8064140194819,-50.344158074234834,False,37.19900000000001,5.74610936549676,23.399676769191686,-14.637865669237653,564.0575036351792,24.094869444443873,13.796759999990215,5.207413156908288,28.958695932241188,-83.12627977989507,219.25108961569725
498712.0,-0.8508,-0.4364,9.1557,0.0368,-0.0185,9.8065,-0.115,0.1465,-0.0425,136.01,-81.77,53.44,52.854794,-1.679928,22.88,4,14.13,22 / 23,0.6036211051194652,-5.515655231488295,-2.621387982152286,68.54610113499966,344.24714296255775,-50.60470040195721,False,37.30000000000001,5.797695914681442,23.550750483057445,-14.05472550538748,566.4269563275834,24.25388888888428,13.829999999999101,5.194074809561976,29.06640571454574,-82.60082664038714,222.17981336502567
498812.0,2.0057,-1.129,10.3114,0.0343,0.0147,9.8065,-0.0052,0.093,-0.1664,139.48,-81.69,54.58,52.854794,-1.679928,22.88,4,14.13,22 / 23,0.6060226450466057,-5.495720585743307,-2.628697982152288,68.60658332250797,343.69657417169606,-50.8672047001725,False,37.400000000000034,5.648557305576735,23.67350309081581,-13.510801584730508,568.7842887720424,24.33805555555436,13.420000000005826,5.042534660530129,29.169223676559117,-82.11738490723849,225.08771460034632
498911.0,1.6796,-0.2444,9.4399,-0.003,0.016,9.8066,-0.0299,0.0885,0.0089,137.41,-81.62,55.01,52.854794,-1.679928,22.88,4,14.13,22 / 23,0.5236920240664155,-5.569344080143951,-2.6218669821522886,68.66250419862907,343.1488534707347,-51.12710766590555,False,37.499000000000024,6.1510803803578495,23.590793876744936,-12.89254139490143,571.0850229988524,24.379580555555556,14.61394000000011,5.627388356291434,29.16013795688889,-81.5550455935305,227.93616952811772
499011.0,0.7215,0.0071,9.4122,-0.0107,-0.0027,9.8066,0.057,0.0081,0.0088,137.51,-81.48,55.26,52.854794,-1.679928,22.88,4,14.13,22 / 23,0.5271541233265734,-5.644379270313742,-2.6599269821522973,68.71504650599873,342.5881673032117,-51.391197364120835,False,37.599000000000046,5.643593107200334,23.914152592125863,-12.354459620087813,573.4750467522643,24.57112499998896,13.278610000077798,5.116438983873761,29.558531862439605,-81.06950612608654,230.88687944905263
499112.0,1.826,0.2635,10.0505,0.0068,0.0012,9.8066,0.0097,-0.0872,0.0336,140.93,-81.42,55.99,52.854794,-1.679928,22.88,4,14.13,22 / 23,0.5380716906704254,-5.743395623166415,-2.667532282152297,68.76884040960557,342.01308467109095,-51.660234056968214,False,37.700000000000045,6.0770991352013635,23.625936830130136,-11.731297399895585,575.8229276286798,24.39500000000769,14.424999999949888,5.539027444530938,29.36933245329655,-80.50013780950115,233.8098429575889
499212.0,1.8832,-1.1094,10.7789,0.0094,0.0171,9.8066,-0.1853,0.0413,0.0865,137.78,-81.54,55.66,52.854794,-1.679928,22.88,4,14.13,22 / 23,0.46822933225283403,-5.839232112532657,-2.6067272821523177,68.81915546075172,341.4339532843062,-51.92394703518335,False,37.80000000000001,5.644507515868661,24.059814001667057,-11.180658369089453,578.2803355077921,24.71305555554634,13.203000000035425,5.1762781836158265,29.899046114199713,-79.99981382984117,236.84638222348588
499312.0,1.4794,-2.0699,10.6263,-0.0202,0.0053,9.8066,0.078,-0.136,0.0353,137.67,-81.54,55.22,52.854794,-1.679928,22.88,4,14.13,22 / 23,0.3367527224853094,-5.837757536286446,-2.5171322821522972,68.85940456348864,340.8501038018651,-52.18014001339864,False,37.900000000000034,5.908368251976016,23.98407960965994,-10.589728677495277,580.6487874446797,24.701111111111278,13.838999999990962,5.571615529490707,29.821837145946386,-79.44913324098391,239.79868364281458
499412.0,0.6751,-1.7639,8.9257,-0.0273,-0.0008,9.8066,0.0669,0.2276,-0.1075,138.24,-81.53,55.53,52.854794,-1.679928,22.88,4,14.13,22 / 23,0.22835054970634808,-5.771182768207175,-2.520197282152296,68.88765972709821,340.2696567866406,-52.432006491613784,False,38.0,5.883520066887318,24.135169264030413,-10.00551409604771,583.0617173533873,24.841944444444444,13.7,5.65516951718097,29.90635203223759,-78.89317382314591,242.79206056674667
499513.0,0.0472,0.4545,10.7502,0.0295,0.0161,9.8065,-0.1153,-0.0049,0.0624,137.86,-81.41,55.3,52.854794,-1.679928,22.88,4,14.13,19 / 21,0.25811310773220897,-5.74969535733961,-2.5170359821522963,68.91222614179885,339.6878524413005,-52.686386771461166,False,38.101,5.98051837919603,24.152544058805645,-9.401892846357985,585.4988877552241,24.881961111106175,13.907530000002728,5.722405271463821,29.902239416145257,-78.31411898815684,245.81103531392364
499612.0,1.46,-1.2222,10.3158,0.0023,0.0266,9.8065,-0.0065,0.1315,0.0798,139.4,-81.48,56.87,52.854794,-1.679928,22.88,4,14.13,19 / 21,0.27607211599125553,-5.77360425870158,-2.4451273321522624,68.93866831037317,339.1174491103062,-52.93201385551936,False,38.200000000000045,5.981062360561981,24.239092331422622,-8.810224492658817,587.8986966623486,24.966111111107434,13.861000000002031,5.704990244570725,30.0126965901242,-77.74889280303199,248.78124755204237
499712.0,0.9445,-0.7497,9.3323,0.0161,-0.0317,9.8066,-0.1128,0.0943,-0.0815,139.38,-81.72,57.53,52.854794,-1.679928,22.88,4,14.13,19 / 21,0.2204043056360227,-5.78293743659332,-2.443387332152263,68.96349213145453,338.5396220255417,-53.1764395887345,False,38.30000000000001,6.04383985571794,24.334582466330183,-8.212579690929617,590.31162657035,25.073888888885765,13.947999999997478,5.823435550081918,30.117519902923505,-77.17607182238415,251.77200454480828
499812.0,2.3459,-0.2382,9.5803,0.003,-0.0014,9.8066,-0.0734,-0.0119,0.0224,139.42,-81.62,57.45,52.854794,-1.679928,22.88,4,14.13,19 / 21,0.13863341898492884,-4.979670960357039,-2.1066589823294306,68.98144401768558,338.00149160569407,-53.40394190445864,False,38.400000000000034,6.084023865155454,24.461698670236135,-7.60821977907943,592.7579149563355,25.206944444442556,13.96699999999973,5.945390446170525,29.441369630593172,-76.58966379676501,254.75642335064146
499912.0,1.4798,-2.1699,9.8614,0.001,0.0359,9.8065,0.0599,-0.1943,0.0907,140.27,-81.58,58.06,52.854794,-1.679928,22.88,4,14.13,19 / 21,0.015275421378236773,-5.017504480656924,-2.1152389823294278,68.98913945970374,337.50163283364355,-53.61503680269151,False,38.5,6.2130272230606405,24.571677145150417,-6.976999426706368,595.2264423285864,25.345,14.19,6.197751801682403,29.589181625807342,-75.9661388864101,257.7248094949428
500012.0,0.6497,-1.6733,9.5775,0.0142,0.0368,9.8065,0.0986,0.1257,-0.1366,140.2,-81.64,58.72,52.854794,-1.679928,22.88,4,14.13,19 / 21,-0.08980747584433599,-4.9452765268677785,-2.12395898232943,68.98541285698043,337.00349378326723,-53.826996700924504,False,38.60000000000002,6.109974969008208,24.51306145469022,-6.386069735180715,597.66161122197,25.263055555560307,13.996000000011248,6.199782444852544,29.458337981558,-75.37148259216114,260.6581174387028
500112.0,1.4338,0.0789,11.1141,0.0302,0.0105,9.8066,-0.01,0.0729,-0.0205,140.51,-81.57,58.74,52.854794,-1.679928,22.88,4,14.13,19 / 21,-0.1214734402205782,-4.958040062109425,-2.0700439823294174,68.97484881117718,336.50832795381825,-54.036696849157494,False,38.700000000000045,6.4087159809202054,24.392145446351932,-5.73470405240784,600.0634216368412,25.22000000000186,14.720999999968678,6.530189421140784,29.350185508461358,-74.70955286358502,263.55509368302296
500212.0,-0.4074,0.379,10.1744,0.0176,0.0169,9.8066,0.0598,-0.076,-0.0404,142.0,-81.68,60.69,52.854794,-1.679928,22.88,4,14.13,19 / 21,-0.04704829263079684,-5.018243618056155,-1.9862839823294458,68.96642272453461,336.00951376981016,-54.23951324739037,False,38.80000000000001,6.087868849683795,24.78722971372438,-5.1437743608102195,602.5875464719227,25.523888888880077,13.799000000026728,6.134917142314592,29.805473331780533,-74.11019708534482,266.5780327021125
500312.0,1.0428,-1.0321,9.975,-0.0092,0.0104,9.8066,0.0754,-0.0804,0.066,140.79,-81.9,59.03,52.854794,-1.679928,22.88,4,14.13,19 / 21,0.007151222115894355,-5.0230310525720245,-1.9594789823294396,68.96442787100887,335.5074500362786,-54.43680139562336,False,38.900000000000034,5.985554152993595,24.960413007091088,-4.55284466925492,605.1227907994362,25.668055555553504,13.485000000004462,5.978402930877701,29.983444059663114,-73.51727254026379,269.6153407631576
500412.0,0.6633,-2.1085,9.3477,-0.0075,0.0021,9.8066,0.0756,0.1359,-0.0925,142.18,-81.95,58.42,52.854794,-1.679928,22.88,4,14.13,19 / 21,-0.057227713638985704,-4.962639501871793,-1.9740089823294347,68.96192404643271,335.0081665085566,-54.63347579385624,False,39.0,6.034745062322114,25.000004671827973,-3.9484847573650272,607.6246766489647,25.71805555555555,13.571,6.091972775961099,29.962644173699765,-72.91040880379774,272.61651014040814
500512.0,1.0969,-0.2103,10.3785,0.0095,0.0088,9.8066,-0.0393,0.0035,0.0018,140.22,-82.06,58.53,52.854794,-1.679928,22.88,4,14.13,20 / 22,-0.09742147471010783,-4.935787820975334,-1.9683639823294332,68.95419158701526,334.5132451424141,-54.83059444208923,False,39.10000000000002,6.200484976679817,24.944816897831785,-3.323979515184204,610.11544300518,25.70388888888971,13.958999999977504,6.297906451389925,29.88060471880712,-72.27817110219947,275.60219786276593
500612.0,1.1048,-2.1521,11.1739,-0.0054,0.0263,9.8066,0.0739,-0.1673,0.101,140.23,-82.0,58.47,52.854794,-1.679928,22.88,4,14.13,20 / 22,-0.15791155678809424,-4.9228159099624085,-1.871408982329411,68.94142493544035,334.02031495586715,-55.022583090322215,False,39.200000000000045,5.998322108996411,25.104453562398184,-2.7263347134531095,612.6506873333985,25.811111111106477,13.438000000022509,6.156233665784505,30.027269472360594,-71.66775964889347,278.6303723775314
500712.0,-1.5531,-0.4049,8.5223,-0.0094,-0.0291,9.8066,0.0791,0.2213,-0.1534,140.74,-82.12,59.67,52.854794,-1.679928,22.88,4,14.13,20 / 22,-0.12224544673814883,-4.818466354848099,-1.8672639823294126,68.92741708526404,333.5332508426268,-55.209516738555095,False,39.30000000000001,6.121904898550987,25.21440474046491,-2.1085445813355643,615.197051153336,25.946944444440508,13.646999999993941,6.244150345289136,30.03287109531301,-71.0359616665996,281.66380031070923
500812.0,1.903,2.5549,11.1262,0.0132,0.0087,9.8066,0.0211,0.0572,-0.0353,144.61,-82.29,61.39,52.854794,-1.679928,22.88,4,14.13,20 / 22,0.020699979065399193,-4.924528585930756,-1.8655039823294122,68.9223398118804,333.04610109558774,-55.39615513678808,False,39.400000000000034,6.2181627816755265,25.152784172345854,-1.4907544492434956,617.6989370028667,25.910000000000522,13.885999999996603,6.1974628026101275,30.07731275827661,-70.4130942611239,284.652835907279
500912.0,0.4017,-2.322,9.4163,0.0201,-0.1017,9.8061,-0.183,0.2768,-0.0791,141.6,-82.94,61.15,52.854794,-1.679928,22.88,4,14.13,20 / 22,0.028406869632303648,-5.017645403224727,-1.819043982329428,68.92479515431529,332.54899239613013,-55.58038253502096,False,39.5,6.147931028071577,25.279259906487646,-0.879679427245825,620.2230618379532,26.016111111111112,13.669,6.119524158439273,30.296905309712372,-69.80447458156111,287.67406944182306
501012.0,1.6983,-0.0424,10.0576,-0.0124,-0.0864,9.8062,-0.2539,-0.1862,0.1289,138.32,-82.96,57.56,52.854794,-1.679928,22.88,4,14.13,20 / 22,-0.024606037348372724,-5.000939533870281,-1.8260139823294295,68.9249851959295,332.04806314927527,-55.76263543325394,False,39.60000000000002,6.20442632684106,25.32093983158284,-0.25517418503830525,622.7583061645752,26.069999999996877,13.767999999994261,6.2290323641894325,30.32187936545312,-69.1801593809678,290.7102430152999
501112.0,2.3922,-0.4881,9.4529,-0.0334,0.0104,9.8066,0.0816,-0.0423,0.0772,136.77,-82.85,55.38,52.854794,-1.679928,22.88,4,14.13,20 / 22,-0.09339297997309182,-5.122682084054234,-1.8311539823294305,68.91908524506341,331.5418820683789,-55.94549383148693,False,39.700000000000045,6.231609766906278,25.254470762500507,0.3626159470675018,625.2713115072389,26.011944444446954,13.860999999995983,6.3250027468793695,30.37715284655474,-68.55646929799592,293.72942943886
501212.0,-0.0146,-0.0645,10.3882,0.0053,0.0046,9.8066,-0.1006,-0.0275,0.0458,139.77,-82.84,55.98,52.854794,-1.679928,22.88,4,14.13,20 / 22,-0.09894272838053811,-5.187871418814995,-1.8197639823294343,68.90946845964574,331.02635439323564,-56.12803972971981,False,39.80000000000001,6.174236879388684,25.393215464504806,0.9804060791859167,627.8287948196007,26.133055555552044,13.666000000005653,6.273179607769222,30.5810868833198,-67.92906238045983,296.8024404263651
501312.0,-1.0451,-0.4215,10.3951,0.0355,0.0234,9.8065,-0.012,0.0945,0.1315,137.07,-82.81,55.67,52.854794,-1.679928,22.88,4,14.13,20 / 22,0.023274126182212876,-5.138157870818237,-1.761263982329421,68.90568502953582,330.51005292875385,-56.307091127952795,False,39.900000000000034,6.1762920795219545,25.463607537388256,1.5914811011706853,630.3751586409551,26.201944444443463,13.634000000000455,6.1530179533397416,30.601765408206493,-67.31420392836513,299.8651057122012
501411.0,0.0366,-1.1248,10.073,0.0037,-0.036,9.8065,-0.0812,0.0276,0.0502,138.1,-83.08,57.01,52.854794,-1.679928,22.88,4,14.13,20 / 22,0.10732150480470534,-5.050174026619457,-1.7189513823294253,68.91214951326967,330.00573049983075,-56.47936178850339,False,39.999000000000024,6.229186691617609,25.47025372081528,2.2097412909875027,632.8960588226943,26.220919444444444,13.742900000000011,6.1218651868129035,30.520427747434738,-66.70240822228216,302.8903283228635
501512.0,0.2343,0.4103,8.5449,0.0103,0.0226,9.8065,-0.0796,-0.1523,0.1852,136.66,-83.29,55.36,52.854794,-1.679928,22.88,4,14.13,20 / 21,0.17454249287309276,-5.034774075475232,-1.7692190823294247,68.9263836451524,329.49644062067495,-56.65551439696866,False,40.10000000000002,6.26896196583602,25.555371422469563,2.84049158560392,635.4678862806472,26.313055555550225,13.782999999997738,6.094419472962928,30.590145497944796,-66.08589205954848,305.9714456599723
501612.0,-0.6662,2.8061,9.5721,-0.0195,0.0112,9.8066,-0.0083,0.3176,-0.009,136.94,-83.47,53.43,52.854794,-1.679928,22.88,4,14.13,20 / 21,0.4001787605375663,-5.13892255653131,-1.8440340823294417,68.95511970782294,328.9877557890745,-56.836177055201645,False,40.200000000000045,6.195308072110377,25.536169783821247,3.458281717723076,638.025369593719,26.276944444446002,13.637000000006308,5.79512931157281,30.675092340352556,-65.49683799009986,309.0376138046445
501711.0,3.1922,-1.8553,8.9632,-0.0415,0.0412,9.8064,-0.0275,-0.3104,0.2411,134.15,-83.66,52.93,52.854794,-1.679928,22.88,4,14.13,20 / 21,0.4420746158739974,-5.266540828145903,-1.8973950823294359,68.99681124995531,328.4726853515331,-57.02137779885224,False,40.299000000000035,6.152438319096562,25.626009160280162,4.063245989487894,640.5572780736599,26.35421944444219,13.50038000000399,5.710363703222565,30.892549988426065,-64.93356526046742,312.0845927221268
501811.0,-1.7538,3.4033,8.9427,0.0191,-0.0157,9.8066,-0.126,0.0106,0.0752,132.27,-83.54,51.29,52.854794,-1.679928,22.88,4,14.13,20 / 21,0.5490644453809459,-5.361175670541734,-1.9827650823294067,69.04636820301805,327.94129952659887,-57.21538580708512,False,40.399,6.20957658785761,25.653772487393365,4.680968970491558,643.125769684232,26.39459999999941,13.606909999998399,5.660512142476664,31.0149481579351,-64.36539923252649,315.1844701576331
501912.0,0.2951,3.4048,9.7974,-0.0227,0.0807,9.8063,0.0655,-0.4771,0.2578,132.83,-83.18,51.21,52.854794,-1.679928,22.88,4,14.13,20 / 21,0.9525530669514002,-5.53300725008905,-2.026861682329406,69.12219988739083,327.391143289107,-57.41787195870039,False,40.5,6.206495920876079,25.711513148473944,5.304937003944579,645.7200585177843,26.45,13.571,5.253942853924679,31.244520398562994,-63.817262883446254,318.3289152286773
502012.0,2.0871,-4.9424,9.8019,0.0082,0.0562,9.8064,0.0217,-0.5945,0.4446,132.78,-83.4,51.28,52.854794,-1.679928,22.88,4,14.13,20 / 21,0.9149175549160485,-5.562766344945426,-2.0275616823294063,69.21557341848423,326.83635460935517,-57.62059312693337,False,40.60000000000002,6.241920630345342,25.698934214198758,5.922727136005047,648.2664223382458,26.446111111111335,13.651999999995303,5.327003075429293,31.261700559144185,-63.292846282479175,321.4300677288906
502112.0,-0.4695,0.7286,9.4769,0.0145,0.0305,9.8065,-0.063,0.1185,0.0709,126.48,-83.72,47.58,52.854794,-1.679928,22.88,4,14.13,20 / 21,0.8051016544623414,-5.4632525181557625,-2.04428668232941,69.30157437895316,326.2850536662,-57.82418554516636,False,40.700000000000045,6.216469400768736,25.674236783669777,6.540517268097116,650.8239056499029,26.416111111112407,13.611000000001772,5.411367746306395,31.13748930182554,-62.76105711085604,324.53885198370295
502212.0,-1.4642,-3.9823,9.2477,-0.0047,0.0364,9.8065,-0.0313,-0.2998,0.2,129.4,-83.8,47.96,52.854794,-1.679928,22.88,4,14.13,20 / 21,0.8398941779035451,-5.269092542114184,-2.088721682329395,69.38382417057143,325.74843641318665,-58.03083596339923,False,40.80000000000001,6.1859514179661845,25.754460410917943,7.158307400228879,653.3925084553991,26.48694444444239,13.506000000003043,5.346057240062639,31.023552953032127,-62.22551677034255,327.6440720422125
502312.0,0.1025,2.4791,10.6529,-0.0016,-0.0099,9.8066,0.0178,0.1976,0.0093,125.45,-83.94,43.74,52.854794,-1.679928,22.88,4,14.13,20 / 21,0.9292854136729393,-5.147331978428907,-2.0743566823293915,69.47228315015028,325.22761518715936,-58.238989881632214,False,40.900000000000034,6.190980182005653,25.761537015209463,7.769382422213648,655.9611112616045,26.494999999999887,13.5129999999999,5.261694768332713,30.90886899363837,-61.70290072793663,330.73349607444516
502412.0,-0.8027,2.6757,9.3893,0.0146,0.0323,9.8065,-0.111,-0.0421,0.0686,124.59,-84.04,42.93,52.854794,-1.679928,22.88,4,14.13,20 / 21,1.2583365102894986,-5.247293993250383,-2.0529116823293987,69.58166424634835,324.70788388857557,-58.44535329986508,False,41.0,6.136801210997875,25.741658459258495,8.393887664452713,658.5741920375104,26.463055555555552,13.409,4.878464700708377,30.98895245250888,-61.18777658189564,333.8663081489349
502512.0,-1.8246,1.6033,9.8733,0.0303,-0.0748,9.8062,-0.1257,0.5283,-0.2756,120.63,-84.43,39.14,52.854794,-1.679928,22.88,4,14.13,22 / 24,1.6039028717460546,-5.229434164184438,-2.0704466823294028,69.72477621545016,324.1840474807037,-58.65152121809807,False,41.10000000000002,6.277748913162329,25.891756841968064,9.025108016793936,661.1761533208035,26.641944444434074,13.628999999987244,4.673846041416274,31.1211910061525,-60.69966819865623,336.9921058400997
502612.0,0.5729,1.1268,9.3205,0.0184,-0.0327,9.8066,-0.0536,0.4813,-0.1943,121.57,-84.37,39.48,52.854794,-1.679928,22.88,4,14.13,22 / 24,1.8489646422100479,-5.21999956222392,-2.0914216823294076,69.89741959114801,323.66157579438317,-58.85961463633106,False,41.200000000000045,6.237531994189426,25.993181718593533,9.642898148886783,663.7669951118609,26.73111111110726,13.494000000005833,4.388567351979377,31.21318128081745,-60.25452144226122,340.1054193174777
502711.0,1.8384,-3.4561,10.3067,-0.0025,-0.0503,9.8064,0.049,0.0686,-0.0594,123.28,-84.34,41.3,52.854794,-1.679928,22.88,4,14.13,22 / 24,1.7848691242210413,-5.232361714345172,-2.0907336323294077,70.07729436258633,323.14418391119307,-59.06663132440665,False,41.299000000000035,6.22886314707621,26.010530522852633,10.25451037968416,666.3319284850062,26.745961111110677,13.46727000000078,4.443994022855169,31.242892237197808,-59.822783982902166,343.1877445738131
502811.0,1.6232,0.3008,9.8137,0.0507,-0.042,9.8064,-0.1323,0.2125,-0.0176,121.59,-84.61,40.44,52.854794,-1.679928,22.88,4,14.13,22 / 24,1.6574222882989191,-5.2679759147339595,-2.0653786323294163,70.24940893321227,322.6191670297393,-59.27443693763952,False,41.399,6.0255793189053835,25.93657187965128,10.859004593737266,668.933778572162,26.627311111112874,13.078920000005757,4.368157030606464,31.20454779438524,-59.390404339475,346.31461154242277
502912.0,0.52,-0.6572,10.4809,0.0092,-0.0308,9.8065,0.0072,0.0137,-0.0248,117.09,-84.81,38.36,52.854794,-1.679928,22.88,4,14.13,22 / 24,1.682563809839535,-5.325125149458453,-2.0309729823294167,70.41807823116825,322.08421542599757,-59.48130269417979,False,41.5,5.949261986324042,26.061525964512207,11.455977884437822,671.5728789623046,26.731944444444444,12.859000000000002,4.266698176484507,31.386651113970657,-58.96210034673043,349.488663536307
503012.0,0.8342,0.2345,9.621,0.0098,-0.022,9.8065,-0.0027,-0.0466,0.0643,116.17,-84.92,37.24,52.854794,-1.679928,22.88,4,14.13,22 / 24,1.468712434363868,-4.541367307241355,-1.7055615349799995,70.57564204337845,321.5908908031625,-59.668129420045304,False,41.60000000000002,5.851337223077731,26.119555271744023,12.040192465856466,674.1859597387297,26.766944444442416,12.627000000013451,4.382624788713864,30.660922578985378,-58.53544957752199,352.5950689355672
503112.0,-0.5408,-1.8999,10.5042,-0.0252,0.0133,9.8065,0.101,-0.1116,0.0998,116.46,-84.96,35.03,52.854794,-1.679928,22.88,4,14.13,22 / 24,1.4819643417217239,-4.48379016378845,-1.6799665349799935,70.72317588218276,321.1396329296109,-59.83740582354334,False,41.700000000000045,5.832741383097819,26.117737188721886,12.624407047317622,676.7990405139304,26.761111111111365,12.589000000001642,4.3507770413760944,30.601527352510338,-58.09876883486514,355.6594075843195
503212.0,0.1795,-2.4512,9.4917,-0.0043,0.0178,9.8066,0.0375,-0.2843,0.1774,116.99,-85.09,35.57,52.854794,-1.679928,22.88,4,14.13,22 / 24,1.3900418192917614,-4.336657680390872,-1.6608365349799998,70.86677619023338,320.6986105374021,-60.004445977041286,False,41.80000000000001,5.770355781894732,26.24508320382105,13.195191408497298,679.4232407829695,26.871944444441233,12.400000000005479,4.380313962602971,30.58174088421192,-57.67158478173609,358.7246302455674
503312.0,1.9106,2.6071,10.4645,-0.0082,0.0104,9.8066,0.1063,0.164,-0.1551,117.5,-85.08,36.31,52.854794,-1.679928,22.88,4,14.13,22 / 24,1.4429257587349782,-4.401844908415213,-1.6436915349799959,71.00842456913475,320.2616854079617,-60.169672380539325,False,41.900000000000034,5.69923958873064,26.150036645617107,13.759260659529371,682.0363215595852,26.76388888889042,12.295000000001492,4.256313829995662,30.55188155403232,-57.24916390960537,361.7746361516235
503412.0,-0.3321,-3.7339,9.86,0.0047,0.0571,9.8064,-0.0786,0.6034,-0.2521,120.74,-84.96,39.81,52.854794,-1.679928,22.88,4,14.13,22 / 24,1.4580811602480939,-4.408082337455305,-1.608131534980008,71.15347491508385,319.8211890456683,-60.33226353403727,False,42.0,5.6122442942124575,26.265997531557,14.316614800493578,684.6494023354918,26.858888888888885,12.061,4.154163133964364,30.674079869012306,-56.836860114590266,364.8282132898235
503512.0,0.6018,4.5314,10.3308,0.022,-0.0587,9.8064,-0.0273,0.4542,-0.2678,117.93,-85.26,37.02,52.854794,-1.679928,22.88,4,14.13,23 / 24,1.5879240155258074,-4.402457360345732,-1.5792565349800014,71.30577517387258,319.38066206077815,-60.49163293753531,False,42.10000000000002,5.44687523577015,26.28348401039419,14.8605387211367,687.2958415898988,26.841944444445428,11.708000000020467,3.858951220244343,30.685941370739922,-56.44523645273588,367.9151795291207
503612.0,1.5711,-2.5213,10.8428,0.0153,-0.0067,9.8066,0.0924,0.0845,0.0182,120.7,-85.36,37.82,52.854794,-1.679928,22.88,4,14.13,23 / 24,1.7212307148217714,-4.509682609249732,-1.5012415349799837,71.47123291038999,318.93505506229826,-60.64565784103334,False,42.200000000000045,5.3579793096768284,26.47720246963239,15.39103242153844,689.9422808437912,27.01388888888146,11.440000000011578,3.636748594855057,30.986885078882125,-56.080200488851546,371.00722578149293
503712.0,2.84,-0.5376,8.659,0.0024,-0.0422,9.8065,-0.1291,0.4465,-0.2231,119.44,-85.71,37.18,52.854794,-1.679928,22.88,4,14.13,23 / 24,1.5756401214798867,-4.595908350509231,-1.5068165349799816,71.63607645220502,318.47977551431046,-60.79606074453129,False,42.30000000000001,5.400308848107849,26.406511850791794,15.934956342193553,692.6109590832397,26.95305555555732,11.557999999996579,3.824668726627962,31.002420201301025,-55.701120110011466,374.1311835689292
503812.0,-1.7248,3.8292,8.637,0.011,-0.0658,9.8064,0.0517,-0.3866,0.2207,116.2,-85.69,36.28,52.854794,-1.679928,22.88,4,14.13,23 / 24,1.787234616625891,-4.682359343432201,-1.622681534980008,71.80422018911034,318.0158621296133,-60.952535648029325,False,42.400000000000034,5.2087707872444895,26.546874049082433,16.445304712192915,695.2462788454147,27.053055555554135,11.101000000006495,3.4215361706185985,31.229233392514633,-55.358915476917424,377.2304167158014
503912.0,0.1188,-1.0368,8.7706,-0.0289,0.0439,9.8065,0.0039,-0.2988,0.1604,114.48,-85.77,31.67,52.854794,-1.679928,22.88,4,14.13,23 / 24,2.0409814862025915,-4.638194529184788,-1.73296653497997,71.9956309942517,317.54983443598263,-61.12031805152727,False,42.5,5.193416797714044,26.4417517736098,16.955653082204357,697.8704791130397,26.946944444444444,11.112,3.1524353115114527,31.079946302794585,-55.03997791204734,380.32064467705703
504012.0,2.4626,-1.4674,10.0917,-0.0168,0.03,9.8066,0.0821,-0.2221,0.1005,119.21,-85.55,33.87,52.854794,-1.679928,22.88,4,14.13,23 / 24,1.9615583542123627,-4.661038238496428,-1.7705165349799785,72.1957579862725,317.08487279759845,-61.295492205025305,False,42.60000000000002,5.1921994946556715,26.45020017708131,17.472716562312666,700.5280378605789,26.954999999999533,11.106000000000348,3.230641140443309,31.111238415577738,-54.72304142395983,383.4431650629805
504112.0,-0.2371,0.4007,11.3774,-0.0127,0.0284,9.8065,0.1392,0.0702,0.0352,131.4,-85.48,36.47,52.854794,-1.679928,22.88,4,14.13,23 / 24,1.9579645192918382,-4.718639497196648,-1.6777265349799575,72.39173412994775,316.6158889108137,-61.46790435852334,False,42.700000000000045,5.1185016682934386,26.460599592510047,17.98306493231144,703.163357622047,26.951111111111278,10.948000000006827,3.1605371490016,31.179239089706694,-54.408669197636314,386.5474687112333
504212.0,0.1854,-2.218,11.4838,-0.0021,0.0143,9.8066,-0.1268,0.3212,-0.0604,156.73,-85.69,37.48,52.854794,-1.679928,22.88,4,14.13,23 / 24,2.0250587247640968,-4.638483844438567,-1.515331534980013,72.59088529215047,316.1480327437321,-61.627557262021284,False,42.80000000000001,5.006722646504971,26.537949538096697,18.479983082055085,705.8209163690697,27.006111111109515,10.684000000007652,2.9816639217408745,31.176433382535265,-54.11090221009539,389.6728836253376
504312.0,0.4507,0.1737,10.2965,0.0233,-0.0216,9.8065,0.0131,0.3985,-0.0934,71.43,-85.88,35.65,52.854794,-1.679928,22.88,4,14.13,23 / 24,2.0563478037996585,-4.531434099189036,-1.4069815349799881,72.79495561857871,315.6895368465506,-61.77367291551932,False,42.900000000000034,4.962939870549766,26.384231158866754,18.97018612166444,708.4562361305371,26.846944444446706,10.653000000000441,2.9065920667501075,30.91566525805579,-53.82476949691427,392.76669928398655
504412.0,-0.1161,1.819,12.1162,0.0384,0.0068,9.8065,0.1092,-0.6702,0.4319,77.38,-86.01,36.43,52.854794,-1.679928,22.88,4,14.13,23 / 24,2.206745722399936,-4.436703038266025,-1.267011534980036,73.00811029488862,315.241129989678,-61.90737256901728,False,43.0,4.797028747768671,26.393725628238993,19.44024383087104,711.0804363988694,26.82611111111111,10.300999999999998,2.590283025368735,30.830428666505018,-53.567866464017584,395.83930640919147
504513.0,2.2515,-2.5546,9.4262,-0.0042,0.0658,9.8064,-0.0713,-0.4821,0.2502,89.29,-85.93,36.53,52.854794,-1.679928,22.88,4,14.13,21 / 22,2.22843003153398,-4.446380849507363,-1.169591984980037,73.23208667046228,314.7925342533454,-62.03042104677526,False,43.101,4.8534636212833675,26.412332790355517,19.935013145362582,713.7643483433168,26.85456944444694,10.412360000026945,2.6250335897493877,30.85871363986288,-53.2970735250997,398.97181408997136
504612.0,2.6816,-1.3798,9.8324,0.0177,-0.0098,9.8065,0.046,-0.0279,-0.0438,97.54,-86.06,39.54,52.854794,-1.679928,22.88,4,14.13,21 / 22,2.0909248518970442,-4.615246799160767,-1.187149634980045,73.44589473719222,314.34398368473614,-62.147079756963336,False,43.200000000000045,4.634183900875801,26.408421089965536,20.387074359424716,716.3733149071694,26.811944444446304,9.953000000020044,2.5432590489787565,31.0236678891263,-53.0588203777675,402.02933122243326
504712.0,1.0798,-3.8925,10.0513,-0.0287,0.1461,9.8054,0.0587,-0.4706,0.4262,135.0,-85.69,44.81,52.854794,-1.679928,22.88,4,14.13,21 / 22,1.9182511412127141,-4.607734648314497,-1.1736296349800497,73.64635353684764,313.88283461236256,-62.2651187204613,False,43.30000000000001,4.790210768540025,26.38762365252922,20.870562288884905,719.0086346686345,26.818888888888686,10.288999999990258,2.8719596273273105,30.99535830084372,-52.77579124796274,405.12580005627194
504812.0,1.5784,-1.7643,9.7871,-0.0338,0.0786,9.8063,-0.1395,0.3434,-0.2035,129.87,-85.81,42.72,52.854794,-1.679928,22.88,4,14.13,21 / 22,1.7238193553871,-4.506125458843131,-1.162374634980047,73.82845706167767,313.42714160700456,-62.381918933959334,False,43.400000000000034,4.6091836563888835,26.330737309393974,21.320474667716578,721.6328349376759,26.73111111111236,9.929000000005116,2.8853643010017835,30.836862768237104,-52.507982393961086,408.2056933306713
504912.0,0.0877,2.4248,9.922,-0.0068,0.0322,9.8066,0.0893,0.0047,0.1124,125.44,-85.97,41.01,52.854794,-1.679928,22.88,4,14.13,21 / 22,1.8005823775506091,-4.569546797851163,-1.1575846349800485,74.00467714832449,312.97335799417,-62.4979168974573,False,43.5,4.512271373146967,26.375699831909287,21.770387046533674,724.2792741922736,26.758888888888887,9.708,2.711688995596358,30.94524662976045,-52.23429010179082,411.30591619810366
505012.0,3.6342,1.9468,10.8523,0.0186,0.0148,9.8065,-0.1714,0.008,0.1263,123.05,-86.27,41.52,52.854794,-1.679928,22.88,4,14.13,21 / 22,1.977148551880962,-4.8284784612812395,-1.0995346349800352,74.19356369479611,312.50345673121325,-62.61077286095533,False,43.60000000000002,4.440256414595836,26.383975211719942,22.22029942533164,726.9257134459734,26.755000000000223,9.553000000008987,2.4631078627148737,31.212453673001182,-51.97326426946447,414.4222567147602
505112.0,0.6214,-1.7302,9.9469,-0.0151,0.0409,9.8065,0.0043,-0.259,0.1874,122.86,-86.25,41.44,52.854794,-1.679928,22.88,4,14.13,21 / 22,1.96749222508407,-4.990493600991443,-1.0402396349800218,74.39079573364441,312.0125081280995,-62.717761574453355,False,43.700000000000045,4.34842588781786,26.36379320769748,22.650066473747586,729.5610332074408,26.720000000001512,9.366000000008079,2.38093366273379,31.354286808688922,-51.740729259896824,417.5485250793413
505212.0,1.0707,0.7937,10.2175,0.0059,-0.0082,9.8066,-0.0432,-0.0687,-0.0049,121.07,-86.22,42.07,52.854794,-1.679928,22.88,4,14.13,21 / 22,1.9812927306297279,-5.0117732815336895,-1.0126846349800311,74.58823498143003,311.51239478397343,-62.820407787951325,False,43.80000000000001,4.274285725800272,26.366909912319212,23.079833522175463,732.2185919537562,26.711111111111368,9.208000000004581,2.292992995170544,31.3786831938529,-51.50840145925457,420.7061971697828
505312.0,0.8235,-6.0485,11.6346,0.0125,0.0809,9.8062,0.1034,-0.5809,0.2668,125.86,-86.08,47.69,52.854794,-1.679928,22.88,4,14.13,21 / 22,1.8159259017428788,-4.912664024227231,-0.9007446349800057,74.7780959130487,311.0161729186853,-62.91607925144935,False,43.900000000000034,4.051478135819161,26.491989825509727,23.482740130080945,734.8872701939142,26.799999999998736,8.69500000000729,2.235552234076282,31.40465384973696,-51.29535578296776,423.8710972752289
505412.0,1.6372,-2.9981,9.9144,-0.0371,0.1163,9.8059,-0.0863,0.8066,-0.3445,132.45,-86.01,51.26,52.854794,-1.679928,22.88,4,14.13,21 / 22,1.4799240095033446,-4.716224935620698,-0.8039596349800385,74.94288840861095,310.53472847069304,-63.00131446494732,False,44.0,4.048304849786915,26.403393794099234,23.87893162785133,737.5225899553799,26.71194444444444,8.717,2.568380840283571,31.11961872971993,-51.063956780759625,426.98786148468685
505512.0,-1.0985,4.6106,9.5849,0.0156,-0.005,9.8066,-0.1287,0.3955,-0.1287,132.58,-86.07,52.08,52.85687,-1.679164,27.52,4,5.19,24 / 24,1.6207437993530471,-4.784933437739098,-0.8096596349800398,75.09792179905381,310.05967055202495,-63.081995428445346,False,44.10000000000002,3.999123125211926,26.486740208997315,24.275123125579665,740.1801487022119,26.786944444440095,8.586000000007596,2.3783793258588792,31.271673646736414,-50.82279867347414,430.12047815018695
505612.0,1.9769,1.469,9.0212,-0.0284,0.0271,9.8065,0.0224,-0.1676,0.1814,130.87,-86.02,50.01,52.85687,-1.679164,27.52,4,5.19,24 / 24,1.9181845142506802,-5.015851685290497,-0.8600196349800512,75.27486821473403,309.56963129587336,-63.16547939194337,False,44.200000000000045,3.8194719043124996,26.59406584471138,24.65788440309592,742.8377074485298,26.86694444444099,8.173000000017842,1.9012873900618195,31.609917530001876,-50.61698381163811,433.2680761526565
505712.0,0.0265,1.9339,9.6036,0.031,-0.0209,9.8066,-0.0648,0.338,-0.0212,126.7,-86.2,45.92,52.85687,-1.679164,27.52,4,5.19,24 / 24,2.084884105518739,-5.184986542445993,-0.9094446349800342,75.47502164572244,309.05958938448674,-63.25395260544135,False,44.30000000000001,3.726038062464727,26.606476027306453,25.02721546034338,745.5063856879788,26.866111111111135,7.972000000005828,1.6411539569459883,31.791462569752447,-50.44780618537905,436.446796303492
505812.0,0.1527,-1.1092,10.6964,0.0236,0.0122,9.8066,-0.01,0.2307,-0.2092,128.31,-86.46,48.0,52.85687,-1.679164,27.52,4,5.19,24 / 24,2.2122202860136837,-5.200705042100461,-0.8751096349800264,75.68987686529911,308.5403048052593,-63.343180318939375,False,44.400000000000034,3.6371610083193215,26.61064087963452,25.389831407456473,748.1639444357118,26.858055555555666,7.783000000002684,1.4249407223056378,31.811345921734983,-50.30004545784264,439.62363963045243
505912.0,0.5667,1.7559,11.0964,0.0244,0.0292,9.8065,-0.0506,0.2001,-0.0621,132.89,-86.22,53.14,52.85687,-1.679164,27.52,4,5.19,24 / 24,2.308442143011046,-5.2434516638723645,-0.7661346349800635,75.91590998675026,308.0180969699609,-63.42524253243735,False,44.5,3.538854016651898,26.675172229685693,25.745732244435075,750.8437421675866,26.90888888888889,7.557,1.2304118736408518,31.918623893558056,-50.17017774231519,442.8256451976257
506012.0,-0.4115,1.0669,10.4704,0.0068,0.0437,9.8065,0.0855,0.1371,-0.0504,136.63,-86.08,57.03,52.85687,-1.679164,27.52,4,5.19,24 / 24,2.5049486138988226,-5.346474408765353,-0.6684596349800414,76.15657952459581,307.48860066632886,-63.496972245935375,False,44.60000000000002,3.364511740265048,26.749236638630585,26.07477264085307,753.5235398992681,26.959999999997034,7.169000000022496,0.8595631263662256,32.09571104739594,-50.08180688374274,446.0349392329393
506112.0,1.5867,4.5587,9.2436,0.0314,0.0289,9.8065,-0.0924,-0.031,-0.0583,139.15,-86.01,59.17,52.85687,-1.679164,27.52,4,5.19,24 / 24,2.7454895104176362,-5.598749322062668,-0.6634246349800401,76.4191014308117,306.94133947978736,-63.563566459433396,False,44.700000000000045,3.224685753147368,26.73735490792848,26.397097927174556,756.1922181387198,26.931111111112358,6.8770000000126155,0.4791962427297318,32.33610422999115,-50.02200350363714,449.25087865893244
506212.0,1.6702,-2.6301,9.2887,-0.0018,0.0711,9.8064,-0.0391,0.4271,-0.2106,139.36,-85.9,59.66,52.85687,-1.679164,27.52,4,5.19,24 / 24,2.7853393781929023,-5.78335671885824,-0.7174746349800216,76.69564287524213,306.3722341777415,-63.632611422931376,False,44.80000000000001,3.20638517471559,26.90153430367821,26.712708103361564,758.8942548561521,27.091944444439783,6.79700000000232,0.4210457965226877,32.68489102253645,-49.982934771880565,452.52202067841057
506312.0,-0.832,2.0411,10.2788,0.0341,0.0384,9.8065,0.0045,0.1227,-0.0712,133.11,-86.03,55.95,52.85687,-1.679164,27.52,4,5.19,24 / 24,2.8390594187048306,-5.777765672706167,-0.7197646349800221,76.97686281508707,305.79417805816314,-63.70447338642939,False,44.900000000000034,3.0093832294854463,26.858878207796163,27.014888059280473,761.5740525887367,27.026944444445366,6.393000000005741,0.17032381078061576,32.636643880502334,-49.9619747558066,455.7798745305735
506412.0,2.6424,0.2821,11.8121,0.0153,0.0658,9.8063,-0.1349,0.5006,-0.2487,144.01,-85.94,64.88,52.85687,-1.679164,27.52,4,5.19,24 / 24,2.9427832475484985,-5.910659464369124,-0.5958846349800643,77.26595494839964,305.2097568013096,-63.77025584992737,False,45.0,2.869496814594714,26.939551626036668,27.303637794957325,764.2760893054627,27.091944444444444,6.08,-0.07328643295378434,32.85021109040579,-49.962317153442314,459.06633250415314
506512.0,0.6714,3.4179,11.1889,0.037,-0.0092,9.8066,-0.098,0.3009,-0.0203,145.26,-86.42,66.8,52.85687,-1.679164,27.52,4,5.19,22 / 23,3.0127819845268085,-6.1743025562884455,-0.42649963498002574,77.56373321000348,304.6055087002766,-63.82137506342539,False,45.10000000000002,2.84465386576458,26.98352549547085,27.58567242045274,766.9781260227014,27.13305555555317,6.018000000003594,-0.16812811876222833,33.157828051759296,-49.97806078955074,462.37261732242484
506612.0,1.5744,-0.6331,11.1824,0.0356,0.01,9.8065,-0.0637,0.2134,-0.0848,146.14,-86.6,67.97,52.85687,-1.679164,27.52,4,5.19,22 / 23,3.0980931574439667,-6.368301691196248,-0.28859963497999436,77.86927696710208,303.9783784879022,-63.8571300269234,False,45.200000000000045,2.804684878383682,27.04803159530016,27.867707045982034,769.6801627401367,27.19305555555296,5.920000000004234,-0.29340827906028455,33.41633328649641,-50.00156992112005,465.70178425223446
506712.0,0.3481,1.4779,9.0199,0.0069,-0.0023,9.8066,-0.105,0.1647,0.0172,146.83,-86.48,68.58,52.85687,-1.679164,27.52,4,5.19,22 / 23,3.1392270401465683,-6.4754634501438035,-0.2591496349800044,78.1811429769815,303.3361902308354,-63.88451749042139,False,45.30000000000001,2.559637084767846,27.088224241580612,28.11616612086837,772.3933189507029,27.208888888888428,5.3980000000151325,-0.5795899553787223,33.56368769172442,-50.064976856113134,469.0571287198675
506812.0,-0.2744,0.133,9.8531,-0.0027,-0.0143,9.8066,0.0037,0.1289,0.0039,144.6,-86.56,66.22,52.85687,-1.679164,27.52,4,5.19,22 / 23,3.278621967723614,-6.561199085598931,-0.2961646349800128,78.50203542737509,302.68435710404816,-63.912283203919394,False,45.400000000000034,2.483627548302981,27.122635245456504,28.364625195726695,775.1064751612712,27.236111111110723,5.232000000002359,-0.7949944194206329,33.68383433105544,-50.137410231648396,472.42211805722303
506912.0,1.3593,1.7028,9.2363,0.0242,0.0189,9.8066,-0.1065,0.2159,0.0309,146.19,-86.55,68.06,52.85687,-1.679164,27.52,4,5.19,22 / 23,3.38316201216243,-6.683569514659692,-0.3223596349800038,78.83512462636928,302.0221186740355,-63.943209417417386,False,45.5,2.41142007582356,27.33188515063804,28.59965405035674,777.8418703566888,27.438055555555554,5.042,-0.9717419363388702,34.01545466529773,-50.23547057601254,475.8197516826533
507012.0,2.9774,2.5381,10.482,-0.0164,-0.0086,9.8066,-0.0432,-0.0438,0.0571,147.46,-86.45,69.25,52.85687,-1.679164,27.52,4,5.19,22 / 23,3.414992187995943,-6.997981666773717,-0.3171096349800026,79.17503233637727,301.33804111496363,-63.97518288091539,False,45.60000000000002,2.1264101392706847,27.397605368343196,28.807822464408112,780.5883850443341,27.479999999997563,4.43800000003502,-1.2885820487252584,34.39558703511691,-50.36720987196916,479.2503439293705
507112.0,-0.2669,-0.728,9.4686,0.0187,-0.014,9.8065,-0.0426,0.2376,-0.0483,147.62,-86.42,73.17,52.85687,-1.679164,27.52,4,5.19,22 / 23,3.4474587078464056,-7.167171290900794,-0.30024463497999876,79.51815488116947,300.62978346707973,-64.0060505944134,False,45.700000000000045,1.90513281429189,27.402743033317964,28.995845548099926,783.3237802397545,27.46888888888937,3.9770000000199155,-1.5423258935545157,34.56991432421876,-50.52230933306954,482.6939967726747
507212.0,1.5894,2.185,11.6413,0.0143,-0.0495,9.8065,-0.082,-0.0266,0.0161,151.8,-86.42,74.7,52.85687,-1.679164,27.52,4,5.19,22 / 23,3.517860604611403,-7.286816469176124,-0.22541463498002423,79.86642084679224,299.9070840790761,-64.03233355791139,False,45.80000000000001,1.805062292700208,27.45183026115573,29.17043841152266,786.070294928305,27.511111111109887,3.762000000006233,-1.712798311911195,34.73864673033185,-50.69598243526958,486.16321084922885
507312.0,-2.7585,5.1658,10.7429,-0.0254,-0.0779,9.8063,0.0952,0.6508,-0.483,148.16,-86.48,70.71,52.85687,-1.679164,27.52,4,5.19,22 / 23,3.849819978123759,-7.591471071321966,-0.08686963497999267,80.23480487592909,299.16316970205105,-64.04794777140938,False,45.900000000000034,1.7966931229199445,27.611606143466684,29.35174638507892,788.8390486024155,27.66999999999774,3.723000000000554,-2.053126855203814,35.20307721478865,-50.88305849085017,489.6758789003644
507412.0,-1.823,4.9613,9.2255,0.0263,-0.0451,9.8065,-0.0432,0.9099,-0.4457,154.85,-86.18,77.9,52.85687,-1.679164,27.52,4,5.19,22 / 23,4.387331483783428,-7.950639102328155,-0.06911463497999863,80.6466624490243,298.3860641933688,-64.05574698490739,False,46.0,1.5697048910269138,27.592330905169913,29.50619391811224,791.5966827833922,27.636944444444442,3.256,-2.8176265927565143,35.54297000749807,-51.14046853091207,493.21061859002344
507512.0,3.8971,-6.8633,10.295,-0.0011,-0.1194,9.8059,0.0085,0.3415,-0.2677,157.72,-85.83,80.17,52.85687,-1.679164,27.52,4,5.19,23 / 23,4.35857021830376,-7.927443813353682,-0.07375463497999962,81.08395753412876,297.5921600475845,-64.06289044840538,False,46.10000000000002,1.4038510864847293,27.541188554946956,29.647211230853276,794.3543169634626,27.57694444444792,2.9180000000195974,-2.954719131819031,35.46863236830064,-51.436746303275484,496.76215691587805
507612.0,-3.3602,4.009,8.9592,0.0576,-0.1502,9.8053,0.2236,-0.9004,0.5029,152.55,-86.54,75.74,52.85687,-1.679164,27.52,4,5.19,23 / 23,4.383982098781547,-7.816961060953619,-0.09170963498000369,81.52108514998312,296.804939803869,-64.07116366190338,False,46.200000000000045,1.1861356188078684,27.835850887637474,29.7613681031094,797.156429114848,27.861111111098836,2.44000000002065,-3.1978464799736788,35.65281194859109,-51.75971704687372,500.35148931097905
507712.0,2.1769,-5.7337,10.9683,-0.0139,0.0124,9.8066,0.1566,-0.3806,0.2658,157.08,-86.22,80.44,52.85687,-1.679164,27.52,4,5.19,23 / 23,4.508110750842674,-7.727965740685038,-0.07599963498000907,81.96568979246418,296.02769346378733,-64.07954912540139,False,46.30000000000001,0.8705126180145735,27.83944883726601,29.84866453481497,799.936302280677,27.85305555555579,1.7910000000188147,-3.6375981328281,35.56741457795105,-52.1170252576492,503.9086088168896
507812.0,0.0246,0.6144,9.769,0.0254,-0.0703,9.8063,0.1559,-0.3817,0.1313,154.8,-86.42,81.15,52.85687,-1.679164,27.52,4,5.19,23 / 23,4.4021134945683835,-7.568726388048402,-0.01979963497999626,82.41120100473483,295.26285885735047,-64.08433908889938,False,46.400000000000034,0.8797061638795419,27.80719943687332,29.93596096653277,802.7272949389318,27.821111111111566,1.8119999999997016,-3.5224073306888415,35.37592582492172,-52.47524003820206,507.4644360815813
507912.0,0.3228,-2.6789,10.069,-0.0126,0.0534,9.8064,0.0538,-0.2923,0.1859,157.4,-85.91,80.56,52.85687,-1.679164,27.52,4,5.19,23 / 23,4.441539822088566,-7.513952198167815,-0.008564634979999987,82.85338367056754,294.5087249280399,-64.08575730239738,False,46.5,0.6789532610459008,27.88062312657494,30.003112067834895,805.5182875986,27.88888888888889,1.395,-3.762586561042665,35.39457532474275,-52.85027160273265,511.00956267056006
508012.0,-1.4162,1.4097,8.9337,0.0347,0.0201,9.8066,-0.1748,0.0169,-0.012,159.78,-85.92,84.08,52.85687,-1.679164,27.52,4,5.19,23 / 23,4.55822909704542,-7.476571226882035,-0.03909463498000683,83.30337211652434,293.7591987567872,-64.08814026589539,False,46.60000000000002,0.44150522431581224,27.980405831264658,30.043402728623768,808.3203997497843,27.98388888888338,0.9040000000284684,-4.116723872729607,35.45697705814669,-53.259969387900576,514.5612009929971
508112.0,0.1004,-1.0971,10.4844,-0.0229,0.0663,9.8064,-0.0171,-0.4632,0.2475,157.98,-85.9,82.0,52.85687,-1.679164,27.52,4,5.19,23 / 23,4.7158857347639636,-7.508145825678139,-0.04885463498000895,83.76707785811492,293.009962904159,-64.0925377293934,False,46.700000000000045,0.3777305295214291,28.032455201907368,30.07697827928177,811.1336313935974,28.03499999999779,0.7720000000057026,-4.3381552052425345,35.54060102758551,-53.69009957883314,518.1236684894384
508212.0,0.1351,-4.5581,10.8151,-0.0133,0.0517,9.8065,0.0452,0.3959,-0.1471,157.15,-85.43,80.64,52.85687,-1.679164,27.52,4,5.19,23 / 23,4.6888868450207974,-7.28853645386646,0.03545536501996236,84.237316487104,292.270128790182,-64.0932076928914,False,46.80000000000001,0.28719591975576453,28.1274227156876,30.110553829979413,813.946863038117,28.128888888886166,0.5850000000054212,-4.401690925265033,35.41595916955406,-54.12676265712459,521.676734247935
508312.0,0.1739,-1.4444,9.5683,0.0473,0.0679,9.8062,-0.0871,-0.3346,0.2775,162.82,-85.44,87.25,52.85687,-1.679164,27.52,4,5.19,23 / 23,4.655725182337112,-7.055312202474426,0.07396036501997116,84.704547088472,291.5529363573648,-64.0877369063894,False,46.900000000000034,-0.053944360970284266,28.098003772670918,30.10383871980634,816.760094682638,28.098055555555995,359.8899999948939,-4.709669543307396,35.15331597514535,-54.60070836866566,525.2071583252732
508412.0,0.3373,-3.6756,10.95,0.0019,0.0692,9.8064,-0.191,0.4361,-0.2474,166.27,-85.74,87.47,52.85687,-1.679164,27.52,4,5.19,23 / 23,4.65383677372327,-6.862118455070961,0.11921036501995579,85.17002518627486,290.85706482448774,-64.07807836988741,False,47.0,-0.041308321583030355,28.17608083052444,30.097123609672153,819.5844458188758,28.17611111111111,359.916,-4.695145095306301,35.038199285595404,-55.0729015766027,528.7273809943881
508512.0,-1.218,4.5897,8.9492,-0.0268,0.067,9.8063,-0.0934,-0.2372,0.3025,163.27,-85.92,84.65,52.85687,-1.679164,27.52,4,5.19,23 / 24,4.805791034754038,-6.937944175796211,0.13350536501995902,85.64300657669882,290.16706169294423,-64.0654425833854,False,47.10000000000002,-0.21496167417852638,28.248070994940246,30.07697827928439,822.4199164480419,28.248888888884668,359.5640000000204,-5.020752708932564,35.186015170736454,-55.566028297414434,532.2528547550977
508612.0,-1.1197,0.1251,10.2106,-0.0357,0.0438,9.8064,-0.0994,0.4135,-0.207,158.5,-86.02,82.68,52.85687,-1.679164,27.52,4,5.19,23 / 24,5.075140861864018,-7.167530581938469,0.11083036501995386,86.13705317152984,289.46178795505733,-64.05322579688341,False,47.200000000000045,-0.5329951511879569,28.37805065254183,30.023257398252845,825.2665065698394,28.38305555554976,358.92400000002766,-5.608136013051975,35.5455812344803,-56.113795773277,535.8047186147821
508712.0,0.5534,3.032,9.9963,-0.0071,0.0398,9.8065,0.1335,0.039,-0.053,162.85,-86.02,87.65,52.85687,-1.679164,27.52,4,5.19,23 / 24,5.238538456842363,-7.347568676409104,0.14051036501994374,86.65273713746498,288.7360329921402,-64.04065876038142,False,47.30000000000001,-0.6019172264971834,28.171625983332163,29.962821407058787,828.0797382150678,28.1780555555615,358.7760000000043,-5.840455683339546,35.51919465974127,-56.6899157304062,539.3437052229276
508812.0,2.3961,0.6286,10.1462,-0.0326,0.0804,9.8062,0.1049,-0.2764,0.0098,168.75,-85.36,90.79,52.85687,-1.679164,27.52,4,5.19,23 / 24,5.23204094456923,-7.604414437515054,0.16697036501994983,87.17626610753568,287.98843383644385,-64.02528472387942,False,47.400000000000034,-0.7334068638300418,28.405533604773122,29.888955195609753,830.9374478299975,28.41499999999663,358.52100000000365,-5.965447808399272,36.00994804228817,-57.28731091192593,542.9490139935536
508912.0,1.9933,-0.7553,10.6024,0.0225,-0.0849,9.8062,-0.1721,0.8769,-0.4169,164.93,-85.42,90.63,52.85687,-1.679164,27.52,4,5.19,23 / 24,5.1003748923047585,-7.699291628530776,0.22373536501993052,87.6928868993792,287.2232485331418,-64.00574943737743,False,47.5,-0.9670740816243264,28.462464406061706,29.794943653758104,833.7840379510868,28.47888888888889,358.05400000000003,-6.067448973929085,36.161756034592486,-57.8979432456211,546.560789417945
509012.0,-3.2632,3.2489,9.3582,0.0405,-0.0162,9.8065,0.2054,0.0807,-0.079,164.57,-85.36,90.17,52.85687,-1.679164,27.52,4,5.19,23 / 24,5.282439072815096,-7.850014060485216,0.2411003650199345,88.21202759763531,286.4457832486909,-63.982507650875434,False,47.60000000000002,-1.21295013668856,28.395216300571075,29.667356561271127,836.619508580253,28.42111111111446,357.554000000029,-6.4953892095036565,36.245230361056294,-58.544671036364186,550.1737253315621
509112.0,-0.1239,5.6157,11.0388,0.0244,-0.0355,9.8065,0.036,0.5661,-0.3874,166.53,-85.46,92.53,52.85687,-1.679164,27.52,4,5.19,23 / 24,5.641296742757951,-8.28411977168725,0.2802853650199435,88.75821438841409,285.6390765570821,-63.95643836437343,False,47.700000000000045,-1.2890796071608672,28.57482691695352,29.53976946873482,839.4772181951827,28.60388888888099,357.4170000000059,-6.930376349918818,36.85894668864077,-59.21844491967927,553.8381416381005
509212.0,0.1858,-2.1495,9.9173,0.0085,0.0457,9.8065,-0.0272,0.1011,0.0504,172.14,-85.03,94.68,52.85687,-1.679164,27.52,4,5.19,23 / 24,5.772222400715961,-8.505424300823387,0.3474253650199206,89.3288903455876,284.79959935345687,-63.925052827871454,False,47.80000000000001,-1.4278169184469451,28.630530296902645,29.398752155997535,842.3460473025373,28.666111111109302,357.1450000000079,-7.200039319162906,37.135954597726034,-59.93013818959006,557.5464479490804
509312.0,3.1824,-1.4945,10.7643,0.0218,-0.0791,9.8062,-0.1658,0.5825,-0.2484,167.96,-85.13,94.06,52.85687,-1.679164,27.52,4,5.19,23 / 24,5.659864324428119,-8.416287287983346,0.4008403650199328,89.90049468184493,283.95351377401636,-63.88763954136945,False,47.900000000000034,-1.6247111291200755,28.66510448230468,29.237589512844245,845.2148764106014,28.71111111111047,356.7560000000055,-7.284575453548195,37.08139177028803,-60.66290516900069,561.2613626365851
509412.0,0.3283,-0.0398,10.939,0.0188,-0.0142,9.8066,-0.0046,-0.206,0.0641,165.79,-85.57,91.78,52.85687,-1.679164,27.52,4,5.19,23 / 24,5.55801862274265,-8.429801444730963,0.5053403650198972,90.46138882920329,283.11120933738096,-63.842330504867476,False,48.0,-1.732299994513305,28.66770895500736,29.062996649422278,848.0837055179566,28.72,356.542,-7.290318617255955,37.097510399738326,-61.39839217978101,564.9724961805756
509512.0,2.1992,-1.0508,8.2415,0.0251,0.0354,9.8065,-0.1337,-0.0491,0.2003,169.42,-85.41,92.37,52.85687,-1.679164,27.52,4,5.19,21 / 21,5.508954419850794,-8.452819628327413,0.4837003650198924,91.01473748133309,282.26707828372787,-63.79287846836547,False,48.10000000000002,-1.8798752230040663,28.750551504543004,28.87497356574532,850.9636541175294,28.81194444443911,356.25900000001644,-7.38882964285486,37.203371132870416,-62.139763915587764,568.6965758338015
509620.0,-1.6958,3.4361,9.8376,-0.0017,-0.0426,9.8065,0.0332,0.2863,-0.2205,167.48,-85.55,93.69,52.85687,-1.679164,27.52,4,5.19,21 / 21,5.6024859765322015,-8.638066303881569,0.40085356501988934,91.61475526273779,281.3441704433886,-63.745112556143326,False,48.20800000000003,-2.1062209683045983,28.69481991496229,28.648540052108938,854.0628791135757,28.772066666662347,355.8020800000169,-7.7087069448368,37.33288621884386,-62.966215210628846,572.7187086701872
509711.0,1.2723,0.368,10.1721,-0.0136,0.0549,9.8065,-0.1023,0.5116,-0.26,171.75,-85.25,95.08,52.85687,-1.679164,27.52,4,5.19,21 / 21,5.732497996447772,-8.849179613580247,0.41888976501989106,92.13049703350842,280.548500754144,-63.70781423462651,False,48.299000000000035,-2.295375503728105,28.773672154076745,28.440774544629942,856.6836323393773,28.865088888885936,355.43899000001153,-8.027873500175877,37.622851767657,-63.68972248887847,576.1351315852332
509812.0,-0.9082,3.3811,9.3919,0.0065,-0.0451,9.8065,-0.0994,0.3002,-0.2297,171.27,-85.36,94.55,52.85687,-1.679164,27.52,4,5.19,21 / 21,5.824990313375937,-9.097253656033722,0.41640011501989116,92.71415019315451,279.6422058740285,-63.6656320956845,False,48.400000000000034,-2.488568746099688,28.72741287683179,28.18331722218008,859.5923804251568,28.835000000000438,355.04900000000555,-8.313559059475626,37.82466653286551,-64.53083297097443,579.9501745511283
509912.0,-0.1737,-0.4392,10.922,-0.0132,0.0085,9.8066,-0.0266,0.1044,0.0311,170.37,-85.28,93.5,52.85687,-1.679164,27.52,4,5.19,21 / 21,5.982463978585649,-9.291445099552849,0.4514301150198793,93.30452290775239,278.7227709362495,-63.62224058418253,False,48.5,-2.671433492759988,28.824527117392417,27.921427927066965,862.4723290256449,28.948055555555552,354.705,-8.653897471345637,38.115972216945266,-65.38309498068543,583.7495580893954
510012.0,-1.292,-1.5465,9.7144,0.0144,0.0054,9.8066,-0.0035,0.0454,-0.0112,170.14,-85.27,94.07,52.85687,-1.679164,27.52,4,5.19,21 / 21,5.202306656714993,-7.851770605173482,0.4271973477669073,93.86376143951755,277.865610151013,-63.57830921104318,False,48.60000000000002,-2.737341994505546,28.909583648092287,27.6461084116652,865.3633971176426,29.038888888883626,354.5910000000066,-7.939648651220539,36.76135425326577,-66.21765302785235,587.4977869666296
510113.0,-2.04,0.5776,9.2333,0.0188,0.0279,9.8065,-0.0304,0.079,0.1194,171.21,-85.19,94.37,52.85687,-1.679164,27.52,4,5.19,21 / 21,5.4424895371009,-7.834187494890468,0.39358454776690766,94.40132364730525,277.0734692669598,-63.53685972531872,False,48.70100000000002,-2.910614400021936,28.895820775373988,27.354336876444098,868.2833758914935,29.04204444444401,354.2481200000124,-8.353103937122835,36.730008270264456,-67.04698677086115,591.2099066245337
510212.0,1.2061,2.969,10.3106,-0.0024,-0.0271,9.8066,0.103,0.2243,-0.2042,173.88,-85.04,97.58,52.85687,-1.679164,27.52,4,5.19,21 / 21,5.582423216067595,-8.058429563721878,0.3901492477669081,94.94705682858704,276.2867847225586,-63.4980649024398,False,48.80000000000001,-3.0554126260289625,28.890827777822008,27.055178720098084,871.145533304179,29.051944444444153,353.9630000000084,-8.637835842096557,36.949257341543884,-67.89187810848895,594.8587485816204
510312.0,1.1446,2.0381,10.2748,0.0208,0.0271,9.8066,0.0061,0.4436,-0.2187,175.38,-84.95,99.37,52.85687,-1.679164,27.52,4,5.19,21 / 21,5.56751507288479,-8.381058911442107,0.4387542477669193,95.50455374303478,275.4648102988002,-63.4566197276631,False,48.900000000000034,-3.0946163818937285,28.957054368049345,26.746283654045573,874.0366013970944,29.12194444444345,353.9000000000009,-8.662131454778518,37.33811327949145,-68.7582700889892,598.5717910982942
510412.0,0.9016,8.0569,9.8418,0.0314,-0.0915,9.8062,-0.1507,0.8266,-0.4689,176.09,-85.27,101.23,52.85687,-1.679164,27.52,4,5.19,21 / 21,5.578023491411273,-8.956134491681391,0.4639192477669108,96.0618306712494,274.59795062864436,-63.411486052886424,False,49.0,-3.5344794893891356,28.92793013427136,26.38366770693364,876.9387889824336,29.143055555555556,353.034,-9.112502980800409,37.88406462595275,-69.67816296431576,602.3408383537892
510513.0,-2.6975,-1.3901,9.0815,0.0217,-0.0188,9.8065,-0.1063,-0.4144,0.3715,175.24,-85.03,99.21,52.85687,-1.679164,27.52,4,5.19,21 / 22,5.76796800206825,-9.34835791902947,0.4290742477669111,96.63480324167011,273.67357376190347,-63.36638988136197,False,49.101,-3.587420451681734,28.913028381949342,26.024073559409356,879.8588789509836,29.134738888883955,352.9271100000168,-9.355388453749985,38.26138630097881,-70.61072968226075,606.18530518908
510612.0,0.8403,-3.4258,10.5137,0.009,-0.0631,9.8064,-0.1493,0.3746,-0.0901,170.68,-85.22,93.81,52.85687,-1.679164,27.52,4,5.19,21 / 22,5.905809331515844,-9.167570671184562,0.42817829776691074,97.2126552196828,272.75703529668743,-63.32395588035802,False,49.200000000000045,-3.74252880993935,28.978215024528218,25.658435812747864,882.7320446597716,29.218888888885214,352.6410000000125,-9.648338141455193,38.14578569571278,-71.55421940693493,609.9750093630842
510712.0,-2.6025,1.3518,10.5609,0.0366,-0.0422,9.8064,0.0574,0.0861,-0.0713,169.25,-85.17,92.95,52.85687,-1.679164,27.52,4,5.19,21 / 22,6.059938062388329,-9.103335955784729,0.5012432977668859,97.8109425893778,271.8434899653393,-63.27748480058135,False,49.30000000000001,-3.9553555876190716,29.021703295557423,25.255529204831493,885.6453517382436,29.28999999999794,352.2390000000117,-10.0152936500074,38.12503925134215,-72.55541338454631,613.8018617729042
510812.0,3.4466,-2.3897,8.5048,0.035,0.0365,9.8065,0.1719,0.5044,-0.3764,170.21,-85.08,93.18,52.85687,-1.679164,27.52,4,5.19,21 / 22,6.093361852051083,-9.112545348179523,0.47386329776687974,98.4186075850999,270.93269590014086,-63.22872947080465,False,49.400000000000034,-4.050251628090878,29.106493528591354,24.85262259692679,888.5586588167176,29.386944444443067,352.0780000000023,-10.143613480141962,38.21903887677088,-73.56598498817311,617.6259629165768
510912.0,-1.4104,-0.5241,10.7624,0.0121,-0.053,9.8064,-0.0619,0.3785,-0.1552,173.11,-85.11,97.59,52.85687,-1.679164,27.52,4,5.19,21 / 22,6.051264093388192,-9.047897766380984,0.45655829776688567,99.02583888237166,270.0246737444131,-63.18220839102798,False,49.5,-4.191773184573522,29.12489764049121,24.43628576875413,891.4719658944827,29.425,351.81,-10.243037277961715,38.1727954068722,-74.58955311361753,621.4472921500695
511012.0,-0.0011,0.8636,9.8298,0.0107,0.0081,9.8066,-0.0181,0.0385,-0.1262,177.27,-84.8,102.6,52.85687,-1.679164,27.52,4,5.19,21 / 22,6.197647285173813,-9.11968694003823,0.5055032977668968,99.6382844512999,269.116294509092,-63.134105311251275,False,49.60000000000002,-4.430027234052601,29.171654934310915,23.993088500103216,894.3963924651696,29.506111111106406,351.3650000000258,-10.627674519226414,38.29134187434914,-75.64519595119668,625.2800979560776
511112.0,-0.5037,-0.7876,9.6372,0.0291,-0.013,9.8065,0.0676,0.0996,0.0258,179.35,-84.69,105.15,52.85687,-1.679164,27.52,4,5.19,21 / 22,6.29838547088234,-9.190441120869107,0.49818829776689527,100.26308608910284,268.2007881060464,-63.08392073147458,False,49.700000000000045,-4.591465009955428,29.10112569925265,23.52974590103199,897.3096995436442,29.461111111113055,351.0340000000143,-10.889850480837769,38.29156682012176,-76.73334018807085,629.1089114375978
511212.0,1.1571,3.8292,10.4249,0.0072,0.0232,9.8066,-0.0414,-0.231,0.2841,178.68,-84.68,105.46,52.85687,-1.679164,27.52,4,5.19,21 / 22,6.3427602166091965,-9.411723022487383,0.5206282977668877,100.8951433734772,267.2706798988789,-63.03297990169791,False,49.80000000000001,-4.789330884857351,29.13509133366357,23.046257971544822,900.2230066207019,29.526111111109227,350.6650000000107,-11.132091101466546,38.54681435615095,-77.84888540193238,632.952326721823
511311.0,1.8982,0.8424,10.3178,0.007,0.0635,9.8064,0.0159,0.2053,-0.0651,180.11,-84.48,106.08,52.85687,-1.679164,27.52,4,5.19,21 / 22,6.26770738838933,-9.712051112414887,0.5765335977668818,101.51936151992456,266.3240530792013,-62.97867038786899,False,49.899,-4.981856175420447,29.235300619739903,22.55430900329946,903.1181889258912,29.656736111109172,350.329390000005,-11.249563563809776,38.947351732154786,-78.9650525166251,636.7941358466899
511412.0,-4.4895,2.2913,8.5197,-0.0034,0.0797,9.8063,0.1225,-0.2278,0.102,178.05,-84.34,104.65,52.85687,-1.679164,27.52,4,5.19,21 / 22,6.4760016251897845,-9.931296028754124,0.5373556977668823,102.1629188251103,265.33206404857225,-62.92241897844453,False,50.0,-5.216508732704955,29.170293419851895,22.02556123153577,906.0718597632066,29.633055555555554,349.861,-11.69251035789474,39.10158944860602,-80.13735759357452,640.7397957146343
511512.0,2.188,2.5535,8.2876,-0.0469,0.0172,9.8065,0.0832,0.0924,-0.245,174.43,-84.57,100.13,52.85687,-1.679164,27.52,4,5.19,19 / 21,6.684000654400289,-10.240401665264853,0.39705569776685046,102.82091893908995,264.32347916387107,-62.87569840866784,False,50.10000000000002,-5.265990372288405,29.196966723383724,21.50178264130711,908.9851668407613,29.66805555555353,349.77600000000496,-11.949991026688693,39.43736838864858,-81.31913629778285,644.6616876768902
511612.0,1.6523,1.5458,9.2822,-0.0322,-0.0177,9.8065,-0.0342,0.0406,-0.0151,171.17,-85.0,96.22,52.85687,-1.679164,27.52,4,5.19,19 / 21,5.608069128864546,-8.947964325809743,0.25064859310180315,103.43552242825334,263.36406086431714,-62.8433131941244,False,50.200000000000045,-5.515999080290055,29.285043181561083,20.94442850038467,911.9095934123677,29.799999999994302,349.3330000000192,-11.1240682091546,38.23300750737083,-82.49109392786866,648.5455325480506
511712.0,-2.5632,-0.245,8.9476,-0.012,-0.0447,9.8065,-0.0727,-0.2244,0.1781,167.57,-85.4,91.04,52.85687,-1.679164,27.52,4,5.19,19 / 21,5.7442382619304855,-9.052442039127008,0.18147359310182676,104.00313779779289,262.46404054607063,-62.82170708481422,False,50.30000000000001,-5.696469879186133,29.215947727133464,20.37364413920616,914.8229004901332,29.766111111112096,348.9670000000106,-11.44070814111662,38.26838976626047,-83.62949365858672,652.3588599440625
511812.0,0.6067,-0.9445,9.3839,-0.0287,-0.0632,9.8063,-0.13,-0.252,0.1889,161.57,-85.47,84.72,52.85687,-1.679164,27.52,4,5.19,19 / 21,5.910700164978642,-9.025436265283169,0.11738359310181225,104.58588471913848,261.56014663084994,-62.80676422550403,False,50.400000000000034,-5.827566287958802,29.16147148867454,19.79614466786604,917.7362075678999,29.738055555555952,348.6990000000038,-11.738266452937443,38.18690775395771,-84.78974005127243,656.1760609370499
511912.0,0.5131,-6.5921,10.1919,-0.0046,0.0346,9.8066,-0.0253,-0.6766,0.4748,162.72,-85.01,84.97,52.85687,-1.679164,27.52,4,5.19,19 / 21,5.834300066678372,-8.727178546965845,0.115508593101813,105.17313473072113,260.6725158902378,-62.79511961619386,False,50.5,-6.072194946541628,29.213661322532204,19.185069645882294,920.6606341380904,29.838055555555556,348.25800000000004,-11.906495013219999,37.94083986949805,-85.98806508483884,659.9881182478525
512012.0,-0.7026,0.823,10.5371,0.0244,-0.0929,9.8061,-0.0306,0.1018,0.0022,161.49,-85.22,84.52,52.85687,-1.679164,27.52,4,5.19,19 / 21,5.848015741342392,-8.491938954714975,0.17129359310179407,105.75725052112197,259.81156001515404,-62.78077950688368,False,50.599999999999966,-6.221734596630559,29.298617622880712,18.560564403688478,923.5961802019078,29.951944444437775,348.01100000001446,-12.069750337972952,37.79055657759569,-87.1966861174335,663.7846201867537
512112.0,0.1539,1.5995,8.9493,0.0218,-0.0133,9.8066,-0.1169,-0.1707,0.1407,158.79,-84.81,84.92,52.85687,-1.679164,27.52,4,5.19,19 / 21,6.0073309110291495,-8.638036337504387,0.16494859310179266,106.35001785374068,258.9550612505429,-62.7639673975735,False,50.69999999999999,-6.359721502623853,29.23941169363711,17.922628941194613,926.5206067721008,29.923055555556818,347.7290000000124,-12.367052413653003,37.8774480311415,-88.42738891254606,667.5655455215579
512212.0,0.2519,-3.9116,10.2947,0.0074,-0.0551,9.8064,-0.0919,0.2933,-0.1523,161.15,-84.59,83.57,52.85687,-1.679164,27.52,4,5.19,19 / 21,6.045286643650534,-8.574975908968979,0.14648359310178852,106.9526487314748,258.094410638219,-62.748395788263316,False,50.80000000000001,-6.495168836122126,29.08155595360156,17.277978368526025,929.4005553732999,29.798055555559177,347.4100000000093,-12.54045547977266,37.65653186257054,-89.67467036294877,671.3061447350808
512312.0,-1.6727,0.5849,9.4766,0.0611,-0.0562,9.8063,0.1033,-0.1026,0.0696,160.71,-84.86,84.24,52.85687,-1.679164,27.52,4,5.19,19 / 21,6.149408060154078,-8.436081021872786,0.15438359310179037,107.56238346666517,257.24385779167676,-62.73335242895313,False,50.900000000000034,-6.746262481447614,29.12385564329231,16.606467355374544,932.3138624510656,29.89499999999862,346.95800000000645,-12.895670541601692,37.5599366651651,-90.95591611129062,675.0700046593888
512412.0,4.1018,-2.0847,10.0994,0.0008,0.0049,9.8066,-0.1242,0.5661,-0.1336,159.17,-84.59,86.4,52.85687,-1.679164,27.52,4,5.19,19 / 21,6.1005956142275135,-8.452138924590521,0.15251859310178995,108.17488365038439,256.3994467943534,-62.71800731964295,False,51.00000000000006,-6.927387320107423,29.216068410619556,15.91481101180664,935.2382890219651,30.02611111111106,346.66099999999983,-13.027982934334936,37.66820733521008,-92.26007263857775,678.8388422276116
512512.0,-0.5312,-5.1669,10.5696,0.0485,-0.0269,9.8064,-0.0292,0.8374,-0.2325,157.3,-85.0,88.62,52.85687,-1.679164,27.52,4,5.19,20 / 21,5.889151079816363,-8.216902509344274,0.20530359310174193,108.77437098508604,255.56599472265745,-62.70011621033279,False,51.099999999999966,-7.043202226205137,29.099774954474817,15.209724448035525,938.1515960995165,29.940000000005043,346.39400000001564,-12.9323533060215,37.31667746381909,-93.5646465370505,682.585601376859
512612.0,-0.3064,-3.5545,11.3398,-0.0257,0.1031,9.8061,0.0681,-0.3776,0.3835,158.04,-84.9,91.64,52.85687,-1.679164,27.52,4,5.19,20 / 21,5.854582997298454,-7.834689910169577,0.3201085931017681,109.36155768894191,254.76341510168157,-62.673845601022606,False,51.19999999999999,-7.400007706217793,29.150394696256804,14.464347223436205,941.0649031772831,30.07499999999409,345.7560000000279,-13.254590703516246,36.98508460642638,-94.89721046550571,686.3014880756016
512712.0,5.7095,-2.6482,11.7122,-0.0458,0.1225,9.8057,0.1282,0.3932,-0.2887,157.31,-84.93,93.74,52.85687,-1.679164,27.52,4,5.19,20 / 21,5.580748745281549,-7.689026579687355,0.49204359310180723,109.93332427607105,253.98722927718856,-62.63323799171242,False,51.30000000000001,-7.3887688260969195,29.215138545527964,13.72568510892838,943.9893297495969,30.13499999999826,345.80699999999854,-12.969517571378468,36.90416512521532,-96.20763916714267,690.0021004724083
512812.0,-3.9175,2.1814,6.9883,0.0089,0.0624,9.8064,0.4952,-0.2265,-0.0843,177.84,-85.27,95.45,52.85687,-1.679164,27.52,4,5.19,20 / 21,5.549919906397348,-7.830113620117005,0.4464035931017969,110.48985770865512,253.21127226719815,-62.586315632402226,False,51.400000000000034,-7.624858462132005,28.99618123309234,12.960162553924905,946.8915173342313,29.98194444444662,345.26700000000767,-13.174778368529353,36.82629485320935,-97.52969515473022,693.6802450670331
512912.0,0.6713,1.7209,8.7654,-0.0701,0.036,9.8063,-0.0195,0.2536,-0.2349,207.36,-85.04,95.07,52.85687,-1.679164,27.52,4,5.19,20 / 21,5.733600563637211,-8.073422421259021,0.25342359310175305,111.05403373215698,252.41609546512916,-62.55132427309204,False,51.50000000000006,-7.769017094088972,29.002465384717922,12.181209778652446,949.7937049195724,30.025000000000134,345.0039999999998,-13.502617657726184,37.07588780597695,-98.87282395350454,697.3776094544432
513012.0,2.7775,2.9733,10.237,0.0288,0.0462,9.8064,0.0603,-0.3156,0.2541,202.24,-84.57,95.57,52.85687,-1.679164,27.52,4,5.19,20 / 21,5.515522960443671,-8.312564036471368,0.22287859310178088,111.6164899083605,251.5967961422434,-62.527509163781886,False,51.599999999999966,-8.032974898037814,29.177454409959932,11.38211167304963,952.7181314902559,30.26305555554162,344.6070000000233,-13.548497858481486,37.4900184464313,-100.23437823531087,701.1213353480125
513111.0,-3.3627,-2.5747,10.121,0.0667,0.0852,9.806,0.1801,0.0038,0.0076,197.17,-84.2,98.6,52.85687,-1.679164,27.52,4,5.19,20 / 21,5.572991690608151,-8.412765630982292,0.25974124310179825,112.16537138358782,250.76889232370405,-62.5036194818898,False,51.69900000000001,-8.291212350734888,29.002157856258556,10.557764753281896,955.5692806040438,30.164055555559923,344.0456700000248,-13.86420404134304,37.41492348724085,-101.60760663030592,704.8003882803398
513211.0,-2.5607,2.5177,10.3288,0.0674,-0.0001,9.8064,0.0937,0.2719,-0.1734,185.84,-84.08,105.32,52.85687,-1.679164,27.52,4,5.19,20 / 21,5.942510947042299,-8.559652243558915,0.3015662431018078,112.74114651547048,249.9202714299768,-62.47555410757961,False,51.799000000000035,-8.302286415043781,29.15954833123025,9.731739055981626,958.4932623945301,30.31843055555102,344.107319999998,-14.24479736208608,37.71920057478917,-103.00940745948886,708.5729909645534
513311.0,4.2571,0.0779,9.4592,0.0234,-0.0034,9.8066,0.0291,-0.1784,0.0971,193.04,-84.28,106.81,52.85687,-1.679164,27.52,4,5.19,20 / 21,5.9082310397632725,-8.733820950219839,0.3103012431018098,113.3336836148109,249.05559777028765,-62.444960733269426,False,51.89900000000006,-8.567344442882378,29.050280782960698,8.872540714632917,961.4066806693221,30.287275000000466,343.5684500000077,-14.47557548264565,37.784101733180535,-104.46114290017798,712.3510828990345
513411.0,-3.9284,-2.736,9.6403,0.0183,-0.0295,9.8065,0.0067,0.0927,-0.0853,195.13,-84.18,109.2,52.85687,-1.679164,27.52,4,5.19,20 / 21,5.978117367820314,-8.693640653312169,0.28461124310183317,113.92800103518954,248.18422469011185,-62.41521510895927,False,51.99899999999997,-8.675936655723138,29.100356958927595,8.006358658758113,964.3089794496055,30.366144444444405,343.39866000000006,-14.654054023543452,37.793997612239764,-105.92164237643142,716.1247547594937
513512.0,-2.2127,-4.1011,9.191,0.0403,0.0163,9.8065,-0.022,-0.1982,0.2797,174.19,-83.81,112.73,52.85687,-1.679164,27.52,4,5.19,22 / 24,6.361445416125451,-8.469238355518721,0.2451202431018336,114.5511489557788,247.3174993001659,-62.38846366890599,False,52.099999999999966,-8.869714890789375,28.998858300909976,7.111301629373384,967.2290694167486,30.325000000002454,342.9930000000237,-15.231160306914827,37.4680966564287,-107.43984732640541,719.9115701165828
513612.0,0.4892,3.0612,9.7865,0.0484,-0.0142,9.8065,0.1302,-0.1396,0.0862,169.46,-83.5,115.03,52.85687,-1.679164,27.52,4,5.19,22 / 24,6.53566645537662,-8.467461754674842,0.2133302431018265,115.19600454935404,246.47066429465605,-62.3655411445958,False,52.19999999999999,-9.079040629345172,29.135114886945175,6.204761761605665,970.1423764952212,30.516944444436042,342.69200000001314,-15.614707084721793,37.60257664162002,-108.99124278774838,723.6717122005653
513712.0,-3.5302,-0.3921,12.1551,0.0166,0.0316,9.8065,0.1291,-0.2061,0.1363,174.71,-83.07,116.3,52.85687,-1.679164,27.52,4,5.19,22 / 24,6.794247087530605,-8.645446370473334,0.329745243101853,115.86250022649956,245.61501888839845,-62.33838737028561,False,52.30000000000001,-9.25976614643194,28.939677881994882,5.278076563448421,973.0223250957125,30.385000000003824,342.25700000001257,-16.054013233962543,37.58512425246822,-110.58442366305114,727.407306207314
513812.0,-3.1784,-1.8065,8.4959,-0.0267,-0.0674,9.8063,0.1096,0.4775,-0.2914,196.28,-83.26,117.87,52.85687,-1.679164,27.52,4,5.19,22 / 24,7.209824472120789,-8.642170352349119,0.38163024310186483,116.5627038044823,244.75063805225713,-62.30281859597542,False,52.400000000000034,-9.48618200901263,28.954542666311767,4.324530924740955,975.9245126817602,30.468888888887694,341.86000000000564,-16.69600648113342,37.596713018660886,-112.23817287974134,731.1738746295031
513912.0,0.4718,5.7404,8.4002,0.0028,-0.0809,9.8063,0.0003,0.1253,-0.0932,198.0,-83.25,119.89,52.85687,-1.679164,27.52,4,5.19,22 / 24,7.324783405901029,-8.953241018437128,0.245770243101834,117.28943419838355,243.87086748371763,-62.271448571665225,False,52.50000000000006,-9.779200435484404,28.889742796408186,3.344124845509672,978.8044612808355,30.499999999999954,341.299,-17.103983841385432,37.84298381484531,-113.94530935287388,734.933593797118
514012.0,1.3888,-4.3518,10.0401,-0.0004,-0.0001,9.8066,-0.0405,0.7229,-0.3999,194.82,-83.02,120.61,52.85687,-1.679164,27.52,4,5.19,22 / 24,7.251497387997927,-9.077706232592966,0.18712024310188743,118.01824823807783,242.96932012116696,-62.249804047355056,False,52.599999999999966,-9.809104452933887,28.79099312207184,2.3637187663504555,981.6844098818199,30.41611111111602,341.1860000000066,-17.060601840931813,37.868699354664805,-115.65452947172737,738.715089760653
514111.0,-1.1854,3.0564,10.7808,0.035,-0.0589,9.8064,-0.0786,0.4684,-0.1417,189.51,-82.91,123.02,52.85687,-1.679164,27.52,4,5.19,22 / 24,7.328032893562452,-9.092901649931035,0.2468964431019155,118.7399349870154,242.0698750309816,-62.22832022138796,False,52.69900000000001,-9.867383190740764,28.90477190740761,1.3931167479373032,984.5465672931059,30.54261111110553,341.1513500000015,-17.195416084303215,37.99767355733864,-117.3468182390781,742.4766922621243
514211.0,-1.7007,-2.775,11.5779,-0.0131,0.0194,9.8066,-0.0096,0.1413,-0.0817,193.17,-82.44,123.6,52.85687,-1.679164,27.52,4,5.19,22 / 24,7.532447625547303,-9.219875170220153,0.3841664431019467,119.48295901297107,241.15423618997383,-62.19676707707776,False,52.799000000000035,-10.122905153009011,28.888148872934675,0.37947087354311493,987.4376353860142,30.610438888886947,340.68867000001353,-17.655352778556313,38.10802404315483,-119.10348813942795,746.2833991960404
514311.0,-4.2509,2.4936,13.2971,-0.0023,0.0089,9.8066,0.1739,0.23,-0.373,193.43,-82.37,124.16,52.85687,-1.679164,27.52,4,5.19,22 / 24,7.878614008255329,-9.358909172462747,0.6472514431020066,120.25351209466137,240.2252969728395,-62.14519618276755,False,52.89900000000006,-10.254733317993594,28.771694379515377,-0.6411587153657385,990.3066868832271,30.54456111111206,340.3830400000043,-18.133347326248924,38.130603551978126,-120.89467081002711,750.0813899103877
514412.0,4.9445,-3.8646,10.8249,-0.0168,0.156,9.8053,0.2046,-0.7637,0.1673,190.37,-81.71,122.1,52.85687,-1.679164,27.52,4,5.19,22 / 24,7.90423751179303,-9.377908935792076,0.8749407931020046,121.05054609642382,239.27908765837262,-62.06832547483925,False,53.00000000000006,-10.35324596686215,28.918675276363768,-1.6854926430305666,993.226443267215,30.71611111111106,340.30199999999985,-18.257483478655182,38.29658421215584,-122.73603873945439,753.9473556088424
514512.0,-7.9822,12.2221,9.5437,0.0259,-0.1041,9.806,-0.341,1.7159,-1.0234,188.49,-82.61,123.97,52.859196,-1.679777,30.81,4,336.62,24 / 24,8.059874603015466,-9.886944108837577,0.9127057931019702,121.84875170216351,238.315845006142,-61.97894314552913,False,53.099999999999966,-10.46791621741232,28.7869362379322,-2.7263347133663505,996.1063918667846,30.631111111116088,340.0170000000167,-18.527790820427786,38.67388034676978,-124.57508641552987,757.7905468606426
514612.0,-0.1979,2.6059,8.9164,-0.085,0.1394,9.8052,0.0217,0.3815,-0.3604,194.91,-82.99,125.91,52.859196,-1.679777,30.81,4,336.62,24 / 24,8.396645828287253,-10.761184992494474,0.855045793101957,122.67157772372883,237.28343855107516,-61.890555566218914,False,53.19999999999999,-10.623280121794183,28.803401178571022,-3.787322114153749,998.9863404672743,30.699999999996983,339.7550000000115,-19.019925950081436,39.5645861710655,-126.45889983788258,761.7029019161992
514712.0,-3.2951,8.3968,9.1381,-0.0398,0.0062,9.8065,-0.2533,1.094,-0.4545,193.0,-82.54,122.15,52.859196,-1.679777,30.81,4,336.62,24 / 24,8.491779029951982,-11.420505002326795,0.7771057931019394,123.51599896664098,236.17435405133384,-61.8089479869087,False,53.30000000000001,-11.003552572596073,28.605527803305023,-4.888600175759066,1001.8440500814991,30.64888888889037,338.960000000023,-19.495331602548056,40.026032805631814,-128.40459914240006,765.6696960301653
514812.0,-0.4533,-1.2864,9.6535,-0.0822,0.0941,9.8058,-0.2516,0.7782,-0.53,188.21,-82.27,118.74,52.859196,-1.679777,30.81,4,336.62,24 / 24,8.647310997609265,-11.887644535527482,0.73602079310193,124.37295346801923,235.00894657444087,-61.733291657598485,False,53.400000000000034,-11.161075934385092,28.620775391083093,-6.003308457620794,1004.7128791895628,30.71999999999899,338.6960000000038,-19.808386931994356,40.50841992661057,-130.37626192564002,769.703932615122
514912.0,1.9036,-6.4952,10.2084,-0.0503,0.0776,9.8061,-0.0977,0.848,-0.5903,192.14,-82.67,118.94,52.859196,-1.679777,30.81,4,336.62,24 / 24,8.712626145433884,-11.570715863794646,0.7484507931019329,125.24095032517158,233.8360285544745,-61.65906807828828,False,53.50000000000006,-11.13034369551252,28.654197759137556,-7.111301629348834,1007.570588804494,30.739999999999984,338.7719999999997,-19.842969840946402,40.224913622932206,-132.35225195452043,773.7345602500195
515011.0,-0.1494,-5.0292,10.376,-0.0366,0.0998,9.806,-0.1003,0.7774,-0.4193,188.38,-82.65,118.8,52.859196,-1.679777,30.81,4,336.62,24 / 24,8.789467507388046,-11.071656496852276,0.7965202431019002,126.10730396098567,232.71523112262324,-61.58259201199624,False,53.59899999999999,-11.369925925520638,28.536581586867403,-8.24145466440083,1010.3887130248667,30.718275000001263,338.2760100000289,-20.159393432908686,39.60823808371968,-134.3487586253865,777.6734819022435
515112.0,2.8855,0.5393,10.3696,-0.0111,0.0606,9.8064,0.0441,0.3577,-0.2458,189.73,-82.83,120.65,52.859196,-1.679777,30.81,4,336.62,24 / 24,8.746376372442136,-10.90440049578681,0.8537013931018997,126.99286407691709,231.605440244495,-61.49925581936795,False,53.69999999999999,-11.567282808726056,28.461128559325775,-9.4078692942898,1013.2637690478799,30.721944444444276,337.882000000017,-20.31365918116819,39.36552905511259,-136.40073337120688,781.658328803385
515211.0,-4.5431,4.2377,10.9984,0.0194,0.0336,9.8065,0.0325,0.6336,-0.2891,193.01,-82.56,122.33,52.859196,-1.679777,30.81,4,336.62,24 / 24,8.829167021046938,-11.242983131030824,0.9405590431019405,127.8628534748952,230.509144754967,-61.41043992777582,False,53.799000000000035,-11.729370046001838,28.460156989822664,-10.564614165556144,1016.081893269161,30.782444444442678,337.6018300000082,-20.558537067048775,39.70314012085349,-138.42746764045134,785.572748514194
515311.0,-2.1608,-2.3385,10.3843,0.0114,0.0761,9.8063,0.1076,-0.0679,0.0942,192.2,-82.15,124.82,52.859196,-1.679777,30.81,4,336.62,24 / 24,9.188095710591988,-11.492575470593716,1.0290290431019606,128.76371661147735,229.37236682488552,-61.3119605234656,False,53.89900000000006,-11.998107105918239,28.417235852243895,-11.766283123628254,1018.9284833909662,30.846305555554654,337.109940000007,-21.186202816510225,39.90981132283761,-140.5299997351056,789.5561165660807
515411.0,-1.1097,1.0886,10.0068,0.0256,0.0409,9.8065,0.0234,-0.1081,0.058,194.81,-81.97,128.64,52.859196,-1.679777,30.81,4,336.62,24 / 24,9.411798374636899,-11.552222652335043,1.0679190431019254,129.69371131573794,228.22012691874014,-61.2071131191555,False,53.99899999999997,-12.105346573345702,28.341326344454913,-12.974935796239556,1021.7530569177585,30.818344444444456,336.87136000000015,-21.5171449479826,39.89354899678996,-142.6686471119775,793.5329299990184
515512.0,-0.3291,-1.0009,8.6651,0.002,0.0444,9.8065,0.0753,0.1229,-0.0897,193.06,-81.83,128.77,52.859196,-1.679777,30.81,4,336.62,23 / 23,9.533104468763508,-11.659767750302827,1.020378343101926,130.65042890932966,227.04792140340695,-61.10165410115221,False,54.099999999999966,-12.237751558314592,28.22839540683604,-14.209173038343277,1024.6056515658688,30.766944444447432,336.5620000000179,-21.7708560270781,39.88816315713886,-144.85960194767293,797.5577301624619
515612.0,-0.49,3.994,9.0879,-0.0051,-0.0055,9.8066,0.0326,-0.362,0.2149,196.21,-81.88,127.69,52.859196,-1.679777,30.81,4,336.62,23 / 23,9.580206478608348,-11.898663168226273,0.9273633431019049,131.6060944566985,225.86999985748022,-61.00426701684199,False,54.19999999999999,-12.460629535872897,28.142875037042035,-15.451468412713822,1027.418883209683,30.778055555555067,336.1180000000195,-22.040836014481243,40.04153820526831,-147.05756286941232,801.5488833522027
515712.0,-2.3383,-5.9894,9.9725,-0.0291,0.0021,9.8065,-0.0095,-0.3988,0.3962,196.83,-82.01,126.38,52.859196,-1.679777,30.81,4,336.62,23 / 23,9.795767141238764,-11.931493833525792,0.8997183431018987,132.57489313769105,224.67849200739235,-60.91291293253178,False,54.30000000000001,-12.611516784364131,28.17756457950372,-16.713909117460545,1030.2321148534968,30.871111111108412,335.8880000000067,-22.407283925602897,40.109058413029516,-149.2888022551516,805.5536228461044
515812.0,0.3313,0.4434,10.016,-0.0041,-0.0929,9.8062,-0.1249,0.0589,0.0304,194.96,-81.96,125.9,52.859196,-1.679777,30.81,4,336.62,23 / 23,10.022763565106317,-11.782314833222426,0.918478343101903,133.56581967300852,223.49280157405468,-60.82200309822157,False,54.400000000000034,-12.67986609664593,28.179774017410736,-17.976349822194802,1033.0564659911506,30.901111111110684,335.7740000000016,-22.702629661752248,39.962088850633165,-151.54216949520332,809.5636644170959
515912.0,0.9165,-2.9872,10.0698,-0.0107,0.0009,9.8066,-0.0786,-0.3614,0.247,195.36,-82.34,125.92,52.859196,-1.679777,30.81,4,336.62,23 / 23,10.04763262351551,-11.72912598126243,0.9421033431019085,134.56933948243983,222.31722953333016,-60.72897401391136,False,54.50000000000006,-12.948171708040812,28.112561755048876,-19.272366077612904,1035.8585781425393,30.951111111111103,335.26999999999964,-22.99580433155632,39.84168773631131,-153.84170556005273,813.5413486092091
516013.0,-0.9476,0.6425,9.4382,-0.0036,-0.061,9.8064,0.0272,-0.2923,0.1469,195.01,-82.84,125.08,52.859196,-1.679777,30.81,4,336.62,23 / 23,10.13247438062275,-11.701846841565457,0.9367856931019086,135.5884348861488,221.13396540577736,-60.63409011758307,False,54.601000000000056,-13.246806746693798,27.962370395021214,-20.6085386915187,1038.688600220313,30.94143055555372,334.65136000000945,-23.379281127316546,39.66421723658667,-156.1969735776675,817.5546348145356
516111.0,-3.3217,2.6274,9.7467,0.0164,-0.0539,9.8065,0.0855,-0.3525,0.2021,194.65,-82.92,124.26,52.859196,-1.679777,30.81,4,336.62,23 / 23,10.344760044064031,-11.993827598471128,0.9157940931019181,136.591819372958,219.9728773582161,-60.543313708059124,False,54.69900000000001,-13.338673589131252,27.9533556368374,-21.91153866147248,1041.4237730260945,30.972736111109715,334.4906400000072,-23.683433633195285,39.94718323530853,-158.5033580344305,821.4508956678784
516212.0,-5.8783,4.3006,9.6469,0.0604,-0.064,9.8062,0.0501,0.118,-0.0186,194.37,-82.87,126.25,52.859196,-1.679777,30.81,4,336.62,23 / 23,10.75987430233504,-12.534780398825394,0.9046992431019183,137.65760340745115,218.73418265435262,-60.45137879458083,False,54.80000000000001,-13.608480935235242,27.86448181171274,-23.281286826117995,1044.2315561185135,31.00999999999893,333.9700000000151,-24.368355237570285,40.39926221053813,-160.93889023356914,825.4973734641609
516311.0,-0.3469,-6.2219,10.3644,0.0521,-0.0112,9.8065,0.1759,-0.5875,0.4125,195.86,-82.42,126.58,52.859196,-1.679777,30.81,4,336.62,23 / 23,11.140370972641856,-12.606575024973914,0.9244002431019276,138.74166554856302,217.48968556087397,-60.3608383700137,False,54.89900000000006,-13.869651701736949,27.76982636606756,-24.657414345402,1046.9836305540857,31.04079999999956,333.4601500000073,-25.010022674378803,40.37640139104147,-163.39907989396502,829.4939449932117
516413.0,0.0157,-0.0234,9.8245,0.04,-0.0791,9.8062,0.0942,-0.624,0.4272,199.81,-82.07,127.29,52.859196,-1.679777,30.81,4,336.62,23 / 23,11.29183349937585,-12.394617136670105,0.9537558431019206,139.88570797663564,216.21462476063041,-60.26505240961733,False,55.00100000000003,-14.068047624052998,27.66384373039069,-26.089008674364216,1049.8077593009616,31.035438888888876,333.04505000000006,-25.35988112342885,40.058460867060795,-165.97471665099985,833.5931345403312
516512.0,-5.4055,11.0705,8.786,0.0455,-0.0994,9.806,0.0109,-0.5248,0.2302,202.16,-82.43,130.05,52.859196,-1.679777,30.81,4,336.62,22 / 23,11.37441838912904,-13.091365754164613,0.9041172431019544,141.00768744511586,214.95306860753496,-60.173087691850306,False,55.099999999999966,-14.228765827650747,27.6304100148662,-27.498375988709284,1052.5378171392288,31.07888888888632,332.7530000000173,-25.603184216779788,40.72177576903081,-168.50606343382515,837.5847485316938
516613.0,-1.6225,-4.5608,9.3898,-0.0009,-0.052,9.8065,0.1441,-1.3159,0.706,194.82,-82.45,127.65,52.859196,-1.679777,30.81,4,336.62,22 / 23,11.600995634336158,-13.599761318345179,0.8315234931018733,142.16794585330214,213.6051666903717,-60.085437834671914,False,55.20100000000008,-14.413310420697464,27.48188967818576,-28.95669645599847,1055.3117969739556,31.032211111106413,332.3245400000148,-26.01430605503362,41.08165099653094,-171.1246423093006,841.7066302835839
516712.0,-7.8885,7.1527,9.9703,0.0442,-0.1029,9.806,-0.2527,1.1591,-0.5072,194.89,-82.54,127.42,52.859196,-1.679777,30.81,4,336.62,22 / 23,12.073932220723796,-13.929266937462963,0.8189900931018819,143.33985478212682,212.24247979171014,-60.003737412154884,False,55.30000000000001,-14.628503492063595,27.49137477131785,-30.399303565570655,1058.0308465149199,31.14111111110792,331.98200000001003,-26.70243571278739,41.42064170878081,-173.73915834769747,845.7883667232097
516812.0,-2.4464,2.3506,9.2763,-0.0962,0.1013,9.8056,-0.1028,0.6092,-0.1624,192.48,-82.17,121.86,52.859196,-1.679777,30.81,4,336.62,22 / 23,12.510646935335656,-14.601898985673538,0.8006550931018778,144.56908373993008,210.815921495553,-59.92275515284468,False,55.400000000000034,-14.920814225151553,27.39742041740823,-31.890058014799735,1060.7662417110469,31.196944444443652,331.4270000000079,-27.43146116048721,41.99931940308177,-176.4591417547298,849.9503202154939
516912.0,3.1867,11.7547,9.2155,-0.0428,-0.0035,9.8065,-0.3412,1.6433,-0.9203,192.82,-82.82,124.1,52.859196,-1.679777,30.81,4,336.62,22 / 23,12.373834418778637,-15.364320971686928,0.7445800931018651,145.81330780763608,209.31761049768463,-59.845493393534476,False,55.50000000000006,-14.954278744680048,27.338331933485374,-33.38752757417724,1063.5016369057591,31.161111111111165,331.3209999999998,-27.328113163458685,42.7026529051723,-179.2008353818133,854.1840264080745
517012.0,1.3381,-1.7109,9.2387,-0.0892,0.1694,9.8047,0.1119,-0.178,0.1508,194.6,-83.3,126.33,52.859196,-1.679777,30.81,4,336.62,22 / 23,12.098248495333387,-15.886901502035249,0.6866250931019179,147.03691195334056,207.75504937399995,-59.77393313422435,False,55.599999999999966,-15.169358266269784,27.325741352582238,-34.89842735369822,1066.2259126085519,31.253888888883456,330.9640000000209,-27.26760676160317,43.212642854617485,-181.9353393070388,858.4708632345519
517112.0,0.6189,-10.5909,10.5162,-0.0495,0.0904,9.8061,-0.0254,0.9713,-0.5079,191.93,-82.62,122.91,52.859196,-1.679777,30.81,4,336.62,22 / 23,12.188273109252979,-15.346818903221092,0.6937050931019195,148.25123803357016,206.19336335373677,-59.70491662491414,False,55.69999999999999,-15.516573805601192,27.117604204333468,-36.44961779410695,1068.9390688191206,31.243055555556026,330.22200000003244,-27.704846914854173,42.46442310755456,-184.70085582767712,862.7457054653838
517212.0,-2.5658,-2.221,8.5446,0.0029,0.1095,9.8059,0.242,-1.2569,0.8192,192.24,-82.08,123.9,52.859196,-1.679777,30.81,4,336.62,22 / 23,12.472130890311695,-14.823948447531984,0.6660800931019133,149.48425823354867,204.68482498619878,-59.63692736560393,False,55.80000000000001,-15.63638769872894,27.019814440607025,-38.014238454772475,1071.6411055365563,31.21805555555628,329.9420000000081,-28.108518589040635,41.84376288813901,-187.49849668832115,866.9562805503575
517312.0,3.5881,-8.2419,9.7564,-0.0741,0.1762,9.8047,0.1598,-0.11,0.0801,191.13,-81.9,122.26,52.859196,-1.679777,30.81,4,336.62,22 / 23,12.58089333590966,-14.386211538221144,0.6004650931018984,150.73690944486003,203.2243169869108,-59.573600106293725,False,55.900000000000034,-15.790500711317703,26.997318635753274,-39.59228933571995,1074.3320227615663,31.276111111110286,329.6770000000038,-28.371394047227362,41.38353017397442,-190.32919878058,871.1077057746555
517413.0,-4.4454,6.9641,10.1489,0.0191,0.0069,9.8066,0.0459,-1.0336,0.6413,193.62,-82.45,125.74,52.859196,-1.679777,30.81,4,336.62,22 / 23,12.674682136375623,-14.421561974067796,0.6152110931018983,152.01231600621043,201.7695244245402,-59.512208458890434,False,56.00100000000003,-15.924216053875789,26.916369789919372,-41.193238742217474,1077.0496267682674,31.27414999999999,329.39067000000017,-28.59889819025141,41.33793176398717,-193.20555474842791,875.2801023437272
517512.0,2.9331,-6.8287,9.8211,-0.0238,0.0867,9.8062,0.1517,-0.7538,0.4821,194.92,-82.51,125.28,52.859196,-1.679777,30.81,4,336.62,22 / 23,12.806121659315242,-14.52857238902182,0.6328677431018862,153.27361579409626,200.33649277356824,-59.45042855649839,False,56.099999999999966,-16.184797255008906,26.790713648840256,-42.79539686839529,1079.6916182258296,31.299999999998473,328.86300000003126,-28.990918914324148,41.31928603786208,-196.06901266249156,879.3551254522614
517612.0,-6.686,7.1565,10.4816,0.0362,-0.1124,9.8059,0.0108,-0.4958,0.2152,196.5,-82.48,123.59,52.859196,-1.679777,30.81,4,336.62,22 / 23,13.0216160510293,-14.685237150884921,0.6673377431018941,154.56500267961377,198.87580229657257,-59.38541828218818,False,56.19999999999999,-16.328633035320376,26.753745060390454,-44.42716863038919,1082.3602964645731,31.34305555555367,328.6030000000114,-29.350249086349677,41.43898221127537,-198.99217131000296,883.4844941680005
517712.0,-4.0394,6.3705,10.0221,0.0168,-0.011,9.8065,0.0093,-1.2559,0.7656,193.13,-82.53,124.68,52.859196,-1.679777,30.81,4,336.62,22 / 23,13.416569839987991,-15.56483627230116,0.7118577431019043,155.88691197416495,197.36329862541294,-59.316458507877975,False,56.30000000000001,-16.444303433137108,26.759126263382754,-46.06565550251779,1085.0400941971568,31.408055555553673,328.4280000000051,-29.8608732731251,42.32396253568392,-201.95256747668273,887.6767955717439
517812.0,-5.5254,6.0541,9.2921,0.0495,-0.1206,9.8057,-0.1535,0.6233,-0.2675,197.95,-82.6,125.72,52.859196,-1.679777,30.81,4,336.62,22 / 23,13.761042332175773,-16.38012183888697,0.6969027431019009,157.24579258277345,195.76605071985315,-59.24602048356777,False,56.400000000000034,-16.634790298587735,26.664703780936314,-47.73100281516931,1087.69765294489,31.42805555555527,328.0420000000055,-30.395832630763508,43.044825619823285,-204.97679539794277,891.9316022250368
517912.0,-5.0749,2.445,8.879,0.0645,-0.0848,9.806,0.0639,-0.2925,0.3145,197.81,-82.34,125.88,52.859196,-1.679777,30.81,4,336.62,22 / 23,14.181858647893,-17.035404248760347,0.6247927431018845,158.64293763177722,194.0952744154704,-59.17993570925756,False,56.50000000000006,-16.780370577638536,26.522394090223536,-49.40306523796909,1090.3440921980753,31.385000000000023,327.6789999999998,-30.962229225531537,43.557798338983886,-208.0460028697463,896.2488177826049
518012.0,-1.1306,-8.9087,7.8774,0.0242,-0.0504,9.8064,-0.0284,0.9819,-0.5694,194.95,-82.71,127.55,52.859196,-1.679777,30.81,4,336.62,22 / 23,14.604946430987987,-16.900508652121154,0.48194774310201444,160.08227788571995,192.3984787704279,-59.12459868494742,False,56.599999999999966,-16.965258789113477,26.447423649101683,-51.101988101140115,1092.979411959347,31.421111111108996,327.321000000021,-31.570205220101464,43.34793230122284,-211.18426598686005,900.5809331889192
518112.0,-5.465,1.8778,9.5617,0.0411,-0.1242,9.8057,-0.0006,0.5618,-0.3467,194.78,-83.04,129.91,52.859196,-1.679777,30.81,4,336.62,22 / 23,15.066393649161093,-16.730793682408986,0.37323774310198976,161.56584488972774,190.716913653701,-59.081839410637215,False,56.69999999999999,-17.072356122882354,26.31022961983048,-52.80762607458383,1095.6036122290961,31.363888888891392,327.02100000001315,-32.13874977204345,43.041023302239466,-214.37347096431157,904.8866985753951
518212.0,1.1287,-10.5336,9.3223,-0.0252,0.0762,9.8062,-0.1675,1.3987,-0.7302,195.68,-82.93,128.2,52.859196,-1.679777,30.81,4,336.62,22 / 23,15.44577312833419,-16.454845184094765,0.3367727431019816,163.09145322860286,189.05763171037543,-59.04633888632701,False,56.80000000000001,-17.18517932359246,26.164920622543065,-54.526694268322444,1098.2166930050048,31.30388888889063,326.7030000000092,-32.63095245192665,42.61976580663783,-217.6181474969253,909.1590612946294
518312.0,-6.8049,8.1639,10.3467,0.0072,-0.0562,9.8064,-0.2123,1.5772,-0.9948,192.71,-82.88,126.54,52.859196,-1.679777,30.81,4,336.62,22 / 23,15.828521038896724,-16.490493875003704,0.3395577431019823,164.65516793696477,187.41036475742013,-59.0125223620168,False,56.900000000000034,-17.412274091926257,26.00130836997878,-56.265907792383544,1100.807534796062,31.293055555555707,326.19100000000725,-33.24079513082298,42.49180224498248,-220.92107572934833,913.397170038642
518412.0,-5.5798,1.66,9.937,-0.0668,0.1428,9.8053,0.0188,0.3044,-0.1197,195.53,-82.13,122.21,52.859196,-1.679777,30.81,4,336.62,22 / 23,16.369955335265832,-17.203076262876056,0.37307774310198993,166.26509175567327,185.72568625052577,-58.9768905877066,False,57.00000000000006,-17.495038592379284,25.877989158287928,-58.01183642663271,1103.3872570932785,31.23694444444444,325.9389999999999,-33.864993927645116,43.081065421163984,-224.276928182306,917.6615708427528
518512.0,-1.6629,-6.8798,9.5546,-0.0264,0.0413,9.8064,-0.1533,1.0833,-0.5488,190.59,-82.35,123.79,52.859196,-1.679777,30.81,4,336.62,23 / 24,16.8157656615462,-17.118712896999366,0.36699274310199553,167.92437780551236,184.00959679253356,-58.939887063396434,False,57.099999999999966,-17.587465588108035,25.804505574957478,-59.76448017087331,1105.955859898587,31.228055555556075,325.72300000001263,-34.40323124965424,42.923218471956844,-227.6888579763857,921.9462631060535
518612.0,-1.9784,-6.0753,8.8908,-0.0314,0.0807,9.8062,-0.0259,-0.6122,0.4377,197.06,-82.61,126.76,52.859196,-1.679777,30.81,4,336.62,23 / 24,17.19751893274616,-16.61896498225845,0.30859774310198235,169.62504203522738,182.32271289857027,-58.90610753908623,False,57.19999999999999,-17.737113363249165,25.5194111737291,-61.53726924561813,1108.502223719235,31.07805555556212,325.1990000000229,-34.93463229599533,42.13837615598755,-231.1623112808455,926.1795108206647
518712.0,-1.4556,-7.062,9.24,-0.0255,0.1081,9.806,0.0339,0.0432,-0.0502,189.41,-82.35,125.08,52.859196,-1.679777,30.81,4,336.62,23 / 24,17.564689628814165,-16.105013711018696,0.23447274310196559,171.3631524633058,180.68651396390604,-58.87895401477603,False,57.30000000000001,-17.886018243774632,25.262264340491964,-63.323488540645265,1111.015229061899,30.953055555559178,324.70100000001446,-35.450707872588794,41.36727805151066,-234.68664100395105,930.3287150979929
518812.0,-5.4898,3.7394,9.9052,0.0102,0.006,9.8066,-0.0057,-0.7174,0.5067,196.48,-82.57,125.86,52.859196,-1.679777,30.81,4,336.62,23 / 24,17.9587919573537,-16.109350339539585,0.21106774310196036,173.13932654261458,179.07579576137775,-58.85667699046583,False,57.400000000000034,-17.952973564029087,25.304353595542022,-65.11642294582033,1113.5393538969865,31.026111111110072,324.6450000000008,-35.91176552138279,41.41370393508161,-238.2557494884349,934.4635581356088
518912.0,-4.305,-4.3289,9.9687,-0.0343,0.0807,9.8062,0.1348,-0.3555,0.1201,196.75,-82.56,123.62,52.859196,-1.679777,30.81,4,336.62,23 / 24,18.486486819983405,-16.30838475371609,0.22409774310196343,174.96159048148186,177.4549090067146,-58.83491871615563,False,57.50000000000006,-18.099633342268962,24.894643482283186,-66.92278757122372,1116.0078812678253,30.778888888888748,323.98100000000005,-36.58612016225237,41.20302823599928,-241.88437805270559,938.5529722611107
519012.0,-7.8907,-0.3011,9.2561,0.0209,-0.0501,9.8064,0.2168,-0.2935,0.0369,197.55,-83.05,126.58,52.859196,-1.679777,30.81,4,336.62,23 / 24,19.183902009311826,-16.355327723462644,0.20467274310198116,176.8451099229449,175.82172338285713,-58.81348019184545,False,57.599999999999966,-17.897354888967058,24.731495385082354,-68.70900686611947,1118.476408639188,30.52805555557024,324.10799999999256,-37.08125689827888,41.086823108545,-245.55411678906438,942.6546852563309
519112.0,-5.055,-0.2232,10.7449,-0.0512,-0.0272,9.8064,0.1547,-0.6367,0.4936,196.05,-83.04,124.45,52.859196,-1.679777,30.81,4,336.62,23 / 24,19.859335766020752,-16.606350853434506,0.2240577431019856,178.797271811712,174.1736394540119,-58.792043667535246,False,57.69999999999999,-17.988611347706165,24.51272907657372,-70.50194127126764,1120.911577532751,30.405000000005383,323.7270000000167,-37.84794711372692,41.119079930008226,-249.29921308297963,946.737938078739
519212.0,-2.8813,-2.7303,10.9041,0.0019,-0.0335,9.8066,0.0628,0.4103,-0.1321,195.48,-82.85,123.52,52.859196,-1.679777,30.81,4,336.62,23 / 24,20.330905655672343,-16.658761157391076,0.3258427431020088,180.8067838827971,172.51038385347024,-58.76454864322504,False,57.80000000000001,-18.037109465185132,23.990892170605164,-72.30830589669735,1123.2911489627713,30.015000000011305,323.06300000001926,-38.36801512085748,40.64965332799624,-253.11508977949444,950.7807651093011
519312.0,-5.6194,-2.1996,9.3907,-0.0016,-0.0251,9.8066,-0.0481,0.143,-0.0084,194.89,-83.07,125.13,52.859196,-1.679777,30.81,4,336.62,23 / 24,20.857159925847558,-16.61741556108202,0.35991774310201663,182.86618716187357,170.8465750175462,-58.73026061891483,False,57.900000000000034,-17.909419223977345,23.789054699747172,-74.09452519172567,1125.670720394204,29.776944444447828,323.0260000000005,-38.766579149824906,40.406470260829195,-256.9607123535992,954.8241453766577
519411.0,-4.656,-2.8268,8.8463,-0.007,0.0209,9.8066,0.0397,-0.0078,-0.0674,190.32,-82.72,122.99,52.859196,-1.679777,30.81,4,336.62,23 / 24,21.460172282181606,-16.569857225394976,0.291790893102063,184.9608951061696,169.2038050146167,-58.698001041422756,False,57.99899999999997,-17.95445127153141,23.39314388757189,-75.86953025280782,1127.971454621013,29.489019444444583,322.49338000000023,-39.414623553713014,39.963001112966865,-260.83042535897744,958.7676496063963
519512.0,-5.2241,-0.9372,10.1185,-0.0097,0.0014,9.8066,-0.0447,0.2394,-0.1226,194.48,-82.84,121.89,52.859196,-1.679777,30.81,4,336.62,23 / 24,22.040152200885807,-16.575719242727512,0.2590416431020633,187.1576614925645,167.52995340297653,-58.67018399834445,False,58.099999999999966,-17.929240576935033,23.026977722107368,-77.67367889176987,1130.2741903565764,29.183888888906584,322.09500000002305,-39.96939277782084,39.60269696483488,-264.83134038433434,962.7442369535999
519611.0,-6.0867,-0.5116,9.9188,-0.0052,0.0175,9.8066,0.0886,0.0265,0.0322,194.73,-82.82,122.34,52.859196,-1.679777,30.81,4,336.62,23 / 24,22.651489011715206,-16.732055160301,0.2800296431020731,189.3698977325893,165.88121857002585,-58.64349996967733,False,58.19900000000001,-17.785791422880916,22.72345276311459,-79.4287400757696,1132.5088747969796,28.85636388890334,321.9494700000064,-40.43728043459612,39.455507923415595,-268.7986378083589,966.6276562269538
519712.0,-5.19,-2.0383,9.7515,0.0456,-0.0012,9.8065,-0.0121,0.2208,0.0635,196.67,-82.78,125.55,52.859196,-1.679777,30.81,4,336.62,23 / 24,23.28684870156131,-16.848962024235032,0.28290814310207313,191.68978378710975,164.1853772022068,-58.61507161147402,False,58.30000000000001,-17.76575414085365,22.236462429218058,-81.22597215140988,1134.7219874230395,28.461944444455778,321.37700000001655,-41.05260284241496,39.085424453453086,-272.9157559385196,970.5366102208327
519811.0,-6.4478,-1.4877,9.9071,0.01,0.0083,9.8066,-0.0144,0.0502,0.0969,197.27,-82.63,126.76,52.859196,-1.679777,30.81,4,336.62,23 / 24,23.936537859739474,-16.936965530630726,0.28515049310207424,194.02734142189524,162.51297378824017,-58.586952708981904,False,58.39900000000006,-17.620874416119076,21.99350087098427,-82.96773741737013,1136.8906220770325,28.18171944444844,321.29879000000113,-41.55741227585855,38.93046640161499,-276.9950788392654,974.3776482887923
519912.0,-6.3173,-3.2256,8.8389,0.0055,0.0177,9.8066,-0.0732,0.006,-0.0409,196.47,-82.55,128.02,52.859196,-1.679777,30.81,4,336.62,23 / 24,24.67101390168819,-16.984322566260296,0.24135184310207472,196.4820227858473,160.7999487393472,-58.5603643410036,False,58.50000000000006,-17.555571379274728,21.533696606720028,-84.73797475028496,1139.047470068573,27.78305555555536,320.8109999999998,-42.22658528096292,38.518019172980324,-281.21999753613227,978.2475213292257
520012.0,-7.1626,-2.0932,8.5947,-0.0064,-0.0082,9.8066,0.016,-0.0516,0.12,195.78,-82.73,126.88,52.859196,-1.679777,30.81,4,336.62,23 / 24,25.44250578681064,-17.002569202342336,0.1323668431021739,198.98769877026996,159.10060415091863,-58.5416784066934,False,58.599999999999966,-17.43661187100442,21.187689030685934,-86.47718827428486,1141.160173675268,27.44000000002009,320.5470000000155,-42.87911765781506,38.190258233028274,-285.4648870445548,982.0595695243494
520112.0,-5.6315,-1.7714,9.8176,-0.018,0.017,9.8065,0.0684,0.0234,-0.1107,200.25,-82.75,125.3,52.859196,-1.679777,30.81,4,336.62,23 / 24,26.157274234198134,-17.101817292304972,0.0723168431021603,201.56768777132098,157.39538482618588,-58.53144422238318,False,58.69999999999999,-17.498344145903758,20.74832765254896,-88.22311690848035,1143.228399310297,27.14194444445749,319.8570000000302,-43.65561838010189,37.85014494485393,-289.79080467980134,985.8330144841111
520212.0,-4.1942,-3.1687,8.8474,0.0031,-0.0062,9.8066,-0.0499,-0.0593,0.1098,195.54,-82.7,126.85,52.859196,-1.679777,30.81,4,336.62,23 / 24,26.743618790356877,-17.107824354767704,0.024901843102149622,204.21273242254932,155.68490274383186,-58.52658328807296,False,58.80000000000001,-17.175894323364012,20.67157475012088,-89.9354699920601,1145.2966249460303,26.876111111118817,320.2769999999878,-43.91951311372089,37.77939910488858,-294.14820241460944,989.6117222021985
520311.0,-3.4784,-2.5165,9.1903,-0.0119,-0.0405,9.8065,-0.0457,0.0159,0.1883,200.81,-82.76,126.71,52.859196,-1.679777,30.81,4,336.62,23 / 24,27.236987928866558,-17.04449074372822,-0.05309035689788682,206.88477245515213,153.99436314645553,-58.52797861950585,False,58.89900000000006,-17.01837001755594,20.257414912030477,-91.61740362675094,1147.2781185390002,26.457286111117085,319.96614000000443,-44.2553579464225,37.301905655758695,-298.5021760819031,993.2837553925447
520412.0,-4.0198,-3.7145,9.4223,-0.0131,-0.0148,9.8066,-0.018,0.1669,-0.063,197.67,-82.7,127.31,52.859196,-1.679777,30.81,4,336.62,23 / 24,27.742114036865043,-16.961107636902696,-0.10362570689788628,209.66121710442155,152.2770804282337,-58.535892780727536,False,59.00000000000006,-17.00503101856727,19.711643808069308,-93.33331571869368,1149.2551643337385,26.033055555555364,319.216,-44.74714505543231,36.67275144497201,-302.99453282311526,996.9780839055048
520514.0,-4.7141,-1.5446,10.5539,-0.0058,-0.019,9.8066,-0.0439,-0.079,-0.0586,197.25,-82.81,126.78,52.859196,-1.679777,30.81,4,336.62,20 / 23,28.296607659931958,-16.928470918818515,-0.08511780689789065,212.51919191095752,150.54871192189233,-58.545518699931115,False,59.10200000000003,-16.78549037939001,19.45517064838594,-95.03841648320656,1151.2170876204552,25.695455555577443,319.21306000000845,-45.08209803932196,36.38364156720446,-307.55760839416405,1000.6683756985628
520612.0,-3.3095,-2.802,9.1358,-0.0087,-0.0164,9.8066,-0.0648,0.2748,-0.0961,200.28,-82.8,125.7,52.859196,-1.679777,30.81,4,336.62,20 / 23,28.78414672511139,-16.939184443029706,-0.08137420689789225,215.3161488758234,148.8891968091625,-58.55367680860711,False,59.19999999999999,-16.590391590560916,19.131545926621847,-96.65729523374172,1153.0913893046204,25.32305555557219,319.06900000000644,-45.37453831567231,36.07073036965156,-311.9734441095651,1004.2021924954579
520712.0,-5.2624,-0.562,8.5644,0.0022,-0.036,9.8065,-0.0162,-0.0244,0.0243,196.64,-82.93,125.3,52.859196,-1.679777,30.81,4,336.62,20 / 23,24.90010722938021,-14.451820070477343,-0.1504748258632269,218.0003615735486,147.31964658348681,-58.56526926024517,False,59.30000000000001,-16.476734490456494,18.77951771008692,-98.30249721599176,1154.9594640717428,24.983055555565407,318.73700000000963,-41.376841719836705,33.23133778056426,-316.3028587895403,1007.639817488256
520812.0,-5.2485,-2.797,8.4,0.0199,-0.0068,9.8065,0.0647,0.0881,0.0466,196.19,-82.97,124.48,52.859196,-1.679777,30.81,4,336.62,20 / 23,25.500595117427633,-14.526042598140737,-0.28291982586325704,220.52039669088956,145.8707534500556,-58.5869389928315,False,59.400000000000034,-16.19219636008969,18.389074435524897,-99.91412364761155,1156.7830608684546,24.501944444451283,318.63500000000147,-41.69279147751732,32.91511703366564,-320.4345203385011,1010.912307418399
520912.0,-3.0021,-1.2549,9.6242,-0.001,0.0014,9.8066,0.0312,-0.1115,-0.0175,195.51,-83.11,123.2,52.859196,-1.679777,30.81,4,336.62,20 / 23,26.00320658669495,-14.531029524111242,-0.362374825863275,223.09558677609627,144.41789984394265,-58.61920372541783,False,59.50000000000006,-16.0108861288508,17.85194458228463,-101.51231985893546,1158.5399407099048,23.979999999999762,318.1119999999999,-42.01409271554575,32.38297410639587,-324.6079066350317,1014.1220408659622
521012.0,-3.0026,-4.3431,10.3113,0.0151,-0.0084,9.8066,0.0069,0.2501,-0.062,193.78,-83.0,123.05,52.859196,-1.679777,30.81,4,336.62,20 / 23,26.41414247198625,-14.420922800049583,-0.34626482586328966,225.71645422902793,142.9703022277359,-58.65463570800413,False,59.599999999999966,-15.806754928139174,17.481411307804564,-103.09037073976668,1160.27458156496,23.568055555579676,317.8800000000136,-42.22089740012542,31.902334107854145,-328.8068249687946,1017.3042793372241
521112.0,-3.1057,-1.3142,8.6884,0.0113,0.0002,9.8065,-0.1165,0.0405,-0.1204,193.99,-82.93,123.78,52.859196,-1.679777,30.81,4,336.62,20 / 23,26.83135927365221,-14.304229184532904,-0.37694482586329664,228.37872931631046,141.53404462850645,-58.69079619059047,False,59.69999999999999,-15.65313082675536,16.836523027849932,-104.64827629031316,1161.9313859724612,22.98888888891424,317.08600000003474,-42.48449010040757,31.140752212382836,-333.0270056066236,1020.3973413439547
521212.0,-1.145,-2.9358,9.9265,-0.0176,-0.0127,9.8066,0.0569,0.0261,0.1147,188.53,-82.9,123.06,52.859196,-1.679777,30.81,4,336.62,20 / 23,27.13318933880336,-14.223390942658646,-0.42686482586330793,231.07695674693386,140.10766362214656,-58.73098667317681,False,59.80000000000001,-15.256536794019667,16.454234094036124,-106.16589118006839,1163.5548319012673,22.438888888904835,317.1629999999978,-42.38972613282303,30.67762503669477,-337.24284792700223,1023.4471682791208
521312.0,-1.2136,-3.3,9.5553,-0.0269,0.0165,9.8065,-0.0375,0.3362,-0.3499,192.38,-82.88,121.31,52.859196,-1.679777,30.81,4,336.62,20 / 23,27.36427939199138,-14.019858469192341,-0.4334398258633093,233.8018301834742,138.69550115155369,-58.77400190576315,False,59.900000000000034,-15.178181476333974,16.053844114496467,-107.68350606982186,1165.167158337647,22.09305555556047,316.6060000000079,-42.54246086832536,30.073702583688807,-341.48533625329605,1026.4716571860931
521412.0,-5.1857,-1.3168,9.6659,-0.0256,0.0446,9.8064,-0.0074,-0.1386,-0.1853,221.33,-83.25,119.64,52.859196,-1.679777,30.81,4,336.62,20 / 23,27.72882538334906,-14.084930318559824,-0.4530448258633136,236.55648542224185,137.29026171216574,-58.81832613834949,False,60.00000000000006,-14.841299194735976,15.666277101223514,-109.16083029879745,1166.7127678180584,21.57999999999979,316.54899999999986,-42.570124578085036,29.751207419783338,-345.7173157210393,1029.4225061058926
521512.0,-3.4547,-0.0417,10.8258,0.0069,-0.0117,9.8066,0.1612,0.2057,0.1704,227.73,-83.17,118.71,52.859196,-1.679777,30.81,4,336.62,24 / 24,28.08727395960022,-14.432904958268288,-0.4091248258633535,239.34729038938679,135.86436994832565,-58.86143462093578,False,60.099999999999966,-14.658693828688486,15.326588520777346,-110.62472430740925,1168.2472578052227,21.20805555557733,316.276000000016,-42.74596778828871,29.759493479045634,-349.972014696796,1032.382887856897
521612.0,-3.1772,-1.1692,9.5249,0.0289,0.0733,9.8063,-0.0597,0.2489,-0.4971,218.68,-83.21,119.36,52.859196,-1.679777,30.81,4,336.62,24 / 24,28.370388546203742,-14.712494741871632,-0.3722548258633451,242.17017351467763,134.40709996331833,-58.900503603522125,False,60.19999999999999,-14.340388796330211,15.019474686216642,-112.05504276543354,1169.737269822093,20.766111111130453,316.32499999999783,-42.71077734253395,29.731969428088274,-354.22521628011117,1035.3301698587745
521712.0,-2.2919,-1.9045,9.7148,-0.0077,0.023,9.8066,-0.1059,0.0349,-0.1129,191.38,-83.0,120.02,52.859196,-1.679777,30.81,4,336.62,24 / 24,28.69681008343482,-14.786104902797675,-0.3909348258633492,245.0235334461602,132.93216998108454,-58.93866308610847,False,60.30000000000001,-14.247422918434758,14.610076034789332,-113.47193100321476,1171.193923361685,20.406944444454858,315.7200000000176,-42.94423300186958,29.396180937587005,-358.49546444937494,1038.2617533806003
521811.0,-1.2103,-0.9291,9.7364,-0.0235,-0.038,9.8065,-0.1223,0.0682,0.0974,183.81,-83.17,118.94,52.859196,-1.679777,30.81,4,336.62,24 / 24,28.950784116838857,-14.751552331638194,-0.39895877586335293,247.8770893590751,131.4700559479793,-58.97776281939396,False,60.39900000000006,-14.078309047283613,14.254719989842263,-114.86135444056582,1172.5919771744752,20.03486944444975,315.3566700000052,-43.02909316412247,29.00627232148046,-362.7384437996409,1041.121921226496
521912.0,-1.724,-4.7223,8.7688,0.0284,0.0208,9.8065,0.0589,0.0035,0.0689,198.01,-83.0,119.07,52.859196,-1.679777,30.81,4,336.62,24 / 24,29.22898668135448,-14.59090945019793,-0.45491782586335233,250.81516778438382,129.9882616279966,-59.02088358778116,False,60.50000000000006,-13.81686836406761,13.860827490935634,-116.25198659772994,1173.9737965275162,19.571111111110923,315.0909999999999,-43.04585504542209,28.451736941133564,-367.06715438211376,1043.9855348995197
522012.0,-2.2992,-0.0291,10.1756,0.0329,0.0168,9.8065,0.0695,-0.2931,0.1483,198.25,-83.1,119.29,52.859196,-1.679777,30.81,4,336.62,24 / 24,29.540303982216365,-14.516005463747401,-0.48836282586332186,253.7536323175597,128.53291588230064,-59.068047620367444,False,60.599999999999966,-13.627197387391835,13.580660405327192,-117.60843884422928,1175.3303746330541,19.238888888908342,314.90200000001107,-43.1675013696082,28.09666586907459,-371.362071161789,1046.7974587507535
522112.0,-1.1897,-2.5323,9.5593,-0.0371,0.0129,9.8065,0.0904,-0.1528,-0.0002,196.5,-83.43,116.28,52.859196,-1.679777,30.81,4,336.62,24 / 24,29.790793036315378,-14.533856429849495,-0.48228282586332044,256.720187168487,127.08042278762046,-59.11657990295379,False,60.69999999999999,-13.463071594004132,13.17205102690479,-118.9447457604275,1176.6202357813124,18.835000000017676,314.37400000002316,-43.25386463031951,27.705907456754282,-375.6649329289145,1049.539812993692
522212.0,-3.0472,-1.1014,9.7709,-0.04,-0.038,9.8064,0.0008,-0.0852,-0.0393,195.68,-83.42,116.61,52.859196,-1.679777,30.81,4,336.62,24 / 24,30.095182652652017,-14.50415727793848,-0.49643782586332363,259.714485952936,125.62852210223073,-59.16551593554013,False,60.80000000000001,-13.191731056919199,12.954429515341985,-120.26090734623617,1177.9212164234068,18.488888888898924,314.47999999999695,-43.286913709571216,27.458586793280467,-379.9753932991722,1052.292694321176
522312.0,-3.7702,-1.2403,9.3032,-0.0128,-0.0111,9.8066,-0.1094,-0.169,0.164,194.52,-83.47,114.55,52.859196,-1.679777,30.81,4,336.62,24 / 24,30.50610195517377,-14.565317100385895,-0.5233978258633297,262.744550183328,124.17504838331418,-59.21650771812647,False,60.900000000000034,-13.02325272126407,12.56279879478654,-121.55692360165531,1179.155480109535,18.095000000005598,313.96900000000727,-43.52935467643784,27.128115895172435,-384.3014737849833,1054.9804317262208
522412.0,-2.1704,-3.3954,9.6771,-0.0115,-0.0091,9.8066,-0.1079,0.0751,-0.1678,199.48,-83.42,112.79,52.859196,-1.679777,30.81,4,336.62,24 / 24,30.911455358949574,-14.51603363862313,-0.5550478258633369,265.81542804903484,122.72098084636339,-59.27043000071282,False,61.00000000000006,-12.760401325025013,12.307951058517489,-122.82607941653748,1180.3786243025284,17.72888888888872,313.9659999999999,-43.67185668397459,26.823984697140617,-388.6415074655723,1057.657643456165
522512.0,-2.7209,-4.2052,8.771,0.0024,-0.0252,9.8066,-0.0968,-0.1779,0.2662,192.79,-83.39,111.74,52.859196,-1.679777,30.81,4,336.62,21 / 22,31.299262934286,-14.303788943148664,-0.6133078258632838,268.9259639636938,121.27998971727611,-59.328847783299096,False,61.099999999999966,-12.577864874796331,12.062160165647516,-124.08180501105812,1181.5906490030065,17.426944444462123,313.80100000000965,-43.87712780908233,26.36594910879618,-393.0077689747519,1060.3106592857305
522612.0,-3.8115,0.0593,10.9565,-0.0044,-0.0474,9.8065,-0.1258,0.0519,0.0782,191.44,-83.38,109.48,52.859196,-1.679777,30.81,4,336.62,21 / 22,31.720384621383644,-14.252553017262164,-0.6075978258632824,272.076946341478,119.85217261925524,-59.38989306588544,False,61.19999999999999,-12.378125449282898,11.861489644931103,-125.31067016516302,1182.7693152248844,17.143888888901277,313.77900000000096,-44.09851007066654,26.114042662193267,-397.387616506641,1062.9171426056291
522712.0,-3.3994,1.7997,8.896,0.0245,-0.0134,9.8066,0.0029,-0.2946,0.1443,191.28,-83.26,109.34,52.859196,-1.679777,30.81,4,336.62,21 / 22,32.11246765946937,-14.49700066715088,-0.5956378258632795,275.26858895552135,118.41469493503426,-59.45005484847178,False,61.30000000000001,-12.262151981471634,11.547996435954518,-126.53282020911912,1183.914622969485,16.843888888897588,313.28200000001436,-44.374619640941,26.0449971031054,-401.80140916464046,1065.4999280344507
522812.0,-2.2043,0.3681,9.0194,0.0249,-0.0428,9.8065,0.0135,0.1933,-0.0522,190.14,-83.06,107.62,52.859196,-1.679777,30.81,4,336.62,21 / 22,32.42452977950616,-14.737610998425135,-0.6805328258632988,278.4954388274709,116.95296435175513,-59.51386338105812,False,61.400000000000034,-12.1008342180293,11.475638859381066,-127.74154003283363,1185.0710502065094,16.676944444446818,313.48099999999715,-44.52536399753546,26.2132498578062,-406.2369788603045,1068.1180858547543
522912.0,-2.3541,-1.9896,9.357,0.0031,-0.0025,9.8066,0.0167,-0.1883,0.1291,195.65,-83.06,107.84,52.859196,-1.679777,30.81,4,336.62,21 / 22,32.72447048379806,-14.79473669769221,-0.7423778258633128,281.75288884063684,115.47634696694892,-59.58500891364447,False,61.50000000000006,-11.836226506407918,11.257707008489808,-128.91668430587725,1186.1829994731247,16.334999999999816,313.565,-44.560696990205976,26.052443706182018,-410.6695731465141,1070.7066525061757
523012.0,-1.8674,-2.7217,9.2859,-0.0131,-0.0369,9.8065,0.0468,0.0357,-0.1117,189.15,-83.22,105.91,52.859196,-1.679777,30.81,4,336.62,21 / 22,33.03367563248677,-14.694323644857857,-0.7908978258632686,285.0407961464481,114.00189394982276,-59.66167269623073,False,61.599999999999966,-11.611096807490876,11.03007959752219,-130.06496813829878,1187.2838292472325,16.015000000018738,313.530000000002,-44.64477243997764,25.72440324238005,-415.1057642847469,1073.2819352974097
523112.0,0.1889,-0.1874,9.4049,-0.0055,-0.0365,9.8065,0.0387,-0.0039,-0.0593,188.17,-83.2,104.22,52.859196,-1.679777,30.81,4,336.62,21 / 22,33.20008642722556,-14.643680213057822,-0.837022825863279,288.35248424943444,112.53499375692664,-59.74306872881708,False,61.69999999999999,-11.55002786664465,10.994331077775012,-131.21996708095227,1188.384659020714,15.946111111114126,313.58799999999746,-44.750114293870205,25.638011290832836,-419.5724513303867,1075.8496652637873
523212.0,-2.7096,-8.1925,7.594,0.012,-0.0447,9.8065,0.1532,0.7262,-0.5391,187.63,-82.95,103.34,52.859196,-1.679777,30.81,4,336.62,21 / 22,33.442394177506856,-14.323723774099234,-0.9677428258633087,291.6846082796718,111.08662355756846,-59.83330701140343,False,61.80000000000001,-11.465155793325035,10.801571941890062,-132.3682509134723,1189.4632498093454,15.751944444450073,313.29300000000853,-44.907549970831894,25.125295715989296,-424.0528591931441,1078.376626251777
523312.0,-2.0579,8.734,10.2075,-0.0495,-0.1279,9.8056,-0.1347,0.1526,-0.2359,187.4,-83.82,103.41,52.859196,-1.679777,30.81,4,336.62,21 / 22,33.739040255933986,-14.46028432659414,-1.0583328258633293,295.0436800013446,109.64742315253346,-59.93461079398978,False,61.900000000000034,-11.315567956732323,10.694990501008085,-133.49638941559004,1190.5307211055506,15.570000000002587,313.3849999999987,-45.05460821266631,25.155274827602227,-428.54006941693467,1080.883297953017
523412.0,-1.5327,-4.1344,9.9619,-0.0446,-0.0463,9.8064,-0.14,1.4138,-0.8452,186.51,-83.5,102.07,52.859196,-1.679777,30.81,4,336.62,21 / 22,33.94735592090966,-14.787542551251319,-1.030527825863323,298.4279998101876,108.18503180864086,-60.039053826576136,False,62.00000000000006,-11.158036165886578,10.592282753059628,-134.60438258731824,1191.57595341549,15.384999999999911,313.5099999999998,-45.105392086796236,25.37982530431095,-433.03238239750584,1083.3909216068491
523512.0,0.0345,-10.9866,10.3722,0.0103,-0.1625,9.8053,-0.0181,1.0898,-0.609,186.47,-82.72,101.6,52.860786,-1.681757,12.79,4,312.8,21 / 21,34.17069469343564,-14.121948790672747,-0.9944878258633558,301.8339023409018,106.73955724154597,-60.14030460916238,False,62.099999999999966,-11.094728913344257,10.433594315463827,-135.71237575895097,1192.6323052184835,15.230000000009076,313.24100000001573,-45.2654236067799,24.555543106136575,-437.54627809985277,1085.8927479769375
523612.0,-1.0547,-6.1773,9.7316,-0.0032,0.1328,9.8057,0.0226,-0.4971,0.3526,186.88,-82.68,102.23,52.860786,-1.681757,12.79,4,312.8,21 / 21,34.38355990676423,-13.35293409073375,-0.9699628258633503,305.26161507091257,105.36581309747532,-60.23852714174873,False,62.19999999999999,-10.962540932110654,10.334911723104376,-136.8069387104113,1193.666418035998,15.066111111118284,313.3119999999969,-45.34610083887489,23.687845813838127,-442.0685537813239,1088.3006049385226
523712.0,-3.324,8.2173,10.3804,0.0013,-0.1281,9.8058,-0.028,1.1916,-0.7173,186.83,-83.46,102.69,52.860786,-1.681757,12.79,4,312.8,21 / 21,34.65215501774938,-13.55785852199716,-0.9450278258633446,308.713400817139,104.02027346683847,-60.33427667433509,False,62.30000000000001,-10.739122777068003,10.157614067188451,-137.87464122136194,1194.6671723769427,14.781944444452684,313.4059999999973,-45.391277794817384,23.71547258918561,-446.58804203850093,1090.6468989101043
523812.0,-0.882,-5.4392,9.2613,0.0157,0.0107,9.8066,0.0699,0.1363,-0.1129,192.88,-83.0,102.85,52.860786,-1.681757,12.79,4,312.8,21 / 21,34.93078242095777,-13.810902550571186,-0.9436078258633441,312.1925476890752,102.65183541320975,-60.42870845692144,False,62.400000000000034,-10.585130761700473,10.02491935091522,-138.92219840190938,1195.6679267164718,14.578888888891774,313.4429999999995,-45.51591318265824,23.835821901486405,-451.11474609098457,1093.016091303262
523911.0,-0.5196,-6.825,9.7517,0.024,-0.1264,9.8057,-0.0891,0.8164,-0.4916,186.27,-82.69,102.29,52.860786,-1.681757,12.79,4,312.8,21 / 21,35.154462620212854,-13.304664058497103,-0.9733226758633239,315.66176731861077,101.30961486606178,-60.52359651675685,False,62.49899999999997,-10.470674524987444,9.933005364220385,-139.95928001062344,1196.6476652151032,14.43258888888896,313.49051999999995,-45.6251371452003,23.237669422717488,-455.6210473292342,1095.3380503490414
524012.0,-1.5716,-4.9112,9.6316,0.0021,-0.0472,9.8065,-0.096,0.6926,-0.3309,192.88,-83.06,103.06,52.860786,-1.681757,12.79,4,312.8,21 / 21,35.41066651865212,-12.821954425800676,-0.9849376758633237,319.22530634012344,99.99022063260475,-60.62248866451904,False,62.599999999999966,-10.326530132796332,9.818024749645659,-140.99716743251133,1197.636076917473,14.24888888889956,313.55399999999634,-45.73719665144846,22.639979175446335,-460.22247377263477,1097.6458562848684
524111.0,-3.0001,-3.2253,10.0761,-0.0123,-0.0646,9.8063,-0.0232,0.3475,-0.1545,186.85,-83.21,101.92,52.860786,-1.681757,12.79,4,312.8,21 / 21,35.765434010998334,-12.541328666939265,-0.9802648758633214,322.7485233163428,98.73473811951354,-60.71976619082955,False,62.69900000000001,-10.221306648414352,9.53142570463393,-142.007657205122,1198.5717822247013,13.975813888900936,312.9996000000245,-45.98674065941269,22.072754371573197,-464.7561805214648,1099.8370441051877
524212.0,-1.9299,4.4423,10.0234,-0.0093,-0.0927,9.8062,0.025,-0.5174,0.3756,185.81,-83.31,100.9,52.860786,-1.681757,12.79,4,312.8,21 / 21,36.073958809871506,-12.708452252200024,-0.9557117758633216,326.3764126537967,97.45962418309702,-60.817533011741745,False,62.80000000000001,-9.991844274845596,9.397745095469132,-143.01170047200972,1199.504151685304,13.716944444451869,313.24499999999273,-46.0658030847171,22.106197347669156,-469.3881131258064,1102.0445275022068
524311.0,-1.5648,-1.278,10.071,-0.0092,-0.0406,9.8065,0.0052,0.0388,-0.0363,191.84,-83.25,100.52,52.860786,-1.681757,12.79,4,312.8,21 / 21,36.29522057887751,-12.96961544433242,-0.9318973258633103,329.9586870335415,96.18855983211807,-60.91096966227725,False,62.89900000000006,-9.944854955316854,9.163682180082828,-143.99559840851498,1200.4068321000263,13.52306944444721,312.6589200000084,-46.24007553419437,22.13329762441525,-473.95428544205646,1104.2182722679083
524411.0,-2.5698,3.8797,9.6346,-0.0069,-0.0786,9.8063,-0.0748,0.4528,-0.2558,191.99,-83.23,100.84,52.860786,-1.681757,12.79,4,312.8,21 / 21,36.5262928009394,-13.222369190308385,-0.9272823258633144,333.599762702529,94.87896060038723,-61.0039286448635,False,62.99899999999997,-9.820438945664966,9.08516295211208,-144.97613878990876,1201.307622201233,13.37838611111118,312.77278999999993,-46.34673174660437,22.307532142420463,-478.57590149243777,1106.4286616008458
524512.0,0.6119,-1.7218,9.8746,0.0191,0.0489,9.8064,-0.0541,-0.4649,0.3329,191.21,-83.15,99.77,52.860786,-1.681757,12.79,4,312.8,22 / 23,36.65614247746096,-13.432989236085234,-0.9325393758633143,337.2954756840882,93.53286499985437,-61.097849640800696,False,63.099999999999966,-9.723655709690513,8.788771945475045,-145.9529187095934,1202.183949417117,13.106944444460252,312.109000000039,-46.37979818715147,22.22176118156028,-483.2483943936816,1108.6510844172626
524611.0,0.4162,2.2144,9.5284,-0.005,-0.023,9.8066,-0.0263,-0.1511,0.2343,198.5,-83.14,100.11,52.860786,-1.681757,12.79,4,312.8,22 / 23,36.63973952971023,-13.525440833090931,-0.9429492258633192,340.9236218434449,92.19842271142953,-61.19068632658621,False,63.19900000000001,-9.497382160750943,8.762092424804267,-146.89028093288312,1203.0536049386337,12.921869444452609,312.69408999997415,-46.13712169046118,22.2875332578952,-487.813902776328,1110.8551822272043
524712.0,-0.0709,-2.7147,10.4058,-0.0127,0.0299,9.8066,0.1354,-0.3127,0.0804,197.22,-83.02,99.61,52.860786,-1.681757,12.79,4,312.8,22 / 23,36.67591859526313,-13.583958815815814,-0.9267437758633194,344.62606257875603,90.82939802915975,-61.2851058231734,False,63.30000000000001,-9.598460318228353,8.384782914275204,-147.86672509713102,1203.885231795025,12.745000000005072,311.13900000004526,-46.27437891349148,21.96874173009102,-492.49278767588703,1113.0558337658651
524812.0,-0.8813,-2.9225,9.1921,0.0059,0.0187,9.8066,0.034,-0.0746,-0.046,191.23,-83.02,100.0,52.860786,-1.681757,12.79,4,312.8,22 / 23,36.84370988571842,-13.405481095331124,-0.9275137758633195,348.3020440028059,89.4799260336021,-61.377818700759754,False,63.400000000000034,-9.438136733319723,8.460330962981637,-148.80684051555832,1204.7303132377647,12.675000000000995,311.8729999999896,-46.28184661903814,21.865812058312763,-497.1088845183642,1115.2503872041625
524912.0,-0.3607,-2.6805,9.3158,0.006,0.0515,9.8064,-0.0545,-0.113,0.205,190.51,-82.97,98.71,52.860786,-1.681757,12.79,4,312.8,22 / 23,37.01506552181502,-13.224007493073811,-0.9827837758633321,351.99498277318344,88.14845160418155,-61.47333357834611,False,63.50000000000006,-9.3882641235763,8.213306323175425,-149.74695593399815,1205.5420362025213,12.473888888888792,311.181,-46.40332964539132,21.437313816249237,-501.7419387071816,1117.3935845983399
525012.0,-1.3857,0.2512,9.2209,-0.0221,-0.031,9.8065,0.029,0.0218,-0.0933,190.19,-83.22,97.18,52.860786,-1.681757,12.79,4,312.8,22 / 23,37.181452981706165,-13.201374911540347,-1.0366137758632832,355.70480869835615,86.82718248395204,-61.574303455932345,False,63.599999999999966,-9.256024980163092,8.103322693873302,-150.66692602196747,1206.3537591672175,12.301944444454511,311.2009999999988,-46.437477961869256,21.30469760541365,-506.3717347203236,1119.5265766832654
525112.0,0.0413,0.5109,10.5475,-0.0285,0.023,9.8066,0.0691,-0.0713,0.0133,189.45,-83.24,96.36,52.860786,-1.681757,12.79,4,312.8,22 / 23,37.30017770810354,-13.331544831353469,-1.0288587758632814,359.4288902328475,85.50053649680706,-61.6775770835187,False,63.69999999999999,-9.207261225965617,8.042199059766704,-151.58689611000474,1207.1543626388411,12.225000000003368,311.13600000000287,-46.50743893406916,21.37374389112017,-511.01578634285227,1121.6538261420342
525211.0,-1.1366,-1.9014,9.5427,0.0187,0.0402,9.8065,-0.0733,-0.141,0.1111,188.47,-83.09,94.68,52.860786,-1.681757,12.79,4,312.8,22 / 23,37.42310731140505,-13.350347346010256,-1.0052522258632703,363.1276928413149,84.17978283402694,-61.77826557810421,False,63.799000000000035,-9.148494549440427,7.893854844438149,-152.4910185381293,1207.9249434800463,12.083375000004134,310.7895000000101,-46.571601860845476,21.244202190448405,-515.6187113794442,1123.7451606460193
525312.0,-0.7921,-1.8658,9.596,0.0142,-0.0417,9.8065,-0.0597,0.2176,-0.0998,188.57,-83.32,94.43,52.860786,-1.681757,12.79,4,312.8,22 / 23,37.60902841141219,-13.256745514912428,-1.0292195258632701,366.91681569531715,82.83612464455035,-61.8810064015664,False,63.900000000000034,-9.121826890150984,7.699540041841492,-153.40669095569058,1208.699972119253,11.936944444446505,310.16700000000884,-46.730855301563174,20.95628555675392,-520.3235066510077,1125.8638474747027
525412.0,-0.9266,-0.2898,9.8457,-0.0031,-0.0122,9.8066,0.0628,-0.1894,0.1129,188.37,-83.24,94.14,52.860786,-1.681757,12.79,4,312.8,22 / 23,37.77091044048758,-13.242088123468726,-1.037799525863272,370.685812637913,81.511182962631,-61.984357354152756,False,64.00000000000006,-8.95583300227148,7.673908414809235,-154.29980060320463,1209.4783366053173,11.793888888888812,310.59199999999953,-46.72674344275906,20.91599653827796,-524.9856132411176,1127.9671536426863
525514.0,0.1319,0.7481,10.1455,-0.002,0.0222,9.8066,-0.0113,-0.3101,0.1448,187.73,-83.31,93.68,52.860786,-1.681757,12.79,4,312.8,23 / 23,37.87069684180472,-13.351654207346657,-1.0185266258632766,374.54353460930895,80.15490210375974,-62.08922998789078,False,64.10200000000003,-8.952129181066898,7.4632484946458915,-155.21063814141388,1210.2380203443497,11.655072222230814,309.81740000000747,-46.822826022871624,20.814902701992548,-529.7541727507228,1130.08311824059
525612.0,0.0496,-3.4186,10.6702,-0.0273,0.0194,9.8065,0.1948,-0.1674,0.1026,186.82,-83.2,91.47,52.860786,-1.681757,12.79,4,312.8,23 / 23,37.93810052930748,-13.296925832435948,-0.9596090258633028,378.2581656804918,78.84912168181097,-62.18615863482534,False,64.19999999999999,-8.856216935492197,7.349962248096352,-156.07930478801921,1210.9572291289976,11.508888888895417,309.6900000000057,-46.794317464799676,20.6468880805323,-534.337470468511,1132.1081074471867
525712.0,-1.4269,-0.1945,10.5712,-0.0241,0.0187,9.8066,-0.002,-0.0286,-0.039,186.14,-83.25,91.14,52.860786,-1.681757,12.79,4,312.8,23 / 23,38.091498930326246,-13.201990483117843,-0.8782040258632843,382.0596456534744,77.52417586603298,-62.27804928741169,False,64.30000000000001,-8.694547863889468,7.272349169467132,-156.93883888488998,1211.6911156460667,11.33500000000504,309.90999999999366,-46.786046794215714,20.474339652584973,-538.9984845383643,1134.1669397800338
525812.0,-2.3435,-5.7373,9.2156,0.0099,0.0573,9.8064,-0.0374,0.5651,-0.3959,190.86,-83.01,90.27,52.860786,-1.681757,12.79,4,312.8,23 / 23,38.39337807731655,-13.019547228915641,-0.8695290258632823,385.8838895038574,76.213098980431,-62.36543593999804,False,64.40000000000003,-8.6112148428919,7.174084489746299,-157.79837298173288,1212.4138826685887,11.20805555555736,309.7980000000016,-47.00459292020845,20.19363171866194,-543.6822624855903,1136.2007836881578
525912.0,0.2997,1.057,10.1173,0.0042,-0.005,9.8066,-0.0227,0.3957,-0.1031,191.61,-83.21,89.4,52.860786,-1.681757,12.79,4,312.8,23 / 23,38.59416345864926,-12.890773014854915,-0.8835490258632854,389.73326658065656,74.91758296824217,-62.45308984258438,False,64.50000000000006,-8.618232991830457,7.0016004281388895,-158.6646221887232,1213.1144107069665,11.103888888888868,309.09099999999984,-47.212396450479716,19.892373442993804,-548.3978887693797,1138.1968277387243
526012.0,-0.95,-3.5632,9.58,0.0073,0.0248,9.8065,-0.0333,0.0556,-0.0635,191.61,-83.15,89.48,52.860786,-1.681757,12.79,4,312.8,23 / 23,38.707669347578594,-12.857066620469467,-0.8793490258632892,393.5983582209644,73.63019098647712,-62.541234745170634,False,64.59999999999997,-8.630958336333899,6.928810285855628,-159.53087139563632,1213.8149387445849,11.068055555557653,308.75700000001956,-47.33862768391249,19.785876906325097,-553.1292296166007,1140.1847477581077
526112.0,-0.9702,-3.0191,9.8171,-0.0178,-0.039,9.8065,0.031,0.2982,-0.1436,191.47,-83.0,89.44,52.860786,-1.681757,12.79,4,312.8,23 / 23,38.92414968700923,-12.636244345375799,-0.8901590258632917,397.4799491726947,72.35552543818457,-62.62971014775698,False,64.69999999999999,-8.60303966953315,6.905903754743654,-160.39040549249293,1214.50434728983,11.031944444446026,308.7550000000001,-47.52718935654238,19.54214810011945,-557.8703546651876,1142.1488218516456
526212.0,-0.78,-3.8469,9.6137,-0.0067,-0.0247,9.8066,0.037,-0.0432,0.0153,191.22,-83.2,88.7,52.860786,-1.681757,12.79,4,312.8,23 / 23,39.13420795004795,-12.399104312800945,-0.8992840258632937,401.38286705454846,71.10375800527545,-62.719182300343334,False,64.80000000000001,-8.676890387894549,6.877465156385858,-161.25665469948308,1215.1937558350746,11.071944444443284,308.4010000000103,-47.8110983379425,19.276569469186803,-562.6395217540315,1144.0899978297991
526312.0,-0.1195,-1.2487,9.9175,-0.0142,-0.0138,9.8066,0.0441,0.1499,-0.0719,190.17,-83.26,86.72,52.860786,-1.681757,12.79,4,312.8,23 / 23,39.28453906374329,-12.239205979529618,-0.9033890258632946,405.3038044052389,69.87184249065865,-62.80931595292969,False,64.90000000000003,-8.59831133857896,6.975456680800798,-162.10947368620558,1215.9054033651698,11.071944444444444,309.0509999999907,-47.88285040232225,19.21466266033042,-567.4132780914445,1146.0335608745113
526412.0,-1.9039,-1.5773,9.5426,0.0068,0.0003,9.8066,0.0348,0.2141,-0.0227,190.62,-83.19,87.61,52.860786,-1.681757,12.79,4,312.8,23 / 23,39.46771685755174,-12.20011701619062,-0.9110490258632963,409.24141720130456,68.64987634087237,-62.90003785551604,False,65.00000000000006,-8.667891735833729,6.883890912153735,-162.9824380033165,1216.5836924179894,11.068888888888868,308.456,-48.13560859338547,19.084007928344356,-572.223855204621,1147.933816077117
526512.0,0.4487,1.0938,9.1551,0.0096,-0.016,9.8066,-0.0937,0.2706,-0.2268,190.85,-83.21,88.02,52.860786,-1.681757,12.79,4,312.8,23 / 23,39.60117770131786,-12.271260522770122,-0.9568290258632546,413.19486192924444,67.42630746392544,-62.99343175810228,False,65.09999999999997,-8.638482055988115,6.861517761671083,-163.84197210010927,1217.2731009624754,11.031944444446609,308.45999999999975,-48.23965975730597,19.132778284441205,-577.0368340293537,1149.84679349855
526612.0,-3.0072,-3.6923,9.8567,0.0105,0.0425,9.8065,0.0212,0.1835,-0.1467,197.82,-82.93,87.48,52.860786,-1.681757,12.79,4,312.8,23 / 23,39.820847189515376,-12.275935096292098,-0.9869040258632614,417.165963173787,66.19894768297205,-63.09061841068863,False,65.19999999999999,-8.704846151998641,6.929357973631676,-164.70822130708595,1217.9736290015596,11.12611111110699,308.52099999999734,-48.525693341514014,19.205293069923776,-581.8741844808729,1151.7746813185877
526712.0,-0.7492,-2.6041,10.1697,-0.0061,-0.0245,9.8066,-0.0347,0.2945,-0.1381,195.61,-82.95,86.96,52.860786,-1.681757,12.79,4,312.8,23 / 23,40.140469582176756,-12.118043931296603,-0.9662490258632567,421.1640290123725,64.97924873159234,-63.18827606327498,False,65.30000000000001,-8.635468656882908,6.803989563286504,-165.5744705140764,1218.6519180536723,10.993888888892723,308.2350000000083,-48.77593823905966,18.922033494583108,-586.7384995264489,1153.6726693220799
526812.0,-0.8926,-1.5658,9.7926,0.0091,-0.0194,9.8065,-0.0007,0.0826,0.0496,195.95,-82.99,87.5,52.860786,-1.681757,12.79,4,312.8,23 / 23,40.32629950299737,-12.026091085857985,-0.9487990258632526,425.1873674666321,63.77204198073433,-63.284028465861326,False,65.40000000000003,-8.679848007419562,6.88178296616343,-166.44071972106684,1219.3413265982092,11.076944444443265,308.4089999999975,-49.00614751041694,18.907874052021416,-591.628087187699,1155.569284617475
526912.0,-0.4961,0.0432,9.1362,-0.0129,-0.0499,9.8064,-0.0955,0.3154,-0.2105,196.07,-83.09,87.54,52.860786,-1.681757,12.79,4,312.8,23 / 23,40.46390536395608,-12.058604093688166,-0.9830240258632603,429.2268777099807,62.567807221756745,-63.380619618447675,False,65.50000000000006,-8.685629938369681,6.738479281056511,-167.31368403817802,1220.0084961586028,10.993055555555589,307.8050000000001,-49.14953530232576,18.797083374744677,-596.5405617481588,1157.440688936846
527012.0,-0.4423,-0.9003,10.2162,-0.0041,-0.0076,9.8065,-0.0441,0.0573,-0.0046,195.87,-82.92,87.48,52.860786,-1.681757,12.79,4,312.8,23 / 23,40.570727498623526,-12.116842093506909,-0.9960690258632483,433.27860935310605,61.35903491239809,-63.47957427103391,False,65.59999999999997,-8.714155154514426,6.797718436803618,-168.18664835523816,1220.6979047037962,11.051944444440997,307.95699999999107,-49.284882653137956,18.914560530310528,-601.4652577083442,1159.338869791398
527112.0,-1.0338,-1.6159,9.8653,0.0004,-0.0012,9.8066,-0.0392,0.0256,0.0601,197.55,-83.0,86.8,52.860786,-1.681757,12.79,4,312.8,23 / 23,34.61780677943624,-10.289521733476132,-0.8267601719837565,437.0380360670099,60.23871672104868,-63.57071573092628,False,65.69999999999999,-8.699181231124177,6.769933506981357,-169.05961267234946,1221.3761937559084,11.02305555555682,307.8910000000029,-43.31698801056042,17.05945524045749,-606.0976487393593,1161.1374770348598
527211.0,-0.9418,-0.5726,10.101,-0.0041,0.005,9.8066,-0.0034,0.1391,-0.0731,194.8,-82.92,85.57,52.860786,-1.681757,12.79,4,312.8,23 / 23,34.79221147204489,-10.299028033984134,-0.8092866719837483,440.4738319704598,59.21958350755892,-63.65170004970271,False,65.79900000000004,-8.670640452287556,6.683728385875523,-169.9171993872837,1222.0366916199982,10.947705555557755,307.6266700000077,-43.46285192433245,16.98275641985966,-610.3910313577435,1162.8171081124392
527312.0,-1.7905,-1.3768,10.0433,0.0096,-0.0092,9.8065,0.01,0.1469,-0.0533,196.75,-82.87,85.13,52.860786,-1.681757,12.79,4,312.8,23 / 23,35.002995272781035,-10.329929135252865,-0.7824711719837484,443.9984899110735,58.177821170512466,-63.73208382082307,False,65.90000000000003,-8.703559724181352,6.586749815168175,-170.79211108631728,1222.6994133835628,10.915000000000454,307.1180000000072,-43.70655499696239,16.91667895042104,-614.7906009973908,1164.5215922130503
527412.0,-1.3963,-0.3677,9.1675,0.0007,-0.012,9.8066,0.0984,0.138,-0.0628,197.14,-82.82,86.42,52.860786,-1.681757,12.79,4,312.8,23 / 23,35.229216301486794,-10.380203029470488,-0.8025961719837529,447.51010048978765,57.14231456227606,-63.81133718802146,False,66.00000000000006,-8.658339540701935,6.561801443814181,-171.66507540344182,1223.3554634494085,10.863888888888935,307.15700000000015,-43.88755584218873,16.94200447328467,-619.1751758932295,1166.2131488871323
527512.0,-1.2381,-1.7536,10.7277,-0.0301,-0.014,9.8065,0.05,0.0497,-0.0918,197.07,-82.78,86.36,52.860786,-1.681757,12.79,4,312.8,22 / 22,35.43454283939354,-10.40508517941261,-0.7885011719837656,451.04328844682846,56.10305015183285,-63.890892055219766,False,66.09999999999997,-8.691107124752692,6.654472586370579,-172.53132461034156,1224.022633011167,10.946111111106296,307.43999999998346,-44.125649964146234,17.05955776578319,-623.57461305717,1167.9195828593342
527612.0,-0.496,0.6019,9.1522,-0.0079,0.0121,9.8065,0.0093,-0.117,-0.0071,201.59,-82.55,85.14,52.860786,-1.681757,12.79,4,312.8,22 / 22,35.576253874970284,-10.465808725949953,-0.7751711719837624,454.59382828254746,55.05950545656449,-63.96907567241816,False,66.19999999999999,-8.749921073735617,6.5231780508000545,-173.4110040376129,1224.6786830770134,10.913888888890298,306.70500000003216,-44.3261749487059,16.988986776750007,-628.0048323201604,1169.619177620449
527712.0,-1.2121,-2.0173,10.3457,0.0188,0.0452,9.8064,0.0569,-0.0868,0.1577,200.78,-82.29,84.27,52.860786,-1.681757,12.79,4,312.8,22 / 22,35.72261572334554,-10.520847919227004,-0.7809411719837636,458.1587717624641,54.0101726243054,-64.04688128961655,False,66.30000000000001,-8.700985820489972,6.5435773922273714,-174.27725324460397,1225.3236136525557,10.886944444445227,306.94499999999306,-44.42360154383552,17.064425311454375,-632.4360250070681,1171.3134410282503
527812.0,-0.432,0.7344,10.4706,-0.0058,-0.0046,9.8066,-0.0331,0.1458,-0.0196,203.87,-82.33,84.82,52.860786,-1.681757,12.79,4,312.8,22 / 22,35.860057550792305,-10.58188322154176,-0.7207911719837499,461.7379054261718,52.95503606726672,-64.12196790681494,False,66.40000000000003,-8.678710257131822,6.556516508046696,-175.14350245158104,1225.9796637191082,10.876944444444586,307.06999999999823,-44.53876780792413,17.138399729588457,-636.8814078777528,1173.0246276518415
527912.0,-0.1916,1.3236,9.8217,0.0173,0.0161,9.8066,0.1174,-0.1115,0.0465,209.32,-82.02,86.4,52.860786,-1.681757,12.79,4,312.8,22 / 22,35.87404626189105,-10.78077358648623,-0.6868411719837422,465.32461061680675,51.88690322686507,-64.19234952401334,False,66.50000000000006,-8.681559000510545,6.412533161392894,-176.0097516585715,1226.6245942939431,10.793055555555581,306.45100000000014,-44.5556052624016,17.193306747879124,-641.3343622753782,1174.737691067078
528012.0,0.8627,1.1937,10.201,0.014,0.0232,9.8065,-0.0153,0.1987,-0.038,204.52,-81.85,87.78,52.860786,-1.681757,12.79,4,312.8,22 / 22,35.818600419603484,-10.973955426747969,-0.6663711719837607,468.9092429508782,50.79916677620435,-64.26001014121165,False,66.59999999999997,-8.694512909973607,6.4757343507665555,-176.88271597560495,1227.2806443604475,10.841111111108297,306.6789999999867,-44.513113329577095,17.449689777514525,-645.7919589264832,1176.481477584243
528112.0,-0.9892,-0.2079,10.5442,0.0211,0.0375,9.8065,-0.0347,-0.0451,0.1295,203.82,-81.63,87.06,52.860786,-1.681757,12.79,4,312.8,22 / 22,35.841177230779074,-11.113615179938357,-0.6097761719837478,472.49223183339814,49.69478824586979,-64.32381750841004,False,66.69999999999999,-8.670625650734316,6.358031154479466,-177.74896518263583,1227.914455443565,10.751944444448347,306.2520000000187,-44.51180288151339,17.471646334417823,-650.241197016034,1178.2196671976951
528212.0,-0.7615,-1.0733,10.2874,0.0192,0.0174,9.8066,-0.0478,0.3365,-0.1167,212.3,-81.62,86.29,52.860786,-1.681757,12.79,4,312.8,22 / 22,35.982163848432194,-11.193906294838579,-0.5488611719837339,476.0833988873595,48.57941217213069,-64.38174937560844,False,66.80000000000001,-8.69548370193743,6.34946106839661,-178.62192949972012,1228.5482665245593,10.76694444444401,306.13700000000335,-44.67764755036963,17.543367363235188,-654.7053283870796,1179.9688543524285
528312.0,-0.2446,1.0807,9.6947,0.0193,0.0037,9.8066,-0.0237,0.2372,-0.0119,212.2,-81.41,87.0,52.860786,-1.681757,12.79,4,312.8,22 / 22,36.0483138007626,-11.318226909013958,-0.5304211719837296,479.6849227698201,47.45380551193781,-64.43571349280683,False,66.90000000000003,-8.655304775101357,6.236433963937832,-179.48817870671073,1229.1709581145428,10.668055555556961,305.7740000000052,-44.703618575863956,17.55466087295179,-659.1731014765309,1181.717152602605
528413.0,-1.1387,-0.0357,10.1114,0.0215,0.0073,9.8066,0.0217,0.0652,0.002,212.43,-81.29,87.97,52.860786,-1.681757,12.79,4,312.8,22 / 22,36.10304918997566,-11.49839946693057,-0.5206847719837298,483.32856660085235,46.30156587995262,-64.48879434297719,False,67.00100000000003,-8.739108405014871,6.194339686374307,-180.36993981808044,1229.7997654240794,10.711763888888894,305.32927000000007,-44.842157594990525,17.692739153304878,-663.6985064189328,1183.4981995441267
528511.0,1.882,4.0118,10.242,0.0171,0.0185,9.8066,0.0407,0.3013,-0.111,220.53,-81.1,88.8,52.860786,-1.681757,12.79,4,312.8,21 / 21,35.96938328794102,-11.712698069601718,-0.4844198719837458,486.8601157922687,45.164222100663046,-64.53804447053157,False,67.09899999999999,-8.753453713849787,6.1433007101721016,-181.23202565674387,1230.3991060789488,10.69406944444549,305.0617300000158,-44.72283700179081,17.85599877977382,-668.0921414490126,1185.2348839782858
528612.0,0.476,2.3043,10.2413,0.0399,0.0357,9.8064,-0.0117,0.1528,0.1157,224.44,-80.78,89.55,52.860786,-1.681757,12.79,4,312.8,21 / 21,35.673014086377364,-11.971882555017553,-0.4404848719837461,490.4780568596717,43.96815077911978,-64.58475216010193,False,67.19999999999999,-8.726758396794423,6.046750963986286,-182.10707165799363,1231.0056744036347,10.616944444447812,304.71800000001497,-44.39977248317179,18.01863351900384,-672.5851285176653,1187.037523624515
528712.0,1.6993,1.1966,9.9925,0.0399,0.0004,9.8065,0.0103,0.2165,0.0257,225.16,-80.68,91.31,52.860786,-1.681757,12.79,4,312.8,21 / 21,35.47508714598352,-12.119352097810896,-0.40945987198373895,494.03546192129056,42.76358904647809,-64.62724939730032,False,67.30000000000001,-8.771134048361471,6.046056580565954,-182.98675108523852,1231.6172465004845,10.65305555555451,304.57900000000404,-44.246221194345,18.16540867837685,-677.0222130065291,1188.8536574540065
528812.0,-1.829,0.3348,9.6745,0.0605,0.0114,9.8064,-0.0196,0.6272,-0.2088,226.25,-80.5,92.92,52.860786,-1.681757,12.79,4,312.8,21 / 21,35.424390049537394,-12.27887762501683,-0.4067748719837383,497.5804357810674,41.54367756033643,-64.6680611344987,False,67.40000000000003,-8.738777177327506,5.933962935071293,-183.85971540235002,1232.2065796110694,10.563055555556835,304.1780000000057,-44.1631672268649,18.212840560088125,-681.4401511834175,1190.662902050733
528912.0,0.3943,0.5841,9.9172,0.0142,-0.01,9.8066,-0.0142,0.3007,0.0179,235.41,-80.54,94.2,52.860786,-1.681757,12.79,4,312.8,21 / 21,35.43188996901175,-12.456142557997469,-0.4078548719837385,501.1232497819957,40.306926551185434,-64.70879262169709,False,67.50000000000006,-8.77787491660472,5.816340081910749,-184.73939482960876,1232.784793230643,10.529999999999992,303.5289999999998,-44.209764885616465,18.27248263990822,-685.8626446116044,1192.4778666794575
529012.0,-0.6669,-0.675,10.2472,0.0671,0.021,9.8064,-0.0223,0.4928,-0.1902,234.71,-80.45,94.81,52.860786,-1.681757,12.79,4,312.8,21 / 21,35.42770535493039,-12.562913405551344,-0.3802998719837635,504.66622954818956,39.055973753009134,-64.74820035889543,False,67.59999999999997,-8.797505712203465,5.766360784806224,-185.6190742567892,1233.3630068480516,10.51888888888954,303.24300000001676,-44.225211067133856,18.329274190357566,-690.2853038049788,1194.3070330950425
529112.0,1.0278,3.0035,10.5594,0.0151,0.0033,9.8066,0.1036,0.1369,0.037,236.07,-80.47,96.56,52.860786,-1.681757,12.79,4,312.8,21 / 21,35.30490009613977,-12.710422444261182,-0.3206348719837499,508.20285982074387,37.79230696051822,-64.78324709609382,False,67.69999999999999,-8.848057944111275,5.699780313103603,-186.5054687941818,1233.9301009744927,10.524999999999732,302.7890000000199,-44.15295804025104,18.410202757364786,-694.7083286149257,1196.1377940139744
529212.0,2.2593,3.1854,9.3681,0.0342,0.012,9.8066,0.0262,0.4323,-0.0527,240.78,-80.36,97.86,52.860786,-1.681757,12.79,4,312.8,21 / 21,34.93595310308045,-12.828293002936574,-0.30492487198374624,511.7149024807057,36.51537118815804,-64.8145250832922,False,67.80000000000001,-8.851840968555718,5.557702235384285,-187.39186333154817,1234.4749561153753,10.451944444446562,302.1230000000193,-43.78779407163617,18.38599523832086,-699.1067658122538,1197.9595849272173
529312.0,1.0128,0.9656,10.0612,0.0119,-0.0025,9.8066,-0.0095,0.1177,0.079,247.41,-80.41,99.67,52.860786,-1.681757,12.79,4,312.8,21 / 21,34.646761369192674,-12.874088424214278,-0.3141248719837483,515.1940382043201,35.23025211680021,-64.84547757049057,False,67.90000000000003,-8.802206705769771,5.437202610937863,-188.27154275878047,1235.019811256257,10.346111111112616,301.704000000006,-43.448968074962444,18.31129103515214,-703.4655809631006,1199.789559139457
529411.0,-2.8423,-0.7129,10.3181,0.0435,0.0145,9.8065,-0.0171,-0.082,0.2149,247.51,-80.39,99.86,52.860786,-1.681757,12.79,4,312.8,21 / 21,34.63357291655167,-13.054742772476477,-0.27620787198377406,518.6234147514622,33.94677497256489,-64.87469904131694,False,67.99899999999997,-8.91447181678773,5.31473939212955,-189.15572130983142,1235.5372012493265,10.378561111111095,300.8031000000005,-43.5480447333394,18.369482164606026,-707.7791360612936,1201.5904262767615
529512.0,0.1411,2.9242,9.714,0.0301,-0.007,9.8066,-0.0747,0.3879,-0.0583,248.56,-80.22,100.87,52.860786,-1.681757,12.79,4,312.8,21 / 23,34.54378944070559,-13.314503692322178,-0.2550584719837742,522.1168715505037,32.61512802609257,-64.9015279916873,False,68.09999999999997,-8.897290500115828,5.147210754067819,-190.05776205375534,1236.0539240730252,10.278888888894743,300.05000000004355,-43.44107994082142,18.461714446389998,-712.174633604259,1203.4387960469326
529612.0,-2.5627,-0.9769,10.3206,0.0729,-0.0144,9.8063,-0.0365,0.8263,-0.4024,251.69,-80.0,102.43,52.860786,-1.681757,12.79,4,312.8,21 / 23,34.45088532476999,-13.558863516074107,-0.23399347198376927,525.5666052887782,31.27145966567245,-64.92598058888568,False,68.19999999999999,-8.974334023061187,5.001411975009085,-190.95087170126922,1236.5543012434978,10.273888888889106,299.1310000000402,-43.42521934783118,18.560275491083193,-716.5174769900474,1205.2828415778254
529712.0,4.6089,2.1389,10.0376,0.0544,-0.026,9.8064,-0.127,0.4739,-0.0458,260.98,-80.12,104.81,52.860786,-1.681757,12.79,4,312.8,21 / 23,34.34542446644757,-13.540311925750892,-0.19674847198376075,529.0064207783398,29.916500893580892,-64.94751768608405,False,68.30000000000001,-8.970506915161007,4.804502370775186,-191.85069645891696,1237.0213199352793,10.176111111113945,298.1730000000278,-43.31593138160858,18.344814296526078,-720.8571172372567,1207.1048190416984
529812.0,-0.6832,1.303,10.0857,0.05,0.0188,9.8064,-0.2075,0.7725,-0.2116,260.0,-79.71,105.92,52.860786,-1.681757,12.79,4,312.8,21 / 23,34.08882768702942,-13.456806463667977,-0.17124847198375495,532.4281333860145,28.566644974109643,-64.96591753328244,False,68.40000000000003,-9.041226219542077,4.643367936395631,-192.75723632668567,1237.4883386270594,10.163888888889064,297.18400000001407,-43.1300539065715,18.100174400063608,-725.1853697127001,1208.9216936529497
529912.0,3.3941,3.0417,10.2075,-0.0278,0.0033,9.8066,-0.016,0.6302,-0.2018,258.63,-79.75,106.37,52.860786,-1.681757,12.79,4,312.8,21 / 23,33.793128679537105,-13.44887844349019,-0.1372534719837472,535.8222312043436,27.221360728751428,-64.98134263048081,False,68.50000000000006,-9.034230995519504,4.377437657243281,-193.66377619446794,1237.9108793484302,10.038888888888895,295.85199999999924,-42.82735967505661,17.82631610073347,-729.4860073988115,1210.6895186196787
530012.0,0.5582,2.8642,10.3427,0.0208,-0.0207,9.8065,0.0499,0.3341,-0.0379,263.09,-79.57,107.68,52.860786,-1.681757,12.79,4,312.8,21 / 23,33.40793801537029,-13.38395135234192,-0.09040847198378975,539.1822845390859,25.87971923896104,-64.99272572767917,False,68.59999999999997,-9.145231323119686,4.162711195140397,-194.57703117230352,1238.3223005773443,10.048055555555019,294.47400000008065,-42.55316933848998,17.546662547482317,-733.7593157113895,1212.4425813383832
530112.0,3.4733,2.4061,9.874,-0.0441,-0.0307,9.8064,-0.073,0.6181,-0.1938,266.91,-79.75,109.44,52.860786,-1.681757,12.79,4,312.8,21 / 23,33.07003311282017,-13.28416766671144,-0.060238471983782765,542.5061830954962,24.54631328800807,-65.00025807487755,False,68.69999999999999,-9.127536457128874,3.8366755737845213,-195.49028615020663,1238.7003633275992,9.901111111117542,292.79900000007336,-42.197569569949046,17.12084324049596,-737.9964692457029,1214.154050039591
530212.0,2.1081,1.2779,10.2474,-0.0296,-0.047,9.8064,0.0356,-0.0362,0.1847,269.75,-79.72,110.91,52.860786,-1.681757,12.79,4,312.8,21 / 23,32.80888220311642,-13.085970901721595,-0.03483347198377687,545.8001288612938,23.22780635958612,-65.00501167207592,False,68.80000000000001,-9.232299419801263,3.5129231391803994,-196.41697134836417,1239.0450675998693,9.878055555556223,290.832000000057,-42.041181622917684,16.598894040901996,-742.217100209658,1215.8172612402832
530312.0,-3.0029,0.3894,9.8573,-0.0187,-0.0344,9.8065,-0.0529,0.3429,-0.0079,269.5,-79.75,112.02,52.860786,-1.681757,12.79,4,312.8,21 / 23,32.65739071960673,-13.203492923424475,-0.010263471983771168,549.0734425074307,21.913333168328517,-65.0072665192743,False,68.90000000000003,-9.271569292697384,3.3224411501782227,-197.34365654653567,1239.3675328879947,9.848888888889304,289.71500000001583,-41.92896001230412,16.5259340736027,-746.4170990539665,1217.4541997196661
530412.0,-1.7282,1.8223,9.7811,-0.0409,-0.0265,9.8065,0.0317,-0.0496,0.1494,273.46,-79.87,114.23,52.860786,-1.681757,12.79,4,312.8,21 / 23,32.471826580979574,-13.504581279940435,-0.009008471983770788,552.3299033724608,20.577929458159968,-65.00823011647267,False,69.00000000000006,-9.283190456580535,2.8876597319829562,-198.27034174470714,1239.645520203588,9.721944444444425,287.2789999999991,-41.75501703756011,16.392241011923392,-750.6002451171679,1219.0675907454279
530513.0,-1.8912,-0.7605,9.7844,-0.0185,-0.0246,9.8066,0.0444,0.1588,0.0199,277.57,-79.77,116.06,52.860786,-1.681757,12.79,4,312.8,20 / 20,32.323441490389925,-13.751359472858903,-0.011422371983770701,555.6020644100649,19.201504450143613,-65.00926187409304,False,69.10100000000006,-9.329717308941545,2.6102001748170034,-199.21314320714188,1239.9036036284922,9.687994444444794,285.63016000007383,-41.65315879933147,16.361559647675907,-754.8152076172069,1220.7020991783486
530612.0,0.5913,1.4278,9.9247,-0.0421,-0.0259,9.8065,0.0413,-0.1114,0.1733,278.05,-79.85,117.45,52.860786,-1.681757,12.79,4,312.8,20 / 20,32.20475672916591,-13.871401550908669,-0.006680271983773897,558.7962102219308,17.834177779468046,-65.01015795496943,False,69.19999999999999,-9.37948894146674,2.4010904652292635,-200.14385747138328,1240.1347778823238,9.681944444444712,284.35900000005626,-41.58424567063265,16.27249201613793,-758.9400676933141,1222.3006001028557
530712.0,-1.4147,-0.6373,9.759,-0.0344,-0.0078,9.8065,-0.0013,0.1151,0.0463,281.01,-80.0,118.8,52.860786,-1.681757,12.79,4,312.8,20 / 20,32.075613283241466,-13.967024082434657,-0.0031602719837730405,562.0102287225519,16.442256497800564,-65.0106499821678,False,69.30000000000001,-9.30900351496215,1.9691822055131547,-201.0772577796759,1240.3126897639659,9.51500000000484,281.94400000007005,-41.384616798203616,15.936206287947812,-763.0874865022279,1223.8704332661653
530812.0,-0.1162,2.4177,10.0605,-0.0602,-0.0125,9.8064,0.0426,-0.3839,0.2493,278.52,-80.19,119.21,52.860786,-1.681757,12.79,4,312.8,20 / 20,31.892353745598825,-14.089429390080966,0.007149728016229344,565.2086270739946,15.039433824174465,-65.01045050936618,False,69.40000000000003,-9.401752172482903,1.6650588515659057,-202.01737319811554,1240.4683626614624,9.548055555555088,280.043000000027,-41.294105918081726,15.754488241646872,-767.2260002721102,1225.428928837288
530912.0,-5.2699,-0.8424,9.7313,0.0032,-0.0089,9.8066,0.0097,-0.1939,0.1853,278.51,-80.26,119.04,52.860786,-1.681757,12.79,4,312.8,20 / 20,31.695277086456134,-14.404901964359361,0.016074728016231356,568.3880086155981,13.614717256452124,-65.00928928656455,False,69.50000000000006,-9.418943782431741,1.4043094878220022,-202.95748861655542,1240.6017965734,9.5230555555555,278.4799999999991,-41.11422086888788,15.809211452181364,-771.3454972321535,1226.9870793169478
531011.0,-1.287,1.4461,10.0074,-0.0534,-0.0197,9.8064,0.0858,-0.4733,0.237,279.94,-80.47,119.94,52.860786,-1.681757,12.79,4,312.8,20 / 20,31.537140760214623,-14.778673518293159,0.022282028016227178,571.5180132990062,12.170130270061806,-65.00739062714095,False,69.59899999999999,-9.356502516880106,1.1329378835670338,-203.8882028807291,1240.7118795505066,9.42488055556128,276.9039200000919,-40.893643277094725,15.911611401860192,-775.4062161797352,1228.5417492804447
531111.0,-6.4664,-1.8121,9.3365,0.0216,0.0065,9.8066,0.1071,-0.498,0.2536,280.48,-80.32,119.69,52.860786,-1.681757,12.79,4,312.8,20 / 20,31.404005636279404,-15.222419090995217,0.008812028016224155,574.6650706188316,10.670075639597046,-65.00583592433932,False,69.69900000000001,-9.27950784968764,0.7281220741528471,-204.81502238111642,1240.7680329879809,9.308113888893997,274.486260000106,-40.68351348596704,15.950541165148064,-779.480092999948,1230.0979573483837
531212.0,-3.8432,1.2465,9.2997,-0.0183,-0.0052,9.8066,0.0822,-0.4596,0.1057,281.49,-80.44,120.39,52.860786,-1.681757,12.79,4,312.8,20 / 20,31.251554259978107,-15.795728297778794,-0.04053152198377541,577.8291763935925,9.103659196463973,-65.00743775878469,False,69.80000000000001,-9.400881564539828,0.5998548236306407,-205.76440465151063,1240.8241864268593,9.419999999996723,273.65100000002354,-40.65243582451794,16.395583121409434,-783.5935810451032,1231.7205272303954
531312.0,-7.7914,-0.4393,9.285,0.0696,0.03,9.8063,0.0359,-0.64,0.274,278.11,-79.96,118.18,52.860786,-1.681757,12.79,4,312.8,20 / 20,31.03835040347988,-16.419384459578087,-0.09196152198378706,580.9436716267661,7.492903558595763,-65.01406241098307,False,69.90000000000003,-9.368655378477511,0.24827216736590318,-206.70452006995052,1240.835305918579,9.371944444445127,271.51800000003027,-40.40700578195739,16.66765662694399,-787.6481916967166,1233.3424023599832
531412.0,-0.4679,1.1739,9.898,0.0053,0.0113,9.8066,-0.0095,-0.2744,0.045,278.01,-80.12,117.76,52.860786,-1.681757,12.79,4,312.8,20 / 20,30.864911919247223,-16.8845823743276,-0.1134765219837919,584.0388347429032,5.8277052169001,-65.02433431318146,False,70.00000000000006,-9.302596810583282,-0.09238641392418126,-207.63120526812216,1240.824186426861,9.303055555555499,269.4309999999991,-40.1675087298305,16.79219596040342,-791.6700400110253,1234.9964812099608
531512.0,-5.411,-0.4472,8.4029,0.0614,0.0254,9.8064,0.0493,-0.7552,0.2853,276.64,-80.17,117.44,52.860786,-1.681757,12.79,4,312.8,19 / 21,30.71641260538018,-17.23333028877389,-0.17909652198373216,587.1179009691317,4.121809583746576,-65.03896296537982,False,70.09999999999997,-9.197080164834977,-0.35395920769794054,-208.55117535610484,1240.7685889626148,9.203888888894696,267.7960000000957,-39.91349277021516,16.87937108107595,-795.6690763252366,1236.6467793788681
531612.0,-9.2752,-2.0254,8.778,0.0583,0.0304,9.8064,-0.1084,0.0599,-0.1794,275.96,-80.25,116.59,52.860786,-1.681757,12.79,4,312.8,19 / 21,30.68298943095377,-18.040248380892084,-0.3007165219837597,590.1878710709491,2.3581306502628765,-65.0629536175782,False,70.19999999999999,-9.20961135183149,-0.6131547506074745,-209.47786055426255,1240.701872006647,9.229999999998858,266.19100000007023,-39.892600782785266,17.42709363028461,-799.6657316252116,1238.343741356384
531712.0,-6.5272,-1.223,9.1063,0.0121,0.0507,9.8065,-0.0103,-0.4665,-0.0685,268.41,-80.37,113.11,52.860786,-1.681757,12.79,4,312.8,19 / 21,30.733755945030975,-18.905589417756776,-0.3871665219837793,593.258708339749,0.5108387603300135,-65.09734776977659,False,70.30000000000001,-9.122915255308824,-0.9086583044450385,-210.39111553217958,1240.601796573403,9.168055555557352,264.31200000005447,-39.8566712003398,17.99693111331174,-803.6498238719286,1240.090957813073
531812.0,-9.3472,-2.0036,8.3237,0.0949,0.0769,9.8058,-0.0579,0.1791,-0.4166,263.11,-80.04,109.2,52.860786,-1.681757,12.79,4,312.8,19 / 21,30.89558362394597,-19.758835006157856,-0.4963315219838041,596.3401753181985,-1.4223824608661577,-65.14152267197498,False,70.40000000000003,-9.050967671648817,-1.0619631657566355,-211.29094028981467,1240.4906016470245,9.113055555556336,263.30800000001426,-39.94655129559479,18.696871840401222,-807.6311156080131,1241.9129841078907
531912.0,-3.41,-0.3747,8.9667,0.0135,0.0202,9.8066,-0.0848,-0.1202,-0.1729,262.41,-79.77,106.32,52.860786,-1.681757,12.79,4,312.8,19 / 21,31.032361338172933,-20.457396614417547,-0.6124765219838304,599.4365725663051,-3.4331940418953852,-65.19696307417338,False,70.50000000000006,-9.090214034742225,-1.3373008990310136,-212.2041952677309,1240.346048241955,9.188055555555467,261.631,-40.12257537291516,19.120095715386533,-811.6407678340361,1243.7792422838504
532012.0,-6.3668,-2.9169,9.2515,0.028,0.047,9.8064,-0.1663,-0.1768,-0.1066,255.0,-79.41,103.23,52.860786,-1.681757,12.79,4,312.8,19 / 21,31.242807539435752,-20.977593302794844,-0.6822315219837669,602.5503310101827,-5.504943537754121,-65.2616984763717,False,70.59999999999997,-8.935259894558865,-1.3180102671769596,-213.09058980501837,1240.2237338231596,9.031944444453584,261.60900000000134,-40.17806743399461,19.659583035617885,-815.6409208152011,1245.7286773609137
532112.0,-3.7715,0.1266,9.4543,-0.0355,0.0229,9.8065,-0.051,-0.0702,-0.2344,251.61,-79.3,99.92,52.860786,-1.681757,12.79,4,312.8,19 / 21,31.47370922917602,-21.517048032204887,-0.7276065219837772,605.686156848614,-7.629675604504591,-65.3321903785701,False,70.69999999999999,-8.9576948303322,-1.603029421620882,-213.99041456267898,1240.056941431826,9.09999999999702,259.85400000007684,-40.43140405950822,19.914018610584005,-819.676571411293,1247.6866170363307
532212.0,-4.18,-1.0402,9.6101,-0.0069,0.0183,9.8066,0.0555,-0.2098,-0.127,247.1,-79.03,98.14,52.860786,-1.681757,12.79,4,312.8,19 / 21,31.616817885386467,-21.961963581150744,-0.7550515219837834,608.8406832043429,-9.803626185172867,-65.4063232807685,False,70.80000000000001,-8.906229075629085,-1.5199699511677904,-214.87680910005923,1239.9012685350372,9.035000000001885,260.31499999998664,-40.52304696101555,20.441993629982953,-823.7174923044022,1249.70489472021
532312.0,-3.7021,0.8289,9.3492,-0.0347,-0.0085,9.8065,-0.0017,-0.0577,-0.114,246.32,-79.14,96.69,52.860786,-1.681757,12.79,4,312.8,19 / 21,31.747075562294878,-22.41390327563004,-0.7877515219837908,612.0088778767276,-12.02241952801241,-65.4834634329669,False,70.90000000000003,-8.836002324213508,-1.704424876921856,-215.7564885273049,1239.7344761458232,8.998888888889402,259.0820000000175,-40.583077886508384,20.709478398708185,-827.7653664040325,1251.7568956738357
532412.0,-3.6108,-2.0507,9.6452,-0.0201,0.002,9.8066,-0.013,-0.1303,-0.1535,241.66,-79.11,95.77,52.860786,-1.681757,12.79,4,312.8,19 / 21,31.92854512747296,-22.80527817615163,-0.8186965219837978,615.1926589112168,-14.283378600602008,-65.56378583516529,False,71.00000000000006,-8.859082033442489,-1.6798668515491908,-216.64959817481858,1239.5565642620618,9.01694444444443,259.2629999999999,-40.78762716091545,21.12541132460244,-831.8422570860354,1253.8399428626637
532512.0,-5.5344,-3.1504,9.1928,-0.0403,-0.0141,9.8065,0.0127,-0.3571,0.0178,237.21,-79.25,93.84,52.86111,-1.683021,8.22,4,285.34,20 / 21,32.36354748277836,-23.159967315493354,-0.8574615219837625,618.4072635417264,-16.581640875182167,-65.6475937373636,False,71.09999999999997,-8.834087176360852,-1.6834345801932855,-217.52927760199904,1239.38977187286,8.993055555556953,259.2110000000031,-41.19763465913921,21.47653273530007,-835.9365411437254,1255.971412748042
532613.0,-3.3344,-2.2179,9.2518,-0.052,-0.0046,9.8065,0.0503,-0.463,0.0386,238.93,-79.44,92.64,52.86111,-1.683021,8.22,4,285.34,20 / 21,32.81035968770601,-23.4938938432898,-0.9164808719838283,621.6985458538395,-18.937660863703346,-65.73717782825905,False,71.20100000000008,-8.768110634007884,-1.42639046633452,-218.41097156229586,1239.2552260116488,8.883388888891025,260.7601599999566,-41.578470321713894,22.06750337695528,-840.1095174161353,1258.192886875352
532712.0,-4.7293,-3.392,8.7786,-0.015,0.0159,9.8066,0.0031,-0.4667,0.0692,229.5,-79.37,90.72,52.86111,-1.683021,8.22,4,285.34,20 / 21,33.25517427409615,-23.745179748300902,-0.994834421983775,624.9687897849465,-21.275995006485495,-65.83178793531039,False,71.30000000000001,-8.742824029123273,-1.2651564713679273,-219.27520623622203,1239.1451430338338,8.833888888890337,261.7659999999706,-41.99799830321942,22.480023276932975,-844.2439960211685,1260.4211380403194
532812.0,-2.2226,-2.1934,9.9388,-0.0348,0.0145,9.8065,-0.0269,-0.2712,-0.0313,229.15,-79.51,88.67,52.86111,-1.683021,8.22,4,285.34,20 / 21,33.68753601037483,-23.926955230372315,-1.0396294219837852,628.3159252991708,-23.659601755419697,-65.9335111275088,False,71.40000000000003,-8.650787477524846,-1.0398139895799372,-220.134740333092,1239.0450675998807,8.713055555557274,263.1459999999804,-42.33832348789967,22.887141240792378,-848.4506656322628,1262.7046693553004
532912.0,-4.3353,-3.2515,8.8808,-0.0059,0.0195,9.8065,0.0019,-0.6656,0.1784,220.67,-79.57,86.75,52.86111,-1.683021,8.22,4,285.34,20 / 21,34.11541600884586,-24.056903441423234,-1.079314421983794,631.7060729001325,-26.05879468901002,-66.0394583197072,False,71.50000000000006,-8.50991469070054,-1.029360731541468,-220.98755931981415,1238.944992165928,8.571944444444362,263.1030000000018,-42.6253306995464,23.027542709881764,-852.6936322199467,1265.003786854938
533012.0,-2.7323,-2.8565,9.9801,-0.0561,-0.0096,9.8065,0.0173,-0.5138,0.0729,216.27,-79.87,83.91,52.86111,-1.683021,8.22,4,285.34,20 / 21,34.5934819265508,-24.1395516463479,-1.1169344219837596,635.1415177968993,-28.468617443396386,-66.14927076190547,False,71.59999999999997,-8.411744478667764,-0.5373292537770535,-221.82023297608546,1238.9227531810782,8.428888888897264,266.3449999998102,-43.005226405218565,23.602222392570848,-856.9617507729847,1267.3913706244746
533112.0,-4.6238,-4.5879,8.6253,-0.0079,0.0302,9.8065,0.0529,-0.7575,0.2154,214.54,-80.13,80.72,52.86111,-1.683021,8.22,4,285.34,20 / 21,35.126974837313604,-24.14558468961231,-1.167329421983771,638.6275406350933,-30.882874260194946,-66.26348395410388,False,71.69999999999999,-8.504396929662178,-0.3583728337887472,-222.67305196280634,1238.889394702387,8.51194444444081,267.58699999994565,-43.63137176697578,23.787211855823564,-861.3005925978996,1269.772268962582
533212.0,-5.3598,-5.3384,8.1881,-0.0342,0.0186,9.8066,-0.0115,-0.7191,0.1682,207.13,-80.54,77.88,52.86111,-1.683021,8.22,4,285.34,20 / 21,35.833769873862465,-24.06863759282575,-1.307324421983803,642.1755778706529,-33.293585374317395,-66.38721664630228,False,71.80000000000001,-8.39183017536774,0.04379345251458938,-223.50572561912668,1238.9116336872362,8.391944444447923,270.2989999999214,-44.22560004923021,24.112431045340337,-865.6813034897796,1272.2052190615536
533312.0,-5.0041,-6.6969,8.9244,-0.032,0.0372,9.8065,-0.059,-0.7208,0.0737,199.99,-80.76,72.29,52.86111,-1.683021,8.22,4,285.34,20 / 21,36.581651106454665,-23.816369764696603,-1.4323644219838312,645.7963489196695,-35.68783574219405,-66.52420108850069,False,71.90000000000003,-8.266977254797096,0.483619998819982,-224.33839927544616,1238.9672311514855,8.281111111112686,273.3479999999567,-44.84862836125176,24.299989763516585,-870.1347481951157,1274.6550668936795
533412.0,-4.7356,-5.2693,8.861,-0.0542,0.0502,9.8063,-0.1034,-0.3854,-0.1392,191.06,-80.6,67.74,52.86111,-1.683021,8.22,4,285.34,20 / 21,37.26469479127057,-23.459979574687157,-1.523759421983852,649.4886662145566,-38.05165320916378,-66.6720072806991,False,72.00000000000006,-8.147836390161775,0.7790938063902721,-225.15092760139004,1239.056187093012,8.18500000000001,275.46200000000056,-45.41253118143234,24.23907338107743,-874.6395938159467,1277.1078403021759
533512.0,-1.6294,-3.3689,9.223,-0.0477,0.0188,9.8065,-0.0472,-0.5893,0.0151,179.97,-80.46,63.37,52.86111,-1.683021,8.22,4,285.34,21 / 21,37.693575368432015,-23.154025083927205,-1.6002244219837822,653.2365797225383,-40.38235344209238,-66.82820647289735,False,72.09999999999997,-8.148749061578082,0.9252633074988615,-225.96345592726024,1239.1451430338254,8.201111111110167,276.47799999994055,-45.842324430010095,24.07928839142607,-879.2000356497986,1279.5274964759178
533612.0,-2.6442,-6.4661,9.8459,-0.0197,0.0178,9.8065,-0.0368,-0.687,0.0299,170.82,-80.42,58.52,52.86111,-1.683021,8.22,4,285.34,21 / 21,37.93087779185367,-22.708533557358045,-1.6274444219837882,657.0178023805535,-42.675481374157165,-66.98958991509576,False,72.19999999999999,-7.917983582889775,1.406558363069074,-226.74912381266864,1239.3008159320248,8.041944444451412,280.07299999984264,-45.84886137474344,24.11509192042712,-883.7669261932222,1281.976297306182
533712.0,-3.243,-3.9665,8.6897,-0.005,-0.0031,9.8066,-0.0443,-0.5383,-0.0526,169.75,-80.37,56.09,52.86111,-1.683021,8.22,4,285.34,21 / 21,38.216657289871115,-22.200585129444676,-1.6813294219838004,660.8251791346406,-44.92093730849781,-67.15502860729418,False,72.30000000000001,-7.702083459372844,1.510949097443712,-227.52136147780766,1239.4676083212385,7.848888888894485,281.09899999997026,-45.91874074924396,23.71153422688839,-888.3465406124483,1284.3885456297362
533812.0,-1.0842,-5.2577,9.5485,-0.0226,-0.0141,9.8066,-0.0186,-0.6138,0.0482,167.09,-80.42,54.37,52.86111,-1.683021,8.22,4,285.34,21 / 21,38.41937514620532,-21.761812529431342,-1.7500844219838159,664.6569807564454,-47.11905719144211,-67.3265992994926,False,72.40000000000003,-7.530231985669033,1.7728568372791396,-228.2667387024235,1239.6455202035852,7.736111111112714,283.24799999996947,-45.94960713187435,23.53466936671048,-892.9237194588688,1286.7645773950273
533912.0,0.3542,-5.1622,9.6005,-0.0567,-0.0365,9.8064,0.0311,-0.5101,-0.0932,155.25,-80.65,52.18,52.86111,-1.683021,8.22,4,285.34,21 / 21,38.37930892814513,-21.308779457328903,-1.773299421983821,668.4969149601637,-49.272586790780615,-67.50276849169101,False,72.50000000000006,-7.448494636202938,2.002786473277133,-229.01211592703854,1239.8567905646237,7.713055555555516,285.0500000000009,-45.827803564348066,23.311565930606037,-897.5090308872022,1289.1293773554044
534012.0,-0.1187,-5.8718,8.951,-0.0323,-0.022,9.8065,0.118,-0.6386,-0.1096,147.01,-80.54,47.65,52.86111,-1.683021,8.22,4,285.34,21 / 21,38.196519979073116,-20.85835179519504,-1.8263894219837726,672.3257064055211,-51.380943353404895,-67.68275293388923,False,72.59999999999997,-7.3259566320638125,2.185494091773895,-229.7373478212107,1240.0902999112036,7.645000000003984,286.6109999999086,-45.52247661113693,23.043845886968935,-902.0630542267319,1291.4712432646086
534112.0,-0.6424,-5.8987,10.0904,0.0024,-0.0176,9.8066,0.0194,-0.3952,-0.061,141.97,-80.51,45.89,52.86111,-1.683021,8.22,4,285.34,21 / 21,37.98399905303005,-20.371526966792135,-1.854984421983779,676.1347323571272,-53.442437291504724,-67.86682162608766,False,72.69999999999999,-7.20637850437107,2.398360659235663,-230.4558646053027,1240.3349287495187,7.595000000002188,288.40799999992134,-45.19037755740112,22.7698876260278,-906.5905969624299,1293.7773660410235
534212.0,1.3911,-4.7502,9.2792,0.0072,-0.047,9.8064,0.0817,-0.6897,0.1526,140.55,-80.66,45.52,52.86111,-1.683021,8.22,4,285.34,21 / 21,37.722497414418974,-19.989402313979657,-1.8671694219837818,679.9200571805005,-55.46048375554377,-68.05292931828608,False,72.80000000000001,-7.068428196647139,2.664312326762414,-231.16095116911316,1240.6240355589498,7.553888888890081,290.65299999993493,-44.790925611066115,22.65371464074207,-911.0810083496137,1296.0845193144935
534311.0,0.9228,-6.1728,9.1946,-0.0065,-0.0471,9.8064,0.0616,-0.5413,-0.0349,138.99,-80.93,44.86,52.86111,-1.683021,8.22,4,285.34,21 / 21,37.38367929346497,-19.657522476684587,-1.9235746719838083,683.6378129275425,-57.42300653268257,-68.24057115093755,False,72.89900000000006,-7.004785333595063,2.890621611563627,-231.85233890827888,1240.9212595970894,7.577813888888548,292.42410999997475,-44.38846462706003,22.548144088248215,-915.4901518358214,1298.344266129772
534412.0,1.281,-3.5619,9.8277,-0.0194,-0.0672,9.8064,-0.0004,-0.2967,-0.049,138.36,-81.07,43.23,52.86111,-1.683021,8.22,4,285.34,21 / 21,37.076939516830144,-19.366165083478446,-1.953420171983808,687.3980741774624,-59.39370275447079,-68.43635939055791,False,73.00000000000006,-6.793081402331913,3.2255922031917468,-232.5308336359817,1241.2578466399434,7.519999999999942,295.400000000001,-43.87002091916206,22.591757286670195,-919.9289078134441,1300.6515493944141
534512.0,2.7747,-5.7625,8.8414,-0.0035,0.0457,9.8065,-0.0003,-0.7026,0.0997,137.47,-81.15,42.13,52.86111,-1.683021,8.22,4,285.34,22 / 22,36.71362967312527,-19.160444678787865,-2.000630171983765,691.0876026369568,-61.32003324258235,-68.6340619077561,False,73.09999999999997,-6.599987466886534,3.386401284894448,-233.18891442884365,1241.6136704053185,7.418055555561524,297.16199999989686,-43.3136171400118,22.546845963682312,-924.2765170658005,1302.933703647901
534612.0,3.4453,-1.9599,8.2839,-0.0296,0.0094,9.8065,-0.0546,-0.3256,0.0302,132.99,-80.83,41.15,52.86111,-1.683021,8.22,4,285.34,22 / 22,36.32735286225995,-19.099767845868293,-2.125030171983793,694.7396517637269,-63.23304386881559,-68.84034492495454,False,73.19999999999999,-6.341258019055773,3.686552825582132,-233.81341967107187,1242.0028526487026,7.335000000003634,300.17199999986826,-42.66861088131572,22.786320671450426,-928.5530714347988,1305.2358965175183
534712.0,2.7401,-2.9112,9.2127,-0.0312,-0.0268,9.8065,-0.0069,-0.3933,0.057,132.87,-80.91,36.86,52.86111,-1.683021,8.22,4,285.34,22 / 22,36.03813115455971,-19.155005586657456,-2.230865171983817,698.3579259645687,-65.14578254044231,-69.05813969215296,False,73.30000000000001,-6.131537749518721,4.007476740572164,-234.42449469305706,1242.4142738762316,7.32500000000029,303.16799999991315,-42.16966890407843,23.16248232722962,-932.7824206576258,1307.560056416674
534813.0,1.8585,0.0621,9.1223,-0.0186,-0.0283,9.8066,0.0492,-0.5466,0.033,130.57,-81.0,33.99,52.86111,-1.683021,8.22,4,285.34,22 / 22,35.8782369722376,-19.222222941272083,-2.2954193219838164,701.9897025549719,-67.08383258110274,-69.28671705909832,False,73.40100000000001,-5.931588915050382,4.335658279962419,-235.01401421153682,1242.8640573562636,7.347469444446474,306.1656699999318,-41.809825887287985,23.557881221234503,-937.0037167665088,1309.9478899373664
534912.0,3.6391,-6.3897,9.4498,-0.022,0.0579,9.8064,0.163,-0.8119,0.3748,125.71,-81.01,32.49,52.86111,-1.683021,8.22,4,285.34,22 / 22,35.556716148742346,-19.242258839883682,-2.3469587219838406,705.525732734462,-68.98782442927084,-69.51651477227483,False,73.50000000000006,-5.448629121448891,4.717254383877041,-235.5392029749207,1243.3594307536302,7.206944444444409,310.88500000000147,-41.005345270191235,23.959513223760723,-941.0649357093828,1312.347255182901
535012.0,2.6977,-5.96,8.8373,0.0249,-0.0227,9.8066,-0.0441,-0.106,0.011,128.89,-81.55,30.44,52.86111,-1.683021,8.22,4,285.34,22 / 22,34.973231992464456,-19.10632973700121,-2.4132687219837803,709.0522301415192,-70.90525385811334,-69.75452614447299,False,73.59999999999997,-5.182833104606682,4.919872459950899,-236.04955134489475,1243.8709274164898,7.1461111111146725,313.50899999984637,-40.156065097071135,24.02620219695211,-945.101781486414,1314.7761812746032
535112.0,3.944,-4.3461,9.467,0.0003,0.0563,9.8065,-0.0634,-0.5097,0.2474,124.93,-81.58,30.0,52.86111,-1.683021,8.22,4,285.34,22 / 22,34.46417207878825,-19.04571724144719,-2.478718721983795,712.5241003450826,-72.81285620703619,-69.99912551667143,False,73.69999999999999,-4.724508337750408,5.173452799420921,-236.49946372371562,1244.4046630649445,7.006111111117239,317.59699999982104,-39.18868041653866,24.21917004086811,-949.0235640687982,1317.2175192719808
535212.0,1.5119,-7.9635,9.7971,-0.0381,0.0505,9.8064,-0.1118,0.431,-0.2901,121.67,-81.58,26.44,52.86111,-1.683021,8.22,4,285.34,22 / 22,33.892005926300264,-18.916310726977887,-2.496178721983799,715.9419092453378,-74.71095760545788,-70.24787038886986,False,73.80000000000001,-4.320340974461569,5.590069665429463,-236.9158005518635,1244.9828766831013,7.064999999998293,322.3009999998636,-38.21234690076183,24.50638039240735,-952.8577097972013,1319.6938342885592
535312.0,2.1033,-0.8913,9.1614,-0.0143,-0.1047,9.806,0.0404,0.1658,-0.2048,119.27,-81.74,24.39,52.86111,-1.683021,8.22,4,285.34,22 / 22,33.51943208933872,-18.814811180020488,-2.5289187219838065,719.3124811461205,-76.59751370080822,-70.4991252610683,False,73.90000000000003,-3.9729936404485966,5.7315310142700175,-237.30527693952726,1245.5722097936853,6.973888888890184,325.2709999999578,-37.49242572978732,24.546342194290506,-956.6177580856478,1322.1697234944934
535412.0,2.6525,-2.6747,9.1105,0.0165,-0.005,9.8065,0.0622,-0.078,0.0847,114.3,-82.21,19.46,52.86111,-1.683021,8.22,4,285.34,22 / 22,33.346979825546626,-18.9177573622941,-2.595988721983822,722.6558017418655,-78.48414212792439,-70.75537063326674,False,74.00000000000006,-3.560463920209461,6.0732772596751055,-237.6410324461175,1246.194901382961,7.040000000000014,329.61900000000213,-36.90744374575608,24.991034621969206,-960.296834187983,1324.6790435108853
535511.0,2.2692,-0.0809,8.4562,0.0103,-0.093,9.8062,-0.1663,0.3061,-0.0782,104.48,-82.6,12.39,52.86111,-1.683021,8.22,4,285.34,22 / 22,33.228475724620715,-19.04655543847811,-2.697295421983753,725.9512867915965,-80.36337561156134,-71.01738819839295,False,74.09899999999999,-3.172844890794259,6.312025081092466,-237.9401906024548,1246.8333826527003,7.064749999998557,333.31268999978465,-36.401320615414974,25.358580519570573,-963.8914773940513,1327.1967582642617
535612.0,3.7854,1.9883,9.2992,-0.0194,-0.0719,9.8063,0.0384,-0.3755,0.2472,105.78,-82.46,10.42,52.86111,-1.683021,8.22,4,285.34,22 / 22,33.32716410953898,-19.315976967292062,-2.791119371983752,729.3123466032216,-82.30068349805272,-71.29455314548831,False,74.19999999999999,-2.7620802616390105,6.567841169533322,-238.21181680728986,1247.5070015181398,7.124999999997373,337.19099999983183,-36.08924437117799,25.883818136825383,-967.5241634105115,1329.8076850161924
535712.0,2.6484,-3.8294,9.0398,-0.0118,0.0482,9.8064,-0.0887,-0.4091,0.3204,102.91,-82.35,7.09,52.86111,-1.683021,8.22,4,285.34,22 / 22,33.24021470497598,-19.559023263520523,-2.8548343719837663,732.6407155439481,-84.24443350959379,-71.57685083268674,False,74.30000000000001,-2.4921850378399917,6.704865212516686,-238.45356077200185,1248.1964100633834,7.153055555554742,339.60999999992987,-35.73239974281597,26.26388847603721,-971.09427631595,1332.4408435729772
535812.0,3.0728,-1.5786,8.8823,-0.0165,0.0306,9.8066,-0.0689,-0.1298,0.1351,101.24,-82.12,2.54,52.86111,-1.683021,8.22,4,285.34,22 / 22,32.999578567045035,-19.72486546837158,-2.9393943719837856,735.9527052075499,-86.20862794618884,-71.8665622698852,False,74.40000000000003,-2.2412798783122243,7.007231697729887,-238.66844429624342,1248.9080575934786,7.356944444441547,342.26299999996235,-35.24085844535726,26.732097166101468,-974.6211495037933,1335.1166855396675
535912.0,2.6709,-1.436,9.4324,-0.0221,0.0146,9.8065,-0.013,0.1314,-0.1032,98.43,-81.79,1.7,52.86111,-1.683021,8.22,4,285.34,22 / 22,32.882297229379006,-19.922801645791697,-3.0043243719838,739.2467989973719,-88.19101130189746,-72.16374820708364,False,74.50000000000006,-1.9420424636719953,7.167677260023902,-238.84975226980032,1249.6308246167073,7.426111111111185,344.84000000000134,-34.824339693051,27.0904789058156,-978.0965512671722,1337.8218359186048
536012.0,2.8644,-0.1391,9.3081,0.0206,0.0328,9.8065,-0.0351,-0.0103,0.0133,96.63,-81.86,3.58,52.86111,-1.683021,8.22,4,285.34,22 / 22,27.919535896172125,-17.105128470618173,-2.5907697161861964,742.2868906536467,-90.04240780771627,-72.44350291149189,False,74.59999999999997,-1.6716015394911605,7.368891600268448,-239.01091491294227,1250.3758306247323,7.556111111103499,347.2189999998607,-29.591137435663285,24.47402007088662,-981.297805566589,1340.4182384324486
536113.0,3.0174,-2.0757,10.3945,0.0041,0.0022,9.8066,0.0225,-0.0173,0.0135,97.07,-81.92,3.99,52.86111,-1.683021,8.22,4,285.34,22 / 22,27.851379324512557,-17.322601446638416,-2.5862600661861914,745.1033218722944,-91.78100816853967,-72.70494291550199,False,74.70100000000008,-1.4682132478458838,7.667063364163603,-239.1598560556668,1251.1620899513014,7.806399999994019,349.15906999993985,-29.31959257235844,24.98966481080202,-984.2631779279611,1342.9430981198411
536212.0,3.3331,-0.1081,9.1617,0.0219,-0.0069,9.8066,-0.045,0.1018,-0.0724,97.93,-82.15,5.51,52.86111,-1.683021,8.22,4,285.34,22 / 22,27.780422106004877,-17.559271916723482,-2.5890865161861893,747.8570960431031,-93.50766090002492,-72.96112257132924,False,74.80000000000001,-1.3041909259939546,7.837225977888442,-239.27951931820513,1251.9436790914065,7.944999999995941,350.5519999999592,-29.08461303199883,25.396497894611926,-987.1366153613083,1345.4513399914313
536312.0,2.8447,0.2556,9.4112,0.0067,0.0022,9.8066,-0.0203,0.1436,-0.06,99.0,-82.17,6.52,52.86111,-1.683021,8.22,4,285.34,22 / 22,27.821720870730204,-17.80519466866706,-2.641106516186201,750.6372031919404,-95.27588422929485,-73.22263222294792,False,74.90000000000003,-0.9437882816662475,8.09013526953295,-239.3735308600579,1252.7554020554544,8.144999999997157,353.3459999999603,-28.76550915239645,25.89532993820001,-990.0107340519984,1348.0312862847493
536412.0,2.0594,2.1181,8.7175,0.0305,-0.0397,9.8064,-0.1292,0.2413,-0.205,95.35,-82.14,8.91,52.86111,-1.683021,8.22,4,285.34,22 / 22,27.98578128281051,-17.99745756769551,-2.715336516186218,753.4275782996181,-97.06601684111338,-73.49045437456661,False,75.00000000000006,-0.7166359367922239,8.161653770561351,-239.4406819613735,1253.578244512636,8.193055555555597,354.9820000000008,-28.702417219602733,26.15911133825686,-992.8682602609915,1350.6442613537495
536512.0,3.4577,-0.4251,10.341,0.0172,-0.0039,9.8066,0.0084,-0.1553,-0.0068,97.61,-82.36,7.96,52.86111,-1.683021,8.22,4,285.34,22 / 22,28.114765519500867,-18.21482537542111,-2.7430765161861927,756.2326056397311,-98.87663098826756,-73.76337502618499,False,75.09999999999997,-0.5259471116544974,8.247135211912845,-239.49440284241638,1254.401086969757,8.263888888884741,356.35099999991985,-28.640712631155363,26.461960587333955,-995.7270084821475,1353.2777179580246
536612.0,2.6871,-1.2001,9.3221,0.0319,0.033,9.8065,-0.078,-0.0713,0.218,99.71,-82.62,7.35,52.86111,-1.683021,8.22,4,285.34,22 / 22,28.06846576548328,-18.445084304350672,-2.740586516186192,759.041767203981,-100.70962647225657,-74.03755817780367,False,75.19999999999999,-0.31736572481957814,8.541050189111145,-239.5212632829414,1255.2684073973462,8.546944444432055,357.87199999993345,-28.385831490302856,26.98613449346182,-998.5630304869223,1355.9780338696028
536712.0,2.6881,-1.0539,9.1236,-0.0046,-0.0514,9.8065,-0.1431,-0.0125,0.1334,93.79,-82.67,4.66,52.86111,-1.683021,8.22,4,285.34,22 / 22,28.00251080847299,-18.6348823797938,-2.798966516186205,761.8453160326794,-102.56362480646422,-74.31453582942235,False,75.30000000000001,-0.18550680004856068,8.661069147958516,-239.534693503197,1256.1468473180703,8.663055555552189,358.7729999999739,-28.18801760852155,27.295951527752315,-1001.3800095358764,1358.7104721245346
536812.0,2.733,-0.243,9.5739,-0.0329,-0.0379,9.8065,0.0676,-0.0469,-0.2046,98.43,-82.68,5.7,52.86111,-1.683021,8.22,4,285.34,22 / 22,27.98563935505965,-18.83487050914228,-2.8447565161862154,764.6447235408567,-104.43711245091144,-74.59672198104104,False,75.40000000000003,0.011622279825883014,8.761936736253997,-239.5346935031974,1257.025287238795,8.76194444444304,0.07600000509739857,-27.974017075233768,27.596807245396278,-1004.1794170440542,1361.4623996897064
536912.0,1.028,-1.0507,9.8639,-0.0091,0.0329,9.8065,-0.0141,-0.0181,-0.0051,98.56,-82.47,5.81,52.86111,-1.683021,8.22,4,285.34,22 / 22,23.777300390528637,-16.107868629405203,-2.4255017887582846,767.2328705281367,-106.18424940783922,-74.86023489628833,False,75.50000000000006,0.07234560779273119,8.875816276254515,-239.5279783930766,1257.914846651945,8.876111111111188,0.4670000000004798,-23.704954782735907,24.983684905659718,-1006.7608489212133,1364.0990960597842
537012.0,2.5446,-0.2445,9.7833,0.0064,0.0063,9.8066,0.078,0.042,-0.0647,98.16,-82.47,5.37,52.86111,-1.683021,8.22,4,285.34,22 / 22,23.76670338199899,-16.21405972534227,-2.423806788758286,769.6100707167609,-107.80034582557512,-75.10270032516394,False,75.59999999999997,0.20614222229343904,9.007641499529477,-239.50111795255518,1258.8155255581619,9.00999999999216,1.3109999999505848,-23.56056115970555,25.221701224871747,-1009.1111886693161,1366.615871383737
537112.0,3.4775,-0.8009,10.1378,-0.0087,-0.0008,9.8066,-0.0349,-0.0686,-0.0848,95.63,-82.57,6.35,52.86111,-1.683021,8.22,4,285.34,22 / 22,23.757192682153036,-16.444361654965,-2.4084167887582826,771.986265519969,-109.43326689459086,-75.34431150403982,False,75.69999999999999,0.24254981772257794,9.140671397559437,-239.47425751201843,1259.7384434485878,9.143888888883028,1.5199999999908522,-23.51464286443046,25.585033052524437,-1011.4605230319875,1369.1717103431786
537212.0,3.5268,-0.4863,8.8837,0.0064,0.0209,9.8066,-0.0026,0.0943,0.0026,98.4,-82.72,5.75,52.86111,-1.683021,8.22,4,285.34,22 / 22,23.728155571924532,-16.721518803604496,-2.4380067887582895,774.3605329326734,-111.09156091751971,-75.5866326829157,False,75.80000000000001,0.3388997729748295,9.268806392616412,-239.44068196137445,1260.672480832855,9.274999999996199,2.0939999999833594,-23.3892557989497,25.99032519622091,-1013.8012148940479,1371.7640417503746
537312.0,4.4437,-1.5817,10.1241,0.008,-0.0283,9.8066,0.0655,-0.0538,0.1878,95.1,-82.89,6.42,52.86111,-1.683021,8.22,4,285.34,22 / 22,23.65720424845704,-17.043492554130104,-2.468281788758296,776.729800923693,-112.77981148540682,-75.83194711179159,False,75.90000000000003,0.4357213073647265,9.521980457563119,-239.40039130058287,1261.6287572019733,9.531944444440791,2.619999999992525,-23.221482941092315,26.56547301169322,-1016.1301922242759,1374.40856868738
537412.0,2.0576,-0.2563,9.0775,0.0253,-0.058,9.8064,-0.1397,0.221,-0.282,98.72,-82.97,7.06,52.86111,-1.683021,8.22,4,285.34,22 / 22,23.60797291804025,-17.29453967449402,-2.4888667887583007,779.0930597820184,-114.49671309683842,-76.07980454066748,False,76.00000000000006,0.4789431858870598,9.586932842464744,-239.34667041950948,1262.585033571092,9.598888888889004,2.8599999999999484,-23.12902973215319,26.881472516958762,-1018.4397302015278,1377.0817466679305
537512.0,2.6406,1.9985,9.4392,-0.0014,-0.0292,9.8066,-0.0187,-0.3736,0.2048,100.78,-82.88,8.75,52.86111,-1.683021,8.22,4,285.34,22 / 22,23.733783596421112,-17.483601512503345,-2.543696788758251,781.4601476077393,-116.23562015618671,-76.33143271954307,False,76.09999999999997,0.4734853712104787,9.789667543658632,-239.29966464861369,1263.5746684174148,9.80111111109927,2.769000000005328,-23.260298225210633,27.27326905616198,-1020.7598122563529,1379.8102885736016
537612.0,3.7304,-3.8965,9.4022,-0.005,-0.021,9.8065,0.0223,-0.0267,0.0331,100.1,-82.95,8.19,52.86111,-1.683021,8.22,4,285.34,22 / 22,23.664060408668796,-17.723345713584813,-2.5822917887582597,783.8300398079942,-117.99596751749152,-76.58773214841895,False,76.19999999999999,0.4980251338586516,9.87550574075692,-239.25265887767432,1264.5643032652254,9.88805555555175,2.8869999999948353,-23.166035274810145,27.598851454341734,-1023.0826986856686,1382.560270782717
537712.0,2.7653,2.077,10.3765,-0.0017,-0.0853,9.8062,-0.026,-0.2852,0.1451,102.5,-83.1,7.53,52.86111,-1.683021,8.22,4,285.34,22 / 22,23.59317907644673,-17.97340355870118,-2.574021788758258,786.1929017822506,-119.78080498110623,-76.84554782729484,False,76.30000000000001,0.4750124148049025,10.098834744942165,-239.20565310676167,1265.5872965896044,10.109999999993565,2.693000000005624,-23.11816666164183,28.072238303643346,-1025.3985548890123,1385.3681015707107
537812.0,2.4119,-2.5894,10.01,-0.0197,-0.0016,9.8066,0.1426,-0.1995,0.0672,106.13,-83.25,9.15,52.86111,-1.683021,8.22,4,285.34,22 / 22,23.59178978085348,-18.15829182544905,-2.535361788758249,788.5521502251162,-121.58738975031414,-77.10101700617072,False,76.40000000000003,0.5802860714904701,10.206573027572793,-239.14521711558103,1266.610289915399,10.223055555553948,3.2539999999920277,-23.011503709363012,28.364864853021842,-1027.6973673406972,1388.1976796657132
537912.0,2.8405,0.7189,10.5316,0.0112,-0.0133,9.8065,0.0112,0.0195,0.0484,98.22,-83.5,8.09,52.86111,-1.683021,8.22,4,285.34,22 / 22,23.53203378254471,-18.32838656365404,-2.488946788758238,790.9083414032866,-123.41172366976971,-77.3522324350466,False,76.50000000000006,0.4568479243772654,10.396912168703984,-239.10492645478894,1267.6555222267523,10.406944444444433,2.5160000000006835,-23.075185858167444,28.725298732358024,-1030.0132678580756,1391.067245896522
538012.0,2.4039,2.0835,8.8167,0.0048,0.048,9.8064,0.2066,-0.4334,0.1686,100.76,-83.91,8.21,52.86111,-1.683021,8.22,4,285.34,22 / 22,23.707539264197134,-18.55218623085008,-2.502196788758226,793.2703200556216,-125.25575230949325,-77.6017896139222,False,76.59999999999997,0.6734237316529814,10.363142644857808,-239.03106024334497,1268.6896350427744,10.385000000001284,3.7179999999296243,-23.034115532544153,28.915328875707885,-1032.3013802989665,1393.9453873522677
538112.0,5.2244,4.2147,8.0615,0.0163,0.0459,9.8065,-0.0945,-0.1875,-0.046,102.32,-84.43,10.71,52.86111,-1.683021,8.22,4,285.34,22 / 22,24.020007429313136,-18.933353027711306,-2.638951788758257,795.6566973902976,-127.13002927242174,-77.85884704279808,False,76.69999999999999,0.8044235310244208,10.366892597067904,-238.95047892177507,1269.7126283685698,10.398055555554983,4.43699999996853,-23.215583898288713,29.30024562477921,-1034.6071763120726,1396.8426576409915
538212.0,-0.0991,-4.2031,9.8985,-0.0766,0.1005,9.8058,-0.0796,-0.7002,0.3823,103.93,-83.87,11.26,52.86111,-1.683021,8.22,4,285.34,22 / 22,24.051322133537568,-19.123889577953793,-2.7216167887582756,798.0602638684406,-129.03289140270542,-78.12687547167397,False,76.80000000000001,0.690702949615691,10.806838760850571,-238.89004293057985,1270.8134581420481,10.8288888888764,3.657000000022612,-23.360619183921877,29.930728338804364,-1036.9503067990204,1399.8463495447536
538312.0,2.8442,-3.4957,9.2826,-0.0301,0.0619,9.8063,-0.0395,-0.008,0.0372,99.76,-83.46,9.24,52.86111,-1.683021,8.22,4,285.34,22 / 22,23.734849809741164,-19.12294860423303,-2.7432267887582804,800.4495724656051,-130.9452333118152,-78.40011765054986,False,76.90000000000003,0.9064798741526282,10.630309702038826,-238.78931627860814,1271.8586904534034,10.668888888891162,4.873999999982705,-22.828369935588537,29.753258306271857,-1039.2388887442132,1402.8039237652185
538412.0,3.5242,5.2568,10.0413,0.0504,0.124,9.8057,0.0746,-0.5462,0.4308,103.42,-83.6,13.04,52.86111,-1.683021,8.22,4,285.34,22 / 22,23.83568831471756,-19.40943330938349,-2.7576967887582837,802.8280993718286,-132.87185240749648,-78.67516382942576,False,77.00000000000006,0.8489359843857832,11.04046498254657,-238.70873495702426,1272.9817592117352,11.073055555555662,4.397000000000028,-22.98675233033178,30.44989829193006,-1041.5368343288528,1405.8536116192317
538512.0,4.2118,2.6561,10.2435,0.0405,0.0035,9.8065,-0.0609,-0.1015,0.1644,101.39,-84.17,9.19,52.86111,-1.683021,8.22,4,285.34,21 / 22,24.222314416210118,-19.81922456983193,-2.7241217887583145,805.2309995083727,-134.83328530145548,-78.94925475830134,False,77.09999999999997,0.8727596218845787,11.227239825484714,-238.62815363543328,1274.1270669562496,11.261111111100101,4.44499999999719,-23.349554794325538,31.046464395316647,-1043.859153143806,1408.960352257705
538612.0,3.2633,-2.1974,10.0859,0.0105,0.0427,9.8065,0.083,-0.3416,0.1408,103.47,-84.55,8.95,52.86111,-1.683021,8.22,4,285.34,21 / 22,24.24934224101832,-20.129736117607184,-2.688316788758306,807.6545823412347,-136.8307333358279,-79.21987668717723,False,77.19999999999999,1.0728104256041833,11.290255932670517,-238.51399676320736,1275.2501357152912,11.34111111110761,5.427999999956975,-23.176531815414137,31.4199920502777,-1046.168579104442,1412.0808690511192
538711.0,1.3984,-2.9474,11.1302,-0.0083,0.0138,9.8065,0.1931,-0.2839,0.079,101.93,-84.66,11.05,52.86111,-1.683021,8.22,4,285.34,21 / 22,24.031593741508324,-20.244751131239738,-2.608978188758269,810.0444886723709,-138.82927045464675,-79.48209278856443,False,77.29900000000004,1.1352034862014029,11.169720227081445,-238.39433350066918,1276.3289488942387,11.227261111114434,5.803209999989048,-22.896390255306923,31.414471358321183,-1048.43882217304,1415.1582193488855
538811.0,3.7253,-2.784,10.0897,0.0069,0.0525,9.8065,0.0598,-0.238,0.1623,103.44,-84.88,13.33,52.86111,-1.683021,8.22,4,285.34,21 / 22,23.77780556501646,-20.376631975088596,-2.528648188758251,812.4349586376977,-140.86033960996363,-79.73897410744031,False,77.39900000000006,1.1173497079785988,11.514398490779056,-238.29340539539186,1277.5067255567112,11.568486111106228,5.54267000000377,-22.660455857037864,31.89103046586765,-1050.7283640330895,1418.3670651666748
538911.0,1.2911,-2.4203,9.7657,-0.0164,0.0434,9.8064,-0.0748,0.3289,-0.17,99.76,-84.94,12.52,52.86111,-1.683021,8.22,4,285.34,21 / 22,23.551361548436013,-20.51212514238792,-2.516543188758262,814.8014169933682,-142.9047774658356,-79.99123367631591,False,77.49899999999997,1.0728075706514457,11.702170386511307,-238.19267874341915,1278.7074083749887,11.751244444444358,5.238050000000146,-22.478553977784568,32.21429552889923,-1052.9940957367874,1421.6121858408244
539012.0,1.6893,1.6317,9.4553,-0.0066,0.0004,9.8066,-0.0381,-0.0548,-0.0423,99.06,-84.98,11.6,52.86111,-1.683021,8.22,4,285.34,21 / 22,20.033532506046672,-17.503816844733137,-2.1559011879445222,817.0024541431195,-144.82458253618518,-80.2271921173394,False,77.59999999999997,0.6833843423700243,12.090702454369106,-238.15138081611053,1279.9870395903808,12.1099999999791,3.2350000001170973,-19.350148163676646,29.594519299102245,-1055.1538349592302,1424.811622126566
539112.0,1.4114,-0.6933,10.105,0.0007,0.0364,9.8065,-0.0609,0.3431,-0.2326,99.36,-84.97,11.77,52.86111,-1.683021,8.22,4,285.34,21 / 22,20.135178456955853,-17.60422523609548,-2.1585511879445227,819.0108896912701,-146.579984640227,-80.4429147361339,False,77.69999999999999,0.41008091585634227,12.252028013043827,-238.13123548570675,1281.232422768934,12.258888888882371,1.9170000000576881,-19.72509754109951,29.856253249139307,-1057.1421251769768,1427.8124074091609
539212.0,0.3135,2.2999,9.4663,-0.0094,-0.0103,9.8066,-0.016,0.1889,-0.1351,97.79,-85.03,10.01,52.86111,-1.683021,8.22,4,285.34,21 / 22,20.28069168762498,-17.6386142931106,-2.160651187944523,821.0316831984996,-148.3421266166877,-80.6588748549284,False,77.80000000000001,0.7466842563068777,12.310431428579054,-238.037223943858,1282.4778059474859,12.333055555553406,3.470999999954949,-19.534007431318102,29.949045721689654,-1059.0689071423576,1430.8199325641735
539312.0,1.782,-0.4158,10.0556,0.0061,0.0178,9.8065,-0.0317,0.0724,-0.0721,101.4,-85.1,10.86,52.86111,-1.683021,8.22,4,285.34,21 / 22,20.434930546862194,-17.693690250260396,-2.1652211879445242,823.0674643102245,-150.10874184385665,-80.8751684737229,False,77.90000000000003,0.8538464251624954,12.544029348069854,-237.9432124020327,1283.7231891260378,12.573055555552147,3.893999999993989,-19.5810841216997,30.23771959833025,-1061.0106767122572,1433.8319309698945
539412.0,1.2441,0.3981,10.4785,-0.0179,-0.0217,9.8066,0.0789,0.1137,-0.14,99.38,-85.17,8.88,52.86111,-1.683021,8.22,4,285.34,21 / 22,20.48770323157445,-17.783368258118323,-2.1191811879445135,825.1135959991468,-151.88259476927598,-81.0893885925174,False,78.00000000000006,0.9941726204419491,12.473499113608202,-237.8357706399125,1284.957452811457,12.513055555555605,4.557000000000413,-19.493530611132503,30.256867371726525,-1062.9493666390592,1436.840047580733
539512.0,0.9998,-2.3667,9.8199,-0.0032,0.0238,9.8066,-0.0497,-0.12,0.0512,98.82,-85.23,11.6,52.86111,-1.683021,8.22,4,285.34,22 / 22,20.452547585121128,-17.819244538881655,-2.0849261879445447,827.1606085399798,-153.66272540912436,-81.29959396131166,False,78.09999999999997,1.1605448845162953,12.548391903019072,-237.7216137676797,1286.2361944678987,12.601944444439239,5.283999999957435,-19.292002700604833,30.36763644190073,-1064.8822223076595,1439.898919877023
539612.0,2.5688,-0.172,10.1471,0.023,-0.027,9.8066,-0.0458,0.259,-0.0979,99.66,-85.35,9.53,52.86111,-1.683021,8.22,4,285.34,22 / 22,20.37800607368092,-17.915875560716735,-2.0672411879445405,829.2021362229203,-155.4494814141047,-81.50720233010615,False,78.19999999999999,1.222637023926462,12.505374193032559,-237.58059645493,1287.437099675338,12.565000000001616,5.583999999986869,-19.155369049754455,30.421249753749294,-1066.7827326778504,1442.8865810894426
539712.0,1.2577,-2.5596,10.3121,0.0144,-0.0164,9.8065,-0.0455,0.0139,0.0974,99.03,-85.41,9.02,52.86111,-1.683021,8.22,4,285.34,22 / 22,20.2919118881514,-18.023417244359305,-2.024946187944531,831.2356321210124,-157.2464460543589,-81.71181169890065,False,78.30000000000001,1.1712365391621842,12.854808563116881,-237.4664395826876,1288.7380803174283,12.90805555554561,5.206000000010959,-19.120675348989217,30.878225807476184,-1068.7020717036999,1445.984526371787
539812.0,1.525,0.278,10.0586,0.0113,-0.0587,9.8064,0.0079,0.1319,-0.1874,100.93,-85.48,11.13,52.86111,-1.683021,8.22,4,285.34,22 / 22,20.235684558462076,-18.084185230800962,-1.9870761879445222,833.2620119433435,-159.05182617811732,-81.91241281769514,False,78.40000000000003,1.4858159008317018,12.531109603664838,-237.3052769395351,1289.961224510424,12.618888888892997,6.761999999977888,-18.749868657630373,30.6152948344658,-1070.5672888828785,1449.0130506885414
539912.0,1.247,0.5328,9.58,0.0212,-0.0114,9.8065,0.0786,-0.1582,0.054,97.54,-85.81,8.33,52.86111,-1.683021,8.22,4,285.34,22 / 22,20.333154379767365,-18.167212531052183,-1.985811187944522,835.2904538902554,-160.8643960662104,-82.11105718648965,False,78.50000000000006,1.0519521528554152,13.154951133997393,-237.21126539768213,1291.2955636305014,13.196944444444572,4.5720000000004,-19.28120222691195,31.322163665049576,-1072.5017192879375,1452.159959696712
540012.0,0.3191,-1.0738,9.0714,0.036,-0.004,9.8065,-0.1266,-0.0287,0.1133,96.04,-86.12,7.44,52.86111,-1.683021,8.22,4,285.34,22 / 22,20.37376738118033,-18.179571655219753,-2.033906187944478,837.325799978301,-162.68173527552233,-82.31204305528391,False,78.59999999999997,1.234242300993616,13.368143885449388,-237.09039341531565,1292.674380721596,13.424999999986646,5.27499999995884,-19.13952508018671,31.54771554066914,-1074.4161933936166,1455.3561159971182
540112.0,3.0767,2.7593,9.8281,-0.0044,-0.0542,9.8064,-0.0805,-0.2647,0.1507,93.91,-85.99,4.96,52.86111,-1.683021,8.22,4,285.34,22 / 22,20.521260142264058,-18.28709311292236,-2.0695961879444864,839.3705513544737,-164.50506851392984,-82.51721817407841,False,78.69999999999999,1.408207407923747,13.317699797614921,-236.93594588229794,1293.9642418698559,13.391944444445892,6.035999999966692,-19.11305273434031,31.60479291053728,-1076.3064972367717,1458.4693103837858
540212.0,0.9129,0.4622,9.5319,-0.0081,0.0193,9.8065,0.056,-0.168,0.1027,95.98,-86.04,6.93,52.86111,-1.683021,8.22,4,285.34,22 / 22,20.74201894429323,-18.43216169057093,-2.0822611879444892,841.4337153088021,-166.34103125410493,-82.7248110428729,False,78.80000000000001,1.4166284806999263,13.444460589316842,-236.78149834926492,1295.254103019525,13.518888888885208,6.015000000000608,-19.3253904635933,31.87662227988777,-1078.2152136580671,1461.59513427363
540312.0,2.326,1.0656,10.0643,0.0021,-0.012,9.8066,0.0306,-0.0587,0.1113,92.14,-86.16,3.51,52.86111,-1.683021,8.22,4,285.34,22 / 22,20.8834716829538,-18.531424222937,-2.0831161879444893,843.514989840165,-168.18921054978074,-82.93307991166739,False,78.90000000000003,1.4485922639867699,13.459214142909163,-236.64048103651325,1296.6218006161716,13.536944444444188,6.142999999998181,-19.43487941896703,31.990638365846166,-1080.1554708766782,1464.8110111659523
540412.0,0.1806,-1.7995,9.6786,0.0172,0.0009,9.8066,-0.0476,-0.1142,0.0729,93.22,-86.15,1.55,52.86111,-1.683021,8.22,4,285.34,22 / 22,20.91476385938462,-18.585038315111767,-2.0766361879444877,845.6049016172824,-170.0450336766836,-83.14106753046188,False,79.00000000000006,1.391248574616029,13.802002393616004,-236.50617883386928,1298.0339761846442,13.871944444444445,5.756000000000735,-19.523515284768592,32.38704070872777,-1082.1110804511518,1468.079009861328
540512.0,1.1656,-1.6125,10.1996,0.0125,0.0048,9.8066,0.0145,0.0511,-0.1067,89.74,-86.32,1.41,52.86111,-1.683021,8.22,4,285.34,21 / 22,20.81531490436535,-18.57761027509729,-2.0633911879444997,847.691405555468,-171.90316610619237,-83.34806889925615,False,79.09999999999997,1.7029509649125727,13.77401592859576,-236.32487086031287,1299.4016737826066,13.878888888888481,7.047999999924354,-19.112363939452777,32.35162620369305,-1084.0162764157808,1471.304839888799
540612.0,2.0498,-1.5412,9.5964,0.0179,0.0459,9.8065,0.0494,-0.1493,0.1173,93.27,-86.49,2.29,52.86111,-1.683021,8.22,4,285.34,21 / 22,20.72345501981244,-18.664179945782216,-2.054256187944498,849.7683440516773,-173.76525561723676,-83.55395126805064,False,79.19999999999999,1.7254223497962664,13.874234595678892,-236.1502779969036,1300.7916103662274,13.981111111106637,7.088999999998206,-18.998032670016176,32.53841454146111,-1085.918622048581,1474.5568659834641
540712.0,1.4095,0.3047,10.0634,0.0222,0.0302,9.8066,-0.0171,0.0496,0.0244,88.85,-86.64,1.17,52.86111,-1.683021,8.22,4,285.34,21 / 22,20.72803629921975,-18.76172690753659,-2.0519311879444975,851.8409186176294,-175.63655095990313,-83.75926063684514,False,79.30000000000001,2.0246402073612186,13.755688214893636,-235.9353944726913,1302.1704274567169,13.903888888891128,8.372999999962776,-18.70339609185853,32.51741512243023,-1087.7763130903209,1477.80697841662
540812.0,1.5341,0.5981,9.7685,0.0061,0.0147,9.8066,-0.0816,0.0259,-0.0106,91.27,-86.68,3.84,52.86111,-1.683021,8.22,4,285.34,21 / 22,20.842390270624346,-18.83743449560272,-2.041001187944495,853.9194399461221,-177.51650903006052,-83.96390725563964,False,79.40000000000003,1.9089213899955726,13.97719216027946,-235.74737138901324,1303.5714835320566,14.106944444441558,7.77700000000847,-18.933468880628773,32.81462665588218,-1089.6668113351354,1481.087992562117
540912.0,2.053,-1.9808,10.9771,0.0031,0.0122,9.8066,0.0228,0.1335,-0.0532,92.64,-86.7,5.26,52.86111,-1.683021,8.22,4,285.34,21 / 22,20.83878193317613,-18.943293569881238,-1.9843861879444822,856.0034985563126,-179.40554543333513,-84.16517662443414,False,79.50000000000006,1.806760263807863,13.932225104464491,-235.57277852557743,1304.9614201142645,14.04888888888889,7.388999999999552,-19.032021669368266,32.87551867434573,-1091.57627708189,1484.3669655475996
541012.0,-0.2233,0.4419,9.6456,0.0406,-0.025,9.8064,-0.0617,0.1655,-0.1399,95.82,-86.77,8.44,52.86111,-1.683021,8.22,4,285.34,21 / 22,20.832766916553997,-18.965864791536525,-1.9339161879445281,858.0870759987972,-181.3010033514043,-84.36109174322841,False,79.59999999999997,1.61511055782773,13.956859169812862,-235.4183309925692,1306.3735956833407,14.049999999999933,6.601000000046136,-19.217656358726266,32.92272396134939,-1093.5054069913665,1487.674599034745
541112.0,2.2724,1.1104,10.627,-0.0078,-0.0074,9.8066,-0.0538,-0.0449,0.0119,95.43,-87.03,8.72,52.86111,-1.683021,8.22,4,285.34,21 / 22,20.976560658982407,-19.010630466722997,-1.9009511879445204,860.1775423775745,-183.1998281143177,-84.5528351120229,False,79.69999999999999,1.9085038873084224,14.010610725875361,-235.2168776886129,1307.7746517586818,14.13999999999606,7.756999999949404,-19.068056771673984,33.02124119259836,-1095.3944200661874,1490.9744798729994
541212.0,1.651,0.3025,10.1771,-0.0106,-0.0065,9.8066,0.0718,0.0306,-0.0459,96.64,-87.17,10.05,52.86111,-1.683021,8.22,4,285.34,21 / 22,21.10317678564442,-19.14855812858534,-1.8414111879445068,862.2815292498063,-185.10778754408355,-84.73995323081739,False,79.80000000000001,1.8207214374439824,14.051419351541927,-235.04228482518948,1309.1757078347293,14.168888888888052,7.383000000010841,-19.282455348200436,33.19997748012727,-1097.3238140749959,1494.2834953788129
541312.0,0.6012,-0.3823,8.8703,0.0123,0.0068,9.8065,0.0353,0.0805,-0.1715,98.94,-87.24,12.53,52.86111,-1.683021,8.22,4,285.34,21 / 22,21.163637980398295,-19.197231785978527,-1.8697061879445132,864.394869988109,-187.02507703981217,-84.92550909961189,False,79.90000000000003,1.7108653293593352,14.090401754914916,-234.87440707188787,1310.5878834032026,14.193888888888534,6.923000000006536,-19.45277265103896,33.287633540893445,-1099.269277059997,1497.6129604430148
541412.0,1.2222,1.2365,9.6951,0.0077,0.0163,9.8066,-0.104,0.1073,0.0653,97.7,-87.13,11.08,52.86111,-1.683021,8.22,4,285.34,21 / 22,21.27228014145035,-19.23172332541334,-1.922101187944525,866.5166658942019,-188.9465247953822,-85.11509946840638,False,80.00000000000006,1.6360065773534451,14.096493076178987,-234.70652931859976,1312.000058971676,14.191111111111272,6.620000000000345,-19.636273564096903,33.32821640159233,-1101.2231952128016,1500.9465837670582
541513.0,-0.4431,1.1988,9.7641,0.0165,-0.0074,9.8066,-0.0119,0.1427,-0.1613,100.57,-87.1,10.92,52.861904,-1.683053,13.46,6,8.83,23 / 23,21.47026392674785,-19.22983477013809,-1.9298832379445248,868.6751643696458,-190.88883347920753,-85.30962468191377,False,80.10100000000006,1.822255674805975,14.362219554361792,-234.50964228956153,1313.4600483584927,14.477363888886476,7.230949999977287,-19.648008251941874,33.592054324499884,-1103.1848066592074,1504.3488818377002
541612.0,1.3698,-1.3338,10.2593,0.0275,-0.0439,9.8065,-0.0384,0.0597,-0.018,98.03,-87.48,9.4,52.861904,-1.683053,13.46,6,8.83,23 / 23,21.537106769138322,-19.21797094734755,-1.9095832879445385,870.8040292190907,-192.7919998622218,-85.49967827494515,False,80.19999999999999,1.9257415743486188,14.390609923025249,-234.2969076005898,1314.8911270644846,14.518888888887052,7.6219999999827115,-19.611365194789705,33.6085808703728,-1105.1009368196806,1507.6831269267063
541712.0,1.1467,1.9061,10.3082,-0.0056,-0.0432,9.8065,-0.0703,-0.0776,0.1757,92.55,-87.51,7.23,52.861904,-1.683053,13.46,6,8.83,23 / 23,21.629858352000674,-19.27289041630504,-1.8618732879445277,872.9623774751482,-194.71654293040484,-85.68825110373965,False,80.30000000000001,2.2428687437618584,14.233257491196118,-234.0618787459874,1316.3033026329595,14.408888888892077,8.954999999961355,-19.386989608238817,33.50614790750116,-1107.0242562211356,1511.0198455633642
541812.0,0.9266,-1.752,9.7654,-0.0009,-0.0014,9.8066,-0.03,0.1917,-0.1579,91.45,-87.55,9.2,52.861904,-1.683053,13.46,6,8.83,23 / 23,21.70568720182859,-19.309092929393767,-1.8388582879445223,875.1291547528401,-196.64564209769023,-85.87328768253414,False,80.40000000000003,2.0259842031499073,14.591128214649897,-233.8671405521614,1317.771075664974,14.73111111110653,7.905000000014922,-19.679702998678682,33.90022114404366,-1108.9962953050015,1514.4167177626641
541912.0,5.1135,-3.1676,13.2167,-0.0134,-0.0526,9.8065,-0.384,-0.3789,0.4048,96.13,-87.35,10.24,52.861904,-1.683053,13.46,6,8.83,23 / 23,21.50615456550524,-19.52341058986985,-1.670418287944484,877.2897468412073,-198.58726727365385,-86.04875151132863,False,80.50000000000006,1.8845421376690248,14.601947329836602,-233.6925476887388,1319.2388486969905,14.723055555555458,7.354000000000715,-19.621612427836215,34.12535791970645,-1110.982294529946,1517.8261159706444
542012.0,0.72,-8.3161,8.702,0.1042,0.0015,9.8061,-0.3151,0.0442,0.2559,89.43,-87.54,6.89,52.861904,-1.683053,13.46,6,8.83,23 / 23,20.978682275388927,-19.73253061254969,-1.5551482879445888,879.4139886832501,-200.55006433377304,-86.21002984012294,False,80.59999999999997,2.1787522810368194,14.385949342958416,-233.4642339442866,1320.662143757077,14.550000000010133,8.611999999926345,-18.79992999435211,34.11847995550811,-1112.8782226275366,1521.21220809085
542112.0,-0.9817,0.6412,11.9185,0.091,-0.1481,9.8051,0.0383,-0.5185,-0.0227,84.35,-87.64,1.5,52.861904,-1.683053,13.46,6,8.83,23 / 23,20.655711469638653,-19.645189459748035,-1.5047882879445773,881.4957083705019,-202.51895033738836,-86.36302666891744,False,80.69999999999999,2.2908980122086184,14.371611332788698,-233.2292050896837,1322.1076778035333,14.553055555555423,9.056999999980523,-18.364813457430035,34.016800792536735,-1114.7249134601857,1524.6266281409216
542211.0,-4.2624,14.251,6.1234,-0.1436,0.1638,9.8041,0.4642,-1.4419,0.7447,118.14,-87.16,29.05,52.861904,-1.683053,13.46,6,8.83,23 / 23,21.481866483428277,-19.686396347659148,-1.5825725879446138,883.5815184791797,-204.46586383485592,-86.51585103227403,False,80.79900000000004,2.074625274899561,14.29937639557736,-233.0231183597302,1323.5167399138247,14.449105555558592,8.255100000023408,-19.407241208528717,33.98577274323651,-1116.60463683891,1527.9826037486807
542312.0,0.3347,-5.2249,9.7725,-0.0805,0.2012,9.8043,-0.0986,1.1087,-0.6068,110.01,-87.46,24.28,52.861904,-1.683053,13.46,6,8.83,23 / 23,22.05770528578622,-19.72402201705637,-1.770301287944612,885.7802668535251,-206.45608996227404,-86.68517116300643,False,80.90000000000003,2.1966936212327206,14.497576878901329,-232.8061531513754,1324.987626404023,14.6630555555525,8.615999999994756,-19.861011664553498,34.2215988959577,-1118.5864200049004,1531.4437163662972
542412.0,0.5919,9.1267,9.311,0.0319,0.0559,9.8064,-0.2504,0.3078,-0.0875,98.31,-87.39,9.23,52.861904,-1.683053,13.46,6,8.83,23 / 23,22.33825402999904,-19.69315385385111,-1.796791287944618,888.0000648193148,-208.42694875581986,-86.86352579180094,False,81.00000000000006,2.1331983605094074,14.405972784540428,-232.61141495755032,1326.4109214649227,14.563055555555623,8.422999999999744,-20.20505566948963,34.09912663839154,-1120.611479776865,1534.8378702207426
542512.0,0.4549,2.2476,9.3114,-0.0362,0.1311,9.8056,0.105,-0.6111,0.4133,105.97,-87.25,19.93,52.861904,-1.683053,13.46,6,8.83,21 / 21,22.970134610270247,-19.7856306634545,-1.8463362879445728,890.2654842513263,-210.40088798168335,-87.04568217059523,False,81.09999999999997,2.0361107930043256,14.539232314506762,-232.40996165361952,1327.8675750044056,14.681111111104197,7.972000000026406,-20.93402381726592,34.32486297796126,-1122.6754459049457,1538.268462986089
542612.0,2.0297,-3.4563,10.3965,0.0446,-0.0731,9.8062,-0.1329,0.7342,-0.3861,92.42,-87.78,7.25,52.861904,-1.683053,13.46,6,8.83,21 / 21,22.974459292031675,-19.873069225411967,-1.8416062879445716,892.5627139464418,-212.38382297612714,-87.23007929938973,False,81.19999999999999,2.0610008285695685,14.765745612246366,-232.20850834968718,1329.3575870205639,14.908888888878918,7.946000000001138,-20.913458463462106,34.63881483765833,-1124.771222296129,1541.741409996691
542712.0,2.077,-5.2594,11.3127,0.0044,0.0358,9.8066,-0.0536,0.2677,-0.2643,97.29,-87.78,11.92,52.861904,-1.683053,13.46,6,8.83,21 / 21,22.59870838032754,-19.971118557868746,-1.7368112879445476,894.8413723300603,-214.37603236529162,-87.40900017818423,False,81.30000000000001,1.9726308736898197,14.58414142886696,-232.01377015588878,1330.8142405601561,14.716944444450009,7.703000000007044,-20.62607750663772,34.555259986735706,-1126.855142485949,1545.1902729254477
542812.0,1.4432,-4.0459,10.6579,0.0532,-0.0786,9.8061,-0.0208,0.5803,-0.2981,105.41,-87.77,20.02,52.861904,-1.683053,13.46,6,8.83,21 / 21,22.192522253281705,-19.999902662027747,-1.618946287944521,897.0809338617412,-216.3745834262869,-87.57678805697871,False,81.40000000000003,2.005037835490077,14.84128455661735,-231.81231685188988,1332.304252577023,14.976111111107429,7.694000000000128,-20.18748441779163,34.841187218645096,-1128.893250713631,1548.6788360033097
542912.0,0.7796,-3.2054,10.1191,0.0169,-0.0447,9.8065,0.0626,-0.1354,0.0701,105.29,-88.11,17.68,52.861904,-1.683053,13.46,6,8.83,21 / 21,21.89945088075571,-19.96011373697908,-1.5607612879445076,899.2855325184436,-218.3725842462377,-87.7357734357732,False,81.50000000000006,1.929913332589986,14.64729420165808,-231.61757865807832,1333.7720256090395,14.773888888888903,7.506000000000371,-19.96953754816572,34.60740793863716,-1130.9031111765219,1552.1446098552772
543013.0,0.8191,-0.7681,9.181,0.0072,-0.058,9.8064,-0.061,0.25,-0.1686,107.18,-88.12,19.65,52.861904,-1.683053,13.46,6,8.83,21 / 21,21.771283729691238,-19.933373926273468,-1.5765778879445076,901.4909046162711,-220.38720537323192,-87.89420906415559,False,81.60100000000006,2.09793961726418,14.648655066262368,-231.40088205414241,1335.24357926729,14.798136111104258,8.150380000043816,-19.673344112427056,34.58202899253584,-1132.8917866704135,1555.6307846405218
543112.0,0.2515,3.0491,9.4618,0.0031,-0.0643,9.8064,0.021,-0.399,0.3019,101.62,-88.09,17.1,52.861904,-1.683053,13.46,6,8.83,21 / 21,21.952507580794695,-19.951703712914725,-1.624617637944475,903.6552322861387,-222.3615167163704,-88.05266824268699,False,81.69999999999999,1.920096756657974,14.792011327873116,-231.22138716032168,1336.7186911653882,14.916111111105895,7.396000000033352,-20.032410824136722,34.74371504078784,-1134.8766194464604,1559.0802078817587
543212.0,0.3749,-0.4148,10.0285,0.007,-0.0456,9.8065,0.0038,-0.0208,-0.0366,96.39,-88.12,11.87,52.861904,-1.683053,13.46,6,8.83,21 / 21,18.83291488471593,-16.958335171975424,-1.386152492252805,905.6945034094147,-224.20701866061532,-88.2032067491969,False,81.80000000000001,1.9475897933071522,14.651119206296915,-231.02664896652414,1338.1753447035655,14.780000000003945,7.5719999999948975,-16.885325091408777,31.60945437827234,-1136.7211523759388,1562.382363364181
543312.0,0.6207,2.7438,9.6355,0.0272,-0.0692,9.8063,0.0472,-0.4597,0.2545,93.64,-88.23,9.03,52.861904,-1.683053,13.46,6,8.83,21 / 21,19.02060707213535,-16.948817620425203,-1.3836174922528044,907.5871795072577,-225.90237630023574,-88.34169524842221,False,81.90000000000003,1.903350936998332,14.747683045502079,-230.8386258828333,1339.654237228007,14.86999999999872,7.354000000003098,-17.117256135137016,31.69650066592728,-1138.425805390091,1565.556613528243
543412.0,1.1962,-1.8324,9.8747,-0.0111,0.0164,9.8066,0.0278,-0.1882,0.0808,100.36,-88.27,12.9,52.861904,-1.683053,13.46,6,8.83,21 / 21,19.132227538384246,-16.968081098586318,-1.3887724922528055,909.4948212377841,-227.5982212361867,-88.48031474764753,False,82.00000000000006,1.8836354150659216,14.600944005386031,-230.65060279914263,1341.1108907668906,14.721944444444452,7.351000000000263,-17.248592123318325,31.56902510397235,-1140.1454240369267,1568.7091120030773
543512.0,1.0664,0.4106,8.9133,0.0,-0.0255,9.8066,-0.0468,-0.2129,0.124,100.89,-88.17,13.32,52.861904,-1.683053,13.46,6,8.83,21 / 21,19.122945187589313,-17.00883134450721,-1.4300374922527679,911.4075798740811,-229.29706685833983,-88.62125524687268,False,82.09999999999997,2.0029301964858393,14.59711452370321,-230.44243438506481,1342.5786637987985,14.733888888888188,7.81299999997295,-17.120014991103474,31.60594586821042,-1141.8500142591458,1571.8757306571383
543612.0,0.11,-1.8602,10.0642,-0.0228,-0.0017,9.8066,-0.0131,-0.0644,-0.0045,101.01,-87.81,12.86,52.861904,-1.683053,13.46,6,8.83,21 / 21,19.122524163650784,-16.995321305489508,-1.4618274922527752,913.3198533416435,-230.99727449084006,-88.76584849609799,False,82.19999999999999,1.91047007253,14.533020910045416,-230.26112641150678,1344.0130783521251,14.658055555558875,7.489000000014181,-17.212054091120784,31.528342215534924,-1143.5809797531501,1575.0103528429652
543712.0,0.95,0.2247,10.2644,-0.0029,-0.0222,9.8066,-0.0816,-0.1821,0.0752,97.89,-87.69,12.47,52.861904,-1.683053,13.46,6,8.83,21 / 21,19.115064611622426,-16.972064794400488,-1.426062492252767,915.2317327804076,-232.69564379583494,-88.9102429953233,False,82.30000000000001,1.7086278399986239,14.661889105393614,-230.09324865824482,1345.4808513848475,14.761111111108123,6.64700000002441,-17.406436771623802,31.6339538997941,-1145.3249814386525,1578.1764951806824
543812.0,0.4115,-2.6343,10.4712,0.0108,0.0172,9.8066,0.0332,-0.1723,0.1614,100.94,-87.65,15.48,52.861904,-1.683053,13.46,6,8.83,21 / 21,19.066692449787382,-16.956326671403943,-1.3699474922527541,917.1408206334785,-234.39206336912554,-89.0500434945486,False,82.40000000000003,1.8223869663756134,14.656022132800103,-229.90522557452806,1346.959743908582,14.768888888888778,7.087999999993732,-17.244305483411768,31.612348804204046,-1147.0460462080066,1581.3518072777074
543912.0,0.1321,1.0476,9.1207,0.0052,-0.0209,9.8066,0.0372,-0.0804,-0.0303,97.69,-87.81,14.97,52.861904,-1.683053,13.46,6,8.83,21 / 21,19.06462926093211,-16.90541359746702,-1.3710174922527543,919.0473867190149,-236.08515038256948,-89.1870917437739,False,82.50000000000006,1.7815069457026198,14.73883469362033,-229.7239176009849,1348.4386364330237,14.846111111110984,6.891999999999679,-17.28312231522949,31.64424829108735,-1148.7713043199997,1584.5237868155932
544012.0,-0.697,1.0676,10.6183,-0.0127,0.0464,9.8065,0.1395,-0.2815,0.0994,100.81,-87.98,15.87,52.861904,-1.683053,13.46,6,8.83,21 / 21,19.25469582555283,-16.834983675397083,-1.36473249225276,920.9633529733374,-237.77217024621115,-89.32387924299906,False,82.59999999999997,1.6109097431976775,14.53097965725837,-229.56275495784294,1349.8841704793747,14.620000000013238,6.326000000033139,-17.643786082355152,31.365963332655454,-1150.5261079311804,1587.6563407255858
544112.0,0.46,3.5371,10.5539,-0.0257,-0.0291,9.8065,0.1914,0.2288,-0.5099,114.53,-88.02,29.96,52.861904,-1.683053,13.46,6,8.83,21 / 21,19.552372004808632,-16.85803888862399,-1.2867874922527422,922.9037063648559,-239.45682137441258,-89.45645524222437,False,82.69999999999999,1.7912280392249182,14.632717728242499,-229.3747318741539,1351.3630630038144,14.741944444439108,6.9789999999714185,-17.761143965583713,31.49075661686649,-1152.2784382390098,1590.819884378227
544212.0,2.8036,0.592,9.0763,0.0257,0.1479,9.8055,-0.0607,-0.302,0.4476,132.87,-87.77,48.64,52.861904,-1.683053,13.46,6,8.83,21 / 21,19.72645642400584,-17.054264393553193,-1.285942492252742,924.8676477862971,-241.15243653852184,-89.58509174144967,False,82.80000000000001,1.7120805071894862,14.362202551393652,-229.20013901073102,1352.7863580654234,14.46388888889695,6.7980000000052465,-18.014375916816352,31.416466944946848,-1154.067786797028,1593.9387946039453
544312.0,-0.169,-3.6082,9.5809,-0.0166,0.0929,9.8061,-0.1692,0.5586,-0.1687,131.07,-87.82,46.81,52.861904,-1.683053,13.46,6,8.83,21 / 21,19.622015870826445,-17.045242664095436,-1.3337474922527528,926.8350714010392,-242.85741189140467,-89.71607624067498,False,82.90000000000003,1.7005529614380857,14.801520521507804,-229.02554614730875,1354.2986090671398,14.898888888882707,6.554000000003467,-17.92146290938836,31.84676318560324,-1155.8606175483478,1597.1560209585443
544412.0,-1.1884,3.4583,10.801,-0.0102,-0.0103,9.8065,-0.0552,-0.0882,-0.0615,129.43,-87.68,44.88,52.861904,-1.683053,13.46,6,8.83,21 / 21,19.76229766063721,-16.97428398485001,-1.295317492252744,928.8042870776128,-244.55838822385232,-89.84752948990028,False,83.00000000000006,1.6345088871853468,14.985009407146798,-228.86438350415472,1355.8108600702735,15.073888888888824,6.225000000000048,-18.12778877345186,31.95929339199681,-1157.6686705817674,1600.3692482941258
544512.0,2.0871,-4.3829,10.6881,-0.0409,0.1063,9.806,-0.0572,0.6312,-0.2197,127.12,-87.36,41.72,52.861904,-1.683053,13.46,6,8.83,23 / 23,19.794909854930708,-16.97576069660389,-1.2015274922528292,930.7821474533894,-246.25589045792347,-89.97237173912545,False,83.09999999999997,1.6438846840915133,14.866332105123028,-228.68979064073199,1357.3008720863236,14.95694444445129,6.309999999995023,-18.151025170839194,31.842092801726917,-1159.4719380941215,1603.556762544247
544612.0,-0.25,2.3793,9.9154,0.0789,-0.1049,9.8057,-0.1261,0.7605,-0.4304,123.05,-87.47,37.85,52.861904,-1.683053,13.46,6,8.83,23 / 23,19.76181392071583,-16.962229817462344,-1.152017492252818,932.7599836421722,-247.95278998362716,-90.09004898835076,False,83.19999999999999,1.8012052605409152,14.912727403854067,-228.5084826671759,1358.7908841038984,15.021111111108302,6.886999999974746,-17.960608660174916,31.87495722131641,-1161.268466309348,1606.7436740875255
544712.0,-1.4057,3.096,9.6089,0.044,-0.0338,9.8065,0.0833,-0.246,0.1038,123.45,-88.17,39.34,52.861904,-1.683053,13.46,6,8.83,23 / 23,20.13374258311899,-17.02127874098208,-1.1564674922528189,934.7547614673643,-249.65196541154975,-90.20547323757607,False,83.30000000000001,1.8262937486521047,14.790730747184586,-228.3204595834856,1360.2586571352085,14.903055555558979,7.0389999999955934,-18.307448834466886,31.812009488166666,-1163.07522105085,1609.9106225467583
544812.0,0.1472,3.2197,9.195,0.0104,-0.0781,9.8063,-0.0859,0.4325,-0.2297,117.85,-88.4,33.96,52.861904,-1.683053,13.46,6,8.83,23 / 23,20.53682411863113,-17.10326956226853,-1.196937492252828,936.7882898024524,-251.35819282671267,-90.32314348680138,False,83.40000000000003,1.8545505166325287,14.790293804994098,-228.1324364998083,1361.7486691520755,14.906111111111068,7.1469999999984655,-18.682273601998602,31.89356336726263,-1164.9207263022606,1613.1068619787882
544912.0,-1.2241,2.2396,9.5579,0.0136,-0.0898,9.8062,0.0545,-0.5122,0.2315,115.78,-88.19,31.46,52.861904,-1.683053,13.46,6,8.83,23 / 23,20.89757328002444,-17.14575119544945,-1.2399574922528376,938.8600096723857,-253.07064386459896,-90.4449882360267,False,83.50000000000006,2.014709295845887,14.744097610720873,-227.93098319584948,1363.2275616765178,14.881111111111052,7.78100000000002,-18.882863984178552,31.88984880617032,-1166.7909928682352,1616.2982055411167
545012.0,0.298,-3.3355,10.3634,-0.0047,-0.0228,9.8066,-0.0305,0.0504,-0.0215,117.98,-87.81,32.8,52.861904,-1.683053,13.46,6,8.83,23 / 23,20.965185770282964,-17.041541261268556,-1.2245574922528515,940.9531476248991,-254.78000848743332,-90.56821398525187,False,83.59999999999997,2.0091808950349423,14.638874673249632,-227.729529891932,1364.6842152160007,14.77611111111726,7.81499999999801,-18.956004875248023,31.680415934518187,-1168.682677516831,1619.464223703434
545112.0,0.1562,-0.3891,10.074,0.0076,-0.0725,9.8064,-0.0375,-0.2234,0.1847,113.19,-87.81,28.1,52.861904,-1.683053,13.46,6,8.83,23 / 23,20.883557937739237,-16.94115885559461,-1.183352492252842,943.0455848103006,-256.47914349327687,-90.68860948447718,False,83.69999999999999,2.036893477681115,14.883207982563171,-227.528076587973,1366.1853467252913,15.021944444433682,7.793000000000962,-18.846664460058122,31.824366838157783,-1170.5736613982735,1622.664490218568
545212.0,0.6959,-1.8763,9.6292,0.0113,0.0038,9.8066,-0.0892,-0.0513,0.0626,115.45,-87.73,30.28,52.861904,-1.683053,13.46,6,8.83,23 / 23,20.8558097610294,-16.894883835490518,-1.178857492252841,945.1325531952396,-258.1709456278315,-90.8067199837025,False,83.80000000000001,2.067161241535519,14.643704414170422,-227.3199081738934,1367.6531197573092,14.788888888895645,8.034999999992985,-18.78864851949388,31.53858824966094,-1172.4524613691328,1625.8240653851408
545312.0,0.2975,-0.2095,9.6826,-0.0285,-0.0398,9.8065,-0.0556,-0.1383,0.019,110.46,-87.54,24.78,52.861904,-1.683053,13.46,6,8.83,23 / 23,20.83303171832461,-16.85719345453307,-1.1939324922528443,947.2169952692077,-259.85854949233305,-90.9253594829278,False,83.90000000000003,2.154519730439593,14.52721254401857,-227.1050246496929,1369.0986538037675,14.68611111111257,8.435999999994301,-18.678511987885017,31.384405998551642,-1174.3220199189007,1628.9572032961005
