time,acc_x,acc_y,acc_z,grav_x,grav_y,grav_z,gyro_yaw,gyro_pitch,gyro_roll,orient_yaw,orient_pitch,orient_roll,gps_lat,gps_lon,gps_speed,gps_accuracy,gps_orient,gps_sats,ins_vel_x,ins_vel_y,ins_vel_z,ins_pos_x,ins_pos_y,ins_pos_z,ins_is_reset,_t_sec,true_vel_x,true_vel_y,true_pos_x,true_pos_y,true_speed_ms,true_heading,err_vel_x,err_vel_y,err_pos_x,err_pos_y
8251013.0,0.8017,0.2532,10.2723,-0.0048,0.025,9.8065,0.0332,-0.0401,0.0612,351.85,-88.05,-139.36,52.55389,-1.466707,19.68,4,115.73,21 / 22,17.867878592044242,-8.369925943458481,0.0,0.0,0.0,0.0,False,0.0,17.867878592044242,-8.369925943458481,0.0,0.0,19.731111111111108,115.1,0.0,0.0,0.0,0.0
8251113.0,-1.1254,-1.2887,10.3518,0.0218,0.0166,9.8066,0.0265,-0.1935,0.0822,350.74,-88.15,-140.45,52.55389,-1.466707,19.68,4,115.73,21 / 22,17.940794310093384,-8.477569815655531,0.05053999999926462,1.7904336450808274,-0.8423747879434423,0.0025269999999264583,False,0.09999999999854481,17.796695027232825,-8.455060279667979,1.7780970523211952,-0.8450814420812353,19.703055555551614,115.41199999998226,-0.14409928286055873,0.022509535987552454,-0.01233659275963217,-0.0027066541377929187
8251214.0,0.3657,0.56,8.8247,-0.0091,0.0146,9.8066,0.0072,-0.0093,-0.027,347.76,-88.05,-143.31,52.55389,-1.466707,19.68,4,115.73,21 / 22,17.99006939015945,-8.570195131266592,0.028481599999140766,3.6049422619537914,-1.703286917767847,0.006517590799868354,False,0.20099999999911233,17.78312983502478,-8.35735044578599,3.573907466703416,-1.6874942067680534,19.649050000000344,115.17162000000765,-0.20693955513467088,0.21284468548060254,-0.031034795250375335,0.015792710999793513
8251314.0,-2.1565,-1.5174,9.3463,-0.0036,0.0348,9.8065,0.0605,-0.2324,0.0725,348.88,-88.25,-142.26,52.55389,-1.466707,19.68,4,115.73,21 / 22,17.99368639479891,-8.683170874788527,-0.043633400001121564,5.404130051208255,-2.565955218073741,0.005760000799766558,False,0.30099999999947613,17.744087795898835,-8.475172037082315,5.345176085503994,-2.532464454639005,19.664211111102386,115.53071000000786,-0.24959859890007507,0.20799883770621186,-0.05895396570426126,0.03349076343473589
8251413.0,0.3412,1.9589,9.5019,-0.0169,-0.0072,9.8066,-0.0097,0.2117,-0.1882,350.42,-88.26,-139.51,52.55389,-1.466707,19.68,4,115.73,21 / 22,17.9848189165354,-8.729409041578997,-0.08150585000118282,7.185066064122182,-3.427877923935327,-0.0004343920753575245,False,0.3999999999996362,17.66324435798515,-8.463187768618317,7.092105732989206,-3.358086784691395,19.58611111111099,115.60099999998532,-0.32157455855024963,0.26622127296067966,-0.09296033113297586,0.06979113924393188
8251513.0,0.7774,-0.2278,10.3287,0.0159,0.0352,9.8065,0.0792,-0.209,0.0903,346.8,-88.4,-144.31,52.55389,-1.466707,19.68,4,115.73,21 / 22,18.108350119006495,-8.681574878197234,-0.0706408500011433,8.989724515905841,-4.298427119927306,-0.008041727075501506,False,0.5,17.70077512270538,-8.379216196504295,8.863441959801746,-4.1920487335336265,19.583888888888886,115.332,-0.4075749963011148,0.30235868169293845,-0.1262825561040959,0.10637838639367914
8251613.0,0.7891,1.9097,9.8363,-0.0076,-0.0058,9.8066,0.0095,0.2146,-0.0933,345.72,-88.43,-145.37,52.55389,-1.466707,19.68,4,115.73,21 / 22,18.24803659934743,-8.627486173224591,-0.0430558500015447,10.807543851797085,-5.163880172485803,-0.013726562075553181,False,0.5999999999985448,17.69215865140531,-8.38118583698903,10.628017361542291,-5.026010684604015,19.576944444438766,115.34800000001994,-0.5558779479421183,0.2463003362355618,-0.17952649025479417,0.13786948788178854
8251713.0,1.0571,-0.1494,10.1678,-0.0131,0.0214,9.8066,0.0036,0.0075,-0.0522,345.5,-88.47,-145.6,52.55389,-1.466707,19.68,4,115.73,21 / 22,18.40084055826881,-8.564222317361342,-0.02351585000147359,12.639987709684563,-6.023465597018227,-0.017055147075716204,False,0.6999999999989086,17.581495891043556,-8.431943437573638,12.379071112454444,-5.859972634153771,19.49888888888858,115.62200000000142,-0.8193446672252556,0.13227887978770347,-0.2609165972301195,0.16349296286445547
8251814.0,-2.1279,-2.4756,11.1176,-0.0065,-0.0485,9.8064,-0.1343,0.4225,-0.1248,345.23,-88.54,-145.88,52.55389,-1.466707,19.68,4,115.73,21 / 22,18.468499498306016,-8.751529656276876,0.06092519999900091,14.501889382552054,-6.89791107169187,-0.01516597490083046,False,0.8009999999994761,17.553916607512466,-8.448257286098059,14.154328618189707,-6.713282501528977,19.481094444435044,115.70034000000376,-0.9145828907935503,0.30327237017881714,-0.3475607643623473,0.1846285701628929
8251913.0,0.013,-0.5259,9.8306,-0.0207,-0.0239,9.8065,-0.0541,0.4268,-0.2101,350.93,-88.35,-140.29,52.55389,-1.466707,19.68,4,115.73,20 / 22,18.484756851714252,-8.970564475346194,0.12700274999910782,16.331075571881016,-7.77515473120863,-0.005863541375909035,False,0.8999999999996362,17.47314626546807,-8.42203142754647,15.881178614560433,-7.527896534081359,19.39694444444849,115.73400000000005,-1.0116105862461815,0.5485330477997241,-0.44989695732058266,0.24725819712727137
8252014.0,-0.7268,-0.2007,9.3826,-0.0379,-0.0498,9.8064,-0.0707,0.4084,-0.243,348.55,-88.55,-142.65,52.55389,-1.466707,19.68,4,115.73,20 / 22,18.538045873034534,-9.065420812097948,0.10679769999935826,18.200727109457663,-8.685971988213273,0.005943381348867205,False,1.0009999999983847,17.53894668656879,-8.453423473727693,17.656436120025628,-8.370086908190036,19.469850000001927,115.73313000000286,-0.9990991864657452,0.611997338370255,-0.5442909894320351,0.31588508002323756
8252114.0,2.4629,4.0382,9.0103,-0.0086,-0.0409,9.8065,-0.0561,0.5916,-0.2845,352.59,-88.42,-138.7,52.55389,-1.466707,19.68,4,115.73,20 / 22,18.68131654086091,-8.918524087629244,0.045777699999136376,20.061695230159206,-9.585169233202905,0.01357215134881969,False,1.1009999999987485,17.453779905226398,-8.34340567014101,19.400729045906694,-9.193040560365398,19.34546111111453,115.54913000000839,-1.227536635634511,0.575118417488234,-0.6609661842525121,0.3921286728375062
8252214.0,-2.2465,-3.5614,10.4338,-0.0144,-0.0405,9.8065,-0.0028,0.286,-0.1854,341.48,-88.56,-149.54,52.55389,-1.466707,19.68,4,115.73,20 / 22,18.81098556806298,-8.953830465786783,0.03731769999910568,21.93631033561222,-10.478786960876956,0.017726921348746906,False,1.2009999999991123,17.47799545227089,-8.39826449054352,21.144954363286036,-10.027113705540907,19.391011111110902,115.66452000000743,-1.3329901157920894,0.5555659752432636,-0.7913559723261834,0.45167325533604874
8252313.0,1.2754,2.5421,9.6215,-0.0246,-0.0623,9.8064,-0.1413,0.5557,-0.2735,342.33,-88.38,-147.38,52.55389,-1.466707,19.68,4,115.73,20 / 22,18.870425950552214,-9.056269588429611,0.05919669999914107,23.801540205786686,-11.37028691356211,0.022504384148667844,False,1.2999999999992724,17.417699120501837,-8.500072073150864,22.865111142876923,-10.863744333215658,19.381111111107376,116.01299999999247,-1.452726830050377,0.5561975152787468,-0.9364290629097631,0.5065425803464514
8252413.0,-1.2647,-4.2489,10.231,-0.0187,-0.002,9.8066,-0.0337,0.0039,0.0458,348.7,-88.58,-142.5,52.55389,-1.466707,19.68,4,115.73,20 / 22,18.957247002758443,-9.181316559229723,0.07115669999918459,25.6929238534591,-12.282166220948394,0.02902205414860784,False,1.3999999999996362,17.397199509726928,-8.464142517417445,24.602643243211006,-11.708825775897422,19.346944444443853,115.94399999999045,-1.5600474930315151,0.7171740418122781,-1.0902806102480938,0.573340445050972
8252513.0,0.055,0.6786,9.1166,-0.024,-0.0539,9.8064,-0.1025,0.521,-0.2369,351.87,-88.56,-139.41,52.55389,-1.466707,19.68,4,115.73,20 / 22,19.015886288719333,-9.419825378732309,0.05787169999913631,27.591580518039894,-13.21222331784988,0.03547347414854735,False,1.5,17.413214570336248,-8.406256671590752,26.34017534354509,-12.553907217871863,19.336111111111112,115.769,-1.6026717183830854,1.0135687071415571,-1.2514051744948027,0.6583160999780162
8252613.0,-1.514,-2.7862,9.0513,0.0162,-0.0012,9.8066,-0.0392,-0.1143,0.0563,347.79,-88.76,-143.44,52.55389,-1.466707,19.68,4,115.73,20 / 22,19.050770868445433,-9.589127251035235,-0.014398299999811993,29.494913375870436,-14.162670949324426,0.037647144148481936,False,1.5999999999985448,17.369278368049002,-8.405240804751484,28.070946618818287,-13.387869168235737,19.29611111111859,115.82300000000582,-1.6814925003964305,1.1838864462837506,-1.423966757052149,0.7748017810886889
8252714.0,1.858,0.7623,10.1515,-0.0322,-0.0274,9.8065,0.036,0.2505,-0.1362,344.61,-88.71,-146.53,52.55389,-1.466707,19.68,4,115.73,20 / 22,19.171473593226576,-9.727120315744516,-0.03512854999992843,31.425136721195717,-15.138141451452285,0.03514603822348099,False,1.7009999999991123,17.44971507287606,-8.473688735950315,29.83261486543081,-14.2412902297225,19.39834999999886,115.90148999999683,-1.721758520350516,1.253431579794201,-1.5925218557649075,0.8968512217297846
8252814.0,-1.6414,0.5547,9.8225,-0.0176,0.0123,9.8066,0.0485,-0.023,-0.0766,341.42,-88.83,-149.69,52.55389,-1.466707,19.68,4,115.73,20 / 22,19.251292934494998,-9.70666851920129,-0.017093549999862748,33.34627504758878,-16.10983089320311,0.03253493322348193,False,1.8009999999994761,17.423989846134084,-8.405784195255595,31.570146966055123,-15.075474570636592,19.34561111111787,115.75386000002057,-1.8273030883609138,1.300884323945695,-1.7761280815336598,1.0343563225665182
8252914.0,-0.7372,1.2414,9.3475,-0.0033,-0.0036,9.8066,-0.0679,0.1413,-0.0861,340.91,-89.03,-151.36,52.55389,-1.466707,19.68,4,115.73,22 / 22,19.197840190846694,-9.698202725306738,-0.039258549999943326,35.26873170386286,-17.08007445543204,0.029717328223481373,False,1.90099999999984,17.451168858647804,-8.487767623653966,33.30767906638934,-15.931564309424939,19.40581111110943,115.93700999999446,-1.7466713321988898,1.210435101652772,-1.9610526374735215,1.1485101460071014
8253013.0,0.4642,-1.2942,10.7174,0.0157,-0.0067,9.8065,0.0266,-0.0567,-0.003,329.55,-89.12,-162.59,52.55389,-1.466707,19.68,4,115.73,22 / 22,19.285964287634357,-9.724158286275147,-0.01690434999990714,37.17368002555075,-18.041481325506897,0.02693726467348428,False,2.0,17.43893228963964,-8.444958400577663,35.02783584572991,-16.768194938378443,19.376111111111108,115.839,-1.8470319979947156,1.2791998856974836,-2.145844179820841,1.2732863871284543
8253114.0,-0.3749,1.2986,9.3902,0.0193,-0.0208,9.8066,-0.0352,0.0811,-0.006,325.28,-88.99,-165.6,52.55389,-1.466707,19.68,4,115.73,22 / 22,19.382141813073666,-9.74184028235534,0.008057799999783604,39.12641938361231,-19.024514253210555,0.02649051389848358,False,2.1009999999987485,17.465199221437867,-8.488915127891852,36.78950409258811,-17.62183838982115,19.418930555555868,115.92194999999963,-1.9169425916357987,1.2529251544634885,-2.336915291024198,1.4026758633894048
8253214.0,2.6316,0.7679,11.1789,0.0396,-0.0073,9.8065,-0.1093,-0.2576,0.2222,328.35,-88.96,-163.68,52.55389,-1.466707,19.68,4,115.73,22 / 22,19.51662338841949,-9.612608089769456,0.05584779999995755,41.07135764369404,-19.992236671820315,0.029685793898482263,False,2.2009999999991123,17.46933735564325,-8.488966709833198,38.52703619292486,-18.477928130697737,19.4226749999992,115.91674999999947,-2.0472860327762383,1.1236413799362577,-2.544321450769182,1.5143085411225776
8253313.0,2.8801,1.0685,10.5503,-0.002,-0.0133,9.8066,-0.0814,0.0152,0.0512,334.83,-88.76,-156.11,52.55389,-1.466707,19.68,4,115.73,22 / 22,19.806466411768845,-9.426180434512291,0.16058485000012698,43.01785058880651,-20.934656703773786,0.04039921007350377,False,2.2999999999992724,17.43910964751004,-8.464967790962726,40.24719297251648,-19.31455875837127,19.38499999999782,115.89199999996431,-2.3673567642588047,0.9612126435495654,-2.7706576162900305,1.6200979454025166
8253413.0,0.1624,0.5035,8.7005,0.0071,0.032,9.8065,0.0092,-0.2267,0.0935,344.5,-88.75,-146.64,52.55389,-1.466707,19.68,4,115.73,22 / 22,20.004137971046045,-9.325975446958795,0.1424598500000611,45.008380807954495,-21.87226449785075,0.055551445073568295,False,2.399999999999636,17.469094932579818,-8.356670822550155,41.99148589814626,-20.148520707920827,19.364999999998634,115.56500000000486,-2.5350430384662275,0.9693046244086396,-3.0168949098082365,1.723743789929923
8253514.0,-0.4071,-1.8373,10.5386,-0.0171,0.0177,9.8065,0.0656,-0.1661,0.013,341.52,-88.95,-149.63,52.55389,-1.466707,19.68,4,115.73,22 / 22,20.103030817498965,-9.435293388707981,0.12356275000029532,47.03379283175092,-22.819708574040185,0.06898558637341984,False,2.5009999999983847,17.43360108147741,-8.372952590647035,43.753154144753914,-20.99082227766091,19.340030555555508,115.65389000000016,-2.6694297360215558,1.062340798060946,-3.2806386869970083,1.8288862963792738
8253614.0,1.707,0.4886,10.249,0.0116,0.0216,9.8066,0.0527,-0.1491,-0.0101,331.42,-89.07,-160.72,52.55389,-1.466707,19.68,4,115.73,22 / 22,20.2669010201385,-9.49738862372867,0.18227775000050905,49.05228942364014,-23.76634267466546,0.08427761137351569,False,2.6009999999987485,17.437544954156625,-8.371513203502518,45.49068624535148,-21.8246730324126,19.342963888888207,115.64499000001477,-2.8293560659818766,1.1258754202261514,-3.5616031782886566,1.941669642252858
8253714.0,-3.0402,0.4524,9.1351,0.0645,0.017,9.8063,-0.1346,-0.1293,0.2413,320.63,-88.95,-169.99,52.55389,-1.466707,19.68,4,115.73,22 / 22,20.293122478636644,-9.527862971049597,0.17081775000046742,51.080290598586274,-24.717605254407832,0.10193238637362874,False,2.7009999999991123,17.400032924582018,-8.426458148958403,47.228150737421686,-22.647515490231648,19.333038888887096,115.83988999999555,-2.893089554054626,1.1014048220911938,-3.852139861164588,2.070089764176185
8253815.0,0.9973,1.3979,10.7358,0.0286,0.0111,9.8065,-0.0999,-0.1002,0.1271,335.74,-88.93,-155.29,52.55389,-1.466707,19.68,4,115.73,22 / 22,20.271620374003394,-9.540019800699941,0.18382655000054052,53.128810112656105,-25.680533334386595,0.11984192352378027,False,2.80199999999968,17.35399913526626,-8.3288985269658,48.97622972546408,-23.478586371333353,19.249211111112917,115.63826000004067,-2.9176212387371336,1.2111212737341415,-4.152580387192025,2.201946963053242
8253913.0,-1.3345,0.0287,10.1466,-0.0086,0.0071,9.8066,0.0411,-0.192,0.0251,336.4,-88.95,-155.76,52.55389,-1.466707,19.68,4,115.73,21 / 22,20.317076594222893,-9.512058862064,0.2460124500005128,55.11765626409831,-26.614085188861612,0.1409040345238225,False,2.899999999999636,17.316151588393527,-8.443406846029525,50.67238557503428,-24.284971978617843,19.264999999994878,115.99399999998232,-3.000925005829366,1.0686520160344752,-4.445270689064024,2.3291132102437686
8254013.0,0.4342,1.2389,10.5241,-0.0162,0.019,9.8065,0.0741,-0.0371,0.0067,336.72,-88.91,-154.32,52.55389,-1.466707,19.68,4,115.73,21 / 22,20.34191648190022,-9.503036871237043,0.29888245000070524,57.15060591791186,-27.564839975530123,0.16814877952398252,False,3.0,17.278998384278058,-8.304680371373978,52.4031568500458,-25.08557545089274,19.171111111111113,115.67,-3.0629180976221626,1.1983564998630651,-4.747449067866064,2.479264524637383
8254114.0,-2.1574,-1.7469,9.3915,0.0403,0.0183,9.8065,-0.0028,-0.3107,0.1787,332.43,-88.95,-158.58,52.55389,-1.466707,19.68,4,115.73,21 / 22,20.374560563197022,-9.593672743481468,0.3141486000005162,59.20678800866379,-28.52922381106146,0.19910684754866062,False,3.1009999999987485,17.275070838507496,-8.342263696380384,54.15116822981853,-25.905193255487266,19.18388888888064,115.77622999997202,-3.0994897246895263,1.2514090471010846,-5.055619778845262,2.624030555574194
8254214.0,1.4435,0.7218,9.8947,0.0144,0.0137,9.8066,-0.0221,-0.0225,0.0351,335.67,-88.96,-156.5,52.55389,-1.466707,19.68,4,115.73,21 / 22,17.393207163550706,-8.232621026613147,0.25312456000038824,61.095176395008046,-29.42053849956943,0.22747050554880904,False,3.2009999999991123,17.229724289208633,-8.183518417564798,55.875178679577175,-26.694899624480076,19.074419444445564,115.40608000000651,-0.16348287434207265,0.049102609048349066,-5.219997715430871,2.7256388750893557
8254314.0,-1.1102,-2.5282,10.2145,0.0211,0.0415,9.8065,0.0473,-0.3716,0.1527,332.69,-89.02,-159.44,52.55389,-1.466707,19.68,4,115.73,21 / 22,17.545057049666454,-8.33503181095402,0.27791956000047846,62.84208960567526,-30.248921141450804,0.25402271154894895,False,3.300999999999476,17.232658175859495,-8.297467907363227,57.599121521328115,-27.50640019874558,19.126224999992044,115.71065999999624,-0.3123988738069592,0.03756390359079198,-5.242968084347147,2.742520942705223
8254413.0,1.6257,1.9295,9.1923,0.0011,0.0178,9.8065,0.0081,0.057,-0.045,331.08,-88.96,-160.99,52.55389,-1.466707,19.68,4,115.73,21 / 22,15.019737481937057,-7.116389619876788,0.22754313850039265,64.45404693499225,-31.013766502278166,0.2790431151247825,False,3.399999999999636,17.173338388657537,-8.256480702369924,59.29919864955382,-28.28798933879551,19.054999999998575,115.67699999999482,2.153600906720481,-1.1400910824931358,-5.154848285438426,2.7257771634826575
8254514.0,-0.6439,0.5385,9.8299,0.0206,0.0316,9.8066,0.0246,-0.2081,0.1193,319.77,-89.05,-172.19,52.55389,-1.466707,19.68,4,115.73,21 / 22,15.09795528998298,-7.004588646233992,0.19769258850076257,65.97499041995536,-31.726875904707924,0.3005175193380748,False,3.5009999999983847,17.16307143585439,-8.217008083436335,61.03362077020684,-29.085368157710917,19.028669444444777,115.58327999999804,2.0651161458714107,-1.2124194372023434,-4.941369649748523,2.641507746997007
8254614.0,0.7525,2.0419,9.4123,0.0127,-0.0092,9.8065,-0.0785,0.1161,-0.0298,320.5,-89.0,-171.44,52.55389,-1.466707,19.68,4,115.73,21 / 22,15.116240224004864,-6.906149544386989,0.17913758850069514,67.48570019566024,-32.422412814241504,0.3193590281882162,False,3.6009999999987485,17.124831774878164,-8.245376171848621,62.75080278667453,-29.874963331199243,19.006474999996513,115.7101900000014,2.0085915508733,-1.339226627461632,-4.7348974089857165,2.5474494830422607
8254713.0,0.2389,-1.142,10.2633,0.0018,0.0146,9.8066,0.0278,-0.1278,0.0692,320.91,-88.99,-171.02,52.55389,-1.466707,19.68,4,115.73,21 / 22,15.220671022302836,-6.845825738277034,0.18222143850070016,68.9873773023549,-33.103135590734475,0.3372463000248142,False,3.6999999999989086,17.080256518706555,-8.230822392396103,64.44418669784422,-30.667560768749382,18.959999999999656,115.72899999999792,1.859585496403719,-1.3849966541190692,-4.543190604510684,2.4355748219850923
8254813.0,-1.0636,-0.6536,9.7896,-0.0167,-0.0131,9.8065,-0.0266,0.1441,-0.073,336.5,-89.08,-155.72,52.55389,-1.466707,19.68,4,115.73,21 / 22,15.323823953168871,-6.951938438393779,0.20420143850078015,70.51460205113405,-33.79302379957053,0.35656744387495853,False,3.7999999999992724,17.07956688648394,-8.188655878301056,66.15467549724372,-31.44592525558288,18.94111111110205,115.61499999998144,1.7557429333150676,-1.2367174399072765,-4.3599265538903325,2.3470985439876486
8254913.0,0.1663,-0.3855,9.7176,-0.0028,0.0053,9.8066,0.0087,0.0416,-0.0271,332.86,-89.12,-158.22,52.55389,-1.466707,19.68,4,115.73,20 / 22,13.086855190985988,-5.9878381824313065,0.16906197272564671,71.93513600834696,-34.440012630614135,0.37523061443634775,False,3.899999999999636,17.028788891177964,-8.10225945253101,67.85840347115308,-32.246528727150455,18.858055555555936,115.4449999999977,3.941933700191976,-2.1144212700997036,-4.076732537193877,2.1934839034636795
8255014.0,-0.8637,0.0827,9.8012,0.008,-0.0149,9.8066,-0.0155,0.033,-0.0206,329.69,-89.12,-161.34,52.55389,-1.466707,19.68,4,115.73,20 / 22,11.184231069747895,-5.136119790077829,0.13964626431684998,73.16082586449883,-35.001772508218885,0.39082038040680067,False,4.000999999998385,17.039906721513365,-8.091621170513053,69.57903350821672,-33.05502703849781,18.863530555557798,115.4013000000026,5.85567565176547,-2.9555013804352237,-3.581792356282108,1.9467454697210727
8255114.0,-0.7173,0.3957,9.9557,-0.011,-0.0011,9.8066,-0.0313,0.0385,-0.022,331.09,-89.03,-159.92,52.55389,-1.466707,19.68,4,115.73,20 / 22,9.518133896588138,-4.3991348156265495,0.12480232466934472,74.1959441128194,-35.478535238505835,0.40404280985615854,False,4.1009999999987485,16.932235632915937,-7.981614675409111,71.26923983175134,-33.8447334076044,18.719163888897114,115.23849000004074,7.414101736327799,-3.582479859782562,-2.9267042810680692,1.633801830901433
8255214.0,-0.7242,0.3643,10.0197,-0.0032,-0.0043,9.8066,-0.0042,-0.001,-0.0363,330.12,-89.07,-162.0,52.55389,-1.466707,19.68,4,115.73,20 / 22,8.10094961720691,-3.7594153868541276,0.12147122596899906,75.07689828851237,-35.88646274863135,0.41635648738812053,False,4.200999999999112,16.954076420700574,-8.187719462842942,72.95944615504493,-34.65623398175613,18.827630555552897,115.7774999999905,8.853126803493664,-4.428304075988814,-2.117452133467438,1.2302287668752214
8255314.0,-0.8014,0.4801,9.5727,-0.0048,0.0097,9.8065,-0.0329,0.0255,-0.0024,330.33,-89.16,-160.73,52.55389,-1.466707,19.68,4,115.73,20 / 22,6.891586896553244,-3.2142395024319246,0.102362292073646,75.82652511420311,-36.23514549309692,0.4275481632902935,False,4.300999999999476,16.9037320948595,-8.002360408852402,74.64951726207214,-35.44582915663828,18.702244444435472,115.33325000001382,10.012145198306255,-4.7881209064204775,-1.17700785213097,0.78931633645864
8255413.0,-1.7201,-0.7108,10.3221,-0.0083,-0.0116,9.8066,-0.0635,0.153,-0.1381,331.1,-89.17,-159.98,52.55389,-1.466707,19.68,4,115.73,20 / 22,6.880666031559042,-3.306585107723065,0.11629654207366859,76.50825163414576,-36.557926311300115,0.4383717755806031,False,4.399999999999636,16.813904943806737,-8.004337288780498,76.30943508804117,-36.23842659348858,18.621944444443248,115.45700000001156,9.933238912247695,-4.697752181057433,-0.1988165461045952,0.3194997178115315
8255513.0,-0.049,-0.4059,9.6053,-0.0013,0.005,9.8066,0.0088,0.1347,-0.0254,326.68,-89.34,-164.44,52.55389,-1.466707,19.68,4,115.73,20 / 22,6.92600789117305,-3.4161798581170078,0.1320015420737258,77.19858533028489,-36.89406455959334,0.45078667978801795,False,4.5,16.764394301123435,-8.056989742854336,77.9793589354452,-37.03903006505615,18.599999999999998,115.669,9.838386409950385,-4.640809884737328,0.78077360516032,-0.14496550546281384
8255613.0,-1.2475,-1.6246,9.8111,-0.0089,-0.0274,9.8065,-0.1011,0.1721,-0.1279,321.93,-89.34,-170.25,52.55389,-1.466707,19.68,4,115.73,20 / 22,7.031626129857745,-3.5479030561449543,0.1221565420738691,77.89646703132627,-37.24226870530137,0.46349458399521276,False,4.599999999998545,16.68821577965044,-7.958798052299891,79.64252195776486,-37.82851404430017,18.48888888888315,115.49700000001681,9.656589649792696,-4.410894996154937,1.746054926438589,-0.5862453389988005
8255713.0,0.9577,0.759,9.4553,-0.0079,-0.0246,9.8065,-0.021,0.2099,-0.0975,328.97,-89.29,-162.14,52.55389,-1.466707,19.68,4,115.73,20 / 22,7.14927605489317,-3.606011813765307,0.10481154207380601,78.60551214056639,-37.59996444879818,0.4748429882026378,False,4.699999999998909,16.584924427697356,-7.991769624278091,81.29892415459095,-38.62911751657467,18.409999999999094,115.72799999999363,9.435648372804184,-4.385757810512784,2.6934120140245597,-1.029153067776484
8255814.0,-0.6403,-0.3568,9.7522,-0.0162,-0.0282,9.8066,-0.016,0.1115,-0.0917,323.37,-89.35,-167.72,52.55389,-1.466707,19.68,4,115.73,20 / 22,7.251806263498275,-3.5962362103985157,0.0843186420736909,79.33276679764924,-37.9636779740205,0.48439406250214007,False,4.800999999999476,16.586794063673633,-7.870056864928246,82.97175515712226,-39.41537684249263,18.359188888879917,115.38330000005861,9.334987800175359,-4.273820654529731,3.638988359473018,-1.4516988684721284
8255914.0,-0.2197,1.0518,9.3789,0.0033,-0.0287,9.8066,-0.0589,0.1978,-0.0849,333.48,-89.21,-157.65,52.55389,-1.466707,19.68,4,115.73,20 / 21,7.297656778459945,-3.6052918275556713,0.06020864207360324,80.0602399497498,-38.32375437591952,0.49162042670953104,False,4.90099999999984,16.441051026372307,-7.986242524086347,84.6145004868503,-40.20474962671043,18.27808055555103,115.90817000000095,9.143394247912362,-4.380950696530675,4.554260537100504,-1.8809952507909102
8256014.0,-1.0391,-1.9614,9.8556,-0.0024,-0.0312,9.8065,0.0518,-0.2182,0.088,329.57,-89.4,-162.72,52.55389,-1.466707,19.68,4,115.73,20 / 21,7.362637527116931,-3.696948931344169,0.04126864207387894,80.79325466501798,-38.6888664138592,0.4966942909168313,False,5.000999999998385,16.366102741806987,-7.9558495412809105,86.24385938246667,-40.98322530833929,18.197386111112134,115.92519999999969,9.003465214690056,-4.258900609936742,5.450604717448684,-2.294358894480091
8256114.0,0.0441,0.8366,9.3726,-0.0068,-0.0109,9.8066,0.0088,-0.1029,-0.0166,334.62,-89.31,-157.68,52.55389,-1.466707,19.68,4,115.73,20 / 21,7.444723382599584,-3.7929385756549743,0.022013642073809,81.5336227105065,-39.06336078921052,0.49985840512422725,False,5.1009999999987485,16.302594770887996,-7.933219523089005,87.87308306186428,-41.77270928760279,18.13038055555013,115.94864000002701,8.857871388288412,-4.1402809474340305,6.339460351357772,-2.7093484983922664
8256214.0,-1.0226,-2.2136,10.1531,-0.0152,-0.0187,9.8065,0.0171,-0.2536,0.151,327.51,-89.39,-163.66,52.55389,-1.466707,19.68,4,115.73,20 / 21,7.538585409441772,-3.8971751309560023,0.01763364207379315,82.2827881501113,-39.447866474542465,0.5018407693316146,False,5.200999999999112,16.18654010882165,-8.003228557643247,89.48885269865234,-42.56208207251531,18.05701388888669,116.30951000000107,8.647954699379877,-4.106053426687245,7.206064548541036,-3.1142155979728443
8256314.0,-0.4808,1.1742,9.5925,-0.011,-0.0208,9.8065,0.0305,-0.1144,0.0015,342.85,-89.39,-149.57,52.55389,-1.466707,19.68,4,115.73,20 / 21,7.605625816068672,-3.9975866417531982,0.02424864207381725,83.03999871138957,-39.842604563179364,0.5039348835390027,False,5.300999999999476,16.086570017251017,-7.971739164200104,91.09779390214644,-43.3405577535634,17.953449999995144,116.36083000000917,8.480944201182345,-3.9741525224469054,8.057795190756863,-3.497953190384038
8256415.0,-1.0732,-1.0036,9.7929,-0.0167,-0.0129,9.8066,-0.0012,-0.2427,0.1688,356.39,-89.42,-133.81,52.55389,-1.466707,19.68,4,115.73,20 / 21,7.596006970802606,-4.053074004149446,0.012739692073752583,83.80768116713088,-40.24916292579973,0.5058027944134655,False,5.402000000000044,16.033704205721616,-7.97506376539931,92.70916900251396,-44.13793657181299,17.907577777770815,116.44548000000712,8.43769723491901,-3.921989761249864,8.90148783538308,-3.888773646013263
8256514.0,-0.6869,0.8856,9.998,-0.0152,-0.0118,9.8066,-0.0494,0.0,-0.0188,359.95,-89.49,-130.28,52.55389,-1.466707,19.68,4,115.73,20 / 21,6.4468807473867,-3.505371084222202,0.018301258262564478,84.5028041091696,-40.62330595766786,0.5073393214550875,False,5.500999999998385,15.909678024387542,-7.95640095752161,94.28193979044863,-44.919636906766726,17.788261111112075,116.56955999999609,9.462797277000842,-4.451029873299408,9.77913568127903,-4.296330949098866
8256614.0,-0.5304,-0.7192,9.8636,0.0062,-0.004,9.8066,0.0846,-0.1554,0.1021,348.48,-89.41,-142.89,52.55389,-1.466707,19.68,4,115.73,20 / 21,6.470693027511639,-3.5585942496337606,0.030716258262609666,85.14868279791686,-40.976504224361946,0.5097901972813551,False,5.6009999999987485,15.818305442635552,-7.997879412453675,95.85721208396696,-45.7200179885924,17.7252611111048,116.82156999998938,9.347612415123912,-4.439285162819914,10.708529286050094,-4.743513764230457
8256713.0,2.3994,-0.2782,10.0223,0.0076,-0.0213,9.8066,0.0099,0.1426,-0.136,336.11,-89.26,-156.19,52.55389,-1.466707,19.68,4,115.73,20 / 21,6.652407497587998,-3.6025910806457477,0.044209958262631514,85.79827627391035,-41.33098289821135,0.5134990449993605,False,5.699999999998909,15.762829830471436,-7.920984596005873,97.41673165433521,-46.49059882974183,17.64111111111098,116.68000000001267,9.110422332883438,-4.318393515360125,11.618455380424862,-5.159615931530475
8256813.0,-1.7993,-1.2886,9.778,0.0006,0.016,9.8065,-0.0243,-0.1603,0.2057,326.19,-88.87,-165.75,52.55389,-1.466707,19.68,4,115.73,20 / 21,6.8221039944630775,-3.6925687814601247,0.05355995826266559,86.47200184851535,-41.695740891317975,0.5183875408256431,False,5.799999999999272,15.659035731872867,-8.108553341564917,98.97848229727356,-47.302321794557294,17.63388888887176,117.37599999999662,8.83693173740979,-4.415984560104793,12.50648044875821,-5.606580903239319
8256914.0,1.7838,-0.0651,8.1527,-0.0121,-0.02,9.8066,0.0523,-0.0664,0.0997,321.24,-88.84,-170.6,52.55389,-1.466707,19.68,4,115.73,21 / 21,6.951709122109226,-3.7534887400509755,-0.03141134173781182,87.16757941090616,-42.071766796156396,0.5195060459601545,False,5.90099999999984,15.522760262131165,-8.026951711266703,100.53536514578474,-48.09958941927543,17.475355555546656,117.34385999999361,8.57105114002194,-4.273462971215727,13.36778573487858,-6.027822623119036
8257013.0,-1.3982,-1.7426,9.7439,-0.0006,0.0066,9.8066,0.0,-0.1828,-0.0423,319.24,-88.98,-171.38,52.55389,-1.466707,19.68,4,115.73,21 / 21,7.1216535203603994,-3.8154142702527523,-0.11638799173794918,87.86421086170952,-42.446427495167036,0.5121899789530925,False,6.0,15.39867691661701,-7.924379940598201,102.06141863095293,-48.8701702611245,17.318055555555556,117.231,8.27702339625661,-4.108965670345449,14.197207769243406,-6.4237427659574635
8257113.0,-0.8235,2.009,9.5366,-0.0159,-0.0241,9.8065,0.0,0.0437,0.032,329.12,-88.92,-162.88,52.55389,-1.466707,19.68,4,115.73,21 / 21,6.063881276591106,-3.291833363251496,-0.11307379297705093,88.5234876015475,-42.80178987683708,0.5007168897175094,False,6.099999999998545,15.397241350779526,-7.887645959710611,103.60288679798789,-49.64853474723489,17.29999999999695,117.12500000001775,9.33336007418842,-4.595812596459115,15.079399196440392,-6.8467448703978135
8257213.0,-1.3271,1.916,9.5115,-0.023,0.0106,9.8066,-0.0986,-0.001,-0.0156,318.6,-88.85,-173.2,52.55389,-1.466707,19.68,4,115.73,21 / 21,5.959156500884399,-3.2090071116508136,-0.1413337929771537,89.12463949042346,-43.126831900583376,0.4879965104197529,False,6.199999999998909,15.326262115442638,-7.93386230831257,105.13083331423583,-50.43801872637738,17.25805555555188,117.36900000000189,9.36710561455824,-4.724855196661756,16.006193823812367,-7.311186825794003
8257314.0,-2.2398,1.1831,10.1264,-0.0113,0.0152,9.8066,-0.0841,-0.0909,0.0115,328.12,-89.04,-163.95,52.55389,-1.466707,19.68,4,115.73,21 / 21,5.813704355408144,-3.1992521602768393,-0.14009149297714665,89.71916896366957,-43.45044899381754,0.47378453347898086,False,6.300999999999476,15.131733628849663,-7.870377168448074,106.65350638698307,-51.224389247227904,17.056161111111663,117.48002000007763,9.318029273441518,-4.671125008171234,16.934337423313494,-7.773940253410366
8257414.0,-0.6044,-2.0613,9.828,-0.0266,-0.023,9.8065,-0.0286,-0.177,0.1455,331.7,-89.23,-160.51,52.55389,-1.466707,19.68,4,115.73,21 / 21,5.803656060361806,-3.3335336657898695,-0.12303649297708456,90.30003698446018,-43.77708828512206,0.46062813418122145,False,6.40099999999984,15.038695968512885,-8.053819526651168,108.15434199382202,-52.02477032963889,17.059499999990972,118.17077999997636,9.235039908151078,-4.720285860861298,17.854305009361838,-8.247682044516829
8257514.0,0.3321,2.5404,9.1498,-0.0131,-0.0159,9.8066,0.0486,-0.2582,0.1432,342.61,-89.27,-148.65,52.55389,-1.466707,19.68,4,115.73,21 / 21,5.8941531790573425,-3.344291224953527,-0.1548114929766221,90.88492744642262,-44.11097952965437,0.4467357348837383,False,6.500999999998385,14.954437886442086,-7.868863962222299,109.64834916707456,-52.80302362071934,16.898350000002523,117.75286000000021,9.060284707384744,-4.524572737268772,18.763421720651934,-8.692044091064965
8257613.0,-0.5125,-0.9938,9.3137,0.0059,-0.0368,9.8066,0.0946,-0.3727,0.1368,344.23,-89.09,-148.11,52.55389,-1.466707,19.68,4,115.73,21 / 21,5.947073527611822,-3.3149114109364737,-0.211726592976714,91.47106816840369,-44.44061006013146,0.42859209962901884,False,6.599999999998545,14.81176380791972,-7.789215486699121,111.11416369908439,-53.56259616517831,16.734999999995047,117.73900000001652,8.864690280307897,-4.474304075762647,19.643095530680696,-9.121986105046851
8257713.0,0.6947,2.637,9.6049,-0.0266,-0.0474,9.8064,-0.0524,-0.1211,0.1019,346.54,-88.94,-145.81,52.55389,-1.466707,19.68,4,115.73,21 / 21,6.024245848830517,-3.2780429637456123,-0.24646159297684023,92.06963413722798,-44.770257778866764,0.4056826903312578,False,6.699999999998909,14.720679130836615,-7.815922405007834,112.5880236129937,-54.32984115805679,16.666944444443082,117.9660000000039,8.696433282006097,-4.537879441262222,20.518389475765716,-9.559583379190023
8257813.0,-1.6254,-0.4879,9.8582,-0.0339,-0.0116,9.8065,0.0565,-0.2917,0.1255,338.6,-89.09,-154.88,52.55389,-1.466707,19.68,4,115.73,21 / 21,6.047707015904686,-3.2344283850134166,-0.25397159297686744,92.67323178046693,-45.0958813463059,0.3806610310334814,False,6.799999999999272,14.62513713150949,-7.835686589688708,114.04160105122703,-55.108205645596385,16.591944444437136,118.18100000006581,8.577430115604804,-4.6012582046752915,21.3683692707601,-10.012324299290484
8257914.0,0.159,2.8461,9.6923,-0.0009,-0.0247,9.8066,0.0471,0.1104,-0.1364,356.81,-89.09,-135.75,52.55389,-1.466707,19.68,4,115.73,21 / 21,6.063442063155912,-3.1913202489525045,-0.25714299297688525,93.28484480896293,-45.420381652323,0.35484974444267187,False,6.90099999999984,14.482573055311486,-7.953910619067466,115.50281822184418,-55.90525087904305,16.52301944443335,118.77573999995373,8.419130992155573,-4.762590370114962,22.21797341288125,-10.48486922672005
8258015.0,-2.9456,0.7476,10.1228,0.0214,0.0035,9.8066,0.0395,-0.1305,0.0825,6.83,-89.06,-127.11,52.55389,-1.466707,19.68,4,115.73,21 / 21,5.989811344411412,-3.059569233416772,-0.2469520929770115,93.89353410603754,-45.73605157117874,0.3293929426023155,False,7.0019999999985885,14.4197627403566,-7.658278701995955,116.95700413411942,-56.669382414916214,16.327266666666468,117.97257999999098,8.429951395945189,-4.598709468579183,23.06347002808188,-10.933330843737473
8258114.0,-2.1555,0.4204,10.0584,-0.0133,-0.0095,9.8066,-0.0269,0.1454,-0.0402,358.44,-88.97,-134.15,52.55389,-1.466707,19.68,4,115.73,21 / 21,5.809526565340045,-3.0546712723367526,-0.218841042976966,94.47760133257118,-46.03870647621403,0.30633618237255633,False,7.1009999999987485,14.33546639042658,-7.844420749232932,118.36920532156428,-57.43985206194412,16.341374999987526,118.68765000000482,8.525939825086535,-4.78974947689618,23.891603988993097,-11.401145585730092
8258214.0,-2.5418,1.694,9.6452,-0.0028,0.0306,9.8066,-0.1166,0.0587,-0.0718,358.43,-89.27,-134.26,52.55389,-1.466707,19.68,4,115.73,21 / 21,5.644822799234448,-3.018174169697257,-0.21432604297694943,95.05031880080199,-46.34234874831684,0.28467782807478176,False,7.200999999999112,14.17920688861993,-7.778259563413533,119.78877580835156,-58.20687466568185,16.17254999999483,118.74769999999093,8.534384089385483,-4.760085393716276,24.73845700754957,-11.864525917365015
8258313.0,-1.1374,1.493,10.3915,-0.011,0.0099,9.8066,-0.1327,0.1259,-0.0271,3.98,-89.23,-128.69,52.55389,-1.466707,19.68,4,115.73,21 / 21,5.5347857933632385,-2.9256478699143225,-0.19336774297691542,95.60370942613648,-46.63656793927809,0.2644969856700328,False,7.299999999999272,14.023103361192131,-7.557610212272423,121.17427173588781,-58.94443061443736,15.929999999978838,118.32200000006931,8.488317567828894,-4.631962342358101,25.570562309751338,-12.30786267515927
8258413.0,-2.7704,2.6384,8.5628,-0.0243,0.0161,9.8065,-0.0344,-0.0636,0.0377,2.02,-89.31,-130.62,52.55389,-1.466707,19.68,4,115.73,21 / 21,5.417179739535774,-2.778875536757642,-0.22631774297703522,96.15130770278341,-46.921794109612726,0.24351271137225894,False,7.399999999999636,13.768834528812485,-7.618686804107854,122.54671927040131,-59.70055611559806,15.736111111100682,118.9570000000137,8.351654789276711,-4.839811267350212,26.3954115676179,-12.778762005985335
8258514.0,-1.9157,2.2154,8.1632,0.0202,-0.0196,9.8065,-0.0427,0.1613,0.0036,355.02,-89.28,-137.52,52.55389,-1.466707,19.68,4,115.73,21 / 21,5.249433115980694,-2.601116102084721,-0.37212639297522854,96.68997165198031,-47.1934836873709,0.2132912825070441,False,7.500999999998385,13.566803426753058,-7.583627465840693,123.9122031548233,-60.46402048191813,15.542511111114914,119.20444000000543,8.317370310772365,-4.982511363755972,27.222231502842988,-13.270536794547233
8258614.0,-2.2807,1.8633,10.5053,0.0456,0.0061,9.8065,0.1628,-0.0978,-0.1449,6.76,-89.34,-127.15,52.55389,-1.466707,19.68,4,115.73,21 / 21,5.111960990911731,-2.4586286123418035,-0.41936639297540035,97.20804135732682,-47.446470923093145,0.1737166432093687,False,7.6009999999987485,13.394362051921565,-7.3819226512778515,125.24381530475536,-61.19801819394598,15.293861111094413,118.86023000006108,8.282401061009834,-4.923294038936048,28.035773947428538,-13.751547270852832
8258714.0,-4.67,4.0245,9.2356,-0.0318,-0.0026,9.8065,0.0821,0.0921,-0.1146,14.87,-89.34,-119.14,52.55389,-1.466707,19.68,4,115.73,21 / 21,4.893312899012698,-2.175038390403387,-0.4129863929753771,97.70830505182487,-47.67815427323125,0.13209900391167842,False,7.700999999999112,13.093103041027103,-7.458427635017281,126.54851936983547,-61.94257942157028,15.06843888888325,119.66767999998456,8.199790142014404,-5.283389244613893,28.84021431801061,-14.26442514833903
8258814.0,-3.6589,2.8264,9.7657,-0.0277,0.0128,9.8066,-0.221,0.035,0.1004,54.33,-89.45,-78.76,52.55389,-1.466707,19.68,4,115.73,21 / 21,4.747984915807791,-1.7778306068705645,-0.44358639297548835,98.19036994256764,-47.875797723095666,0.08927036461397933,False,7.800999999999476,12.951562488466871,-7.166106587683048,127.83949895973299,-62.643441044083424,14.801930555533897,118.95595000014322,8.20357757265908,-5.388275980812484,29.64912901716535,-14.767643320987759
8258914.0,-2.5045,2.6971,9.809,0.0013,0.0098,9.8066,-0.1413,0.1099,-0.0253,35.48,-89.57,-98.61,52.55389,-1.466707,19.68,4,115.73,21 / 21,4.737096260756668,-1.459138282877766,-0.44551639297549533,98.66462400139758,-48.037646167583674,0.04481522531626842,False,7.90099999999984,12.618453880749405,-7.35429663102281,129.09674203124808,-63.376993975598495,14.605174999983861,120.23444999998011,7.881357619992737,-5.895158348145044,30.4321180298505,-15.339347808014821
8259013.0,-2.2889,2.261,10.3116,-0.0002,0.0036,9.8066,0.0915,0.0513,-0.0705,32.17,-89.63,-100.66,52.55389,-1.466707,19.68,4,115.73,21 / 21,4.700209074416167,-1.2158582598565828,-0.42040504297545467,99.1317706154894,-48.170058496449236,0.0019521142366270977,False,8.0,12.41607888772826,-7.134660822611585,130.31490753258416,-64.07051673214225,14.32,119.883,7.715869813312093,-5.918802562755003,31.183136917094757,-15.900458235693016
8259113.0,-0.6307,2.7856,9.0374,0.003,0.0087,9.8065,-0.1402,0.0788,-0.1076,56.99,-89.59,-74.87,52.55389,-1.466707,19.68,4,115.73,21 / 21,4.768312070645847,-1.0507657775670196,-0.4336200429752623,99.60519667273562,-48.283389698318764,-0.04074914006028737,False,8.099999999998545,12.09625616784493,-6.875819277265366,131.51833443491154,-64.74880578499967,13.913888888867143,119.61499999999468,7.327944097199082,-5.825053499698346,31.91313776217592,-16.46541608668091
8259214.0,-1.1848,1.5551,11.3761,0.003,-0.0064,9.8066,0.1484,0.0826,0.0209,82.04,-89.57,-51.03,52.55389,-1.466707,19.68,4,115.73,21 / 21,4.903199909887046,-0.9654109609818018,-0.3932099429750352,100.09360802775527,-48.38520662361605,-0.08250405435101202,False,8.200999999999112,11.841170176533169,-6.710922596580656,132.70614383066703,-65.4225358453206,13.610649999990821,119.54218000000039,6.937970266646123,-5.745511635598854,32.612535802911765,-17.037329221704546
8259314.0,-0.2105,3.5824,10.1937,0.0123,0.0304,9.8066,-0.011,0.2401,-0.3145,109.96,-89.46,-21.93,52.55389,-1.466707,19.68,4,115.73,21 / 21,5.074249857947163,-1.0094021584902775,-0.2953849429746793,100.5924805161488,-48.48394727959001,-0.116933798648623,False,8.300999999999476,11.461787825513733,-6.499541654161759,133.8484528723585,-66.0781411336211,13.176369444404292,119.55579999995355,6.38753796756657,-5.490139495671482,33.25597235620971,-17.59419385403109
8259413.0,-2.0228,1.2255,10.3818,-0.0095,0.0391,9.8065,-0.0378,0.1172,0.2272,100.26,-89.41,-32.97,52.55389,-1.466707,19.68,4,115.73,21 / 21,5.242043420702156,-1.0236040149025414,-0.24775604297460224,101.10313703344276,-48.58458108517312,-0.1438192774531559,False,8.399999999999636,11.194735623179245,-6.241150472360432,134.9528336839802,-66.68359750945848,12.816944444426817,119.1399999999852,5.952692202477089,-5.217546457457891,33.84969665053744,-18.09901642428536
8259514.0,-1.6103,1.2172,8.7043,0.028,-0.0124,9.8065,-0.012,0.2004,0.0635,113.2,-89.76,-18.52,52.55389,-1.466707,19.68,4,115.73,21 / 21,5.3268759726272625,-0.9333318659009777,-0.2743796429742723,101.63686746279929,-48.68340634715247,-0.17018712959324733,False,8.500999999998385,10.938535110138991,-6.029944844553651,136.051941051878,-67.27871275616754,12.49046944444967,118.86598000000461,5.611659137511729,-5.096612978652674,34.415073589078716,-18.595306409015066
8259613.0,-2.6208,1.0832,9.6276,0.0471,0.0352,9.8064,0.1216,0.1012,-0.2625,86.59,-89.53,-44.14,52.55389,-1.466707,19.68,4,115.73,21 / 21,5.386230172357262,-0.8079957619649365,-0.33780894297437486,102.16716621697688,-48.76960206473197,-0.20049046459775435,False,8.599999999998545,10.672548943447023,-5.81089088094651,137.10277612735072,-67.85114423748682,12.151944444431125,118.5670000000408,5.286318771089761,-5.002895118981574,34.93560991037384,-19.08154217275485
8259713.0,-1.5457,1.303,10.8814,-0.0177,0.0085,9.8066,0.1649,0.2649,-0.0752,100.9,-89.46,-31.16,52.55389,-1.466707,19.68,4,115.73,21 / 21,5.44237756029751,-0.676719232270778,-0.29302394297421197,102.7085966036116,-48.84383781444402,-0.23203210889529843,False,8.699999999998909,10.455236777516054,-5.826004219064264,138.14394322248373,-68.42935785631234,11.96888888888518,119.12799999999025,5.012859217218544,-5.149284986793486,35.43534661887213,-19.585520041868314
8259814.0,-1.7302,4.9824,6.4734,-0.0054,0.0481,9.8065,-0.3534,0.0116,-0.0204,92.5,-89.52,-38.26,52.55389,-1.466707,19.68,4,115.73,21 / 21,5.70380179299683,-0.5998417845567482,-0.4070781929748528,103.27147866095612,-48.908304145794176,-0.2673872667609249,False,8.800999999999476,10.327127432296681,-5.627401224790418,139.1815946886215,-68.99055865261988,11.760838888842867,118.58640999993817,4.623325639299851,-5.02755944023367,35.91011602766537,-20.082254506825706
8259914.0,-2.8246,3.449,7.8449,-0.0688,0.0389,9.8063,0.2964,-0.16,0.1505,117.79,-89.4,-14.15,52.553253,-1.46462,11.13,6,118.66,22 / 22,6.09573460281874,-0.5303220825270718,-0.6718281929758159,103.86145548074904,-48.96481233914857,-0.32133258605865456,False,8.90099999999984,10.015370745890783,-5.33314665634703,140.18192639899425,-69.51317480720647,11.34681111109947,118.03517000001216,3.9196361430720428,-4.802824573819958,36.320470918245206,-20.548362468057896
8260013.0,0.6135,3.5786,11.0549,-0.016,0.0162,9.8066,0.0868,-0.1852,0.0274,133.95,-89.73,2.39,52.553253,-1.46462,11.13,6,118.66,22 / 22,6.326086044609311,-0.6504253690142923,-0.7071464429758729,104.47633560279773,-49.02325933799997,-0.38959183053837354,False,9.0,9.81410159109489,-5.27330700318047,141.14574965278678,-70.03056480093939,11.14111111111111,118.25,3.4880155464855784,-4.622881634166178,36.669414049989044,-21.00730546293942
8260114.0,-4.3433,1.8638,9.3449,0.0622,0.0052,9.8065,-0.182,-0.1192,0.1763,106.82,-89.82,-25.99,52.553253,-1.46462,11.13,6,118.66,22 / 22,6.498054404459249,-0.6436139097166556,-0.667428192976365,105.12395469546767,-49.08860832157507,-0.45900784965310143,False,9.100999999998749,9.541228316604016,-4.966745506018808,142.10822074164906,-70.51348436702266,10.75656111108559,117.49956000001158,3.043173912144767,-4.323131596302153,36.98426604618139,-21.424876045447583
8260214.0,-1.7462,2.6503,8.3405,0.0258,-0.0009,9.8065,-0.1085,0.0708,0.0066,101.69,-89.66,-30.02,52.553253,-1.46462,11.13,6,118.66,22 / 22,6.7173534115455755,-0.4570943802511809,-0.7638231929767156,105.78472508627031,-49.14364373607366,-0.5305704189510159,False,9.200999999999112,9.223113274337612,-4.832997350197355,143.02735494023642,-70.99140016204727,10.412669444437183,117.65499000000209,2.5057598627920363,-4.375902969946175,37.24262985396611,-21.847756425973607
8260313.0,1.5105,0.2357,11.1345,-0.0516,0.0131,9.8064,0.2785,0.0152,-0.1401,102.62,-89.65,-29.1,52.553253,-1.46462,11.13,6,118.66,22 / 22,6.780888111603312,-0.5299796876090959,-0.7706690429767267,106.45288804166726,-49.192503902432826,-0.6065277846308341,False,9.299999999999272,8.913300757149848,-4.690110286973173,143.90416637264036,-71.44274036943925,10.071944444415097,117.75299999987176,2.1324126455465358,-4.160130599364077,37.451278330973096,-22.250236467006424
8260415.0,-2.6899,0.8976,8.5091,-0.0759,0.0019,9.8063,0.2222,0.1524,-0.2706,213.36,-89.97,82.03,52.553253,-1.46462,11.13,6,118.66,22 / 22,6.812856846704613,-0.7021361022670285,-0.7691237429767149,107.1461690345462,-49.25534180771698,-0.6850572167150535,False,9.402000000000044,8.76550269662216,-4.386330001850384,144.8003813735109,-71.88507378748207,9.801733333329532,116.58380000001667,1.9526458499175474,-3.6841938995833554,37.6542123389647,-22.62973197976509
8260514.0,-2.1358,1.0534,9.2493,0.0303,0.0087,9.8066,-0.0465,0.058,0.1635,162.0,-89.9,31.73,52.553253,-1.46462,11.13,6,118.66,22 / 22,6.961037140662575,-0.7636531630474548,-0.8609412929751763,107.82797678690946,-49.327898376348834,-0.76574543599332,False,9.500999999998385,8.684726641000674,-4.400094939017976,145.65697793813948,-72.31439739910911,9.735775000001787,116.86894999999855,1.7236895003380992,-3.6364417759705217,37.82900115123002,-22.986499022760277
8260614.0,0.3701,0.8287,10.1039,0.019,0.0009,9.8066,-0.1423,0.0864,0.0279,81.05,-89.9,-49.29,52.553253,-1.46462,11.13,6,118.66,22 / 22,7.052380038324818,-0.8130142322179579,-0.8739462929752236,108.52864764586138,-49.40673174611239,-0.8524898152911555,False,9.600999999998749,8.573357960640749,-4.359894395695113,146.50877431693013,-72.74783522378037,9.618280555542794,116.9550099999407,1.5209779223159305,-3.546880163477155,37.980126671068746,-23.34110347766798
8260714.0,-1.9575,1.9775,9.0351,-0.0142,0.015,9.8065,-0.0616,0.0874,0.0335,115.07,-89.67,-14.19,52.553253,-1.46462,11.13,6,118.66,22 / 22,7.156378887377272,-0.836846061084772,-0.8976612929753098,109.23908559214907,-49.48922476077783,-0.9410701945890044,False,9.700999999999112,8.47901260335282,-4.16569236941594,147.35380987033054,-73.15925645199673,9.447044444442312,116.16464000000136,1.322633715975547,-3.3288463083311677,38.11472427818147,-23.670031691218895
8260813.0,-0.8977,2.3267,10.2272,0.0146,0.0072,9.8066,0.0324,0.1031,-0.045,122.68,-89.46,-8.04,52.553253,-1.46462,11.13,6,118.66,22 / 22,7.317060554924684,-0.846069534045418,-0.9150357929753379,109.95552084454417,-49.57252908273691,-1.0307987003437065,False,9.799999999999272,8.384606431226125,-4.1308286627066115,148.18376878344117,-73.56656346867958,9.346944444426649,116.2279999999296,1.0675458763014412,-3.2847591286611935,38.228247938897,-23.99403438594267
8260914.0,-0.5513,1.6055,9.6512,0.0079,-0.0025,9.8066,0.0447,0.0752,-0.0065,146.93,-89.57,17.74,52.553253,-1.46462,11.13,6,118.66,22 / 22,7.413089791698744,-0.9289603652096161,-0.9016482429752627,110.69939343705283,-49.662168092649786,-1.1225412441597273,False,9.90099999999984,8.281780483629085,-3.964627241626231,149.0167024595457,-73.95952633883357,9.181838888877403,115.5811799999898,0.8686906919303405,-3.035666876416615,38.31730902249288,-24.297358246183784
8261013.0,-1.0916,1.4048,8.7848,-0.0361,0.0023,9.8066,0.0711,0.172,-0.0669,155.1,-89.66,24.71,52.553253,-1.46462,11.13,6,118.66,22 / 22,7.465111107665347,-0.9991538987910524,-0.9599245929753568,111.43586438157254,-49.757609748717975,-1.214689099539432,False,10.0,8.110880003867669,-3.851502465515492,149.81988850437946,-74.33380846155724,8.978888888888887,115.401,0.6457688962023216,-2.8523485667244395,38.38402412280692,-24.576198712839265
8261113.0,0.6021,0.7401,10.3119,-0.0096,0.0042,9.8066,-0.0283,0.1884,-0.0098,133.6,-89.47,5.59,52.553253,-1.46462,11.13,6,118.66,22 / 22,7.456298502324136,-1.07630752403838,-0.9857545929749809,112.18193486206115,-49.86138281985794,-1.3119730588355332,False,10.099999999998545,7.99600762039693,-3.686717664042144,150.61766588906255,-74.68963222697947,8.804999999989004,114.75299999997264,0.5397091180727935,-2.610410140003764,38.435731027001395,-24.828249407121532
8261214.0,-1.3464,1.3507,10.096,0.0183,0.0038,9.8066,-0.0323,0.0923,0.0523,140.11,-89.42,10.79,52.553253,-1.46462,11.13,6,118.66,22 / 22,7.461266784757843,-1.1343182963633816,-0.9456272929747553,112.93527190906303,-49.973019423788855,-1.409507844076543,False,10.200999999999112,7.880331593116703,-3.5709602862795258,151.40956135565062,-75.04890303508688,8.65166944443976,114.37760000000127,0.4190648083588604,-2.4366419899161444,38.47428944658759,-25.075883611298025
8261314.0,0.3427,1.8178,9.8498,-0.0053,-0.0121,9.8066,0.0239,0.1817,-0.1122,140.14,-89.44,10.82,52.553253,-1.46462,11.13,6,118.66,22 / 22,7.505165896369416,-1.2196949918281044,-0.9290022929746948,113.68359354312211,-50.09072008819886,-1.5032393233743564,False,10.300999999999476,7.675878697654662,-3.4848317092837253,152.17353461389166,-75.39316252836542,8.429944444422325,114.41747999978412,0.17071280128524613,-2.265136717455621,38.48994107076955,-25.302442440166566
8261414.0,-0.5194,1.605,9.2913,-0.0185,-0.0064,9.8066,-0.0218,0.1111,0.0119,157.6,-89.45,28.45,52.553253,-1.46462,11.13,6,118.66,22 / 22,7.511514974077022,-1.3463669092147523,-0.9526122929747807,114.43442758664717,-50.219023183251466,-1.5973200526721725,False,10.40099999999984,7.605064506317571,-3.1498081697383635,152.93723743902237,-75.69372241428472,8.231563888886757,112.4980500000731,0.09354953224054885,-1.8034412605236112,38.502809852375194,-25.474699231033256
8261514.0,0.1904,1.5697,10.0589,-0.009,-0.0048,9.8066,-0.0131,0.2335,0.0146,138.26,-89.4,8.89,52.553253,-1.46462,11.13,6,118.66,22 / 22,7.517871916829305,-1.4587683064215886,-0.9657672929745892,115.18589693118156,-50.35927994403124,-1.693239031968245,False,10.500999999998385,7.49551010415298,-3.3014496830311284,153.6740997876921,-76.02675121947145,8.190419444449745,113.77061000002963,-0.02236181267632542,-1.8426813766095398,38.488202856510554,-25.667471275440207
8261614.0,0.1983,2.5265,9.3721,-0.0029,0.019,9.8065,0.0499,0.0718,0.0015,141.92,-89.29,16.3,52.553253,-1.46462,11.13,6,118.66,22 / 22,7.537009351160185,-1.6252640400018927,-0.9748822929746224,115.93864099458378,-50.513481561352975,-1.7902715112660588,False,10.600999999998749,7.284372786277443,-2.9200679614369576,154.40433652771645,-76.30473853649957,7.847863888895712,111.84431999995043,-0.2526365648827422,-1.2948039214350648,38.465695533132674,-25.791256975146595
8261714.0,0.8629,0.7418,10.5898,-0.0127,0.0277,9.8066,0.1175,0.1589,-0.0223,147.83,-89.22,22.23,52.553253,-1.46462,11.13,6,118.66,22 / 22,7.494969171053214,-1.7732315732514272,-0.9574522929745589,116.69023992069718,-50.68340634201626,-1.8868882405638694,False,10.700999999999112,7.400987348226592,-2.866063381801853,155.14113126815957,-76.58250346362492,7.936580555550684,111.16868999996981,-0.09398182282662138,-1.0928318085504256,38.45089134746239,-25.899097121608655
8261814.0,-1.8082,-0.6352,10.3459,0.0058,-0.0297,9.8066,0.0535,0.2113,-0.0628,161.48,-89.36,35.09,52.553253,-1.46462,11.13,6,118.66,22 / 22,7.462407394823023,-1.7409485455950189,-0.8913322929743183,117.43810874899371,-50.859115347959225,-1.9793274698616496,False,10.800999999999476,7.252634405851796,-2.603592649129012,155.8644043581265,-76.83802940454152,7.705805555530671,109.74727999994779,-0.20977298897122676,-0.8626441035339929,38.426295609132794,-25.97891405658229
8261915.0,0.352,-0.1653,10.1638,0.0096,-0.0166,9.8066,0.0098,0.1619,-0.0098,188.01,-89.48,57.85,52.553253,-1.46462,11.13,6,118.66,22 / 23,7.446811981404492,-1.6138251632501182,-0.8460640929740638,118.19102432749743,-51.028531420256854,-2.067065987352536,False,10.902000000000044,7.066249726162383,-2.468794797871536,156.58152509697084,-77.07387384457485,7.485133333339305,109.2585999999385,-0.3805622552421095,-0.8549696346214177,38.390500769473405,-26.045342424317994
8262014.0,0.8309,1.4587,10.1273,0.0115,0.0201,9.8065,-0.0791,0.2141,-0.0002,200.03,-89.42,62.09,52.553253,-1.46462,11.13,6,118.66,22 / 23,7.314729791458504,-1.5782185881500244,-0.812512992974626,118.9217206452419,-51.186537585948514,-2.1491655531056204,False,11.000999999998385,7.20611560904444,-2.369098699117419,157.29093849496826,-77.30482570713036,7.585575000002092,108.19871000001724,-0.10861418241406362,-0.7908801109673949,38.369217849726354,-26.11828812118185
8262113.0,1.4855,1.2836,9.7629,0.0167,0.0269,9.8066,-0.0964,0.1535,0.0586,193.92,-89.06,56.47,52.553253,-1.46462,11.13,6,118.66,22 / 23,7.116038454956168,-1.5941850703650513,-0.7988064429746038,119.63604367344058,-51.34357156704527,-2.228925865185236,False,11.099999999998545,7.1213839993245465,-2.1882390029773684,157.9937262842901,-77.5139833638748,7.4499999999991315,107.08100000000336,0.005345544368378086,-0.5940539326123171,38.35768261084951,-26.170411796829534
8262214.0,2.0754,3.7929,9.0282,0.0052,0.0549,9.8065,0.0179,-0.2004,0.1851,170.4,-88.64,52.91,52.553253,-1.46462,11.13,6,118.66,22 / 23,6.888268323280058,-1.778773708312289,-0.840327542974837,120.34326116574549,-51.513905985369426,-2.311702131476148,False,11.200999999999112,7.10872638506262,-2.1883144463751294,158.71071180662898,-77.73826353107142,7.4379555555553445,107.11016999996448,0.220458061782562,-0.4095407380628404,38.36745064088349,-26.224357545702
8262313.0,-0.5834,-0.6173,10.3149,-0.0013,0.0601,9.8064,0.0712,-0.2257,0.1237,171.29,-88.54,50.66,52.553253,-1.46462,11.13,6,118.66,22 / 23,6.762394192977162,-1.8943962012343896,-0.8537024429748586,121.01896896030131,-51.69572789589228,-2.3955566157807935,False,11.299999999999272,7.159837290361971,-1.9780645368586454,159.41349959593825,-77.92540459211038,7.4280555555566465,105.44399999995602,0.39744309738480954,-0.0836683356242558,38.39453063563694,-26.2296766962181
8262414.0,1.3249,2.3314,10.8438,0.0068,0.0439,9.8065,0.0881,0.0413,0.084,171.67,-88.46,51.67,52.553253,-1.46462,11.13,6,118.66,22 / 23,6.656820832111919,-1.931303076390228,-0.7756597429744201,121.69663931907212,-51.888925709413414,-2.4778394061716944,False,11.40099999999984,7.182956008526834,-1.9275624709795365,160.13731355182506,-78.11599269725097,7.43713611110596,105.02129999988962,0.5261351764149156,0.0037406054106914333,38.44067423275294,-26.22706698783756
8262514.0,-0.6716,-1.6424,10.0524,0.0101,0.0023,9.8066,0.0021,-0.2079,0.1999,169.59,-88.41,51.91,52.553253,-1.46462,11.13,6,118.66,22 / 23,6.545550555330879,-1.917136425102639,-0.7115147429753534,122.35675788843466,-52.08134768448526,-2.552198130468101,False,11.500999999998385,7.156029458064283,-1.6605848712490898,160.85396103290097,-78.27166559403314,7.346180555555449,103.06449000000994,0.6104789027334041,0.2565515538535492,38.49720314446631,-26.19031790954788
8262614.0,2.3651,3.1614,9.8102,-0.0175,-0.049,9.8065,-0.0058,0.1063,0.0864,168.72,-88.36,53.27,52.553253,-1.46462,11.13,6,118.66,22 / 23,6.396557020273129,-1.9582704550740069,-0.699049742975308,123.00386326721721,-52.275118028494795,-2.6227263547658906,False,11.600999999998749,7.180618734076896,-1.5801956317843862,161.5705409058385,-78.42722729661551,7.352444444439909,102.41083999993202,0.7840617138037675,0.3780748232896207,38.566677638621286,-26.152109268120718
8262714.0,-0.4081,-0.0123,10.1941,-0.0189,-0.0145,9.8065,-0.0185,-0.1112,0.1754,172.83,-88.19,58.51,52.553253,-1.46462,11.13,6,118.66,22 / 23,6.251044164133585,-2.080813775954275,-0.6794997429752367,123.63624332643985,-52.477072240046944,-2.6916538290636685,False,11.700999999999112,7.145538485885837,-1.4506189411080264,162.28049516987116,-78.57122472702513,7.291386111109933,101.47545999993979,0.8944943217522514,0.6301948348462487,38.644251843431306,-26.09415248697818
8262814.0,2.6921,3.0382,10.2534,-0.0226,-0.0284,9.8066,0.0121,0.1362,0.0413,197.92,-88.18,54.74,52.553253,-1.46462,11.13,6,118.66,22 / 23,6.033097427908952,-2.1113548717221082,-0.637789742975085,124.25045040604421,-52.68668067243153,-2.757518303361424,False,11.800999999999476,7.154179422992094,-1.0873755716350184,162.99714265102241,-78.66029186209106,7.236350000002641,98.64235999991551,1.1210819950831414,1.0239793000870898,38.746692244978206,-25.97361118965953
8262914.0,0.2794,0.4224,9.8314,-0.0141,-0.015,9.8065,-0.015,-0.0322,0.1342,185.53,-88.05,57.85,52.553253,-1.46462,11.13,6,118.66,23 / 23,5.786088268313798,-2.156749177073453,-0.6142147429749991,124.84140969085749,-52.90008587487208,-2.8201185276591563,False,11.90099999999984,7.191255182515661,-0.9948187480714614,163.71372252385683,-78.7602561018053,7.259749999998599,97.87611999994465,1.405166914201863,1.1619304290019914,38.87231283299934,-25.860170226933214
8263013.0,1.184,2.8841,9.1767,-0.0173,-0.0441,9.8065,-0.0606,0.3082,-0.0242,179.15,-88.3,55.94,52.553253,-1.46462,11.13,6,118.66,23 / 23,5.646091606414993,-2.2530334598762414,-0.6441721429750474,125.40730259465748,-53.11837011540145,-2.882408678513784,False,12.0,7.182629704939304,-0.8689393084235042,164.4165103130764,-78.84832248321072,7.234999999999999,96.898,1.5365380985243107,1.3840941514527372,39.00920771841892,-25.729952367809275
8263113.0,-1.4566,1.0848,10.5568,0.0028,0.0013,9.8066,0.0448,0.1278,0.0573,176.08,-88.19,59.37,52.553253,-1.46462,11.13,6,118.66,23 / 23,5.591574265366405,-2.3855405838461974,-0.6381621429751347,125.96918588823837,-53.350298817584196,-2.94652539281036,False,12.099999999998545,7.073459105507401,-0.626063331518248,165.12639696895852,-78.9039199474642,7.10111111111198,95.05799999994115,1.4818848401409959,1.7594772523279494,39.157211080720145,-25.553621129880007
8263213.0,1.1464,-0.1427,9.8214,0.0222,-0.0206,9.8065,-0.0273,0.3823,-0.0534,180.63,-88.23,64.94,52.553253,-1.46462,11.13,6,118.66,23 / 23,5.53770739162005,-2.3642940566703823,-0.5999171429749954,126.52564997108972,-53.58779054961089,-3.008429357108092,False,12.199999999998909,7.093505168610623,-0.5270140029529166,165.82952279942828,-78.95951741029535,7.113055555555247,94.24899999996074,1.5557977769905724,1.8372800537174658,39.303872828338555,-25.37172686068446
8263314.0,1.265,2.1936,9.1616,0.0246,0.0041,9.8066,0.1044,0.3919,-0.0323,180.29,-88.31,64.6,52.553253,-1.46462,11.13,6,118.66,23 / 23,5.344044869797899,-2.400944518680256,-0.6317472929751742,127.07517846029441,-53.828435097667445,-3.0706284111239253,False,12.300999999999476,7.0913914391295805,-0.2561477781162678,166.546508321883,-78.98164520092777,7.096069444443984,92.06865999975292,1.7473465693316816,2.1447967405639883,39.4713298615886,-25.153210103260328
8263414.0,2.0423,0.3823,9.3504,0.044,0.0082,9.8065,0.1095,0.0365,0.1009,194.56,-88.29,78.48,52.553253,-1.46462,11.13,6,118.66,23 / 23,5.114819755117074,-2.4303033463585226,-0.6868122929753744,127.59812169154206,-54.069997490920265,-3.1365563904216924,False,12.40099999999984,7.090987489961085,0.01831962689874652,167.25625976115523,-78.97063690342776,7.0910138888836745,89.8519099999715,1.9761677348440108,2.4486229732572693,39.65813806961317,-24.900639412507495
8263514.0,1.1745,-0.2175,10.3454,0.0217,0.0013,9.8066,0.0724,0.1664,-0.0556,196.04,-88.34,81.68,52.553253,-1.46462,11.13,6,118.66,23 / 23,4.90613081842614,-2.315225812461264,-0.6826872929754343,128.09916922021193,-54.307273948857805,-3.2050313697182364,False,12.500999999998385,6.998502203979923,0.08088716560244173,167.95262476634431,-78.97041451357252,6.998980555555415,89.33783000001554,2.0923713855537827,2.3961129780637056,39.85345554613238,-24.663140564714716
8263614.0,0.0168,-1.0645,10.5944,-0.0093,0.0271,9.8066,-0.1245,0.4023,-0.1437,197.41,-88.17,82.37,52.553253,-1.46462,11.13,6,118.66,23 / 23,4.81824205535475,-2.1550208091596255,-0.616362292975193,128.58538786390275,-54.53078627993966,-3.269983849016004,False,12.600999999998749,7.006291029868494,0.20588085304792464,168.64912498813908,-78.94806433308715,7.009336111120614,88.31708999989677,2.1880489745137446,2.3609016622075503,40.063737124236326,-24.417278053147484
8263714.0,1.0305,-0.1382,9.2662,0.0014,-0.009,9.8066,-0.0115,0.2166,0.0088,190.78,-87.47,77.4,52.553253,-1.46462,11.13,6,118.66,23 / 23,4.730816457521095,-2.0075586432278536,-0.6039972929751479,129.0628407895483,-54.73891525255979,-3.331001828313743,False,12.700999999999112,7.125984407600936,0.381459663738187,169.3590116439322,-78.91459466017353,7.136188888889053,86.93583999999122,2.3951679500798413,2.3890183069660407,40.29617085438392,-24.175679407613742
8263813.0,0.3199,-2.1677,10.2422,0.0015,0.0283,9.8065,-0.0412,-0.0151,0.0978,190.06,-87.23,78.49,52.553253,-1.46462,11.13,6,118.66,23 / 23,4.627380708732097,-1.8070962795610106,-0.6091898429751562,129.52607154927858,-54.92774067123815,-3.39105459154338,False,12.799999999999272,7.13074615369515,0.4331371014023199,170.0617994332555,-78.87056146876296,7.14388888890714,86.52399999989785,2.5033654449630536,2.2402333809633306,40.535727883976904,-23.94282079752481
8263913.0,0.7518,1.7545,9.9269,-0.0128,-0.0333,9.8065,-0.0141,0.3324,0.0527,188.86,-87.01,79.11,52.553253,-1.46462,11.13,6,118.66,22 / 22,4.520298258521687,-1.7029137129086525,-0.5813998429750551,129.98345549764295,-55.10324117086227,-3.4505840758411073,False,12.899999999999636,7.289445820388884,0.562428049268346,170.7852077396257,-78.81496400451596,7.311111111109625,85.58799999992081,2.7691475618671966,2.2653417621769982,40.80175224198274,-23.71172283365369
8264013.0,3.5599,3.0497,10.6084,0.0315,0.028,9.8065,-0.0629,-0.1494,0.3108,192.71,-86.88,83.27,52.553253,-1.46462,11.13,6,118.66,22 / 22,4.2046422168967545,-1.8165113944702547,-0.5352998429748873,130.41970252141547,-55.27921242623185,-3.5064190601388074,False,13.0,7.245786794950132,0.7440504470835946,171.50861604598236,-78.74824704996664,7.283888888888889,84.137,3.0411445780533777,2.560561841553849,41.08891352456689,-23.469034623734785
8264115.0,4.0808,5.1279,10.022,0.0187,-0.0235,9.8066,0.117,0.4884,-0.2008,194.08,-86.82,84.04,52.553253,-1.46462,11.13,6,118.66,22 / 22,3.672453151632548,-2.0502654760488754,-0.48342774297542007,130.82143438520635,-55.4764180466263,-3.5583741670217393,False,13.101999999998952,7.345558791421406,0.9921798186173982,172.25338856037746,-78.6348282250255,7.412305555556922,82.30755999989617,3.6731056397888584,3.0424452946662734,41.431954175171114,-23.1584101783992
8264214.0,0.338,0.6959,9.5334,0.0382,0.0505,9.8064,0.211,-0.2598,0.1962,199.47,-86.56,89.92,52.553253,-1.46462,11.13,6,118.66,22 / 22,3.3385543446486197,-2.1926069588990114,-0.48629379297542463,131.16847925627283,-55.686440232156556,-3.606375383051384,False,13.200999999999112,7.3385637796222865,1.1684410688091604,172.97639121723228,-78.52452285667601,7.431011111113245,80.9534699999799,4.000009434973666,3.361048027708172,41.807911960959444,-22.83808262451946
8264314.0,-0.3967,-1.2623,9.9701,0.0061,-0.0394,9.8065,-0.0464,0.3466,-0.0432,197.39,-86.53,91.67,52.553253,-1.46462,11.13,6,118.66,22 / 22,3.3017170095237063,-2.081557292895638,-0.4917837929754445,131.50049282398265,-55.90014844474707,-3.6552792623491053,False,13.300999999999476,7.416713654649485,1.3089805414999738,173.7200143913297,-78.39075535994535,7.531380555558535,79.99096999978954,4.114996645125779,3.390537834395612,42.219521567347044,-22.490606915198278
8264413.0,-0.0087,-2.8796,10.2201,0.0049,0.0463,9.8065,0.0157,-0.166,0.1992,199.97,-86.35,94.52,52.553253,-1.46462,11.13,6,118.66,22 / 22,3.341957254314155,-1.810699882300248,-0.46322724297539825,131.82935470004315,-56.09281517491957,-3.7025523086287486,False,13.399999999999636,7.395815622839201,1.5575991313134658,174.4495750487201,-78.22563089393546,7.558055555558011,78.10699999996322,4.053858368525047,3.368299013613714,42.62022034867695,-22.132815719015888
8264513.0,2.4001,2.5379,9.3085,-0.0193,-0.009,9.8066,-0.066,0.372,-0.1136,197.5,-86.14,94.03,52.553253,-1.46462,11.13,6,118.66,22 / 22,3.192283042913732,-1.6762976556219997,-0.46746224297541356,132.15606671490573,-56.26716505181632,-3.7490867829264585,False,13.5,7.420903387071171,1.654281324509169,175.18650500565477,-78.06995799715777,7.603055555555555,77.433,4.228620344157439,3.3305789801311687,43.03043829074903,-21.80279294534145
8264613.0,1.4091,3.9856,9.2909,0.0054,0.0439,9.8065,-0.0294,-0.0078,0.1427,196.97,-85.75,93.1,52.553253,-1.46462,11.13,6,118.66,22 / 22,2.8652775146912823,-1.8483402479398274,-0.5181572429746757,132.45894474278157,-56.44339694699185,-3.7983677572232457,False,13.599999999998545,7.43204851451396,2.0400116538378095,175.93019578799374,-77.85868763539943,7.706944444452893,74.65099999998343,4.566770999822678,3.8883519017776367,43.47125104521217,-21.415290688407588
8264713.0,2.5667,2.856,9.4672,-0.0171,-0.0198,9.8065,-0.0598,0.2426,-0.0082,192.58,-85.71,90.39,52.553253,-1.46462,11.13,6,118.66,22 / 22,2.531047865411331,-2.049098571747301,-0.5609172429748311,132.72876101178767,-56.63826888797691,-3.8523214815209172,False,13.699999999998909,7.535718171260132,2.1007498348572224,176.68064739553316,-77.64741727578938,7.82305555555592,74.42299999996146,5.004670305848801,4.149848406604523,43.95188638374549,-21.009148387812466
8264816.0,0.3982,2.1311,9.7935,-0.0143,-0.0006,9.8066,0.001,0.1497,0.119,187.84,-85.83,87.34,52.553253,-1.46462,11.13,6,118.66,22 / 22,2.2743852354381624,-2.19123028984541,-0.579076142975003,132.97624081648377,-56.856645824351006,-3.9110311408978893,False,13.802999999999884,7.475309951095189,2.392567429339464,177.44705455088928,-77.39478240273532,7.848963888911243,72.25329999980818,5.200924715657026,4.583797719184874,44.47081373440551,-20.53813657838431
8264914.0,0.2597,0.1688,9.9209,-0.0087,-0.0154,9.8066,-0.0772,0.2434,-0.0043,186.45,-85.76,85.81,52.553253,-1.46462,11.13,6,118.66,23 / 23,2.165874733165638,-2.2271801216980935,-0.5741222429750051,133.19381355494525,-57.07314793451654,-3.9675378618094146,False,13.90099999999984,7.582883753541109,2.671329657706438,178.1889199102918,-77.13291835056886,8.039711111109494,70.59336999988442,5.417009020375471,4.898509779404531,44.995106355346536,-20.059770416052316
8265014.0,0.7103,1.2788,10.209,0.0037,-0.0146,9.8066,0.0487,0.093,0.1754,185.14,-85.84,86.58,52.553253,-1.46462,11.13,6,118.66,23 / 23,2.0466028779251,-2.2230164824642227,-0.548292242975381,133.40443743549673,-57.29565776472142,-4.023658586106118,False,14.000999999998385,7.456758235443947,2.932402070084392,178.92598508374658,-76.83246965818762,8.012669444442063,68.53290000002765,5.410155357518846,5.155418552548614,45.52154764824985,-19.5368118934662
8265113.0,1.7095,0.3444,9.951,0.02,-0.0488,9.8065,0.0859,0.0636,0.1186,191.9,-86.09,91.73,52.553253,-1.46462,11.13,6,118.66,23 / 23,1.8594616526796475,-2.2084446312942827,-0.5212305929753372,133.59778762976197,-57.51501508985282,-4.076599966485764,False,14.099999999998545,7.503210275400666,3.225029786185891,179.66893217531631,-76.51322902431946,8.166944444445981,66.7409999999014,5.643748622721018,5.4334744174801735,46.07114454555435,-18.99821393446664
8265214.0,2.221,3.5453,9.422,0.0277,-0.0315,9.8065,0.0316,0.0942,0.0593,194.37,-86.23,96.62,52.553253,-1.46462,11.13,6,118.66,23 / 23,1.5631313648680165,-2.2732591181050372,-0.5333657429754053,133.7706285771491,-57.74134112919875,-4.129857081451576,False,14.200999999999112,7.443024565749053,3.413316367851046,180.41316382358346,-76.16485531878773,8.18842500000078,65.36424999995411,5.879893200881037,5.686575485956084,46.64253524643436,-18.42351418958898
8265314.0,1.3028,-0.8124,10.0555,-0.0084,-0.0326,9.8065,-0.0052,-0.1253,0.2095,192.82,-86.06,97.23,52.553253,-1.46462,11.13,6,118.66,23 / 23,1.303050958344788,-2.283698670627847,-0.5401557429754299,133.91393769331026,-57.96918901863622,-4.183533155749313,False,14.300999999999476,7.341582629800065,3.7089535382846632,181.14326534710082,-75.79768967108211,8.225300000003317,63.197229999847714,6.038531671455277,5.99265220891251,47.22932765379056,-17.82850065244589
8265414.0,1.7813,4.1759,10.5909,-0.0134,-0.031,9.8066,-0.0619,0.2319,-0.0505,189.78,-86.18,96.15,52.553253,-1.46462,11.13,6,118.66,23 / 23,1.0681709065767229,-2.3428582943983542,-0.48850074297524193,134.03249878655677,-58.20051686688837,-4.234965980047034,False,14.40099999999984,7.277826446181314,3.8989324401673424,181.86674126172417,-75.40828503856663,8.256438888896952,61.82103999992739,6.209655539604592,6.241790734565697,47.8342424751674,-17.20776817167826
8265514.0,1.0121,1.7898,8.582,-0.0158,0.0073,9.8066,-0.0382,-0.1159,0.1733,188.87,-85.79,95.08,52.553253,-1.46462,11.13,6,118.66,23 / 23,0.8213423281256819,-2.5386870472987493,-0.5105207429749214,134.12697444829053,-58.44459413396967,-4.284917054343815,False,14.500999999998385,7.313135373624927,4.134050106337292,182.59697800161734,-74.99653022487819,8.400769444441572,60.52128000002554,6.491793045499246,6.672737153636041,48.47000355332682,-16.551936090908512
8265614.0,1.4863,4.8478,9.377,0.0029,-0.0411,9.8065,-0.0708,0.4155,-0.0469,189.48,-85.72,95.61,52.553253,-1.46462,11.13,6,118.66,23 / 23,0.5843306478819035,-2.770879514850408,-0.5932357429752222,134.19725809709115,-58.710072462078095,-4.340104878641522,False,14.600999999998749,7.349014742185381,4.441421384111854,183.3337051339247,-74.55163932299813,8.586886111110678,58.853069999904044,6.764684094303478,7.212300898962262,49.136447036833545,-15.841566860920032
8265714.0,1.3409,3.6886,9.9308,0.0177,0.0163,9.8066,0.085,-0.0043,0.0489,186.47,-85.37,97.26,52.553253,-1.46462,11.13,6,118.66,23 / 23,0.32217470327894304,-3.099453023314765,-0.6085107429752777,134.24258336464936,-59.00358908898742,-4.400192202939266,False,14.700999999999112,7.243476140494844,4.604485974282729,184.05042022325316,-74.09540653958723,8.58311111111533,57.557319999966914,6.9213014372159005,7.7039389975974935,49.80783685860379,-15.091817450599812
8265814.0,2.8087,4.7533,10.6012,0.0186,-0.0149,9.8066,0.0648,0.4997,-0.1402,187.08,-85.28,98.02,52.553253,-1.46462,11.13,6,118.66,23 / 23,0.0030272634434113654,-3.421011058284935,-0.5625757429751106,134.25884346298554,-59.32961229306859,-4.458746527236999,False,14.800999999999476,7.2792861510859055,4.912646155959562,184.77376092146054,-73.6058152767352,8.781969444453937,55.985549999784894,7.276258887642494,8.333657214244496,50.514917458475,-14.276202983666607
8265914.0,1.0998,1.1649,10.0003,0.0127,0.0145,9.8066,-0.0046,0.1825,0.0686,189.22,-85.12,100.45,52.553253,-1.46462,11.13,6,118.66,22 / 22,-0.29055980483834415,-3.6140691563109977,-0.5131657429749308,134.24446683591574,-59.68136630379967,-4.512533601534696,False,14.90099999999984,7.179013644293129,5.206862419555001,185.490408402535,-73.0829767322918,8.868486111119747,54.047239999928514,7.469573449131474,8.820931575865998,51.24594156661925,-13.401610428492127
8266014.0,1.6483,-0.763,9.5657,0.0135,-0.0066,9.8066,-0.0281,0.6429,-0.1987,191.12,-85.07,102.68,52.553253,-1.46462,11.13,6,118.66,22 / 22,-0.48634897521404585,-3.5331370248808627,-0.5155307429748963,134.2056213969137,-60.03872661285406,-4.5639684258314395,False,15.000999999998385,7.182841981514632,5.45956189275804,186.206853058839,-72.53767681175357,9.022261111109353,52.762390000033015,7.669190956728678,8.992698917638903,52.00123166192529,-12.498950198899507
8266113.0,1.3871,-0.8165,10.0571,-0.011,0.0362,9.8065,-0.0418,0.194,0.0344,190.13,-85.13,104.14,52.553253,-1.46462,11.13,6,118.66,22 / 22,-0.6770911787640642,-3.352489863388271,-0.5150604929748955,134.14803110929168,-60.37956514382394,-4.614982692011036,False,15.099999999998545,7.062107073023939,5.796134049855137,186.89625441408677,-71.95423703152994,9.136111111121075,50.62299999988024,7.739198251788003,9.148623913243409,52.74822330479509,-11.574671887706003
8266214.0,1.5898,2.955,10.233,-0.0013,-0.0378,9.8065,-0.0495,0.3911,-0.0319,186.6,-85.16,102.7,52.553253,-1.46462,11.13,6,118.66,22 / 22,-0.897330889953286,-3.3634718616929358,-0.4808820929747034,134.068522794821,-60.71872121094245,-4.665277792601774,False,15.200999999999112,6.995402811044309,6.089211683925228,187.5995154610756,-71.33632682390288,9.274413888891756,48.96197999996831,7.892733700997596,9.452683545618164,53.530992666254605,-10.617605612960432
8266314.0,0.6467,2.0142,8.9368,-0.006,0.0075,9.8066,-0.0567,0.0544,0.0829,186.73,-84.99,103.2,52.553253,-1.46462,11.13,6,118.66,22 / 22,-1.1004205398318943,-3.524767315051446,-0.503057092974784,133.96863522333138,-61.06313316978092,-4.714474751899427,False,15.300999999999476,6.933789592338945,6.362642280959918,188.28911964109312,-70.70218215737039,9.41070000002003,47.459909999833116,8.03421013217084,9.887409596011363,54.32048441776175,-9.639048987589469
8266414.0,0.3728,2.0898,9.6649,0.0326,-0.016,9.8066,-0.0013,0.2617,0.0718,190.25,-84.87,107.25,52.553253,-1.46462,11.13,6,118.66,22 / 22,-1.242129116093393,-3.6459920891283573,-0.553637092974968,133.8515077405347,-61.42167113999121,-4.767309461197107,False,15.40099999999984,6.8937754241038025,6.6684042899988025,188.97858860446513,-70.03479020787391,9.591261111118177,45.952209999922744,8.135904540197195,10.31439637912716,55.127080863930445,-8.6131190678827
8266514.0,1.7333,1.4786,10.3833,0.0311,-0.0042,9.8066,0.08,0.1294,-0.0177,191.01,-84.77,108.2,52.553253,-1.46462,11.13,6,118.66,22 / 22,-1.4363136857115981,-3.72475300876831,-0.5318920929752844,133.7175856004464,-61.79020839488068,-4.82158592049383,False,15.500999999998385,6.819595815739394,6.9211687562936275,189.65460352552802,-69.34515927284055,9.716469444443897,44.57651000001603,8.255909501450992,10.645921765061937,55.93701792508162,-7.554950877959868
8266614.0,0.8063,1.1063,10.2594,0.0029,-0.0201,9.8066,0.0376,0.0688,0.0667,193.71,-84.95,111.25,52.553253,-1.46462,11.13,6,118.66,22 / 22,-1.6434806973362701,-3.7464946170697666,-0.4804220929750971,133.56359588129345,-62.16377077617394,-4.872201629791533,False,15.600999999998749,6.717139505017879,7.072769645812136,190.32385762138907,-68.63328935283428,9.754213888905731,43.52305999988912,8.360620202354148,10.819264262881903,56.760261740095615,-6.469518576660342
8266713.0,0.6494,0.9274,10.3704,-0.0023,-0.0371,9.8065,-0.1074,0.181,0.0964,196.06,-84.95,114.36,52.553253,-1.46462,11.13,6,118.66,22 / 22,-1.7904972780549193,-3.74542357515823,-0.4301053429750157,133.39361397151131,-62.53462072668982,-4.917272737871136,False,15.699999999998909,6.68287289813163,7.410629749504781,190.97979289132277,-67.90674170238756,9.978888888890799,42.043999999979825,8.473370176186549,11.156053324663011,57.58617891981146,-5.37212097569774
8266814.0,1.1276,-1.1058,8.9939,0.0042,0.0046,9.8066,-0.1346,0.1725,0.1015,198.56,-85.06,116.77,52.553253,-1.46462,11.13,6,118.66,22 / 22,-1.9203888542963885,-3.62648636866376,-0.4426798429750863,133.2062142218265,-62.90690217885493,-4.961348389761864,False,15.800999999999476,6.6056910616266835,7.619769883187234,191.64208333715365,-67.13182425733828,10.084469444450864,40.92256999986253,8.526079915923072,11.246256251850994,58.43586911532714,-4.2249220784833525
8266913.0,1.6455,1.2314,11.6567,0.0357,0.0396,9.8064,0.2278,0.1966,-0.2611,203.82,-85.05,120.08,52.553253,-1.46462,11.13,6,118.66,22 / 22,-2.097545250665564,-3.494542547471123,-0.3913334929750032,133.00732648363058,-63.25939311020417,-5.00263204989146,False,15.899999999999636,6.477258121688763,7.804112014792229,192.28463217300202,-66.37225171368827,10.141944444454813,39.69199999997457,8.574803372354328,11.298654562263351,59.277305689371445,-3.1128586034840993
8267013.0,1.2259,-2.2179,8.9282,-0.0171,-0.0571,9.8064,0.1996,0.1288,-0.2142,202.49,-85.0,121.3,52.553253,-1.46462,11.13,6,118.66,22 / 22,-2.2519204175450263,-3.3042093504697756,-0.3427534929748264,132.78985320021926,-63.59933070510245,-5.039336399189085,False,16.0,6.533724287603841,8.003719318958035,192.93367140114648,-65.57164824282802,10.331944444444444,39.226,8.785644705148867,11.307928669427811,60.14381820092723,-1.9723175377255657
8267113.0,1.1221,0.3939,9.0806,0.0684,0.0307,9.8063,-0.184,0.225,0.1489,205.91,-84.94,125.24,52.553253,-1.46462,11.13,6,118.66,22 / 22,-2.3636168421780432,-3.083296318557492,-0.42297849297365886,132.55907633723646,-63.91870598854917,-5.077622998485952,False,16.099999999998545,6.536468076538647,8.11985496498758,193.58271062937405,-64.75992527731756,10.423888888895661,38.83399999998509,8.90008491871669,11.203151283545072,61.02363429213759,-0.8412192887683929
8267214.0,1.7204,-1.5634,10.4019,0.0229,0.0086,9.8066,-0.1912,0.0787,0.0,207.2,-85.06,126.62,52.553253,-1.46462,11.13,6,118.66,22 / 22,-2.499578594751734,-2.875853727459419,-0.4295838929736959,132.31348496767012,-64.21964306587472,-5.120677398976536,False,16.200999999999112,6.566434737072931,8.217031593644316,194.24520389984346,-63.939862693819244,10.518444444447608,38.629220000000466,9.066013331824665,11.092885321103736,61.93171893217334,0.2797803720554768
8267313.0,1.1555,-0.305,9.7095,-0.021,-0.017,9.8066,0.0699,-0.0057,0.0156,203.94,-85.24,123.23,52.553253,-1.46462,11.13,6,118.66,22 / 22,-2.228723594326808,-2.246446285663579,-0.34418875152760764,132.07943400931035,-64.47319691652471,-5.158979144879412,False,16.299999999999272,6.6623067713627036,8.330508523830325,194.90783238691643,-63.11424036294403,10.666944444467486,38.650999999952965,8.891030365689511,10.576954809493904,62.82839837760608,1.3589565535806827
8267415.0,-1.1199,-2.1491,9.8569,-0.0438,0.0043,9.8065,-0.023,-0.033,0.1425,204.88,-85.43,123.62,52.553253,-1.46462,11.13,6,118.66,22 / 22,-2.2172116218915883,-2.042764915295236,-0.3465806515276257,131.8526913132815,-64.69194668777527,-5.194208384435496,False,16.402000000000044,6.7307302176859665,8.546053126117258,195.59067574155046,-62.241137799009266,10.878316666667416,38.22338000000971,8.947941839577554,10.588818041412495,63.73798442826896,2.450808888766005
8267514.0,1.2839,-1.5136,9.7398,-0.0169,-0.0301,9.8065,0.0302,-0.1596,-0.0789,198.95,-85.75,119.44,52.553253,-1.46462,11.13,6,118.66,22 / 22,-2.1993847757052256,-1.7924184351866157,-0.34740235152761184,131.6340697916041,-64.88178826362095,-5.228560543086155,False,16.500999999998385,6.764257224162571,8.539132587345497,196.26006505379797,-61.40428478229419,10.893669444440535,38.384540000006815,8.963641999867797,10.331551022532112,64.62599526219387,3.4775034813267567
8267614.0,0.152,-0.3044,9.82,-0.0013,0.0005,9.8066,0.0205,0.0433,0.038,203.1,-85.68,118.75,52.553253,-1.46462,11.13,6,118.66,22 / 22,-1.9378063293519996,-1.3575245573928045,-0.29756574879847825,131.4272102363505,-65.0392854132505,-5.260808948102577,False,16.60099999999875,6.854747975761424,8.790902591237572,196.94297601674612,-60.53685315831212,11.147536111115501,37.945480000018414,8.792554305113423,10.148427148630375,65.51576578039561,4.502432254938377
8267713.0,1.295,-1.0542,9.6084,0.0193,0.0195,9.8066,-0.0593,-0.0548,-0.0104,202.69,-85.69,120.99,52.553253,-1.46462,11.13,6,118.66,22 / 22,-2.017851380067422,-1.181369258499382,-0.306718298798493,131.23140517973394,-65.16496065713736,-5.290721008458675,False,16.69999999999891,6.928569798908024,8.807488108209627,197.62568415486425,-59.66719763755702,11.206111111112294,38.19099999999991,8.946421178975445,9.98885736670901,66.3942789751303,5.49776301958034
8267813.0,0.8139,-0.9784,9.8209,0.0424,-0.0124,9.8065,-0.0889,0.1319,-0.0824,206.07,-85.51,124.9,52.553253,-1.46462,11.13,6,118.66,22 / 22,-2.1104479639376836,-0.9576085989454096,-0.31591829879852645,131.02499021253294,-65.27190955000998,-5.321852838338639,False,16.799999999999272,6.967985237335005,8.8591832248544,198.32204916016715,-58.78875771676423,11.271111111122115,38.18600000002739,9.078433201272688,9.816791823799809,67.29705894763421,6.483151833245749
8267914.0,1.17,0.0616,9.9262,-0.0131,0.0028,9.8065,-0.0221,0.1126,-0.026,205.03,-85.51,123.74,52.553253,-1.46462,11.13,6,118.66,23 / 23,-2.2172075036396035,-0.7829708432960103,-0.3091613987984884,130.80644361141907,-65.35980881184366,-5.353419363067466,False,16.90099999999984,7.069590922835043,8.910033438471103,199.03227385719651,-57.89008032039343,11.374005555567104,38.43006999996117,9.286798426474647,9.693004281767113,68.22583024577744,7.469728491450233
8268014.0,2.1326,-0.3157,10.396,-0.0028,-0.0051,9.8066,-0.0615,-0.0316,-0.0184,203.91,-85.53,122.55,52.553253,-1.46462,11.13,6,118.66,23 / 23,-2.40060901128758,-0.6149428096444569,-0.2737163987990041,130.57555278567608,-65.42970449448967,-5.382563252946916,False,17.000999999998385,7.089068255070297,9.154321711568805,199.7422957294823,-56.978393116687045,11.578294444444078,37.754029999984674,9.489677266357877,9.769264521213262,69.16674294380621,8.451311377802625
8268114.0,-0.0665,-0.3583,9.3701,-0.0082,0.006,9.8066,0.1731,-0.0619,-0.0074,203.29,-85.5,121.79,52.553253,-1.46462,11.13,6,118.66,23 / 23,-2.520903425298507,-0.45431883660161554,-0.26607639879897615,130.3294771638459,-65.48316757680217,-5.409552892826913,False,17.10099999999875,7.261275026387193,9.050002687938223,200.4657040359434,-56.07760301541844,11.602963888896456,38.741879999962,9.7821784516857,9.504321524539838,70.1362268720975,9.405564561383734
8268213.0,1.2554,0.4917,10.5542,0.0164,0.0182,9.8065,0.0442,-0.0896,0.0215,205.27,-85.28,124.62,52.553253,-1.46462,11.13,6,118.66,23 / 23,-2.6153698467459012,-0.347410292125542,-0.2506818987989512,130.0752316368793,-65.52285316867423,-5.4351324285580525,False,17.19999999999891,7.243400279431642,9.19315873437518,201.18187825924826,-55.174922601461034,11.70388888889027,38.23499999999241,9.858770126177543,9.540569026500721,71.10664662236897,10.347930567213197
8268314.0,0.8846,-1.5128,10.0432,0.0096,0.0192,9.8065,0.018,-0.195,0.0592,206.52,-85.04,125.87,52.553253,-1.46462,11.13,6,118.66,23 / 23,-2.7253183313550386,-0.1642665446909631,-0.20098484879867187,129.8055268838837,-65.54869284893361,-5.4579415993118605,False,17.300999999999476,7.225285750030225,9.306430995996703,201.90603025650773,-54.242664335710764,11.7819611111328,37.82478000007499,9.950604081385263,9.470697540687667,72.10050337262405,11.306028513222849
8268413.0,-0.1236,-0.0986,9.4839,0.0081,0.0037,9.8066,-0.0701,0.0584,0.0317,206.43,-85.03,125.76,52.553253,-1.46462,11.13,6,118.66,23 / 23,-2.7579577457902245,0.012739875741581974,-0.20525174879867866,129.53410471806455,-65.55619341904662,-5.478050310892962,False,17.399999999999636,7.454650107419497,9.37312269852839,202.6489773479825,-53.31796732605148,11.976111111112749,38.49599999997239,10.212607853209722,9.360382822786807,73.11487262991795,12.238226092995141
8268513.0,0.8677,-0.5972,9.8522,0.0041,0.0015,9.8066,0.0117,-0.0366,-0.0519,206.58,-85.06,126.39,52.553253,-1.46462,11.13,6,118.66,23 / 23,-2.388939219877461,0.12770302340463766,-0.18624498647891966,129.27675986978022,-65.54917127408929,-5.497625147656913,False,17.5,7.390048720669345,9.462234615484814,203.37914647963493,-52.37281044942377,12.00611111111111,37.99,9.778987940546806,9.334531592080177,74.1023866098547,13.176360824665522
8268613.0,-0.038,-1.2495,9.8438,0.0012,-0.0184,9.8065,-0.0249,0.0724,-0.0349,204.99,-85.05,124.57,52.553253,-1.46462,11.13,6,118.66,23 / 23,-2.4222325293285505,0.31890803503637766,-0.18210998647897977,129.03620128232342,-65.52684072116756,-5.51604289630454,False,17.599999999998545,7.484718033226259,9.57862376905187,204.12959808727044,-51.41653408024941,12.156111111122167,38.004000000003415,9.90695056255481,9.259715734015492,75.09339680494702,14.110306640918147
8268714.0,0.043,-0.5483,9.2825,0.0198,0.0138,9.8066,-0.0609,-0.0083,0.0379,206.46,-85.08,126.12,52.553253,-1.46462,11.13,6,118.66,23 / 23,-2.419866881030757,0.4911666535797867,-0.20670348647911788,128.7916752620989,-65.48593194939221,-5.535677976689034,False,17.700999999999112,7.586005453150898,9.691516945490115,204.89431503618337,-50.45069494819616,12.307436111109803,38.051960000002026,10.005872334181655,9.200350291910327,76.10263977408448,15.035237001196052
8268814.0,0.0302,0.3391,9.6856,0.0065,0.0081,9.8066,-0.0323,-0.0755,-0.0116,206.81,-85.07,126.07,52.553253,-1.46462,11.13,6,118.66,23 / 23,-2.453215958533782,0.592013304497208,-0.2389634864792351,128.54802112011978,-65.43177295148816,-5.557961325337033,False,17.800999999999476,7.562919267338036,9.631248199211404,205.64463142731023,-49.494307382686884,12.245769444440667,38.14068999993021,10.016135225871817,9.039234894714196,77.09661030719045,15.937465568801272
8268914.0,-0.0863,-2.206,10.4816,-0.0156,0.0053,9.8066,0.052,-0.0949,0.069,206.19,-85.13,125.42,52.55344,-1.46365,11.62,4,38.32,22 / 22,-2.4445139505484885,0.7643477147072235,-0.21126848647913424,128.30313462466478,-65.36395490052769,-5.580472923985033,False,17.90099999999984,7.438760672459306,9.68660139481647,206.38183181727183,-48.52691152190258,12.213336111118908,37.52215000003445,9.883274623007795,8.922253680109247,78.07869719260705,16.837043378625104
8269014.0,0.5835,0.08,9.705,0.0118,0.0083,9.8066,0.0461,-0.0719,-0.0103,206.97,-85.05,126.26,52.55344,-1.46365,11.62,4,38.32,22 / 22,-2.4545075347322203,0.9608479211208578,-0.1826034864795513,128.0581835504043,-65.27769511873754,-5.600166522632681,False,18.000999999998385,7.62603234237564,9.71496117761393,207.1457374671502,-47.55962685466512,12.350580555556366,38.13113999999979,10.08053987710786,8.754113256493072,79.08755391674592,17.71806826407242
8269113.0,0.4887,-0.2273,9.8466,0.0094,-0.0044,9.8066,0.0388,-0.0233,0.0324,208.26,-84.92,127.83,52.55344,-1.46365,11.62,4,38.32,22 / 22,-2.1511770128274876,0.9190616911210248,-0.15780899100762275,127.83020216529972,-65.18463959293142,-5.617016940268323,False,18.099999999998545,7.595940034305604,9.671807764984964,207.8953777757513,-46.61291324916639,12.298055555557962,38.14499999999542,9.747117047133091,8.752746073863939,80.06517561045159,18.57172634376503
8269213.0,0.6561,-0.4741,9.6591,0.0044,0.001,9.8066,0.0265,-0.0761,0.0368,208.04,-84.85,127.74,52.55344,-1.46365,11.62,4,38.32,22 / 22,-2.217388034132612,1.0676668622097383,-0.16318899100764223,127.61177391295092,-65.08530316526452,-5.633066839369145,False,18.19999999999891,7.605689027078111,9.70617306964669,208.65259020862695,-45.64551738768911,12.331111111110435,38.08200000000842,9.823077061210723,8.63850620743695,81.04081629567602,19.43978577757541
8269314.0,0.0717,-1.3535,9.9015,0.0035,-0.0059,9.8066,-0.0374,-0.1023,0.0434,206.87,-84.85,126.89,52.55344,-1.46365,11.62,4,38.32,22 / 22,-2.2414022228525017,1.2581646697142166,-0.16585034100765708,127.38660500497191,-64.9678486729017,-5.649683325636011,False,18.300999999999476,7.660320225541496,9.618032827605061,209.42413559114448,-44.679344670021386,12.295830555577028,38.53584999989881,9.901722448393997,8.359868157890844,82.03753058617256,20.28850400288031
8269414.0,-0.4921,-0.8733,9.8155,-0.0059,-0.0144,9.8066,-0.0388,-0.1103,0.107,207.84,-84.86,127.51,52.55344,-1.46365,11.62,4,38.32,22 / 22,-2.2053769741783307,1.4374961143111706,-0.16066534100763813,127.16426604511956,-64.83306563369993,-5.6660091097368355,False,18.40099999999984,7.624710728463559,9.889213935682383,210.18134802399297,-43.68993221284364,12.487305555551353,37.63270000001513,9.83008770264189,8.451717821371211,83.0170819788734,21.143133420856294
8269514.0,0.0298,-2.0511,9.956,-0.0038,-0.024,9.8066,-0.0212,-0.1647,0.0693,207.58,-84.65,127.74,52.55344,-1.46365,11.62,4,38.32,22 / 22,-2.1500212295386585,1.6466387862976342,-0.1527553410077532,126.94649613493688,-64.67885888867174,-5.681680143837377,False,18.500999999998385,7.624643556646354,9.795429244961845,210.93856045681548,-42.72231396152711,12.413124999999894,37.896760000004946,9.774664786185012,8.14879045866421,83.9920643218786,21.956544927144634
8269613.0,-1.1441,0.7406,9.8478,0.0159,-0.007,9.8066,0.0222,-0.1289,0.0766,207.95,-84.68,128.15,52.55344,-1.46365,11.62,4,38.32,22 / 22,-2.1040156681617006,1.7679443952485725,-0.14332559100773795,126.73592130850037,-64.50983702118494,-5.696336149972168,False,18.599999999998545,7.573880401969333,9.843410773546958,211.68820076542985,-41.74257546282308,12.420000000004649,37.57600000000022,9.677896070131034,8.075466378298387,84.95227945692949,22.767261558361852
8269714.0,-0.7922,-1.1574,10.0448,0.003,-0.0263,9.8066,-0.0388,-0.1891,0.1327,208.37,-84.8,128.53,52.55344,-1.46365,11.62,4,38.32,22 / 22,-2.040098541079556,1.8318396400852812,-0.12922094100765866,126.52664354093251,-64.32804792739955,-5.7100997498390225,False,18.700999999999112,7.614461443011894,9.891604875867836,212.45312053908867,-40.754497343812645,12.482961111109153,37.588800000020676,9.654559984091449,8.059765235782555,85.92647699815616,23.573550583586908
8269814.0,-1.3937,0.5708,10.3454,0.0066,-0.0296,9.8066,0.006,-0.1635,0.1027,209.1,-84.8,129.49,52.55344,-1.46365,11.62,4,38.32,22 / 22,-1.9620697570980208,1.8961150272415475,-0.09037594100751728,126.3265351260229,-64.14165019403254,-5.721079593939821,False,18.800999999999476,7.721871493281634,9.691441949493896,213.2236517978518,-39.797887389838756,12.39161111111664,38.54690999986629,9.683941250379656,7.7953269222523485,86.8971166718289,24.34376280419378
8269914.0,0.0958,-2.7284,9.8398,0.0165,-0.0313,9.8066,0.0501,-0.1889,0.1321,209.97,-84.57,130.2,52.55344,-1.46365,11.62,4,38.32,22 / 22,-1.8811188778137387,2.049291478214393,-0.061780941007413194,126.13437569427661,-63.94437986875902,-5.728687438040596,False,18.90099999999984,7.54815216881927,9.890513902913645,213.9741710136448,-38.808252542804176,12.441738888892404,37.34981999999899,9.429271046633009,7.841222424699252,87.83979531936818,25.136127325954845
8270014.0,-0.2373,1.6925,9.5016,0.0142,-0.0155,9.8066,0.0262,-0.2868,0.1396,212.61,-84.56,133.07,52.55344,-1.46365,11.62,4,38.32,22 / 22,-1.8799674117263476,2.1844726123473315,-0.0753759410072153,125.94632137980234,-63.73269166423402,-5.735545282141227,False,19.000999999998385,7.583070413196233,9.940048857857729,214.73138344648044,-37.81884008563433,12.502311111113523,37.33939999998869,9.46303782492258,7.755576245510397,88.7850620666781,25.91385157859969
8270114.0,-0.0302,-3.8438,10.1673,0.0023,-0.0145,9.8066,-0.0711,0.3621,-0.1552,215.79,-84.63,133.93,52.55344,-1.46365,11.62,4,38.32,22 / 22,-1.8244708570649133,2.355349422559478,-0.07259594100720518,125.76109946636211,-63.50570056248785,-5.742943876241974,False,19.10099999999875,7.61247504342624,9.72034835846804,215.48852827115792,-36.85133302839215,12.34646111111371,38.06622999995718,9.436945900491153,7.364998935908563,89.7274288047958,26.654367534095705
8270214.0,-0.4878,0.5027,9.6876,0.0121,-0.0227,9.8065,-0.051,0.2507,-0.0797,214.7,-84.76,135.27,52.55344,-1.46365,11.62,4,38.32,22 / 22,-1.7259170729366287,2.5697827036008887,-0.060515941007161234,125.58358006986138,-63.25944395617894,-5.749599470342717,False,19.200999999999112,7.536095087070966,9.824366107198157,216.2389798786984,-35.8727064795568,12.38188055555718,37.49118999999196,9.262012160007595,7.254583403597269,90.655399808837,27.386737476622145
8270313.0,0.2315,-2.6202,9.4188,0.0075,-0.0308,9.8066,0.0498,0.2131,-0.1275,214.61,-84.68,135.25,52.55344,-1.46365,11.62,4,38.32,22 / 22,-1.6775545791013013,2.7416505506686413,-0.0856074910072018,125.41510822308523,-62.99652801009218,-5.75683258022744,False,19.299999999999272,7.517226305611421,9.934508387210366,216.98192697025652,-34.892967980853186,12.458055555556433,37.11400000004889,9.194780884712722,7.192857836541725,91.5668187471713,28.10356002923899
8270413.0,-0.6056,-1.4482,9.6273,0.0242,-0.0134,9.8066,-0.0884,0.2034,-0.0548,216.5,-84.69,137.52,52.55344,-1.46365,11.62,4,38.32,22 / 22,-1.565556879615443,2.990317530461758,-0.11396749100730497,125.2529526501488,-62.70992960603461,-5.766811329328201,False,19.399999999999636,7.599585212319177,9.881813135004153,217.7391394031044,-33.91445262624349,12.466111111106033,37.561999999979264,9.16514209193462,6.891495604542395,92.48618675295559,28.795476979791125
8270513.0,0.0387,-1.0759,9.9537,-0.0015,0.0001,9.8066,-0.0148,-0.0156,0.0022,215.46,-84.72,136.31,52.55344,-1.46365,11.62,4,38.32,22 / 22,-1.2648984673089763,2.694228484891547,-0.09824511735621419,125.11142988280206,-62.425702305265915,-5.777421959746415,False,19.5,7.477641868478805,9.857858584278686,218.48283018534818,-32.93593727234112,12.373055555555554,37.182,8.742540335787782,7.163630099387139,93.37140030254612,29.489765032924794
8270614.0,-0.2244,-0.6877,10.1091,0.0116,0.0124,9.8065,0.0458,-0.0282,-0.0192,218.01,-84.63,136.45,52.55344,-1.46365,11.62,4,38.32,22 / 22,-1.0397155742215054,2.4270939974660655,-0.06421356225302112,124.99504687370622,-62.16707551991006,-5.78562612306658,False,19.60099999999875,7.555781197312631,9.873212992629563,219.2475471343562,-31.94763676406585,12.432624999996802,37.42614000000104,8.595496771534137,7.446118995163498,94.25250026065,30.219438755844205
8270714.0,-0.0285,-0.0355,10.0899,-0.0088,-0.0087,9.8066,0.0872,0.0584,-0.1102,222.81,-84.48,136.76,52.55344,-1.46365,11.62,4,38.32,22 / 22,-1.019705484730588,2.5429907060599986,-0.03492856225291453,124.89207582075824,-61.91857128473285,-5.790583229291895,False,19.700999999999112,7.5324054684181165,9.837149866334187,219.9979987418968,-30.969232605079473,12.389780555555092,37.44165000000348,8.552110953148704,7.294159160274188,95.10592292113856,30.949338679653376
8270814.0,-0.3528,-0.7023,9.7602,0.0087,0.0091,9.8065,0.006,0.0257,-0.0206,240.39,-84.35,136.72,52.55344,-1.46365,11.62,4,38.32,22 / 22,-0.8260237172498357,2.244203922291401,-0.019625277914940717,124.79978936065888,-61.67921155331441,-5.793310921300297,False,19.800999999999476,7.5465514762554005,9.798816017247049,220.74838274129078,-30.001725547829817,12.367994444443768,37.601639999962835,8.372575193505236,7.5546120949556474,95.9485933806319,31.677486005484592
8270914.0,-2.3795,-1.5524,9.8427,-0.0207,-0.0066,9.8065,-0.0022,0.1772,-0.1138,250.33,-84.4,136.42,52.55344,-1.46365,11.62,4,38.32,22 / 22,-0.644603096523086,2.251696706952287,-0.020145277914942552,124.72625801996996,-61.45441652185141,-5.795299449091798,False,19.90099999999984,7.486376344818221,9.837416518296536,221.4921411318011,-29.0232101932272,12.362063888889557,37.27151000001406,8.130979441341307,7.585719811344249,96.76588311183114,32.43120632862421
8271014.0,0.3051,-0.4547,9.3335,0.0167,-0.008,9.8065,-0.0164,0.1773,-0.0933,215.98,-84.27,136.63,52.55344,-1.46365,11.62,4,38.32,22 / 22,-0.5217627092134163,2.284696584803162,-0.04200027791462439,124.66793972968398,-61.22759685726693,-5.798406726883232,False,20.000999999998385,7.536889798407058,9.81359304358356,222.24272795582027,-28.044806034258215,12.373819444444552,37.5244499999932,8.058652507620474,7.528896458780398,97.57478822613629,33.182790823008716
8271114.0,0.022,-3.2483,10.1668,0.0115,-0.0033,9.8066,-0.0106,0.0102,0.0145,214.51,-84.12,137.41,52.55344,-1.46365,11.62,4,38.32,22 / 22,-0.4504500831130319,2.5404784234694286,-0.04765027791464484,124.61932909006748,-60.98633810685242,-5.802889254674712,False,20.10099999999875,7.606571425191723,9.750035642031136,223.00649838928754,-27.077410171941114,12.366213888883467,37.95983999996171,8.057021508304755,7.209557218561708,98.38716929922006,33.908927934911304
8271214.0,-0.9917,-0.9628,9.812,0.0035,-0.018,9.8065,0.0163,0.1392,-0.0819,214.6,-84.05,138.16,52.55344,-1.46365,11.62,4,38.32,22 / 22,-0.3131302872277873,2.78011976630811,-0.02937527791457831,124.5811500715503,-60.72030819736258,-5.806740532466187,False,20.200999999999112,7.476864673055582,9.75891346641963,223.75039199629188,-26.110125505379642,12.293911111111157,37.457800000018565,7.789994960283369,6.97879370011152,99.16924192474158,34.610182691982935
8271314.0,0.1702,-1.7895,9.8855,-0.0035,-0.0148,9.8066,0.0292,-0.0438,-0.0384,215.77,-83.94,138.87,52.55344,-1.46365,11.62,4,38.32,22 / 22,-0.18741746210653873,2.5186400408235436,-0.021390486227378505,124.55612268408349,-60.45537020700503,-5.809278820673295,False,20.300999999999476,7.6251198146953945,9.645967575176497,224.51423003803885,-25.153737940563545,12.295819444441221,38.32629999997014,7.812537276801933,7.127327534352954,99.95810735395536,35.30163226644149
8271413.0,-1.5622,-1.0991,9.7127,0.0011,-0.0188,9.8066,-0.0175,0.0696,0.0018,214.82,-84.04,139.46,52.55344,-1.46365,11.62,4,38.32,22 / 22,-0.05818036817610413,2.285643489085205,-0.018817245793272697,124.54396559148448,-60.21755817227417,-5.81126910340832,False,20.399999999999636,7.562235115066843,9.658702090216297,225.2571771295151,-24.19601603770338,12.266944444444945,38.059000000003216,7.620415483242947,7.373058601131092,100.71321153803062,36.02154213457079
8271514.0,-0.6541,-2.6582,10.5026,0.012,-0.0231,9.8065,-0.0054,0.0613,-0.0778,229.27,-84.18,141.02,52.55344,-1.46365,11.62,4,38.32,22 / 22,0.15200014091670738,2.4446867452276693,0.01158375420635063,124.54870349000782,-59.978676495444326,-5.8116343947334554,False,20.500999999998385,7.578106961207284,9.656922339988494,226.02196168664057,-23.230288099898434,12.275338888890069,38.12247999999315,7.426106820290577,7.212235594760825,101.47325819663274,36.74838839554589
8271614.0,-0.5288,0.5206,9.9031,0.0107,-0.0196,9.8066,0.0067,0.1686,-0.0172,269.66,-84.13,141.98,52.55344,-1.46365,11.62,4,38.32,22 / 22,0.281633473728061,2.5639432877066444,0.0512037542064948,124.57038517074014,-59.7282449937967,-5.808495019312802,False,20.60099999999875,7.605196410102473,9.538828925288371,226.77924172783844,-22.28502002820948,12.199519444449123,38.56494999999221,7.323562936374412,6.9748856375817265,102.2088565570983,37.44322496558722
8271714.0,-1.0551,-2.9616,10.5515,0.0226,-0.0128,9.8066,-0.014,-0.0076,-0.0168,240.51,-84.04,143.05,52.55344,-1.46365,11.62,4,38.32,22 / 22,0.4534257102532936,2.6470612744467585,0.09326875420664793,124.60713812993934,-59.46769476568808,-5.801271393892119,False,20.700999999999112,7.626323555107734,9.600453617751374,227.5431473777305,-21.328854854079978,12.260894444442227,38.462630000003436,7.1728978448544405,6.953392343304615,102.93600924779115,38.1388399116081
8271813.0,-0.4326,-0.8476,9.958,0.0095,-0.0117,9.8066,0.005,0.0761,0.0067,229.23,-83.89,144.53,52.55344,-1.46365,11.62,4,38.32,22 / 22,0.5646406058344843,2.3621824038972448,0.1169860560757118,124.65753241258577,-59.219737203609654,-5.790863780783125,False,20.799999999999272,7.588448659817448,9.497723156759351,228.29278768633233,-20.3931495460867,12.156944444437139,38.62400000008568,7.023808053982964,7.135540752862106,103.63525527374657,38.82658765752295
8271913.0,-0.6387,-1.7171,9.6761,-0.0126,0.0077,9.8066,-0.0424,0.0437,0.029,224.38,-83.98,144.39,52.55344,-1.46365,11.62,4,38.32,22 / 22,0.5883513026116125,2.1323547064727566,0.10032214766435829,124.71518200800828,-58.99501034809034,-5.779998370596082,False,20.899999999999636,7.675359302667404,9.341143376214067,229.05676094444937,-19.470231655722802,12.090000000001304,39.40899999997501,7.087008000055792,7.20878866974131,104.34157893644108,39.52477869236753
8272014.0,0.8055,-1.6435,9.6155,-0.003,-0.014,9.8066,-0.0894,0.0031,-0.0304,223.58,-84.07,143.38,52.55344,-1.46365,11.62,4,38.32,22 / 22,0.6934389041237585,2.3569374991046073,0.08407629766455968,124.77991241344762,-58.76830109171149,-5.7706862491070865,False,21.000999999998385,7.616474166285815,9.420507785835412,229.82174832637347,-18.526853898399036,12.114319444443787,38.95549999999312,6.923035262162056,7.063570286730805,105.04183591292585,40.24144719331245
8272113.0,-0.4249,-1.6328,9.4501,0.0032,0.0254,9.8065,-0.0679,0.0301,0.1037,221.24,-84.16,143.3,52.55344,-1.46365,11.62,4,38.32,22 / 22,0.7808962016896291,2.585123868341003,0.056965147664515985,124.8528920011855,-58.52366905402254,-5.763704697563286,False,21.099999999998545,7.716547542627804,9.393944445627683,230.59146828609138,-17.602156887906357,12.156944444438928,39.401000000012374,6.9356513409381755,6.8088205772866806,105.73857628490589,40.92151216611619
8272214.0,0.476,-0.6049,9.427,-0.0075,-0.0177,9.8066,-0.0398,-0.019,-0.1067,225.36,-84.22,142.49,52.55344,-1.46365,11.62,4,38.32,22 / 22,0.84872540589664,2.7684082745625367,0.01978704766430716,124.93518789236906,-58.25331568080439,-5.759828711699159,False,21.200999999999112,7.697063905001337,9.311844906192643,231.3632164933124,-16.670009817921844,12.081200000000186,39.57674000001211,6.848338499104697,6.543436631630106,106.42802860094334,41.58330586288255
8272314.0,0.7982,0.7053,9.3557,0.0009,0.013,9.8066,0.0982,-0.1904,0.0271,234.7,-84.09,141.93,52.55344,-1.46365,11.62,4,38.32,22 / 22,0.8055254531889284,2.9146404923055487,-0.021742952335843856,125.01790043532364,-57.969163242459956,-5.759926506932736,False,21.300999999999476,7.794429511594515,9.242932656867438,232.14071140214637,-15.746980731792787,12.090700000007741,40.14046999994991,6.988904058405587,6.32829216456189,107.12281096682273,42.22218251066717
8272414.0,-1.6917,-1.4899,9.3975,0.0255,0.0323,9.8065,-0.0599,-0.329,0.1741,261.87,-83.87,141.76,52.55344,-1.46365,11.62,4,38.32,22 / 22,0.8722350624802386,2.9412356131556057,-0.06474795233600017,125.1017884611074,-57.67636943718583,-5.764251052166344,False,21.40099999999984,7.7672405234877395,9.354716434349436,232.91827391909536,-14.81327693307192,12.158999999994398,39.70301000006168,6.895005461007501,6.413480821193831,107.81648545798795,42.863092504113915
8272514.0,1.0426,2.4238,9.7808,0.0259,0.0312,9.8066,-0.013,-0.2078,0.1125,235.73,-83.77,140.74,52.55344,-1.46365,11.62,4,38.32,22 / 22,0.8621411521968564,2.9303627566419688,-0.08649795233568361,125.18850727184,-57.38278951870023,-5.771813347399818,False,21.500999999998385,7.879653050678986,9.129650184480925,233.70259726135288,-13.912598026866151,12.059830555555813,40.79694999999396,7.017511898482129,6.199287427838955,108.51408998951288,43.47019149183408
8272614.0,0.7413,-5.1563,10.2866,-0.0202,0.0304,9.8066,0.0812,-0.5109,0.2112,221.11,-83.89,140.99,52.55344,-1.46365,11.62,4,38.32,22 / 22,0.8753709910065812,3.219281812431874,-0.06379295233560099,125.27538287900049,-57.07530729024542,-5.779327892633409,False,21.60099999999875,7.930426243996099,9.063941406771136,234.49361382076688,-13.01180792560462,12.043536111114676,41.18406999997084,7.055055252989518,5.844659594339262,109.2182309417664,44.0634993646408
8272713.0,-0.7774,-0.51,9.0847,-0.0242,0.0131,9.8066,0.0503,-0.1441,0.0002,218.5,-83.95,141.56,52.55344,-1.46365,11.62,4,38.32,22 / 22,1.0482367981401335,3.52586949154943,-0.07577195233562031,125.3706014645634,-56.741422300697806,-5.786236355414646,False,21.69999999999891,7.899782352858506,9.153600749360985,235.2767202144592,-12.109127512347877,12.091111111111202,40.79500000000653,6.851545554718372,5.627731257811554,109.9061187498958,44.63229478834993
8272813.0,-0.2269,-4.2093,9.8158,-0.0193,0.0375,9.8065,0.0343,-0.4226,0.1687,220.3,-83.92,139.3,52.55344,-1.46365,11.62,4,38.32,22 / 22,1.2253640508329684,3.770027092004416,-0.11141195233574995,125.48428150701247,-56.37662747151879,-5.795595550648248,False,21.799999999999272,7.960271342853178,9.107688189690506,236.06773677387451,-11.208448605993542,12.096111111116569,41.153999999975554,6.73490729202021,5.337661097686091,110.58345526686205,45.16817886552525
8272913.0,-0.7294,1.5152,9.611,0.005,0.0153,9.8066,-0.0155,-0.0808,-0.0441,219.04,-83.91,139.88,52.55344,-1.46365,11.62,4,38.32,22 / 22,1.3372533023328317,3.936681610823605,-0.12073695233578381,125.61241237467122,-55.99129203637599,-5.807202995881867,False,21.899999999999636,7.9573605749822045,9.176515014044282,236.8587533331896,-10.285530714925962,12.146111111103306,40.93000000008546,6.620107272649372,5.239833403220677,111.24634095851839,45.70576132145003
8273013.0,0.134,-2.3846,10.2432,-0.0255,0.0402,9.8064,0.084,-0.5026,0.2253,220.65,-83.8,138.45,52.55344,-1.46365,11.62,4,38.32,22 / 22,1.3772425604298875,4.045020902529059,-0.10869195233573992,125.74813716780986,-55.592206910706906,-5.818674441115485,False,22.0,8.108528957747216,8.850146937262,237.67681319364573,-9.418210287394423,12.003055555555557,42.496,6.731286397317329,4.805126034732941,111.92867602583587,46.17399662331248
8273114.0,0.1769,2.3956,9.864,-0.0135,-0.0139,9.8066,0.0158,0.1715,-0.1408,235.83,-83.91,139.29,52.55344,-1.46365,11.62,4,38.32,22 / 22,1.3462984318115878,4.176593827126088,-0.08375000233604887,125.88567598791634,-55.17701536686447,-5.82839275982629,False,22.10099999999875,8.140740067647936,9.018031835707408,238.4962252192763,-8.508746981852122,12.148938888881014,42.07319000004594,6.794441635836348,4.84143800858132,112.61054923135997,46.66826838501235
8273214.0,-3.5033,-2.2182,9.8862,0.0242,0.031,9.8065,0.0081,-0.3299,0.1625,258.77,-83.95,138.75,52.55344,-1.46365,11.62,4,38.32,22 / 22,1.416719190974676,4.055304660810389,-0.07690500233602385,126.02382686905617,-54.765420442466144,-5.8364255100599225,False,22.200999999999112,8.166203182197851,8.852038177510263,239.30765947097072,-7.630418256111588,12.043488888888042,42.692250000013196,6.749483991223175,4.796733516699874,113.28383260191455,47.135002186354555
8273313.0,-1.6981,-3.406,9.408,-0.0094,-0.023,9.8066,-0.0603,0.2836,-0.1237,234.63,-84.13,139.35,52.55344,-1.46365,11.62,4,38.32,22 / 22,1.7746118619738136,4.023766632432016,-0.09270045233604933,126.18179775617737,-54.36550641345,-5.844820980066204,False,22.299999999999272,8.234164366213603,8.734522634183575,240.12423194998289,-6.771771032031903,12.00388888889295,43.31100000003711,6.45955250423979,4.710756001751559,113.94243419380551,47.5937353814181
8273413.0,0.034,-4.3068,9.4754,-0.0181,0.0031,9.8065,0.0545,-0.1033,-0.0895,227.03,-84.3,138.9,52.55344,-1.46365,11.62,4,38.32,22 / 22,2.124225091005078,4.297031145756512,-0.12919545233618204,126.37673960382703,-53.94946652453906,-5.855915775299856,False,22.399999999999636,8.311543940259652,8.712439045366692,240.9558134610438,-5.904450605208296,12.04111111111002,43.6510000000143,6.187318849254574,4.415407899610179,114.57907385721676,48.045015919330766
8273513.0,0.0935,-0.9863,9.707,-0.0162,-0.0339,9.8065,0.0139,0.2241,-0.1424,221.81,-84.39,137.98,52.55344,-1.46365,11.62,4,38.32,22 / 22,2.304469652854931,4.580916480602867,-0.1507404523362603,126.59817434102084,-53.505569143219475,-5.869912570533529,False,22.5,8.337425513523616,8.659933495825731,241.78739497210466,-5.048249669394322,12.02111111111111,43.913,6.032955860668685,4.079017015222864,115.18922063108383,48.45731947382515
8273613.0,-1.0731,0.8009,9.642,-0.0046,-0.0023,9.8065,-0.106,0.0148,-0.0529,221.33,-84.49,137.34,52.55344,-1.46365,11.62,4,38.32,22 / 22,2.337374966806055,4.6509783339495945,-0.16395545233606793,126.83026657200051,-53.04397440249857,-5.885647365766917,False,22.599999999998545,8.315036647732972,8.547852978772339,242.61897648327243,-4.192048733474566,11.924999999993895,44.20900000009081,5.977661680926918,3.896874644822744,115.78870991127192,48.851925669024006
8273714.0,-1.3712,0.1453,9.7543,0.0159,-0.0516,9.8065,-0.1017,0.3551,-0.2007,221.74,-84.64,135.18,52.55344,-1.46365,11.62,4,38.32,22 / 22,2.3876486305676217,4.629886324364756,-0.17491395233612944,127.06888026366923,-52.57529073725106,-5.902760270702959,False,22.700999999999112,8.439424665743488,8.306838561364662,243.47246306829092,-3.3718749557590852,11.841769444445834,45.45363999999291,6.051776035175866,3.676952236999906,116.40358280462169,49.20341578149198
8273814.0,-0.219,0.6274,10.0605,-0.0073,-0.0132,9.8066,-0.0216,0.1973,-0.1008,223.95,-84.87,137.08,52.55344,-1.46365,11.62,4,38.32,22 / 22,2.4118829318333757,4.644518143600163,-0.16483895233609272,127.30885684179015,-52.11157051385113,-5.919747915936632,False,22.800999999999476,8.437364673725222,8.399188664349676,244.310805404755,-2.527238292671661,11.90528611109277,45.13004000009998,6.025481741891847,3.7546705207495137,117.00194856296486,49.584332221179466
8273914.0,0.0952,-5.3354,10.0226,0.0296,-0.0584,9.8063,-0.0272,0.263,-0.1813,223.71,-84.83,136.86,52.55344,-1.46365,11.62,4,38.32,22 / 22,2.572344130850474,4.906482222324778,-0.1413489523360072,127.55806819492524,-51.634020495553145,-5.935057311170293,False,22.90099999999984,8.450749909436706,8.152373648569048,245.14935056587134,-1.7265236261721375,11.742080555560987,46.02952000002532,5.878405778586231,3.2458914262442704,117.5912823709461,49.907496869381006
8274014.0,-0.8335,0.3287,9.9509,-0.0002,-0.0327,9.8066,0.0055,0.3108,-0.1082,227.9,-84.87,141.43,52.55344,-1.46365,11.62,4,38.32,22 / 22,2.7657547259663007,5.156794935291198,-0.12333895233626915,127.8249731377622,-51.13085663767967,-5.9482917064037135,False,23.000999999998385,8.582060547171102,8.150649254969405,246.0077725533156,-0.9150230513411831,11.835744444447974,46.47690000000015,5.816305821204801,2.9938543196782073,118.18279941555339,50.21583358633849
8274114.0,-0.0089,-1.3362,10.4418,-0.0133,-0.0482,9.8064,0.0267,0.1861,-0.2362,229.36,-85.13,142.73,52.55344,-1.46365,11.62,4,38.32,22 / 22,2.8339947328807717,5.254259741281542,-0.08436895233612726,128.10496061070558,-50.61030390384914,-5.958677101637371,False,23.10099999999875,8.416163870867937,7.99503915202063,246.8462501063129,-0.1254278771526077,11.608294444454462,46.46990000002152,5.582169137987165,2.740779410739088,118.74128949560733,50.48487602669653
8274213.0,-0.6083,0.9589,8.734,-0.0028,-0.0147,9.8065,-0.1402,0.3255,-0.0697,227.27,-85.09,140.34,52.55344,-1.46365,11.62,4,38.32,22 / 22,2.871005562015758,5.337943764532035,-0.1060252023361622,128.38735812530342,-50.085989830310524,-5.9681016122936645,False,23.19999999999891,8.553474328142734,8.044335662699456,247.6895954533632,0.6671695603977345,11.741944444442554,46.75700000001071,5.682468766126975,2.7063918981674213,119.30223732805979,50.753159390708255
8274314.0,-1.0909,-3.7375,10.1671,0.0067,-0.0155,9.8066,-0.1228,0.1901,-0.0084,227.02,-85.19,140.1,52.55344,-1.46365,11.62,4,38.32,22 / 22,3.030923848096794,5.468097537047117,-0.14199130233636426,128.6854055605158,-49.54028474457771,-5.980626445779698,False,23.300999999999476,8.559681631882258,7.883890279290395,248.55680651384253,1.4642147946647845,11.637186111101494,47.35345000008239,5.528757783785464,2.415792742243278,119.87140095332674,51.004499539242495
8274414.0,-0.6786,-0.432,10.4064,0.0031,-0.045,9.8065,-0.0103,0.3053,-0.253,227.28,-85.35,140.08,52.55344,-1.46365,11.62,4,38.32,22 / 22,3.2427354090185,5.641563330421198,-0.09398130233618958,128.9990885233727,-48.98480170120227,-5.992425076013368,False,23.40099999999984,8.596895487770924,7.716110996050157,249.41543132608595,2.220562685675244,11.551838888892966,48.09055999999754,5.3541600787524235,2.074547665628959,120.41634280271325,51.20536438687752
8274514.0,-0.8563,-4.2904,9.0588,-0.0298,-0.0216,9.8065,0.1085,0.1318,-0.0317,226.02,-85.29,138.76,52.55344,-1.46365,11.62,4,38.32,22 / 22,3.463901190785815,5.8456706225721415,-0.1013863023360818,129.33442035335804,-48.410440003560964,-6.0021934562468395,False,23.500999999998385,8.64408268046873,7.768380067689522,250.2740561382885,2.99859358690044,11.621880555558622,48.05429999998884,5.180181489682914,1.9227094451173805,120.93963578493046,51.409033590461405
8274614.0,-1.0899,1.3536,9.5981,0.0019,-0.0435,9.8065,-0.1206,0.2321,-0.2186,223.81,-85.48,138.55,52.55344,-1.46365,11.62,4,38.32,22 / 22,3.6357402505970207,5.973374765848026,-0.1492063023362557,129.68940242542848,-47.81948773413781,-6.014723086480502,False,23.60099999999875,8.592483454626121,7.527614959171659,251.13268095064242,3.7435995957365122,11.423475000003114,48.77937000001759,4.956743204029101,1.5542401933236336,121.44327852521394,51.56308732987432
8274714.0,-0.89,-4.1492,9.9927,-0.0005,0.0079,9.8066,-0.0648,-0.0096,0.1189,223.41,-85.5,135.83,52.55344,-1.46365,11.62,4,38.32,22 / 22,3.7961912134486546,6.1029374676287,-0.15033130233625974,130.06099899863213,-47.215672122461775,-6.029699966714182,False,23.700999999999112,8.654141327160149,7.519026234697626,251.99130576287388,4.488605603773164,11.464288888887388,49.01473000000154,4.857950113711494,1.416088767068926,121.93030676424175,51.70427772623494
8274813.0,0.517,1.8729,8.9823,0.0234,-0.0433,9.8065,-0.1039,0.3,-0.2646,222.03,-85.62,136.67,52.55344,-1.46365,11.62,4,38.32,22 / 22,3.8799351694949147,6.265051106655993,-0.1819271523363108,130.44096725458846,-46.603456688033695,-6.046146760220501,False,23.799999999999272,8.610417592011567,7.461997916333004,252.8413443271045,5.226161552525034,11.393888888881794,49.08700000010063,4.730482422516652,1.1969468096770113,122.40037707251605,51.82961824055873
8274913.0,-1.705,-0.3911,8.3922,-0.0298,0.0291,9.8065,0.1179,-0.2066,0.1012,220.85,-85.41,133.13,52.55344,-1.46365,11.62,4,38.32,23 / 23,3.8647642829319437,6.2674945842495955,-0.2938671523367179,130.82820222721122,-45.976829403486136,-6.069936475454239,False,23.899999999999636,8.679576137759911,7.28070611448981,253.70672996463009,5.948928575703755,11.328888888886706,50.008999999988426,4.814811854827967,1.0132115302402145,122.87852773741886,51.92575797918989
8275013.0,-0.9033,1.9541,8.9833,-0.0079,-0.0523,9.8065,-0.0049,0.2365,-0.291,218.35,-85.09,128.3,52.55344,-1.46365,11.62,4,38.32,23 / 23,3.9032257083666053,6.217137379806362,-0.40575715233712484,131.21660172677755,-45.352597805281064,-6.104917690688058,False,24.0,8.622026968957753,7.286951577459822,254.56535477686032,6.671695598175154,11.28888888888889,49.797,4.718801260591148,1.0698141976534608,123.34875305008276,52.02429340345622
8275114.0,-0.8131,-2.0823,11.4074,0.0372,0.0329,9.8065,-0.004,-0.3119,0.2084,217.87,-84.89,128.1,52.55344,-1.46365,11.62,4,38.32,23 / 23,3.958489078118136,6.265091083335043,-0.3664984523376112,131.6136183234901,-44.722245267900234,-6.143916598723649,False,24.10099999999875,8.72071978385516,7.196972580523778,255.44615509615602,7.390348409403485,11.306963888880789,50.4681100000305,4.762230705737023,0.9318814971887353,123.83253677266592,52.11259367730372
8275214.0,-0.0497,0.9032,9.6072,0.0252,-0.0265,9.8066,-0.0743,0.1203,-0.0256,220.19,-85.11,130.19,52.55344,-1.46365,11.62,4,38.32,23 / 23,4.012691745549295,6.381342610011741,-0.2964334523373562,132.01217736467493,-44.08992358323059,-6.177063193957518,False,24.200999999999112,8.687758536003978,7.065694294147473,256.3115407336832,8.090765252794817,11.198269444443138,50.87880000000802,4.675066790454682,0.6843516841357324,124.29936336900829,52.18068883602541
8275314.0,-1.7955,1.2436,9.6951,-0.0051,0.0208,9.8066,0.0184,-0.5148,0.2157,217.89,-85.22,130.15,52.55344,-1.46365,11.62,4,38.32,23 / 23,4.003566358213699,6.336158006371202,-0.31198345233741265,132.41299026986454,-43.454048552409134,-6.2074840391913675,False,24.300999999999476,8.685458486455733,6.969366326712446,257.1768587630801,8.780062602472213,11.135944444433386,51.25583000000918,4.681892128242034,0.633208320341244,124.76386849321554,52.23411115488135
8275413.0,-0.6773,1.4018,9.4444,-0.0309,-0.0223,9.8066,0.0745,-0.0829,0.0561,217.93,-85.39,130.03,52.55344,-1.46365,11.62,4,38.32,23 / 23,4.003437625177072,6.251542540835277,-0.3354365523374505,132.809336967043,-42.830957375321404,-6.239531329422825,False,24.399999999999636,8.618141916756786,6.895054210983786,258.0268973271859,9.451568765416454,11.03694444444505,51.33799999996376,4.614704291579714,0.6435116701485093,125.2175603601429,52.28252614073786
8275513.0,0.8971,-0.4484,10.3538,-0.0058,0.0344,9.8066,0.0681,-0.4301,0.1402,221.91,-85.47,131.71,52.55344,-1.46365,11.62,4,38.32,23 / 23,3.9555848168849677,6.317385716034929,-0.32619155233741687,133.20728808914757,-42.20251096247561,-6.272612734656689,False,24.5,8.54625332559852,7.001505956102461,258.8787613141339,10.152096802330757,11.048055555555557,50.674,4.590668508713553,0.6841202400675321,125.67147322498633,52.35460776480636
8275613.0,1.3386,-4.113,9.1828,0.0163,0.0244,9.8066,-0.0021,-0.2194,0.151,220.45,-85.3,130.41,52.55344,-1.46365,11.62,4,38.32,23 / 23,4.0086883373588496,6.659561481578517,-0.330026552337361,133.60550174685397,-41.553663602604374,-6.30542363988995,False,24.599999999998545,8.607939661609308,6.846819084240701,259.7373861264605,10.830385855189785,10.998888888893697,51.50100000000292,4.599251324250458,0.18725760266218394,126.1318843796065,52.38404945779416
8275714.0,-0.2701,-3.204,9.7621,-0.0121,0.057,9.8064,0.0029,-0.3585,0.2268,218.47,-85.2,128.2,52.55344,-1.46365,11.62,4,38.32,23 / 23,4.189356580643417,7.075857998892359,-0.3637807523375506,134.0195030152154,-40.8600249188367,-6.3404609087762305,False,24.700999999999112,8.665014072386505,6.881742015909031,260.61149322861786,11.526577290916384,11.065300000000635,51.54344000000515,4.475657491743088,-0.19411598298332855,126.59199021340245,52.386602209753086
8275814.0,-0.3485,-2.2139,9.8687,-0.0222,-0.0126,9.8065,-0.0045,-0.1834,-0.0028,218.04,-85.43,127.62,52.55344,-1.46365,11.62,4,38.32,23 / 23,4.365678647114806,7.364260696071146,-0.3629057523375473,134.44725477660486,-40.138018984085896,-6.3767952340101175,False,24.800999999999476,8.719076957800505,6.863256590931884,261.48384251633934,12.204977538704366,11.096250000013825,51.79173000007442,4.353398310685699,-0.5010041051392626,127.03658773973447,52.34299652279026
8275913.0,-1.8501,1.0964,9.8184,-0.0174,0.0276,9.8066,0.0286,-0.3182,0.1606,217.4,-85.52,126.85,52.55344,-1.46365,11.62,4,38.32,23 / 23,4.470017453607734,7.43503595267258,-0.3592526523375413,134.88462173359133,-39.405453799971895,-6.412542075041592,False,24.899999999999636,8.896415213171425,6.836826482715861,262.3673471656321,12.887491997746293,11.21999999999612,52.45800000000753,4.426397759563691,-0.5982094699567186,127.48272543204078,52.29294579771819
8276015.0,-0.5294,-1.2479,10.1213,-0.0073,0.0046,9.8066,0.0019,-0.2976,0.112,216.04,-85.7,125.05,52.55344,-1.46365,11.62,4,38.32,23 / 23,4.551536779969885,7.4652423505321535,-0.3426062523377122,135.34472099949906,-38.64553960651626,-6.448336879179662,False,25.00199999999859,8.857707603052669,6.772937450276247,263.27072864128996,13.56822733914105,11.15041111111017,52.597099999999315,4.306170823082784,-0.6923049002559063,127.9260076417909,52.21376694565731
8276114.0,0.855,0.5401,9.5052,-0.0042,0.0188,9.8066,-0.0104,-0.2525,0.1177,214.3,-85.84,125.56,52.55344,-1.46365,11.62,4,38.32,23 / 23,4.53831882090465,7.59453152649895,-0.34195285233771106,135.79466885174307,-37.900080799602016,-6.48222255486115,False,25.10099999999875,8.923463685383009,6.808483897046671,264.1476076819467,14.23951111161625,11.224249999994434,52.65689000004372,4.385144864478359,-0.7860476294522796,128.3529388302036,52.13959191121827
8276213.0,-0.2223,-1.9418,10.1034,-0.0043,0.0151,9.8066,-0.0272,-0.0583,0.0245,216.9,-85.94,125.92,52.55344,-1.46365,11.62,4,38.32,23 / 23,4.534780895911597,7.759687815046832,-0.34218550233771133,136.2437872877262,-37.14004694219427,-6.516087403417639,False,25.19999999999891,8.932815510568938,6.672878468409782,265.03111233125344,14.8890006774575,11.150000000001253,53.240000000006226,4.398034614657341,-1.0868093466370503,128.78732504352723,52.02904761965176
8276313.0,-1.8839,0.1569,9.6847,0.0074,0.0144,9.8066,0.052,-0.1835,0.1132,218.61,-86.03,125.21,52.55344,-1.46365,11.62,4,38.32,23 / 23,4.653999977406363,7.860528799736448,-0.3334455023376795,136.70322633139378,-36.35903611145226,-6.549868953651531,False,25.299999999999272,9.027922118820973,6.66033708737581,265.9370629206435,15.55617023790034,11.218888888877126,53.58200000000426,4.37392214141461,-1.2001917123606383,129.2338365892497,51.9152063493526
8276414.0,-0.3799,-2.4947,10.062,-0.0006,0.0017,9.8066,0.0338,-0.2405,0.0311,221.16,-86.12,127.98,52.55344,-1.46365,11.62,4,38.32,23 / 23,4.807488485765367,7.973469519610322,-0.32670880233764166,137.18103149878664,-35.55941919632076,-6.583206746037822,False,25.40099999999984,8.9468504279886,6.588593675357142,266.8385513652476,16.21855841523855,11.111080555555384,53.63152000005894,4.139361942223234,-1.3848758442531794,129.65751986646097,51.77797761155931
8276514.0,-0.5367,-0.5604,10.0758,-0.0163,0.0146,9.8066,0.0227,-0.1971,0.0487,221.32,-86.17,128.0,52.55344,-1.46365,11.62,4,38.32,23 / 23,4.931657345390716,8.153834755449914,-0.3004838023380233,137.66798879033735,-34.75305398257948,-6.614566376271149,False,25.500999999998385,9.061771083413948,6.423071031432112,267.74436673801307,16.85236949827903,11.107275000001192,54.67060000000367,4.130113738023232,-1.7307637240178018,130.07637794767572,51.60542348085851
8276614.0,-1.2383,-3.1798,9.5162,0.0014,0.0225,9.8066,-0.0032,-0.3079,0.1427,219.57,-86.24,126.15,52.55344,-1.46365,11.62,4,38.32,23 / 23,5.107111712774863,8.335736590176131,-0.30154880233802717,138.16992724324746,-33.92857541529518,-6.644668006505062,False,25.60099999999875,8.972931553887767,6.414436476898896,268.6368632850641,17.486069384402672,11.029899999999257,54.44035000005455,3.865819841112904,-1.9213001132772352,130.46693604181667,51.414644799697854
8276714.0,-1.0677,0.4069,9.5735,0.0046,0.0245,9.8065,-0.0076,-0.169,0.0781,220.79,-86.37,127.47,52.55344,-1.46365,11.62,4,38.32,23 / 23,5.270596470490372,8.463981690485662,-0.3277288023381224,138.6888126524126,-33.08858950125903,-6.676131886738983,False,25.700999999999112,9.045810492016436,6.293287867675662,269.53612065734916,18.108649778704788,11.019630555554775,55.17318000001093,3.7752140215260637,-2.1706938228099997,130.84730800493656,51.19723927996382
8276814.0,-1.3458,-2.1998,10.1469,-0.0101,0.0084,9.8066,0.0393,-0.3043,0.0871,220.88,-86.33,127.37,52.55344,-1.46365,11.62,4,38.32,23 / 23,5.4090278849961235,8.548376421814982,-0.32237380233810287,139.22279387018887,-32.2379715956409,-6.708637016972913,False,25.800999999999476,9.071226051242894,6.1900153386456225,270.44200363848597,18.720110679967977,10.981963888876816,55.69124000005796,3.66219816624677,-2.3583610831693598,131.2192097682971,50.958082275608874
8276914.0,-0.7516,1.4922,9.4947,0.0027,0.0168,9.8066,-0.033,-0.1882,0.0977,220.89,-86.35,127.37,52.55344,-1.46365,11.62,4,38.32,22 / 23,5.499984469423206,8.602057467747738,-0.32095880233809765,139.76824448791183,-31.380449901159643,-6.740803647206841,False,25.90099999999984,9.03617754064956,6.046562482703858,271.34112579422373,19.32045208872585,10.87259999999278,56.211540000008625,3.5361930712263536,-2.5554949850438797,131.5728813063119,50.700901989885494
8277014.0,-0.75,-2.2874,9.7136,-0.0187,0.0224,9.8065,0.027,-0.4301,0.1171,222.92,-86.56,126.97,52.55344,-1.46365,11.62,4,38.32,22 / 23,5.57512760886163,8.675008045110198,-0.34120880233780293,140.322000091818,-30.516596625529317,-6.773912027440154,False,26.000999999998385,8.946832933247386,5.950784765900768,272.2336899494229,19.909785200674104,10.745130555555358,56.37101999998927,3.371705324385756,-2.72422327920943,131.9116898576049,50.426381826203425
8277114.0,-0.9889,1.2575,9.3009,-0.0092,-0.0109,9.8066,-0.0267,-0.0291,-0.0342,220.14,-86.71,126.45,52.55344,-1.46365,11.62,4,38.32,22 / 23,5.667343353668773,8.7489411991941,-0.3711488023379118,140.88412363994658,-29.645399163310934,-6.80952990767407,False,26.10099999999875,9.02795222838266,5.847742595398542,273.1394377140665,20.49889592284574,10.756394444432116,57.067380000010246,3.3606088747138863,-2.9011986037955575,132.25531407411992,50.144295086156674
8277213.0,-1.8532,-2.6208,9.8465,-0.0084,0.0251,9.8066,0.041,-0.2514,0.1037,222.74,-86.91,126.76,52.55344,-1.46365,11.62,4,38.32,22 / 23,5.809613216711946,8.797509063367636,-0.394210852337949,141.45223299018136,-28.776849875312724,-6.847415210580586,False,26.19999999999891,8.903635314431295,5.737121691387767,274.01624914634374,21.060319106580916,10.591944444443625,57.20400000000636,3.094022097719349,-3.0603873719798695,132.56401615616238,49.83716898189364
8277314.0,-0.9956,-1.6899,10.1065,-0.0012,-0.0211,9.8066,-0.0513,0.0379,-0.1037,223.97,-86.99,127.9,52.55344,-1.46365,11.62,4,38.32,22 / 23,6.056185721810448,8.95463260115787,-0.37705600233785247,142.05145583658012,-27.88036672124915,-6.8863641867419325,False,26.300999999999476,8.900593536963806,5.657799674719079,274.9175347662904,21.621853485557107,10.546624999996466,57.5573000000365,2.8444078151533576,-3.2968329264387917,132.86607892971026,49.50222020680626
8277413.0,-1.7517,-3.1063,9.8834,-0.0139,0.0269,9.8065,-0.0097,-0.22,0.1355,223.02,-87.18,126.71,52.55344,-1.46365,11.62,4,38.32,22 / 23,6.3109898969545615,9.128902740677699,-0.35841430233782223,142.66363102971,-26.985231721826842,-6.922769966823437,False,26.399999999999636,8.90592628810377,5.590143285341015,275.7943461985538,22.172268372490297,10.51499999998963,57.884000000038576,2.594936391149208,-3.5387594553366837,133.1307151688438,49.15750009431714
8277513.0,-1.6807,-1.3991,9.9993,0.0042,-0.0243,9.8065,-0.0309,0.1394,-0.1114,225.42,-87.44,128.96,52.55344,-1.46365,11.62,4,38.32,22 / 23,6.583905309487158,9.267993736397779,-0.3449443023377732,143.30837579003443,-26.065386897969724,-6.957937897057345,False,26.5,8.812066875129851,5.380808711359217,276.67325348665764,22.694884527777127,10.325000000000001,58.591,2.2281615656426927,-3.887185025038562,133.3648776966232,48.76027142574685
8277613.0,-0.8168,-0.348,9.6374,-0.0093,0.0099,9.8065,0.0335,-0.1228,0.0306,223.33,-87.38,126.91,52.55344,-1.46365,11.62,4,38.32,22 / 23,6.7287287359909875,9.3379399998613,-0.34377430233779016,143.97400749229865,-25.135090211170308,-6.992373827290622,False,26.599999999998545,8.762532791354818,5.189374912404636,277.54539994959026,23.20638119070339,10.183888888880523,59.365000000049626,2.033804055363831,-4.148565087456664,133.5713924572916,48.3414714018737
8277713.0,-1.9562,0.0269,10.022,-0.0224,-0.0153,9.8065,0.0123,0.0682,-0.0926,222.79,-87.49,126.23,52.55344,-1.46365,11.62,4,38.32,22 / 23,6.8334003404917,9.35106984479508,-0.3414693023377817,144.65211394612527,-24.200639718934088,-7.026636007524526,False,26.69999999999891,8.724040410066436,5.027289764905483,278.41754641241187,23.70675836043312,10.068888888889164,60.046999999993396,1.8906400695747365,-4.323780079889598,133.7654324662866,47.90739807936721
8277814.0,-2.1258,-0.9849,9.4953,0.0056,0.006,9.8066,-0.0309,-0.0596,0.0065,221.41,-87.57,124.64,52.55344,-1.46365,11.62,4,38.32,22 / 23,5.9575189686144565,7.944095674001352,-0.29436970698713755,145.29805537123875,-23.32723386022996,-7.058745877495615,False,26.800999999999476,8.704350547285964,5.087603423850659,279.29827912346957,24.211916912082994,10.082149999980768,59.69433000011424,2.7468315786715074,-2.8564922501506933,134.00022375223082,47.53915077231295
8277914.0,-1.9797,-2.1098,9.5047,-0.0065,-0.0131,9.8066,-0.0025,-0.1946,0.0242,219.76,-87.79,122.71,52.554108,-1.462587,9.37,4,61.06,23 / 23,6.201396139932661,8.02400066080596,-0.32503470698724907,145.90600112666831,-22.528829043486688,-7.0897160981944465,False,26.90099999999984,8.642375312229593,4.84571541558735,280.15683632744657,24.689943902031004,9.908161111100808,60.721050000022686,2.440979172296932,-3.1782852452186106,134.25083520077825,47.21877294551769
8278013.0,-1.0048,1.1013,9.5617,0.0009,0.0291,9.8066,-0.0518,0.1021,-0.1232,222.15,-87.83,122.94,52.554108,-1.462587,9.37,4,61.06,23 / 23,6.332571490941864,8.06241388727672,-0.3521062569872928,146.52643252439762,-21.73255152335531,-7.1232345759112405,False,27.0,8.516669482066748,4.697188337602818,281.00018167452333,25.152292406860344,9.726111111111111,61.122,2.184097991124884,-3.3652255496739025,134.4737491501257,46.88484393021565
8278115.0,-1.2815,-2.0183,10.1294,-0.0038,0.0149,9.8066,0.042,0.1493,-0.0529,218.23,-87.86,118.82,52.554108,-1.462587,9.37,4,61.06,23 / 23,6.435030596097159,8.12406474774735,-0.3481384569873335,147.17758023082993,-20.90704111297756,-7.15894705632358,False,27.101999999998952,8.441134635482046,4.640672361054882,281.8552908577169,25.61686481051669,9.632711111098248,61.19972000007461,2.006104039384886,-3.4833923866924685,134.67771062688698,46.523905923494254
8278214.0,-0.886,2.4757,9.3087,-0.0071,0.0347,9.8065,-0.0886,0.286,-0.2459,217.98,-88.02,118.42,52.554108,-1.462587,9.37,4,61.06,23 / 23,6.489904013583136,8.13365004391403,-0.35681085698734744,147.81736449401015,-20.10228423078902,-7.193842047365383,False,27.200999999999112,8.369197132444413,4.418253078419255,282.6849793376836,26.046077227220074,9.46384999999523,62.16969000000778,1.879293118861277,-3.715396965494774,134.86761484367346,46.14836145800909
8278314.0,-2.4404,-2.4568,9.6977,0.0022,0.033,9.8065,-0.0215,0.1201,-0.0382,214.63,-87.95,115.0,52.554108,-1.462587,9.37,4,61.06,23 / 23,6.599795531512939,8.134855129832514,-0.3871558569874578,148.47184947126735,-19.288858972098733,-7.231040383064259,False,27.300999999999476,8.197540866530916,4.259705736324323,283.4962783729481,26.468395558763785,9.238230555535987,62.54230000008073,1.5977453350179776,-3.8751493935081918,135.02442890168075,45.75725453086252
8278414.0,-1.4174,2.5106,9.4473,0.0066,0.0279,9.8065,-0.0651,0.4135,-0.3053,207.97,-87.82,110.35,52.554108,-1.462587,9.37,4,61.06,23 / 23,6.7465414246400845,8.114647489689803,-0.4105708569875429,149.13916631907742,-18.476383841119663,-7.270926718763154,False,27.40099999999984,8.093006012897195,4.076821563796401,284.30737458340224,26.868697294547573,9.061855555548831,63.26346999999143,1.3464645882571107,-4.037825925893402,135.16820826432482,45.345081135667236
8278513.0,-2.9468,-3.6,9.7443,0.0005,0.0425,9.8065,0.0064,-0.0831,0.0155,209.08,-87.92,109.22,52.554108,-1.462587,9.37,4,61.06,23 / 23,6.932964641650921,8.146801429974062,-0.43144500698757654,149.8163018693599,-17.671442119595,-7.31260650402999,False,27.5,7.976242100051047,4.044478289115464,285.09048097713446,27.26499601297272,8.943055555555555,63.112,1.0432774584001256,-4.102323140858598,135.27417910777456,44.936438132567716
8278613.0,-1.7952,0.1816,9.8792,0.0021,-0.0083,9.8066,-0.0788,0.3827,-0.2197,203.89,-88.0,105.94,52.554108,-1.462587,9.37,4,61.06,23 / 23,7.1927651641453165,8.277460340218106,-0.4309350069875838,150.52258835963943,-16.850229031097342,-7.35572550472812,False,27.599999999998545,7.911194143677847,3.856496338764781,285.8814975364931,27.64305876395568,8.801111111096702,64.0119999999439,0.71842897953253,-4.420964001453324,135.35890917685367,44.49328779505302
8278713.0,-3.1815,-3.3899,9.6876,-0.0065,0.0407,9.8065,-0.031,-0.3063,0.1165,202.95,-88.06,104.92,52.554108,-1.462587,9.37,4,61.06,23 / 23,7.444106875760609,8.41456810370685,-0.43326000698759215,151.25443196163738,-16.015627608898058,-7.398935255427037,False,27.69999999999891,7.6817391181375445,3.873428586251273,286.6454707946103,28.032241006606853,8.603055555551952,63.241000000012704,0.23763224237693592,-4.541139517455577,135.3910388329729,44.04786861550491
8278813.0,-2.007,1.2679,9.8466,-0.0091,-0.0398,9.8065,-0.007,0.1387,-0.0567,202.36,-88.1,104.31,52.554108,-1.462587,9.37,4,61.06,23 / 23,7.684575530494991,8.498989951930962,-0.43721500698760646,152.0108660819529,-15.16994970611309,-7.442459006125955,False,27.799999999999272,7.55043696237013,3.6925501590339063,287.3959224022709,28.399184265875487,8.40499999998254,63.939000000021274,-0.13413856812486102,-4.806439792897056,135.385056320318,43.56913397198858
8278913.0,-1.6705,1.6763,9.7671,0.0097,0.0229,9.8065,0.0166,-0.3713,0.1372,202.11,-88.21,104.27,52.554108,-1.462587,9.37,4,61.06,23 / 23,7.757667550628912,8.379971285628544,-0.4371950069876063,152.78297823601193,-14.326001644232045,-7.486179506824875,False,27.899999999999636,7.41898971349313,3.597028861548042,288.13285235921717,28.75500803054387,8.244999999983417,64.13399999998985,-0.3386778371357817,-4.7829424240805025,135.34987412320524,43.08100967477591
8279013.0,-2.0673,2.8255,9.4336,0.0082,-0.0331,9.8066,-0.006,0.1007,-0.0063,201.26,-88.32,103.34,52.554108,-1.462587,9.37,4,61.06,23 / 23,7.8063448217698115,8.188212116792732,-0.45782500698768136,153.5611788546347,-13.497592474107968,-7.530930507523802,False,28.0,7.134261053467097,3.487630269967688,288.83597818970026,29.08859281036369,7.941111111111111,63.948,-0.6720837683027145,-4.7005818468250435,135.27479933506555,42.586185284471654
8279113.0,-1.6261,-0.0887,10.2477,-0.0041,0.0166,9.8066,-0.0325,-0.2973,0.1353,202.0,-88.3,104.15,52.554108,-1.462587,9.37,4,61.06,23 / 23,7.886148859713277,8.079156716012314,-0.45442500698773075,154.34580353869745,-12.684224032479552,-7.576543008221909,False,28.099999999998545,6.96813355906299,3.3833935698600763,289.52558236969327,29.433297082649858,7.746111111100257,64.10100000004554,-0.9180153006502874,-4.695763146152237,135.17977883099582,42.117521115129406
8279214.0,-1.9226,-2.0262,9.6632,-0.0046,-0.0396,9.8065,0.0308,-0.0272,0.065,206.08,-88.35,106.17,52.554108,-1.462587,9.37,4,61.06,23 / 23,6.8485501430179685,6.962120834983175,-0.3734867759394993,155.08990583833958,-11.924639516150012,-7.618352553259969,False,28.200999999999112,6.866389777499396,3.242082497852024,290.2216093336283,29.747756334870434,7.593313888881228,64.72475999999527,0.01783963448142778,-3.7200383371311507,135.13170349528872,41.67239585102045
8279314.0,-1.0163,-0.7894,10.0318,0.0008,0.0025,9.8066,0.0398,-0.1354,0.0736,205.94,-88.46,105.96,52.554108,-1.462587,9.37,4,61.06,23 / 23,7.006769322861241,7.11353386361637,-0.36940177593948437,155.78267181163605,-11.220856781217474,-7.655496980854053,False,28.300999999999476,6.528040358386476,3.114684992149948,290.8638201283291,30.059102130578516,7.233030555546063,64.49294999988885,-0.4787289644747652,-3.998848871466422,135.08114831669306,41.27995891179599
8279414.0,-1.0062,-0.5219,10.3639,0.006,-0.0237,9.8066,0.0435,-0.0358,0.0531,208.41,-88.65,110.54,52.554108,-1.462587,9.37,4,61.06,23 / 23,7.092607366917785,7.215914179119246,-0.330281775939342,156.48764064612757,-10.504384379078086,-7.690481158448122,False,28.40099999999984,6.396103169893559,3.188078043836738,291.4992700976155,30.37033672990929,7.146613888880812,63.50664000004841,-0.6965041970242263,-4.027836135282508,135.01162945148795,40.87472110898737
8279514.0,-1.1828,0.9908,9.6206,-0.0053,0.0007,9.8066,0.0239,-0.004,0.0178,205.65,-88.6,107.73,52.554108,-1.462587,9.37,4,61.06,23 / 23,6.075057223114348,6.149477841823803,-0.26496350954867026,157.1460238756196,-9.836114778040658,-7.72024342272209,False,28.500999999998385,6.3123165378693225,3.0303518726378544,292.1277564168512,30.67056303104893,7.002030555558394,64.35558000000981,0.23725931475497486,-3.1191259691859483,134.9817325412316,40.50667780908959
8279614.0,-0.7534,0.9245,10.157,-0.0053,-0.0004,9.8066,-0.0153,0.0199,0.009,207.65,-88.56,107.67,52.554108,-1.462587,9.37,4,61.06,23 / 23,6.084225113671783,6.110584842744335,-0.2567485095486403,157.7539879924611,-9.223111643810022,-7.746329023677051,False,28.60099999999875,6.112359333074658,3.017699847578115,292.7294698680392,30.970678138705193,6.8167055555455365,63.72432000003206,0.028134219402875082,-3.09288499516622,134.97548187557808,40.19378978251521
8279714.0,-0.0669,1.3824,9.7947,0.0076,-0.0108,9.8066,-0.0029,0.0013,0.0627,204.77,-88.56,106.55,52.554108,-1.462587,9.37,4,61.06,23 / 23,5.1296822363571435,5.1658789684051944,-0.20385423311629186,158.3146833599646,-8.659288453250493,-7.769359160810382,False,28.700999999999112,6.014646764227742,2.9141607533216276,293.331115710875,31.25989614303598,6.683436111111915,64.14932999999436,0.8849645278705989,-2.251718215083567,135.0164323509104,39.91918459628647
8279814.0,-0.5467,0.1433,10.326,0.006,-0.0069,9.8066,0.0396,0.0601,-0.0125,205.65,-88.61,107.41,52.554108,-1.462587,9.37,4,61.06,23 / 23,5.088433360156916,5.172330613502735,-0.17848423311619946,158.82558913979216,-8.142377974153217,-7.788476084122076,False,28.800999999999476,6.032725519487693,2.9579387746888166,293.92593312024576,31.55990005436585,6.718869444419653,63.880419999949346,0.9442921593307769,-2.2143918388139188,135.1003439804536,39.70227802851907
8279914.0,0.8484,0.2729,9.593,-0.0008,0.0098,9.8066,0.0371,0.0346,0.0346,204.12,-88.55,105.89,52.554108,-1.462587,9.37,4,61.06,22 / 22,4.274066080502744,4.460468387266587,-0.1387193481487222,159.29371411182683,-7.660738024112998,-7.804336263185379,False,28.90099999999984,5.81015084788443,2.9068337504429285,294.50722887895364,31.838109761203675,6.496736111109944,63.42105999996672,1.536084767381686,-1.5536346368236589,135.2135147671268,39.49884778531667
8280014.0,-0.5269,0.5722,10.0559,-0.0007,-0.0127,9.8066,0.0148,0.0623,0.0175,205.61,-88.48,109.72,52.554108,-1.462587,9.37,4,61.06,22 / 22,3.5732004190740883,3.8393138143694707,-0.11639844592643585,159.68607743679996,-7.245748914037234,-7.817092152888952,False,29.000999999998385,5.760578195428828,2.9573567180324596,295.07507059532765,32.13833606303649,6.475361111112257,62.82492000001234,2.18737777635474,-0.8819570963370111,135.38899315852768,39.38408497707373
8280113.0,-0.2387,3.2405,9.5219,0.0093,-0.0082,9.8066,0.0345,0.0413,0.0841,208.16,-88.37,109.85,52.554108,-1.462587,9.37,4,61.06,22 / 22,3.48529140127225,3.7445307129732615,-0.11815569592643864,160.03547278190766,-6.870348609933162,-7.8287025829106875,False,29.099999999998545,5.65315634864348,3.002673268028383,295.63060760974093,32.4355601018986,6.401111111107251,62.0249999999538,2.1678649473712306,-0.7418574449448783,135.59513482783328,39.30590871183176
8280213.0,-1.3328,0.9003,10.0494,-0.0042,-0.0035,9.8066,-0.044,0.1068,0.016,200.26,-88.4,104.24,52.554108,-1.462587,9.37,4,61.06,22 / 22,3.4279554956543494,3.6187868318430163,-0.12025569592644618,160.38113512675525,-6.502182732691009,-7.840623152503375,False,29.19999999999891,5.572954255852356,3.039735218501199,296.18499528378595,32.73578640444397,6.348055555555535,61.38999999998994,2.144998760198007,-0.5790516133418171,135.8038601570307,39.23796913713498
8280314.0,-0.6546,2.417,9.7514,-0.0031,-0.0087,9.8066,0.0264,0.2618,0.0213,195.85,-88.4,101.75,52.554108,-1.462587,9.37,4,61.06,22 / 22,3.425722923651052,3.5107785963110243,-0.11078694592639288,160.7272458869321,-6.142139678567206,-7.852290805917009,False,29.300999999999476,5.540791673278798,3.0952386871503847,296.7447240098787,33.05046804655329,6.34678611110936,60.81099999971246,2.1150687496277456,-0.41553990916063954,136.0174781229466,39.192607725120496
8280414.0,0.2886,1.47,9.8323,0.0062,0.0013,9.8066,0.0125,0.1938,-0.0344,198.91,-88.19,105.06,52.554108,-1.462587,9.37,4,61.06,22 / 22,3.3381121963886713,3.403754364008637,-0.11226694592639819,161.06543764293534,-5.7964130305499655,-7.863443500509689,False,29.40099999999984,5.381963473461031,3.332961409765215,297.27876159978325,33.384052826373114,6.33041944444057,58.23067999996459,2.04385127707236,-0.07079295424342202,136.21332395684792,39.18046585692308
8280514.0,0.3959,3.0564,9.5012,0.0104,-0.0179,9.8066,0.0063,0.2846,0.006,200.38,-88.19,108.93,52.554108,-1.462587,9.37,4,61.06,22 / 22,3.1835546090906033,3.287444009765324,-0.12625694592619452,161.39152098320454,-5.4618531118661355,-7.875369695102145,False,29.500999999998385,5.286167607905052,3.355386427153658,297.8059707561179,33.71763760618735,6.2611750000011765,57.59460000001589,2.102612998814449,0.06794241738833406,136.41444977291337,39.179490718053486
8280614.0,-0.2333,1.1342,9.5773,-0.0007,-0.013,9.8066,0.0158,0.1972,0.0432,206.88,-88.2,113.2,52.554108,-1.462587,9.37,4,61.06,22 / 22,3.057303180307758,3.1829430423100793,-0.15299694592629173,161.7035638726756,-5.138333759261188,-7.88933238969482,False,29.60099999999875,5.160030646242411,3.409509954037377,298.31959065371586,34.05144477591247,6.184749999998144,56.54502999985179,2.1027274659346524,0.2265669117272977,136.61602678104026,39.18977853517366
8280714.0,0.235,1.4411,10.1004,-0.0154,-0.0207,9.8066,-0.0863,0.4234,-0.092,203.15,-88.38,111.68,52.554108,-1.462587,9.37,4,61.06,22 / 22,2.965786397410304,3.1541875554535563,-0.14977694592627996,162.0047183515626,-4.821477229371854,-7.904471084287503,False,29.700999999999112,5.017925132237499,3.5734678230195085,298.81306329186094,34.40760212606337,6.160350000000737,54.543919999949196,2.0521387348271953,0.41928026756595216,136.80834494029835,39.22907935543522
8280814.0,-0.5347,-0.5104,10.4356,-0.0202,-0.0048,9.8066,-0.0257,0.2064,0.0958,194.27,-88.58,104.85,52.554108,-1.462587,9.37,4,61.06,22 / 22,2.912300564184621,3.1946069361792437,-0.103641945926112,162.2986226996434,-4.504037504789059,-7.917142028880169,False,29.800999999999476,4.891170713953356,3.8022004774522653,299.2997074965387,34.79689556371772,6.195219444446871,52.13999999977881,1.9788701497687349,0.6075935412730216,137.0010847968953,39.30093306850678
8280914.0,1.4986,1.6674,9.8534,-0.0121,0.0059,9.8066,0.0249,0.5542,-0.2355,184.88,-88.6,95.08,52.554108,-1.462587,9.37,4,61.06,23 / 23,2.803485500702271,3.211484250255722,-0.06985694592598896,162.5844120028888,-4.183732945466145,-7.925816973472805,False,29.90099999999984,4.772705478158616,3.9837817399681756,299.77289765880903,35.19730849581981,6.2168638888884376,50.14819999993389,1.969219977456345,0.7722974897124537,137.18848565592023,39.38104144128596
8281013.0,-0.3729,2.5446,9.1773,0.0041,0.0629,9.8064,-0.0314,0.3979,-0.074,183.14,-88.3,96.03,52.554108,-1.462587,9.37,4,61.06,23 / 23,2.668233065476775,3.077633340930073,-0.09869564592603547,162.8552620719151,-3.8724216247019454,-7.934160326769494,False,30.0,4.684485757527522,4.075033057791028,300.23472963458374,35.604615511045324,6.208888888888889,48.98,2.016252692050747,0.9973997168609552,137.37946756266865,39.47703713574727
8281113.0,2.9748,0.8809,9.8914,0.0057,0.0053,9.8066,-0.0721,0.6742,-0.1738,188.93,-87.85,102.25,52.554108,-1.462587,9.37,4,61.06,23 / 23,2.462164444008123,3.000924913252569,-0.1259256459256391,163.1117819473856,-3.568493711997236,-7.945391391361914,False,30.099999999998545,4.602269159343668,4.243432406084341,300.6877049292781,36.02715623314814,6.260000000004284,47.32299999992091,2.1401047153355446,1.2425074928317716,137.5759229818925,39.595649945145375
8281213.0,3.3489,0.9104,10.6777,-0.0059,0.0231,9.8066,0.0127,0.5364,-0.0431,194.39,-87.82,110.78,52.554108,-1.462587,9.37,4,61.06,23 / 23,2.078278627376202,3.0557312902628904,-0.07813564592546515,163.33880410095563,-3.2656609018203615,-7.955594455954507,False,30.19999999999891,4.563469784066962,4.370709361196814,301.140680223928,36.46081644691452,6.318888888890728,46.235999999960214,2.48519115669076,1.314978070933924,137.80187612297235,39.72647734873488
8281314.0,-0.4408,-1.0422,10.0571,0.0177,0.0299,9.8066,0.022,0.6917,-0.2449,201.48,-87.74,118.78,52.554108,-1.462587,9.37,4,61.06,23 / 23,1.8948108918675994,3.178250108022243,-0.02149989592514686,163.53944512167857,-2.9508448412051935,-7.960626050817991,False,30.300999999999476,4.461782660680426,4.616338835345744,301.5910864050135,36.93272771550668,6.420188888890977,44.024689999731144,2.566971768812827,1.4380887273235015,138.05164128333496,39.883572556711876
8281414.0,0.4331,3.9588,10.1471,0.0095,0.0556,9.8065,0.0349,0.5409,-0.1476,204.15,-87.65,125.0,52.554108,-1.462587,9.37,4,61.06,23 / 23,1.793119884186474,3.134180159788764,0.008045104074960691,163.72384166048195,-2.635223327813495,-7.961298790410503,False,30.40099999999984,4.275140323382756,4.817065931952625,302.01012235669174,37.422318977593235,6.440650000009866,41.58976999984184,2.4820204391962815,1.6828857721638606,138.2862806962098,40.05754230540673
8281514.0,-0.348,2.2234,10.035,-0.0061,0.0126,9.8066,-0.0359,0.5163,-0.1633,206.27,-87.41,124.12,52.554108,-1.462587,9.37,4,61.06,23 / 23,1.6219154916249432,2.943927342425794,0.0364851040745469,163.89459342927003,-2.3313179527071894,-7.95907228000306,False,30.500999999998385,4.145480661959801,5.156253154200015,302.4159746990237,37.944823937947234,6.616038888887302,38.798239999995054,2.523565170334858,2.212325811774221,138.52138126975368,40.27614189065442
8281613.0,-0.3324,2.3825,9.7367,-0.0016,0.0181,9.8066,-0.0321,0.485,-0.06,205.95,-87.54,126.49,52.554108,-1.462587,9.37,4,61.06,23 / 23,1.5167275676966703,2.8129496070414417,0.044325904074559684,164.0499562607067,-2.0463525437081005,-7.955072135099672,False,30.599999999998545,4.2391695261148445,5.21276410651369,302.83764737261436,38.45120563425645,6.718888888894345,39.11899999977517,2.722441958418174,2.3998144994722486,138.78769111190766,40.49755817796456
8281715.0,2.634,-1.5752,9.8556,0.0049,0.0078,9.8066,0.0073,0.3588,-0.0512,212.4,-87.51,131.04,52.554108,-1.462587,9.37,4,61.06,23 / 23,1.377230049658358,2.9290057651716856,0.04325490407455173,164.19754809919291,-1.7535128197230168,-7.9506055138840335,False,30.701999999999316,3.9944213081506486,5.498615463210571,303.23761779695934,39.01852214935008,6.79638888889189,35.99677999996132,2.6171912584922907,2.5696096980388856,139.04006969776643,40.7720349690731
8281813.0,2.1377,0.3584,9.087,-0.0074,0.0191,9.8066,-0.0205,0.3418,-0.1284,218.46,-87.53,140.44,52.554108,-1.462587,9.37,4,61.06,23 / 23,1.196600055205235,3.206759113381053,0.010390604074566455,164.32366577433118,-1.4528603406740666,-7.947976883984728,False,30.799999999999272,3.9107372236204285,5.707640302679789,303.62190310667444,39.57427439330533,6.918888888903198,34.41799999984971,2.714137168415194,2.5008811892987364,139.29823733234326,41.027134733979395
8281914.0,1.9219,-1.1602,10.2359,-0.0345,0.0338,9.8065,-0.0827,0.3291,-0.1773,214.56,-87.51,136.3,52.554108,-1.462587,9.37,4,61.06,22 / 22,1.0352102947915922,3.4583355567919076,-0.004274595925515859,164.43637219700665,-1.1162730598284407,-7.947668025573199,False,30.90099999999984,3.8438505703674624,5.9105415430199555,304.0043629935035,40.180620328094086,7.050511111113974,33.03750999998044,2.80864027557587,2.452205986228048,139.56799079649684,41.29689338792253
8282014.0,0.861,0.4543,9.7542,-0.0473,0.059,9.8063,-0.1528,0.3742,-0.2224,209.48,-87.68,130.69,52.554108,-1.462587,9.37,4,61.06,22 / 22,0.9142863858163137,3.6545934388599135,0.01456540407421013,164.53384703103563,-0.760626610051025,-7.947153485165772,False,31.000999999998385,3.835879408287058,5.978493834397863,304.3897300352036,40.7702870241002,7.103269444441146,32.68497000001074,2.9215930224707445,2.3239003955379496,139.855883004168,41.530913634151226
8282114.0,0.4824,-2.3831,9.7971,-0.0306,0.0555,9.8064,-0.042,0.0801,-0.0756,194.53,-87.31,114.82,52.554108,-1.462587,9.37,4,61.06,22 / 22,0.830752262619947,3.863371411587855,0.011465404074198972,164.62109896345777,-0.38472836752726913,-7.945851944758346,False,31.10099999999875,3.8758892539367173,6.207638494704853,304.77509707696584,41.393089806961406,7.318294444454463,31.979759999931428,3.0451369913167703,2.3442670831169985,140.15399811350807,41.77781817448867
8282213.0,1.3264,1.0105,9.9349,-0.0231,0.0454,9.8064,-0.0118,0.1501,-0.2485,183.56,-86.93,106.48,52.554108,-1.462587,9.37,4,61.06,22 / 22,0.7093089119589222,4.011743552821296,0.017341054074208585,164.69733199159955,0.005089823211614164,-7.944426025079998,False,31.19999999999891,3.8452791101389137,6.383204882207892,305.15661044826834,42.020562779201725,7.451944444446299,31.065000000026814,3.1359701981799915,2.3714613293865954,140.45927845666878,42.01547295599011
8282314.0,0.1438,-1.0688,9.8281,-0.0135,0.043,9.8065,0.01,0.0892,-0.0815,180.22,-86.65,102.78,52.554108,-1.462587,9.37,4,61.06,22 / 22,0.5625196270233572,4.086665074698856,0.024900904074251117,164.7615593328185,0.4140594589036799,-7.942292806193488,False,31.300999999999476,4.064973226726827,6.3691205627427125,305.5733477193951,42.66082316670202,7.555780555576477,32.547100000089586,3.5024535997034696,2.2824554880438566,140.81178838657658,42.246763707798344
8282414.0,1.3667,-0.19,9.1024,-0.0106,0.0289,9.8065,-0.0789,0.0878,-0.0856,178.36,-86.52,101.38,52.554108,-1.462587,9.37,4,61.06,22 / 22,0.41494375164531533,4.211513316804441,-0.0092390959258731,164.81043250175213,0.8289683784803542,-7.941509715786066,False,31.40099999999984,4.2570161136509945,6.46802415121524,306.005972929918,43.30575374148482,7.743225000000949,33.351440000013675,3.842072362005679,2.2565108344107987,141.19554042816588,42.47678536300447
8282514.0,1.5278,-2.37,10.6372,-0.0237,0.0166,9.8066,-0.0218,-0.1298,0.0269,179.43,-86.21,98.81,52.554108,-1.462587,9.37,4,61.06,22 / 22,0.19634275381310004,4.400136151707486,-0.0029240959259649686,164.8409968270246,1.2595508518996847,-7.942117875378649,False,31.500999999998385,4.294681109574717,6.465375258181287,306.4321077481366,43.95079551048773,7.761788888886155,33.59440999999785,4.098338355761617,2.0652391064738005,141.591110921112,42.69124465858805
8282614.0,0.7908,-1.3871,10.1337,-0.0132,-0.0036,9.8066,-0.0328,0.0401,-0.0968,178.0,-85.99,97.17,52.554108,-1.462587,9.37,4,61.06,22 / 22,0.004188115192324815,4.648921309839223,0.05495590407424562,164.8510233704749,1.7120037249786662,-7.9395162849712255,False,31.60099999999875,4.409133981229693,6.603099861820921,306.87825460928843,44.606956772729156,7.939861111118326,33.732519999989016,4.404945866037368,1.9541785519816974,142.02723123881353,42.89495304775049
8282714.0,0.4275,-2.6908,9.8563,-0.0085,0.0015,9.8066,0.0338,0.1344,-0.1075,177.38,-85.98,96.47,52.554108,-1.462587,9.37,4,61.06,22 / 22,-0.13902628618821208,4.912088689745748,0.07379090407431413,164.84428146192508,2.190054224959654,-7.933078944563774,False,31.700999999999112,4.446920156042908,6.694648786571679,307.31791107810693,45.27412633307002,8.03701111111301,33.5940100000169,4.58594644223112,1.7825600968259305,142.47362961618185,43.08407210811037
8282814.0,0.7831,-0.9286,9.5664,0.0191,-0.0146,9.8066,0.0144,0.0259,-0.0093,180.63,-86.07,100.19,52.554108,-1.462587,9.37,4,61.06,22 / 22,-0.23585837537421292,4.3824581798672115,0.05462176846313754,164.82553722884688,2.654781568441993,-7.926658310936878,False,31.800999999999476,4.589945377925929,6.707102304282093,307.77771480635903,45.94140708773834,8.127288888901914,34.38545999998297,4.825803753300142,2.324644124414881,142.95217757751215,43.28662551929635
8282913.0,1.4184,-1.4306,9.8982,0.0078,-0.0036,9.8066,0.0322,-0.0449,-0.0571,186.69,-86.32,103.92,52.554108,-1.462587,9.37,4,61.06,22 / 22,-0.34151485400061915,3.8893647657989314,0.040171950693656804,164.7969572539928,3.064236804253129,-7.9219660218386085,False,31.899999999999636,4.637679238162121,6.815690375616688,308.23954678212044,46.61291324998172,8.24388888888939,34.233000000005134,4.979194092162739,2.9263256098177566,143.44258952812766,43.548676445728596
8283013.0,1.1583,-4.7366,9.8555,-0.0029,-0.0441,9.8065,-0.0748,-0.1179,-0.1641,187.36,-86.67,104.23,52.554108,-1.462587,9.37,4,61.06,22 / 22,-0.49348982774405487,4.283927888528283,0.04719195069368232,164.7552070199054,3.4729014369709765,-7.917597826769225,False,32.0,4.654024101480181,6.81564271847696,308.70604372734846,47.30232179447113,8.253055555555555,34.327,5.147513929224236,2.531714829948677,143.95083670744305,43.829420357500155
8283114.0,0.8085,-2.9543,8.9866,-0.0288,0.0235,9.8065,-0.0835,-0.2137,0.0153,182.11,-86.53,98.36,52.554108,-1.462587,9.37,4,61.06,22 / 22,-0.6223934523441133,4.750267377615508,0.008246350694164871,164.69885491426166,3.929128297905585,-7.914798192549173,False,32.10099999999875,4.764303565545508,6.741606588041645,309.18443972517247,47.97627424542586,8.255194444460317,35.24856000010063,5.386697017889621,1.991339210426137,144.4855848109108,44.04714594752028
8283213.0,-1.0882,-3.4978,10.5637,-0.0148,-0.0554,9.8064,-0.065,-0.2283,0.1027,180.16,-86.49,93.04,52.554108,-1.462587,9.37,4,61.06,22 / 22,-0.6718730739150863,5.136333478019241,0.0051278506941598865,164.63478872121172,4.418515040260297,-7.91413616958045,False,32.19999999999891,5.047135095640493,6.798203847461391,309.69312422021983,48.64778040696778,8.466944444443117,36.591000000033524,5.719008169555579,1.6618703694421502,145.0583354990081,44.22926536670749
8283314.0,-0.32,-3.253,10.7969,-0.0081,-0.065,9.8064,0.0773,-0.0812,-0.0754,176.1,-87.39,88.64,52.554108,-1.462587,9.37,4,61.06,22 / 22,-0.6854627339706671,5.540775596968618,0.09336650069465584,164.5662432629131,4.957709048550213,-7.909162204835287,False,32.300999999999476,5.220376028388978,6.574401329277423,310.21918403636704,49.29916028619312,8.39498055556763,38.450970000187674,5.905838762359645,1.0336257323088054,145.65294077345393,44.34145123764291
8283414.0,0.5285,-5.0847,9.6633,0.025,-0.0107,9.8065,0.1573,-0.3141,-0.0643,182.79,-87.39,93.02,52.554108,-1.462587,9.37,4,61.06,22 / 22,-0.7663074639544166,6.023291616176764,0.13571150069480997,164.49365475301659,5.535912409209586,-7.8977083047657715,False,32.40099999999984,5.479849393257341,6.499872889909394,310.76674327684975,49.94397966675129,8.501594444436257,40.133280000012775,6.246156857211758,0.4765812737326298,146.27308852383317,44.4080672575417
8283514.0,-0.4005,-1.7041,8.7485,0.0449,-0.0397,9.8064,-0.0836,-0.1885,0.0346,194.99,-87.38,106.2,52.554108,-1.462587,9.37,4,61.06,22 / 22,-0.7989675697963514,6.430179003537883,0.07563650069568421,164.4153910013302,6.158585940186257,-7.887140904696401,False,32.500999999998385,5.414640161962094,6.364676137028101,311.30794734155853,50.577345968702005,8.356394444445284,40.38911999995398,6.2136077317584455,-0.06550286650978165,146.89255634022834,44.41876002851575
8283614.0,0.2752,-3.9949,10.5577,-0.014,-0.0089,9.8066,-0.1635,-0.5114,0.1557,190.37,-87.87,103.46,52.554108,-1.462587,9.37,4,61.06,22 / 22,-0.7903989462202439,6.78499229524236,0.06028150069562843,164.33592267552908,6.819344505127673,-7.88034500462681,False,32.60099999999875,5.704236614347177,6.032359064200823,311.8828879245739,51.16645669088072,8.302363888892001,43.3984600002038,6.4946355605674215,-0.7526332310415373,147.5469652490448,44.34711218575305
8283714.0,-0.0217,-1.0841,10.3533,-0.0313,-0.0461,9.8064,-0.0057,-0.2555,-0.0325,179.35,-88.27,89.32,52.554108,-1.462587,9.37,4,61.06,22 / 22,-0.8326910375386056,7.108377512049324,0.1251665006958646,164.25476817634083,7.5140129954947845,-7.8710726045572015,False,32.70099999999911,6.01474082691329,5.783511619179974,312.4847365921821,51.73366201149973,8.344230555556276,46.12275000001213,6.847431864451895,-1.32486589286935,148.22996841584128,44.21964901600495
8283814.0,0.0232,-3.2065,9.4355,-0.0027,0.0412,9.8065,0.0947,-0.8374,0.171,178.21,-88.39,85.64,52.554108,-1.462587,9.37,4,61.06,22 / 22,-0.9109720215961774,7.3860041810856405,0.13394150069589658,164.16758502338377,8.238732080154168,-7.8581172044875665,False,32.800999999999476,6.100063156135988,5.74506355879765,313.1003097351919,52.311542044918085,8.379605555572697,46.71621000026775,7.011035177732166,-1.6409406222879905,148.93272471180813,44.07280996476392
8283913.0,0.8668,-7.1493,10.668,-0.0031,0.0131,9.8066,0.125,-0.6243,0.0768,184.86,-88.21,90.13,52.554108,-1.462587,9.37,4,61.06,23 / 23,-0.9985029036507261,7.966709788472364,0.1582064006959358,164.0730660145839,8.998691421648518,-7.843655883368648,False,32.899999999999636,6.451007114667568,5.585476194618862,313.7428585710548,52.850948633650404,8.533055555553101,49.11300000015782,7.449510018318294,-2.3812335938535014,149.6697925564709,43.85225721200189
8284013.0,1.2444,-2.9467,10.6536,-0.0185,0.0399,9.8065,0.0761,-0.7854,0.1521,189.67,-88.26,93.26,52.554108,-1.462587,9.37,4,61.06,23 / 23,-1.1104014581443913,8.555413713242135,0.2436214006962466,163.96762079649375,9.824797596737248,-7.823564493298965,False,33.0,6.689135063877937,5.2251850887213775,314.41218027508626,53.36244529651235,8.488055555555555,52.005,7.799536522022328,-3.3302286245207577,150.4445594785925,43.5376476997751
8284114.0,-1.5798,-7.8675,9.7862,0.0054,0.0446,9.8065,-0.0116,-0.9008,0.3567,184.03,-88.23,87.09,52.554108,-1.462587,9.37,4,61.06,23 / 23,-1.1033982584543705,9.1767912886754,0.2853596506957295,163.8558239108069,10.720273949322989,-7.796850950204002,False,33.10099999999875,6.903367633230368,4.918113411609461,315.1090185381467,53.84525366837787,8.476188888897711,54.53273000019095,8.006765891684738,-4.258677877065939,151.2531946273398,43.124979719054885
8284214.0,1.2174,-0.6993,10.3599,0.0262,0.037,9.8065,-0.0556,-0.5805,0.105,190.46,-88.5,91.76,52.554108,-1.462587,9.37,4,61.06,23 / 23,-1.1128621387056588,9.682164026250966,0.3119996506958264,163.7450108909485,11.663221715072737,-7.766982985134315,False,33.20099999999911,7.215691788824591,4.6690425349762785,315.8326296692639,54.3120499709705,8.59456944444588,57.09428000003013,8.32855392753025,-5.0131214912746875,152.0876187783154,42.64882825589776
8284314.0,-0.3138,-7.1747,10.1286,-0.0113,0.0622,9.8064,0.103,-0.9897,0.3835,189.89,-88.63,88.92,52.554108,-1.462587,9.37,4,61.06,23 / 23,-1.1479686307469856,10.154607749942734,0.3557596506959857,163.63196935247544,12.65506030388603,-7.733595020064603,False,33.300999999999476,7.388880391974928,4.521847860810549,316.5765232763893,54.7564960924417,8.66280555556508,58.53395000028699,8.536849022721913,-5.632759889132185,152.94455392391387,42.10143578855567
8284414.0,2.7187,-0.7084,9.6456,0.0159,0.0338,9.8066,0.0593,-0.5464,0.0487,197.19,-88.99,94.12,52.554108,-1.462587,9.37,4,61.06,23 / 23,-1.244270497821457,10.658780388507294,0.36380465069601503,163.51235739604658,13.695729710812317,-7.697616804994872,False,33.40099999999984,7.660955825658176,4.224322487965311,317.3407669675331,55.16758373587574,8.748513888891456,61.12713000013519,8.905226323479633,-6.434457900541983,153.82840957148653,41.47185402506342
8284513.0,-1.3278,-8.307,10.8006,0.017,0.082,9.8063,0.1566,-1.0008,0.3459,206.93,-88.67,102.68,52.554108,-1.462587,9.37,4,61.06,23 / 23,-1.1587720071970808,11.154461851659164,0.40503320069608173,163.39340679204798,14.775485201702303,-7.659559331350901,False,33.5,7.871048767479142,3.9216161324240453,318.123873361212,55.541865859299655,8.793888888888889,63.516000000000005,9.029820774676223,-7.232845719235119,154.73046656916404,40.76638065759735
8284613.0,-1.5769,-1.0252,9.4139,-0.0074,0.0262,9.8066,0.0818,-0.4159,-0.0823,217.89,-88.67,113.97,52.554108,-1.462587,9.37,4,61.06,23 / 23,-0.8430808518607871,11.57913822532962,0.43509320069564433,163.29331414909655,15.912165205535201,-7.6175530112819265,False,33.599999999998545,8.11865723072177,3.6614505177017316,318.9419332218001,55.89768962401294,8.906111111115678,65.72500000016399,8.961738082582556,-7.917687707627889,155.64861907270358,39.98552441847774
8284713.0,-0.8901,-4.6154,10.2039,0.012,0.0986,9.8061,0.0111,-0.8658,0.3191,216.91,-88.43,108.41,52.554108,-1.462587,9.37,4,61.06,23 / 23,-0.5924614853937571,11.823645425836041,0.43531820069564525,163.22153703223356,17.08230438809774,-7.5740324412122035,False,33.69999999999891,8.314576979838256,3.3628525908236355,319.7735147328615,56.23127440453927,8.96888888889075,67.9790000000423,8.907038465232013,-8.460792835012406,156.55197770062793,39.14897001644153
8284814.0,-1.7987,-5.6386,10.1092,-0.0103,-0.0053,9.8066,-0.0169,-0.1984,-0.129,214.0,-88.57,105.34,52.554108,-1.462587,9.37,4,61.06,23 / 23,-0.20267287437384668,12.263245853893181,0.4706581006958439,163.18138274706507,18.2986923977309,-7.528280637991676,False,33.800999999999476,8.542342881316213,3.053889622042158,320.63416779281914,56.523049891523634,9.07188888889749,70.32783000025249,8.745015755690059,-9.209356231851023,157.45278504575407,38.22435749379274
8284914.0,0.5825,0.4928,10.1651,0.0184,0.0745,9.8063,0.0877,-0.5396,0.2982,211.63,-88.47,101.68,52.554108,-1.462587,9.37,4,61.06,23 / 23,-0.03295203921215356,12.533964880602511,0.5037081006959642,163.16960150138573,19.538552934460196,-7.479562327921909,False,33.90099999999984,8.731400081593176,2.7365201644925574,321.51314268917633,56.78980652045462,9.150200000007345,72.59827000005754,8.764352120805329,-9.797444716109954,158.3435411877906,37.25125358599442
8285014.0,2.5907,0.2451,9.2775,-0.0046,-0.0141,9.8066,-0.0265,-0.1536,0.0049,223.2,-88.81,113.26,52.554108,-1.462587,9.37,4,61.06,23 / 23,-0.19063882160822643,12.702208771987294,0.49517310069608844,163.15842195834486,20.800361617071324,-7.429618267853033,False,34.000999999998385,8.904998441003324,2.615048073205765,322.39908123557245,57.04522126710198,9.281080555553904,73.63433999997045,9.09563726261155,-10.08716069878153,159.2406592772276,36.244859650030655
8285113.0,0.7004,-2.8417,9.2087,-0.0022,-0.0111,9.8066,-0.0477,-0.3729,0.2247,231.43,-89.11,122.0,52.554108,-1.462587,9.37,4,61.06,23 / 23,-0.204756535950787,12.990995208036898,0.4393816506959983,163.13884988814567,22.072175214084577,-7.38335780765905,False,34.099999999998545,9.091030753664366,2.3428074932069536,323.30266553613967,57.265387222046456,9.388055555561234,75.54900000012914,9.295787289615154,-10.648187714829945,160.163815647994,35.193212007961876
8285213.0,0.143,-0.9526,9.0413,0.0279,-0.0247,9.8066,-0.0989,-0.0783,0.1547,247.58,-89.42,137.25,52.554108,-1.462587,9.37,4,61.06,23 / 23,-0.054755864795996534,13.225026478145509,0.3712166506957504,163.12587426810828,23.382976298398468,-7.342827892589315,False,34.19999999999891,9.235389299903808,2.0772202692841217,324.22889860129976,57.46553809064588,9.466111111111182,77.32399999999683,9.290145164699805,-11.147806208861386,161.10302433319148,34.08256179224741
8285314.0,1.758,-3.0348,10.751,-0.0172,-0.0337,9.8065,0.1242,-0.367,0.1402,304.48,-89.31,-166.97,52.554108,-1.462587,9.37,4,61.06,23 / 23,0.22736715364837157,13.293330947135198,0.3802561506958012,163.13459113819536,24.72215334838267,-7.304878516118828,False,34.300999999999476,9.235310529267434,2.1040917508223305,325.1578359967399,57.6786987640387,9.472000000022117,77.1650000001659,9.007943375619062,-11.189239196312867,162.02324485854453,32.95654541565603
8285414.0,0.8548,-2.3463,9.7287,-0.0043,-0.0406,9.8065,0.0119,0.0148,-0.0358,324.29,-88.91,-147.08,52.554108,-1.462587,9.37,4,61.06,23 / 23,0.5100366461969933,11.232844391567467,0.360039728091565,163.17146132818777,25.948462115322265,-7.267863722179325,False,34.40099999999984,9.481235577113745,1.9014148778407163,326.1044191460007,57.86750774964887,9.670030555555726,78.66004000005626,8.971198930916751,-9.33142951372675,162.9329578178129,31.919045634326608
8285514.0,2.073,-1.6779,9.4103,-0.0085,0.0066,9.8066,-0.0459,-0.1509,0.1194,338.72,-88.64,-134.62,52.554108,-1.462587,9.37,4,61.06,23 / 23,0.8329873009083257,11.099243061547385,0.3363247280919101,163.23861252554207,27.065066487961758,-7.233045499370658,False,34.500999999998385,9.517097291980951,1.7372422693095744,327.0578307288332,58.034300139555995,9.674355555553568,79.65515999999822,8.684109991072626,-9.362000792237811,163.81921820329114,30.969233651594237
8285614.0,0.0033,-0.1882,9.7005,-0.0126,0.0155,9.8066,-0.0646,0.0019,-0.0215,348.33,-88.7,-122.8,52.554108,-1.462587,9.37,4,61.06,23 / 23,0.8911724688259848,9.356605343674536,0.2645197688780459,163.32482051402908,28.087858908226575,-7.203003274522051,False,34.60099999999875,9.648676736541717,1.7392118139305872,328.0246963541336,58.2008701396327,9.804194444452895,79.78180000008757,8.757504267715731,-7.617393529743949,164.6998758401045,30.113011231406123
8285714.0,1.5364,-0.1483,9.6316,-0.0274,0.0162,9.8065,-0.0804,0.0215,-0.0811,1.86,-88.94,-110.35,52.554108,-1.462587,9.37,4,61.06,23 / 23,1.0457430917763213,9.27951591848746,0.2504597688779948,163.42166629205954,29.019664971338067,-7.177254297634155,False,34.70099999999911,9.79443585581188,1.5591638031298425,328.9983904128579,58.345423543992794,9.917763888890619,80.95501000001057,8.748692764035559,-7.720352115357618,165.57672412079833,29.325758572654728
8285814.0,1.565,-1.5436,9.898,0.0052,-0.0041,9.8066,0.0943,0.1367,-0.1063,11.69,-89.15,-99.97,52.554108,-1.462587,9.37,4,61.06,23 / 23,1.2461295947785658,9.10575783234433,0.24627476887797967,163.53625992638771,29.938928658883,-7.152417570746266,False,34.800999999999476,9.8898523260017,1.4857122222466608,329.98574133882283,58.48997694906669,10.000830555577028,81.4564700000605,8.643722731223134,-7.620045610097669,166.44948141243512,28.551048290183687
8285914.0,-0.669,-0.6195,10.6404,0.032,-0.0006,9.8065,0.0458,0.1354,-0.1555,336.67,-89.16,-135.08,52.554108,-1.462587,9.37,4,61.06,23 / 23,1.362505407480828,8.91810346342167,0.29252976887814797,163.66669167650116,30.840121723674578,-7.125477343858361,False,34.90099999999984,10.093606199892498,1.4181297151379675,330.9997975245467,58.634307963576816,10.1927444444427,82.00243000002482,8.73110079241167,-7.499973748283702,167.33310584804553,27.79418623990224
8286014.0,1.3814,-1.4194,9.9058,-0.003,-0.0451,9.8065,-0.0205,0.4051,-0.1675,317.5,-89.17,-155.77,52.554108,-1.462587,9.37,4,61.06,23 / 23,1.5365710936237185,8.855329057846106,0.3391747688774692,163.81164550155427,31.728793349725034,-7.09389211697104,False,35.000999999998385,10.074359021332127,1.3365833717372808,332.0071604931982,58.756733578695076,10.162636111110054,82.44258999999758,8.537787927708408,-7.518745686108825,168.19551499164396,27.027940228970042
8286113.0,3.5987,-0.2322,9.8545,0.0119,-0.0542,9.8064,-0.0729,0.0099,-0.0347,324.38,-88.8,-146.89,52.554108,-1.462587,9.37,4,61.06,23 / 23,1.8809185011009155,8.938805814104967,0.346451268877481,163.98081123649342,32.609603025888035,-7.059953628102115,False,35.099999999998545,10.145897848031893,1.3177220592068994,333.0044498323372,58.88883315082243,10.231111111116851,82.60000000000407,8.264979346930978,-7.621083754898067,169.02363859584375,26.279230124934394
8286213.0,-0.1646,0.6231,10.1926,0.0072,0.0046,9.8066,-0.0017,-0.018,0.0699,323.48,-88.86,-147.84,52.554108,-1.462587,9.37,4,61.06,23 / 23,2.104477749404091,9.043912634546016,0.36814126887756,164.1800810490194,33.50873894832385,-7.024224001214233,False,35.19999999999891,10.225422652224099,1.3178890633955778,334.02533445161043,59.02226706275077,10.310000000001748,82.65599999998085,8.120944902820007,-7.726023571150439,169.84525340259103,25.51352811442692
8286314.0,0.8275,0.499,9.762,0.0261,0.0114,9.8065,-0.0628,0.0809,0.0492,324.1,-88.72,-146.42,52.554108,-1.462587,9.37,4,61.06,23 / 23,2.1948130880931576,9.098911739975525,0.38537691887765696,164.39719523631425,34.42495157924234,-6.986171332732381,False,35.300999999999476,10.296192608087354,1.5184642740394334,335.070152392553,59.179274299382634,10.407569444460574,81.61049000008285,8.101379519994197,-7.580447465936092,170.67295715623874,24.754322720140294
8286414.0,1.0978,-2.4662,10.6878,0.0344,-0.0272,9.8065,-0.043,0.1957,-0.1115,325.22,-88.66,-147.05,52.554108,-1.462587,9.37,4,61.06,23 / 23,2.424663226034954,9.061804891364275,0.4272019188778092,164.6281690520215,35.332987410812635,-6.94554239084446,False,35.40099999999984,10.457742852073071,1.4048701511970139,336.1113194877128,59.312819406935695,10.551686111109664,82.34880999998214,8.033079626038116,-7.656934740167261,171.48315043569133,23.97983199612306
8286514.0,1.1839,1.0115,9.4963,-0.0261,-0.0235,9.8065,0.0872,0.2876,-0.2119,320.26,-88.45,-151.72,52.554108,-1.462587,9.37,4,61.06,23 / 23,2.649063318049944,9.060174827344241,0.45574191887739385,164.88185537922203,36.239086396734876,-6.901395198957342,False,35.500999999998385,10.425710959842409,1.4586014490505177,337.15262179933444,59.457261616362004,10.527249999998258,82.0357399999958,7.776647641792465,-7.601573378293724,172.2707664201124,23.218175219627128
8286614.0,-1.7029,-1.6632,10.6502,-0.025,-0.0256,9.8065,0.1469,0.1544,-0.1583,310.22,-88.47,-162.26,52.554108,-1.462587,9.37,4,61.06,23 / 23,2.7665559238909045,9.022364830963552,0.4824019188774909,165.15263634132006,37.14321337965355,-6.854488007069428,False,35.60099999999875,10.544759527418938,1.4253515662230558,338.20737815347786,59.59091791815932,10.640661111116017,82.30192999996237,7.778203603528033,-7.597013264740496,173.0547418121578,22.447704538505768
8286714.0,0.8402,1.5501,9.4994,0.0226,-0.0238,9.8066,-0.1229,0.2524,-0.0513,310.1,-88.34,-162.26,52.554108,-1.462587,9.37,4,61.06,23 / 23,2.838258067460928,8.99839256656122,0.5092169188775885,165.43287704088868,38.04425124953307,-6.804907065181493,False,35.70099999999911,10.598141257706368,1.526542217753345,339.26896294100607,59.74647962001276,10.707519444447417,81.80352000000742,7.75988319024544,-7.471850348807875,173.83608590011738,21.702228370479688
8286814.0,0.2134,-0.2766,9.1423,0.0186,-0.0048,9.8066,-0.1274,0.1016,-0.0165,312.29,-88.43,-160.2,52.554108,-1.462587,9.37,4,61.06,23 / 23,2.919048377969065,9.089992635357955,0.4606369188774118,165.72074236316124,38.948670509632315,-6.756414373293567,False,35.800999999999476,10.745731246918215,1.4824491591554256,340.3439341627858,59.89114421931895,10.847513888895186,82.14525999992546,7.82668286894915,-7.60754347620253,174.62319179962455,20.942473709686638
8286914.0,2.2942,1.321,9.8431,0.0095,0.0031,9.8066,0.0011,0.0493,-0.0779,310.7,-88.58,-161.91,52.554432,-1.461703,10.6,4,80.46,22 / 22,3.0568560388613766,9.229072409233988,0.4292419188772977,166.01953758400384,39.864623761865246,-6.7119204314056695,False,35.90099999999984,10.78430012783898,1.6154156375798798,341.419040600891,60.04681711680398,10.904619444448537,81.48080000001569,7.727444088977604,-7.6136567716541075,175.39950301688714,20.182193354938732
8287014.0,0.539,-1.9488,10.0614,0.0134,0.0334,9.8066,0.0272,-0.1294,0.1341,303.19,-88.62,-169.32,52.554432,-1.461703,10.6,4,80.46,22 / 22,3.2722249916056216,9.346297593800244,0.44380191887708587,166.3359916355226,40.793392262003444,-6.668268239518586,False,36.000999999998385,10.864240142982142,1.57342819387101,342.50753347308904,60.20249001427932,10.977586111110131,81.75934999999794,7.59201515137652,-7.772869399929235,176.17154183756645,19.409097752275876
8287114.0,3.7549,0.4913,9.5897,0.0149,0.0235,9.8065,0.0153,0.0655,0.0289,303.31,-88.55,-169.13,52.554432,-1.461703,10.6,4,80.46,22 / 22,3.544286387747439,9.50997145599004,0.44569191887709286,166.67681720449147,41.736205714496386,-6.623793547630715,False,36.10099999999875,10.931315651623457,1.5589270945467624,343.5960939536888,60.35838530094376,11.041930555561638,81.88377999993158,7.387029263876018,-7.951044361443278,176.91927674919734,18.622179586447373
8287214.0,1.1368,-0.7067,10.9288,0.0092,0.0141,9.8066,0.0173,-0.0068,-0.0252,293.27,-88.47,-179.67,52.554432,-1.461703,10.6,4,80.46,22 / 22,3.7721892097804526,9.7505331913638,0.49095191887725764,167.0426409843692,42.69923094686758,-6.576961355742827,False,36.20099999999911,10.985790986927404,1.746194752336948,344.6914152594158,60.536297183979066,11.123705555556926,80.9683899999945,7.213601777146951,-8.004338439026853,177.6487742750466,17.837066237111486
8287314.0,0.7291,1.6415,8.9284,0.0157,-0.0105,9.8066,0.018,0.2142,-0.0337,287.02,-88.39,176.82,52.554432,-1.461703,10.6,4,80.46,22 / 22,3.84447465521769,9.892178375853721,0.5031469188773021,167.4234741776205,43.68136652523203,-6.527256413854918,False,36.300999999999476,11.0422626913195,1.8067902567614136,345.79356499888934,60.71432026127206,11.189105555567169,80.70734999997069,7.1977880361018105,-8.085388119092308,178.37009082126883,17.032953736040028
8287414.0,2.7978,0.966,9.9805,-0.0073,-0.0039,9.8066,0.0646,0.023,-0.0206,290.35,-88.14,179.71,52.554432,-1.461703,10.6,4,80.46,22 / 22,3.864133888262608,10.145727901475848,0.467926918877174,167.8089046047959,44.68326183910215,-6.478702721967017,False,36.40099999999984,11.136901261666168,1.8749370898908295,346.9091011722353,60.90335163673198,11.29362500000319,80.44366999999254,7.27276737340356,-8.270790811585018,179.10019656743938,16.220089797629832
8287514.0,2.0894,1.4167,10.1627,-0.0036,-0.0201,9.8066,-0.0507,0.2035,-0.0687,293.7,-88.05,-176.25,52.554432,-1.461703,10.6,4,80.46,22 / 22,3.931311576614147,10.45954677856514,0.49442191887678844,168.1986768780341,45.71352557308921,-6.430585280080019,False,36.500999999998385,11.18842855991171,1.9119467355319903,348.02470495385523,61.092605401350816,11.350630555554591,80.30267000001426,7.257116983297562,-8.54760004303315,179.82602807582114,15.37907982826161
8287614.0,0.4762,1.0888,9.5851,0.0102,-0.0014,9.8066,-0.0399,0.14,0.0309,295.58,-88.08,-175.07,52.554432,-1.461703,10.6,4,80.46,22 / 22,3.958143510707973,10.66640470914673,0.501146918876813,168.59314963240163,46.76982314747865,-6.380806838192158,False,36.60099999999875,11.21850559622406,2.1041310295751128,349.14706956093823,61.30387576241243,11.414125000007939,79.37709999998589,7.260362085516087,-8.562273679571618,180.5539199285366,14.534052614933785
8287714.0,0.7715,-1.1809,9.7905,0.0103,-0.0189,9.8066,-0.1015,0.2391,-0.0018,298.86,-87.99,-171.06,52.554432,-1.461703,10.6,4,80.46,22 / 22,4.079760198416739,10.75038371332547,0.4892619188767698,168.99504481785934,47.840662568606156,-6.331286396304299,False,36.70099999999911,11.315867790404537,2.162063993107775,350.27619499313005,61.515368513979,11.520569444445645,79.18318999998773,7.236107591987798,-8.588319720217694,181.2811501752707,13.674705945372843
8287814.0,1.5986,1.8332,9.7447,-0.0316,0.0094,9.8066,-0.1071,0.0438,0.1077,294.84,-87.94,-173.07,52.554432,-1.461703,10.6,4,80.46,22 / 22,4.190359744196387,10.90099531280121,0.48535691887675564,169.4085508149915,48.92323151991643,-6.282555454416445,False,36.800999999999476,11.349105598991718,2.2868498454947646,351.41201364255306,61.748766664260785,11.577213888891869,78.6074299999937,7.158745854795331,-8.614145467306447,182.00346282756158,12.825535144344357
8287914.0,0.0465,0.43,9.6089,-0.0047,0.0102,9.8066,0.01,-0.1057,-0.0072,300.4,-88.33,-168.06,52.554432,-1.461703,10.6,4,80.46,23 / 23,4.21366291845432,11.057977814474551,0.4723719188767085,169.82875194812556,50.02118017628421,-6.234669012528598,False,36.90099999999984,11.37446857408753,2.305345733610071,352.5479675083059,61.97149010249148,11.605750000010428,78.54277999995395,7.16080565563321,-8.75263208086448,182.71921556018032,11.950309926207268
8288013.0,1.9253,1.2409,9.857,0.0053,0.0015,9.8066,0.0381,0.0798,0.0226,298.73,-88.36,-169.74,52.554432,-1.461703,10.6,4,80.46,23 / 23,4.278943130988088,11.213536147641891,0.46507561887669674,170.24913594757365,51.12362011741076,-6.188265359409729,False,37.0,11.520637096299058,2.5057974569741313,353.6858144051426,62.22468095060763,11.790000000000001,77.729,7.24169396531097,-8.70773869066776,183.43667845756895,11.101060833196868
8288114.0,0.9353,0.0215,9.8175,0.01,0.002,9.8066,-0.0014,-0.0154,-0.0197,297.74,-88.18,-168.53,52.554432,-1.461703,10.6,4,80.46,23 / 23,3.7258774784674227,9.693119831579672,0.3979412860451597,170.65337938834614,52.179406244348364,-6.144683005711715,False,37.10099999999875,11.57517982773879,2.429782747818877,354.85347654166316,62.47186727294635,11.827463888892742,78.14501999994079,7.849302349271367,-7.263337083760796,184.20009715331702,10.292461028597984
8288214.0,0.525,0.6806,9.8766,0.0116,0.0057,9.8066,0.046,0.0872,0.048,299.06,-88.12,-169.72,52.554432,-1.461703,10.6,4,80.46,23 / 23,3.82051330768911,9.80634566745134,0.4019812860451745,171.03069892765535,53.15437951930346,-6.104686877107053,False,37.20099999999911,11.591702979282475,2.601830477095474,356.00971288330413,62.72783799283324,11.880119444447041,77.34932999998804,7.7711896715933655,-7.204515190355867,184.97901395564878,9.573458473529776
8288314.0,0.7255,-0.2924,9.3155,0.0109,-0.0042,9.8066,-0.0458,-0.01,-0.0812,296.53,-87.93,-171.96,52.554432,-1.461703,10.6,4,80.46,23 / 23,3.9232591621605843,9.904557220227595,0.38092128604509795,171.41788755114925,54.13992466369099,-6.065541748502397,False,37.300999999999476,11.684363036303829,2.742197996465146,357.1792680509432,63.005602919996235,12.001836111109913,76.79231000004766,7.761103874143244,-7.162359223762449,185.76138049979397,8.865678256305245
8288414.0,0.4067,1.7921,9.6411,0.0111,0.0201,9.8066,0.0546,-0.0122,0.1029,286.24,-87.8,-180.0,52.554432,-1.461703,10.6,4,80.46,23 / 23,3.95810282812952,10.017608937775561,0.34808628604497854,171.8119556506652,55.13603297159477,-6.02909136989776,False,37.40099999999984,11.69515773575636,2.6556624578454073,358.3423328261188,63.261796030440614,11.992911111121195,77.20675999993142,7.737054907626841,-7.361946479930154,186.53037717545362,8.125763058845841
8288514.0,0.4719,-2.0464,10.7273,0.0036,-0.0051,9.8066,0.0172,-0.1787,-0.0125,290.42,-87.71,-175.77,52.554432,-1.461703,10.6,4,80.46,23 / 23,4.065678278290572,10.095825233059792,0.38584128604442913,172.21314470598037,56.141704680121904,-5.992394991293823,False,37.500999999998385,11.809391644744242,2.9441390020602087,359.52540964416175,63.561799943125514,12.170861111111494,76.00125999999044,7.74371336645367,-7.151686230999583,187.31226493818139,7.42009526300361
8288613.0,1.9151,1.2316,9.9493,-0.0059,0.0252,9.8066,0.104,-0.2147,0.0911,286.29,-87.68,-179.8,52.554432,-1.461703,10.6,4,80.46,23 / 23,4.219812837021807,10.23717920410854,0.4384746360445142,172.623276516189,57.14818839976336,-5.951591353150354,False,37.599999999998545,11.816474800502776,2.8105050102800377,360.6900294093137,63.83700738698562,12.146111111122309,76.62099999993671,7.59666196348097,-7.426674193828502,188.0667528931247,6.688818987222255
8288713.0,0.0231,-1.6521,8.4336,0.0127,0.0303,9.8065,-0.0564,-0.3182,0.1796,286.06,-87.65,-179.97,52.554432,-1.461703,10.6,4,80.46,23 / 23,4.349280023500092,10.374992619625777,0.3769546360442904,173.05173115921667,58.17879699095383,-5.910819889545765,False,37.69999999999891,11.921593030658954,3.027477433666954,361.886695486194,64.14835318124814,12.300000000000765,75.7510000000024,7.572313007158862,-7.347515185958823,188.83496432697734,5.969556190294313
8288813.0,1.5199,3.9389,10.5216,-0.008,0.0321,9.8066,-0.0819,-0.3017,0.1435,285.5,-87.84,-178.26,52.554432,-1.461703,10.6,4,80.46,23 / 23,4.341172394849055,10.530048118009853,0.3440496360441707,173.4862537801357,59.22404902783941,-5.874769675941211,False,37.79999999999927,11.969213903205224,3.010234411014662,363.07660073796603,64.44857948313089,12.341944444451993,75.882999999944,7.628041508356169,-7.519813706995191,189.59034695783032,5.224530455291472
8288913.0,0.772,-0.7428,9.5153,0.0153,0.0659,9.8064,-0.0073,-0.4282,0.3966,290.95,-87.94,-174.9,52.554432,-1.461703,10.6,4,80.46,22 / 22,4.30385529344523,10.726031324855288,0.3652296360442478,173.918505164552,60.286852999986536,-5.839305712336661,False,37.899999999999636,12.008706333569595,3.134748986226032,364.2732668148606,64.75992527810276,12.411111111119842,75.36999999994336,7.704851040124365,-7.591282338629256,190.35476165030863,4.47307227811622
8289014.0,1.9036,1.761,9.5536,0.0284,0.0386,9.8065,-0.0441,-0.2717,0.0673,297.8,-87.69,-165.93,52.554432,-1.461703,10.6,4,80.46,22 / 22,4.4080803382968545,10.914011887726936,0.33773743604458845,174.3584579139495,61.379675182208395,-5.803805875196614,False,38.000999999998385,12.104803048193741,3.3939981880551326,365.4956240278421,65.10785420321665,12.571619444443668,74.33730999999187,7.6967227098968864,-7.520013699671804,191.1371661138926,3.728179021008252
8289114.0,1.0905,-1.6014,10.6839,0.0095,0.0666,9.8064,0.0867,-0.4722,0.3491,290.05,-87.65,-173.46,52.554432,-1.461703,10.6,4,80.46,22 / 22,4.5563518266712535,11.101803901701055,0.368947436044702,174.80667952219954,62.4804659716838,-5.768471631592021,False,38.10099999999875,12.184049166899534,3.296923317731211,366.71257258078475,65.43054188050822,12.622236111113272,74.85874999996845,7.627697340228281,-7.804880583969844,191.9058930585852,2.9500759088244166
8289214.0,1.1945,3.9656,8.8516,0.0085,0.0398,9.8065,-0.0517,-0.0867,0.035,294.7,-87.62,-168.33,52.554432,-1.461703,10.6,4,80.46,22 / 22,4.581984678827334,11.30387409244631,0.3650574360446878,175.26359634747612,63.600749871395244,-5.731771387987418,False,38.20099999999911,12.187977551915097,3.3954361592822937,367.92958874179374,65.77535734768497,12.65211111111322,74.43278999998901,7.605992873087763,-7.908437933164016,192.6659923943176,2.1746074762897294
8289314.0,0.3152,-0.836,10.3369,-0.0124,0.053,9.8064,0.0748,-0.3589,0.1605,289.13,-87.76,-175.87,52.554432,-1.461703,10.6,4,80.46,22 / 22,4.557998899244451,11.484047718528128,0.34381743604461057,175.72059552638137,64.74014596194812,-5.696327644382825,False,38.300999999999476,12.25301236830005,3.5330275586347373,369.15336572828693,66.13118111311316,12.752200000012042,73.91564999998508,7.695013469055599,-7.951020159893391,193.43277020190556,1.3910351511650418
8289413.0,1.0085,4.5029,9.3992,0.0193,-0.0067,9.8065,-0.0463,0.2061,-0.0981,288.97,-87.71,-175.48,52.554432,-1.461703,10.6,4,80.46,22 / 22,4.491242840904429,11.650626017845372,0.3498960360446205,176.16853299251946,65.88531231190045,-5.661988827514352,False,38.399999999999636,12.348249039748497,3.591705117693292,370.3715312296104,66.4834466408362,12.860000000004428,73.7819999999952,7.857006198844068,-8.05892090015208,194.20299823709095,0.5981343289357568
8289513.0,0.3427,-2.2965,9.9501,0.0194,0.0468,9.8065,-0.0363,-0.3156,0.168,289.78,-87.57,-176.93,52.554432,-1.461703,10.6,4,80.46,22 / 22,4.493263519269732,11.794480970747044,0.3366960360445726,176.6177583105298,67.05756766133433,-5.627659223909768,False,38.5,12.420566503665084,3.6334397639366927,371.6155230835607,66.85038989934533,12.94111111111111,73.694,7.927302984395352,-8.161041206810351,194.99776477303087,-0.2071777619890014
8289614.0,2.6809,0.4141,9.6897,0.0165,-0.0057,9.8066,-0.0634,0.2795,-0.0592,291.23,-87.5,-175.5,52.554432,-1.461703,10.6,4,80.46,22 / 22,4.724216067955521,11.949762295982428,0.33803428604455615,177.0832410296789,68.25665194628931,-5.593585342644689,False,38.60099999999875,12.470586862881158,3.6250141610786106,372.8719548561844,67.20999429156487,12.986780555560523,73.79166999995303,7.746370794925636,-8.324748134903817,195.7887138265055,-1.0466576547244415
8289714.0,0.1228,-2.3075,10.5251,-0.0107,0.0297,9.8066,-0.0442,-0.1447,0.1139,290.88,-87.45,-175.87,52.554432,-1.461703,10.6,4,80.46,22 / 22,4.949444891166251,12.090035548788126,0.36810928604466564,177.56692407763674,69.45864183853222,-5.558278164040099,False,38.70099999999911,12.49472504182524,3.7806521608541606,374.11608192664266,67.58816823672367,13.054175000002363,73.16524000000051,7.545280150658988,-8.309383387933966,196.54915784900592,-1.8704736018085413
8289814.0,1.744,1.5723,8.7509,-0.0182,0.0018,9.8066,-0.1339,0.2096,-0.0353,292.29,-87.67,-171.44,52.554432,-1.461703,10.6,4,80.46,22 / 22,5.106157988111819,12.20756522823202,0.35124428604460434,178.06970422160248,70.67352187738764,-5.522310485435505,False,38.800999999999476,12.602504220738261,3.8088883284964106,375.37359543136483,67.97735048014572,13.165519444450188,73.18348999993906,7.4963462326264425,-8.39867689973561,197.30389120976236,-2.696171397241926
8289914.0,-0.2776,1.3752,9.3995,-0.0264,0.0183,9.8066,0.0007,-0.0198,0.0261,292.7,-87.91,-171.32,52.554432,-1.461703,10.6,4,80.46,22 / 22,4.322048660943243,10.516909445339623,0.2363843931376875,178.54111455405695,71.80974561107035,-5.492929051476284,False,38.90099999999984,12.615546341229518,3.9456911245004402,376.63124415235995,68.36675511405463,13.218194444451449,72.63223999996774,8.293497680286276,-6.571218320839183,198.090129598303,-3.442990497015728
8290014.0,1.3947,-1.2114,9.6636,0.0161,-0.0012,9.8066,0.0254,0.1993,-0.1206,292.09,-87.89,-170.27,52.554432,-1.461703,10.6,4,80.46,22 / 22,4.4225959810549265,10.613666058356683,0.2088743931380879,178.9783467861505,72.8662743862398,-5.470666112162819,False,39.000999999998385,12.694667954275157,4.108665318559033,377.90234691572414,68.7781763422564,13.343005555553935,72.06564999999442,8.272071973220232,-6.505000739797651,198.92400012957364,-4.088098043983393
8290113.0,0.8597,0.9816,9.6771,0.0193,0.0237,9.8065,0.0361,0.1741,-0.1064,286.37,-87.8,-175.7,52.554432,-1.461703,10.6,4,80.46,22 / 22,4.553128432613649,10.755023284651688,0.19538069313806614,179.4226451446278,73.92402450872042,-5.450655485392117,False,39.099999999998545,12.820475824805289,4.060246033293643,379.1673649364901,69.18548335824144,13.44805555555505,72.42699999995757,8.26734739219164,-6.694777251358046,199.7447197918623,-4.73854115047898
8290213.0,-0.5952,-0.1802,10.633,0.0044,0.0105,9.8066,0.0861,0.1337,-0.1089,287.0,-87.78,-175.13,52.554432,-1.461703,10.6,4,80.46,22 / 22,4.600527417831192,10.828643514123225,0.23022069313819288,179.88032793715172,75.0032078486631,-5.429375416078226,False,39.19999999999891,12.771900062709909,4.18832146443264,380.44516091690537,69.59690458715784,13.441111111112674,71.84399999999552,8.171372644878716,-6.640322049690585,200.56483297975365,-5.406303261505258
8290314.0,1.4164,0.6963,9.6772,0.011,-0.0009,9.8065,-0.0272,0.1407,0.0227,287.85,-87.57,-174.03,52.554432,-1.461703,10.6,4,80.46,22 / 22,4.67281997158992,10.92515708089037,0.2654141431383906,180.3486319803201,76.10177477871746,-5.404345856846119,False,39.300999999999476,12.83604124608419,4.2696506497697015,381.73587007380706,70.03479020818561,13.52752500000642,71.60132000003672,8.16322127449427,-6.655506431120669,201.38723809348696,-6.066984570531844
8290414.0,0.7724,-0.5915,9.4765,-0.0107,0.0034,9.8066,-0.0581,-0.0089,0.0747,289.19,-87.45,-174.62,52.554432,-1.461703,10.6,4,80.46,22 / 22,4.786017087980254,11.076962941692525,0.24243414313830702,180.82157383330033,77.2018807798506,-5.378953442532191,False,39.40099999999984,12.9139273078713,4.217223427181352,383.0269848800403,70.45777570784672,13.585130555556288,71.91483999991507,8.127910219891046,-6.859739514511173,202.20541104673995,-6.744105072003876
8290514.0,1.116,1.9245,10.0426,-0.0081,-0.0105,9.8066,0.005,0.211,-0.0815,288.89,-87.42,-174.3,52.554432,-1.461703,10.6,4,80.46,22 / 22,4.838096297081608,11.233872692423983,0.23772414313837562,181.30277950254643,78.31742256154018,-5.354945528218707,False,39.500999999998385,12.81356091433947,4.5571068681508775,384.29835807638943,70.92446081620784,13.599813888886203,70.42210999998761,7.975464617257862,-6.676765824273105,202.995578573843,-7.392961745332343
8290614.0,0.7732,0.0319,9.4704,0.0248,0.028,9.8066,0.0521,-0.0161,-0.0313,288.94,-87.36,-174.65,52.554432,-1.461703,10.6,4,80.46,22 / 22,4.131414982482742,9.691103827620703,0.1978027716676038,181.75125506652628,79.36367138754622,-5.333169182478328,False,39.60099999999875,13.039764580156179,4.435627217319964,385.6030621416551,71.35856580975054,13.77356111110868,71.21363999991569,8.908349597673437,-5.255476610300739,203.8518070751288,-8.005105577795675
8290714.0,-0.2852,2.5108,8.9129,0.0064,0.0006,9.8066,-0.0502,0.2164,-0.0584,289.6,-87.3,-174.03,52.554432,-1.461703,10.6,4,80.46,22 / 22,4.104019027229799,9.802736683353675,0.13630277166738014,182.1630267670134,80.33836341309848,-5.316463905311518,False,39.70099999999911,12.921082775424752,4.6790568117290805,386.89444738091646,71.83648160476807,13.742200000002297,70.09334000000915,8.817063748194954,-5.123679871624595,204.73142061390305,-8.50188180833041
8290814.0,0.3604,-0.1562,10.0761,-0.0247,0.0181,9.8066,-0.0426,-0.132,0.1,286.33,-87.46,-175.37,52.554432,-1.461703,10.6,4,80.46,22 / 22,4.077045906072049,9.894278525339685,0.10508777166726668,182.57208001368,81.32321417353673,-5.304394378144742,False,39.800999999999476,13.057480092109824,4.618910659412321,388.1925934456327,72.2926031933144,13.850350000003871,70.51944999996074,8.980434186037774,-5.275367865927364,205.62051343195273,-9.03061098022232
8290914.0,-0.2227,0.1555,9.8157,-0.0149,-0.0107,9.8066,-0.0034,0.2466,-0.0877,285.68,-87.43,-176.41,52.554432,-1.461703,10.6,4,80.46,22 / 22,4.16097663467401,9.951370397270482,0.1190127716673174,182.98398114071878,82.31549661967084,-5.293189350977972,False,39.90099999999984,13.061217304676001,4.711215755056898,389.49736511896384,72.77074137819436,13.884919444443991,70.16548999998595,8.900240670001992,-5.240154642213584,206.51338397824506,-9.54475524147648
8291014.0,-0.4356,-2.23,9.8525,0.0324,0.0361,9.8065,0.0693,-0.1501,0.0339,283.42,-87.4,-178.06,52.554432,-1.461703,10.6,4,80.46,22 / 22,4.334420434469304,9.948355077328575,0.12175777166727746,183.40875099416976,83.31048289338631,-5.2811508238114175,False,40.000999999998385,13.032798960401903,4.765661565314501,390.7954435752177,73.24887956305925,13.876794444444673,69.91421000000426,8.6983785259326,-5.182693512014074,207.38669258104792,-10.06160333032706
8291113.0,0.6088,1.4448,10.2278,0.0229,-0.006,9.8066,0.0553,0.1706,-0.0934,286.91,-87.44,-175.13,52.554432,-1.461703,10.6,4,80.46,22 / 22,4.457393473523977,10.002665290503158,0.14487427166731487,183.84394578261615,84.29805840159557,-5.267952537666334,False,40.099999999998545,12.99575263776823,4.823268306753064,392.0805412471281,73.72223636545971,13.86194444444895,69.63799999997221,8.538359164244254,-5.1793969837500935,208.23659546451196,-10.575822036135861
8291213.0,1.1883,1.3985,9.0662,0.0024,0.0242,9.8065,0.1164,-0.2039,0.0859,284.67,-87.42,-176.85,52.554432,-1.461703,10.6,4,80.46,22 / 22,4.426191831956793,10.178900254905178,0.12890927166725688,184.2881250478918,85.30713667886965,-5.2542633604995554,False,40.19999999999891,13.021235278331618,4.931745493883573,393.3786197034034,74.22261353518924,13.923888888888364,69.2559999999985,8.595043446374824,-5.247154761021605,209.09049465551158,-11.084523143680414
8291313.0,0.8138,1.9492,9.991,-0.0183,-0.0148,9.8066,-0.0947,0.1264,-0.0096,285.5,-87.35,-174.3,52.554432,-1.461703,10.6,4,80.46,22 / 22,4.371591926014282,10.371263606312217,0.10110427166715578,184.72801423579196,86.33464487193426,-5.242762683332793,False,40.29999999999927,12.987076139092311,4.940331806424024,394.6699373345994,74.71187121256527,13.895000000005245,69.17300000000448,8.61548421307803,-5.430931799888193,209.94192309880745,-11.622773659368988
8291413.0,0.2773,-0.6117,9.3367,0.001,0.022,9.8066,-0.0448,-0.106,0.1195,283.01,-87.25,-178.36,52.554432,-1.461703,10.6,4,80.46,22 / 22,4.401734306015104,10.496221353954407,0.0868242716671039,185.16668054739503,87.37801911995139,-5.233366256166046,False,40.399999999999636,13.03553577661103,4.9480910705019125,395.9747766161698,75.20112888987134,13.943055555554782,69.21399999998582,8.633801470595925,-5.548130283452495,210.80809606877474,-12.176890230080048
8291514.0,-0.5092,0.2899,10.1066,-0.004,0.0001,9.8066,0.0207,0.0796,-0.1205,280.28,-87.32,-179.3,52.554432,-1.461703,10.6,4,80.46,22 / 22,4.494527003285842,10.537464919747917,0.07823927166721037,185.61594174350915,88.4402202767602,-5.2250305472277665,False,40.500999999998385,13.0002189670065,5.00202365521676,397.27914263995945,75.7175181287918,13.929319444443786,68.9550399999984,8.505691963720658,-5.535441264531157,211.6632008964503,-12.722702147968405
8291614.0,0.8698,0.7058,10.2899,-0.0118,0.0043,9.8066,0.0162,-0.0496,-0.0652,283.94,-87.48,-178.1,52.554432,-1.461703,10.6,4,80.46,22 / 22,4.5301457820531565,10.621741468153754,0.11739927166735287,186.06717538277775,89.49818059615913,-5.215248620061002,False,40.60099999999875,13.048763298202852,4.994054263737677,398.58391431346524,76.20688700109929,13.971786111109935,69.0570299999928,8.518617516149696,-5.627687204416077,212.5167389306875,-13.291293595059841
8291714.0,-1.5898,-0.3342,10.9209,-0.0211,-0.0216,9.8065,0.0032,-0.0676,0.1788,281.42,-87.43,179.01,52.554432,-1.461703,10.6,4,80.46,22 / 22,4.585785301595636,10.646491839956331,0.19727427166764344,186.52297193696185,90.5615922615685,-5.199514942894195,False,40.70099999999911,13.02511357045948,5.0115180293997,399.88192516150275,76.70748656137897,13.955969444444143,68.9553599999881,8.439328268863843,-5.634973810556631,213.3589532245409,-13.854105700189535
8291814.0,0.4942,2.1851,10.8966,0.0529,-0.0055,9.8064,-0.0991,-0.2488,0.2833,277.97,-87.17,178.64,52.554432,-1.461703,10.6,4,80.46,22 / 22,4.557424186427447,10.6641660683706,0.3074842716680444,186.98013241136468,91.62712515698873,-5.174277015727319,False,40.800999999999476,12.963107220289896,5.133239765275971,401.1733104009225,77.22999152110827,13.942463888894634,68.39701000000011,8.405683033862449,-5.5309263030946285,214.19317798955782,-14.39713363588045
8291914.0,-0.9461,2.657,10.0165,0.0413,-0.0365,9.8064,0.2369,-0.0768,-0.1026,281.82,-86.91,-179.48,52.554432,-1.461703,10.6,4,80.46,23 / 23,4.388897995167388,10.743704466096611,0.37247427166828084,187.42744852044603,92.69751868371598,-5.140279088560379,False,40.90099999999984,13.00995632663371,5.152374947927095,402.47125364071815,77.74148818327706,13.993069444439852,68.3947699999819,8.621058331466322,-5.591329518169516,215.0438051202721,-14.956030500438928
8292014.0,-2.7305,0.7437,9.4611,0.0747,0.0182,9.8063,0.287,-0.1125,-0.1245,277.82,-86.83,176.8,52.554432,-1.461703,10.6,4,80.46,23 / 23,4.269649646651459,10.653523649864558,0.36568927166837967,187.86037590253068,93.76738008949847,-5.103370911394083,False,41.000999999998385,12.90506136621609,5.194992853475991,403.7557428381545,78.25320723667885,13.911455555556302,68.0725100000038,8.635411719564631,-5.458530796388567,215.89536693562383,-15.514172852819627
8292114.0,0.4905,-1.4512,9.4848,0.0137,0.0127,9.8066,-0.099,-0.1565,0.1405,277.25,-86.74,176.36,52.554432,-1.461703,10.6,4,80.46,23 / 23,4.362826127404468,10.600619816414879,0.3323192716682583,188.29199969123505,94.8300872628163,-5.068470484227124,False,41.10099999999875,12.83794603011376,5.231204501960186,405.03360642698055,78.78660929967806,13.862844444442876,67.83010000003044,8.475119902709292,-5.369415314454693,216.7416067357455,-16.043477963138244
8292213.0,-0.6557,0.2076,9.2439,-0.0425,-0.0265,9.8065,-0.1032,-0.2814,0.183,272.75,-86.88,171.69,52.554432,-1.461703,10.6,4,80.46,23 / 23,4.495265673811479,10.64832211570559,0.28853157166818755,188.73047523539594,95.88190988845797,-5.03773836748192,False,41.19999999999891,12.855276537877415,5.132376753296739,406.30531766461837,79.28198269700967,13.8419444444443,68.23599999999499,8.360010864065936,-5.515945362408851,217.57484242922243,-16.5999271914483
8292313.0,0.5668,-1.6556,9.8153,-0.0263,-0.0305,9.8065,0.0266,-0.3031,0.1242,263.34,-86.77,164.23,52.554432,-1.461703,10.6,4,80.46,23 / 23,4.62431853184356,10.726966935643967,0.26082657166808687,189.18645444568034,96.95067434102934,-5.010270460315006,False,41.29999999999927,12.822937394016169,5.191219353796045,407.5831136452195,79.80459885307987,13.833888888887493,67.9599999999905,8.198618862172609,-5.535747581847922,218.39665919953916,-17.146075487949474
8292414.0,-0.6654,3.0728,8.7991,0.0029,-0.0174,9.8066,0.0709,-0.2911,0.1675,264.99,-87.05,163.2,52.554432,-1.461703,10.6,4,80.46,23 / 23,4.610119218872729,10.796271594113465,0.21038212166780346,189.65279355209412,98.0375978867882,-4.98647442130141,False,41.40099999999984,12.8032844624104,5.205745385299934,408.873687585428,80.33232997428841,13.821138888889045,67.87361000000342,8.19316524353767,-5.5905262088135315,219.22089403333388,-17.705267912499792
8292514.0,-1.1911,1.3722,8.266,0.0053,-0.0376,9.8065,-0.0897,-0.0878,0.0914,266.89,-87.31,166.87,52.554432,-1.461703,10.6,4,80.46,23 / 23,4.454216902039243,10.762141072153533,0.08297212166965753,190.10601035813312,99.11551852008587,-4.971806709134751,False,41.500999999998385,12.810511968478083,5.19352375317154,410.15141595756876,80.84393783206586,13.823238888889883,67.93181000000334,8.35629506643884,-5.5686173189819925,220.04540559943564,-18.27158068802001
8292614.0,0.1316,0.8219,10.8844,-0.0363,-0.0176,9.8065,-0.0412,-0.1229,0.1034,268.42,-87.46,168.68,52.554432,-1.461703,10.6,4,80.46,23 / 23,4.409440789247757,10.778203449763591,0.059827121669573366,190.5491932426991,100.19253574618564,-4.9646667469677634,False,41.60099999999875,12.730955150091239,5.218061681174978,411.4223835045913,81.36655398742091,13.75883055555512,67.71264999998256,8.321514360843482,-5.560141768588613,220.87319026189223,-18.825981758764726
8292714.0,-1.7581,-0.3584,9.1745,-0.0276,-0.0024,9.8065,-0.1333,-0.0565,0.0177,266.71,-87.4,167.05,52.554432,-1.461703,10.6,4,80.46,23 / 23,4.452760518136061,10.770819010036355,0.08210712166965445,190.9923033080699,101.26998686917956,-4.957570034800776,False,41.70099999999911,12.703873153039906,5.267706623859027,412.68659022616396,81.88917014200825,13.752713888888168,67.4784799999968,8.251112634903844,-5.503112386177328,221.69428691809406,-19.380816727171307
8292814.0,-0.671,0.5989,9.4865,-0.0048,0.0048,9.8066,-0.0349,0.0409,-0.0706,261.62,-87.54,163.93,52.554432,-1.461703,10.6,4,80.46,23 / 23,4.5080638336559185,10.723892376014813,0.03449212166948126,191.44034452566112,102.34472243848603,-4.951740072633798,False,41.800999999999476,12.65825060856977,5.287843091270771,413.9441037308733,82.41178629737037,13.71833055554938,67.3278099999979,8.150186774913852,-5.436049284744042,222.50375920521216,-19.93293614111566
8292914.0,-0.7324,0.6875,10.7122,0.0194,0.0374,9.8065,0.1102,-0.0036,-0.1015,258.1,-87.47,157.85,52.554432,-1.461703,10.6,4,80.46,23 / 23,4.508404853457959,10.72488638367288,0.06376212166958774,191.89116796001846,103.41716137647431,-4.946827360466826,False,41.90099999999984,12.605975132463444,5.269984743320331,415.2016172354016,82.93440245266427,13.663213888889775,67.3124100000191,8.097570279005485,-5.454901640352549,223.31044927538315,-20.48275892381004
8293017.0,0.678,-0.0647,9.3852,0.0359,0.0088,9.8065,0.0819,0.0981,-0.0788,251.96,-87.12,152.11,52.554432,-1.461703,10.6,4,80.46,23 / 23,4.519292515631078,10.802879350817692,0.08869327166938343,192.35609437452274,104.5258413117915,-4.938975907709933,False,42.003999999998996,12.650213175438314,5.199412894688427,416.49685614506933,83.47225231360967,13.677055555555855,67.65667999999891,8.130920659807234,-5.603466456129265,224.1407617705466,-21.053588998181823
8293115.0,-2.8282,0.4584,10.2226,0.0123,0.0164,9.8066,0.0016,0.0556,-0.0702,247.5,-87.05,147.64,52.554432,-1.461703,10.6,4,80.46,23 / 23,4.579604077906861,10.786212028355855,0.08842377166938356,192.8019403076059,105.58370678937052,-4.930297172586338,False,42.10199999999895,12.62213997636677,5.14635627688992,417.72908416313265,83.97329665340615,13.63097222221434,67.81808000000407,8.042535898459908,-5.6398557514659355,224.92714385552677,-21.610410135964372
8293214.0,-0.2571,0.5874,10.3259,0.0123,-0.0031,9.8066,0.0696,0.0882,-0.0227,252.16,-87.12,150.06,52.554432,-1.461703,10.6,4,80.46,23 / 23,4.624251280085181,10.715380839527398,0.13471617166945848,193.25753114782722,106.64803563633247,-4.919251745391047,False,42.20099999999911,12.531612144193517,5.097313897468975,418.9671940990791,84.46889244060827,13.52863888888836,67.8656399999887,7.907360864108336,-5.618066942058423,225.7096629512519,-22.179143195724194
8293313.0,1.4477,0.7645,9.5062,-0.0058,-0.0114,9.8066,-0.0532,0.0661,0.0223,253.7,-87.08,151.69,52.554432,-1.461703,10.6,4,80.46,23 / 23,4.584601332650237,10.838729466689328,0.14554677166947608,193.71336935215837,107.71496409649193,-4.905378729695747,False,42.29999999999927,12.461032891889545,5.203621276624169,420.1920528176095,84.9862824351155,13.503888888882672,67.33500000000785,7.8764315592393075,-5.635108190065159,226.47868346545116,-22.728681661376427
8293414.0,-0.0225,0.0231,9.7726,-0.0001,-0.0119,9.8066,0.0586,-0.0471,0.0462,255.97,-87.19,156.39,52.554432,-1.461703,10.6,4,80.46,23 / 23,4.570449998074562,10.983198381481762,0.12865452166938124,194.17569944436258,108.81697145283076,-4.891531564382057,False,42.40099999999984,12.413900518771884,5.166067694892375,421.4415209400464,85.50289406319244,13.445936111105462,67.40525999999025,7.843450520697322,-5.817130686589387,227.26582149568384,-23.314077389638314
8293514.0,-0.0658,0.8702,9.8922,-0.0271,-0.0009,9.8066,-0.0952,0.143,0.0139,264.3,-87.19,162.65,52.554432,-1.461703,10.6,4,80.46,23 / 23,4.578074497017633,11.055280212475768,0.1312295216693439,194.63312566911054,109.9188953825126,-4.87853736221531,False,42.500999999998385,12.3055865448853,5.164617765661439,422.66523031808913,86.01439072603876,13.345438888889916,67.23235000000099,7.727512047867666,-5.890662446814329,228.0321046489786,-23.904504656473847
8293614.0,-1.9369,-1.4049,9.6726,0.0045,-0.0192,9.8066,-0.0723,0.0001,0.2074,269.67,-87.21,168.12,52.554432,-1.461703,10.6,4,80.46,23 / 23,4.66674189371303,11.025695827818144,0.12880452166933515,195.09536648864875,111.02294418453131,-4.865535660048328,False,42.60099999999875,12.238179140804958,5.152928674288533,423.888872088075,86.52599858320629,13.27876944444356,67.16629999998739,7.571437247091928,-5.872767153529611,228.79350559942625,-24.496945601325024
8293713.0,0.4944,1.3645,8.8422,0.0052,0.0048,9.8066,0.0851,0.0959,-0.2061,274.94,-87.2,173.38,52.554432,-1.461703,10.6,4,80.46,23 / 23,4.738453676115405,11.028225893756353,0.07442877166924725,195.56092366935601,112.11461330975101,-4.8554756120280524,False,42.69999999999891,12.212105795112816,5.1842344604489865,425.0936511553123,87.04338857763925,13.266944444442919,66.99800000000226,7.4736521189974106,-5.843991433307367,229.53272748595626,-25.07122473211176
8293813.0,-1.551,-0.7753,9.8814,0.0026,0.0148,9.8066,0.0697,0.021,0.0553,279.65,-87.41,177.66,52.554432,-1.461703,10.6,4,80.46,23 / 23,4.7710223764369655,11.0381538906382,0.029943771669085434,196.03639747198537,113.21793229897474,-4.850256984861117,False,42.79999999999927,12.146007201432045,5.125179298653709,426.30383888295944,87.55488523986709,13.183055555545067,67.12200000000644,7.37498482499508,-5.912974591984492,230.26744141097407,-25.663047059107654
8293916.0,-1.0336,1.7526,9.4372,-0.0035,0.0059,9.8065,-0.063,0.1406,-0.1036,285.13,-87.78,-177.45,52.554432,-1.461703,10.6,4,80.46,22 / 22,4.7767460189509166,10.9821684625371,0.014766721669209858,196.5281075443438,114.35197890015398,-4.847954394454214,False,42.90299999999843,12.06114578967279,5.075345826957372,427.54316576742696,88.07060731018437,13.08550277777582,67.1785699999967,7.284399770721873,-5.9068226355797275,231.01505822308314,-26.28137158996961
8294013.0,-0.0191,1.6021,9.9805,-0.0058,0.0167,9.8066,-0.0178,-0.1965,0.1205,283.3,-87.83,-177.14,52.554432,-1.461703,10.6,4,80.46,22 / 22,4.683603426601161,11.024482850378096,0.0052801216690562085,196.98693449246053,115.41930148884767,-4.846982122552292,False,43.0,12.011234149237485,5.073743949883689,428.7039318620155,88.5667590731667,13.038888888888888,67.1,7.327630722636323,-5.9507389004944065,231.71699736955497,-26.852542415680972
8294113.0,-1.6872,1.9512,9.9854,-0.0168,-0.029,9.8065,-0.0525,0.0363,0.0162,288.25,-87.78,-172.11,52.554432,-1.461703,10.6,4,80.46,22 / 22,4.5679415742911615,11.043312835218941,0.02291012166879969,197.44951174249843,116.52269127311146,-4.84557261038542,False,43.099999999998545,11.97527613324681,4.93194084965037,429.8938371137637,89.0560167498257,12.951111111096255,67.61599999998268,7.4073345589556485,-6.111371985568572,232.44432537126528,-27.46667452328576
8294213.0,-2.199,1.2693,9.9237,-0.0162,0.0048,9.8066,-0.0593,-0.1526,0.0816,285.78,-87.92,-172.53,52.554432,-1.461703,10.6,4,80.46,22 / 22,4.440622699763193,10.954353688899927,0.03770012166885358,197.8999399562028,117.62257459932141,-4.8425420982185265,False,43.19999999999891,11.766227556646937,4.903109396587521,431.0634598894746,89.53415493399834,12.746944444442464,67.37800000000233,7.325604856883745,-6.051244292312406,233.1635199332718,-28.088419665323073
8294313.0,-0.8475,-0.5847,10.4519,0.0197,-0.0247,9.8065,0.1257,-0.0682,0.0459,284.77,-87.99,-173.63,52.554432,-1.461703,10.6,4,80.46,22 / 22,4.448325992679084,10.869030158834418,0.07581512166899232,198.3443873908265,118.71374379171209,-4.836866336051614,False,43.29999999999927,11.676547258433413,4.8351517397648225,432.2263218400712,90.01229311894788,12.638055555542548,67.50599999997654,7.228221265754328,-6.0338784190695955,233.88193444924468,-28.70145067276421
8294413.0,-0.2533,1.9236,10.0821,-0.005,-0.0009,9.8066,0.0279,0.031,-0.0811,290.03,-87.88,-170.11,52.554432,-1.461703,10.6,4,80.46,22 / 22,4.454077555868887,10.89020176238856,0.12185012166915989,198.78950756825552,119.8017053877772,-4.82698307388467,False,43.399999999999636,11.548392825436524,4.832928942325226,433.3756621399217,90.49043130382783,12.518888888881417,67.2910000000018,7.0943152695676375,-6.057272820063335,234.58615457166619,-29.31127408394937
8294513.0,-1.2625,0.9599,9.9203,-0.0054,-0.0078,9.8066,-0.0221,0.0903,0.0834,292.49,-87.86,-168.14,52.554432,-1.461703,10.6,4,80.46,22 / 22,4.3770230315521,10.914175013422796,0.1413051216692307,199.23106259762818,120.89192422657173,-4.813825311717703,False,43.5,11.424815885225762,4.773481980064629,434.51824161445,90.96856948800047,12.381944444444445,67.324,7.047792853673662,-6.140693033358167,235.28717901682182,-29.923354738571263
8294613.0,-1.1729,0.8091,10.5373,-0.0028,0.0084,9.8066,-0.0145,-0.1004,0.043,293.91,-87.86,-166.76,52.554432,-1.461703,10.6,4,80.46,22 / 22,4.335332834083492,10.876954123456711,0.18352012166861642,199.66668039090362,121.98148068339985,-4.7975840495510464,False,43.599999999998545,11.22500292777372,4.696901667539613,435.62701696268186,91.43558817980768,12.168055555554686,67.29399999998078,6.889670093690229,-6.180052455917098,235.96033657177824,-30.54589250359217
8294713.0,-1.1522,2.6617,9.7064,-0.0047,-0.0348,9.8066,0.0257,0.0933,0.0825,301.1,-87.51,-159.81,52.554432,-1.461703,10.6,4,80.46,22 / 22,4.221002172877652,10.892363544117913,0.21504012166873115,200.09449714125324,123.06994656678255,-4.777656037384107,False,43.69999999999891,11.192244717186188,4.7439114174074115,436.7425531360404,91.90260687297008,12.156111111107473,67.02999999999675,6.971242544308536,-6.1484521267105015,236.64805599478714,-31.167339693812465
8294814.0,0.5044,0.347,9.7293,-0.0002,0.0027,9.8066,-0.0671,-0.2942,0.1088,299.76,-87.46,-160.53,52.554432,-1.461703,10.6,4,80.46,22 / 22,4.166088513584333,10.97169159872714,0.20607132166868086,200.51804522092195,124.17408135150242,-4.756389909495448,False,43.800999999999476,10.992139602613026,4.70061116754884,437.8486241541548,92.37440694522212,11.95503888887703,66.84676999995322,6.826051089028693,-6.271080431178301,237.33057893323283,-31.799674406280303
8294913.0,-1.5236,-2.5449,10.666,-0.0123,-0.0423,9.8065,0.0096,-0.0735,0.1464,301.63,-87.52,-156.51,52.554432,-1.461703,10.6,4,80.46,22 / 22,4.3223710294394255,10.899527770060999,0.24478032166874353,200.9382239683023,125.25670671025918,-4.73407275315021,False,43.899999999999636,10.86019707271046,4.73838447606016,438.91953888057685,92.84776374825111,11.848888888882236,66.42800000001326,6.537826043271034,-6.161143294000839,237.98131491227454,-32.40894296200807
8295013.0,-1.3313,-1.3151,9.6154,0.0069,0.0161,9.8066,-0.0009,-0.124,0.0639,303.63,-87.67,-154.76,52.554432,-1.461703,10.6,4,80.46,22 / 22,4.50155746865065,10.701164769360048,0.2781853216688651,201.37942039320842,126.33674133723416,-4.707924470983235,False,44.0,10.768220533555114,4.643991014613227,439.9877492769063,93.30366294757397,11.726944444444444,66.671,6.266663064904464,-6.057173754746821,238.60832888369788,-33.03307838966019
8295114.0,0.1278,-0.1909,9.8913,-0.0021,0.0,9.8066,0.0212,0.0165,-0.005,308.19,-87.73,-152.72,52.554432,-1.461703,10.6,4,80.46,22 / 22,3.932322418958213,9.033305205292177,0.23188171841859204,201.8053313275274,127.33333207094175,-4.682166085459137,False,44.10099999999875,10.69586177338017,4.671936597706795,441.0664389525634,93.77524063136744,11.671694444434344,66.40437000000274,6.763539354421956,-4.361368607585382,239.26110762503598,-33.55809143957431
8295214.0,0.5581,-0.1026,9.8673,-0.0262,0.0178,9.8066,0.0152,-0.1755,0.1229,306.4,-88.15,-152.73,52.554432,-1.461703,10.6,4,80.46,22 / 22,4.059108368457116,9.069276547261216,0.2391467184186185,202.20490286689963,128.2384611585727,-4.658614663617191,False,44.20099999999911,10.57451564046174,4.610396369167557,442.11436687300716,94.2311398299978,11.535863888886608,66.44324000000474,6.515407272004625,-4.4588801780936596,239.90946400610753,-34.0073213285749
8295313.0,-2.0019,-1.1461,9.8692,-0.0119,-0.0072,9.8066,-0.0771,-0.0359,-0.0107,309.07,-88.38,-148.08,52.554432,-1.461703,10.6,4,80.46,22 / 22,4.1549933655356455,8.992345238901288,0.2452451184186284,202.61150090273293,129.1325114369892,-4.634637267693708,False,44.29999999999927,10.494058179211505,4.527056898893573,443.15181551437996,94.68248003809124,11.428888888885735,66.6649999999869,6.33906481367586,-4.4652883400077155,240.54031461164703,-34.45003139889796
8295414.0,-2.6514,-0.836,10.296,-0.0066,-0.0196,9.8066,0.0146,-0.2255,0.1855,312.51,-88.4,-147.04,52.554432,-1.461703,10.6,4,80.46,22 / 22,4.173311479705927,8.761892439273337,0.273116068418785,203.03208029741998,130.02910043974205,-4.608460027758271,False,44.40099999999984,10.456981608704284,4.537680147978463,444.2033266722403,95.1318187362837,11.399080555550405,66.54212999998393,6.283670128998357,-4.224212291294874,241.1712463748203,-34.89728170345835
8295514.0,-0.3166,-1.4477,10.6386,0.0008,-0.0313,9.8065,0.0792,-0.2141,0.0291,312.53,-88.39,-150.37,52.554432,-1.461703,10.6,4,80.46,22 / 22,4.253036993670172,8.584069841552003,0.3391810684178237,203.45339772108267,130.8963985537707,-4.577845170916886,False,44.500999999998385,10.349912641440843,4.551567305085008,445.23753011731543,95.58760674136803,11.30652500000234,66.26165999999441,6.096875647770672,-4.032502536466994,241.78413239623276,-35.30879181240266
8295614.0,-1.2877,0.6963,9.536,0.012,-0.0094,9.8066,0.0893,-0.1282,-0.031,313.52,-88.21,-147.66,52.554432,-1.461703,10.6,4,80.46,22 / 22,4.322017508536281,8.508658195165632,0.36724606841792584,203.88215044619454,131.7510349556097,-4.54252381407497,False,44.60099999999875,10.239407662747983,4.425896035387396,446.24151267341,96.02793865052762,11.155,66.624,5.917390154211701,-4.082762159778236,242.35936222721546,-35.72309630508208
