time,acc_x,acc_y,acc_z,grav_x,grav_y,grav_z,gyro_yaw,gyro_pitch,gyro_roll,orient_yaw,orient_pitch,orient_roll,gps_lat,gps_lon,gps_speed,gps_accuracy,gps_orient,gps_sats,ins_vel_x,ins_vel_y,ins_vel_z,ins_pos_x,ins_pos_y,ins_pos_z,ins_is_reset,_t_sec,true_vel_x,true_vel_y,true_pos_x,true_pos_y,true_speed_ms,true_heading,err_vel_x,err_vel_y,err_pos_x,err_pos_y
12779310.0,0.9892,-0.0839,9.9356,0.0072,-0.0001,9.8066,0.0128,-0.0609,-0.0099,346.35,-85.15,-124.86,52.211346,-2.186876,0.0,3,86.76,22 / 24,1.8754701026197538,-0.32772670842337226,0.0,0.0,0.0,0.0,False,0.0,1.8754701026197538,-0.32772670842337226,0.0,0.0,1.903888888888889,99.912,0.0,0.0,0.0,0.0
12779409.0,0.5965,-0.3788,9.7906,0.0076,-0.005,9.8066,-0.0037,-0.1067,0.0362,346.51,-85.07,-125.48,52.211346,-2.186876,0.0,3,86.76,22 / 24,1.8827926984998515,-0.3736191838539856,0.005588550000009113,0.18603400865572126,-0.03471662166778535,0.00027663322500089837,False,0.09900000000016007,2.08824096898398,-0.5091796957193848,0.2091055761346885,-0.055041488203326105,2.1494638888749917,103.6987499997857,0.2054482704841285,-0.1355605118653992,0.023071567478967242,-0.020324866535540755
12779510.0,0.5049,-0.4207,9.8224,0.0053,-0.0037,9.8066,0.0016,-0.1161,-0.0179,346.22,-85.03,-125.77,52.211346,-2.186876,0.0,3,86.76,22 / 24,1.8705926916224633,-0.4427567023284771,0.005573400000009063,0.37557997085796324,-0.07594360392023138,0.0008403117000049837,False,0.2000000000007276,2.3697999786500765,-0.564522281950618,0.44968941107134697,-0.11119492637487814,2.436111111100773,103.3990000000123,0.4992072870276132,-0.12176557962214096,0.07410944021338373,-0.035251322454646766
12779610.0,1.3581,-1.0264,9.937,0.0098,-0.0011,9.8066,-0.0063,-0.1857,-0.0031,345.1,-84.92,-126.68,52.211346,-2.186876,0.0,3,86.76,22 / 24,1.9044437845625488,-0.5328015053106315,0.012878400000035668,0.5643317946679005,-0.12472151430236425,0.0017629017000105767,False,0.3000000000010914,2.3305011721765143,-0.5349547945077316,0.681347592557692,-0.1556728967853874,2.391111111111929,102.92800000000857,0.4260573876139655,-0.0021532891971001167,0.11701579788979144,-0.03095138248302315
12779710.0,2.2615,-1.0602,9.8281,0.0149,-0.0036,9.8066,0.0259,-0.1458,-0.005,340.69,-84.81,-128.38,52.211346,-2.186876,0.0,3,86.76,22 / 24,2.035244123388514,-0.624576673196194,0.020468399999925203,0.7613161900625871,-0.18259042322686342,0.0034302416999843575,False,0.3999999999996362,2.575970304574852,-0.6754567949894322,0.9334462018377314,-0.22238985345991102,2.6630555555506086,104.6929999999679,0.5407261811863378,-0.0508801217932382,0.1721300117751443,-0.039799430233047606
12779810.0,0.3576,-0.9693,9.8204,0.0092,0.0115,9.8066,-0.0256,-0.2246,0.0099,338.9,-84.8,-129.89,52.211346,-2.186876,0.0,3,86.76,22 / 24,2.123959729972211,-0.7268673212322636,0.022228399999931592,0.96927638273138,-0.2501626229485321,0.005565081699984964,False,0.5,2.6445756228410144,-0.6192570895648236,1.1991717629252072,-0.27798731629591344,2.716111111111111,103.179,0.5206158928688036,0.10761023166743999,0.22989538019382727,-0.027824693347381357
12779910.0,0.7931,-0.1388,9.5783,0.013,-0.0057,9.8066,0.009,-0.1705,-0.0136,340.88,-84.81,-131.17,52.211346,-2.186876,0.0,3,86.76,22 / 24,2.128090510589164,-0.809972978953708,0.011498399999892606,1.1818788947602221,-0.3270046379581102,0.007251421699982308,False,0.6000000000003638,2.831972339790958,-0.5762227577974647,1.478524275876597,-0.32246528670278196,2.8899999999905117,101.50100000009158,0.7038818292017939,0.23375022115624333,0.29664538111637495,0.004539351255328228
12780010.0,2.1302,-1.2719,9.8713,0.0105,0.0049,9.8066,-0.0311,-0.3053,0.0149,339.47,-84.65,-133.58,52.211346,-2.186876,0.0,3,86.76,22 / 24,2.2198841032338983,-0.8761591567446081,0.003313399999862897,1.3992776254521662,-0.4113112447433327,0.007992011699972778,False,0.7000000000007276,2.965572609994894,-0.5264868766084307,1.7715037406773846,-0.3669432578202098,3.011944444440008,100.06700000005216,0.7456885067609957,0.34967228013617735,0.3722261152252184,0.04436798692312288
12780109.0,0.3075,-0.0091,10.1689,-0.0048,0.0131,9.8066,-0.0348,-0.2568,-0.0249,341.13,-84.83,-133.12,52.211346,-2.186876,0.0,3,86.76,22 / 24,2.2858587394085657,-0.9434015100012378,0.024444949999897145,1.6223118961633287,-0.5013794977473977,0.009366050024963121,False,0.7990000000008877,3.203766020203144,-0.6058225441481718,2.088534775505938,-0.4219847474276359,3.2605444444393283,100.70752999998682,0.9179072807945783,0.337578965853066,0.4662228793426091,0.07939475031976173
12780210.0,1.5177,-0.2896,9.8353,0.021,0.0069,9.8065,0.0339,-0.2624,-0.002,340.47,-84.87,-134.83,52.211346,-2.186876,0.0,3,86.76,22 / 24,2.3065744401952504,-0.9771230262699989,0.04418539999965265,1.8542297717304477,-0.5983659868278933,0.012831882699897441,False,0.8999999999996362,3.3861366375312603,-0.5887833100082193,2.4324109054723126,-0.47813818419771736,3.4369444444412816,99.86400000001547,1.0795621973360099,0.38833971626177965,0.578181133741865,0.12022780263017596
12780310.0,3.5282,-0.6798,9.7497,0.016,-0.0092,9.8065,0.025,-0.2464,0.0213,336.03,-84.77,-137.68,52.211346,-2.186876,0.0,3,86.76,25 / 25,2.4897230308668044,-0.9774941142919019,0.04277039999964761,2.094044645284423,-0.696096843856344,0.017179672699878273,False,1.0,3.565171006800079,-0.5211190158609229,2.7867116536432066,-0.5226161546080244,3.603055555555555,98.316,1.0754479759332747,0.456375098430979,0.6926670083587836,0.1734806892483196
12780410.0,0.8558,-0.0148,9.3238,0.0116,-0.0057,9.8066,-0.0249,-0.2153,0.0248,336.25,-84.56,-139.47,52.211346,-2.186876,0.0,3,86.76,25 / 25,2.6379131008401187,-0.9755476642714657,0.015780399999549527,2.350426451870702,-0.7937489327848676,0.020107212699848782,False,1.1000000000003638,3.70058826173128,-0.435374010974153,3.161452829531805,-0.5559746332973297,3.726111111104396,96.71000000008763,1.0626751608911613,0.5401736532973127,0.8110263776611033,0.23777429948753792
12780509.0,1.7997,-0.9458,9.6304,-0.0016,-0.0036,9.8066,-0.0013,-0.2027,0.031,338.9,-84.57,-139.15,52.211346,-2.186876,0.0,3,86.76,25 / 25,2.7100021552136333,-1.023757332076137,-0.01684505000050316,2.6151482570457905,-0.892714530104234,0.020054512524801494,False,1.1990000000005239,3.7279698410727717,-0.32104054596573167,3.5324465936877614,-0.5889995258015782,3.7417861111105,94.92206000006964,1.0179676858591384,0.7027167861104053,0.9172983366419709,0.30371500430265574
12780610.0,0.703,-0.0446,9.8216,-0.0024,0.0165,9.8066,-0.0338,-0.1551,-0.0083,340.77,-84.74,-139.57,52.211346,-2.186876,0.0,3,86.76,25 / 25,2.77586292274622,-1.0773680247160506,-0.024990700000548875,2.89218444348432,-0.9988213606228357,0.017941807149736495,False,1.3000000000010914,3.892113725900885,-0.27680533261126056,3.9245621332199425,-0.6115720968408573,3.901944444441534,94.0680000000152,1.116250803154665,0.8005626921047901,1.0323776897356227,0.3872492637819783
12780709.0,2.0405,0.406,10.439,0.0112,0.0318,9.8065,-0.026,-0.0918,-0.0486,338.79,-85.14,-142.61,52.211346,-2.186876,0.0,3,86.76,25 / 25,2.827394567011843,-1.0630968266125345,0.007050649999502997,3.1695456892277925,-1.104774370763772,0.01705377467468329,False,1.3990000000012515,4.050815762371342,-0.3191451060529795,4.329282603207887,-0.6445969900451536,4.063369444444089,94.50458999999904,1.223421195359499,0.7439517205595549,1.1597369139800948,0.46017738071861847
12780810.0,2.3198,1.9208,9.6144,0.0035,0.0064,9.8066,-0.0364,-0.0386,0.0277,337.07,-85.37,-144.26,52.211346,-2.186876,0.0,3,86.76,25 / 25,2.479874356668235,-0.786565740679192,0.024884344999343513,3.4375627698703157,-1.1981823304108468,0.018666491922105056,False,1.5,4.228965306205751,-0.15876466789653837,4.755806196157949,-0.6449305748250644,4.231944444444444,92.15,1.749090949537516,0.6278010727826537,1.3182434262876335,0.5532517555857823
12780910.0,2.5381,-0.0432,9.974,-0.0038,-0.002,9.8066,0.0256,0.0606,-0.0477,336.47,-85.65,-144.89,52.211346,-2.186876,0.0,3,86.76,25 / 25,2.599615240659136,-0.6587268460188783,0.02363934499933904,3.691537249737608,-1.270446959746013,0.02109267642204801,False,1.6000000000003638,4.296652411068311,-0.05009607840628297,5.185055179497286,-0.6449305748250644,4.296944444440896,90.66800000008088,1.6970371704091747,0.6086307676125954,1.4935179297596775,0.6255163849209486
12781010.0,2.2805,0.2176,9.7727,-0.0004,0.0024,9.8066,0.029,-0.0504,0.0201,334.6,-85.67,-144.69,52.211346,-2.186876,0.0,3,86.76,25 / 25,2.3370605387462846,-0.5161318956939056,0.025762943249458884,3.938371038708777,-1.329189896831866,0.023562790834496892,False,1.7000000000007276,4.541943224139715,0.003329418869807796,5.641558066498908,-0.6338110809853297,4.541944444435531,89.95800000002583,2.20488268539343,0.5194613145637134,1.7031870277901304,0.6953788158465364
12781110.0,0.9509,-0.6667,9.1578,0.0021,0.0038,9.8066,-0.0407,-0.0066,0.0294,333.02,-85.71,-146.16,52.211346,-2.186876,0.0,3,86.76,25 / 25,2.428917104115157,-0.5233937197322831,-0.008377056750665243,4.176669920852716,-1.3811661776033646,0.024432085159439735,False,1.8000000000010914,4.678432423842964,0.12112000458675694,6.104874429470854,-0.6226915892669573,4.679999999997489,88.51700000002621,2.249515319727807,0.6445137243190401,1.9282045086181379,0.7584745883364072
12781210.0,2.7135,1.765,9.87,-0.014,-0.0054,9.8066,-0.0237,0.1529,-0.0475,328.07,-85.81,-148.67,52.211346,-2.186876,0.0,3,86.76,25 / 25,2.4943605627315537,-0.446237831279766,-0.03765205675023922,4.42283380419147,-1.4296477551532616,0.022130629484428004,False,1.8999999999996362,4.780830565301531,0.3261758183869135,6.581817744263941,-0.5782136188582684,4.791944444442407,86.09700000004403,2.286470002569977,0.7724136496666796,2.1589839400724715,0.8514341362949932
12781310.0,0.947,0.2093,9.4378,-0.0111,-0.0066,9.8066,-0.0299,0.0633,0.1161,323.64,-86.0,-150.73,52.211346,-2.186876,0.0,3,86.76,23 / 24,2.539446774710683,-0.3292013099442172,-0.052927056750294806,4.674524171064498,-1.4684197122146019,0.017601673809384828,False,2.0,5.0245063372049925,0.29323078401748215,7.086014962779261,-0.55597463329915,5.033055555555555,86.66,2.4850595624943095,0.6224320939616994,2.4114907917147637,0.9124450789154519
12781410.0,1.8227,1.6845,10.1048,-0.0171,-0.0147,9.8066,0.035,0.3292,-0.0819,319.57,-86.12,-149.12,52.211346,-2.186876,0.0,3,86.76,23 / 24,2.535856617592829,-0.23952913939620674,-0.05646205675030769,4.928289340680596,-1.4968562346817265,0.012132218134334807,False,2.100000000000364,5.2572910485129905,0.2634711856358592,7.617466084970218,-0.5226161546098447,5.263888888876292,87.13099999997429,2.7214344309201612,0.5030003250320659,2.6891767442896217,0.9742400800718818
12781510.0,2.1895,1.3092,10.017,0.0076,0.0324,9.8065,-0.0409,0.1332,0.0341,325.51,-86.04,-145.91,52.211346,-2.186876,0.0,3,86.76,23 / 24,2.552404270221879,-0.06953199581997666,-0.031037056750215206,5.182702385072258,-1.5123092914425917,0.007757262459292747,False,2.2000000000007276,5.416687079305707,0.2627406391515549,8.162544159056003,-0.5003771697578471,5.423055555549765,87.22299999999665,2.864282809083828,0.33227263497153153,2.979841773983745,1.0119321216847448
12781610.0,2.7797,2.0648,9.7624,-0.0128,-0.0085,9.8066,0.0184,0.3843,-0.124,320.62,-86.22,-147.48,52.211346,-2.186876,0.0,3,86.76,23 / 24,2.595474867157011,0.145674648495077,-0.022732056750184984,5.440096341942138,-1.5085021588088228,0.005068806784262957,False,2.3000000000010914,5.520928256413389,0.42083841124243215,8.70762223311544,-0.4447797069232605,5.536944444442373,85.64100000002878,2.925453389256378,0.27516376274735516,3.2675258911733023,1.0637224518855621
12781711.0,1.4423,0.9267,9.615,0.0085,0.0367,9.8066,-0.0175,0.1997,-0.0604,312.17,-86.46,-153.5,52.211346,-2.186876,0.0,3,86.76,23 / 24,2.6079894481055343,0.3258315496842496,-0.03464500675003733,5.70287128985964,-1.4846910958010617,0.002171265077537633,False,2.40099999999984,5.79831698319032,0.40044927343688835,9.29957702154974,-0.4108652529034158,5.8121305555521445,86.04942000000733,3.1903275350847857,0.07461772375263875,3.5967057316901005,1.073825842897646
12781809.0,1.3998,-0.8182,10.2424,-0.0051,0.0177,9.8066,0.0145,0.4115,-0.174,312.83,-86.6,-155.05,52.211346,-2.186876,0.0,3,86.76,23 / 24,2.6600086039508066,0.356123927543093,-0.022684106750042593,5.961003194410286,-1.4512752774169368,-0.0006378614839650321,False,2.4989999999997963,6.003181391227238,0.46187541935994747,9.887171185378108,-0.35637974001773076,6.020924999999536,85.600580000001,3.343172787276431,0.10575149181685445,3.926167990967822,1.0948955373992062
12781910.0,2.3812,1.682,9.5331,0.0175,0.027,9.8066,0.0289,0.3518,-0.0774,308.75,-86.69,-156.26,52.211346,-2.186876,0.0,3,86.76,23 / 24,2.710796815143468,0.4478124528508693,-0.01449300674999655,6.232228868076071,-1.4106764902068136,-0.0025153057157275586,False,2.600000000000364,6.1428647528068465,0.48453272856395263,10.50637987746616,-0.31134579428214315,6.161944444436866,85.49000000000578,3.4320679376633785,0.03672027571308334,4.2741510093900885,1.0993306959246705
12782010.0,0.9661,0.1001,9.5205,0.0102,0.0139,9.8066,-0.0046,0.1484,-0.0149,306.63,-86.69,-160.45,52.211346,-2.186876,0.0,3,86.76,23 / 24,2.712572065808976,0.5549452184763868,-0.04247800675009833,6.5033973121246795,-1.3605386066402685,-0.005363856390742666,False,2.7000000000007276,6.298854300910947,0.45128648974379587,11.140033138607903,-0.2668678231647153,6.314999999994432,85.90199999998501,3.5862822351019714,-0.10365872873259091,4.636635826483223,1.0936707834755532
12782110.0,1.6528,-0.3594,9.5321,-0.0078,-0.0083,9.8066,-0.0051,0.1998,0.0349,306.78,-86.59,-158.04,52.211346,-2.186876,0.0,3,86.76,23 / 24,2.7706629473804667,0.5714636925637229,-0.07051300675020027,6.777559062785149,-1.304218161088058,-0.01101340706577815,False,2.8000000000010914,6.36102212436381,0.5299016499755963,11.773686399696583,-0.21127036032931967,6.383055555554317,85.23800000001208,3.5903591769833434,-0.04156204258812657,4.996127336911434,1.0929478007587385
12782210.0,2.0073,-0.994,10.1535,-0.0026,-0.0225,9.8066,-0.0772,0.1559,-0.0148,312.17,-86.47,-154.96,52.211346,-2.186876,0.0,3,86.76,23 / 24,2.904338809187996,0.5889116668301095,-0.06689800675025286,7.061309150609443,-1.2461993931192108,-0.017883957740700826,False,2.899999999999636,6.338629536560932,0.49663472066900266,12.407339660800824,-0.15567289678720775,6.35805555555601,85.51999999999487,3.434290727372936,-0.09227694616110688,5.346030510191381,1.0905264963320032
12782310.0,1.3281,-0.3108,9.0216,-0.02,-0.0045,9.8066,-0.0268,0.0827,0.0162,314.1,-86.46,-153.82,52.211346,-2.186876,0.0,3,86.76,23 / 24,3.026502283605151,0.5900858455783003,-0.08880800675033257,7.357851205250179,-1.1872495174985758,-0.02566925841575842,False,3.0,6.386944555759874,0.5431751482250562,13.040992921889508,-0.10007543395140761,6.41,85.139,3.360442272154723,-0.04691069735324416,5.683141716639329,1.0871740835471682
12782409.0,1.6266,0.3718,9.3659,-0.0132,0.0122,9.8066,-0.1151,0.0813,-0.0485,312.75,-86.5,-155.03,52.211346,-2.186876,0.0,3,86.76,23 / 24,3.085025968365486,0.6224485434621408,-0.14948510675043064,7.660371853723214,-1.1272290652409769,-0.037464767534065274,False,3.09900000000016,6.45372183375792,0.4655919594168388,13.681800332684533,-0.05604224254844689,6.470499999996576,85.87357999995842,3.3686958653924344,-0.15685658404530206,6.021428478961319,1.07118682269253
12782510.0,1.5015,-1.4354,10.0158,-0.0201,0.006,9.8066,-0.0331,-0.0683,0.08,308.65,-86.54,-159.79,52.211346,-2.186876,0.0,3,86.76,23 / 24,3.194496251609822,0.6303894952004425,-0.1611809067504963,7.9774877258337495,-1.063960744288161,-0.05315340121595024,False,3.2000000000007276,6.3572877294194905,0.6457497389924445,14.321926395958686,0.022238985555477722,6.390000000002951,84.20000000006115,3.1627914778096686,0.01536024379200196,6.344438670124936,1.0861997298436386
12782610.0,3.2572,0.4834,9.6573,-0.0116,0.0063,9.8066,0.0504,0.1183,-0.1005,302.07,-86.62,-163.71,52.211346,-2.186876,0.0,3,86.76,23 / 24,3.334787902167757,0.7138124993472224,-0.15819090675048536,8.303951933523816,-0.9967506445605332,-0.06912199189105742,False,3.3000000000010914,6.383804153466925,0.6621794653788375,14.955579657047364,0.08895594152470089,6.4180555555550445,84.0780000000022,3.049016251299168,-0.05163303396838481,6.651627723523548,1.0857065860852342
12782710.0,2.9443,2.2927,7.9867,-0.0038,-0.0111,9.8065,-0.0573,0.1429,-0.0418,301.88,-86.63,-164.02,52.211346,-2.186876,0.0,3,86.76,23 / 24,3.357354024714154,0.9672948554503494,-0.2566559067490525,8.638559029863043,-0.9126952768218778,-0.08986433256573247,False,3.399999999999636,6.447136517837302,0.5300511080514019,15.602859869980929,0.133433911227078,6.468888888887964,85.29999999997777,3.0897824931231486,-0.43724374739894756,6.964300840117886,1.0461291880489558
12782810.0,1.5507,0.1488,8.8297,0.0013,-0.0081,9.8066,-0.1047,0.077,0.0329,304.67,-86.5,-161.89,52.211346,-2.186876,0.0,3,86.76,23 / 24,3.3500499188831125,1.138523030550584,-0.3965009067495612,8.973929227044126,-0.8074043825214481,-0.12252217324078196,False,3.5,6.427363395911206,0.5626605469537528,16.243326607038817,0.20015086790281522,6.451944444444444,84.99700000000001,3.077313477028093,-0.5758624835968312,7.269397379994691,1.0075552504242633
12782910.0,-0.3949,-2.2625,12.099,0.0147,-0.0322,9.8065,-0.0053,0.2088,-0.1422,307.36,-86.58,-158.62,52.211346,-2.186876,0.0,3,86.76,23 / 24,3.4363661760106985,1.0411793182661124,-0.3307309067493218,9.313250031790052,-0.6984192650802168,-0.1588837639158584,False,3.600000000000364,6.468800720788805,0.6360953031487271,16.8837933439958,0.26686782386677954,6.499999999997376,84.38400000003345,3.032434544778107,-0.40508401511738534,7.57054331220575,0.9652870889469963
12783010.0,-0.4064,0.9127,6.0912,0.0787,-0.0239,9.8062,-0.2712,0.198,-0.0956,307.19,-86.44,-158.61,52.211346,-2.186876,0.0,3,86.76,23 / 24,3.434275943605365,0.8878807617564294,-0.40188590674958063,9.656782137772105,-0.6019662610787389,-0.19551460459093678,False,3.7000000000007276,6.353465530573016,0.7003067418887173,17.517446605139035,0.34470427296800993,6.3919444444483755,83.71000000002451,2.9191895869676507,-0.18757401986771205,7.860664467366931,0.9466705340467487
12783110.0,-0.4236,-0.3333,9.7049,-0.0636,0.0134,9.8063,0.2283,0.0768,-0.0189,304.46,-86.63,-159.77,52.211346,-2.186876,0.0,3,86.76,23 / 24,3.3580593351769865,0.7912844057884654,-0.5927459067502749,9.996398901712457,-0.5180080027011886,-0.24524619526611047,False,3.8000000000010914,6.463043357174011,0.6435025744039025,18.164726818084123,0.4114212289372331,6.494999999998125,84.31399999998901,3.1049840219970246,-0.1477818313845629,8.168327916371666,0.9294292316384217
12783210.0,1.249,1.9139,11.6521,-0.019,-0.0239,9.8065,0.1158,0.3397,-0.2244,307.59,-86.89,-157.01,52.211346,-2.186876,0.0,3,86.76,23 / 24,3.292466125638667,0.7912610172776594,-0.5055609067515435,10.3289251747484,-0.43888073154903384,-0.3001615359404023,False,3.899999999999636,6.323163646462514,0.7453744419593881,18.791566603219778,0.48925767733012904,6.366944444446774,83.27700000001886,3.0306975208238467,-0.04588657531827134,8.462641428471377,0.9281384088791629
12783310.0,-1.4376,-1.9601,10.1721,-0.0788,0.0237,9.8063,0.1797,-0.1647,0.113,309.86,-87.21,-154.7,52.211346,-2.186876,0.0,3,86.76,24 / 25,3.2504893712242082,0.7016127469037639,-0.39501590675114123,10.656072949592735,-0.3642370433396911,-0.34519037661570035,False,4.0,6.268241549172804,0.8680063337448939,19.411592912505856,0.5782136181501363,6.328055555555555,82.116,3.0177521779485956,0.16639358684113004,8.755519962913121,0.9424506614898274
12783410.0,2.7409,3.2606,11.6899,-0.059,-0.0477,9.8064,0.2551,0.3292,-0.1946,311.38,-87.09,-150.58,52.211346,-2.186876,0.0,3,86.76,24 / 25,3.2118962263529514,0.7158459294082828,-0.2825809067507321,10.979192229472769,-0.2933641095238309,-0.3790702172909173,False,4.100000000000364,6.449028959462177,0.7548482810678776,20.058873125404347,0.6560500672463101,6.493055555546551,83.32399999993407,3.2371327331092252,0.03900235165959476,9.079680895931578,0.949414176770141
12783509.0,1.6451,1.2066,8.5758,-0.0182,0.0158,9.8066,-0.0184,-0.2064,0.2128,310.57,-86.94,-151.18,52.211346,-2.186876,0.0,3,86.76,24 / 25,3.1519298993749323,0.947665129703392,-0.2502871067506799,11.294201622696809,-0.21102031209766986,-0.4054471839592798,False,4.199000000000524,6.4348005309597855,0.6655188991448121,20.692935195090623,0.7110915554548546,6.469130555556487,84.09520999996995,3.2828706315848533,-0.2821462305585799,9.398733572393814,0.9221118675525244
12783610.0,1.9844,1.9447,12.2308,-0.0878,-0.0273,9.8062,0.2591,0.0443,-0.1635,316.48,-87.13,-147.7,52.211346,-2.186876,0.0,3,86.76,24 / 25,3.124422006043489,1.1134997345495972,-0.19002545675034124,11.61115739392222,-0.10693148645230904,-0.42768296841620634,False,4.300000000001091,6.549970633873074,0.7352757131738649,21.360247027237136,0.7894839791843519,6.591111111108888,83.59500000000924,3.4255486278295852,-0.3782240213757323,9.749089633314917,0.896415465636661
12783710.0,0.4722,0.66,8.4315,0.0345,0.0509,9.8064,-0.219,-0.2376,0.2142,313.24,-87.06,-150.71,52.211346,-2.186876,0.0,3,86.76,24 / 25,3.0798441405401755,1.2166598194739473,-0.13757545675110444,11.92137070124689,0.009576491247172761,-0.44406301409104026,False,4.399999999999636,6.604579489567201,0.613967237777613,22.02115419205469,0.8562009351521592,6.633055555554793,84.6889999999801,3.5247353490270257,-0.6026925816963343,10.099783490807802,0.8466244439049865
12783809.0,-0.4339,-0.9531,8.6803,-0.0319,0.0137,9.8065,0.0564,0.0734,0.0005,310.92,-87.22,-155.3,52.211346,-2.186876,0.0,3,86.76,24 / 25,3.056017368885154,1.132283703373756,-0.2613997067513046,12.225095845963935,0.12584919562832209,-0.46381228468444147,False,4.498999999999796,6.3048249369792355,0.7542659263857159,22.63498023822047,0.9332590190623702,6.3498055555561805,83.17727000000333,3.2488075680940813,-0.3780177769880402,10.409884392256537,0.8074098234340481
12783910.0,-0.8338,-2.5116,9.0708,0.0438,0.0282,9.8065,-0.1451,-0.3433,0.2427,307.26,-87.16,-159.5,52.211346,-2.186876,0.0,3,86.76,24 / 25,3.1192510028432583,0.8938240691251718,-0.35544080675183287,12.536946898737972,0.22816763814009286,-0.49496273061652496,False,4.600000000000364,6.245189226125952,0.9020596044078893,23.268020286469554,1.0341128181997405,6.310000000002017,81.78100000007537,3.1259382232826933,0.008235535282717588,10.731073387731582,0.8059451800596477
12784010.0,1.4833,-0.0813,10.0523,-0.0336,-0.0109,9.8065,0.0535,0.0321,0.1373,310.3,-87.18,-154.24,52.211346,-2.186876,0.0,3,86.76,24 / 25,3.2115531375219697,0.7590722177906576,-0.37995080675192194,12.853487105757385,0.310812452486185,-0.5317323112918465,False,4.700000000000728,6.3791654278942485,0.740012764103553,23.908487023472404,1.1008297741703796,6.4219444444403715,83.38299999994172,3.1676122903722788,-0.0190594536871046,11.054999917715019,0.7900173216841946
12784110.0,1.5646,5.6851,12.3262,0.0747,0.0761,9.806,0.0124,-0.4003,0.4795,311.49,-86.9,-152.7,52.211346,-2.186876,0.0,3,86.76,24 / 25,3.065125284553783,0.981713563318706,-0.24169080675141885,13.167321026862314,0.39785174154196984,-0.5628143919671266,False,4.800000000001091,6.392817903523437,0.6109416501767968,24.548953760530168,1.1564272377139073,6.421944444444444,84.54099999997894,3.3276926189696545,-0.37077191314190916,11.381632733667853,0.7585754961719375
12784211.0,-0.6286,2.6859,6.9177,0.0747,-0.115,9.8057,-0.1491,-0.0714,0.017,311.27,-86.11,-154.4,52.211346,-2.186876,0.0,3,86.76,24 / 25,2.7420981933337267,1.2180263712255763,-0.26034550675118767,13.460585812491999,0.5089386082350796,-0.5881672257986941,False,4.90099999999984,6.590437463857754,0.6906310325635446,25.21640186221057,1.224144948020436,6.626555555556178,84.01754000002795,3.848339270524027,-0.5273953386620317,11.755816049718572,0.7152063397853564
12784310.0,1.7719,1.2379,9.4394,-0.0088,-0.0208,9.8066,0.1773,-0.2192,0.074,314.74,-85.67,-150.82,52.211346,-2.186876,0.0,3,86.76,22 / 25,2.601015587378406,1.3117513758588801,-0.4215274067514483,13.725069944637678,0.6341626067159627,-0.6219199350171292,False,5.0,6.528482786172302,0.8839618282133852,25.863954614207966,1.3232196276339314,6.588055555555555,82.289,3.9274671987938956,-0.4277895476454949,12.138884669570288,0.6890570209179687
12784410.0,0.41,-1.3479,9.4791,0.0181,0.0145,9.8065,-0.0564,-0.034,0.1098,315.33,-85.36,-147.56,52.211346,-2.186876,0.0,3,86.76,22 / 25,2.639421970219116,1.3093513748995238,-0.4562674067515746,13.987091822518508,0.7652177442543597,-0.66580967569244,False,5.100000000000364,6.446731248483441,0.9821131978193421,26.50442135116495,1.4232950615798778,6.521111111114764,81.3380000000519,3.8073092782643245,-0.32723817708018166,12.517329528646442,0.6580773173255181
12784510.0,2.8909,0.4659,10.5625,-0.0706,0.0112,9.8063,0.0319,0.1265,-0.1205,319.81,-85.77,-143.28,52.211346,-2.186876,0.0,3,86.76,22 / 25,2.7515590235276637,1.3135122896734013,-0.4348524067514966,14.256640872206827,0.8963609274834831,-0.7103656663677557,False,5.200000000000728,6.49969111980764,0.8258276758286102,27.15851504007888,1.490012017550517,6.551944444443323,82.7589999999483,3.748132096279976,-0.4876846138447911,12.901874167872052,0.5936510900670339
12784609.0,-0.7413,2.1581,8.2023,-0.011,0.0282,9.8066,-0.2727,0.1982,-0.2252,319.6,-86.42,-142.24,52.211346,-2.186876,0.0,3,86.76,22 / 25,2.7013429158134104,1.41004699115092,-0.4768531567515645,14.526559518204646,1.031177111884505,-0.7554950917612302,False,5.299000000000888,6.637464859411674,0.8562744158539863,27.81281313323177,1.578078399661787,6.692469444441553,82.64911000000225,3.9361219435982635,-0.5537725752969336,13.286253615027125,0.5469012877772821
12784710.0,-1.254,-2.1045,10.7514,-0.0702,-0.0123,9.8063,0.0726,0.2539,-0.1426,322.72,-87.38,-140.21,52.211346,-2.186876,0.0,3,86.76,22 / 25,2.5659520238828106,1.274705712494764,-0.5101629567511518,14.79255791265601,1.166757123416932,-0.8053394054924997,False,5.399999999999636,6.608792706290662,0.8722937068241943,28.480329369698673,1.667923899895832,6.666111111111617,82.48100000000305,4.042840682407851,-0.4024120056705698,13.687771457042663,0.5011667764788998
12784810.0,-0.7705,5.6758,7.4211,0.0343,-0.0919,9.8061,-0.0931,0.7308,-0.3418,327.19,-87.48,-133.53,52.211346,-2.186876,0.0,3,86.76,22 / 25,2.339378721351027,1.3036682483137152,-0.5822029567514138,15.037824449918594,1.295675821457825,-0.8599577011678267,False,5.5,6.7383138574183885,0.9055476146399545,29.154863486357815,1.7679993338488575,6.7988888888888885,82.346,4.398935136067362,-0.3981206336737607,14.117039036439222,0.47232351239103254
12784910.0,-2.9989,-7.4281,8.9447,-0.0455,-0.0586,9.8063,0.3026,-0.0681,-0.0106,326.67,-87.43,-136.46,52.211346,-2.186876,0.0,3,86.76,22 / 25,2.1754308229384254,1.0634909045233525,-0.7445779567520044,15.263564927133887,1.414033779100109,-0.9262967468432389,False,5.600000000000364,6.672856391798215,1.037664160935595,29.815770651085128,1.868074768502127,6.753055555558056,81.16100000006466,4.497425568859789,-0.025826743587757495,14.552205723951241,0.4540409894020181
12785010.0,0.8392,1.0495,10.4476,-0.0007,-0.1046,9.806,0.3788,0.624,-0.5331,324.32,-86.83,-138.21,52.211346,-2.186876,0.0,3,86.76,22 / 25,2.2027716319611326,0.671385868865872,-0.7556279567520446,15.48247504987966,1.5007776177698857,-1.0013070425187143,False,5.700000000000728,6.7843323492969025,0.8795656932864965,30.49711824371249,1.9570307093229433,6.8411111111079075,82.61299999994718,4.58156071733577,0.20817982442062444,15.014643193832828,0.4562530915530576
12785110.0,0.9175,-0.4832,9.1222,0.0334,-0.0138,9.8066,-0.0155,0.3899,-0.2667,306.05,-86.53,-158.15,52.211346,-2.186876,0.0,3,86.76,22 / 25,2.2111665986382842,0.6870401477892754,-0.7578029567520526,15.703171961410433,1.5686989186028901,-1.0769785881941945,False,5.800000000001091,6.923131922679372,0.904318863261563,31.1920927881432,2.045986650850476,6.981944444441883,82.55800000000099,4.7119653240410875,0.2172787154722876,15.488920826732766,0.4772877322475857
12785211.0,1.7852,6.3729,9.6561,-0.0355,-0.0782,9.8062,-0.0549,0.5475,-0.4843,297.44,-86.66,-163.98,52.211346,-2.186876,0.0,3,86.76,22 / 25,1.9904170217542647,0.8548580257578304,-0.79997045675153,15.915351934237627,1.6465647763660543,-1.1556461455751506,False,5.90099999999984,6.880662150661076,1.0524323740164356,31.880526395669154,2.158182331566907,6.960688888886008,81.30354999998951,4.890245128906811,0.1975743482586052,15.965174461431527,0.5116175552008526
12785310.0,-1.7109,-4.1802,10.0467,-0.035,-0.0868,9.8061,0.0632,0.4831,-0.1548,294.83,-86.83,-166.73,52.211346,-2.186876,0.0,3,86.76,22 / 25,1.8882847567931045,0.830866786763932,-0.7955402067515228,16.10734767227603,1.7300081545860164,-1.2346239234186793,False,6.0,7.068578885048166,0.9994634129133735,32.58204187699296,2.2572570111804025,7.138888888888888,81.95200000000001,5.180294128255062,0.1685966261494415,16.47469420471693,0.527248856594386
12785410.0,0.9657,0.1052,10.3979,-0.03,-0.0887,9.8062,0.1818,0.4895,-0.3934,308.29,-86.64,-153.74,52.211346,-2.186876,0.0,3,86.76,22 / 25,2.044771871520039,0.6241096786360372,-0.7539752067513715,16.304000503692404,1.8027569778562795,-1.3120996940941059,False,6.100000000000364,7.148153089764751,0.9423414483245678,33.29745684917101,2.3462129527014626,7.2099999999961195,82.48999999997064,5.103381218244712,0.3182317696885306,16.99345634547861,0.543455974845183
12785510.0,-1.333,-6.1946,7.9879,-0.0138,-0.0889,9.8062,-0.0414,0.396,-0.3052,302.28,-86.61,-159.28,52.211346,-2.186876,0.0,3,86.76,22 / 25,2.2682895373751037,0.3622200788851504,-0.8153502067515948,16.519653574137944,1.8520734657325184,-1.3905659647695396,False,6.200000000000728,7.211188402273922,1.0896885625191606,34.01287182140111,2.4574078790791725,7.293055555552534,81.40700000003939,4.942898864898818,0.7274684836340102,17.49321824726317,0.605334413346654
12785610.0,1.1006,3.1587,8.8201,-0.048,-0.0707,9.8063,0.0533,0.9299,-0.4372,309.0,-86.4,-154.59,52.211346,-2.186876,0.0,3,86.76,22 / 25,2.3774161561548754,0.20153739219091624,-0.955615206752105,16.75193885881529,1.8802613392864242,-1.4791142354450468,False,6.300000000001091,7.452565102935569,0.6840075201970884,34.76916764917335,2.5130053426243184,7.483888888885418,84.75599999993908,5.075148946780693,0.48247012800617217,18.017228790358057,0.6327440033378942
12785710.0,-1.01,-4.9815,9.9227,0.013,0.0177,9.8066,-0.0729,-0.2434,0.1595,298.05,-86.38,-162.53,52.211346,-2.186876,0.0,3,86.76,22 / 25,2.4594339105160286,0.10014133735548386,-0.9991402067514715,16.993781362145317,1.8953452757635247,-1.5768520061188034,False,6.399999999999636,7.420883406481469,0.8552131122774094,35.50502304913516,2.6019612834423027,7.470000000000252,83.42600000002419,4.96144949596544,0.7550717749219256,18.511241686989845,0.706616007678778
12785809.0,2.7937,3.4183,10.3978,-0.0216,-0.09,9.8061,0.0279,0.3757,-0.1838,300.62,-86.37,-158.09,52.211346,-2.186876,0.0,3,86.76,22 / 25,2.558585506269527,0.06219393748111642,-0.9641338067514148,17.242173323276603,1.9033808718679495,-1.6740340697873535,False,6.498999999999796,7.448264636057877,1.0812875760091083,36.24026523629121,2.723052558758274,7.5263749999998755,81.74003000000371,4.88967912978835,1.0190936385279918,18.998091913014605,0.8196716868903244
12785910.0,1.1395,5.4005,8.3613,-0.0129,0.0499,9.8064,0.1585,-0.6567,0.4137,304.62,-86.26,-156.12,52.211346,-2.186876,0.0,3,86.76,22 / 25,2.265151973628119,0.39041550545541726,-1.0072709067516572,17.485772066012803,1.9262376487363728,-1.7735900078198181,False,6.600000000000364,7.574549224007359,0.858591903113964,37.010801228712054,2.8021121513424885,7.6230555555503114,83.53299999990122,5.30939725037924,0.4681763976585468,19.52502916269925,0.8758745026061157
12786011.0,0.7331,0.5615,9.2866,-0.0087,-0.0097,9.8066,0.0492,-0.2076,0.0611,304.89,-86.1,-155.67,52.211346,-2.186876,0.0,3,86.76,22 / 25,2.0432241491878314,0.5568279924390775,-1.1065236067522148,17.703345060216233,1.9740734453803137,-1.8803366307523635,False,6.701000000000931,7.675051845880441,0.9328610831650904,37.78154162541229,2.8920688472087424,7.731536111112507,83.07,5.63182769669261,0.3760330907260129,20.078196565196055,0.9179954018284286
12786110.0,0.8909,1.5357,9.0838,-0.012,0.0363,9.8065,0.0833,-0.3843,0.1499,307.13,-85.97,-155.99,52.211346,-2.186876,0.0,3,86.76,22 / 25,1.9778922082209356,0.60333452428448,-1.1680471567523143,17.90239031990829,2.0315014899582224,-1.9929278835460198,False,6.800000000001091,7.634922178707472,0.9279835389428812,38.53701983608932,2.991143526822238,7.691111111111853,83.07,5.657029970486537,0.32464901465840124,20.634629516181032,0.9596420368640155
12786210.0,-0.515,-4.088,10.8492,-0.0162,0.0359,9.8065,0.0923,-0.3816,0.2732,306.36,-86.12,-157.49,52.211346,-2.186876,0.0,3,86.76,22 / 25,2.062259081546798,0.46264169103472574,-1.1520621567525469,18.104397884393737,2.084800300723407,-2.1089333492195745,False,6.899999999999636,7.748045203450133,0.8890801012829643,39.313756091647576,3.0800994690556776,7.798888888886928,83.453999999993,5.685786121903335,0.4264384102482386,21.20935820725384,0.9952991683322705
12786310.0,0.4409,0.9028,8.3004,0.0,0.0462,9.8065,-0.1063,-0.0635,0.0734,302.0,-86.17,-158.63,52.211346,-2.186876,0.0,3,86.76,23 / 25,2.158015348836,0.2814678621965466,-1.1752471567526313,18.315411605913646,2.122005778385106,-2.2252988148952566,False,7.0,7.79350858179614,0.989800876739039,40.090492347193106,3.1801749023013803,7.856111111111111,82.762,5.63549323296014,0.7083330145424924,21.77508074127946,1.0581691239162745
12786410.0,1.2737,-3.1569,10.337,-0.0397,0.0235,9.8065,0.0509,-0.4496,0.1375,300.28,-86.37,-158.02,52.211346,-2.186876,0.0,3,86.76,23 / 25,2.2772209844002,0.21625092520111633,-1.2240421567528088,18.537173422576263,2.1468917177550795,-2.3452632805709652,False,7.100000000000364,7.807660877149187,0.8327443701870124,40.86722860268214,3.258011351397554,7.851944444444672,83.91199999993725,5.530439892748987,0.6164934449858961,22.330055180105877,1.1111196336424745
12786510.0,2.1155,4.6337,9.0727,-0.0162,0.0381,9.8065,-0.0628,-0.3376,0.1433,301.94,-86.33,-156.39,52.211346,-2.186876,0.0,3,86.76,23 / 25,2.2824186128546686,0.3207351982205005,-1.2342221567528457,18.765155402439834,2.173741023926258,-2.468176496246695,False,7.200000000000728,7.9291086127358845,0.9935257407231065,41.65759181008382,3.3580867846422455,7.991111111106049,82.85800000003833,5.646689999881216,0.672790542502606,22.892436407643988,1.1843457607159875
12786610.0,0.5384,-4.4142,11.5721,-0.0347,0.1113,9.8059,0.098,-0.7474,0.547,304.69,-86.62,-156.26,52.211346,-2.186876,0.0,3,86.76,23 / 25,2.3128109159689925,0.34727853498702704,-1.182647156752658,18.994916878881853,2.2071417105867557,-2.5890199619224097,False,7.300000000001091,7.830489598270214,0.8719648931411861,42.44114154159869,3.4470427268775055,7.87888888889093,83.64599999998566,5.517678682301222,0.524686358154159,23.446224662716837,1.2399010162907498
12786709.0,3.0328,4.2235,10.1906,0.0394,0.0209,9.8065,-0.0951,0.0214,-0.0372,310.69,-86.52,-150.81,52.211346,-2.186876,0.0,3,86.76,23 / 25,2.415389357837804,0.41575178008100994,-1.076251856752486,19.228962792435667,2.2449117111826844,-2.700835463091095,False,7.3990000000012515,7.902031942551933,1.0013871175621374,43.21685577574297,3.557125702591513,7.965238888888699,82.77777000000191,5.486642584714129,0.5856353374811274,23.987892983307304,1.3122139914088287
12786810.0,-0.0705,-1.9694,9.0454,0.0181,0.0944,9.8061,-0.015,-0.729,0.4533,302.87,-86.61,-158.34,52.211346,-2.186876,0.0,3,86.76,23 / 25,2.4041910102691455,0.5327305792535221,-1.0953055067522497,19.47235160102205,2.2928100703284846,-2.810499109946725,False,7.5,7.8262619017637,0.9091285764174519,44.00824100450533,3.647193594074616,7.878888888888889,83.374,5.422070891494554,0.37639799716392985,24.535889403483278,1.3543835237461312
12786910.0,2.1267,4.8568,9.2676,0.0121,0.048,9.8064,-0.0311,0.067,0.1515,307.5,-86.42,-155.47,52.211346,-2.186876,0.0,3,86.76,23 / 25,2.3286449273300662,0.6271400930537501,-1.1603205067524862,19.708993397902873,2.350803603944059,-2.923280410622372,False,7.600000000000364,7.88319958675488,0.8704526018873746,44.791790735935855,3.7250300431707895,7.931111111108261,83.69899999998226,5.554554659424813,0.24331250883362454,25.082797338032982,1.3742264392267303
12787010.0,-0.8345,-2.8189,9.0259,0.0267,0.0741,9.8063,-0.1084,-0.4465,0.2131,309.84,-86.26,-152.96,52.211346,-2.186876,0.0,3,86.76,23 / 25,2.248883828628478,0.6574488377150796,-1.2263105067527262,19.937869835701633,2.415033050482734,-3.042611961298067,False,7.700000000000728,7.994043614778908,0.8584093923931985,45.59578089519409,3.8139859846977155,8.03999999999604,83.87099999999376,5.74515978615043,0.2009605546781189,25.657911059492456,1.3989529342149813
12787110.0,0.3418,-0.6632,10.6752,0.0078,-0.0145,9.8066,0.0276,0.0506,-0.2257,308.13,-86.29,-152.84,52.211346,-2.186876,0.0,3,86.76,23 / 25,2.333244114800861,0.44871007310892963,-1.2219205067527101,20.166976232873935,2.470340996024136,-3.165023511973784,False,7.800000000001091,7.923605384031881,0.8298683624686216,46.37933062668236,3.902941926225248,7.966944444445773,84.02099999999727,5.59036126923102,0.381158289359692,26.212354393808425,1.432600930201112
12787210.0,-0.2022,-2.3578,9.0644,0.064,0.0565,9.8063,-0.0324,-0.2354,0.3772,306.18,-86.15,-156.83,52.211346,-2.186876,0.0,3,86.76,23 / 25,2.4278543065414397,0.2835162099713654,-1.215605506752802,20.405031153937585,2.506952310177618,-3.286899812647286,False,7.899999999999636,7.940724014821276,0.8580114679168414,47.169693834043215,3.991897867043839,7.98694444444408,83.83300000000342,5.512869708279837,0.574495257945476,26.76466268010563,1.4849455568662213
12787311.0,1.8765,1.9179,10.7748,0.0022,-0.007,9.8066,0.0752,0.065,-0.1738,305.11,-85.97,-155.29,52.211376,-2.186297,7.85,3,82.68,22 / 25,2.463827641256095,0.25618759365121474,-1.2041975567527379,20.65206109230275,2.534207352260711,-3.4090998673550024,False,8.001000000000204,7.80846989859049,1.1521519726986358,47.947383976230924,4.12655492316887,7.893013888888882,81.60647999999962,5.344642257334394,0.895964379047421,27.295322883928176,1.5923475709081587
12787410.0,-0.8056,-4.8821,10.1431,-0.0065,0.038,9.8065,-0.0232,-0.5471,0.293,302.6,-86.09,-160.13,52.211376,-2.186297,7.85,3,82.68,22 / 25,2.5954281408697315,0.14173589461114947,-1.1396198567526334,20.90249425351838,2.55390456492973,-3.5251188293237057,False,8.100000000000364,7.799301700982307,1.185521352946705,48.716352869190324,4.247646197776387,7.888888888889116,81.35700000001376,5.203873560112575,1.0437854583355555,27.813858615671943,1.693741632846657
12787510.0,-0.6287,-0.4967,7.7605,-0.0511,0.012,9.8064,0.0706,0.5425,-0.1273,302.16,-86.07,-158.05,52.211376,-2.186297,7.85,3,82.68,22 / 25,2.7592490818296946,-0.14628525518819405,-1.2251048567529443,21.170228114654325,2.5536770969008766,-3.643355064999415,False,8.200000000000728,7.846171087940236,0.830481341611844,49.50671607656493,4.303243661323151,7.889999999999959,83.95799999990537,5.086922006110542,0.976766596800038,28.336487961910603,1.7495665644222744
12787610.0,0.8525,-3.1613,12.0964,-0.1057,0.0291,9.806,0.3015,0.0173,-0.2057,305.76,-86.55,-155.4,52.211376,-2.186297,7.85,3,82.68,22 / 25,2.8900407733574816,-0.3258940425904492,-1.2129248567529,21.45269260741471,2.5300681320118588,-3.7652565506751507,False,8.300000000001091,7.85335772532331,0.8749276776897871,50.29026580805271,4.3921996021421466,7.901944444444227,83.64300000000571,4.963316951965828,1.2008217202802363,28.837573200637998,1.8621314701302878
12787710.0,-0.5722,-3.6254,8.5911,-0.0129,-0.0856,9.8062,-0.0771,0.5439,-0.3004,309.13,-86.14,-151.58,52.211376,-2.186297,7.85,3,82.68,22 / 25,3.134162368260438,-0.6004929819747215,-1.1592148567536815,21.753902764491222,2.4837487807842744,-3.8838635363487537,False,8.399999999999636,7.946534746437082,0.9657176210663391,51.08062901544066,4.492275036093352,8.004999999998127,83.0710000000104,4.812372378176644,1.5662106030410605,29.326726250949434,2.0085262553090772
12787810.0,1.9649,2.5457,9.9606,-0.0241,-0.0381,9.8065,0.2199,0.3245,-0.2924,309.52,-86.14,-154.41,52.211376,-2.186297,7.85,3,82.68,22 / 25,3.186809426147497,-0.6594786863260489,-1.2122948567538745,22.06995135421277,2.420750197369007,-4.0024390220245625,False,8.5,7.930114048720048,0.7112316856782225,51.87780569878496,4.547872500344607,7.961944444444445,84.875,4.743304622572551,1.3707103720042713,29.807854344572192,2.1271223029756006
12787909.0,0.0283,1.2322,8.4375,-0.0289,-0.0241,9.8065,-0.0228,0.0926,-0.1366,302.51,-85.88,-160.66,52.211376,-2.186297,7.85,3,82.68,22 / 25,3.0715509036123887,-0.5503655728872054,-1.2724472567539717,22.379740190536385,2.360862906537854,-4.1254337566434,False,8.59900000000016,7.821132317997388,0.8281894030769761,52.640029250562286,4.6469471792506445,7.864869444449937,83.95529000005205,4.749581414384999,1.3785549759641815,30.2602890600259,2.2860842727127904
12788010.0,0.1455,0.5427,10.8395,-0.046,0.0019,9.8065,0.0984,0.0745,-0.11,301.63,-86.14,-158.8,52.211376,-2.186297,7.85,3,82.68,22 / 25,2.9761546685166342,-0.5787853269198562,-1.2894304067540672,22.685149321930616,2.303840786097277,-4.254808578651282,False,8.700000000000728,7.817684964177818,0.8512051795296777,53.43127820981927,4.725784382686282,7.863888888888888,83.78600000000583,4.841530295661184,1.429990506449534,30.746128887888652,2.4219435965890046
12788109.0,0.3731,0.8745,10.6566,0.0221,0.0103,9.8066,-0.0681,-0.1374,0.1278,302.78,-86.3,-160.22,52.211376,-2.186297,7.85,3,82.68,22 / 25,2.906742533242828,-0.601582696307437,-1.1962318067539166,22.97635273341818,2.245412568947432,-4.377848858220126,False,8.799000000000888,7.8872421221280735,0.7776378493918307,54.213737785119044,4.802842466596695,7.92548888888762,84.369109999988,4.9804995888852455,1.3792205456992677,31.237385051700862,2.557429897649263
12788210.0,-1.1072,1.9443,9.0055,0.0309,0.0108,9.8065,-0.1703,-0.2764,0.15,297.97,-86.2,-162.22,52.211376,-2.186297,7.85,3,82.68,22 / 25,2.7451691145536845,-0.6494680689860015,-1.1937674067539472,23.26177427162837,2.182234505300896,-4.498543818500778,False,8.899999999999636,7.881415112005416,0.8663572268974162,55.00519114866778,4.892576772606508,7.928888888888838,83.72700000001178,5.136245997451732,1.5158252958834177,31.743416877039408,2.7103422673056117
12788310.0,0.0687,8.3653,8.7883,0.0001,0.0756,9.8063,0.1303,-0.433,0.1964,298.14,-86.47,-165.45,52.211376,-2.186297,7.85,3,82.68,22 / 26,2.248032855077618,-0.5368183090513287,-1.284742406754278,23.51143437011084,2.122920186398814,-4.6224693091766405,False,9.0,7.853394192337018,0.7985495913784278,55.788740880182395,4.970413221001224,7.893888888888889,84.194,5.6053613372594,1.3353679004297565,32.277306510071554,2.8474930346024103
12788410.0,-0.2145,-1.4802,10.3142,0.0055,0.0965,9.8061,0.0633,-0.6858,0.3811,299.39,-86.24,-163.95,52.211376,-2.186297,7.85,3,82.68,22 / 26,1.920899479257342,-0.4662991536590493,-1.310282406754371,23.719880986828347,2.0727643132631126,-4.752220549852545,False,9.100000000000364,7.849989197043091,0.8234048878855783,56.572290611585835,5.048249670097398,7.8930555555556,84.01200000000993,5.929089717785749,1.2897040415446277,32.852409624757485,2.9754853568342856
12788510.0,-0.4257,2.9556,9.2953,0.0053,-0.0342,9.8065,-0.0367,0.2452,-0.2268,300.92,-86.17,-162.4,52.211376,-2.186297,7.85,3,82.68,22 / 26,1.8212217456759157,-0.5379072457170374,-1.3104724067543718,23.906987048075692,2.0225539932941254,-4.883258290528459,False,9.200000000000728,7.710679490525331,0.9980214398786627,57.328586439361054,5.17056408889959,7.775000000004295,82.62500000005046,5.889457744849416,1.5359286855957,33.42159939128536,3.148010095605464
12788610.0,-0.3252,-0.395,8.5842,0.0188,0.0463,9.8064,-0.0958,-0.0434,0.0814,298.77,-86.07,-164.3,52.211376,-2.186297,7.85,3,82.68,22 / 26,1.6722631598654352,-0.5877146528460846,-1.3971624067546873,24.081661293353395,1.9662728983657647,-5.018640031204404,False,9.300000000001091,7.747986312476455,0.9576479835045718,58.10532269493293,5.259520030428336,7.806944444443864,82.95399999999401,6.075723152611021,1.5453626363506565,34.02366140157953,3.2932471320625707
12788710.0,0.0836,1.7766,9.3765,-0.0323,0.0077,9.8065,0.152,-0.1823,-0.1093,295.66,-86.13,-164.8,52.211376,-2.186297,7.85,3,82.68,22 / 26,1.5866273801193622,-0.6538102700679376,-1.479792406753485,24.244605820350262,1.904196652220967,-5.16248777187772,False,9.399999999999636,7.722886444961073,0.8076199342809519,58.875245474522586,5.337356478821636,7.765000000000763,84.02999999998043,6.1362590648417115,1.4614302043488894,34.63063965417233,3.4331598266006695
12788810.0,-0.6972,-2.5301,10.4596,0.0134,0.0705,9.8063,0.1574,-0.3799,0.268,295.2,-86.4,-168.18,52.211376,-2.186297,7.85,3,82.68,22 / 26,1.5937652655757717,-0.7820678111855547,-1.4686524067534443,24.4036254526356,1.8324027481580312,-5.309910012553602,False,9.5,7.736724681906632,0.7302459158470466,59.651981730095095,5.404073434790657,7.771111111111111,84.60799999999999,6.142959416330861,1.5123137270326013,35.24835627745949,3.571670686632626
12788910.0,0.7926,3.9448,8.1761,0.005,0.0363,9.8065,-0.1479,-0.2762,0.1284,297.13,-86.35,-166.26,52.211376,-2.186297,7.85,3,82.68,22 / 26,1.5206075958446794,-0.8271450530970892,-1.517532406753622,24.559344095707186,1.7519421049436064,-5.459219253229499,False,9.600000000000364,7.84193548460279,0.6993222691321392,60.43553146147143,5.4707903900472985,7.8730555555499935,84.90399999998384,6.321327888758111,1.5264673222292284,35.87618736576424,3.718848285103692
12789009.0,-1.6394,-7.363,9.4872,0.0084,0.095,9.8061,0.0218,-0.8961,0.5503,293.78,-86.34,-168.89,52.211376,-2.186297,7.85,3,82.68,22 / 26,1.6514051740390083,-1.0086012726844729,-1.614057406753778,24.716358727816683,1.6610726618172722,-5.614232948998366,False,9.699000000000524,7.81052745808851,0.5988243687299343,61.204500354487145,5.525831879655736,7.833455555557099,85.61580999997227,6.159122284049501,1.607425641414407,36.48814162667046,3.864759217838464
12789109.0,1.8622,5.932,10.2137,0.0386,0.0049,9.8065,-0.0829,0.4053,-0.0936,296.32,-86.07,-163.62,52.211376,-2.186297,7.85,3,82.68,22 / 26,1.717021245866323,-1.1022526101019605,-1.609677406753762,24.884780048812562,1.5555299676775665,-5.775419689674329,False,9.799000000000888,7.780523643522719,0.6929943931435301,61.98123661005978,5.603445938207956,7.811330555556002,84.91020000001465,6.063502397656396,1.7952470032454906,37.09645656124722,4.047915970530389
12789210.0,-0.2722,2.2348,7.965,0.0058,0.0669,9.8064,-0.1959,-0.4056,0.2303,297.89,-86.08,-164.75,52.211376,-2.186297,7.85,3,82.68,22 / 26,1.3671565534345285,-0.9299680282498124,-1.6821247067528644,25.040531027675325,1.4529028254420735,-5.941655696404354,False,9.899999999999636,7.793189003198476,0.6230552384639341,62.765740228148466,5.659821766234573,7.818055555555429,85.42899999999044,6.426032449763948,1.5530232667137465,37.725209200473145,4.206918940792499
12789310.0,1.2519,1.0466,9.3889,0.0486,-0.0113,9.8064,-0.1527,-0.0071,0.1402,305.81,-86.34,-158.0,52.211376,-2.186297,7.85,3,82.68,24 / 27,1.2326221115461045,-0.8911118576654715,-1.7950947067532754,25.17051996092483,1.361848831145978,-6.115516667080293,False,10.0,7.794311256277193,0.5682754968064736,63.53566300777922,5.715419229070373,7.8149999999999995,85.83,6.561689144731089,1.4593873544719451,38.36514304685439,4.353570397924395
12789410.0,-3.0887,-4.35,7.8498,0.0712,0.0376,9.8063,-0.2974,-0.5038,0.3295,305.72,-86.04,-157.26,52.211376,-2.186297,7.85,3,82.68,24 / 27,1.2839704389963975,-1.1432499890618664,-1.9138247067537073,25.29634958845241,1.260130738809241,-6.300962637756316,False,10.100000000000364,7.897394741334836,0.7305338843785577,64.32602621509706,5.793255678166547,7.931111111104775,84.71500000006085,6.613424302338439,1.873783873440424,39.029676626644644,4.533124939357306
12789510.0,0.965,0.7432,11.3065,0.0302,-0.0168,9.8066,-0.0166,0.18,-0.2636,308.82,-85.99,-154.28,52.211376,-2.186297,7.85,3,82.68,24 / 27,1.3403169177771455,-1.4150554621315599,-1.9366747067537904,25.427563956291564,1.1322154662491044,-6.493487608432392,False,10.200000000000728,7.7453272919072935,0.5937947924369005,65.08913551878717,5.848853141003561,7.768055555561488,85.61599999996722,6.405010374130148,2.0088502545684603,39.66157156249561,4.716637674754456
12789610.0,-2.444,-7.1434,9.9182,0.0681,0.1096,9.8058,-0.0653,-0.4972,0.3573,303.11,-86.02,-159.03,52.211376,-2.186297,7.85,3,82.68,24 / 27,1.5445283593985994,-1.732580092216648,-1.8561047067534973,25.571806220150876,0.9748336885311215,-6.683126579108446,False,10.300000000001091,7.846462522871322,0.7140840290894328,65.87268525030106,5.915570096971975,7.878888888886872,84.80000000001483,6.301934163472723,2.446664121306081,40.300879030150185,4.940736408440854
12789709.0,2.0598,2.8508,11.0231,0.0002,-0.0621,9.8063,0.0823,0.488,-0.4684,304.55,-85.9,-158.04,52.211376,-2.186297,7.85,3,82.68,24 / 27,1.6899890238864754,-1.9443276507427887,-1.7903687067533909,25.731914830623747,0.7928267552543351,-6.863627013077329,False,10.399000000001251,7.783326808976318,0.7928971702579327,66.63490880213409,5.992628181582435,7.82361388888901,84.18323000000137,6.093337785089842,2.7372248210007215,40.90299397151034,5.1998014263281
12789810.0,1.1962,1.3826,11.3497,0.0264,0.0972,9.806,0.1206,-0.454,0.2887,309.53,-85.71,-153.74,52.211376,-2.186297,7.85,3,82.68,24 / 27,1.583664269018359,-1.7671858741712971,-1.6510139567551176,25.897234321913395,0.6053953222484962,-7.037416837582355,False,10.5,7.750151290502403,0.6211118855117269,67.41934428546335,6.060123501333892,7.7749999999999995,85.41799999999999,6.166487021484044,2.388297759683024,41.52210996354996,5.454728179085396
12789910.0,2.1183,5.1438,9.3984,-0.025,-0.0171,9.8065,0.0698,0.4439,-0.2229,304.23,-85.88,-158.47,52.211376,-2.186297,7.85,3,82.68,24 / 27,1.3845507655256224,-1.5252954287448182,-1.5942739567549111,26.045645073641133,0.4407712571020916,-7.199681233258446,False,10.600000000000364,7.850837700602508,0.7653547192190445,68.19608054095237,6.137959951844712,7.888055555549386,84.4320000000538,6.4662869350768855,2.290650147963863,42.15043546731123,5.6971886947426205
12790010.0,-2.9916,-3.2702,9.3353,-0.0118,0.0406,9.8065,-0.0622,-0.472,0.1393,306.16,-86.0,-159.73,52.211376,-2.186297,7.85,3,82.68,24 / 27,1.2467971013816859,-1.5917268958264932,-1.6382539567550711,26.177212466986976,0.284920140872959,-7.361307628934534,False,10.700000000000728,7.7088103856909385,0.7478418532979637,68.96600332055628,6.215796399531903,7.745000000005205,84.45899999999902,6.462013284309252,2.339568749124457,42.78879085356931,5.930876258658944
12790109.0,-1.0862,-2.1699,10.6044,0.0017,-0.0631,9.8064,-0.061,0.4757,-0.3887,301.97,-86.09,-160.87,52.211376,-2.186297,7.85,3,82.68,24 / 27,1.3262122804657868,-1.990394003656395,-1.6220971567550448,26.304576431388632,0.10760515634826937,-7.522695009053545,False,10.799000000000888,7.938473629975112,0.7259642097388602,69.75520823706469,6.281846186641554,7.971599999995337,84.7748099999935,6.612261349509326,2.7163582133952553,43.45063180567606,6.174241030293285
12790210.0,-2.0295,-6.5215,8.096,0.0662,0.0909,9.806,-0.2094,-0.1895,0.108,298.07,-86.0,-164.31,52.211376,-2.186297,7.85,3,82.68,24 / 27,1.6113126709977408,-2.424813401145556,-1.6681986067544736,26.452921441435702,-0.11536281759146641,-7.688854945108717,False,10.899999999999636,7.716110026860358,0.9135349218513162,70.52628930760218,6.393708282584541,7.7700000000037095,83.24800000002782,6.104797355862617,3.3383483229968727,44.07336786616648,6.5090711001760075
12790310.0,1.0072,2.8178,11.7642,-0.0578,-0.1,9.8059,0.3897,0.6171,-0.7171,295.8,-85.91,-166.91,52.211376,-2.186297,7.85,3,82.68,24 / 27,1.729904016016296,-2.645794024834394,-1.6558536067544287,26.619982275787013,-0.36889318889138634,-7.855057555784766,False,11.0,7.777203422315891,0.8635577154527657,71.30302556312039,6.4715447316869845,7.825,83.664,6.047299406299595,3.5093517402871597,44.683043287333376,6.8404379205783705
12790409.0,3.3113,5.4647,12.0407,0.0528,0.0653,9.8062,0.0502,-0.1972,0.1171,295.13,-85.84,-167.44,52.211376,-2.186297,7.85,3,82.68,25 / 27,1.4366007460260122,-2.361156416122615,-1.448369406754093,26.77672426150836,-0.6167372357191591,-8.008716594953686,False,11.09900000000016,7.747439833862567,0.80595411024242,72.06524911489771,6.559611113092406,7.789250000002023,84.06098999997754,6.3108390878365554,3.1671105263650348,45.28852485338935,7.176348348811565
12790510.0,2.7916,7.4889,10.0415,-0.1315,-0.0617,9.8055,0.3257,0.7089,-0.55,305.62,-86.14,-155.37,52.211376,-2.186297,7.85,3,82.68,25 / 27,1.0108140222065083,-1.841734566126652,-1.3236899567533926,26.900318707304795,-0.8289832303239397,-8.1487055928116,False,11.200000000000728,7.768006947365521,0.8194662017385486,72.84287112232563,6.638337120895843,7.811111111110303,83.97800000000316,6.757192925159012,2.6612007678652008,45.94255241502084,7.467320351219782
12790610.0,0.4061,0.4009,10.8067,-0.0071,0.0484,9.8065,0.137,0.0217,0.0031,297.62,-86.09,-162.56,52.211376,-2.186297,7.85,3,82.68,25 / 27,0.75611372347202,-1.5657613026618367,-1.261944956753168,26.98866509458904,-0.999358023763984,-8.2779873384874,False,11.300000000001091,7.804870191685745,0.7413509903729553,73.62642085381266,6.71617356999768,7.839999999999474,84.57399999998916,7.048756468213725,2.307112293034792,46.63775575922362,7.715531593761663
12790710.0,-2.4746,-5.7167,9.4001,-0.0458,-0.0676,9.8063,0.1504,0.8054,-0.3568,296.26,-85.94,-164.44,52.211376,-2.186297,7.85,3,82.68,25 / 27,0.9328970456569673,-1.860580288371724,-1.2322699567535997,27.073115633044264,-1.170675103313169,-8.402698084160923,False,11.399999999999636,7.792843607754311,0.7618979623844636,74.40315710934419,6.794010017683455,7.830000000000181,84.41600000000287,6.859946562097344,2.6224782507561875,47.330041476299925,7.964685120996624
12790810.0,1.1935,1.1654,10.723,-0.0273,-0.0703,9.8063,0.0426,0.506,-0.5076,300.56,-85.91,-159.99,52.211376,-2.186297,7.85,3,82.68,25 / 27,1.0960375923753949,-2.1011670046309767,-1.206779956753507,27.17456236494625,-1.3687624679640247,-8.524650579836722,False,11.5,7.820754346849782,0.7844752680806695,75.17989336488974,6.871846467492615,7.859999999999999,84.272,6.724716754474387,2.885642272711646,48.00533099994348,8.24060893545664
12790910.0,0.1372,-2.1912,8.4307,0.0215,-0.0507,9.8065,-0.2365,-0.0892,-0.0518,293.44,-86.02,-166.92,52.211376,-2.186297,7.85,3,82.68,25 / 27,1.1629310910327184,-2.1419435199521017,-1.2297599567535904,27.28751079911707,-1.5809179941939504,-8.64647757551252,False,11.600000000000364,7.732047433846641,0.79739272041598,75.94981614446434,6.949682915174143,7.7730555555603,84.11200000000873,6.569116342813922,2.939336240368082,48.662305345347264,8.530600909368093
12791010.0,-0.0363,-2.6292,10.1291,-0.0575,0.0326,9.8063,0.2311,0.1344,0.1283,292.36,-86.14,-165.0,52.211376,-2.186297,7.85,3,82.68,25 / 27,1.3766090435749243,-2.3165482720109165,-1.282434956753782,27.414487805847912,-1.8038425837929124,-8.772087321188346,False,11.700000000000728,7.779882642423097,0.9934518194726002,76.72655240000951,7.060877841551245,7.843055555553009,82.72300000005053,6.403273598848172,3.310000091483517,49.3120645941616,8.864720425344158
12791109.0,-1.0587,-3.9366,9.8006,0.0316,0.0487,9.8064,-0.1093,0.0342,0.2397,287.84,-85.98,-168.84,52.211376,-2.186297,7.85,3,82.68,25 / 27,1.6595299659357432,-2.562417559169705,-1.2667731567537568,27.564776686818934,-2.0453513924367437,-8.898273122807174,False,11.799000000000888,7.6444577013197055,1.1413193208265564,77.48203061068703,7.170960819366407,7.729205555557899,81.50827000002501,5.9849277353839625,3.7037368799962618,49.9172539238681,9.21631221180315
12791210.0,1.3178,4.3399,9.2223,-0.0046,-0.1028,9.8061,-0.0758,0.388,-0.3835,291.17,-85.93,-165.71,52.211376,-2.186297,7.85,3,82.68,25 / 27,1.6466315045970694,-2.6199335304956164,-1.2965883567533873,27.731737841078772,-2.3070601224616,-9.02772287923768,False,11.899999999999636,7.656654929654938,0.9716052937458504,78.25958448334222,7.261028710163811,7.718055555555737,82.76799999997685,6.010023425057869,3.591538824241467,50.527846642263455,9.56808883262541
12791310.0,0.0842,-0.8665,8.1489,-0.0134,-0.011,9.8066,0.0709,-0.2146,0.1343,287.86,-85.89,-170.75,52.211376,-2.186297,7.85,3,82.68,25 / 27,1.5052255782348245,-2.5754693721724777,-1.4086933567537951,27.88933069522094,-2.56683026759595,-9.162986964913532,False,12.0,7.625229535838675,1.173498839272327,79.01588031111619,7.383343129675146,7.715,81.251,6.12000395760385,3.7489682114448044,51.12654961589525,9.950173397271096
12791410.0,1.4741,4.3709,10.3816,-0.0639,-0.0615,9.8062,0.243,0.4158,-0.2156,290.54,-85.87,-168.27,52.211376,-2.186297,7.85,3,82.68,27 / 27,1.3640562575570125,-2.525155574523708,-1.462833356753992,28.032794787011056,-2.821861514931687,-9.306563300589444,False,12.100000000000364,7.6870645288295245,1.4021050236787838,79.78580309066372,7.5278965340279616,7.813888888883492,79.66300000008665,6.323008271272512,3.9272605982024915,51.75300830365266,10.349758048959648
12791510.0,-0.8642,-4.0034,8.5374,0.0239,0.0299,9.8065,-0.3128,-0.5209,0.41,289.78,-85.71,-171.08,52.211376,-2.186297,7.85,3,82.68,27 / 27,1.3526522051091798,-2.573888788192683,-1.4975483567541181,28.168630210144862,-3.076813733068434,-9.454582386265388,False,12.200000000000728,7.654379998158906,1.3240672029803133,80.5489123943798,7.650210953541117,7.768055555557223,80.18599999998098,6.301727793049727,3.897955991172996,52.380282184234936,10.72702468660955
12791610.0,-2.7087,-4.2482,8.0434,-0.0385,-0.0615,9.8063,-0.1369,0.1028,-0.0034,293.94,-85.81,-169.98,52.211376,-2.186297,7.85,3,82.68,27 / 27,1.656675472467123,-2.9780147884371715,-1.6491733567546696,28.319096594024224,-3.3544089119009364,-9.611918471941399,False,12.300000000001091,7.7073035772102125,1.2929410538416992,81.32564864989777,7.7725253723457355,7.814999999999146,80.47699999999472,6.050628104743089,4.2709558422788705,53.00655205587355,11.126934284246673
12791709.0,2.5225,4.3785,11.6896,0.0913,0.0738,9.8059,-0.2847,-0.4289,0.5153,287.73,-85.72,-176.61,52.211376,-2.186297,7.85,3,82.68,27 / 27,1.6187684407585985,-3.0859226777544055,-1.6432482067546599,28.48123106772916,-3.654573816477905,-9.774893339335375,False,12.399000000001251,7.638870002284603,1.2820037345024689,82.08112686057505,7.893616647662313,7.745700000000153,80.47304000000001,6.020101561526004,4.367926412256875,53.5998957928459,11.548190464140218
12791810.0,3.0738,5.9469,10.3167,0.0092,-0.0174,9.8066,-0.1624,0.1809,-0.0937,293.99,-86.02,-171.3,52.211376,-2.186297,7.85,3,82.68,27 / 27,1.22822223841181,-2.7200096579716795,-1.522401706756157,28.62500409702548,-3.9477733994284394,-9.93475865996569,False,12.5,7.624415771220385,1.5383212840218088,82.85186725731556,8.050512689351198,7.7780555555555555,78.593,6.396193532808575,4.2583309419934885,54.22686316029008,11.998286088779636
12791910.0,-1.6929,-4.1955,9.071,0.0703,0.0484,9.8063,-0.4351,-0.0618,0.4738,293.88,-86.35,-170.01,52.211376,-2.186297,7.85,3,82.68,27 / 27,1.1646003959411344,-2.706451558948745,-1.533681706756198,28.744645228743565,-4.2190964602754475,-10.087562830641863,False,12.600000000000364,7.572975628374156,1.371191586426373,83.60816308503428,8.183946601279127,7.696111111115583,79.73699999993757,6.408375232433022,4.077643145375118,54.86351785629071,12.403043061554573
12792010.0,2.2066,4.6775,9.8129,-0.0595,-0.1228,9.8057,-0.1023,0.3873,-0.4235,296.16,-86.35,-167.18,52.211376,-2.186297,7.85,3,82.68,27 / 27,1.1472620525269162,-2.751802333678667,-1.5701517067563306,28.86023835116739,-4.4920091549078105,-10.242754501318053,False,12.700000000000728,7.6247837565009755,1.520952881108929,84.3712723887496,8.339619498774264,7.77499999999713,78.71900000003703,6.477521703974059,4.272755214787596,55.51103403758221,12.831628653682074
12792110.0,0.5087,-1.3591,11.4238,0.0691,-0.0516,9.8062,-0.0458,0.0715,-0.029,287.69,-86.41,-173.4,52.211376,-2.186297,7.85,3,82.68,27 / 27,1.049484267541001,-2.6316429589993318,-1.4889817067560354,28.970075667171184,-4.76118141954269,-10.395711171994229,False,12.800000000001091,7.494475458565482,1.6599757200363796,85.11394126466718,8.506411888695904,7.67611111111291,77.51100000002198,6.4449911910244815,4.291618679035711,56.14386559749599,13.267593308238595
12792211.0,1.315,1.4542,11.5005,-0.0145,-0.0668,9.8064,0.3107,0.3352,-0.3592,293.01,-86.04,-169.76,52.211376,-2.186297,7.85,3,82.68,27 / 27,1.0743491312153748,-2.62497270145592,-1.3217762067581071,29.07732925380705,-5.026640510392391,-10.537654446624934,False,12.90099999999984,7.402403317745039,1.8586671725147632,85.85688267959381,8.708564265284654,7.632200000002703,75.90474000001963,6.3280541865296644,4.4836398739706835,56.77955342578676,13.735204775677044
12792311.0,-0.9616,2.2942,8.204,-0.0586,-0.1126,9.8058,-0.0172,0.3516,-0.3424,294.2,-85.86,-165.8,52.211376,-2.186297,7.85,3,82.68,27 / 27,0.8972792677799095,-2.618356534041437,-1.3172162067580904,29.175910673757173,-5.288806972168213,-10.669604067301224,False,13.001000000000204,7.201266242144424,1.970963244242604,86.56575671494512,8.908603938952794,7.466119444444607,74.69316000000032,6.3039869743645145,4.589319778284041,57.38984604118795,14.197410911121008
12792411.0,0.9416,0.1926,10.2146,-0.0562,-0.0249,9.8064,0.1201,0.0824,0.0763,292.55,-85.88,-166.95,52.211376,-2.186297,7.85,3,82.68,27 / 27,0.7709379977002073,-2.653548554631556,-1.3769512067583076,29.259321537031482,-5.552402226602822,-10.804312437977535,False,13.101000000000568,7.31459664038665,1.9731379587141757,87.30140771059057,9.097857702873858,7.576055555560212,74.90355000001807,6.543658642686443,4.6266865133457316,58.042086173559085,14.650259929476679
12792510.0,-0.8173,-2.9792,9.7985,-0.008,-0.0517,9.8065,0.0659,0.4961,-0.2531,297.84,-85.76,-161.92,52.211376,-2.186297,7.85,3,82.68,27 / 27,0.8777927872739345,-2.7956927355949133,-1.3571611067582754,29.340933710887835,-5.822139670469468,-10.939650997496825,False,13.200000000000728,7.217879537661693,1.9932864778900727,88.00966853309694,9.307015360302513,7.488055555558789,74.56200000001255,6.3400867503877585,4.788979213484986,58.6687348222091,15.129155030771981
12792610.0,0.247,-1.3646,10.3508,-0.0162,-0.0274,9.8066,0.0424,0.3078,-0.2381,300.38,-85.78,-156.86,52.211376,-2.186297,7.85,3,82.68,27 / 27,1.0358822071521188,-3.0092221179135983,-1.3303611067581778,29.436617460609487,-6.11238541314595,-11.074027108173137,False,13.300000000001091,7.174809386918767,2.1285448462782477,88.72508350529995,9.52940521376728,7.4838888888889645,73.47600000001975,6.1389271797666485,5.1377669641918455,59.288466044690466,15.641790626913231
12792710.0,-0.3445,2.1187,10.297,-0.0024,-0.0502,9.8064,0.0456,0.1119,-0.2369,301.0,-85.81,-156.3,52.211376,-2.186297,7.85,3,82.68,27 / 27,0.979348462984511,-3.0767011112727523,-1.2786361067589305,29.537378994114853,-6.416681574600839,-11.204476968847095,False,13.399999999999636,7.179612999373152,2.0443537314361886,89.44049847751704,9.718436588537884,7.465000000000344,74.10599999998855,6.200264536388641,5.121054842708941,59.903119483402186,16.135118163138724
12792810.0,0.0112,-2.6815,11.7221,0.0429,-0.0822,9.8062,-0.2746,0.2839,-0.3203,299.32,-86.08,-157.93,52.211376,-2.186297,7.85,3,82.68,27 / 27,0.9756561445852634,-3.185686538842939,-1.1583461067584928,29.635129224493696,-6.729800957107763,-11.32632607952341,False,13.5,7.343801855075381,1.937162696675576,90.17635387749151,9.896348471593154,7.595,75.223,6.368145710490118,5.122849235518515,60.54122465299781,16.626149428700916
12792910.0,-0.6367,-1.8375,8.9604,0.0342,0.0456,9.8065,-0.2716,-0.0363,0.2046,297.71,-85.78,-159.55,52.211376,-2.186297,7.85,3,82.68,27 / 27,1.1405831682841303,-3.4059478970976595,-1.1048861067582982,29.74094119013755,-7.059382678905992,-11.43948769019966,False,13.600000000000364,7.382012098876247,1.9836669875971793,90.91220927743987,10.107618831909932,7.643888888886221,74.95900000001441,6.241428930592117,5.389614884694839,61.17126808730232,17.167001510815922
12793010.0,1.2311,4.2057,11.1612,-0.0042,0.0086,9.8066,-0.0282,0.0411,-0.1016,297.68,-86.01,-157.17,52.211376,-2.186297,7.85,3,82.68,27 / 27,1.0319164495500726,-3.4091165572013455,-1.0794711067582057,29.849566171029657,-7.400135901622182,-11.548705550875884,False,13.700000000000728,7.395563056954949,1.8970693373221301,91.66169162929795,10.285530714966818,7.635000000000323,75.61299999997621,6.363646607404877,5.306185894523476,61.81212545826829,17.685666616589
12793109.0,1.5163,0.4388,9.7561,-0.0048,0.065,9.8064,-0.0111,-0.1527,0.2843,297.11,-86.38,-158.25,52.211376,-2.186297,7.85,3,82.68,27 / 27,0.8737742706410109,-3.265437351894239,-1.0149231067581013,29.943897861679268,-7.730526320122948,-11.652378064445108,False,13.799000000000888,7.512785458489107,1.8618240465245266,92.410424498819,10.461663478490726,7.740049999997837,76.08126999999037,6.639011187848096,5.127261398418765,62.46652663713973,18.192189798613676
12793210.0,0.8294,4.1537,10.4877,0.0027,-0.0123,9.8065,0.0374,0.1602,-0.1217,303.05,-86.11,-152.22,52.211376,-2.186297,7.85,3,82.68,27 / 27,0.714706781791103,-3.1220498081331107,-0.9830828567584957,30.024116154826096,-8.053094421700333,-11.753277365601445,False,13.899999999999636,7.534807337998978,1.8430587330385881,93.17428328485848,10.641354480366388,7.756944444444157,76.25499999999693,6.8201005562078745,4.965108541171698,63.15016713003238,18.69444890206672
12793310.0,1.4664,-5.8926,10.3118,0.0317,0.0544,9.8064,0.0456,-0.4437,0.3728,301.02,-86.09,-154.37,52.211376,-2.186297,7.85,3,82.68,27 / 27,0.8296074870735703,-3.1458966129106276,-0.9237728567582799,30.10133186826961,-8.36649174275366,-11.84862015127763,False,14.0,7.431129266498445,1.8249853712987607,93.91013868483368,10.830385855846947,7.651944444444444,76.202,6.601521779424875,4.970881984209388,63.80880681656407,19.196877598600608
12793410.0,1.8343,1.3767,9.7784,-0.0162,0.034,9.8066,-0.0862,0.3748,-0.1609,301.49,-86.04,-153.61,52.211376,-2.186297,7.85,3,82.68,27 / 27,1.0863087230030097,-3.2039346995289484,-0.8999278567581931,30.19712767877379,-8.683983308376794,-11.939805186953786,False,14.100000000000364,7.499353173747124,1.982394786493489,94.65962103663797,11.03053672373884,7.756944444438715,75.19300000005506,6.413044450744115,5.186329486022437,64.46249335786419,19.714520032115633
12793509.0,-0.4983,-4.4644,11.5245,-0.0098,0.0315,9.8066,-0.1021,-0.447,0.2535,296.05,-86.21,-156.45,52.211376,-2.186297,7.85,3,82.68,27 / 27,1.244386595908142,-3.2932984909159546,-0.8162926567580578,30.312497097060078,-9.005596351304337,-12.024758102372978,False,14.199000000000524,7.472901683403901,1.8790109158803847,95.40160856497671,11.217677784764772,7.705519444446448,75.88599999997301,6.228515087495759,5.172309406796339,65.08911146791664,20.223274136069108
12793610.0,0.6335,2.6728,10.484,0.0357,-0.0569,9.8063,-0.0352,0.3212,-0.1206,303.86,-85.83,-151.34,52.211376,-2.186297,7.85,3,82.68,27 / 27,1.3205708382274157,-3.3974843723458092,-0.6953350567573782,30.44202744748465,-9.343480885900956,-12.101095301905936,False,14.300000000001091,7.575533596420874,1.955640067891777,96.16539921624317,11.419718966418934,7.823888888886726,75.5250000000067,6.254962758193458,5.353124440237586,65.72337176875853,20.76319985231989
12793709.0,1.2502,1.3931,10.358,0.0305,0.05,9.8064,0.0663,0.0478,0.0596,302.61,-85.76,-152.4,52.211376,-2.186297,7.85,3,82.68,27 / 27,1.1780502403102686,-3.2899752187213664,-0.6345144067572798,30.565709190872468,-9.674510135659316,-12.166922850350018,False,14.399000000001251,7.569206489718603,1.8347666741523394,96.90738674458203,11.595851729943249,7.788413888888967,76.37441999999812,6.3911562494083345,5.124741892873706,66.34167755370956,21.270361865602567
12793810.0,-0.128,3.7495,10.2348,0.0432,-0.0192,9.8065,-0.1358,0.1303,-0.1961,302.19,-85.75,-152.79,52.211376,-2.186297,7.85,3,82.68,27 / 27,0.9644364129720115,-3.1870357899479207,-0.5850496567578926,30.67390476686188,-10.001599191593062,-12.22851083555677,False,14.5,7.681363767533866,1.758138410597393,97.67799087177687,11.775542731818911,7.879999999999999,77.108,6.716927354561855,4.945174200545313,67.00408610491499,21.777141923411975
12793910.0,-0.6876,-2.8858,9.2266,0.0531,0.0393,9.8063,-0.1538,-0.1018,0.1499,298.97,-85.66,-155.64,52.211376,-2.186297,7.85,3,82.68,27 / 27,0.8901560722933549,-3.2759771910241327,-0.5926446567579201,30.766634391125486,-10.32474984064284,-12.287395551232775,False,14.600000000000364,7.7676493546910965,1.7620580303988553,98.45472712726588,11.953454614153708,7.964999999995362,77.21899999999394,6.877493282397742,5.038035221422988,67.68809273614039,22.278204454796548
12794010.0,1.2509,1.7712,10.183,-0.0042,-0.0222,9.8066,-0.0146,0.2979,-0.1318,301.63,-85.61,-153.11,52.211376,-2.186297,7.85,3,82.68,27 / 27,0.9357439566943087,-3.359793877054695,-0.6028296567579572,30.8579293925752,-10.656538394047988,-12.347169266908786,False,14.700000000000728,7.702683000995135,1.5992152695029076,99.21783643098235,12.109127511651273,7.866944444448012,78.27099999996173,6.766939044300827,4.9590091465576025,68.35990703840714,22.76566590569926
12794110.0,0.3335,3.0245,10.6616,0.0063,0.0222,9.8065,-0.0444,0.124,-0.0369,298.89,-85.7,-153.03,52.211376,-2.186297,7.85,3,82.68,27 / 27,0.7474583551561295,-3.25599781266882,-0.5412646567577332,30.942089508168028,-10.987327978535367,-12.404373982584778,False,14.800000000001091,7.785035653824843,1.4114123283568194,99.99457268655449,12.242561424297044,7.911944444443625,79.72399999997356,7.0375772986687135,4.6674101410256394,69.05248317838647,23.229889402832413
12794211.0,-1.3855,-1.6517,8.5682,-0.0446,-0.0669,9.8062,0.115,0.3182,-0.3294,301.28,-85.82,-153.74,52.211376,-2.186297,7.85,3,82.68,27 / 27,0.6355339524647972,-3.355035626806889,-0.5606314067574932,31.01193061970202,-11.321185167224753,-12.460019733791608,False,14.90099999999984,7.745802030416329,1.4424569594674799,100.7724672329784,12.399568660202883,7.878974999996749,79.45076999998756,7.110268077951532,4.797492586274369,69.76053661327637,23.720753827427636
12794310.0,-0.684,0.6057,8.8719,-0.0039,-0.0602,9.8064,0.0153,0.4259,-0.2436,303.64,-85.88,-148.91,52.211376,-2.186297,7.85,3,82.68,26 / 27,0.6018001986118003,-3.5495399451688923,-0.6682048067576671,31.07317866018041,-11.662961658038107,-12.520847126360707,False,15.0,7.962575402392703,1.372513373782083,101.56167214946099,12.531668233020877,8.08,80.22,7.360775203780903,4.922053318950975,70.48849348928059,24.194629891058984
12794410.0,-2.4513,-1.8417,9.619,-0.006,-0.0437,9.8065,0.1706,0.1788,-0.1153,308.64,-85.75,-146.77,52.211376,-2.186297,7.85,3,82.68,26 / 27,0.523273140640525,-3.7953531307104584,-0.7243248067578713,31.12943232714323,-12.03020631183341,-12.590473607036737,False,15.100000000000364,8.032702816776055,1.4529836407785939,102.36566230863475,12.676221637373692,8.163055555551024,79.7470000000258,7.509429676135531,5.248336771489052,71.23622998149152,24.706427949207104
12794510.0,3.8178,2.575,10.8521,0.005,-0.0428,9.8065,0.1116,0.333,-0.1985,307.0,-85.49,-147.95,52.211376,-2.186297,7.85,3,82.68,26 / 27,0.49857560708799986,-3.798696183987191,-0.6814348067577152,31.180524764529842,-12.409908777569674,-12.660761587712772,False,15.200000000000728,8.030455449187928,1.448235229032129,103.16965246792118,12.820775041737026,8.160000000000112,79.7769999999989,7.531879842099928,5.24693141301932,71.98912770339135,25.230683819306698
12794610.0,-0.5661,-2.0302,10.1814,-0.0344,-0.0547,9.8064,0.0889,-0.0138,-0.1496,306.45,-85.55,-148.48,52.211376,-2.186297,7.85,3,82.68,26 / 27,0.5448528687184886,-3.732489540594819,-0.6104248067574568,31.232696188320357,-12.786468063800145,-12.725354568388765,False,15.300000000001091,8.200265260343176,1.1740803990471451,103.98726957900983,12.931969969531806,8.283888888886635,81.85199999996226,7.6554123916246875,4.9065699396419635,72.75457339068947,25.71843803333195
12794710.0,-0.6816,-1.1504,10.5091,-0.0351,-0.0378,9.8064,0.1295,-0.0378,0.0435,311.31,-85.5,-144.0,52.211376,-2.186297,7.85,3,82.68,26 / 27,0.5968015096540188,-3.9585093481269444,-0.5565648067582405,31.28977890723815,-13.171018008230638,-12.7837040490637,False,15.399999999999636,8.130638632928259,1.3684810633492153,104.79807321419656,13.076523373891904,8.245000000000706,80.44600000002558,7.53383712327424,5.32699041147616,73.50829430695842,26.24754138212254
12794809.0,-0.7152,0.6359,10.1056,-0.0547,-0.0058,9.8064,0.0442,-0.2335,0.133,313.01,-85.58,-139.73,52.211376,-2.186297,7.85,3,82.68,26 / 27,0.5324062028473675,-4.10246756172002,-0.5069955067581602,31.345674689007062,-13.570036365268708,-12.836350284582847,False,15.498999999999796,8.235368989885641,1.1506671147090106,105.6075141541999,13.186606351007423,8.315399999999844,82.04583999999649,7.702962787038274,5.25313467642903,74.26183946519285,26.756642716276133
12794910.0,-0.301,-1.6723,11.7588,-0.056,-0.0456,9.8063,-0.1362,-0.839,0.0941,320.88,-85.38,-134.9,52.211376,-2.186297,7.85,3,82.68,26 / 27,0.4810009012407266,-4.256587232772976,-0.39331495675752126,31.396851747763797,-13.992168632392977,-12.881815962990645,False,15.600000000000364,8.219050288179837,1.2992699811132222,106.43330743634236,13.321152212199364,8.321111111110838,81.01700000005702,7.73804938693911,5.555857213886198,75.03645568857857,27.31332084459234
12795010.0,-2.3655,-12.0173,10.4437,0.0283,-0.0899,9.8061,-0.1291,-1.1546,0.9717,318.91,-85.37,-136.69,52.211376,-2.186297,7.85,3,82.68,26 / 27,0.7796763809357492,-4.933093231445611,-0.2638549567570502,31.45988561187285,-14.451652655605578,-12.914674458666493,False,15.700000000000728,8.224805289381537,1.0917257283640667,107.25773802337314,13.4323471385795,8.296944444445323,82.43899999994827,7.445128908445788,6.024818959809677,75.79785241150029,27.88399979418508
12795110.0,1.7257,4.3774,7.7991,-0.0241,-0.1553,9.8054,0.2327,-0.2393,0.2305,320.64,-85.0,-137.55,52.211376,-2.186297,7.85,3,82.68,26 / 27,0.9653279409526987,-5.311389640820636,-0.3323799567572994,31.54713582796759,-14.963876799220754,-12.944486204342319,False,15.800000000001091,8.25057661659187,1.1695299849562266,108.07535513446254,13.554661558091038,8.333055555554898,81.93200000000923,7.285248675639171,6.480919625776862,76.52821930649495,28.51853835731179
12795210.0,1.773,-4.4845,10.6127,0.0027,-0.0061,9.8066,-0.0655,-0.5825,0.2754,312.15,-84.88,-147.48,52.211376,-2.186297,7.85,3,82.68,26 / 27,1.0753577856275314,-5.246350604728433,-0.39245495675642517,31.649170114295117,-15.491763811490527,-12.980727950017478,False,15.899999999999636,8.253940408878988,1.236947212165035,108.89978572150568,13.676975977600755,8.346111111110872,81.47700000000827,7.178582623251456,6.483297816893468,77.25061560721056,29.168739789091283
12795310.0,0.6547,-0.5265,10.8043,-0.0127,-0.032,9.8066,-0.2352,0.2255,-0.0455,308.94,-84.73,-150.02,52.211376,-2.186297,7.85,3,82.68,26 / 26,1.306230680372155,-5.400584702801916,-0.302269956756097,31.768249537595533,-16.02411057686898,-13.01546419569323,False,16.0,8.264150455649748,1.0607146042610636,109.72421630853682,13.788170904687203,8.331944444444444,82.686,6.957919775277593,6.461299307062979,77.95596677094129,29.812281481556184
12795409.0,0.0528,0.9605,8.5013,-0.0621,-0.0069,9.8064,-0.209,0.2206,-0.0118,309.98,-84.9,-149.25,52.211376,-2.186297,7.85,3,82.68,26 / 26,1.2780345576024434,-5.437512168839667,-0.3175011067561216,31.896170666875484,-16.560596372016107,-13.046142863337135,False,16.09900000000016,8.269178501155903,1.0754509154767702,110.54040258963664,13.898253881794103,8.338819444444056,82.58997000000544,6.9911439435534595,6.512963084316437,78.64423192276115,30.458850253810212
12795510.0,1.4068,-3.5218,10.4313,-0.0353,0.0366,9.8065,-0.0262,-0.1401,0.0913,313.38,-85.2,-146.03,52.211376,-2.186297,7.85,3,82.68,26 / 26,1.382814706053482,-5.553271265968316,-0.3518764567563146,32.030543554690865,-17.11563093547703,-13.079946430294703,False,16.200000000000728,8.168937526982978,1.2156090487112972,111.35945053068298,14.02168025056937,8.258888888891798,81.53600000003831,6.786122820929496,6.768880314679613,79.32890697599211,31.137311186046396
12795610.0,0.426,0.9858,9.4826,-0.0159,-0.0072,9.8066,-0.0764,0.0986,-0.1264,310.24,-85.27,-146.85,52.211376,-2.186297,7.85,3,82.68,26 / 26,1.497616975025238,-5.652583929756628,-0.3368464567562599,32.17456513874532,-17.675923695265315,-13.114382575970456,False,16.30000000000109,8.19362694256512,1.2603878474745653,112.18388111771367,14.143994669373988,8.289999999999434,81.25500000000511,6.696009967539881,6.912971777231194,80.00931597896835,31.819918364639303
12795709.0,0.0142,0.8431,8.9192,0.0058,0.0381,9.8065,0.0386,-0.1881,0.0747,311.25,-85.44,-148.51,52.211376,-2.186297,7.85,3,82.68,26 / 26,1.4072462597282007,-5.654441205760135,-0.3968157067563568,32.31835586886585,-18.2356214394743,-13.15069885306439,False,16.39900000000125,8.209313351929524,1.3199279321393342,112.99332205771722,14.287102540393244,8.314749999999945,80.86593000000086,6.802067092201323,6.97436913789947,80.67496618885137,32.52272397986754
12795810.0,1.0801,1.163,10.0856,0.0106,-0.0062,9.8066,0.1153,0.0158,-0.0878,308.7,-85.41,-148.45,52.211376,-2.186297,7.85,3,82.68,26 / 26,1.328495797024744,-5.626094571814757,-0.42754495675597604,32.45651084273016,-18.805288496234773,-13.192329066571245,False,16.5,8.133823633448511,1.3115651807711464,113.81230186398953,14.42198198637945,8.238888888888889,80.84,6.805327836423767,6.937659752585903,81.35579102125936,33.22727048261422
12795910.0,-0.5782,-0.2365,9.7162,0.0044,0.0256,9.8066,0.0911,-0.0384,-0.0733,308.87,-85.57,-148.65,52.211376,-2.186297,7.85,3,82.68,26 / 26,1.2744498558883826,-5.657018651922649,-0.4181199567559417,32.58665812537629,-19.369444157423697,-13.234612312246995,False,16.600000000000364,8.253361689893026,1.2740006302302767,114.6367324509607,14.54429640517517,8.351111111104988,81.22499999997899,6.978911834004643,6.931019282152926,82.0500743255844,33.91374056259887
12796011.0,0.6725,0.5265,10.3356,0.0309,0.0135,9.8066,0.0774,-0.0542,0.0039,312.61,-85.63,-144.91,52.211376,-2.186297,7.85,3,82.68,26 / 26,1.2323188319417753,-5.72330406310839,-0.3959757067558172,32.71324994411242,-19.944150454535993,-13.27572414325457,False,16.70100000000093,8.179990911509963,1.2726949311076774,115.45564412248933,14.667833968875403,8.278411111112744,81.15649999997778,6.947672079568187,6.995998994216068,82.74239417837691,34.6119844234114
12796110.0,0.8432,0.4225,9.404,0.0206,-0.0022,9.8066,0.1154,0.1445,-0.0663,314.52,-85.52,-146.36,52.211376,-2.186297,7.85,3,82.68,26 / 26,1.2104312968695996,-5.7123941731233465,-0.3897238567558071,32.83416607548878,-20.51021751723038,-13.314616271648458,False,16.80000000000109,8.146958131739387,1.1739946009911808,116.25833972133702,14.788925243491732,8.23111111111198,81.79999999998817,6.936526834869787,6.886388774114527,83.42417364584824,35.29914276072211
12796210.0,1.0664,1.54,11.1392,0.0021,0.0274,9.8065,0.1291,0.1148,-0.1453,314.8,-85.7,-145.83,52.211376,-2.186297,7.85,3,82.68,26 / 26,1.166408433797605,-5.651084349834248,-0.3432288567564836,32.95300806202041,-21.07839144336999,-13.351263907323538,False,16.899999999999636,8.173761083478082,1.0272239710192086,117.07595683241118,14.889000678150866,8.238055555555428,82.83699999998115,7.007352649680477,6.678308320853456,84.12294877039076,35.96739212152086
12796310.0,-0.6984,-1.0431,10.7924,0.0178,0.0293,9.8065,-0.1411,0.1344,-0.0325,313.18,-86.01,-147.79,52.211464,-2.185273,8.24,3,80.75,26 / 26,1.1229147268658335,-5.6962722288860315,-0.2273138567560618,33.067474220053995,-21.64575927230807,-13.379791042999269,False,17.0,8.250954254803707,0.9287009442110731,117.9072008953841,14.977956618971277,8.303055555555554,83.57799999999999,7.128039527937874,6.624973173097104,84.8397266753301,36.623715891279346
12796409.0,0.5148,1.631,9.8457,-0.0023,0.0087,9.8066,0.0083,-0.0484,-0.0383,310.36,-85.96,-147.86,52.211464,-2.185273,8.24,3,80.75,26 / 26,0.8964877795923102,-4.897667452213519,-0.1500983182425827,33.16743464412384,-22.170159286523344,-13.398472945661732,False,17.09900000000016,8.169329506915604,0.7745709871224161,118.70989649414658,15.055014704276584,8.20598055556105,84.58383999994307,7.272841727323294,5.672238439335936,85.54246185002273,37.22517399079993
12796510.0,-0.8008,-1.0041,9.9052,0.0267,0.0373,9.8064,-0.0197,-0.1312,0.194,310.96,-85.94,-150.27,52.211464,-2.185273,8.24,3,80.75,26 / 26,0.8259063212041625,-4.967442008174948,-0.14314951824254354,33.254415546214545,-22.66834731427576,-13.413281961404314,False,17.200000000000728,8.163040239485928,0.7776721986393027,119.5288081656736,15.133629516461966,8.20000000000018,84.5580000000013,7.337133918281766,5.74511420681425,86.27439261945905,37.80197683073773
12796610.0,1.7908,1.0279,10.7537,0.0185,-0.0144,9.8066,-0.0143,0.0653,-0.0153,309.11,-85.71,-148.74,52.211464,-2.185273,8.24,3,80.75,26 / 26,0.8189597107329384,-5.007431976526189,-0.09086951824235324,33.3366588478117,-23.167091013512632,-13.424982913228602,False,17.30000000000109,8.250692232519297,0.7531949841973765,120.36005222864603,15.200346472431189,8.284999999998455,84.78399999999588,7.431732521786358,5.760626960723566,87.02339338083434,38.367437485943825
12796710.0,-0.4119,0.4333,9.5918,0.0303,0.0067,9.8065,-0.0824,-0.167,0.132,311.96,-85.51,-148.37,52.211464,-2.185273,8.24,3,80.75,26 / 26,0.7697876543125928,-4.984778924678156,-0.05425951824288596,33.41609621606282,-23.666701558565578,-13.432239365052759,False,17.399999999999636,8.185532981147844,0.8729027156426061,121.17766933972055,15.2893024139567,8.231944444445409,83.91300000001584,7.415745326835252,5.857681640320762,87.76157312365774,38.956003972522275
12796810.0,0.4968,0.7307,10.544,-0.0257,0.0019,9.8065,0.1149,0.0003,0.048,316.59,-85.54,-144.14,52.211464,-2.185273,8.24,3,80.75,26 / 26,0.691931997645075,-5.0178654301908745,-0.028134518242790875,33.48918219866097,-24.16683377631085,-13.436359066877058,False,17.5,8.207570978251404,0.7427590340374928,122.00209992677867,15.35601936992592,8.241111111111111,84.829,7.515638980606329,5.760624464228368,88.5129177281177,39.52285314623677
12796910.0,-1.4343,-0.6874,10.2606,-0.0097,0.0013,9.8066,0.0568,-0.1174,0.0281,317.08,-85.41,-142.97,52.211464,-2.185273,8.24,3,80.75,26 / 26,0.6114610045149386,-5.12228490423271,0.03143048175742591,33.55435184876921,-24.673841293033874,-13.436194268701326,False,17.600000000000364,8.229851867075846,0.7492648489478979,122.82653051372274,15.422736325889886,8.263888888887646,84.79800000000168,7.618390862560907,5.871549753180608,89.27217866495354,40.09657761892376
12797010.0,-1.418,-2.1427,9.4856,-0.0377,-0.0366,9.8064,0.0352,0.0617,-0.1089,316.98,-85.28,-143.07,52.211464,-2.185273,8.24,3,80.75,26 / 26,0.559057324716959,-5.396865115817148,0.03807548175745014,33.61287776523102,-25.19979879403828,-13.43271897052557,False,17.700000000000728,8.238596784892827,0.660112123773402,123.6509611007539,15.489453281858705,8.26499999999996,85.4189999999774,7.679539460175868,6.05697723959055,90.03808333552288,40.68925207589699
12797110.0,-1.4212,-3.3903,10.0991,-0.0062,-0.0037,9.8066,0.0751,-0.1604,0.0324,323.72,-85.24,-139.25,52.211464,-2.185273,8.24,3,80.75,26 / 26,0.5746700055951663,-5.7733132218696674,0.03664548175744498,33.66956413174683,-25.75830771092465,-13.428982922349812,False,17.80000000000109,8.163203902056303,0.7962378559351997,124.46857821187041,15.556170237827525,8.201944444445592,84.42900000001801,7.588533896461136,6.569551077804867,90.79901408012358,41.31447794875218
12797211.0,-0.8041,-1.7913,9.3354,-0.0097,-0.0438,9.8064,0.0346,0.2738,-0.1637,321.24,-85.19,-139.09,52.211464,-2.185273,8.24,3,80.75,26 / 26,0.5912278457949073,-6.119748519161385,0.027616081757556914,33.7284419732413,-26.358907328839276,-13.425737713392344,False,17.90099999999984,8.242062144942834,0.8045372360336869,125.30786217642262,15.623665558286099,8.281236111114024,84.42479000000193,7.650834299147927,6.924285755195072,91.57942020318131,41.98257288712537
12797310.0,1.2007,3.61,10.1156,-0.0203,-0.005,9.8066,0.0696,0.1319,-0.2531,325.37,-85.12,-137.65,52.211464,-2.185273,8.24,3,80.75,26 / 26,0.5112609205313143,-6.10083060038388,0.019582231757544005,33.78301516717454,-26.963825995257746,-13.423401396873343,False,18.0,8.061125917916025,0.8038968653194457,126.10381243406093,15.700723642896763,8.101111111111111,84.305,7.54986499738471,6.904727465703325,92.32079726688639,42.66454963815451
12797410.0,-0.9672,0.1046,9.6139,-0.017,-0.062,9.8063,0.0247,0.2823,-0.3257,323.92,-85.11,-138.96,52.211464,-2.185273,8.24,3,80.75,26 / 26,0.36198099985966703,-6.009759346989743,0.025392231757565192,33.82667726319425,-27.56935549262863,-13.421152673697579,False,18.100000000000364,8.07089524340177,0.9528252584272809,126.90780259326178,15.800799076135387,8.126944444443033,83.26700000005665,7.708914243542103,6.962584605417024,93.08112533006752,43.37015456876402
12797510.0,1.0573,3.6234,9.6778,0.0032,-0.0375,9.8065,0.0373,0.3615,-0.2182,317.23,-85.22,-142.37,52.211464,-2.185273,8.24,3,80.75,26 / 26,0.18665149253701868,-5.935977741426654,0.009312231757506687,33.854108887814185,-28.166642347051624,-13.419417450521818,False,18.200000000000728,8.15179801383144,0.9055836854769479,127.71860622846275,15.889755018370849,8.201944444441716,83.66099999998566,7.965146521294422,6.841561426903602,93.86449734064857,44.05639736542247
12797609.0,0.2332,0.1432,9.6716,-0.0025,-0.0086,9.8066,-0.0468,-0.1301,0.1193,319.0,-85.23,-143.53,52.211464,-2.185273,8.24,3,80.75,26 / 26,0.06186304345253614,-5.828130425691626,-0.0037508182425144143,33.866410357345686,-28.74896570132492,-13.419142160552825,False,18.299000000000888,8.167678980907475,0.7607521320860953,128.5280471683855,15.955804804780655,8.203044444444421,84.67871999997905,8.105815937454938,6.588882557777721,94.66163681103983,44.704770506105575
12797710.0,0.1233,2.6965,9.7128,-0.0239,-0.0429,9.8064,0.0003,0.2181,-0.1327,323.17,-85.21,-139.2,52.211464,-2.185273,8.24,3,80.75,26 / 26,-0.060762156158067765,-5.773416433762061,-0.015310268242371156,33.86646595215406,-29.33484381772007,-13.4201047454203,False,18.399999999999636,8.095010530977396,0.9110053446327188,129.34702697473838,16.056547407583956,8.146111111112146,83.57900000002019,8.155772687135464,6.68442177839478,95.48056102258433,45.39139122530403
12797810.0,-1.1084,-2.205,10.1982,-0.0009,0.0067,9.8065,0.0242,-0.0663,0.0894,323.6,-85.32,-139.01,52.211464,-2.185273,8.24,3,80.75,26 / 26,-0.16828194279483594,-5.8519207475681405,-0.00042526824231696805,33.85501374720637,-29.916110676788694,-13.420891522244537,False,18.5,8.090901780713075,0.910256947940383,130.15101713399784,16.145503349819013,8.141944444444444,83.581,8.259183723507912,6.762177695508523,96.29600338679147,46.06161402660771
12797910.0,0.6747,0.1844,10.4932,-0.0087,-0.0465,9.8065,0.0317,0.1822,-0.1677,323.86,-85.23,-138.59,52.211464,-2.185273,8.24,3,80.75,26 / 26,-0.17852204937690055,-6.014378727609451,0.05347973175787918,33.837673547597724,-30.509425650549733,-13.41823879906875,False,18.600000000000364,8.09672445546789,0.7995980894039136,130.96182076908602,16.22333979750054,8.136111111111429,84.3599999999575,8.27524650484479,6.813976817013364,97.1241472214883,46.73276544805027
12798010.0,-0.9416,-0.966,9.533,-0.0199,-0.0034,9.8066,0.0198,-0.0671,0.0018,321.93,-85.36,-138.3,52.211464,-2.185273,8.24,3,80.75,26 / 26,-0.18347610296096134,-5.204565841727935,0.06300602199426115,33.81957363998077,-31.07037287901864,-13.41241451138112,False,18.700000000000728,8.054136130944096,0.9407285456399336,131.7589974524583,16.323415231452554,8.10888888888988,83.33800000003717,8.237612233905057,6.145294387367868,97.93942381247751,47.39378811047119
12798110.0,-0.2509,1.3024,10.4373,-0.0261,-0.0218,9.8065,0.1116,0.1295,-0.1221,322.42,-85.37,-137.87,52.211464,-2.185273,8.24,3,80.75,26 / 26,-0.2914074871544631,-5.297245649559017,0.08085602199432615,33.79582946047491,-31.595463453584898,-13.405221409181665,False,18.80000000000109,7.915389119640255,1.0221299587717954,132.5493606598339,16.423490665405783,7.981111111113435,82.64200000001267,8.206796606794718,6.319375608330812,98.75353119935897,48.01895411899068
12798209.0,0.0564,0.9034,9.4737,-0.0056,0.0131,9.8066,0.0035,-0.0788,0.0635,320.48,-85.36,-139.64,52.211464,-2.185273,8.24,3,80.75,26 / 26,-0.41647163930634057,-5.286965584018926,0.09559217199435001,33.76078944371505,-32.119381909647856,-13.396487223579213,False,18.89900000000125,7.972783838313267,0.9527372665494032,133.33856557631634,16.522565345719528,8.029511111111004,83.1855099999988,8.389255477619608,6.239702850568329,99.57777613260129,48.641947255367384
12798310.0,0.6726,0.912,10.7159,-0.0242,-0.0025,9.8066,0.0532,-0.006,-0.0182,321.06,-85.43,-139.48,52.211464,-2.185273,8.24,3,80.75,26 / 27,-0.49559785443971144,-5.264308676946709,0.12469532199398939,33.71472993428144,-32.65222125982002,-13.38536270513294,False,19.0,7.902501451100505,0.9386794131454259,134.13690055056625,16.612522040884926,7.958055555555555,83.226,8.398099305540217,6.202988090092135,100.4221706162848,49.26474330070494
12798410.0,-0.3338,0.2808,9.4151,0.0095,0.0075,9.8066,-0.0275,0.0367,0.0218,322.82,-85.4,-140.2,52.211464,-2.185273,8.24,3,80.75,26 / 27,-0.5705847275555103,-5.276386539869294,0.15058032199408364,33.661420805181486,-33.179256020662734,-13.371598922933485,False,19.100000000000364,7.861470449957092,1.0253522596904256,134.91363680605528,16.72371696796308,7.928055555557193,82.56900000003586,8.432055177512602,6.301738799559719,101.2522160008738,49.90297298862582
12798510.0,0.6513,1.291,9.7514,0.0035,-0.0163,9.8065,0.0547,0.1061,-0.1065,322.36,-85.34,-141.13,52.211464,-2.185273,8.24,3,80.75,26 / 27,-0.6574968516006443,-5.273494709976128,0.12824032199400248,33.60001672622345,-33.706750083156926,-13.35765789073403,False,19.200000000000728,8.020294035280475,0.9549424831887067,135.71762696528606,16.812672908784503,8.076944444439029,83.20999999997667,8.67779088688112,6.228437193164835,102.1176102390626,50.519422991941425
12798609.0,0.1248,-0.6211,10.0738,-0.004,-0.0286,9.8066,-0.0092,-0.0534,0.022,320.98,-85.22,-141.33,52.211464,-2.185273,8.24,3,80.75,26 / 27,-0.5922030538873929,-4.498644548877709,0.1179199661949166,33.53815658090169,-34.190470976470976,-13.34547295646866,False,19.299000000000888,7.93578501318937,0.9935836963795772,136.50008654061338,16.911747589097843,7.997744444446075,82.86350000000714,8.527988067076762,5.492228245257286,102.96192995971168,51.10221856556882
12798710.0,0.832,2.7324,10.8096,-0.0154,-0.0259,9.8066,-0.015,0.1474,0.066,322.91,-85.17,-139.92,52.211464,-2.185273,8.24,3,80.75,26 / 27,-0.6684727587620541,-4.454110902917088,0.18206001619412193,33.474492452363684,-34.642585126781015,-13.3303239673582,False,19.399999999999636,8.038653069275297,1.0585942205459726,137.31198033196054,17.023943268406704,8.108055555553534,82.49800000000657,8.70712582803735,5.512705123463061,103.83748787959686,51.66652839518772
12798810.0,0.1655,0.4055,9.7311,0.0307,0.0523,9.8064,-0.1085,-0.41,0.3608,325.08,-85.02,-137.84,52.211464,-2.185273,8.24,3,80.75,26 / 27,-0.7756698343206418,-4.3665969070042925,0.22843001619429065,33.40228532270929,-35.08362051727869,-13.309799465738704,False,19.5,7.903918862557327,1.1696865452378593,138.09553006342136,17.146257688625766,7.989999999999999,81.582,8.67958869687797,5.536283452242152,104.69324474071207,52.229878205904456
12798910.0,-0.7367,-2.0674,9.44,-0.007,0.0039,9.8066,-0.0064,-0.254,0.1001,323.52,-85.06,-138.76,52.211464,-2.185273,8.24,3,80.75,26 / 27,-0.8021848301430445,-4.517888840377338,0.20632001619421023,33.32339258948582,-35.52784480464938,-13.2880619641192,False,19.600000000000364,7.966819523170139,0.8116282807272983,138.8995202225951,17.21297464458973,8.00805555555457,84.18299999985805,8.769004353313184,5.329517121104636,105.57612763310928,52.74081944923911
12799010.0,-0.1161,0.5764,8.9516,0.0162,0.0254,9.8066,-0.0931,-0.2488,0.1206,323.21,-85.06,-137.07,52.211464,-2.185273,8.24,3,80.75,26 / 27,-0.8446813797222589,-4.671809275841956,0.145235016193988,33.24104927899226,-35.98732971046202,-13.270484212499726,False,19.700000000000728,7.765777794541108,1.2523574802073763,139.6558160504256,17.368647542081227,7.866111111116275,80.83900000012166,8.610459174263367,5.924166756049332,106.41476677143336,53.35597725254325
12799110.0,-0.6981,-1.9433,10.1856,-0.0175,0.0482,9.8065,0.0063,-0.2841,0.2609,325.3,-85.23,-137.28,52.211464,-2.185273,8.24,3,80.75,26 / 27,-0.8934500254659463,-4.81963430888561,0.12143001619390144,33.15414270873253,-36.46190188970012,-13.257150960880283,False,19.80000000000109,7.88005421801334,1.0224613984251105,140.4529927337415,17.457603483611187,7.946111111109657,82.60699999996785,8.773504243479287,5.842095707310721,107.29885002500896,53.91950537331131
12799210.0,0.3892,2.9353,9.6242,0.0014,0.0432,9.8065,-0.0177,-0.179,0.201,326.6,-85.23,-136.63,52.211464,-2.185273,8.24,3,80.75,26 / 27,-0.9868391481152955,-4.852219437609554,0.13125501619375857,33.06012825005484,-36.94549457701785,-13.244516709261084,False,19.899999999999636,7.925217788785369,0.8061322688499508,141.24335594112966,17.535439932004486,7.966111111110747,84.19199999997117,8.912056936900665,5.658351706459505,108.18322769107482,54.48093450902233
12799310.0,1.0254,1.6693,10.3333,0.0051,0.0197,9.8066,0.0992,0.0374,0.0066,324.3,-85.11,-135.83,52.211464,-2.185273,8.24,3,80.75,26 / 27,-1.1133289288559796,-4.68782387369361,0.14846501619382121,32.95511984620589,-37.42249674258474,-13.230530707641655,False,20.0,7.863184709108087,1.050569692109777,142.02690567259026,17.64663485767548,7.933055555555556,82.39,8.976513637964066,5.738393565803387,109.07178582638437,55.06913160026022
12799410.0,-0.885,-0.9269,8.5571,-0.0055,0.0122,9.8065,0.1155,-0.0462,0.1107,327.06,-84.83,-135.9,52.211464,-2.185273,8.24,3,80.75,26 / 27,-1.1874711396054711,-4.719396415743202,0.11232001619368975,32.8400798427824,-37.892857757058295,-13.217491456022232,False,20.100000000000364,7.87236275585388,1.377345506136387,142.80364192810637,17.80230775657515,7.991944444441231,80.07600000012629,9.05983389545935,6.096741921879589,109.96356208532397,55.69516551363344
12799510.0,-0.1902,0.154,10.4148,-0.0306,-0.0297,9.8065,0.0959,0.0678,-0.1773,326.97,-84.76,-135.41,52.211464,-2.185273,8.24,3,80.75,26 / 27,-1.2682602230343878,-4.846112058872953,0.08025001619357314,32.71729327464996,-38.37113318079084,-13.207862954402835,False,20.200000000000728,8.146781580965825,1.0564917755941015,143.6280725151349,17.90238318982409,8.214999999991885,82.61099999990778,9.415041804000213,5.902603834467055,110.91077924048494,56.27351637061493
12799609.0,0.7867,1.4712,9.3285,-0.044,-0.0128,9.8065,0.0472,-0.0093,-0.0924,322.48,-84.91,-137.73,52.211464,-2.185273,8.24,3,80.75,26 / 27,-1.347233235662551,-4.8298969148578355,0.08668501619358358,32.58782634844425,-38.85009562499129,-13.199599670299657,False,20.299000000000888,8.122656781701462,0.8457965127860706,144.43076811392947,17.968432976234304,8.166600000000997,84.05540999997027,9.469890017364012,5.675693427643906,111.84294176548522,56.818528601225594
12799710.0,0.3576,0.4366,10.5624,-0.056,0.0007,9.8065,0.0631,0.0088,0.0756,327.94,-85.1,-133.08,52.211464,-2.185273,8.24,3,80.75,26 / 27,-1.4124607500905637,-4.785878411551094,0.10070381619340996,32.44846180216545,-39.33569227896893,-13.19013653426423,False,20.399999999999636,7.838692238403865,1.1319469915398193,145.208798929927,18.102534057728118,7.920000000004476,81.7830000000416,9.251152988494429,5.917825403090913,112.76033712776157,57.43822633669704
12799810.0,-0.6601,-0.2336,10.6139,0.0024,0.0002,9.8066,-0.0071,-0.0647,0.0106,332.7,-84.93,-130.58,52.211464,-2.185273,8.24,3,80.75,26 / 27,-1.493152846988473,-4.84500593635315,0.17885381619369428,32.30318112231097,-39.817236496365894,-13.176158652644824,False,20.5,7.797827520247279,0.9954666572561511,145.9923486613872,18.19148999925646,7.861111111111111,82.725,9.290980367235752,5.840472593609301,113.68916753907624,58.008726495622355
12799910.0,0.6493,-0.6635,10.0843,-0.0086,0.0276,9.8065,0.1926,-0.1258,0.0275,331.24,-85.07,-131.99,52.211464,-2.185273,8.24,3,80.75,26 / 27,-1.5347858059977455,-4.94387280321855,0.23309881619389167,32.15178418966111,-40.30668043334626,-13.15556102102537,False,20.600000000000364,7.8896758294076506,1.1364979773159,146.77589839281774,18.313804418759503,7.971111111105109,81.8030000000503,9.424461635405397,6.08037078053445,114.62411420315664,58.62048485210576
12800010.0,-1.9485,-0.3547,9.653,-0.0113,-0.0261,9.8065,0.2369,0.1382,-0.0585,327.71,-84.82,-134.52,52.211464,-2.185273,8.24,3,80.75,26 / 27,-1.6226423089493882,-5.086881422982479,0.23929881619391433,31.993912783913178,-40.808218144658134,-13.131941139405894,False,20.700000000000728,8.179460171084928,1.0679883944607003,147.60032897984667,18.413879852713944,8.248888888878783,82.56099999997244,9.802102480034316,6.1548698174431795,115.60641619593349,59.222097997372074
12800109.0,1.1242,6.4047,10.4593,-0.0343,0.0171,9.8065,0.2674,0.1294,-0.5017,324.28,-84.68,-137.41,52.211464,-2.185273,8.24,3,80.75,26 / 27,-1.8896468544788656,-4.928708000171628,0.2639993161939544,31.8200544703232,-41.30398982110506,-13.107027881852655,False,20.799000000000888,8.264062177767007,0.8950795783275051,148.41651526100586,18.50194623412618,8.312413888887582,83.81829999997413,10.153709032245873,5.823787578499133,116.59646079068266,59.80593605523124
12800210.0,-1.6373,3.5608,6.739,0.0426,-0.1081,9.806,-0.2373,0.5827,-0.6179,310.69,-85.04,-148.02,52.211464,-2.185273,8.24,3,80.75,26 / 27,-2.2679059721928034,-4.652161070631687,0.14204181619546563,31.61009805257888,-41.78782370917464,-13.086522804667243,False,20.899999999999636,8.125930540449591,0.8580848687363437,149.23556320203755,18.591791735060475,8.171111111113692,83.97199999999745,10.393836512642395,5.510245939368031,117.62546514945868,60.379615444235114
12800311.0,1.7398,3.984,9.0155,-0.0151,-0.0151,9.8065,0.0372,0.4323,-0.0587,310.49,-84.9,-148.41,52.211464,-2.185273,8.24,3,80.75,26 / 26,-2.590464398676704,-4.479352100163545,-0.052827583805629325,31.36475034884859,-42.24896512430239,-13.082017485931532,False,21.001000000000204,8.129077377200193,0.8638677348410608,150.05467927786916,18.670406548646557,8.174855555555817,83.933860000001,10.719541775876898,5.343219835004605,118.68992892902057,60.91937167294894
12800410.0,0.8676,-0.7941,6.8796,-0.0618,-0.0219,9.8063,-0.1004,0.0151,0.2747,315.27,-84.89,-141.53,52.211464,-2.185273,8.24,3,80.75,26 / 26,-2.6650130932364253,-4.359577150363013,-0.23687848380592688,31.10460421299847,-42.68649212220416,-13.096357936278327,False,21.100000000000364,8.316162543871013,0.7842051121675521,150.87761090009738,18.747464632551363,8.353055555545733,84.61299999996257,10.981175637107437,5.143782262530565,119.77300668709891,61.43395675475552
12800510.0,-1.3568,3.9612,7.8185,-0.053,-0.1043,9.8059,-0.2992,0.3369,-0.2046,325.28,-84.76,-131.94,52.211464,-2.185273,8.24,3,80.75,26 / 26,-2.8232941425219575,-4.304063376288074,-0.4826384838068209,30.830188851209552,-43.11967414853829,-13.132333784659096,False,21.200000000000728,8.258774119269429,0.9557188413430704,151.70204148715604,18.847540066503377,8.313888888890313,83.39900000004417,11.082068261791386,5.259782217631145,120.87185263594648,61.967214215041665
12800610.0,-0.415,0.7192,11.3637,-0.0983,0.0132,9.8061,0.2754,-0.4544,-0.0216,332.16,-85.18,-126.15,52.211464,-2.185273,8.24,3,80.75,26 / 26,-3.0854923963628416,-4.2210029444166075,-0.5041934838068992,30.53474952426424,-43.54592746457507,-13.181675383039961,False,21.30000000000109,8.354409359005485,1.1408467803883002,152.53328555010185,18.969854485307188,8.431944444442296,82.22400000002136,11.439901755368327,5.361849724804908,121.99853602583761,62.51578194988226
12800710.0,0.5088,-1.6516,12.2646,-0.0241,0.0378,9.8065,0.313,-0.1973,0.2076,335.75,-85.52,-123.11,52.211464,-2.185273,8.24,3,80.75,26 / 26,-3.1276158957271014,-4.321417816968456,-0.30344348380982045,30.22409410966426,-43.97304850263811,-13.222057231420209,False,21.399999999999636,8.239583791546474,1.1090569863223683,153.3577161371181,19.081049412391614,8.313888888891036,82.333999999998,11.367199687273576,5.430474803290824,123.13362202745384,63.05409791502972
12800810.0,2.2572,0.9705,8.9833,0.1419,-0.0443,9.8055,0.0138,0.0926,0.0176,324.03,-84.21,-134.95,52.211464,-2.185273,8.24,3,80.75,26 / 26,-3.067225565391793,-4.34248240388851,-0.22171348380952308,29.914352036607188,-44.40624351368253,-13.248315079801271,False,21.5,8.426304157334014,0.9072062875087986,154.2025871519478,19.170005353212225,8.475,83.855,11.493529722725807,5.249688691397308,124.28823511534061,63.57624886689476
12800909.0,1.0558,-1.0118,8.2452,0.0889,-0.0259,9.8061,-0.1062,0.0494,0.1586,323.66,-83.67,-137.04,52.211464,-2.185273,8.24,3,80.75,26 / 26,-2.985708754190714,-4.314735670968121,-0.33976108380971387,29.61473178778737,-44.83477580838863,-13.276108070898468,False,21.59900000000016,8.536385627778115,0.9478694838650807,155.04575479769545,19.2580717353179,8.588849999993556,83.66393000001082,11.522094381968829,5.262605154833201,125.43102300990807,64.09284754370653
12801010.0,2.2621,-0.3871,9.5913,-0.0211,0.0084,9.8065,-0.1662,-0.0993,0.1567,326.58,-83.42,-134.27,52.211464,-2.185273,8.24,3,80.75,26 / 26,-2.8613964795239473,-4.345214704236844,-0.42948948381021795,29.31945297348312,-45.272103302338934,-13.314955224563493,False,21.700000000000728,8.479819843922646,0.9340836176572794,155.90595613337575,19.35903672939323,8.531111111113253,83.71399999999811,11.341216323446593,5.279298321894124,126.58650315989263,64.63114003173217
12801110.0,-1.1111,-1.5767,8.9892,-0.0576,-0.0032,9.8065,-0.155,0.0485,-0.0348,331.39,-83.68,-129.82,52.211464,-2.185273,8.24,3,80.75,26 / 26,-2.8261878198748938,-4.4578748405201125,-0.4811294838104057,29.035073758512144,-45.71225777957838,-13.36048617294469,False,21.80000000000109,8.504232323771701,0.8834775511073549,156.75082714815187,19.447992670213846,8.549999999999658,84.06899999999355,11.330420143646595,5.341352391627467,127.71575338963973,65.16025044979223
12801210.0,0.7891,-1.1585,9.8781,0.0415,0.0013,9.8066,-0.0594,0.0461,-0.0561,335.97,-84.16,-126.54,52.211464,-2.185273,8.24,3,80.75,26 / 26,-2.8413832139556345,-4.648491225031682,-0.5184294838098629,28.751695206824742,-46.167576082849344,-13.410464121324976,False,21.899999999999636,8.701842517159204,0.8276232616895405,157.62976554259401,19.52582911789982,8.741111111107635,84.56699999999095,11.543225731114838,5.476114486721222,128.87807033576928,65.69340520074917
12801310.0,0.8766,-0.4683,8.966,0.0264,-0.0091,9.8065,-0.1161,-0.1165,0.0393,333.52,-84.22,-130.87,52.211464,-2.185273,8.24,3,80.75,26 / 27,-2.7969878512161745,-4.743548149838511,-0.5568894838100028,28.469776653565127,-46.63717805159456,-13.464230069706165,False,22.0,8.729247943621559,0.7199756292264495,158.50189046111095,19.592546073868846,8.758888888888889,85.285,11.526235794837733,5.4635237790649605,130.0321138075458,66.2297241254634
12801411.0,4.1804,1.8713,10.2859,0.0628,0.0309,9.8063,0.0206,-0.2222,0.2364,331.77,-83.92,-132.33,52.211464,-2.185273,8.24,3,80.75,26 / 27,-2.6689290616865864,-4.6216012315602555,-0.5751401838101053,28.193747849461985,-47.110118095357855,-13.521397567921301,False,22.101000000000568,8.743354387407487,0.6223049985494251,159.38961823942475,19.63791360439606,8.765488888886326,85.92892000005804,11.412283449094074,5.243906230109681,131.19587038996275,66.74803169975391
12801509.0,-0.5199,-3.9844,10.9729,-0.026,-0.0252,9.8065,-0.1256,0.2751,-0.1947,328.65,-83.68,-134.8,52.211464,-2.185273,8.24,3,80.75,26 / 27,-2.511001124640989,-4.684421726618727,-0.49451068381014124,27.939931270332046,-47.566113220308424,-13.57381046043467,False,22.199000000000524,8.777708661068083,0.7921895071271007,160.2509778659643,19.725090427092688,8.813399999998113,84.84308000004273,11.288709785709072,5.476611233745828,132.31104659563226,67.29120364740112
12801610.0,0.6645,2.4192,9.4464,0.017,-0.0289,9.8065,-0.3274,0.4674,-0.1334,330.2,-83.75,-134.16,52.211464,-2.185273,8.24,3,80.75,26 / 27,-2.520290474155173,-4.810436472812814,-0.4538076838099125,27.685851044591413,-48.045603559382414,-13.621700537999752,False,22.30000000000109,8.549097734338885,0.7963868037195084,161.10463826471457,19.803816435610383,8.586111111115253,84.6780000000028,11.069388208494058,5.606823276532323,133.41878722012316,67.8494199949928
12801710.0,0.9652,-2.0082,11.4752,0.0099,0.0141,9.8066,0.1017,-0.1842,0.0869,333.74,-84.07,-131.76,52.211464,-2.185273,8.24,3,80.75,26 / 27,-2.5259263365880575,-4.817518453890729,-0.38839268381086434,27.433540204057923,-48.527001305710584,-13.663810556380177,False,22.399999999999636,8.664988618866715,0.8219817668272451,161.9767631831879,19.88165288400348,8.703888888886746,84.58100000000177,11.190914955454772,5.6395002207179745,134.54322297912998,68.40865418971407
12801810.0,0.9023,-0.4095,10.6448,0.0448,-0.0522,9.8064,-0.0485,0.1262,-0.155,328.65,-83.83,-133.22,52.211464,-2.185273,8.24,3,80.75,26 / 27,-2.45025228495059,-4.940894322622494,-0.26305768381040834,27.184731272980084,-49.01492194453802,-13.696383074761359,False,22.5,8.59188899532279,0.9742133838948158,162.8284476739603,19.981728317956303,8.646944444444445,83.531,11.04214128027338,5.91510770651731,135.64371640098022,68.99665026249431
12801910.0,1.3303,-2.3448,10.5867,-0.0138,0.0315,9.8065,0.1706,-0.4498,0.2023,331.05,-84.17,-133.68,52.211464,-2.185273,8.24,3,80.75,26 / 27,-2.3459355052005018,-5.067436759573031,-0.18214768381011393,26.944921883471658,-49.51533849864961,-13.718643343142466,False,22.600000000000364,8.571248775722491,1.014777530809678,163.6869456405848,20.081803751902253,8.631111111111974,83.24800000001544,10.917184280922992,6.0822142903827086,136.74202375711315,69.59714225055187
12802010.0,0.3507,-0.8445,11.0049,-0.0123,0.0035,9.8066,0.1048,-0.0873,0.1534,327.6,-83.83,-133.82,52.211464,-2.185273,8.24,3,80.75,26 / 27,-2.2527833067286793,-5.226752026138247,-0.08323268380975403,26.71498594287436,-50.03004793793705,-13.731912361523507,False,22.700000000000728,8.627411026624456,1.0730717543503956,164.5522570831321,20.19299867969521,8.693888888886605,82.91000000001229,10.880194333353135,6.2998237804886426,137.83727114025774,70.22304661763226
12802110.0,-0.628,4.4175,8.2708,-0.0169,0.0524,9.8065,0.1124,-0.4896,0.3277,328.91,-83.59,-132.82,52.211464,-2.185273,8.24,3,80.75,26 / 27,-2.4143720193107505,-5.143860095989527,-0.10011268380981544,26.48162817657154,-50.54857854404533,-13.741079629904519,False,22.80000000000109,8.519110138023573,1.1848522278882534,165.3971280979629,20.30419360607414,8.601111111112798,82.08200000001507,10.933482157334323,6.32871232387778,138.91549992139136,70.85277215011946
12802210.0,0.2474,0.3983,10.5779,-0.0384,0.0367,9.8064,0.1881,-0.5346,0.2741,325.67,-83.68,-133.44,52.211464,-2.185273,8.24,3,80.75,26 / 27,-2.6133058133228877,-5.012237457855507,-0.13834268380925913,26.230244284943517,-51.05638342173019,-13.753002398285298,False,22.899999999999636,8.453457263710295,1.4794697489840136,166.2419991127505,20.459866503566847,8.581944444444792,80.07300000003656,11.066763077033183,6.4917072068395205,140.01175482780698,71.51624992529703
12802310.0,1.4388,7.0671,8.0145,-0.0227,0.0753,9.8063,0.0366,-0.2408,0.1556,326.46,-83.51,-132.62,52.211464,-2.185273,8.24,3,80.75,27 / 27,-2.8051910254498535,-4.720506537359309,-0.1893876838094448,25.959319443003896,-51.5430206214927,-13.769388916666294,False,23.0,8.421738736678767,1.6562485685661428,167.0800566516387,20.637778385914185,8.583055555555555,78.874,11.22692976212862,6.376755105925453,141.1207372086348,72.18079900740689
12802410.0,-0.0977,-2.3973,9.4611,-0.009,0.0748,9.8063,0.0623,-0.7298,0.3931,327.44,-83.82,-133.82,52.211464,-2.185273,8.24,3,80.75,27 / 27,-2.9366796023809862,-4.554984881550208,-0.29627268380983357,25.67222591161131,-52.00679519243987,-13.793671935047346,False,23.100000000000364,8.352538069098559,1.9758417127914252,167.91130071455137,20.83792925380608,8.583055555555555,76.69100000011913,11.289217671479545,6.530826594341633,142.23907480294005,72.84472444624595
12802510.0,1.6118,7.3146,7.8751,0.019,0.0118,9.8066,-0.1771,0.4023,-0.235,326.5,-83.67,-134.53,52.211464,-2.185273,8.24,3,80.75,27 / 27,-3.0675747739634653,-4.374255703300845,-0.4101276838102477,25.372013192792995,-52.45325722168404,-13.828991953428478,False,23.200000000000728,8.31701450738695,2.1405531783208507,168.73573130155583,21.049199614137624,8.588055555555375,75.56700000004088,11.384589281350415,6.514808881621695,143.36371810876284,73.50245683582166
12802610.0,0.2956,-1.5646,9.4517,0.0045,0.1113,9.806,-0.0824,-0.2514,0.1722,325.71,-84.04,-135.97,52.211464,-2.185273,8.24,3,80.75,27 / 27,-3.2015891341300753,-4.14702661932503,-0.5244526838106636,25.058554997387176,-52.87932133781688,-13.875720971809693,False,23.30000000000109,8.190992945671125,2.4203746768474597,169.5533484126994,21.304947945585585,8.541111111111965,73.5380000000369,11.392582079801201,6.5674012961724895,144.49479341531222,74.18426928340247
12802710.0,-0.544,-3.6343,11.1614,0.0253,-0.0679,9.8064,-0.0265,0.7766,-0.5242,324.89,-84.21,-136.83,52.211464,-2.185273,8.24,3,80.75,27 / 27,-3.1177525962611354,-4.434326170255321,-0.4744626838113909,24.742587910872214,-53.30838897728966,-13.925666740190069,False,23.399999999999636,8.184633095643546,2.5004191611940287,170.3709655237737,21.54957678460522,8.558055555555246,73.01200000000956,11.302385691904682,6.93474533144935,145.6283776129015,74.85796576189489
12802810.0,-1.6335,-3.4244,8.987,0.0471,0.0122,9.8065,-0.1618,0.313,-0.1372,322.71,-84.11,-138.83,52.211464,-2.185273,8.24,3,80.75,27 / 27,-3.049673080854126,-4.852419688338958,-0.4477076838112935,24.434216627015328,-53.772726270221064,-13.971775258571371,False,23.5,8.12154072123608,2.6278830290822897,171.18176915894804,21.816444607772766,8.536111111111111,72.07,11.171213802090206,7.480302717421248,146.7475525319327,75.58917087799384
12802910.0,0.2879,-1.7185,11.1114,-0.0143,-0.0795,9.8063,0.0609,0.7388,-0.428,323.32,-84.41,-138.89,52.211464,-2.185273,8.24,3,80.75,27 / 27,-3.000054962055892,-5.167259399994811,-0.4234526838112052,24.131730224868726,-54.27371022463957,-14.015333276952655,False,23.600000000000364,7.834091950287026,3.006284915569709,171.95169193854974,22.127790402742818,8.391111111119022,69.0060000001672,10.834146912342918,8.17354431556452,147.819961713681,76.40150062738239
12803009.0,0.9883,6.8924,9.5543,0.0332,-0.0342,9.8064,-0.1395,0.8969,-0.3304,321.13,-84.17,-138.27,52.211464,-2.185273,8.24,3,80.75,27 / 27,-3.1643643272921764,-4.99946885680811,-0.371358883811121,23.826591470045503,-54.77696327335213,-14.054676449550023,False,23.699000000000524,7.829508220099709,3.107264110145258,172.7274061727201,22.436022739784967,8.423561111109848,68.3535900000254,10.993872547391884,8.106732966953368,148.90081470267458,77.2129860131371
12803110.0,-0.4712,0.2079,9.6647,-0.0047,-0.0022,9.8066,-0.0054,0.1424,0.0032,320.64,-84.43,-138.94,52.211464,-2.185273,8.24,3,80.75,27 / 27,-3.418902216861616,-4.77554602732537,-0.39127103381123285,23.49413650956387,-55.27060152500364,-14.093189260390169,False,23.80000000000109,7.785060748812997,3.382294524648554,173.51197792555524,22.783840470004094,8.488055555554388,66.51700000003328,11.203962965674613,8.157840551973923,150.01784141599137,78.05444199500774
12803210.0,0.2598,4.0533,8.6968,0.0122,-0.042,9.8065,-0.075,0.2934,-0.2614,316.78,-84.47,-140.04,52.211464,-2.185273,8.24,3,80.75,27 / 27,-3.619698681361359,-4.6983627052934995,-0.453861033810322,23.142206464657843,-55.74429696162769,-14.13544586377063,False,23.899999999999636,7.502405211362464,3.8266257028673847,174.2546468014592,23.184142205808712,8.421944444445648,62.97600000006442,11.122103892723823,8.524988408160883,151.11244033680134,78.92843916743641
12803310.0,-0.662,3.6032,9.2118,0.0074,-0.019,9.8066,0.0809,0.3171,-0.0398,314.54,-84.59,-142.18,52.211464,-2.185273,8.24,3,80.75,27 / 27,-3.943406945083012,-4.51391053817115,-0.5390960338106321,22.76405118333425,-56.2049106238026,-14.18509371715186,False,24.0,7.369355554294717,4.025080709435776,174.98368872554641,23.584443941621625,8.396944444444443,61.357,11.31276249937773,8.538991247606926,152.21963754221215,79.78935456542422
12803410.0,-1.502,5.4065,11.4462,-0.0258,0.0045,9.8066,0.041,0.4535,0.0092,312.94,-84.44,-140.86,52.211464,-2.185273,8.24,3,80.75,27 / 27,-4.384322935309488,-4.358263904293133,-0.48686103381044205,22.34766468931311,-56.648519345927426,-14.236391570533101,False,24.100000000000364,7.183354442324459,4.231319135416417,175.69229022175588,24.018104155387395,8.336944444447719,59.50000000010134,11.567677377633947,8.589583039709549,153.34462553244276,80.66662350131482
12803510.0,-1.2217,-0.8568,9.7833,-0.05,-0.0845,9.8061,0.1582,0.7151,-0.1724,320.72,-84.24,-133.65,52.211464,-2.185273,8.24,3,80.75,27 / 27,-4.697729232024376,-4.3747817789258345,-0.406051033810148,21.893562080944765,-57.08517163008996,-14.281037173914292,False,24.200000000000728,6.866297003580998,4.727019559446804,176.37363781438583,24.496242340299716,8.336111111111142,55.45500000014715,11.564026235605375,9.101801338372638,154.48007573344105,81.58141397038968
12803610.0,1.3987,11.5378,9.702,-0.0344,-0.1459,9.8055,0.2305,1.3586,-0.6586,317.66,-84.04,-133.9,52.211464,-2.185273,8.24,3,80.75,27 / 27,-5.1020336225915734,-4.045215840841046,-0.41245103381017123,21.403573938212183,-57.506171511079835,-14.321962277295457,False,24.30000000000109,6.7115157808683445,4.8524385317111465,177.04135845510376,24.98550001693243,8.28194444444543,54.13300000002405,11.813549403459918,8.897654372552193,155.63778451689157,82.49167152801226
12803709.0,-1.2544,-0.8047,9.8038,-0.0167,-0.0464,9.8064,0.0591,0.1998,0.0005,315.06,-84.26,-136.37,52.211464,-2.185273,8.24,3,80.75,27 / 27,-5.494573440412492,-3.722116657914954,-0.4177722838101797,20.879041888592635,-57.890654469768876,-14.363058331517731,False,24.39900000000125,6.3948630619312725,5.327531762122893,177.66192984245208,25.52490660710531,8.323469444444354,50.20270000000866,11.889436502343765,9.049648420037848,156.78288795385944,83.41556107687418
12803810.0,-1.5839,0.9012,9.5946,-0.0161,-0.0664,9.8063,0.0856,-0.4406,0.3081,311.96,-84.5,-139.27,52.211464,-2.185273,8.24,3,80.75,27 / 27,-5.638344677898118,-3.9018853626189536,-0.4286247338100452,20.316829523624914,-58.27566657180107,-14.405801380907024,False,24.5,6.051388545133491,5.505567698990982,178.26097064583962,26.08632979111414,8.181111111111111,47.70399999999999,11.68973322303161,9.407453061609935,157.94414112221472,84.3619963629152
12803910.0,-1.6741,-3.8054,11.0067,-0.0314,0.0538,9.8064,0.1837,-0.2234,0.3747,315.15,-84.08,-135.93,52.211464,-2.185273,8.24,3,80.75,27 / 27,-5.6899306844544215,-4.200983859888573,-0.3792247338098654,19.750415755505227,-58.680810032927916,-14.446193854288166,False,24.600000000000364,6.011980558561134,5.598420738337917,178.86055652725597,26.64230442438295,8.21499999999815,47.04000000003624,11.701911243015555,9.79940459822649,159.11014077175074,85.32311445731087
12804009.0,2.2063,5.0612,12.0379,-0.0321,-0.0366,9.8065,0.3674,0.4332,-0.1973,311.93,-83.85,-136.11,52.211464,-2.185273,8.24,3,80.75,27 / 27,-5.768793983618689,-4.219967363577817,-0.20937538380959064,19.18320888443469,-59.09764711849017,-14.475329560110376,False,24.699000000000524,5.685946193334897,5.75494388920054,179.41367450291423,27.214735906359625,8.090150000004863,44.65410000009294,11.454740176953585,9.974911252778357,160.23046561847954,86.3123830248498
12804110.0,-0.8471,7.6645,7.5231,-0.0554,0.0735,9.8062,0.1116,-0.2004,0.46,305.72,-83.75,-139.08,52.211464,-2.185273,8.24,3,80.75,27 / 27,-6.257546073667211,-3.8551960241603327,-0.2120165338096054,18.57587871153834,-59.505442869573244,-14.496609851950264,False,24.80000000000109,5.346857492974645,6.0926309830393235,179.94389919951757,27.843209632526175,8.106111111110797,41.270000000061124,11.604403566641857,9.947827007199656,161.36802048797924,87.34865250209941
12804210.0,0.5194,7.9606,11.894,-0.0489,-0.067,9.8062,0.1696,0.3078,-0.178,303.49,-83.97,-139.11,52.211464,-2.185273,8.24,3,80.75,27 / 27,-6.938631576886752,-3.506273192576998,-0.22182653380946254,17.916069829020245,-59.873516330404755,-14.518302005330902,False,24.899999999999636,5.0477449245020285,6.279699432141668,180.44128294208284,28.477020714218224,8.056944444445337,38.793000000045055,11.98637650138878,9.785972624718667,162.5252131130626,88.35053704462298
12804310.0,-0.7169,4.7852,10.3666,0.0479,0.0882,9.8061,-0.2555,-0.4028,0.3984,301.27,-83.96,-140.56,52.211464,-2.185273,8.24,3,80.75,27 / 27,-7.503772325221236,-3.2541544022414755,-0.08946153380898095,17.19394963391222,-60.21153771014691,-14.533866408711882,False,25.0,4.722060286947863,6.501028506815661,180.90459930502857,29.133070780772986,8.035,35.993,12.2258326121691,9.755182909057137,163.71064967111636,89.3446084909199
12804410.0,-2.1342,-4.7486,7.8372,0.0282,0.0481,9.8064,-0.1788,0.0826,0.3655,296.87,-83.85,-144.47,52.211464,-2.185273,8.24,3,80.75,27 / 27,-7.582899090946473,-3.4470486808959873,-0.15993653380923728,16.439616063101088,-60.546597864305,-14.546336312092839,False,25.100000000000364,4.521719811439124,6.737153913040636,181.34747524019676,29.811359833544838,8.113888888884585,33.86800000011596,12.104618902385596,10.184202593936623,164.90785917709567,90.35795769784984
12804509.0,0.3466,4.6205,10.1184,0.0224,0.1177,9.8059,-0.0584,-0.0946,0.2508,288.93,-83.75,-149.17,52.211464,-2.185273,8.24,3,80.75,27 / 27,-7.642073565307667,-3.6416684052627644,-0.24199268380936992,15.68597991661529,-60.89748936007042,-14.566231808364993,False,25.199000000000524,4.135027841365886,6.76992419781603,181.74545036900474,30.482865995136223,7.932938888895937,31.415770000095517,11.777101406673554,10.411592603078795,166.05947045238946,91.38035535520665
12804610.0,-1.0177,-2.2953,9.0602,-0.0011,0.077,9.8063,-0.2085,-0.2711,0.396,286.03,-83.82,-148.79,52.211464,-2.185273,8.24,3,80.75,27 / 27,-7.762239752887633,-3.7178892927746485,-0.26394503380949325,14.908062094042057,-61.2691470238234,-14.59178166310489,False,25.30000000000109,3.8505462117227705,6.942568016339966,182.12421149574547,31.19017692403783,7.938888888888747,29.014000000043236,11.612785964610403,10.660457309114616,167.2161494017034,92.45932394786124
12804710.0,-3.3497,8.069,11.0195,0.0076,0.0552,9.8065,-0.1096,0.1066,0.1001,285.55,-83.79,-145.69,52.211464,-2.185273,8.24,3,80.75,27 / 27,-8.099346279941857,-3.937951437881396,-0.2406250338098325,14.114982792412123,-61.651939060350635,-14.617010166485489,False,25.399999999999636,3.506796846580717,7.143740203990606,182.46488529202708,31.912943947255588,7.958055555555206,26.14600000005217,11.606143126522575,11.081691641872002,168.34990249961496,93.56488300760623
12804809.0,-1.2123,-2.427,9.6277,-0.008,0.1167,9.8059,-0.0375,-0.3891,0.5617,283.29,-83.87,-147.98,52.211464,-2.185273,8.24,3,80.75,27 / 27,-8.42320472323493,-4.161994357127084,-0.18944698380974961,13.29711651775355,-62.0528863772042,-14.638298731357693,False,25.498999999999796,3.1480424222124586,7.2558064133256055,182.7684256444921,32.62848330095339,7.909380555555662,23.454190000005934,11.571247145447389,11.41780077045269,169.47130912673856,94.6813696781576
12804911.0,-4.1373,8.2571,8.8748,-0.0371,0.0237,9.8065,0.1488,0.9028,-0.2079,280.99,-83.7,-145.8,52.211464,-2.185273,8.24,3,80.75,27 / 27,-8.764740975190007,-4.465254317631784,-0.24609778381017783,12.420531287127249,-62.49287605962023,-14.660511514506478,False,25.601000000000568,2.8597716709146264,7.368297051497928,183.0534333424906,33.38816703860478,7.903836111107022,21.212310000087435,11.624512646104634,11.833551369129712,170.63290205536333,95.881043098225
12805010.0,-2.9984,8.4105,8.4803,-0.034,0.0634,9.8063,-0.0863,0.0108,0.0062,278.34,-84.05,-149.33,52.211464,-2.185273,8.24,3,80.75,27 / 27,-9.629128064368091,-4.759712068169747,-0.3578786838103585,11.510034769667651,-62.949511895718146,-14.690408349653742,False,25.700000000000728,2.672026580044327,7.520532462757578,183.30975630678435,34.125722987305416,7.981111111108271,19.560000000060718,12.301154644412417,12.280244530927325,171.7997215371167,97.07523488302357
12805110.0,-3.8623,9.8059,10.9954,0.0546,-0.0905,9.806,0.1241,1.1118,-0.6879,276.74,-83.76,-145.96,52.211464,-2.185273,8.24,3,80.75,27 / 27,-10.56392352548094,-5.06662209565153,-0.36475868381038346,10.500382190171527,-63.440828603910994,-14.726540218034911,False,25.80000000000109,2.3135516557955538,7.507726721593079,183.53460101235677,34.870728996095444,7.856111111113385,17.127000000044255,12.877475181276493,12.574348817244609,173.03421882218524,98.31155760000644
12805211.0,-0.984,2.5926,9.3552,0.0003,0.0848,9.8063,-0.0313,0.4805,0.1225,272.95,-84.02,-150.53,52.211464,-2.185273,8.24,3,80.75,27 / 27,-11.195144728135698,-5.330545178131927,-0.32752503381084475,9.401549243377502,-63.96588555123055,-14.76150054577435,False,25.90099999999984,1.9442709719806803,7.667033959661776,183.71311408162614,35.64598002443975,7.909880555553968,14.230020000059193,13.139415700116379,12.997579137793704,174.31156483824864,99.6118655756703
12805310.0,-0.6111,-0.1422,9.1206,-0.0114,-0.0262,9.8065,0.122,0.9714,-0.227,268.91,-83.93,-149.74,52.21157,-2.1842,8.06,3,38.14,26 / 27,-11.29609876900658,-5.48513415461513,-0.38383128381093573,8.28823269026716,-64.5012616782024,-14.796712683496684,False,26.0,1.468833582092313,7.872196751160509,183.8480209049556,36.43857746134771,8.008055555555556,10.569,12.764932351098892,13.357330905775639,175.55978821468844,100.93983913955012
12805410.0,-1.4607,3.144,9.4933,0.037,-0.0233,9.8065,-0.0925,0.7793,-0.4086,269.67,-84.06,-149.23,52.21157,-2.1842,8.06,3,38.14,26 / 27,-11.420470126576172,-5.672136822659006,-0.4338012838111175,7.15240424548389,-65.05912522706814,-14.837594311877936,False,26.100000000000364,1.3282952897960767,7.777385911937661,183.97747694754614,37.20582245564063,7.890000000006442,9.692000000047857,12.748765416372247,13.449522734596666,176.82507270206224,102.26494768270877
12805510.0,-2.0198,0.9858,10.2604,0.0286,-0.0159,9.8066,-0.0115,0.4366,-0.1893,263.3,-84.31,-151.66,52.21157,-2.1842,8.06,3,38.14,26 / 27,-11.585731005910922,-5.933343898461828,-0.42678128381109187,6.0020941888553505,-65.6393992631263,-14.880623440259203,False,26.200000000000728,1.1406168715889136,7.91826958067109,184.08649256237538,37.99530643413222,7.999999999995998,8.19700000005439,12.726347877499837,13.851613479132919,178.08439837352003,103.63470569725851
12805610.0,-3.4673,1.6221,9.4649,0.0023,0.0263,9.8065,-0.101,0.7165,-0.0359,259.87,-84.23,-152.38,52.21157,-2.1842,8.06,3,38.14,26 / 27,-11.63669252925691,-6.302878201666046,-0.4211812838110714,4.840973012092735,-66.2512103681349,-14.923021568640465,False,26.30000000000109,0.9784419021460192,7.9298645287373795,184.17506774943246,38.795909906464956,7.990000000000181,7.034000000021154,12.615134431402929,14.232742730403427,179.3340947373397,105.04712027459986
12805710.0,-0.6633,3.0563,11.375,0.0189,0.0078,9.8065,0.0885,0.5503,-0.1378,257.33,-84.21,-152.57,52.21157,-2.1842,8.06,3,38.14,26 / 27,-11.788252341838316,-6.630293898479029,-0.3598512838119638,3.6697257685550175,-66.89786897313274,-14.962073197021049,False,26.399999999999636,0.5800294639878618,7.99593421972716,184.21594860492206,39.59651337807622,8.016944444443954,4.149000000052478,12.368281805826177,14.626228118206189,180.54622283636704,106.49438235120897
12805810.0,-2.4447,1.659,8.8233,0.0451,0.0167,9.8065,-0.1186,0.3918,-0.2498,253.12,-84.17,-154.98,52.21157,-2.1842,8.06,3,38.14,26 / 27,-11.929923568987867,-6.9113402642628845,-0.3306012838118573,2.483816973009394,-67.5749506812723,-14.996595825402364,False,26.5,0.4427812416966461,7.974661518249132,184.25001598457794,40.38599735798387,7.986944444444444,3.178,12.372704810684514,14.886001782512016,181.76619901156855,107.96094803925617
12805909.0,-1.6962,1.1051,9.8492,0.0127,-0.0231,9.8066,0.0158,0.558,-0.1878,248.55,-84.49,-158.07,52.21157,-2.1842,8.06,3,38.14,26 / 27,-11.944503569655964,-7.218949950450221,-0.3771708838119326,1.3020328296446135,-68.27440004690173,-15.031630547699798,False,26.59900000000016,0.15203880279451626,8.005247120584166,184.25676132573324,41.156578199832936,8.006744444443324,1.0881100001182689,12.09654237245048,15.224197071034386,182.95472849608862,109.43097824673467
12806010.0,-3.4873,3.6172,10.6638,-0.0234,-0.007,9.8066,0.1782,0.5624,-0.0132,245.17,-84.61,-156.22,52.21157,-2.1842,8.06,3,38.14,26 / 27,-12.002049020664954,-7.623227630910366,-0.3317360338116772,0.092731923826612,-69.02393001476466,-15.067430347039991,False,26.700000000000728,0.09765057030290625,8.191362410910246,184.25682946049275,41.99832379430887,8.191944444437713,0.6830000000139698,12.09969959096786,15.814590041820612,184.16409753666613,111.02225380907353
12806110.0,-2.614,-1.0358,8.6073,0.0037,0.0197,9.8066,-0.0144,0.3357,0.0797,244.6,-84.35,-156.61,52.21157,-2.1842,8.06,3,38.14,26 / 27,-11.933466792251703,-8.018326324684976,-0.3488460338117394,-1.1040438668235746,-69.80600771254727,-15.101459450421286,False,26.80000000000109,-0.14902119657958507,8.248653992194814,184.22957555680702,42.821166251493814,8.249999999998945,358.9649999934828,11.784445595672118,16.26698031687979,185.3336194236306,112.62717396404108
12806209.0,-2.2231,0.7999,9.8308,-0.0137,-0.047,9.8065,0.0921,0.2927,-0.1176,241.1,-84.35,-157.07,52.21157,-2.1842,8.06,3,38.14,26 / 27,-11.754816264194893,-8.291035636858572,-0.4070184338118334,-2.2766138781195773,-70.61332112964499,-15.138874741568713,False,26.89900000000125,-0.3346763343235254,8.187591092632564,184.18910350979235,43.63578028340461,8.194450000000122,357.65919000000287,11.420139929871368,16.478626729491136,186.46571738791192,114.2491014130496
12806310.0,-4.7774,0.677,9.4274,0.0024,0.0132,9.8066,-0.038,0.3685,-0.0716,236.44,-84.39,-159.07,52.21157,-2.1842,8.06,3,38.14,26 / 27,-11.567198597434654,-8.687971288110134,-0.4249509838116111,-3.454375628617276,-71.47076097934529,-15.180889197158177,False,27.0,-0.4546007944202194,8.20046460125001,184.1478138456937,44.44461218028961,8.213055555555556,356.827,11.112597803014435,16.888435889360146,187.60218947431096,115.9153731596349
12806410.0,-1.5248,1.1373,10.2872,-0.0021,0.022,9.8066,0.094,0.2844,0.0166,235.5,-84.25,-159.46,52.21157,-2.1842,8.06,3,38.14,26 / 27,-11.400985201756974,-9.056261935137298,-0.4198859838115926,-4.602784818581036,-72.35797264051088,-15.22313104553949,False,27.100000000000364,-0.38997301372195914,8.232713360360059,184.12055994200895,45.24521565185718,8.241944444442868,357.28799999997483,11.011012188035014,17.28897529549736,188.72334476058998,117.60318829236806
12806510.0,-1.3392,2.2937,9.9446,0.0145,0.0039,9.8066,-0.0215,0.4006,-0.0756,235.15,-84.06,-159.82,52.21157,-2.1842,8.06,3,38.14,26 / 27,-11.39384509449324,-9.326527567798122,-0.38896098381148003,-5.742526333397693,-73.277112115661,-15.263573393920792,False,27.200000000000728,-0.5324054127402088,8.42012921723928,184.06605213455575,46.101416587023095,8.43694444443735,356.3820000000329,10.861439681753032,17.746656785037402,189.80857846795345,119.3785287026841
12806610.0,-1.8343,3.1684,10.7805,-0.0166,0.0141,9.8066,0.0667,0.6247,-0.0553,225.85,-83.87,-160.49,52.21157,-2.1842,8.06,3,38.14,26 / 27,-11.428675515213383,-9.671943085117812,-0.3333709838112778,-6.883652363887176,-74.22703564831025,-15.299689992302062,False,27.30000000000109,-0.7526502681926295,8.395218012358328,183.98429042346945,46.935378537341464,8.428888888889034,354.87700000002735,10.676025247020753,18.067161097476138,190.8679427873566,121.16241418565171
12806710.0,0.5658,-3.3401,8.7103,0.0147,0.0091,9.8065,-0.0085,0.3815,0.0644,229.99,-83.67,-161.31,52.21157,-2.1842,8.06,3,38.14,26 / 27,-11.295609269718913,-9.7647177905035,-0.33949598381118856,-8.019866603117256,-75.19886869207717,-15.333333340682696,False,27.399999999999636,-0.7774389678948277,8.454329580231644,183.88208828458556,47.81381845734501,8.489999999998888,354.74600000000237,10.518170301824085,18.219047370735144,191.90195488770283,123.01268714942218
12806810.0,-0.3973,2.7712,10.6817,0.0492,-0.1293,9.8056,0.435,0.9253,-0.2797,230.0,-83.65,-157.08,52.21157,-2.1842,8.06,3,38.14,26 / 27,-11.207785533943182,-9.788270961032577,-0.3505609838112288,-9.145036343304454,-76.17651812965752,-15.367836189063942,False,27.5,-1.1324643927721723,8.67444525040014,183.73900529012946,48.72561685534915,8.748055555555554,352.56199999999995,10.07532114117101,18.462716211432717,192.88404163343392,124.90213498500668
12806909.0,3.1357,-3.0234,7.1647,-0.0201,0.066,9.8063,-0.3298,-0.1421,0.3569,224.48,-83.14,-160.34,52.21157,-2.1842,8.06,3,38.14,26 / 27,-11.233223693399745,-9.720294855473314,-0.4380225338113702,-10.255866300059726,-77.14219213757613,-15.406871073186323,False,27.59900000000016,-1.340985330032456,8.701686110012167,183.54339039630528,49.65031386570808,8.804430555552365,351.23936000007484,9.892238363367289,18.42198096548548,193.799256696365,126.79250600328422
12807010.0,-1.5015,-0.1658,8.3168,0.0441,-0.023,9.8064,-0.1886,0.193,-0.1481,224.46,-83.17,-158.31,52.21157,-2.1842,8.06,3,38.14,26 / 27,-11.10269655853556,-9.589155458069893,-0.6466784338125425,-11.383830272788797,-78.11731937841554,-15.461648472051639,False,27.700000000000728,-1.8528115025360963,8.769461467384042,183.25524849943173,50.64928908665553,8.963055555549806,348.0700000001148,9.249885055999464,18.358616925453937,194.63907877222053,128.76660846507107
12807110.0,-3.0637,1.8787,11.9006,0.0012,0.0472,9.8065,-0.1003,-0.0203,0.0354,223.11,-83.31,-158.46,52.21157,-2.1842,8.06,3,38.14,26 / 27,-10.919397008564333,-9.849378103445963,-0.6164734338124325,-12.484934951147798,-79.08924605649487,-15.524806065433118,False,27.80000000000109,-2.0083489694229164,8.38277605672038,182.96226903460337,51.583326470928334,8.62000000000624,346.52700000002807,8.911048039141416,18.232154160166342,195.44720398575117,130.6725725274232
12807210.0,2.9151,-1.6919,9.2928,-0.0327,0.0788,9.8062,-0.2199,-0.2695,0.3144,222.03,-83.14,-159.48,52.21157,-2.1842,8.06,3,38.14,26 / 27,-10.846276695777421,-9.900886366852255,-0.537468433813582,-13.573218636349049,-80.07675927999541,-15.58250315881358,False,27.899999999999636,-1.5344944853394462,8.524093638238485,182.79874561237534,52.46176639164103,8.661111111110364,349.79499999994056,9.311782210437975,18.424980005090738,196.3719642487244,132.53852567163645
12807310.0,-2.2567,1.1273,10.1715,0.0001,0.0263,9.8066,-0.0906,0.2458,-0.0557,221.39,-83.15,-156.81,52.21157,-2.1842,8.06,3,38.14,27 / 27,-10.772834467209405,-9.894861424711934,-0.544918433813609,-14.654174194502323,-81.06654666957722,-15.636622502195136,False,28.0,-1.279028220354243,8.504356931099343,182.70335694942995,53.27348935569376,8.6,351.44699999999995,9.493806246855161,18.39921835581128,197.35753114393228,134.340036025271
12807410.0,0.1017,-0.1061,8.2171,-0.0266,0.0353,9.8065,-0.2287,0.1117,0.1108,223.16,-83.02,-157.8,52.21157,-2.1842,8.06,3,38.14,27 / 27,-10.648226317043969,-10.042671223098319,-0.6061534338138318,-15.725227233718888,-82.06342330197135,-15.694176095576717,False,28.100000000000364,-1.4237072040750613,8.297635079990341,182.6011548105512,54.062973334129126,8.418888888898774,350.2640000000646,9.224519112968908,18.34030630308866,198.3263820442701,136.12639663610048
12807510.0,0.32,-0.4307,11.6379,-0.0104,0.0189,9.8065,-0.0251,0.0433,-0.0553,216.3,-83.09,-158.08,52.21157,-2.1842,8.06,3,38.14,27 / 27,-10.569657385351361,-10.043233726252419,-0.5940684338137877,-16.786121418842512,-83.06771854944255,-15.754187188958316,False,28.200000000000728,-1.2487146438382142,8.458322040344704,182.51257962352125,54.863576806461666,8.549999999995231,351.6019999999513,9.320942741513147,18.50155576659712,199.29870104236375,137.9312953559042
12807610.0,1.6939,-1.1593,9.4009,-0.0199,0.0406,9.8065,-0.0222,-0.2273,0.0813,219.03,-83.21,-160.46,52.21157,-2.1842,8.06,3,38.14,27 / 27,-10.518976977486355,-9.949967706646571,-0.5227934338135284,-17.840553136988234,-84.06737862109114,-15.810030282339884,False,28.30000000000109,-1.1309831773939416,8.50008835556689,182.43081791237955,55.68641926364539,8.574999999999545,352.4209999999851,9.387993800092413,18.450056062213463,200.2713710493678,139.7537978847365
12807710.0,-4.5204,3.5525,8.7942,-0.0348,-0.007,9.8066,0.0286,-0.0184,0.0181,214.18,-83.12,-161.03,52.21157,-2.1842,8.06,3,38.14,27 / 27,-10.38043090707478,-10.155945215994459,-0.5937034338124965,-18.885523531201084,-85.07267426720855,-15.865855125720373,False,28.399999999999636,-1.1871214950355602,8.298575962393414,182.34224272537915,56.48702273525706,8.383055555559046,351.85900000001027,9.19330941203922,18.45452117838787,201.22776625658022,141.5596970024656
12807810.0,1.8454,-2.3105,8.8014,-0.053,0.0364,9.8064,-0.0496,-0.278,0.146,217.21,-83.18,-162.81,52.21157,-2.1842,8.06,3,38.14,27 / 27,-10.21570096169176,-10.311210826266368,-0.6945884338128635,-19.91533012464316,-86.09603206932532,-15.930269719101874,False,28.5,-1.1996512862714352,8.366373269423413,182.24685406238095,57.298745700015694,8.451944444444445,351.84,9.016049675420323,18.67758409568978,202.1621841870241,143.394777769341
12807910.0,1.6599,0.9496,10.261,0.0312,-0.0157,9.8065,0.0211,0.2561,-0.1924,212.56,-83.17,-163.71,52.21157,-2.1842,8.06,3,38.14,27 / 27,-10.233301446435012,-10.186742082332486,-0.7221334338129637,-20.93778024505322,-87.12092971475899,-16.001105812483424,False,28.600000000000364,-1.1738871328504124,8.37703946713215,182.12421149575897,58.14382714269746,8.458888888888511,352.02299999999,9.0594143135846,18.563781549464636,203.06199174081218,145.26475685745646
12808010.0,0.3265,-1.6792,8.055,-0.0097,0.0397,9.8065,-0.2398,0.1064,0.1407,217.37,-83.23,-162.7,52.21157,-2.1842,8.06,3,38.14,27 / 27,-10.209335743702763,-10.133557274979603,-0.7869984338131997,-21.959912104563827,-88.13694468262828,-16.076562405865005,False,28.700000000000728,-1.3116029292041853,8.392010856336569,181.9879419772178,58.98890858473339,8.493888888887616,351.117000000033,8.897732814498578,18.52556813131617,203.9478540817816,147.12585326736166
12808109.0,0.8076,-1.7048,10.5039,0.0001,0.018,9.8065,-0.0919,0.2496,0.011,218.2,-83.22,-159.89,52.21157,-2.1842,8.06,3,38.14,27 / 27,-10.071689382570439,-9.99843080990824,-0.839191233813284,-22.963822848315974,-89.13347809283184,-16.157058794412645,False,28.799000000000888,-1.285787365384627,8.239897488740798,181.85303515388836,59.803522617345244,8.339613888892064,351.1308599999997,8.785902017185812,18.238328298649037,204.81685800220433,148.93700071017707
12808209.0,-2.9122,0.4528,8.5585,0.0004,-0.0031,9.8066,-0.0528,0.4617,-0.2876,215.49,-83.33,-160.08,52.21157,-2.1842,8.06,3,38.14,27 / 27,-9.864729343739642,-10.040217429008928,-0.8667362338133842,-23.960643784635106,-90.13541050478133,-16.24235516779429,False,28.89900000000125,-0.9855080432844863,8.240505905189238,181.77072836472576,60.61535677772882,8.299280555555642,353.1802999999955,8.879221300455155,18.280723334198164,205.73137214936085,150.75076728251014
12808310.0,2.8417,1.7605,8.8981,0.0376,0.0754,9.8062,-0.1481,0.0195,-0.0981,212.56,-83.47,-163.93,52.21157,-2.1842,8.06,3,38.14,27 / 27,-9.844261009431536,-10.16895653406496,-0.9756495838120346,-24.955947797457917,-91.15597378990392,-16.33539565158322,False,29.0,-1.125214375090401,8.196178428718994,181.66089513276145,61.43519697212918,8.273055555555556,352.18300000000005,8.719046634341135,18.365134962783955,206.61684293021938,152.5911707620331
12808410.0,-0.8862,0.4755,8.0504,0.0274,0.0542,9.8064,-0.2801,0.3197,0.0985,210.09,-82.9,-166.25,52.21157,-2.1842,8.06,3,38.14,27 / 27,-9.901812608156192,-10.232348703719667,-1.1088895838125192,-25.943251478340894,-92.17603905179686,-16.439622609964825,False,29.100000000000364,-1.0635761616159223,8.273865049816612,181.55869299390983,62.269158920971414,8.341944444440685,352.6749999999732,8.83823644654027,18.50621375353628,207.50194447225073,154.44519797276828
12808510.0,-6.2501,0.4965,7.6253,-0.1315,0.0068,9.8057,0.1801,-0.6083,0.6608,211.12,-82.98,-163.89,52.21157,-2.1842,8.06,3,38.14,27 / 27,-9.5372393995083,-10.479741008726618,-1.3057695838132355,-26.915204078727655,-93.21164353742294,-16.56035556834655,False,29.200000000000728,-1.017946134438819,8.183039418469683,181.47011780685276,63.06976239259905,8.246111111114597,352.90899999999147,8.51929326506948,18.662780427196303,208.38532188558042,156.281405930022
12808610.0,-1.2783,-2.2896,8.2114,0.0349,0.0079,9.8066,0.0738,-0.701,0.0616,209.55,-82.93,-165.91,52.21157,-2.1842,8.06,3,38.14,27 / 27,-9.086926695156354,-10.615885053711551,-1.4945995838139223,-27.846412383464276,-94.2664248405487,-16.70037402672842,False,29.30000000000109,-0.8970850265160688,8.189904064069333,181.38835609576526,63.88148535735749,8.23888888888902,353.74899999998473,8.189841668640286,18.805789117780883,209.23476847922953,158.14791019790619
12808709.0,-7.768,0.2663,5.9333,-0.052,-0.0748,9.8062,0.1317,-0.2146,-0.0404,209.29,-83.57,-167.26,52.21157,-2.1842,8.06,3,38.14,27 / 27,-8.564026577612886,-10.768022000731747,-1.76529528381436,-28.720134570467767,-95.32492823974535,-16.86173882267628,False,29.39900000000125,-0.8435364019487597,8.015599798519975,181.32090268407347,64.66307449676445,8.059863888889282,353.99253999999945,7.720490175664126,18.783621799251723,210.04103725454124,159.9880027365098
12808810.0,2.3519,-1.2515,9.4181,-0.1017,-0.0532,9.8059,0.1383,-0.3826,0.3862,212.58,-83.48,-167.66,52.21157,-2.1842,8.06,3,38.14,27 / 27,-8.21039449606451,-10.876993296194982,-1.980521233811693,-29.56724283467798,-96.4180015122266,-17.05090255681405,False,29.5,-0.897299756495579,8.035053089245459,181.23845962536765,65.46045331574379,8.085,353.62800000000004,7.31309473956893,18.91204638544044,210.80570246004564,161.8784548279704
12808909.0,-3.917,2.5472,8.8194,0.0312,0.1055,9.806,-0.369,0.467,-0.2161,214.36,-83.63,-165.3,52.21157,-2.1842,8.06,3,38.14,27 / 27,-8.104810562283047,-11.00134231328109,-2.048623333811803,-30.37484548506749,-97.50097912489741,-17.250345212911736,False,29.59900000000016,-0.8173285757443669,8.006813338468348,181.17775155491674,66.24204245509348,8.048425000002071,354.17150999996926,7.287481986538681,19.008155651749437,211.55259703998422,163.7430215799909
12809009.0,0.5903,-3.4048,6.3015,-0.0282,0.1075,9.8059,-0.5391,-0.275,0.1054,207.02,-83.1,-169.57,52.21157,-2.1842,8.06,3,38.14,27 / 27,-7.880715712996875,-11.073868874036238,-2.27324333381262,-31.174121798834392,-98.6047396842673,-17.466438546293745,False,29.699000000000524,-0.832901503535584,7.987974655846234,181.1029395892104,67.03152643499328,8.031280555556208,354.04731000000504,7.047814209461292,19.061843529882474,212.27706138804479,165.6362661192606
12809110.0,2.2839,-1.7382,10.1286,0.0311,0.0145,9.8065,0.1108,0.4115,-0.242,208.37,-83.29,-168.04,52.21157,-2.1842,8.06,3,38.14,27 / 27,-7.803637057772782,-10.792862402630433,-2.433994933813523,-31.96618161376271,-99.70900961374517,-17.704154078810202,False,29.80000000000109,-0.8133873239777827,8.000704438280417,181.02724187168565,67.82890525328673,8.041944444444248,354.19499999999726,6.990249733794999,18.79356684091085,212.99342348544835,167.5379148670319
12809210.0,-0.847,-0.9891,8.4769,-0.0095,0.0572,9.8064,-0.0752,0.3546,0.013,208.5,-82.87,-167.24,52.21157,-2.1842,8.06,3,38.14,27 / 27,-7.717780917461441,-10.657541140167925,-2.4843849338127897,-32.742252512513126,-100.78152979086948,-17.95007307218794,False,29.899999999999636,-0.7484706054848286,7.891529634872248,180.965920588344,68.6183892324725,7.926944444446535,354.58199999999295,6.969310311976613,18.549070775040175,213.70817310085712,169.39991902334197
12809310.0,3.2146,-2.2649,11.1482,0.0396,-0.0015,9.8065,0.0091,0.1206,-0.0213,214.55,-82.74,-165.92,52.21157,-2.1842,8.06,3,38.14,27 / 27,-7.642143935369887,-10.473007499083783,-2.4837949338127876,-33.510248755157484,-101.83805722283591,-18.198482065570122,False,30.0,-0.7330833094681367,7.993398900066027,180.89097235317195,69.41899270480545,8.026944444444444,354.76,6.90906062590175,18.46640639914981,214.40122110832942,171.25704992764136
12809410.0,-2.4302,-0.3729,7.844,0.0627,-0.0088,9.8064,-0.2251,0.4157,-0.2304,211.23,-82.84,-164.93,52.21157,-2.1842,8.06,3,38.14,27 / 27,-7.514248029784798,-10.360779366996955,-2.5148499338129007,-34.26806835341797,-102.87974656614374,-18.448414308952316,False,30.100000000000364,-0.7156603928179828,7.833487997988851,180.82965106983386,70.18623769839104,7.8661111111198885,354.7799999999989,6.798587636966815,18.194267364985805,215.09771942325182,173.0659842645348
12809510.0,2.349,-2.5349,10.9006,-0.0055,0.0173,9.8066,-0.0676,-0.1008,0.132,215.79,-82.95,-164.25,52.21157,-2.1842,8.06,3,38.14,27 / 27,-7.339650302744513,-10.262360949470532,-2.5582849338130584,-35.01076327004714,-103.91090358197086,-18.702071052334535,False,30.200000000000728,-0.7798424027023714,7.885420784610719,180.76151631057678,70.96460218516486,7.923888888886786,354.35200000001555,6.559807900042141,18.14778173408125,215.77227958062392,174.87550576713573
12809610.0,-2.277,0.9838,8.9718,0.0491,0.0425,9.8064,-0.0745,0.2982,-0.181,215.64,-82.81,-163.76,52.21157,-2.1842,8.06,3,38.14,27 / 27,-7.215757068881272,-10.22636719065969,-2.545329933813011,-35.73853363863108,-104.9353399889811,-18.95725179571677,False,30.30000000000109,-0.7821542596981635,7.854206561908802,180.68656807540472,71.74296667123198,7.893055555556115,354.3130000000007,6.433602809183109,18.08057375256849,216.4251017140358,176.67830666021308
12809710.0,-2.0464,-0.043,8.3802,-0.011,-0.0234,9.8066,0.1877,-0.4474,0.0236,215.44,-82.97,-164.76,52.21157,-2.1842,8.06,3,38.14,27 / 27,-6.986017046020943,-10.41920180947966,-2.6583949338113655,-36.44862234436586,-105.96761843897305,-19.2174380390942,False,30.399999999999636,-0.7439802220678219,7.675974240669405,180.62524679209014,72.49909217243435,7.711944444447739,354.46399999999727,6.242036823953121,18.095176050149064,217.07386913645598,178.4667106114074
12809810.0,2.5628,0.7822,11.9066,-0.0569,-0.0289,9.8064,0.2087,-0.3588,0.213,213.89,-82.99,-166.88,52.21157,-2.1842,8.06,3,38.14,27 / 27,-6.947892578743783,-10.46548846856561,-2.624719933811243,-37.14531782560663,-107.01185295287911,-19.481593782476292,False,30.5,-0.6433228190914235,7.796559111283958,180.5707389846895,73.27745665920837,7.823055555555555,355.283,6.3045697596523596,18.26204757984957,217.71605681029615,180.2893096120875
12809911.0,-1.4668,-0.2124,8.4451,-0.0264,0.0121,9.8065,-0.1091,-0.0974,0.1233,210.5,-82.91,-166.06,52.21157,-2.1842,8.06,3,38.14,27 / 27,-6.92447454343702,-10.478846374533298,-2.587430733811033,-37.8458723652807,-108.06954186246155,-19.744807391192698,False,30.601000000000568,-0.7965785625657475,7.593451227949954,180.48829592596087,74.03002392295018,7.635119444443818,354.0113799999875,6.127895980871273,18.072297602483253,218.33416829124155,182.09956578541173
12810010.0,2.7084,-2.5443,9.9893,-0.027,-0.0227,9.8066,0.0534,-0.5885,0.2522,214.29,-83.07,-166.48,52.21157,-2.1842,8.06,3,38.14,27 / 27,-6.814527687624796,-10.351234706275326,-2.6457862838111277,-38.525952975719356,-109.10063087596325,-20.003851633565414,False,30.700000000000728,-0.7665309185992205,7.608428857999824,180.42084251432294,74.77858816845198,7.64694444444401,354.2469999999914,6.047996769025576,17.95966356427515,218.9467954900423,183.8792190444152
12810110.0,-1.6075,0.8915,11.2247,-0.0105,0.0094,9.8066,0.0353,0.0525,-0.0147,210.28,-83.08,-165.48,52.21157,-2.1842,8.06,3,38.14,27 / 27,-6.725077180801465,-10.273122174326707,-2.5657512838108363,-39.202933219143134,-110.1318487199971,-20.26442851194746,False,30.80000000000109,-0.6635802064543296,7.691427780950771,180.35270775503844,75.5458331628003,7.719999999998672,355.06899999998507,6.061496974347135,17.964549955277477,219.55564097418159,185.6776818827974
12810211.0,1.5129,0.1527,10.1675,-0.0272,0.0159,9.8065,0.1415,-0.0993,0.1428,213.61,-83.01,-165.52,52.21157,-2.1842,8.06,3,38.14,27 / 27,-6.661854771739987,-10.34107974991885,-2.4759168338119495,-39.8789732827381,-111.1728659171586,-20.519032751884257,False,30.90099999999984,-0.6326853854456337,7.359048684795899,180.3044683454793,76.27593905117712,7.3861999999998575,355.08613999999017,6.029169386294353,17.70012843471475,220.1834416282174,187.4488049683357
12810310.0,2.054,-2.7949,7.8774,0.0047,-0.0499,9.8065,0.2335,0.0724,-0.1752,212.7,-82.75,-166.3,52.21157,-2.1842,8.06,3,38.14,26 / 27,-6.657650155225281,-10.159849606908795,-2.553552633812075,-40.53828877662395,-112.18766192032321,-20.767991490532047,False,31.0,-0.5552399045882978,7.374125958264666,180.25050561615288,77.00248670167609,7.395,355.694,6.102410250636983,17.53397556517346,220.78879439277682,189.1901486219993
12810410.0,-2.611,-0.754,10.3471,0.0071,-0.0172,9.8066,-0.0432,0.149,-0.0109,209.1,-82.81,-167.84,52.21157,-2.1842,8.06,3,38.14,26 / 27,-6.452869663264455,-10.039580171931084,-2.6229926338123275,-41.19381476755082,-113.19763340926887,-21.02681875391421,False,31.100000000000364,-0.8692954382861477,7.5361400750606595,180.15511695318858,77.74749270970457,7.586111111100681,353.4200000001241,5.583574224978307,17.575720246991743,221.34893172073942,190.94512611897346
12810509.0,-1.877,0.3878,10.3163,-0.0329,-0.0159,9.8065,0.1411,-0.3812,0.2614,208.74,-82.9,-167.27,52.21157,-2.1842,8.06,3,38.14,26 / 27,-6.166330517015599,-10.1505156157406,-2.5710126838122433,-41.81846517647569,-114.19704315076024,-21.28392201713704,False,31.199000000000524,-0.7338673506768605,7.601078404834389,180.0876635415492,78.49605695660628,7.63643611110915,354.4852399999585,5.432463166338739,17.75159402057499,221.9061287180249,192.69310010736652
12810610.0,3.8274,-1.3697,11.9028,0.0086,0.0202,9.8066,0.0563,-0.2572,0.059,209.66,-82.89,-166.01,52.21157,-2.1842,8.06,3,38.14,26 / 27,-6.1415618229035145,-10.077497070552386,-2.4394197838115037,-42.440013739645096,-115.21855779142378,-21.53694885675346,False,31.30000000000109,-0.8299916195527498,7.720514161079939,179.9984070069012,79.28198269840064,7.76499999999767,353.8640000000115,5.311570203350764,17.798011231632326,222.43842074654629,194.5005404898244
12810710.0,0.2098,-0.5583,8.2202,-0.0154,0.0077,9.8066,-0.0575,0.0569,-0.0557,209.54,-83.02,-167.93,52.21157,-2.1842,8.06,3,38.14,26 / 27,-6.185504640614702,-9.914201755312227,-2.4139347838118743,-43.056367062812036,-116.21814273270246,-21.779616585131098,False,31.399999999999636,-0.5928822783281711,7.380112552200897,179.95071267538862,80.0047497209125,7.403888888895458,355.4069999999719,5.59262236228653,17.294314307513126,223.00707973820064,196.22289245361497
12810810.0,-2.3164,3.4233,10.3872,-0.0635,-0.0287,9.8063,0.1462,0.1223,-0.0572,204.39,-83.2,-171.28,52.21157,-2.1842,8.06,3,38.14,26 / 27,-6.061476716202268,-10.104943064152316,-2.464229783812057,-43.66871613065511,-117.21909997367933,-22.02352481351318,False,31.5,-0.7058607375752979,7.356212382683744,179.90301834395717,80.7163972517183,7.39,354.519,5.35561597862697,17.46115544683606,223.5717344746123,197.93549722539763
12810910.0,-0.9502,-1.8886,7.2623,-0.0327,-0.0609,9.8063,0.224,-0.1065,0.0974,211.28,-82.83,-170.49,52.21157,-2.1842,8.06,3,38.14,26 / 27,-5.852778684710752,-10.270375468566879,-2.5624197838124143,-44.26442890070293,-118.237865900319,-22.27485729189532,False,31.600000000000364,-0.5316968904443784,7.0912057967227895,179.90301834395717,81.39468630378283,7.1111111111263305,355.7119999999349,5.321081794266373,17.36158126528967,224.1674472446601,199.63255220410184
12811010.0,0.1953,0.2339,11.2843,0.0253,-0.081,9.8062,0.2685,0.0259,-0.184,212.96,-83.18,-168.82,52.21157,-2.1842,8.06,3,38.14,26 / 27,-5.694859644814618,-10.242878145856878,-2.6157547838126085,-44.8418108171813,-119.26352858104391,-22.53376602027751,False,31.700000000000728,-0.5712471229022021,7.186219850301709,179.86895096427614,82.08409484902913,7.208888888885332,355.4550000000093,5.123612521912416,17.42909799615859,224.71076178145745,201.34762343007304
12811110.0,3.3548,-2.909,10.3929,0.0312,0.0237,9.8065,-0.1754,0.4964,-0.2505,215.7,-83.14,-169.99,52.21157,-2.1842,8.06,3,38.14,26 / 27,-5.678920584986083,-10.058587358515421,-2.512559783812233,-45.4104998286734,-120.27860185626622,-22.790181748659688,False,31.80000000000109,-0.6439735216362281,7.508546382779693,179.8076296809617,82.84022035094975,7.536111111105159,355.0980000000065,5.034947063349855,17.567133741295116,225.2181295096351,203.11882220721597
12811210.0,-2.8102,-0.4128,7.7189,0.0288,0.0201,9.8066,0.0309,0.6788,-0.4072,212.15,-82.57,-173.36,52.21157,-2.1842,8.06,3,38.14,26 / 27,-5.518303900391122,-9.926507875769513,-2.5876347838111404,-45.970361052934116,-121.27785661796592,-23.045191477037147,False,31.899999999999636,-0.5510665400695514,7.615087042732219,179.78037577727483,83.58522635901909,7.634999999998201,355.8609999999861,4.967237360321571,17.54159491850173,225.75073683020895,204.86308297698503
12811310.0,2.8263,-0.3452,8.7012,0.0302,0.1062,9.8059,-0.0849,0.0388,0.0709,204.61,-81.54,-177.53,52.21157,-2.1842,8.06,3,38.14,27 / 27,-5.425587954120391,-9.927807304364249,-2.7472947838117214,-46.51755564566168,-122.27057237697622,-23.31193795541926,False,32.0,-0.60979013709604,7.595561597979466,179.7258679698748,84.33023236780912,7.619999999999999,355.41,4.815797817024351,17.523368902343716,226.24342361553647,206.60080474478534
12811410.0,-3.1096,0.3055,8.0799,0.0867,0.0233,9.8062,-0.072,0.2441,-0.2928,207.01,-81.39,-175.93,52.21157,-2.1842,8.06,3,38.14,27 / 27,-5.330322643982966,-9.952271516818966,-2.8889047838122366,-47.0553511755688,-123.26457631803899,-23.593747933801485,False,32.100000000000364,-0.6853003447361339,7.6605191443466385,179.66454668650965,85.0863578682625,7.69111111110723,354.8880000000285,4.645022299246833,17.612790661165604,226.71989786207845,208.3509341863015
12811510.0,0.95,-1.9551,8.7404,0.0072,-0.117,9.8059,-0.2616,-0.1305,-0.1319,204.52,-82.05,-176.42,52.21157,-2.1842,8.06,3,38.14,27 / 27,-5.116403381139752,-9.942557923535656,-3.0285547838127447,-47.57768747682684,-124.25931779006034,-23.88962091218381,False,32.20000000000073,-0.6088562902163327,7.6848072141784,179.6236658309649,85.84248336947822,7.708888888888242,355.4699999999789,4.507547090923419,17.627365137714055,227.20135330779175,210.10180115953855
12811609.0,0.401,-1.0885,7.2572,-0.0289,-0.0219,9.8066,-0.2883,-0.1228,0.2235,206.17,-83.51,-174.35,52.21157,-2.1842,8.06,3,38.14,27 / 27,-5.0288274148282435,-9.791837122122676,-3.207531933813034,-48.07987640122806,-125.236170344822,-24.198307204706783,False,32.29900000000089,-0.6212445461117452,7.87748013876045,179.5427217369902,86.64608910528607,7.901938888884916,355.49078999999955,4.407582868716498,17.669317260883126,227.62259813821825,211.88225945010805
12811710.0,-0.3309,-3.1007,9.6137,-0.0465,-0.1048,9.8059,0.4233,-0.1588,-0.1314,207.5,-83.9,-173.36,52.21157,-2.1842,8.06,3,38.14,27 / 27,-4.85007964492348,-9.618863915729515,-3.3460231338113178,-48.57876120773934,-126.21641074722139,-24.529261735617713,False,32.399999999999636,-0.56096586858555,7.95830935197868,179.5214636921066,87.42145132786331,7.9780555555542065,355.9679999999913,4.28911377633793,17.577173267708194,228.10022489984595,213.63786207508468
12811810.0,4.0253,-1.4828,12.6422,-0.0645,-0.0357,9.8064,0.5285,-0.0194,0.2612,200.41,-84.23,-178.3,52.21157,-2.1842,8.06,3,38.14,27 / 27,-4.8413303288184615,-9.36131927324689,-3.213893133810837,-49.0633317064282,-127.16541990667366,-24.857257549000014,False,32.5,-0.7047919793012979,8.170770570925528,179.46014240876482,88.24429378575415,8.20111111111111,355.07,4.1365383495171635,17.53208984417242,228.52347411519304,215.40971369242783
12811910.0,4.4265,-3.5332,8.6052,-0.1247,0.1455,9.8047,-0.011,-0.8014,0.8206,202.1,-82.88,177.19,52.21157,-2.1842,8.06,3,38.14,27 / 27,-5.05681798533602,-8.982689089990313,-3.1321881338105397,-49.55823912213773,-128.08262032483887,-25.174561612382238,False,32.600000000000364,-0.5981264462841122,8.239429685622921,179.38519417357085,89.06713624287882,8.261111111107837,355.84799999995755,4.458691539051907,17.222118775613232,228.9434332957086,217.1497565677177
12812010.0,1.2781,-0.2181,12.1221,0.0192,-0.0348,9.8066,0.1697,-0.6914,0.0446,202.6,-82.63,-178.72,52.21157,-2.1842,8.06,3,38.14,27 / 27,-5.164498004611514,-8.710747572921369,-3.076488133810337,-50.06930492163696,-128.96729215798769,-25.48499542576441,False,32.70000000000073,-0.5981904791129096,8.475861787601787,179.33068636614212,89.92333717733862,8.496944444435863,355.9629999999958,4.566307525498605,17.186609360523157,229.39999128777907,218.8906293353263
12812110.0,-0.3714,-0.1067,7.6736,-0.059,0.068,9.8062,-0.4076,-0.202,0.34,203.84,-82.51,-179.91,52.21157,-2.1842,8.06,3,38.14,27 / 27,-5.114596307706989,-8.689680345245007,-3.067368133810304,-50.583259637254756,-129.83731355389918,-25.792188239146558,False,32.80000000000109,-0.6287499223401631,8.561944786970408,179.25573813097054,90.77953811250758,8.584999999998397,355.80000000000297,4.485846385366826,17.251625132215416,229.83899776822528,220.61685166640677
12812213.0,0.123,1.0888,8.1424,-0.024,-0.0803,9.8063,-0.0653,0.4532,-0.2732,197.7,-82.89,177.98,52.21157,-2.1842,8.06,3,38.14,27 / 27,-5.029550154465575,-8.751350661923306,-3.262929083808701,-51.10568318005236,-130.735526650761,-26.118198545851264,False,32.90300000000025,-0.6191223136860469,8.639676139569517,179.15748780813877,91.69645147763178,8.66184722221881,355.9018000000074,4.410427840779528,17.39102680149282,230.26317098819112,222.43197812839276
12812310.0,2.4277,-0.9461,8.4893,0.0307,0.0409,9.8064,-0.3416,-0.0518,0.0131,196.08,-83.25,175.43,52.21157,-2.1842,8.06,3,38.14,25 / 26,-5.06805611185731,-8.724529917289733,-3.407536683808332,-51.59541708396777,-131.58310685885067,-26.441716135579867,False,33.0,-0.7359876292408005,8.91578522744633,179.06496080505727,92.58089592506313,8.946111111111112,355.281,4.33206848261651,17.640315144736064,230.66037788902503,224.16400278391382
12812410.0,0.1185,0.0605,8.2136,0.0563,0.0179,9.8064,-0.2892,0.163,-0.1283,197.59,-83.15,175.66,52.21157,-2.1842,8.06,3,38.14,25 / 26,-5.0919022144659865,-8.647896808751105,-3.5530566838088613,-52.10341500028578,-132.45172819515588,-26.789745803961992,False,33.100000000000364,-0.7260614984223024,8.992681260840731,178.95594519023703,93.50381381471911,9.021944444440305,355.3839999999944,4.365840716043684,17.640578069591836,231.0593601905228,225.955542009875
12812510.0,-1.0846,2.7583,11.8883,-0.0122,0.0897,9.8062,0.0063,-0.2832,0.1962,194.16,-82.6,173.47,52.21157,-2.1842,8.06,3,38.14,25 / 26,-4.993391477109738,-8.795884806812946,-3.5286266838087723,-52.6076796848664,-133.32391727593725,-27.14382997234416,False,33.20000000000073,-0.7604642083222561,9.05423156934232,178.86055652729215,94.42673170656418,9.086111111108776,355.1990000000067,4.232927268787482,17.850116376155267,231.46823621215856,227.75064898250145
12812610.0,-1.548,-1.5625,5.1777,-0.0052,0.1351,9.8057,-0.2726,-0.3021,0.3137,199.51,-82.27,174.27,52.21157,-2.1842,8.06,3,38.14,25 / 26,-4.7893370010010425,-8.89643372736053,-3.6559916838092357,-53.096816108773716,-134.20853320264914,-27.503060890726367,False,33.30000000000109,-0.7903068729008897,9.113854041740838,178.7787948162044,95.33853010527666,9.148055555554429,355.0440000000029,3.999030128100153,18.010287769101367,231.8756109249781,229.54706330792578
12812709.0,-1.6696,2.2042,9.9961,-0.0572,-0.055,9.8063,0.2258,-0.4124,0.0904,196.58,-82.23,175.14,52.21157,-2.1842,8.06,3,38.14,25 / 26,-4.557886162853698,-8.980414072876714,-3.875746933809591,-53.55950365538527,-135.0934371687623,-27.875881952299103,False,33.39900000000125,-0.6574632969746319,9.208754733014205,178.68436003986332,96.27423541320368,9.232205555555371,355.9161899999981,3.9004228658790665,18.18916880589092,232.2438636952486,231.367672581966
12812810.0,3.4814,0.3752,10.3674,-0.0606,-0.0118,9.8064,0.0553,-0.3939,0.2694,194.89,-82.73,172.25,52.21157,-2.1842,8.06,3,38.14,25 / 26,-4.596496175426145,-9.083982100755387,-3.8378618338100603,-54.021799963462676,-136.00568917551942,-28.265419195059067,False,33.5,-0.8475216240870139,9.204117725224473,178.58120401432205,97.2066048723862,9.243055555555555,354.73900000000003,3.748974551339131,18.28809982597986,232.60300397778474,233.21229404790563
12812910.0,-1.6696,0.5043,8.4747,-0.0406,0.0213,9.8065,-0.2337,-0.0103,0.0924,194.31,-82.99,173.38,52.21157,-2.1842,8.06,3,38.14,25 / 26,-4.608641390583601,-9.100433150238906,-3.8764218338102006,-54.48205684176484,-136.91490993807244,-28.651133378441482,False,33.600000000000364,-0.8553885140591168,9.259462460524384,178.48581535138482,98.14064225729634,9.298888888885841,354.7220000000009,3.753252876524484,18.35989561076329,232.96787219314965,235.05555219536876
12813010.0,2.2595,-0.1207,9.279,-0.0438,0.0271,9.8064,0.0062,-0.2791,0.1035,192.01,-83.03,170.16,52.21157,-2.1842,8.06,3,38.14,25 / 26,-4.5570815500312705,-9.111907011086062,-3.969401833810539,-54.94034298879725,-137.825526946142,-29.043424561823947,False,33.70000000000073,-0.7514445484760038,9.130240296990031,178.39724016432814,99.06356014772739,9.161111111116123,355.29499999997915,3.8056370015552665,18.242147308076092,233.3375831531254,236.88908709386936
12813109.0,3.3175,-1.3275,8.9916,0.0489,-0.0679,9.8062,0.1465,0.4305,-0.4037,195.75,-83.26,172.99,52.21157,-2.1842,8.06,3,38.14,25 / 26,-4.72014529898095,-8.971904551487368,-4.035865483810646,-55.399565717824096,-138.72067561849082,-29.439685294046836,False,33.79900000000089,-0.8732114425554003,9.138177440752541,178.30280538798706,99.96624056245092,9.179811111110727,354.5416100000155,3.8469338564255495,18.11008199223991,233.70237110581115,238.68691618094175
12813210.0,4.5663,0.3802,8.8408,-0.0291,0.0161,9.8066,0.0665,0.1995,0.0485,193.4,-83.14,169.95,52.21157,-2.1842,8.06,3,38.14,25 / 26,-5.0048747381186836,-8.825070820851579,-4.125800933809532,-55.89067922969154,-139.6194228747828,-29.85184944813155,False,33.899999999999636,-0.9892506143190238,9.217064783435065,178.19283588655836,100.90939592998592,9.269999999998362,353.874000000012,4.015624123799659,18.042135604286642,234.08351511624988,240.52881880476872
12813310.0,5.0391,-1.9567,7.7222,-0.0002,-0.0906,9.8062,0.0464,0.3195,0.0246,196.34,-83.05,171.47,52.21157,-2.1842,8.06,3,38.14,26 / 27,-5.359409232621969,-8.624275656148692,-4.278315933810086,-56.40889342823046,-140.49189019863599,-30.272055291514057,False,34.0,-0.7436734192524762,9.070676562544133,178.13151460321492,101.79895534384742,9.101111111111111,355.31300000000005,4.615735813369493,17.694952218692826,234.5404080314454,242.2908455424834
12813411.0,-3.5139,2.8312,9.5788,0.0672,-0.0603,9.8061,-0.0026,0.573,-0.553,195.35,-83.64,174.27,52.21157,-2.1842,8.06,3,38.14,26 / 27,-5.355404784995816,-8.642567187010224,-4.3950870838107425,-56.9499915361232,-141.3638657622204,-30.71006214390637,False,34.10100000000057,-0.9747004969865262,9.142116438822097,178.02876738625952,102.71964933592035,9.193938888894447,353.9144099999559,4.38070428800929,17.784683625832322,234.97875892238272,244.08351509814077
12813510.0,5.823,-5.5394,9.2789,0.0235,-0.0389,9.8065,0.0144,-0.4023,0.1196,194.85,-83.57,171.62,52.21157,-2.1842,8.06,3,38.14,26 / 27,-5.347711836115044,-8.483591438117937,-4.432489283810803,-57.47979580886904,-142.2116106141656,-31.147027174104345,False,34.20000000000073,-0.83212194075348,9.050716784341121,177.97480465693312,103.6003131549404,9.088888888892749,354.74699999996943,4.515589895361564,17.53430822245906,235.45460046580217,245.811923769106
12813610.0,-0.8783,1.3887,12.243,0.0309,-0.0785,9.8063,0.2763,0.3407,-0.0964,197.29,-83.92,174.64,52.21157,-2.1842,8.06,3,38.14,26 / 27,-5.45061133504032,-8.220800426821324,-4.337059283810455,-58.019711967428776,-143.0468302074156,-31.585504602487003,False,34.30000000000109,-1.0204559384329617,9.111925874066346,177.85216209025054,104.52323104607696,9.168888888887434,353.6100000000207,4.430155396607359,17.33272630088767,235.87187405767932,247.57006125349255
12813710.0,-10.182,5.5574,11.0944,-0.1549,0.1143,9.8047,-0.4286,-1.4006,1.0516,190.7,-83.35,165.88,52.21157,-2.1842,8.06,3,38.14,26 / 27,-4.89458507816711,-8.664790004675885,-4.150854283813165,-58.53697178808162,-143.8911097289782,-32.009900280862006,False,34.399999999999636,-0.9485792505516486,9.10460758053587,177.7635869032223,105.42390995234734,9.153888888889162,354.051999999992,3.946005827615462,17.769397585211756,236.3005586913039,249.31501968132554
12813810.0,-6.6309,2.7699,11.1775,-0.0217,-0.0354,9.8065,-0.1179,-0.508,0.4075,190.14,-84.03,171.79,52.21157,-2.1842,8.06,3,38.14,26 / 27,-4.058077654058769,-9.218756703226965,-4.017924283812681,-58.984604924694544,-144.78528706437658,-32.418339209244785,False,34.5,-1.0627623216503208,9.11827485041334,177.66138476433636,106.3357083503519,9.18,353.352,2.995315332408448,18.337031553640305,236.6459896890309,251.12099541472847
12813910.0,-8.3751,3.1509,10.7951,-0.1534,0.1466,9.8043,-0.3229,-1.3729,0.7965,193.35,-84.41,175.8,52.21157,-2.1842,8.06,3,38.14,26 / 27,-3.2990287390321287,-9.657129920083168,-3.8999592838122514,-59.352460244350425,-145.7290813955455,-32.814233387627475,False,34.600000000000364,-1.0803948316992804,9.235912601114089,177.53874219771444,107.26974573384739,9.2988888888824,353.32800000000134,2.2186339073328485,18.89304252119726,236.89120244206487,252.9988271293929
12814010.0,9.6914,-6.2113,8.1241,-0.101,0.0859,9.8057,-0.2079,-1.1599,0.9405,188.23,-83.94,169.27,52.21157,-2.1842,8.06,3,38.14,26 / 27,-3.277255871956986,-9.522642243448576,-3.9346642838123778,-59.68127447490108,-146.68807000372558,-33.20596456601013,False,34.70000000000073,-1.1388359163964357,9.308650748554154,177.4160996310294,108.20378311741085,9.378055555552677,353.025000000011,2.1384199555605505,18.83129299200273,237.09737410593047,254.89185312113642
12814110.0,-2.321,1.5846,9.4949,-0.1151,0.0929,9.8054,-0.1061,-0.5096,0.5114,197.73,-84.12,176.85,52.21157,-2.1842,8.06,3,38.14,26 / 27,-3.5401125707232097,-9.25228087524992,-4.034379283812741,-60.02214289703633,-147.62681615966392,-33.604416744392836,False,34.80000000000109,-1.2739663667809653,9.223545946098495,177.28664358842968,109.11558151753837,9.31111111111233,352.13600000001617,2.2661462039422444,18.475826821348413,237.30878648546602,256.7423976772023
12814210.0,6.1281,-4.4712,8.7457,-0.092,0.057,9.806,-0.1444,-0.9032,0.5502,194.02,-83.83,172.19,52.21157,-2.1842,8.06,3,38.14,26 / 27,-3.6105983188201556,-9.071862312287772,-4.103014283811742,-60.3796784415083,-148.54302331902747,-34.01128642276814,False,34.899999999999636,-1.0073265052309444,9.160895006724813,177.19806840140134,110.02737991552654,9.216111111112841,353.72499999997115,2.6032718135892114,18.232757319012585,237.57774684290965,258.570403234554
12814310.0,-5.4976,3.9168,11.1724,-0.013,0.0382,9.8065,-0.1096,-0.0075,-0.0365,191.48,-83.83,173.72,52.212234,-2.184236,9.05,3,354.48,26 / 27,-3.5371997599335945,-9.022564830098391,-4.087774283811687,-60.737068345447284,-149.44774467615008,-34.420825851150795,False,35.0,-1.188068723535905,9.3013751575965,177.07542583474395,110.96141729908959,9.376944444444444,352.721,2.349131036397689,18.323939987694892,237.81249418019124,260.40916197523967
12814410.0,-5.7605,3.4376,10.2581,-0.0145,-0.0174,9.8066,-0.1456,-0.6349,0.5546,191.15,-83.95,173.19,52.212234,-2.184236,9.05,3,354.48,26 / 27,-2.971459319960189,-9.486574343574759,-3.996914283811356,-61.062501299443156,-150.3732016348371,-34.82506027953342,False,35.100000000000364,-1.2768114175947338,9.419973516977402,176.94596979218056,111.89545468258508,9.506111111104063,352.281000000024,1.694647902365455,18.90654786055216,238.00847109162373,262.2686563174222
12814510.0,-0.1301,-0.2858,11.137,-0.0001,0.0352,9.8066,-0.074,0.2091,-0.1485,197.77,-84.01,177.0,52.212234,-2.184236,9.05,3,354.48,26 / 27,-2.6254580540061725,-9.697062299406522,-3.9078242838110318,-61.34234716814249,-151.33238346698965,-35.220297207915976,False,35.20000000000073,-1.0939848772717045,9.302840712046148,176.84376765326581,112.82949206614856,9.366944444449507,353.2929999999632,1.531473176734468,18.99990301145267,238.1861148214083,264.1618755331382
12814610.0,4.955,-2.287,9.6379,-0.0737,0.0873,9.8059,-0.125,-0.3968,0.3298,195.62,-83.66,174.46,52.212234,-2.184236,9.05,3,354.48,26 / 27,-2.7364681875907824,-9.509742709547004,-3.8497442838108205,-61.61044348022331,-152.29272371744082,-35.60817563629848,False,35.30000000000109,-1.2717927933965927,9.454847597428738,176.72112508658148,113.76352944971201,9.539999999996853,352.33900000001734,1.4646753941941897,18.964590306975744,238.33156856680478,266.0562531671528
12814710.0,-2.8786,1.771,10.541,0.0264,0.0266,9.8065,-0.0055,0.238,-0.1772,192.22,-83.67,174.82,52.212234,-2.184236,9.05,3,354.48,26 / 27,-2.7361771939770643,-9.446878768388773,-3.821464283811232,-61.88407574929772,-153.24055479132383,-35.99173606467401,False,35.399999999999636,-1.1418618227253425,9.597310903464471,176.6121094718093,114.71980581952371,9.664999999997727,353.21499999998406,1.5943153712517217,19.044189671853246,238.49618522110703,267.96036061084754
12814809.0,0.4525,1.9096,8.7984,-0.0403,0.0588,9.8064,-0.0701,-0.1146,0.1699,192.02,-83.27,174.82,52.212234,-2.184236,9.05,3,354.48,26 / 27,-2.5718483921235404,-9.644817517659604,-3.8350223338112537,-62.14682301581013,-154.18559375748475,-36.37073215224694,False,35.498999999999796,-1.1395842415824662,9.653519527246678,176.4974386719472,115.67752772245397,9.720549999999879,353.2674699999999,1.4322641505410743,19.298337044906283,238.64426168775734,269.86312147993874
12814910.0,-4.5169,1.9684,9.9996,0.0229,-0.0045,9.8066,-0.0378,0.4402,-0.3156,192.9,-83.32,175.99,52.212234,-2.184236,9.05,3,354.48,26 / 27,-2.3271600328675106,-9.876911837053871,-3.876194983811485,-62.39422294127357,-155.1714410899033,-36.760148626789075,False,35.600000000000364,-0.9512768763489756,9.606906004724157,176.414518669958,116.6323585576991,9.653888888892556,354.34499999994125,1.375883156518535,19.483817841778027,238.80874161123157,271.80379964760243
12815010.0,-0.1271,-4.219,8.9931,0.0008,0.065,9.8064,-0.1013,0.0076,0.1911,191.16,-83.2,175.03,52.212234,-2.184236,9.05,3,354.48,26 / 27,-1.9958663789591735,-9.81165672386825,-3.9072249838115978,-62.61037426186569,-156.155869517953,-37.14931962517164,False,35.70000000000073,-1.2236646162619413,9.716304957184313,176.29868957921678,117.59975441995307,9.793055555550493,352.82200000005537,0.7722017626972322,19.527961681052563,238.90906384108246,273.7556239379061
12815110.0,1.0194,-2.7243,8.731,0.0088,-0.0589,9.8065,0.1993,0.1926,-0.0885,198.14,-83.32,178.17,52.212234,-2.184236,9.05,3,354.48,26 / 27,-1.8687441192249048,-9.458675097638643,-4.001684983811941,-62.803604786775594,-157.11938610903184,-37.54476512355426,False,35.80000000000109,-0.9323824164340577,9.90231231905131,176.21011439218657,118.58938926635152,9.946111111108326,354.62099999996724,0.9363617027908471,19.36098741668995,239.01371917896216,275.70877537538337
12815210.0,1.7461,0.1077,8.7999,-0.0074,0.0176,9.8066,0.1591,-0.0471,0.0264,197.77,-83.42,179.2,52.212234,-2.184236,9.05,3,354.48,26 / 27,-1.8733411415010643,-9.294879161437047,-4.105804983810426,-62.99070904980917,-158.05706382197198,-37.95013962192947,False,35.899999999999636,-1.0813717459272534,9.912300032647533,176.10791225327543,119.57902411414743,9.971111111110657,353.7740000000154,0.791969395573811,19.20717919408458,239.0986213030846,277.6360879361194
12815311.0,1.4585,0.8298,8.5648,-0.0132,-0.0743,9.8063,0.0657,-0.0055,0.0557,198.42,-83.19,-179.73,52.212234,-2.184236,9.05,3,354.48,26 / 27,-1.9550267570146942,-9.292909695089941,-4.219359283811064,-63.1840416286853,-158.99574715923185,-38.37056041744672,False,36.001000000000204,-1.081280047812949,10.270854517127379,175.99119741066224,120.6122473724971,10.327624999999935,353.9902700000012,0.8737467092017452,19.563764212217322,239.17523903934753,279.60799453172893
12815410.0,-1.07,0.0675,10.0126,0.0214,-0.0558,9.8064,0.0258,0.3104,-0.2083,202.05,-83.81,-177.13,52.212234,-2.184236,9.05,3,354.48,26 / 27,-1.9035438259884205,-9.338443399487643,-4.270636333811147,-63.37504087254426,-159.91799913741494,-38.790815200519695,False,36.100000000000364,-0.9305471608444926,10.242817336138108,175.90350797550983,121.6250107649617,10.28500000000235,354.8089999999549,0.9729966651439279,19.58126073562575,239.27854884805407,281.54300990237664
12815510.0,4.3462,-0.0224,9.4188,0.0279,0.019,9.8065,-0.1196,-0.4171,0.1819,202.29,-83.77,-175.23,52.212234,-2.184236,9.05,3,354.48,26 / 27,-1.9701133006312024,-9.287559006467824,-4.27973133381118,-63.568723728875945,-160.8492992577161,-39.218333583902364,False,36.20000000000073,-1.0401067058089712,10.334737197066458,175.7944923606828,122.65912358177047,10.386944444440735,354.2530000000203,0.9300065948222311,19.622296203534283,239.36321608955873,283.50842283948657
12815610.0,1.9728,0.9211,6.5193,0.0088,0.0259,9.8066,-0.3587,0.0669,0.2251,207.9,-83.91,-172.64,52.212234,-2.184236,9.05,3,354.48,26 / 27,-2.194419117694826,-9.212354453411567,-4.463491333811849,-63.776950349793005,-161.77429493071344,-39.65549471728511,False,36.30000000000109,-1.0468548289104997,10.340198196748872,175.6922902217964,123.69323639928714,10.393055555555444,354.2190000000006,1.147564288784326,19.55255265016044,239.4692405715894,285.4675313300006
12815710.0,-0.0641,-0.9336,9.3953,-0.0214,-0.0368,9.8065,0.3587,-0.2295,-0.0998,211.88,-84.18,-169.69,52.212234,-2.184236,9.05,3,354.48,26 / 27,-2.192096839926267,-9.189739974539522,-4.648426333809158,-63.99627614767087,-162.69439965209762,-40.11109060065953,False,36.399999999999636,-0.8916391101394197,10.389866330565042,175.60371503474147,124.72734921749235,10.428055555554918,355.0949999999841,1.3004577297868474,19.579606305104562,239.59999118241234,287.42174886959
12815809.0,0.9096,0.8405,7.7521,-0.0136,0.0271,9.8066,0.1186,-0.0965,0.0915,208.93,-84.4,-171.99,52.212234,-2.184236,9.05,3,354.48,26 / 27,-2.1418582031157296,-9.188133809989177,-4.770488383809355,-64.2108069223018,-163.60410440443326,-40.5773268791824,False,36.498999999999796,-0.8736328830444364,10.410161541487344,175.5160255996095,125.75112090683182,10.446755555555514,355.20290999999975,1.2682253200712932,19.598295351476523,239.7268325219113,289.3552253112651
12815910.0,-0.2339,0.612,8.6508,-0.0423,-0.0796,9.8062,0.3727,-0.5535,0.2307,207.01,-84.18,-171.14,52.212234,-2.184236,9.05,3,354.48,26 / 27,-2.1209012939998932,-9.254120481957587,-4.932613583810266,-64.42607627690735,-164.5354382461818,-41.067333528549945,False,36.600000000000364,-0.6739631760910055,10.374242134821069,175.46063204034274,126.79557485315782,10.396111111113886,356.2829999999411,1.4469381179088878,19.628362616778656,239.8867083172501,291.3310130993396
12816011.0,5.6989,1.3457,13.6061,-0.0291,-0.022,9.8065,0.2695,-0.4232,0.1364,207.42,-84.31,-170.56,52.212234,-2.184236,9.05,3,354.48,26 / 27,-2.3257232389252462,-9.23184808187545,-4.799111783809516,-64.65063081582133,-165.4689796586606,-41.558785659617506,False,36.70100000000093,-0.8548109570903563,10.477292647108495,175.35754414956088,127.86237897933393,10.512105555555005,355.3357400000009,1.4709122818348899,19.709140728983947,240.0081749653822,293.3313586379945
12816110.0,-0.6356,4.5884,12.4524,-0.0285,-0.0705,9.8063,0.5294,0.2511,-0.0734,207.64,-84.62,-170.97,52.212234,-2.184236,9.05,3,354.48,26 / 27,-2.600634547193538,-9.394031097592428,-4.480074383809,-64.8944855262346,-166.39096067804576,-42.018105374915365,False,36.80000000000109,-0.8608218443098388,10.492804178732063,175.2698547143753,128.8971589661748,10.528055555555262,355.31000000000046,1.7398127028836992,19.88683527632449,240.1643402406099,295.28811964422056
12816209.0,-1.2421,4.8949,12.5622,0.0425,-0.0471,9.8064,0.3252,0.1469,-0.3334,208.05,-84.29,-169.96,52.212234,-2.184236,9.05,3,354.48,26 / 27,-2.65423943132855,-9.87020189084548,-4.212710033808567,-65.15460178817187,-167.34454021097497,-42.44839820358813,False,36.89900000000125,-0.7018084156022203,10.544313278825072,175.202401302737,129.9429472519174,10.567655555555469,356.1920899999981,1.9524310157263294,20.41451516967055,240.35700309090888,297.2874874628924
12816309.0,1.3705,-4.4088,5.9928,-0.032,-0.094,9.8061,0.2546,-0.032,-0.0295,210.63,-84.23,-171.35,52.212234,-2.184236,9.05,3,354.48,26 / 27,-2.5772732093879256,-9.910795840966072,-4.265625033807797,-65.4161774202039,-168.33359009755117,-42.872314956962775,False,36.998999999999796,-0.7962717301932911,10.548765669699339,175.12752120232545,130.98829075677918,10.578780555555532,355.6832300000012,1.7810014791946345,20.45956151066541,240.54369862252935,299.32188085433035
12816410.0,-0.6568,-1.8846,8.6497,-0.0108,-0.055,9.8064,-0.062,-0.3298,-0.0225,205.72,-84.62,-173.41,52.212234,-2.184236,9.05,3,354.48,26 / 27,-2.3671342608636716,-9.631054467733936,-4.5166504338092075,-65.665869997453,-169.32045353814607,-43.31581986807993,False,37.100000000000364,-0.6031649550946643,10.540812547008183,175.07226391254994,132.05509488358655,10.558055555556692,356.7249999999429,1.7639693057690073,20.17186701474212,240.73813391000294,301.3755484217326
12816509.0,-2.1466,-0.0008,9.3325,0.0508,0.0888,9.8061,-0.3332,-0.0073,0.0224,207.16,-84.95,-172.05,52.212234,-2.184236,9.05,3,354.48,26 / 27,-2.118833182750214,-9.6251512359557,-4.597389883809338,-65.88792538591225,-170.27363572048026,-43.76696486380278,False,37.199000000000524,-0.7083930265777618,10.564025683573115,174.99806515973057,133.10088316932934,10.587755555554397,356.16367000002185,1.4104401561724522,20.189176919528816,240.8859905456428,303.37451888980956
12816610.0,2.1023,-0.4617,6.2952,-0.0379,0.0875,9.8061,-0.5289,0.0345,0.4257,210.42,-84.45,-170.21,52.212234,-2.184236,9.05,3,354.48,26 / 27,-2.0171966178607508,-9.620108841822052,-4.798662683810469,-66.09679489084428,-171.24552135441348,-44.24146551847024,False,37.30000000000109,-0.6181261201193169,10.691034624120665,174.94280786997743,134.16779848903005,10.70888888888669,356.69099999999025,1.3990704977414339,20.311143465942717,241.0396027608217,305.41331984344356
12816710.0,-3.069,2.5974,9.5749,-0.0884,0.0662,9.806,-0.167,-0.5429,0.7065,210.29,-84.71,-170.96,52.212234,-2.184236,9.05,3,354.48,26 / 27,-1.945603202925038,-9.757993179039836,-4.985822683807745,-66.29493488188069,-172.2144264554425,-44.73068978684403,False,37.399999999999636,-0.6580931017961715,10.713696101176795,174.88148658663616,135.23526978521883,10.733888888888435,356.48500000000377,1.2875101011288665,20.47168928021663,241.17642146851685,307.4496962406613
12816810.0,-7.3331,2.8923,9.8491,0.0926,-0.0489,9.8061,-0.3075,0.3201,-0.1549,215.88,-84.95,-159.8,52.212234,-2.184236,9.05,3,354.48,26 / 27,-1.583946267220331,-10.304999262459653,-4.9952876838077795,-66.47141235538861,-173.21757607752113,-45.22974530522662,False,37.5,-0.7337125741924297,10.756950862654264,174.81335182737885,136.30274108142726,10.781944444444443,356.098,0.8502336930279013,21.061950125113917,241.28476418276745,309.5203171589484
12816910.0,2.4014,1.2782,12.6233,-0.0678,0.0723,9.8061,-0.0325,-0.7513,0.4038,218.87,-85.28,-157.06,52.212234,-2.184236,9.05,3,354.48,26 / 27,-1.4249403633836875,-10.642990699565585,-4.852332683807259,-66.62185668691936,-174.2649755756262,-45.72212632360917,False,37.600000000000364,-0.7490299624337057,10.7277714531014,174.7452170681535,137.37021237685067,10.753888888890419,356.006000000005,0.6759104009499818,21.370762152666984,241.36707375507285,311.6351879524769
12817010.0,6.2354,-2.2565,11.3126,0.0424,0.069,9.8062,-0.001,-0.2918,0.1525,213.96,-84.88,-162.03,52.212234,-2.184236,9.05,3,354.48,26 / 27,-1.6733529194413583,-10.379809665411896,-4.636202683806473,-66.77677135106117,-175.31611559387892,-46.19655309199158,False,37.70000000000073,-0.7638141659101564,10.94226262600992,174.67708230886893,138.4599226579093,10.968888888881068,356.0069999999999,0.909538753531202,21.32207229142182,241.4538536599301,313.77603825178824
12817110.0,-0.2701,0.2638,8.693,-0.0839,0.0027,9.8063,0.0347,-0.6456,0.2338,213.86,-84.73,-161.91,52.212234,-2.184236,9.05,3,354.48,26 / 27,-1.7829938310233693,-10.157164828966346,-4.616587683806402,-66.94958868858504,-176.34296431860156,-46.65919261037391,False,37.80000000000109,-0.886665746707661,10.693302757039483,174.5953205977822,139.51627446169323,10.730000000004345,355.2600000000136,0.8963280843157083,20.850467586005827,241.54490928636724,315.8592387802948
12817210.0,5.9737,-4.8481,8.9595,-0.0847,0.0307,9.8062,-0.0936,-0.7436,0.5542,210.96,-84.8,-167.07,52.212234,-2.184236,9.05,3,354.48,26 / 27,-1.8278551356332498,-9.83857015434234,-4.714627683804975,-67.13013113691524,-177.34275106775243,-47.12575337874769,False,37.899999999999636,-0.8393391741376165,10.751175252903192,174.51355888664227,140.5948652488927,10.783888888887908,355.535999999995,0.9885159614956333,20.58974540724553,241.6436900235575,317.9376163166451
12817310.0,-3.5775,1.0959,9.8727,-0.093,-0.0068,9.8062,-0.0491,-0.1264,0.182,210.04,-85.1,-167.17,52.212234,-2.184236,9.05,3,354.48,25 / 25,-1.7483717323186332,-9.63571458955717,-4.753682683805118,-67.30894248031349,-178.31646530495095,-47.599168897129914,False,38.0,-0.9508159169336211,10.73408215783343,174.41817022369835,141.6623365458086,10.77611111111111,354.93800000000005,0.7975558153850121,20.369796747390602,241.72711270401186,319.97880185075957
12817410.0,4.3312,-1.7279,9.5129,-0.0598,0.0383,9.8064,-0.0312,-0.508,0.1703,214.09,-85.12,-166.72,52.212234,-2.184236,9.05,3,354.48,25 / 25,-1.6690552637856637,-9.60371175941817,-4.765067683805159,-67.47981383011933,-179.2784366224032,-48.07510641551216,False,38.100000000000364,-0.8792939474915749,10.983749564665576,174.32959503664847,142.7631663185067,11.01888888887564,355.4229999999735,0.7897613162940889,20.587461324083748,241.8094088667678,322.0416029409099
12817510.0,-0.451,3.1888,11.8109,0.0455,0.0425,9.8064,-0.1859,0.0412,-0.2666,213.82,-85.23,-167.24,52.212234,-2.184236,9.05,3,354.48,25 / 25,-1.787947501947415,-9.582475850118607,-4.679542683804848,-67.65266396840661,-180.23774600288354,-48.54733693389438,False,38.20000000000073,-0.7310242969858891,11.099842678591264,174.26146027738992,143.87511558583196,11.12388888888507,356.2319999999706,1.0569232049615258,20.68231852870987,241.91412424579653,324.11286158871553
12817610.0,1.3292,-0.3392,9.2,-0.0632,0.0992,9.8059,-0.2472,-0.1873,0.3869,211.31,-85.12,-170.08,52.212234,-2.184236,9.05,3,354.48,25 / 25,-1.8232819719544164,-9.703138368210144,-4.6096626838045935,-67.83322544210236,-181.2020267138035,-49.01179720227654,False,38.30000000000109,-0.7159023349643788,11.028733374685777,174.19332551813255,144.97594535931785,11.051944444445754,356.28599999999904,1.1073796369900375,20.73187174289592,242.0265509602349,326.17797207312134
12817710.0,-1.21,2.4994,10.8806,-0.0309,-0.0155,9.8065,0.1262,0.1622,-0.0871,213.32,-85.11,-167.63,52.212234,-2.184236,9.05,3,354.48,25 / 25,-1.8065878244262144,-9.816090373943043,-4.586297683804934,-68.01471893191875,-182.17798815089694,-49.47159522065033,False,38.399999999999636,-0.8619709966963925,11.073446658236403,174.10475033110527,146.08789462591596,11.106944444443444,355.54900000001345,0.9446168277298218,20.889537032179447,242.11946926302403,328.2658827768129
12817810.0,0.7915,0.2398,9.606,-0.0174,-0.0015,9.8066,0.0053,-0.1677,-0.0625,211.13,-85.31,-170.58,52.212234,-2.184236,9.05,3,354.48,25 / 25,-1.7819649003478713,-9.967742748188837,-4.542632683804775,-68.1941465681581,-183.16717980700713,-49.92804173903247,False,38.5,-0.7942407092439662,11.104688545783986,174.02980209593267,147.18872439940168,11.133055555555556,355.909,0.9877241911039051,21.072431293972823,242.22394866409076,330.3559042064088
12817911.0,1.0907,0.1034,10.0369,0.0191,-0.017,9.8066,-0.0184,0.1703,-0.2258,210.98,-85.44,-170.95,52.212234,-2.184236,9.05,3,354.48,25 / 25,-1.788235823059022,-9.956291070677535,-4.541137883804766,-68.37444170469117,-184.17334351486554,-50.38677215269933,False,38.60100000000057,-0.9171488178798225,11.100165602139517,173.94040929177112,148.31168196367696,11.137994444444764,355.2766799999755,0.8710870051791996,21.056456672817053,242.31485099646227,332.4850254785425
12818009.0,1.2988,1.0175,9.7987,-0.0254,0.0339,9.8065,-0.1184,-0.1598,0.1547,205.96,-85.45,-172.61,52.212234,-2.184236,9.05,3,354.48,25 / 25,-1.8332597176433432,-9.968419059279938,-4.530245183804771,-68.5518949861855,-185.149654311233,-50.831269923012,False,38.699000000000524,-0.8278206433671932,11.101179161508774,173.86028281487938,149.39049514168835,11.132005555555791,355.735319999982,1.00543907427615,21.069598220788713,242.4121778010649,334.54014945292136
12818110.0,-1.0671,0.6496,10.1776,-0.0094,0.029,9.8066,-0.2302,0.0644,0.0217,211.84,-85.5,-170.01,52.212234,-2.184236,9.05,3,354.48,25 / 25,-1.80145202942441,-10.061721038670958,-4.511913683804668,-68.73544792941345,-186.16117638618522,-51.28789894582884,False,38.80000000000109,-0.8690468367436488,11.04475154124858,173.7708900107391,150.51345270675085,11.078888888889853,355.5010000000043,0.9324051926807613,21.10647257991954,242.50633794015255,336.6746290929361
12818210.0,0.6476,-0.7796,9.1674,-0.0142,0.0142,9.8066,-0.2039,0.028,0.075,210.96,-85.53,-171.1,52.212234,-2.184236,9.05,3,354.48,25 / 25,-1.697831189509333,-10.090374092480452,-4.525328683804473,-68.9104120903576,-187.16878114272814,-51.739761064202725,False,38.899999999999636,-0.874509201947746,11.106736264349077,173.6891282996532,151.6142824795092,11.141111111109979,355.4980000000001,0.823321987561587,21.19711035682953,242.5995403900108,338.78306362223736
12818309.0,0.6095,1.4783,10.1619,0.0088,0.0038,9.8066,0.019,0.0703,-0.0245,212.07,-85.58,-170.05,52.212234,-2.184236,9.05,3,354.48,26 / 26,-1.6876228828261495,-10.109713018286032,-4.539386683804495,-69.07799206693848,-188.1686854547127,-52.188464474900094,False,38.998999999999796,-0.8668311364332584,11.102373058641705,173.60143886449455,152.71511225415938,11.136161111111122,355.53561999999994,0.8207917463928911,21.212086076927736,242.67943093143305,340.88379770887207
12818410.0,0.3517,-5.3087,6.2084,0.0085,0.0941,9.8062,-0.3953,-0.1756,0.1062,209.82,-85.35,-172.4,52.212234,-2.184236,9.05,3,354.48,26 / 26,-1.5512955823224268,-9.937763831251118,-4.7031581838054155,-69.2415574494294,-189.18108303562,-52.65521299071702,False,39.100000000000364,-0.8617320886291832,11.065385324306295,173.51879140148858,153.82706152024025,11.09888888889092,355.5469999999994,0.6895634936932437,21.003149155557413,242.76034885091798,343.0081445558602
12818509.0,-2.2946,1.1599,9.6085,-0.0251,-0.0327,9.8065,0.2776,-0.2901,0.0038,207.2,-85.6,-171.48,52.212234,-2.184236,9.05,3,354.48,26 / 26,-1.277611330957761,-9.822688376949348,-4.891079983805719,-69.38158834163698,-190.1592254199275,-53.13012778001454,False,39.199000000000524,-0.9181051015737073,11.028287144360117,173.4311019663302,154.91688299598874,11.066438888890152,355.241090000012,0.35950622938405374,20.850975521309465,242.8126903079672,345.0761084159162
12818611.0,3.5706,-1.7051,7.3008,-0.0541,0.0948,9.806,-0.0623,-0.3657,0.3291,210.01,-85.51,-172.38,52.212234,-2.184236,9.05,3,354.48,26 / 26,-1.2289363481412046,-9.78170203014054,-5.028983983806762,-69.509422273272,-191.15904933069666,-53.6360510423666,False,39.301000000001295,-0.8496617888536406,11.033609106573921,173.3475006167158,156.0397293663559,11.066280555555284,355.5965400000087,0.37927455928756393,20.815311136714463,242.8569228899878,347.1987786970526
12818710.0,-2.3481,1.4876,9.2249,0.0247,-0.0894,9.8062,0.0095,0.2702,-0.3472,208.93,-85.77,-169.47,52.212234,-2.184236,9.05,3,354.48,26 / 26,-1.1906360166989483,-9.76087029041707,-5.1818201838042,-69.62919110532957,-192.12640666054804,-54.141485848654874,False,39.399999999999636,-0.9551602943746795,11.041820015720864,173.253065840403,157.1295508413841,11.083055555555246,355.05600000000993,0.23547572232426872,20.802690306137933,242.88225694573256,349.25595750193213
12818810.0,-1.1461,0.5819,9.6288,-0.0681,-0.0076,9.8063,0.1393,-0.1194,0.2582,214.01,-86.48,-168.99,52.212234,-2.184236,9.05,3,354.48,26 / 26,-1.0095982449304925,-9.962009544911535,-5.219800183804338,-69.73920281841144,-193.11255065231805,-54.661566867037195,False,39.5,-0.8933058881183615,10.928551120356854,173.17130412926133,158.21926112315143,10.964999999999998,355.327,0.11629235681213101,20.89056066526839,242.9105069476728,351.3318117754695
12818909.0,0.806,0.1642,10.8855,-0.028,0.0312,9.8065,-0.055,0.2887,0.1621,217.13,-86.16,-166.73,52.212234,-2.184236,9.05,3,354.48,26 / 26,-0.9349860636664836,-10.028698355650494,-5.175200683804266,-69.83545974168715,-194.10209069339746,-55.17611940998465,False,39.59900000000016,-0.859373464726264,10.966027707464068,173.08361469410895,159.30908259812034,10.99964999999804,355.51905999998917,0.07561259894021966,20.994726063114562,242.9190744357961,353.4111732915178
12819010.0,0.2286,0.5736,9.6026,0.0342,-0.0085,9.8066,-0.0833,0.066,-0.2496,218.43,-86.07,-163.22,52.212234,-2.184236,9.05,3,354.48,26 / 26,-0.9186199597769044,-10.058669697563838,-5.1310232838040175,-69.92906684587156,-195.11650278009049,-55.696583720351796,False,39.70000000000073,-0.9437191033240756,11.003493810790694,172.98734027929476,160.40980117832459,11.043888888887292,355.0980000000154,-0.025099143547171243,21.06216350835453,242.9164071251663,355.52630395841504
12819110.0,0.4158,1.0573,10.1825,0.024,0.0024,9.8066,-0.075,0.0263,-0.1203,216.16,-86.13,-165.95,52.212234,-2.184236,9.05,3,354.48,26 / 26,-0.9130498899575685,-10.13585653574269,-5.1224332838039865,-70.02065033835862,-196.12622909175948,-56.20925654873406,False,39.80000000000109,-0.9161195822971793,10.89153914334319,172.89876509226528,161.4995114586771,10.930000000002071,355.19199999999825,-0.003069692339610741,21.027395679085878,242.9194154306239,357.6257405504366
12819210.0,0.1409,-0.9006,9.6052,-0.0078,0.0161,9.8066,-0.1306,0.1147,0.0761,212.86,-86.16,-164.04,52.212234,-2.184236,9.05,3,354.48,26 / 26,-0.8607712912699512,-10.152086998327997,-5.113713283804113,-70.1093413974187,-197.14062626844824,-56.72106387710702,False,39.899999999999636,-0.961846153044639,10.809234487382195,172.80337642929587,162.5781022479991,10.851944444445863,354.9150000000051,-0.10107486177468783,20.961321485710194,242.91271782671458,359.71872851644736
12819310.0,0.322,0.1901,10.4998,0.0185,0.0051,9.8066,0.0092,0.198,-0.1286,218.1,-86.22,-162.27,52.212234,-2.184236,9.05,3,354.48,26 / 26,-0.7795773334893095,-10.136809891381835,-5.0891282838040235,-70.19135882865696,-198.15507111293743,-57.23120595548929,False,40.0,-0.9670708522526125,10.965494110204105,172.71480124223942,163.67893202006957,11.008055555555554,354.96,-0.187493518763303,21.102304001585942,242.90616007089636,361.834003133007
12819410.0,-1.1273,0.3799,8.8729,0.0367,0.0277,9.8065,-0.0692,0.2194,-0.1104,216.16,-86.15,-164.36,52.212234,-2.184236,9.05,3,354.48,26 / 26,-0.6833897388589871,-10.214128869786755,-5.101158283804067,-70.26450718227464,-199.17261805099957,-57.740720283871546,False,40.100000000000364,-0.9558010169700434,10.868051546439949,172.6194125793022,164.75752280933253,10.91000000000535,354.97399999999925,-0.27241127811105625,21.082180416226706,242.88391976157686,363.93014086033213
12819510.0,-0.4174,-0.5609,10.3468,-0.0329,0.006,9.8066,0.1076,-0.3874,0.1941,213.21,-86.04,-164.82,52.212234,-2.184236,9.05,3,354.48,26 / 26,-0.5346042215678835,-10.278404176573874,-5.120838283804138,-70.32540688029621,-200.19724470332133,-58.25182011225382,False,40.20000000000073,-0.8513523733669989,10.805401958376983,172.53765086816006,165.83611359796663,10.838888888891477,355.4949999999811,-0.3167481517991154,21.083806134950855,242.86305774845627,366.033358301288
12819610.0,3.2889,0.8621,9.9357,-0.0116,0.007,9.8066,-0.0168,-0.2061,0.0698,212.0,-86.04,-166.24,52.212234,-2.184236,9.05,3,354.48,26 / 26,-0.5814429492178491,-10.240522829126107,-5.087378283804017,-70.38120923883571,-201.22319105361007,-58.76223094063608,False,40.30000000000109,-0.9815781013164658,10.806623745494697,172.44226220521642,166.91470438589343,10.851111111110889,354.81000000001245,-0.4001351520986167,21.047146574620804,242.82347144405213,368.1378954395035
12819710.0,-1.4443,-0.4308,10.1115,-0.052,-0.0022,9.8064,-0.0585,-0.1947,0.049,212.59,-86.23,-165.85,52.212234,-2.184236,9.05,3,354.48,26 / 26,-0.5885208521385359,-10.234976980473045,-5.065683283804333,-70.43970742890268,-202.24696604407512,-59.26988401900911,False,40.399999999999636,-0.9650037472890013,10.868353759733196,172.35368701818865,168.00441466764056,10.91111111111002,354.9259999999979,-0.3764828951504654,21.10333074020624,242.79339444709132,370.2513807117157
12819810.0,2.1772,1.0538,9.7454,-0.0721,-0.0049,9.8063,0.2056,-0.2331,0.1689,207.83,-86.63,-171.96,52.212234,-2.184236,9.05,3,354.48,26 / 26,-0.553408486348395,-10.272747351331367,-5.053503283804289,-70.49680389582723,-203.27235226066907,-59.77584334739139,False,40.5,-0.9869004367496681,10.789960728748891,172.25148487930275,169.0830054548602,10.834999999999999,354.774,-0.4334919504012731,21.062708080080256,242.74828877513,372.3553577155293
12819909.0,-0.0464,-1.4392,7.8353,-0.0288,-0.035,9.8065,-0.0663,0.3166,-0.0871,209.49,-86.86,-173.08,52.212234,-2.184236,9.05,3,354.48,26 / 26,-0.5526985151006056,-10.226488912622747,-5.154116983804451,-70.55155619239905,-204.28706445573644,-60.28112055063884,False,40.59900000000016,-0.9976946955460763,10.744227019223501,172.1570501029951,170.13980203872777,10.790450000002522,354.6948000000045,-0.4449961804454706,20.97071593184625,242.70860629539413,374.4268664944642
12820009.0,-1.9397,-2.0686,7.3876,0.0102,-0.0392,9.8066,-0.1469,0.1036,-0.1818,204.82,-86.89,-175.76,52.212234,-2.184236,9.05,3,354.48,26 / 26,-0.2992624025252453,-10.128595175660717,-5.37363698380525,-70.5941542382805,-205.30481866015433,-60.80750824902124,False,40.699000000000524,-1.0708085104251692,10.701909332110464,172.04817075768665,171.20727333424225,10.75535000000135,354.2861200000159,-0.771546107899924,20.83050450777118,242.64232499596716,376.51209199439654
12820110.0,-0.7499,0.595,10.8389,-0.0023,0.0774,9.8063,-0.1259,-0.1411,0.1141,202.37,-87.03,-178.73,52.212234,-2.184236,9.05,3,354.48,26 / 26,-0.056586592343161574,-10.128703241114316,-5.443670383805643,-70.61212461252146,-206.3278122302072,-61.35378227108866,False,40.80000000000109,-1.0828177026132062,10.796949484393659,171.94487846265173,172.29653883654044,10.851111111109363,354.2730000000002,-1.0262311102700445,20.925652725507973,242.55700307517318,378.62435106674764
12820210.0,-0.853,-1.2627,7.2957,0.0076,0.0811,9.8063,-0.1562,-0.0807,0.1092,194.79,-86.51,178.87,52.212234,-2.184236,9.05,3,354.48,26 / 26,0.11010550941245717,-10.124295534591129,-5.517605383804567,-70.60944866666803,-207.34046216897772,-61.9018460594612,False,40.899999999999636,-1.1616323493374878,10.67392084887758,171.82223589599639,173.36401013202232,10.73694444444652,353.7890000000088,-1.271737858749945,20.79821638346871,242.43168456266443,380.704472301
12820310.0,-0.1629,0.5908,10.6796,-0.0132,-0.0382,9.8065,0.1277,-0.0088,-0.1038,199.26,-86.57,178.15,52.212234,-2.184236,9.05,3,354.48,24 / 25,0.2515909225463844,-10.106347404281733,-5.599505383804865,-70.59136384507002,-208.35199431592505,-62.457701597843695,False,41.0,-1.2077225467865322,10.63469813747866,171.70640680522615,174.4203619343906,10.703055555555554,353.521,-1.4593134693329166,20.741045541760393,242.29777065029617,382.7723562503156
12820410.0,0.1267,2.7013,11.3324,-0.0246,0.0202,9.8065,0.0888,-0.0704,0.0414,190.36,-86.75,173.57,52.212234,-2.184236,9.05,3,354.48,24 / 25,0.3050060791109194,-10.266950305897012,-5.479570383804429,-70.56353399498705,-209.3706592014377,-63.011655386226174,False,41.100000000000364,-1.2874476021896892,10.640450815805382,171.5769507626627,175.48783323052132,10.718055555554736,353.1010000000229,-1.5924536813006087,20.907401121702392,242.14048475764974,384.858492431959
12820510.0,1.3392,-0.0486,9.3465,-0.0323,-0.025,9.8066,0.0984,-0.1035,0.1667,193.68,-86.87,173.09,52.212234,-2.184236,9.05,3,354.48,24 / 25,0.2960291929276145,-10.374583879844126,-5.426290383804235,-70.53348223138502,-210.4027359107285,-63.55694842460859,False,41.20000000000073,-1.3325541677987667,10.64385440073626,171.44749472006276,176.54418503359736,10.72694444444412,352.8640000000087,-1.628583360726381,21.018438280580384,241.9809769514478,386.9469209443258
12820610.0,0.6617,1.2947,11.0905,0.0023,-0.0328,9.8066,0.1359,-0.0142,0.0043,194.47,-86.83,176.91,52.212234,-2.184236,9.05,3,354.48,24 / 25,0.2695521989873413,-10.407995690467503,-5.385105383804086,-70.50520316178917,-211.44186488924785,-64.09751821299098,False,41.30000000000109,-1.3171720232334787,10.60658236284752,171.3180386774628,177.60053683667275,10.68805555555626,352.92099999999897,-1.58672422222082,21.014578053315024,241.82324183925198,389.0424017259206
12820710.0,-0.4883,0.9581,9.0729,-0.0194,-0.0086,9.8065,0.0221,-0.0432,0.005,193.61,-86.77,177.31,52.212234,-2.184236,9.05,3,354.48,24 / 25,0.3200156803464037,-10.51185684480267,-5.357600383804486,-70.47572476782291,-212.48785751599615,-64.63465350136359,False,41.399999999999636,-1.2102246314323784,10.602262432479197,171.20220958674867,178.66800813286156,10.671111111111419,353.48799999998977,-1.530240311778782,21.114119277281866,241.67793435457156,391.1558656488577
12820810.0,1.4016,-1.2526,10.3284,-0.0208,-0.0279,9.8066,0.1205,-0.2027,0.0556,190.24,-86.84,173.38,52.212234,-2.184236,9.05,3,354.48,24 / 25,0.36066128359297567,-10.484035368494943,-5.368200383804524,-70.44169091962581,-213.53765212666485,-65.17094353974599,False,41.5,-1.3227081720013762,10.544306108845163,171.0659400682071,179.71324044351167,10.626944444444444,352.85,-1.683369455594352,21.028341477340106,241.50763098783293,393.2508925701765
12820910.0,-1.1299,-0.1668,9.5665,0.0044,-0.0143,9.8066,0.0927,0.1631,-0.1373,190.39,-86.78,173.54,52.212234,-2.184236,9.05,3,354.48,24 / 25,0.44575632790798947,-10.403476357439034,-5.354120383804473,-70.40137003905062,-214.58202771296536,-65.7070595781284,False,41.600000000000364,-1.4813255935640144,10.429213278546678,170.91604359787337,180.758472753378,10.533888888893966,351.916000000051,-1.9270819214720039,20.832689635985712,241.317413636924,395.3405004663433
12821010.0,-2.2553,3.3235,10.2149,-0.0015,0.0247,9.8065,0.0426,0.1799,-0.0907,189.55,-86.63,172.69,52.212234,-2.184236,9.05,3,354.48,24 / 25,0.6722589908019824,-10.57907210301868,-5.345715383804442,-70.34546927311492,-215.63115513599206,-66.24205136651078,False,41.70000000000073,-1.4772846581937045,10.354032394620274,170.7661471274745,181.7814660777629,10.458888888891618,351.8800000000013,-2.149543648995687,20.933104497638954,241.1116164005894,397.41262121375496
12821110.0,-0.2476,-0.0777,11.8905,0.0437,-0.0735,9.8062,0.1734,0.2168,-0.2213,193.58,-86.69,177.34,52.212234,-2.184236,9.05,3,354.48,24 / 25,0.8548005744334044,-10.754208327896706,-5.221110383803988,-70.26911629485286,-216.69781915754172,-66.77039265489313,False,41.80000000000109,-1.4260726117454474,10.474478842856243,170.62987760895913,182.83781788225173,10.571111111109069,352.24699999999336,-2.2808731861788516,21.22868717075295,240.898993903812,399.5356370397934
12821210.0,-0.6234,1.6196,10.9438,0.0294,-0.0282,9.8066,0.0273,0.1707,-0.0846,192.44,-86.74,175.99,52.212234,-2.184236,9.05,3,354.48,24 / 25,0.9668909387522862,-10.834724553565179,-5.060060383806332,-70.1780317191949,-217.7772658015991,-67.28445119326616,False,41.899999999999636,-1.4118832407790418,10.4438864761527,170.4867946145321,183.8830501921753,10.538888888889474,352.300999999999,-2.378774179531328,21.27861102971788,240.664826333727,401.66031599377436
12821310.0,-1.7257,-0.7322,9.4624,0.0113,0.0347,9.8065,0.0247,0.011,0.1317,198.82,-86.87,178.97,52.212234,-2.184236,9.05,3,354.48,26 / 26,1.1594993857019071,-10.913236196486558,-5.020415383806188,-70.07171220297181,-218.86466383910565,-67.78847498164862,False,42.0,-1.4276444264117496,10.338841362945619,170.35052509601712,184.90604351726668,10.436944444444444,352.13800000000003,-2.5871438121136565,21.252077559432177,240.42223729898893,403.7707073563723
12821410.0,0.5317,-0.6769,10.4911,-0.0072,-0.0044,9.8066,0.0434,0.0538,0.0483,197.93,-86.62,-177.57,52.212234,-2.184236,9.05,3,354.48,26 / 26,1.3242939578327846,-10.86970001942254,-5.003405383806125,-69.94752253579462,-219.95381064990505,-68.28966602003106,False,42.100000000000364,-1.564550949111363,10.352443205716996,170.18700167380032,185.94015633541548,10.469999999998198,351.40600000003997,-2.8888449069441475,21.222143225139536,240.13452420959493,405.8939669853205
12821510.0,0.9576,-1.8634,9.713,0.0005,-0.0331,9.8066,-0.032,-0.1102,0.0937,202.64,-86.73,-173.51,52.212234,-2.184236,9.05,3,354.48,26 / 26,1.3870405963627415,-10.731425166465106,-4.973865383806018,-69.81195580808435,-221.03386690920337,-68.78852955841349,False,42.20000000000073,-1.5628687102933587,10.376856239088667,170.03029172751332,186.97426915293215,10.49388888888802,351.4349999999989,-2.9499093066561004,21.108281405553775,239.84224753559766,408.0081360621355
12821609.0,0.9446,-1.1329,9.3668,0.0115,-0.0248,9.8066,-0.0296,-0.0867,0.0397,204.03,-86.91,-170.85,52.212234,-2.184236,9.05,3,354.48,26 / 26,1.4436169252025668,-10.568782590985894,-5.000273633806061,-69.67183826076663,-222.0882271931989,-69.28224943978609,False,42.29900000000089,-1.5819201663513327,10.271865208405899,169.875148880663,187.98703254477059,10.392963888890966,351.24492000000396,-3.0255370915538995,20.840647799391792,239.54698714142964,410.0752597379695
12821709.0,-1.2329,0.5893,9.8332,-0.0181,0.005,9.8066,-0.0232,-0.0315,0.0175,206.65,-86.9,-169.09,52.212234,-2.184236,9.05,3,354.48,26 / 26,1.3179363078466357,-8.98100388552231,-4.267797838735215,-69.53376059911368,-223.06571651702785,-69.74565301341484,False,42.39900000000125,-1.2512270639446061,10.43705248546259,169.76565632254585,189.03204246556427,10.51184444444418,353.1635999999958,-2.569163371791242,19.4180563709849,239.29941692165954,412.09775898259215
12821810.0,0.2622,-0.5197,10.0294,-0.0379,-0.0162,9.8065,0.0701,-0.0408,0.1013,208.48,-87.12,-170.37,52.212234,-2.184236,9.05,3,354.48,26 / 26,1.4464427647133515,-9.023702622849147,-4.255208188735371,-69.39415945595113,-223.97495419568935,-70.17606481779677,False,42.5,-1.091702863957658,10.434155318112994,169.66236402751332,190.08772709859622,10.491111111111111,354.027,-2.5381456286710096,19.457857940962143,239.05652348346445,414.06268129428554
12821910.0,1.7216,-0.4832,9.3957,0.0019,-0.0286,9.8066,0.059,0.086,0.065,210.88,-87.05,-167.57,52.212234,-2.184236,9.05,3,354.48,26 / 26,1.4696125527810766,-8.950182935166426,-4.2646181887354055,-69.24835669007588,-224.8736484735934,-70.60205613667186,False,42.600000000000364,-1.2024775500684535,10.389533412610064,169.5397214608372,191.12183991674502,10.458888888890648,353.39800000003436,-2.67209010284953,19.339716347776488,238.78807815091307,415.99548839033844
12822010.0,-0.8078,-0.4311,9.4839,0.0455,-0.0223,9.8065,0.061,0.0699,-0.1923,211.7,-87.03,-162.33,52.212234,-2.184236,9.05,3,354.48,26 / 26,1.5370130487195588,-8.910989960330133,-4.301303188735539,-69.0980254100003,-225.76670711837147,-71.03035220554696,False,42.70000000000073,-1.1974182745242414,10.547246772296305,169.41707889417927,192.17819171981918,10.614999999994321,353.5229999999955,-2.7344313232438004,19.45823673262644,238.51510430417957,417.9448988381906
12822110.0,-1.2881,0.7766,10.103,0.0523,-0.0153,9.8065,0.0386,0.2826,-0.2489,217.45,-86.92,-160.02,52.212234,-2.184236,9.05,3,354.48,26 / 26,1.691863948515747,-9.011396553886154,-4.302623188735544,-68.93658156013795,-226.66282644408554,-71.46054852442208,False,42.80000000000109,-1.1168620940701526,10.277548916579596,169.30806327937773,193.19006555177876,10.338055555560592,353.797999999995,-2.8087260425858993,19.288945470465748,238.24464483951567,419.8528919958643
12822209.0,-1.4803,0.7816,9.4345,-0.0054,0.0012,9.8066,-0.0384,0.1716,-0.0206,213.7,-86.9,-164.19,52.212234,-2.184236,9.05,3,354.48,26 / 26,1.8389974296003369,-9.18221433681674,-4.30637528873555,-68.76180392192093,-227.56341018317679,-71.88669394905759,False,42.89900000000125,-0.8863442322976343,9.843639088421488,169.2271191853742,194.15879575221126,9.883480555556558,354.8553199999977,-2.7253416618979713,19.02585342523823,237.98892310729514,421.72220593538805
12822310.0,1.2294,-1.2394,8.7284,0.025,-0.0347,9.8065,0.1412,0.1123,-0.0129,215.69,-86.83,-161.84,52.212234,-2.184236,9.05,3,354.48,27 / 27,1.947871333142212,-9.197486920469224,-4.379620488734642,-68.5705670494048,-228.4915850966582,-72.3253367358144,False,43.0,-0.9625397555388778,10.18071047008986,169.1240994293786,195.19157423224,10.226111111111111,354.599,-2.91041108868109,19.378197390559084,237.6946664787834,423.6831593288982
12822410.0,1.5304,-1.0501,9.899,0.0208,-0.0329,9.8065,0.0079,0.0551,-0.1747,220.86,-86.96,-156.29,52.212234,-2.184236,9.05,3,354.48,27 / 27,1.990289748146077,-9.054275616416195,-4.428915488734821,-68.37365899533967,-229.4041732235058,-72.76576353468948,False,43.100000000000364,-1.140067559863521,10.617020128357582,169.01508381458547,196.2590455276634,10.678055555530893,353.8710000000397,-3.1303573080095983,19.67129574477378,237.38874280992513,425.6632187511692
12822510.0,-0.0065,-0.1966,8.2837,0.0166,-0.0319,9.8065,-0.0188,-0.0722,0.0008,218.44,-87.21,-159.53,52.212234,-2.184236,9.05,3,354.48,27 / 27,2.052099647378766,-8.99169055309969,-4.500445488735082,-68.1715395255627,-230.3064715319849,-73.2122315835646,False,43.20000000000073,-1.059702842923309,10.261538790150432,168.91288167567185,197.27091936103906,10.31611111112428,354.1039999999916,-3.111802490302075,19.253229343250123,237.08442120123453,427.57739089302396
12822611.0,2.3895,-1.3119,9.8813,-0.0109,-0.0312,9.8065,0.11,0.0483,0.1443,221.05,-87.3,-152.36,52.212234,-2.184236,9.05,3,354.48,27 / 27,2.0907318614511436,-8.89007051040071,-4.573584638735492,-67.9623265343656,-231.20950046569675,-73.67047010500444,False,43.301000000001295,-1.063252109593773,10.468165399776362,168.8095212458515,198.32649279915768,10.522036111112744,354.200270000014,-3.1539839710449167,19.358235910177072,236.77184778021712,429.5359932648544
12822710.0,2.4915,-0.2494,9.5102,-0.0264,0.0559,9.8064,-0.11,-0.1959,0.1904,222.12,-86.97,-154.9,52.212234,-2.184236,9.05,3,354.48,27 / 27,2.037968015795795,-8.708511448250968,-4.584563738735309,-67.7579558904453,-232.0806302726354,-74.12379844968164,False,43.399999999999636,-1.2093354149992586,10.350703582085142,168.69485044604502,199.3502644884783,10.421111111112966,353.3360000000159,-3.2473034307950535,19.059215030336112,236.4528063364903,431.4308947611137
12822809.0,0.0911,-0.0522,8.9957,0.0152,-0.0013,9.8065,-0.0485,0.0201,-0.0642,220.66,-86.98,-152.19,52.212234,-2.184236,9.05,3,354.48,27 / 27,2.030142276344736,-8.648440059949282,-4.639380038735397,-67.55658443098402,-232.9397993722927,-74.58038366666719,False,43.498999999999796,-0.9959117855911094,10.418973310768347,168.60041566970332,200.37403617781777,10.46648611111101,354.53983999999735,-3.0260540619358456,19.06741337071763,236.15700010068736,433.31383555011047
12822910.0,0.7954,-0.3041,9.9215,0.0013,-0.0095,9.8066,-0.0209,0.0216,-0.0457,222.23,-86.98,-154.95,52.212234,-2.184236,9.05,3,354.48,27 / 27,1.7744431750278713,-7.346201576271317,-3.973353125425255,-67.36445286568862,-233.74752877492637,-75.01532669145975,False,43.600000000000364,-1.2351195198960625,10.141173798255076,168.47681921645145,201.38513164616182,10.2161111111248,353.0560000000816,-3.009562694923934,17.487375374526394,235.84127208214005,435.1326604210882
12823010.0,0.3109,-0.9986,10.0698,-0.0058,-0.0046,9.8066,-0.0739,-0.0367,0.0001,222.2,-87.16,-155.17,52.212234,-2.184236,9.05,3,354.48,27 / 27,1.8545914547694757,-7.298973530213262,-3.9544531254251862,-67.1830011341981,-234.47978753025325,-75.4117170040037,False,43.70000000000073,-1.1791266420926418,10.493963043657184,168.3678036015955,202.44148344923417,10.559999999987488,353.5889999999806,-3.033718096862118,17.792936573870445,235.5508047357936,436.9212709794874
12823110.0,0.3585,-0.878,9.8393,-0.0267,0.0052,9.8066,0.042,-0.1456,0.1763,218.39,-87.21,-155.14,52.212234,-2.184236,9.05,3,354.48,27 / 27,1.9683735464012975,-7.241560538111275,-3.9396631254251324,-66.99185288413886,-235.2068142336721,-75.80642281654765,False,43.80000000000109,-1.0223062293008325,10.260307125973606,168.27241493867794,203.4422377894758,10.311111111115638,354.30999999998687,-2.99067977570213,17.50186766408488,235.2642678228168,438.6490520231479
12823210.0,1.6475,-0.2657,10.8932,0.0138,-0.0185,9.8066,0.1613,0.188,-0.066,222.82,-87.15,-154.62,52.212234,-2.184236,9.05,3,354.48,27 / 27,2.008531977235449,-7.166260745431443,-3.8837031254259466,-66.79300760795992,-235.92720529783875,-76.19759112908451,False,43.899999999999636,-0.8946760529839378,10.544055338693031,168.19065322753775,204.49858959182365,10.581944444439518,355.1499999999847,-2.903208030219387,17.710316084124475,234.9836608354977,440.42579488966237
12823309.0,-2.6895,1.9541,11.048,-0.0163,0.0254,9.8065,-0.1767,-0.3072,0.2619,217.98,-86.92,-159.42,52.21308,-2.184372,10.42,2,354.2,27 / 27,2.080735513225564,-7.294686231549047,-3.7684720754257603,-66.59058886718178,-236.64302217320045,-76.57637380152728,False,43.998999999999796,-0.9688143420416135,10.380353222041144,168.0962184512235,205.53336957936497,10.42546944444479,354.6678700000011,-3.049549855267178,17.67503945359019,234.68680731840527,442.17639175256545
12823410.0,-0.1868,0.376,10.5646,-0.0056,0.0044,9.8066,0.0615,-0.0365,-0.0599,222.8,-86.98,-154.16,52.21308,-2.184372,10.42,2,354.2,27 / 27,2.20033050981946,-7.51242597809881,-3.667507425425193,-66.3743950330168,-237.39078133979186,-76.95189076632236,False,44.100000000000364,-0.9724795949066106,10.324300627042552,167.99987590162957,206.56681522819744,10.370000000002939,354.6190000000024,-3.1728101047260706,17.83672660514136,234.37427093464635,443.9575965679893
12823509.0,-0.1471,0.2045,10.9906,0.0236,0.0326,9.8065,0.0149,-0.1566,-0.0001,224.2,-86.93,-153.89,52.21308,-2.184372,10.42,2,354.2,27 / 27,2.268339329764041,-7.584211708418746,-3.5713833754250373,-66.15319587595705,-238.13806490527568,-77.31021586096503,False,44.199000000000524,-0.8845728360386943,10.41361860744568,167.91218646647042,207.60159521573735,10.451124999996841,355.1446899999795,-3.1529121658027353,17.997830315864427,234.06538234242748,445.739660121013
12823610.0,1.1323,-1.034,9.2646,-0.0094,0.0403,9.8065,-0.144,-0.2408,0.216,220.81,-86.53,-155.76,52.21308,-2.184372,10.42,2,354.2,27 / 27,2.335209056967868,-7.5588517543112115,-3.538967425424855,-65.92071668242579,-238.90278961014783,-77.66928857640997,False,44.30000000000109,-1.0223870590088464,10.299379821212986,167.80909857568722,208.63504086323042,10.350000000001854,354.3310000000149,-3.3575961159767145,17.858231575524197,233.729815258113,447.5378304733782
12823710.0,-2.1848,4.7494,11.7365,-0.0062,0.0344,9.8065,-0.1782,-0.0937,-0.0615,226.71,-86.39,-154.38,52.21308,-2.184372,10.42,2,354.2,27 / 27,2.3043937729218475,-7.765275140201673,-3.4695774254258644,-65.68873654093468,-239.66899595486234,-78.0197158189474,False,44.399999999999636,-0.9389247385934114,10.479131612282444,167.71370991274466,209.691392666286,10.521111111107999,354.87999999999,-3.243318511515259,18.244406752484117,233.40244645367935,449.36038862114833
12823811.0,1.9912,-1.1159,7.3924,-0.0804,0.0968,9.8058,-0.342,-0.5437,0.4569,219.06,-86.65,-159.13,52.21308,-2.184372,10.42,2,354.2,27 / 27,2.2403940462477547,-7.942319345958656,-3.494039625426002,-65.45922475606532,-240.4622294764179,-78.3713784800174,False,44.501000000000204,-0.8022271381562314,10.422362485769238,167.63787592567445,210.74707730073692,10.453194444444465,355.59852999999936,-3.042621184403986,18.364681831727893,233.0971006817398,451.2093067771548
12823910.0,-0.2773,0.6559,8.1701,-0.0591,0.0759,9.8061,-0.3169,-0.3988,0.3471,231.2,-86.83,-150.33,52.21308,-2.184372,10.42,2,354.2,27 / 27,2.2561051399166474,-7.909781821909556,-3.694554225426326,-65.23664804634983,-241.24690848422864,-78.72721387563516,False,44.600000000000364,-0.8838609241117212,10.429559716013834,167.5501864905221,211.78185728680222,10.466944444443685,355.1560000000244,-3.1399660640283686,18.33934153792339,232.78683453687194,453.02876577103086
12824011.0,2.3058,-1.1928,8.2762,-0.0752,0.0467,9.8062,-0.2283,-0.2686,0.4435,224.31,-86.89,-152.49,52.21308,-2.184372,10.42,2,354.2,27 / 27,2.271724796432956,-7.862858630324053,-3.8544877254272247,-65.00799263456288,-242.0434268270709,-79.1084404941554,False,44.70100000000093,-0.8367882326097129,10.509420149752033,167.46774343181417,212.8375419205676,10.542686111112372,355.44757999998086,-3.108513029042669,18.372278780076087,232.47573606637707,454.88096874763846
12824110.0,-1.8703,0.2242,9.2176,-0.0696,0.0042,9.8064,0.0194,-0.2428,0.2168,239.58,-86.79,-145.26,52.21308,-2.184372,10.42,2,354.2,27 / 27,2.337078198297696,-7.876095784819322,-3.9594029754273943,-64.77985688632334,-242.82250507062176,-79.49522808384833,False,44.80000000000109,-0.7328692638769982,10.480518752480274,167.40029002014947,213.87232190880897,10.506111111111784,355.9999999999898,-3.069947462174694,18.356614537299595,232.18014690647283,456.69482697943073
12824209.0,0.304,-1.1289,10.5307,0.0061,-0.0324,9.8065,0.11,-0.1903,-0.0803,228.81,-87.19,-148.15,52.21308,-2.184372,10.42,2,354.2,27 / 27,2.4732943776292076,-7.966072923963465,-3.9527204754273835,-64.54174344381458,-243.60669242170778,-79.88687819466628,False,44.89900000000125,-0.7753604509631106,10.598511699945687,167.3260912673023,214.9291184913525,10.626836111110846,355.81586000000044,-3.248654828592318,18.564584623909152,231.86783471111687,458.5358109130603
12824310.0,-0.9706,-1.2405,9.5335,0.01,0.0081,9.8066,0.0394,-0.0102,-0.0305,227.21,-87.19,-149.72,52.21308,-2.184372,10.42,2,354.2,26 / 27,2.260303235832836,-6.763151972298793,-3.3404575216135157,-64.30269676433771,-244.3505182789598,-80.25518368351229,False,45.0,-0.7368069443999697,10.571298268676651,167.25039354977918,215.98502551423303,10.596944444444444,356.01300000000003,-2.9971101802328057,17.334450240975443,231.5530903141169,460.33554379319287
12824410.0,1.5566,0.8996,10.2597,-0.0209,0.0067,9.8066,0.112,-0.0911,0.0923,226.13,-87.01,-151.92,52.21308,-2.184372,10.42,2,354.2,26 / 27,2.3265724290520065,-6.775776462380628,-3.3314625216134828,-64.07335298109264,-245.02746470069624,-80.58877968567485,False,45.100000000000364,-0.7291519339616221,10.419518340949029,167.18225879055382,217.030257825514,10.44500000000829,355.99700000000087,-3.0557243630136286,17.195294803329656,231.25561177164644,462.0577225262102
12824510.0,-0.7096,-0.0603,9.8135,-0.0118,0.0056,9.8066,0.0357,0.0127,0.0193,222.58,-86.83,-154.13,52.21308,-2.184372,10.42,2,354.2,26 / 27,1.992578304793326,-5.791610207195648,-2.812197393371389,-63.857395444399586,-245.65583403417733,-80.89596268142522,False,45.20000000000073,-0.7082969819235582,10.641453866141937,167.12093750718378,218.0866096278815,10.664999999991995,356.19199999999285,-2.7008752867168844,16.433064073337583,230.97833295158335,463.7424436620588
12824609.0,-0.1375,0.2721,9.6851,0.0097,0.0037,9.8066,0.039,-0.0498,-0.1043,225.09,-86.72,-155.45,52.21308,-2.184372,10.42,2,354.2,26 / 27,2.091190369799895,-5.867456969054558,-2.8178750433713984,-63.65524889500689,-246.23295785940266,-81.17465126704444,False,45.29900000000089,-0.6748849041717752,10.54635300601569,167.06022943670166,219.1323979136243,10.567925000001997,356.33851999999695,-2.76607527397167,16.413809975070247,230.71547833170854,465.365355773027
12824710.0,3.1033,-2.4623,9.9332,0.0484,-0.0363,9.8064,0.0356,0.3091,-0.2782,223.06,-86.75,-157.6,52.21308,-2.184372,10.42,2,354.2,26 / 27,2.1335785591158065,-5.725304635298595,-2.8176225433714013,-63.44189806409929,-246.81839232041523,-81.45924389517143,False,45.399999999999636,-0.6435748812457562,10.510314522993287,166.99829494055405,220.18819374158778,10.53000000000067,356.49599999999714,-2.7771534403615625,16.235619158291883,230.44019300465334,467.006586062003
12824810.0,0.9988,-0.5477,8.796,0.0089,0.0244,9.8066,-0.0026,0.1086,-0.0647,219.98,-86.69,-156.79,52.21308,-2.184372,10.42,2,354.2,26 / 27,2.161378291851714,-5.513575237849812,-2.8618275433715623,-63.22715022155013,-247.3803363140747,-81.7432163995096,False,45.5,-0.7570894472106523,10.606068358088832,166.92334670535487,221.24454554537033,10.633055555555556,355.917,-2.918467739062366,16.119643595938644,230.15049692690502,468.62488185944505
12824910.0,0.4783,0.3685,9.4715,0.0117,-0.0235,9.8066,0.0475,-0.0565,-0.0517,221.15,-86.69,-155.46,52.21308,-2.184372,10.42,2,354.2,26 / 27,2.188991227581108,-5.494586029948655,-2.929117543371807,-63.0096317455777,-247.93074437746662,-82.03276365384782,False,45.600000000000364,-0.7573552400708632,10.670099975529446,166.84839847018802,222.31201684079375,10.696944444440957,355.93999999999875,-2.946346467651971,16.164686005478103,229.85803021576572,470.2427612182604
12825010.0,-0.1977,0.1664,10.3133,-0.0254,-0.0109,9.8065,-0.0347,-0.0288,0.01,221.64,-86.78,-156.65,52.21308,-2.184372,10.42,2,354.2,26 / 27,2.2386098260062064,-5.542588190510589,-2.9205425433717758,-62.78825169289753,-248.4826030884916,-82.32524665818606,False,45.70000000000073,-0.7700743144806643,10.613210222606195,166.78026371087603,223.36836864386976,10.64111111111314,355.8500000000033,-3.0086841404868707,16.155798413116784,229.56851540377357,471.85097173236136
12825110.0,-0.2195,2.4377,9.9612,0.0292,-0.0026,9.8066,-0.0625,0.1615,-0.1439,222.57,-87.0,-155.86,52.21308,-2.184372,10.42,2,354.2,26 / 27,2.2435216411264727,-5.690601672744505,-2.8874825433716556,-62.564145119540086,-249.0442625816564,-82.6156479125243,False,45.80000000000109,-0.7663453116726708,10.582287789664829,166.705315475731,224.42472044623784,10.610000000000566,355.85799999999983,-3.0098669527991433,16.27288946240933,229.26946059527108,473.46898302789424
12825210.0,0.1263,-2.3779,8.4044,0.0085,0.026,9.8066,-0.2436,0.023,0.0361,222.71,-86.96,-154.23,52.21308,-2.184372,10.42,2,354.2,26 / 27,2.3222229735667614,-5.734904805305709,-2.9498675433707477,-62.33585788880875,-249.61553790555058,-82.90751541685717,False,45.899999999999636,-0.6250209476697447,10.754909335647424,166.65080766830403,225.50331123555927,10.77305555555259,356.6739999999852,-2.947243921236506,16.489814140953133,228.98666555711276,475.1188491411099
12825310.0,-1.5668,2.5895,10.887,-0.0127,0.0251,9.8065,-0.0056,-0.3061,0.0894,230.65,-87.07,-151.47,52.21308,-2.184372,10.42,2,354.2,25 / 26,2.4217460241732427,-5.8299223486161935,-2.9659625433708063,-62.09865943892088,-250.19377926324879,-83.20330692119532,False,46.0,-0.935349413155879,10.563671070007288,166.55541900536062,226.54854354550224,10.604999999999999,354.94,-3.3570954373291215,16.39359341862348,228.6540784442815,476.74232280875106
12825410.0,2.1033,-1.5205,10.0274,-0.0356,0.0671,9.8063,-0.0675,-0.1796,0.2688,227.63,-86.91,-154.64,52.21308,-2.184372,10.42,2,354.2,25 / 26,2.428751641075655,-5.890886905618751,-2.9009075433705696,-61.856134555657555,-250.77981972596265,-83.49665042553346,False,46.100000000000364,-0.6570697842521324,10.690938243814816,166.5009111979641,227.616014841633,10.711111111105321,356.4829999999158,-3.0858214253277874,16.581825149433566,228.35704575362163,478.39583456759567
12825510.0,1.9716,0.5195,12.2558,-0.0149,0.0041,9.8066,0.1847,-0.1708,0.037,229.34,-86.83,-152.58,52.21308,-2.184372,10.42,2,354.2,25 / 26,2.402822913261441,-5.750503474101551,-2.767412543370084,-61.614555827939824,-251.3618892449508,-83.78006642987152,False,46.20000000000073,-0.6886042714366,10.729871084675112,166.43277643870738,228.6946056302665,10.751944444442959,356.32800000000566,-3.0914271846980412,16.480374558776663,228.0473322666472,480.05649487521725
12825610.0,2.4591,0.4201,9.3018,0.0055,0.0118,9.8066,-0.1216,-0.1662,0.0192,227.06,-86.89,-153.6,52.21308,-2.184372,10.42,2,354.2,25 / 26,2.2926842601276634,-5.662982935066062,-2.67019754336973,-61.37978046926951,-251.93256356541124,-84.05194693420951,False,46.30000000000109,-0.7219876530539624,10.67561397901113,166.37145515536457,229.76207692647534,10.700000000000946,356.13100000000355,-3.0146719131816258,16.338596914077193,227.7512356246341,481.6946404918866
12825710.0,-1.1756,0.5107,9.3679,-0.0077,-0.0195,9.8066,0.0957,0.099,-0.1384,226.41,-87.01,-154.53,52.21308,-2.184372,10.42,2,354.2,25 / 26,2.289681916314079,-5.691628035861374,-2.7173775433690435,-61.15066216045076,-252.50029411394937,-84.32132568854253,False,46.399999999999636,-0.6467672262028359,10.734422126488997,166.30332039610852,230.82954822195703,10.753888888887907,356.55199999999235,-2.9364491425169152,16.42605016235037,227.45398255655928,483.3298423359064
12825810.0,4.5194,-3.1464,8.9793,-0.0648,0.0517,9.8062,-0.0097,-0.2674,0.1809,221.66,-87.04,-159.8,52.21308,-2.184372,10.42,2,354.2,25 / 26,2.323500966907667,-5.524662822291695,-2.7806825433692737,-60.92000301628883,-253.06110865685906,-84.59622869288044,False,46.5,-0.6696900686314872,10.752220292342544,166.24199911276588,231.9081390098836,10.773055555555556,356.436,-2.993191035539154,16.276883114634238,227.1620021290547,484.96924766674266
12825910.0,0.2212,-0.7679,9.2935,0.0259,-0.0441,9.8065,0.1828,0.2743,-0.1996,217.81,-87.11,-159.93,52.21308,-2.184372,10.42,2,354.2,25 / 26,2.3529391880042327,-5.25459823063968,-2.8477075433695176,-60.686181008542384,-253.6000717095076,-84.8776481972184,False,46.600000000000364,-0.7961508710314912,10.75668799825365,166.1602374016575,232.97561030601435,10.786111111110397,355.7670000000365,-3.149090059035724,16.01128622889333,226.84641841019987,486.5756820155219
12826010.0,-0.8474,1.0963,11.097,-0.0105,-0.0163,9.8066,0.1493,0.0564,-0.071,222.54,-87.0,-158.76,52.21308,-2.184372,10.42,2,354.2,25 / 26,2.440493812299263,-5.321901237036648,-2.8088475433693763,-60.446509358526335,-254.12889668289336,-85.16047595155638,False,46.70000000000073,-0.7852410418849024,10.703178409464348,166.0852891664848,234.04308160151547,10.731944444446414,355.80399999999867,-3.2257348541841653,16.025079646500995,226.53179852501114,488.17197828440885
12826110.0,-0.5902,1.9806,9.2116,0.0159,-0.0278,9.8066,-0.0059,0.1893,-0.1544,223.55,-87.0,-157.65,52.21308,-2.184372,10.42,2,354.2,25 / 26,2.464598390555166,-5.522347662090883,-2.7740825433692495,-60.20125474838272,-254.6711091278517,-85.43962245589432,False,46.80000000000109,-0.68892679334065,10.7849630550455,166.02396788314178,235.13279188328178,10.806944444443081,356.3449999999902,-3.153525183895816,16.30731071713638,226.2252226315245,489.80390101113346
12826209.0,0.464,1.0411,10.5809,-0.0235,-0.0497,9.8065,0.0195,-0.0271,-0.0684,222.14,-87.32,-159.63,52.21308,-2.184372,10.42,2,354.2,25 / 26,2.442770593288308,-5.674981325482112,-2.765212143369235,-59.95833998368208,-255.22537691273746,-85.71381754288832,False,46.89900000000125,-0.7712729880795349,10.800337347588052,165.94976913032156,236.2005967640276,10.827844444444398,355.9153400000009,-3.214043581367843,16.475318673070163,225.90810911400365,491.42597367676507
12826310.0,1.3733,-0.7158,9.4692,0.043,0.0087,9.8065,-0.0743,0.3382,-0.1203,218.56,-87.45,-159.67,52.21308,-2.184372,10.42,2,354.2,25 / 26,2.437724835948759,-5.66274148005436,-2.7431537433695086,-59.71187496450866,-255.79793191440996,-85.99199002016518,False,47.0,-0.7149374404227578,10.795240675705438,165.8808848887135,237.28997345982327,10.818888888888889,356.211,-3.1526622763715166,16.457982155759797,225.59275985322216,493.08790537423323
12826410.0,-1.3244,1.8004,9.5441,0.0233,-0.0025,9.8065,-0.0413,0.2795,-0.2039,221.67,-87.27,-155.94,52.21308,-2.184372,10.42,2,354.2,25 / 26,2.47462954989765,-5.738540819802009,-2.7731537433696176,-59.466257245215445,-256.3679960294049,-86.26780539450314,False,47.100000000000364,-0.7932364004566668,10.788934239121009,165.80593665351952,238.36856424696427,10.8180555555556,355.7950000000227,-3.2678659503543166,16.527475058923017,225.27219389873497,494.7365602763691
12826510.0,-0.9644,-0.6924,9.5842,0.0149,-0.0178,9.8066,-0.041,0.1119,-0.2188,222.63,-87.53,-161.2,52.21308,-2.184372,10.42,2,354.2,25 / 26,2.6005644860101196,-5.895097770629777,-2.797403743369706,-59.21249754341913,-256.9496779589286,-86.54633326884112,False,47.20000000000073,-0.7473734858852424,10.937550913558184,165.73098841834718,239.45827452873078,10.963055555550278,356.09099999998926,-3.347937971895362,16.83264868418796,224.94348596176633,496.4079524876594
12826610.0,-0.0739,0.8959,9.6962,-0.0193,-0.0061,9.8066,-0.0012,0.1166,-0.0324,215.04,-87.8,-164.1,52.21308,-2.184372,10.42,2,354.2,25 / 26,2.7160913961033546,-5.974571279308534,-2.8140487433697663,-58.94666474931249,-257.54316141142766,-86.82690589317912,False,47.30000000000109,-0.8904483629728254,10.8214819761644,165.64241323129136,240.53686531736534,10.858055555557465,355.29600000001443,-3.60653975907618,16.796053255472934,224.58907798060386,498.080026728793
12826710.0,1.8479,0.5571,9.7693,-0.0048,-0.0004,9.8066,0.0826,0.1114,-0.0585,209.38,-87.81,-170.37,52.21308,-2.184372,10.42,2,354.2,25 / 26,2.6819315770710705,-6.016453571617784,-2.821438743369659,-58.676763600657694,-258.14271265396525,-87.10868026751199,False,47.399999999999636,-0.8514333952834089,10.898737106187419,165.56065152020545,241.6265755984051,10.931944444443099,355.5329999999957,-3.5333649723544793,16.915190677805203,224.23741512086315,499.76928825237036
12826810.0,-1.806,1.5829,10.2339,0.0228,0.0003,9.8066,0.0949,0.3288,-0.1896,205.22,-87.73,-174.81,52.21308,-2.184372,10.42,2,354.2,25 / 26,2.7202447809949923,-6.122457199749996,-2.8019437433695877,-58.40665478275341,-258.74965819253583,-87.38984939184996,False,47.5,-1.0557089797354324,10.817496208879312,165.45163590535074,242.70516638703944,10.868888888888888,354.426,-3.7759537607304248,16.939953408629307,223.85829068810415,501.4548245795753
12826910.0,3.0246,-1.6823,9.9714,-0.0136,0.0213,9.8066,0.0124,-0.1118,0.2091,201.48,-87.56,-178.75,52.21308,-2.184372,10.42,2,354.2,25 / 26,2.7437897253432935,-6.110006390574396,-2.77234374336948,-58.133453057435496,-259.3612813720543,-87.66856376618793,False,47.600000000000364,-0.8362542170636232,10.892947437878034,165.37668767021094,243.79487666801995,10.924999999996936,355.6099999999354,-3.580043942406917,17.00295382845243,223.51014072764644,503.1561580400743
12827010.0,0.4714,-1.01,9.2875,0.0153,0.0065,9.8066,-0.0696,0.1286,-0.2253,198.02,-87.29,175.99,52.21308,-2.184372,10.42,2,354.2,25 / 26,2.713110002282773,-5.926773990943545,-2.7900637433695445,-57.8606080710532,-259.9631203911324,-87.94668414052589,False,47.70000000000073,-0.9547352925430509,10.829942590997451,165.28129900724082,244.87346745665465,10.871944444446376,354.9620000000236,-3.667845294825824,16.756716581940996,223.14190707829403,504.8365878477871
12827110.0,0.6613,0.6266,8.8978,-0.0081,-0.0157,9.8066,0.0357,-0.3746,0.0485,196.82,-87.13,-179.27,52.21308,-2.184372,10.42,2,354.2,25 / 26,2.7518359341860044,-5.894111359894357,-2.8614637433698045,-57.58736077422877,-260.5541646586764,-88.22926051486388,False,47.80000000000109,-0.9145331994418039,10.922892740350726,165.19272382021134,245.9631777377141,10.961111111109489,355.2139999999954,-3.6663691336278084,16.817004100245082,222.7800845944401,506.5173423963905
12827211.0,2.8528,-2.0377,11.6304,-0.0565,-0.0356,9.8063,0.1756,-0.2459,0.2674,202.36,-87.33,-179.16,52.21308,-2.184372,10.42,2,354.2,25 / 26,2.7034770790832554,-5.7703064396365145,-2.815261293370377,-57.311867467062086,-261.1432177575454,-88.5159351292157,False,47.90099999999984,-0.9764713168983086,10.91112134456181,165.096313135853,247.0638963178985,10.954730555554208,354.88607000000627,-3.679948395981564,16.681427784198323,222.40818060291508,508.2071140754439
12827310.0,-0.7695,0.9629,11.8874,-0.0119,0.0612,9.8064,-0.2918,-0.0634,-0.0087,200.62,-86.98,179.23,52.21308,-2.184372,10.42,2,354.2,25 / 26,2.715111998033949,-5.689588069366444,-2.6219885433700645,-57.04364730774435,-261.71048253574196,-88.78507899613479,False,48.0,-1.058526030096316,10.987183128133406,164.99513301835592,248.1537177929467,11.038055555555555,354.497,-3.7736380281302653,16.67677119749985,222.03878032610027,509.86420032868864
12827410.0,-0.0255,-0.4956,9.5292,-0.0376,0.0425,9.8065,-0.1675,-0.0437,0.1798,197.55,-87.11,175.68,52.21308,-2.184372,10.42,2,354.2,25 / 26,2.828961327931956,-5.72968934172749,-2.5318235433697365,-56.76644364144505,-262.28144640629876,-89.04276960047271,False,48.100000000000364,-1.0372566011581936,10.973028664857887,164.89293087947723,249.2545475663521,11.021944444445325,354.5999999999944,-3.8662179290901495,16.70271800658538,221.65937452092228,511.5359939726509
12827511.0,0.0404,1.4148,9.9117,-0.0451,-0.0064,9.8065,0.0635,0.0105,0.0895,193.12,-87.36,172.15,52.21308,-2.184372,10.42,2,354.2,25 / 26,2.9065913193615454,-5.774416627820706,-2.5405297433697855,-56.4767982327551,-262.8624037577642,-89.29892344145449,False,48.20100000000093,-1.0641429248076675,10.95376536963674,164.78268883903675,250.35504375530144,11.005350000002602,354.4511400000337,-3.970734244169213,16.728181997457447,221.25948707179185,513.2174475130656
12827610.0,-0.1719,1.1786,10.5982,0.0106,-0.0035,9.8065,-0.0076,0.1003,-0.0871,189.33,-87.43,172.07,52.21308,-2.184372,10.42,2,354.2,25 / 26,2.9727545889196976,-5.894101064146155,-2.496148043369714,-56.18577061029471,-263.4399953835175,-89.5482389918985,False,48.30000000000109,-1.2420494641859874,10.859199469967614,164.661272697992,251.42284863604706,10.930000000001383,353.475000000018,-4.214804053105685,16.75330053411377,220.8470433082867,514.8628440195646
12827710.0,0.2794,-0.2969,10.7219,-0.024,-0.0394,9.8065,0.1522,-0.0246,0.0775,191.53,-87.42,170.33,52.21308,-2.184372,10.42,2,354.2,25 / 26,3.0468145097275796,-5.928027154702635,-2.4108080433709556,-55.884792155366725,-264.03110179445133,-89.79358679623196,False,48.399999999999636,-1.1880878273632762,10.899325982938526,164.54544360725095,252.51255891708686,10.963888888888272,353.7789999999945,-4.234902337090856,16.82735313764116,220.43023576261766,516.5436607115382
12827809.0,0.3118,1.0501,11.4415,0.0154,-0.0249,9.8065,0.1551,-0.0612,-0.0571,189.38,-87.62,172.05,52.21308,-2.184372,10.42,2,354.2,25 / 26,3.097500338381469,-5.951472061097251,-2.2845780933707514,-55.58064857038484,-264.6191370056344,-90.02600841000105,False,48.498999999999796,-1.214914091335277,10.80394369675405,164.42402746625993,253.58036379783266,10.872038888889092,353.5839700000004,-4.312414429716746,16.755415757851303,220.00467603664475,518.1995008034671
12827910.0,-0.345,0.9976,9.3661,-0.0094,0.0043,9.8066,0.0561,0.1168,0.0011,189.86,-87.3,171.28,52.21308,-2.184372,10.42,2,354.2,25 / 26,3.1684603619920977,-6.044255427821723,-2.2242659433704124,-55.26421755501419,-265.2249212438282,-90.25370503385776,False,48.600000000000364,-1.1915239139359668,10.85871167400838,164.31378542577286,254.6808599867017,10.92388888888601,353.73799999999153,-4.359984275928064,16.9029671018301,219.57800298078706,519.9057812305299
12828010.0,2.7039,1.3732,11.3631,-0.0059,-0.0226,9.8066,0.1766,-0.1505,0.0285,196.44,-87.05,172.54,52.21308,-2.184372,10.42,2,354.2,25 / 26,3.1138380405274617,-6.1197534977690475,-2.1684709433702096,-54.950102634887074,-265.8331216901099,-90.47334187819558,False,48.70000000000073,-1.0935338493826676,10.99073285637298,164.21158328691345,255.78168976089393,11.044999999995595,354.31799999997895,-4.20737188991013,17.110486354142026,219.16168592180054,521.6148114510038
12828111.0,0.1688,2.7383,10.0548,0.0344,0.041,9.8064,-0.3548,0.3081,-0.0937,196.92,-86.76,173.28,52.21308,-2.184372,10.42,2,354.2,25 / 26,3.001968755271301,-6.2785650376772315,-2.0773386433696976,-54.6412543916975,-266.4592367761535,-90.68775526232716,False,48.801000000001295,-1.1662475252685596,10.98117318685994,164.0944596357446,256.8820747549117,11.042938888892188,353.937530000012,-4.168216280539861,17.25973822453717,218.7357140274421,523.3413115310652
12828210.0,-0.4013,0.1155,8.6718,-0.0087,0.0126,9.8066,-0.1963,0.1136,0.1088,193.56,-86.74,174.22,52.21308,-2.184372,10.42,2,354.2,25 / 26,3.057858006019702,-6.414985850364104,-2.121230293368962,-54.341292967018624,-267.087567545101,-90.89558442469225,False,48.899999999999636,-1.2837431428001733,10.762598008337648,163.96629815354646,257.9388713374362,10.83888888889264,353.1980000000136,-4.341601148819875,17.17758385870175,218.3075911205651,525.0264388825371
12828310.0,0.3411,0.7121,11.3059,0.0017,-0.0727,9.8064,0.0293,0.0056,-0.1129,191.52,-87.13,178.07,52.21308,-2.184372,10.42,2,354.2,25 / 27,3.1382896727976664,-6.451672524263591,-2.103010293368896,-54.03148558307663,-267.73090046383476,-91.1067964540299,False,49.0,-1.2561845518563388,10.754942467808698,163.84365558691547,259.00634263364464,10.828055555555556,353.338,-4.394474224654005,17.20661499207229,217.8751411699921,526.7372430974794
12828410.0,-0.2875,-2.1505,8.2925,0.003,-0.0412,9.8065,-0.1981,0.0153,-0.141,194.1,-87.11,177.6,52.21308,-2.184372,10.42,2,354.2,25 / 27,3.2407212527480747,-6.377663393124692,-2.103755293368899,-53.71253503679819,-268.3723672597065,-91.31713473336755,False,49.100000000000364,-1.3560213521450624,10.662171651119133,163.70738606841053,260.0738139290681,10.748055555559922,352.75200000003196,-4.596742604893137,17.039835044243823,217.41992110520872,528.4461811887745
12828510.0,-0.3614,-0.2043,9.8841,0.0278,-0.0353,9.8064,0.2277,0.0835,-0.1327,196.46,-87.19,174.37,52.21308,-2.184372,10.42,2,354.2,25 / 27,3.387325191045704,-6.271211927941511,-2.17559029336916,-53.38113271460729,-269.0048110257621,-91.53110201270523,False,49.20000000000073,-1.3126896794475618,10.773377404387361,163.5779300258102,261.1524047169943,10.853055555551736,353.0529999999891,-4.700014870493265,17.044589332328872,216.9590627404175,530.1572157427563
12828610.0,-0.5017,0.9567,12.2892,-0.0119,-0.0131,9.8066,0.2335,0.1449,-0.036,196.0,-87.2,178.3,52.21308,-2.184372,10.42,2,354.2,25 / 27,3.5047428374722003,-6.319870433235841,-2.0475902933686947,-53.03652931318014,-269.63436514382323,-91.7422610420429,False,49.30000000000109,-1.2720620571323544,10.688459296605139,163.45528745915198,262.2198760132031,10.763888888890511,353.2129999999971,-4.776804894604554,17.00832972984098,216.49181677233213,531.8542411570263
12828710.0,-0.7896,-2.5245,8.9486,0.0216,-0.0034,9.8066,-0.1006,0.1657,-0.1255,196.62,-86.94,179.23,52.21308,-2.184372,10.42,2,354.2,25 / 27,3.675869262643751,-6.263666201238256,-1.9663652933698765,-52.67749870817956,-270.2635419755378,-91.9429588213769,False,49.399999999999636,-1.3381463098513258,10.605916483428478,163.32583141655454,263.27622781625945,10.690000000001344,352.80900000000736,-5.014015572495077,16.869582684666735,216.0033301247341,533.5397697917972
12828810.0,-2.5548,0.3805,10.7624,0.0133,-0.0344,9.8065,0.1396,0.3107,-0.0955,194.37,-87.06,176.61,52.21308,-2.184372,10.42,2,354.2,25 / 27,3.9550731623129636,-6.203471322404169,-1.9614802933698587,-52.295951586930336,-270.8868988517222,-92.1393511007146,False,49.5,-1.314549849295881,10.630978904813064,163.19637537395457,264.3436991117604,10.711944444444445,352.951,-5.269623011608845,16.834450227217232,215.4923269608849,535.2305979634825
12828910.0,0.8033,0.6925,10.2277,0.0028,0.01,9.8066,-0.0987,0.0152,0.0994,195.31,-86.85,177.79,52.21308,-2.184372,10.42,2,354.2,25 / 27,4.112461609691641,-6.274740735297281,-1.8926402933696083,-51.892574848328636,-271.51080945460956,-92.33205713005228,False,49.600000000000364,-1.2953157293607789,10.526716015103078,163.07373280727842,265.40005091475894,10.606111111116887,352.98499999999814,-5.407777339052419,16.80145675040036,214.96630765560707,536.9108603693685
12829010.0,-2.3152,0.7593,8.2467,0.0545,-0.02,9.8064,-0.0998,0.1955,-0.1353,198.62,-86.94,-178.38,52.21308,-2.184372,10.42,2,354.2,25 / 27,4.2483761761907815,-6.372014969109923,-1.9495852933698152,-51.47453295903299,-272.1431472398322,-92.52416840938994,False,49.70000000000073,-1.1420400314932824,10.509240443055326,162.96471719247666,266.44528322611654,10.571111111112383,353.79799999997044,-5.390416207684064,16.88125541216525,214.43925015150964,538.5884304659487
12829110.0,1.3655,-3.0484,8.2466,0.0117,-0.0565,9.8065,0.1283,0.1902,0.0519,201.49,-86.93,-178.13,52.21308,-2.184372,10.42,2,354.2,25 / 27,4.424281817223692,-6.28430836195504,-2.1055852933703827,-51.04090005936069,-272.77596340638775,-92.72692693872769,False,49.80000000000109,-1.2256394229147531,10.599373000558039,162.8420746257921,267.5016350284842,10.6699999999982,353.40400000000716,-5.649921240138445,16.88368136251308,213.8829746851528,540.277598434872
12829210.0,-2.3233,1.8101,11.0227,0.0612,-0.0767,9.8061,0.2327,0.4187,-0.3577,211.8,-87.07,-168.08,52.21308,-2.184372,10.42,2,354.2,25 / 27,4.552049147591862,-6.271567340799907,-2.122785293370132,-50.59208351112644,-273.4037571915164,-92.93834546806164,False,49.899999999999636,-1.1487691901240271,10.579759491901248,162.7330590110199,268.5579868322477,10.641944444444954,353.8029999999928,-5.700818337715889,16.851326832701155,213.32514252214634,541.9617440237641
12829310.0,3.6207,-1.7386,8.8948,0.0515,0.0269,9.8065,-0.0886,-0.0834,0.0027,206.23,-86.65,-169.24,52.21308,-2.184372,10.42,2,354.2,27 / 27,4.56304375475814,-6.271203820007357,-2.107575293370077,-50.13632886600728,-274.030895749559,-93.14986349739942,False,50.0,-1.1981077281778487,10.672962937801318,162.61722992027697,269.62545812774863,10.74,353.595,-5.761151482935989,16.944166757808674,212.75355878628426,543.6563538773077
12829410.0,-1.3572,0.1336,8.4066,0.051,-0.0067,9.8064,-0.1019,0.2481,-0.1543,206.67,-86.56,-168.73,52.21308,-2.184372,10.42,2,354.2,27 / 27,4.581532432544226,-6.165378056344003,-2.2231702933704973,-49.6791000566405,-274.65272484337885,-93.36640077673724,False,50.100000000000364,-1.099691327048762,10.445326945030082,162.50821430542965,270.670690437615,10.503055555568485,353.98999999997847,-5.681223759592989,16.610705001374086,212.18731436207014,545.3234152809939
12829509.0,2.6729,-1.7835,10.5096,0.0377,-0.0277,9.8065,0.0955,0.1591,-0.191,207.64,-86.68,-172.37,52.21308,-2.184372,10.42,2,354.2,27 / 27,4.646114816860216,-6.078465571225501,-2.257676743370553,-49.222331517794245,-275.25879510294453,-93.58820270505628,False,50.199000000000524,-1.1438875192741866,10.560081751533696,162.39354350562147,271.71647872335717,10.621855555550928,353.81774000000667,-5.790002336134402,16.638547322759198,211.6158750234157,546.9752738263016
12829610.0,-2.7463,-0.9857,8.8121,0.0452,0.0174,9.8065,-0.0276,0.3585,-0.1796,204.67,-86.67,-171.08,52.21308,-2.184372,10.42,2,354.2,27 / 27,4.800847179769069,-5.964158673350385,-2.2724025433706356,-48.74525993696179,-275.86694762729906,-93.81697170903799,False,50.30000000000109,-0.9448345693576967,10.386000726622823,162.3106235035985,272.7611550596219,10.42888888889242,354.80199999998206,-5.745681749126765,16.350159399973208,211.05588344056028,548.628102686921
12829709.0,1.9252,-0.9977,9.4728,-0.038,-0.0077,9.8065,0.1412,-0.4688,0.3368,205.61,-86.74,-170.07,52.21308,-2.184372,10.42,2,354.2,27 / 27,4.964461384888242,-5.904490909509265,-2.338158343370742,-48.26187716301047,-276.45444578165154,-94.04519447293205,False,50.39900000000125,-0.9506482761680635,10.342942375983458,162.21618872728425,273.78492674756086,10.386538888888982,354.74854000000016,-5.915109661056306,16.247433285492725,210.47806589029472,550.2393725292125
12829810.0,3.7078,-0.899,10.6315,0.0443,-0.0208,9.8065,0.1247,-0.0366,-0.0008,208.63,-86.62,-166.42,52.21308,-2.184372,10.42,2,354.2,27 / 27,4.841418164035242,-5.704356125817366,-2.313362843371049,-47.76668024579597,-277.04069255692826,-94.2800962928596,False,50.5,-0.9398526908425774,10.303334025594472,162.1266596535999,274.818261202211,10.346111111111112,354.788,-5.781270854877819,16.007690151411836,209.89333989939587,551.8589537591392
12829910.0,2.6012,-0.7219,10.033,-0.0432,-0.0051,9.8065,0.1381,-0.4579,0.235,210.75,-86.46,-168.35,52.21308,-2.184372,10.42,2,354.2,27 / 27,4.690694434905993,-5.499055976912329,-2.260802843370858,-47.290074615847175,-277.6008631620668,-94.50880457719752,False,50.600000000000364,-0.8765937339282897,10.294690836967366,162.04489794251856,275.8523740203597,10.331944444445217,355.1329999999812,-5.567288168834282,15.793746813879695,209.33497255836573,553.4532371824265
12830010.0,2.4694,-1.0432,10.86,-0.0115,-0.0223,9.8066,0.1536,-0.2908,0.1148,208.18,-86.29,-166.46,52.21308,-2.184372,10.42,2,354.2,27 / 27,4.597026052232826,-5.31742375936064,-2.196817843370625,-46.82568859148854,-278.1416871488824,-94.73168561153541,False,50.70000000000073,-0.8839124221564539,10.236909877008788,161.9563227554626,276.8753673454513,10.275000000002072,355.0650000000025,-5.48093847438928,15.554333636369428,208.78201134695115,555.0170544943337
12830110.0,0.2232,0.733,9.9227,-0.0144,0.01,9.8066,-0.0478,-0.0132,0.0146,212.34,-86.21,-166.11,52.21308,-2.184372,10.42,2,354.2,27 / 27,3.8822222894068843,-4.4705398372293335,-1.8175956668648503,-46.40172617440501,-278.63108532871365,-94.93240628704791,False,50.80000000000109,-0.8790298165232872,10.230360280735031,161.8677475684334,277.8983606705424,10.268055555555682,355.08899999999954,-4.761252105930171,14.700900117964364,208.26947374283841,556.529445999256
12830210.0,1.0173,-0.6061,10.6411,-0.012,-0.0062,9.8066,-0.0329,-0.1173,0.0322,206.56,-86.2,-168.25,52.21308,-2.184372,10.42,2,354.2,27 / 27,3.9050143507693655,-4.465814289974619,-1.7700706668655417,-46.01236434240187,-279.0779030350673,-95.11178960373182,False,50.899999999999636,-0.7832444775549758,10.17684838151662,161.79961280914972,278.91023450318943,10.206944444445556,355.5989999999907,-4.688258828324342,14.642662671491241,207.8119771515516,557.9881375382568
12830310.0,-1.1034,-0.2958,9.3241,-0.0025,0.0158,9.8065,0.0091,0.0215,0.0298,211.13,-86.15,-167.44,52.21308,-2.184372,10.42,2,354.2,23 / 25,4.011960453322535,-4.451078716075999,-1.7524756668654777,-45.61651560219583,-279.52374768537146,-95.28791692041901,False,51.0,-0.7847594721196124,10.090641342074116,161.71785109806274,279.9221083351474,10.12111111111111,355.55300000000005,-4.796719925442147,14.541720058150116,207.33436670025856,559.4458560205189
12830410.0,-0.1918,-0.8016,10.0674,-0.0099,-0.0111,9.8066,0.0592,-0.0802,-0.0198,210.99,-86.01,-167.38,52.21308,-2.184372,10.42,2,354.2,23 / 25,4.178970267320132,-4.4600232375480555,-1.7635656668655182,-45.20696906616221,-279.9693027830543,-95.46371898710619,False,51.100000000000364,-0.6970384031003469,9.95562843143298,161.65652981475176,280.911743182182,9.980000000007701,355.9949999999759,-4.876008670420479,14.415651668981036,206.86349888091397,560.8810459652364
12830509.0,0.6187,-1.7823,10.8208,0.0168,0.0064,9.8066,-0.0693,0.0598,-0.0078,211.66,-86.02,-166.61,52.21308,-2.184372,10.42,2,354.2,23 / 25,4.310120788511042,-4.362387070758808,-1.700458116865416,-44.786759058897886,-280.4060120933162,-95.63518816440114,False,51.199000000000524,-0.7434546497674888,9.833133267438845,161.5823310618784,281.8804733833147,9.86120000000463,355.6762200000124,-5.05357543827853,14.195520338197653,206.36909012077626,562.2864854766309
12830610.0,0.9649,0.0224,9.6249,0.0125,0.0314,9.8065,-0.0525,-0.116,0.0567,212.12,-85.82,-165.76,52.21308,-2.184372,10.42,2,354.2,23 / 25,4.372672621785528,-4.268371174424031,-1.6584219168651797,-44.348277991675445,-280.8418653847004,-95.80481160610549,False,51.30000000000109,-0.7312211442617073,9.786609768538737,161.51344682032249,282.8687738915444,9.813888888889727,355.726999999999,-5.103893766047235,14.054980942962768,205.86172481199793,563.7106392762448
12830710.0,-1.0771,0.7306,9.678,-0.003,0.0021,9.8066,0.0059,-0.1666,0.0378,212.79,-85.76,-164.86,52.21308,-2.184372,10.42,2,354.2,23 / 25,4.4394138541023676,-4.328067610250675,-1.6739419168649536,-43.907673667887465,-281.2716873239279,-95.97142979778957,False,51.399999999999636,-0.7480786198453104,9.744382652098599,161.4453120610392,283.83616975307484,9.773055555556297,355.6100000000021,-5.187492473947678,14.072450262349275,205.35298572892668,565.1078570770028
12830810.0,1.4226,-0.2115,10.2509,-0.0272,-0.0052,9.8066,0.1079,0.0279,0.1267,217.22,-85.76,-164.07,52.21308,-2.184372,10.42,2,354.2,23 / 25,4.496132906181606,-4.364655943817179,-1.6581619168648962,-43.460896329871645,-281.7063235016329,-96.13803498947667,False,51.5,-0.7767669318049764,9.474322223275099,161.3635503499251,284.78132662977174,9.506111111111112,355.31300000000005,-5.272899837986583,13.838978167092279,204.82444667979675,566.4876501314046
12830910.0,1.2777,-1.6625,9.0377,-0.03,0.0139,9.8065,-0.0512,-0.1951,0.1447,215.96,-85.46,-165.06,52.21308,-2.184372,10.42,2,354.2,23 / 25,4.523709210037313,-4.238834617698592,-1.6743969168649553,-43.009904224059056,-282.13649802971025,-96.30466293116376,False,51.600000000000364,-0.8426352101167363,9.428532519465255,161.28178863881672,285.7153640125599,9.466111111113294,354.89300000002294,-5.366344420154049,13.667367137163847,204.29169286287578,567.8518620422701
12831010.0,0.2891,0.2681,10.7841,0.0103,-0.0359,9.8065,0.0808,0.0269,-0.0176,214.08,-85.5,-162.9,52.21308,-2.184372,10.42,2,354.2,23 / 25,4.582844352640503,-4.165237103916992,-1.6639719168649174,-42.55457654592351,-282.5567016157926,-96.47158137285086,False,51.70000000000073,-0.8965887550542966,9.337051387047671,161.19321345176076,286.649401397538,9.380000000003134,354.51500000001374,-5.4794331076948,13.502288490964663,203.74778999768427,569.2061030133306
12831110.0,1.0583,-0.8001,9.8062,0.0008,-0.0004,9.8066,-0.0529,0.0251,0.0127,217.49,-85.38,-163.1,52.21308,-2.184372,10.42,2,354.2,23 / 25,3.9328058046830625,-3.5135319311365047,-1.3728536293350286,-42.12879403805578,-282.94064006754667,-96.62342265016142,False,51.80000000000109,-1.0847596409022024,9.126873505112371,161.0910113129022,287.5611997962509,9.191111111114546,353.2220000000235,-5.017565445585265,12.640405436248876,203.21980535095798,570.5018398637976
12831209.0,-1.1213,-1.0429,10.5332,0.0248,-0.0308,9.8065,0.0267,0.0911,-0.1406,214.3,-85.45,-162.57,52.21308,-2.184372,10.42,2,354.2,23 / 25,4.0705329546133315,-3.467993359052771,-1.3369116793349705,-41.73262876946997,-283.2862255694116,-96.7575560329408,False,51.89900000000125,-0.9747954132307176,8.968888497490305,161.00332187771642,288.4418636145711,9.021711111111484,353.7971899999988,-5.045328367844049,12.436881856543076,202.73595064718637,571.7280891839828
12831310.0,-0.9244,-2.0661,9.7405,0.0006,0.0294,9.8065,-0.0704,-0.1756,0.0603,218.69,-85.44,-163.52,52.21308,-2.184372,10.42,2,354.2,24 / 25,4.330172465632348,-3.434708363313228,-1.3035614793353836,-41.30839314575282,-283.63481200638677,-96.890899927452,False,52.0,-1.0668231988935397,8.806730415312005,160.90023398696135,289.3291991287017,8.87111111111111,353.093,-5.396995664525887,12.241438778625234,202.20862713271418,572.9640111350884
12831410.0,1.132,-2.1651,9.3914,-0.0129,-0.0022,9.8066,0.0129,-0.0896,0.1003,212.71,-85.35,-164.31,52.21308,-2.184372,10.42,2,354.2,24 / 25,4.522777714224528,-3.2904211349055634,-1.327631479335471,-40.86574563675836,-283.9710684812989,-97.02245957538602,False,52.100000000000364,-1.2516027685291933,8.697349204190996,160.77759142031232,290.19651955764783,8.78694444444904,351.81100000006995,-5.774380482753721,11.98777033909656,201.64333705707068,574.1675880389467
12831510.0,0.9129,-1.7957,9.6892,-0.0307,0.0266,9.8065,-0.0751,-0.1514,0.1581,214.71,-85.27,-166.23,52.21308,-2.184372,10.42,2,354.2,24 / 25,4.62939510078294,-3.0952754038580195,-1.3542664793355679,-40.40813699600633,-284.29035330823825,-97.15655447332006,False,52.20000000000073,-1.3014013209953845,8.49477962259174,160.65494885365436,291.041600999685,8.593888888895911,351.29000000001895,-5.930796421778324,11.59005502644976,201.0630858496607,575.3319543079233
12831609.0,-0.5869,-0.1923,9.6345,-0.0064,-0.0173,9.8066,-0.0041,0.0058,-0.0241,213.52,-85.46,-165.02,52.21308,-2.184372,10.42,2,354.2,24 / 25,4.040456302799941,-2.576538609887687,-1.1633114274352523,-39.97897935152828,-284.5711081019191,-97.28117457970541,False,52.29900000000089,-1.519708434967587,8.352782332516425,160.50655134796082,291.8672233297979,8.489938888891029,349.688180000033,-5.560164737767528,10.929320942404111,200.48553069948912,576.438331431717
12831710.0,-0.7412,-1.747,10.1304,-0.0247,0.001,9.8066,0.0837,0.0033,0.0246,210.93,-85.48,-166.65,52.21308,-2.184372,10.42,2,354.2,24 / 25,4.231594800062884,-2.5527990949158528,-1.155655627435347,-39.561240770838886,-284.83013965600844,-97.39828241597492,False,52.399999999999636,-1.4893157268852242,8.141851632284629,160.35515591291454,292.6872859140401,8.276944444448299,349.6340000000007,-5.720910526948108,10.694650727200482,199.91639668375342,577.5174255700485
12831809.0,-0.6082,-0.5596,9.8035,0.0009,-0.0255,9.8066,0.0207,-0.1421,-0.132,210.42,-85.61,-169.04,52.21308,-2.184372,10.42,2,354.2,24 / 25,4.430096701641756,-2.5105588446601836,-1.1397859274353215,-39.132487041503815,-285.0807758740179,-97.5119067729412,False,52.498999999999796,-1.700365246317712,7.892875540314507,160.18652238375313,293.46887505344705,8.073994444444892,347.84210000000394,-6.130461947959468,10.403434384974691,199.31900942525695,578.5496509274649
12831910.0,-5.5788,2.0224,11.3314,0.031,-0.0419,9.8065,0.2115,0.3281,-0.385,205.23,-85.52,-173.59,52.21308,-2.184372,10.42,2,354.2,24 / 25,4.7673858636949635,-2.732145005310267,-1.0629451274348896,-38.668014171951704,-285.3455324184429,-97.62314469121277,False,52.600000000000364,-1.8110657788720446,7.696740296532724,160.00766864072577,294.2328953944014,7.9069444444534485,346.7590000000581,-6.578451642567008,10.42888530184299,198.67568281267748,579.5784278128442
12832010.0,1.8684,0.0302,10.3076,-0.0592,0.0166,9.8064,0.0119,-0.1609,0.1494,200.24,-85.68,-175.2,52.21308,-2.184372,10.42,2,354.2,24 / 25,4.974019639019439,-2.921814483544888,-0.961660127434521,-38.18094389681421,-285.6282303928867,-97.72437495395661,False,52.70000000000073,-2.010968667336757,7.520786529283813,159.81007783886952,294.9890208956171,7.785000000004437,345.0300000000629,-6.984988306356197,10.442601012828701,197.99102173568372,580.6172512885038
12832110.0,-3.8183,-0.2257,9.5113,0.0366,-0.0237,9.8065,0.1373,0.4337,-0.3401,206.88,-85.74,-171.89,52.21308,-2.184372,10.42,2,354.2,24 / 25,5.146597585931477,-2.9785856230401966,-0.9513801274344835,-37.67491303556483,-285.923250398217,-97.82002696670041,False,52.80000000000109,-2.1653425658397105,7.262108342327681,159.5988600851557,295.7117879188496,7.578055555559319,343.3970000000297,-7.3119401517711875,10.240693965367878,197.27377312072053,581.6350383170666
12832209.0,-3.9235,0.4014,10.1393,-0.0426,-0.0036,9.8065,0.1417,0.1115,0.1308,201.39,-85.59,-175.09,52.21308,-2.184372,10.42,2,354.2,24 / 25,5.578258149931444,-3.155569240532196,-0.9495337774344804,-37.14403267663875,-286.22689106396433,-97.91412220499157,False,52.89900000000125,-2.451310572354318,7.105721612493704,159.35602780314724,296.4053106761445,7.516730555555691,340.9665500000053,-8.029568722285763,10.2612908530259,196.500060479786,582.6322017401088
12832310.0,-2.8523,-1.3688,9.5733,0.0357,-0.0113,9.8066,-0.017,0.4587,-0.184,206.52,-85.41,-173.5,52.21394,-2.18449,9.97,2,355.23,24 / 25,6.0012961415582575,-3.261310246441828,-0.9445191274345425,-36.55926518492577,-286.5509434780525,-98.00977187668627,False,53.0,-2.6937138039301773,6.892307737072977,159.08103591478854,297.1017245024643,7.4,338.653,-8.695009945488435,10.153617983514804,195.64030109971432,583.6526679805168
12832410.0,-1.4274,-2.4144,9.1563,0.0155,0.0022,9.8066,0.0367,0.3177,-0.125,198.7,-85.38,-171.93,52.21394,-2.18449,9.97,2,355.23,24 / 25,6.35125488277096,-3.182284126768171,-0.9887041274347032,-35.94163763370706,-286.8731231967142,-98.10643303943009,False,53.100000000000364,-2.697333136243477,6.911172570395464,158.8221238296075,297.8022525400859,7.4188888888878575,338.67999999999853,-9.048588019014437,10.093456697163635,194.76376146331455,584.6753757368001
12832510.0,-1.0551,-0.9012,10.3433,0.0304,-0.0451,9.8065,0.1254,0.287,-0.1654,202.14,-85.29,-173.62,52.21394,-2.18449,9.97,2,355.23,24 / 25,6.609373656090985,-3.0757006143862218,-0.9943891274347239,-35.2936062067616,-287.186022433773,-98.20558770217391,False,53.20000000000073,-2.92930855827915,6.607869436110738,158.50870393703713,298.45830260664354,7.228055555562499,336.0920000000941,-9.538682214370134,9.683570050496959,193.80231014379873,585.6443250404166
12832610.0,-1.1766,-1.0901,9.0216,0.0076,0.0082,9.8066,-0.1055,0.1419,0.0512,199.15,-85.47,-171.47,52.21394,-2.18449,9.97,2,355.23,24 / 25,6.834622458273579,-3.028730365737107,-1.006809127434769,-34.62140640104093,-287.4912439827803,-98.30564761491776,False,53.30000000000109,-3.195462362111899,6.425386445292633,158.17484361666564,299.0921136883481,7.176111111112056,333.55800000004615,-10.030084820385477,9.45411681102974,192.79625001770657,586.5833576711284
12832710.0,-1.7921,-2.8705,9.9493,-0.0051,-0.0065,9.8066,0.1044,0.4935,-0.0664,200.99,-85.66,-170.4,52.21394,-2.18449,9.97,2,355.23,24 / 25,7.129179629013823,-2.9008501106598183,-1.0389291274343015,-33.92321629668672,-287.78772300659585,-98.40793452765972,False,53.399999999999636,-3.383590095007344,6.269059815491894,157.82735634444305,299.7148052783224,7.123888888889839,331.6430000000349,-10.512769724021167,9.169909926151712,191.75057264112976,587.5025282849183
12832810.0,-1.7212,-2.9604,8.2263,0.0099,0.0422,9.8065,-0.0942,0.3781,-0.2469,195.18,-85.52,-172.02,52.21394,-2.18449,9.97,2,355.23,24 / 25,7.472162840464039,-2.681852271516133,-1.110814127434563,-33.193149173210166,-288.06685812570566,-98.51542169040356,False,53.5,-3.6790121704241328,5.939887382739188,157.42536126484146,300.281899403351,6.986944444444444,328.227,-11.15117501088817,8.62173965425532,190.61851043805163,588.3487575290567
12832910.0,-0.8255,-1.2742,10.2792,0.0512,-0.0436,9.8064,0.2679,0.6071,-0.3715,191.48,-85.59,-176.76,52.21394,-2.18449,9.97,2,355.23,24 / 25,7.733241774847806,-2.5033868754545083,-1.1662041274347645,-32.43287894244181,-288.3261200830551,-98.62927260314744,False,53.600000000000364,-3.9807451860443224,5.568455150567309,157.00292575747073,300.8156350517701,6.8450000000077456,324.4400000002067,-11.713986960892129,8.071842026021818,189.43580469991255,589.1417551348252
12833010.0,-4.8009,0.1123,10.6978,0.0127,-0.0022,9.8066,0.1735,0.5368,-0.2279,186.93,-85.55,-176.88,52.21394,-2.18449,9.97,2,355.23,24 / 25,8.109589658309652,-2.473595828223619,-1.0980191274345164,-31.640737370781057,-288.5749692182399,-98.74248376589132,False,53.70000000000073,-4.176452510071182,5.177413381523951,156.56004982227145,301.3048927284056,6.651944444451468,321.1080000001212,-12.286042168380835,7.65100920974757,188.20078719305252,589.8798619466455
12833109.0,-2.4171,-0.895,8.7546,0.0014,-0.0239,9.8066,0.0526,0.5271,-0.1312,183.91,-85.28,179.31,52.21394,-2.18449,9.97,2,355.23,24 / 25,8.551156701329496,-2.456160821222658,-1.105983677434529,-30.816030425977587,-288.8189921723879,-98.85158190473251,False,53.79900000000089,-4.342148360788286,4.82699615020315,156.10811196411294,301.7562329364687,6.4927194444477205,318.0261300000634,-12.893305062117783,7.283156971425807,186.92414239009054,590.5752251088566
12833210.0,-3.4557,-1.8251,10.7028,0.0226,-0.0276,9.8066,0.0757,0.4709,-0.1795,178.88,-85.44,178.57,52.21394,-2.18449,9.97,2,355.23,24 / 25,8.932953026300556,-2.3019719182667306,-1.1138566274344315,-29.93308288474321,-289.0592778757291,-98.963683840127,False,53.899999999999636,-4.438758059303304,4.3857755176279225,155.6402305722781,302.17221315740943,6.240000000004567,314.6560000000607,-13.37171108560386,6.687747435894654,185.57331345702133,591.2314910331386
12833309.0,-2.3791,-1.834,9.6007,-0.0163,-0.0027,9.8066,-0.0301,0.43,0.022,170.42,-85.47,173.54,52.21394,-2.18449,9.97,2,355.23,23 / 26,9.282586447977447,-2.0682638157714943,-1.0796917274343762,-29.03141368076499,-289.2756045445643,-99.07226448369319,False,53.998999999999796,-4.480155844133573,3.8499359775298716,155.1815473729634,302.51347038625687,5.907250000000734,310.67125000000874,-13.762742292111021,5.9181997933013655,184.21296105372838,591.7890749308212
12833409.0,-5.9424,-2.1728,9.4762,0.0118,0.0132,9.8066,-0.0119,0.7299,-0.2214,164.22,-85.38,171.89,52.21394,-2.18449,9.97,2,355.23,23 / 26,9.716616834493047,-1.731439943427672,-1.1065117274344738,-28.08145351663801,-289.46558973252496,-99.18157465643704,False,54.09900000000016,-4.770300990760999,3.596517352699789,154.69124964535018,302.8471663609941,5.974288888884906,307.0145300002047,-14.486917825254046,5.327957296127461,182.7727031619882,592.312756093519
12833511.0,-2.1083,-2.0098,10.9237,-0.0202,0.0326,9.8065,-0.08,0.7039,-0.0627,156.12,-85.17,168.5,52.21394,-2.18449,9.97,2,355.23,23 / 26,10.106164954019654,-1.3538293270180257,-1.0663951274341703,-27.07049164541622,-289.6229384653189,-99.29239290603617,False,54.20100000000093,-4.831036799332278,3.159891123013647,154.19754517977998,303.1422776964694,5.7727638888898865,303.1877800001068,-14.937201753351932,4.5137204500316725,181.2680368251962,592.7652161617883
12833610.0,-8.9689,-3.2036,8.2024,0.0416,0.0355,9.8064,-0.0977,1.286,-0.5631,155.76,-84.88,167.75,52.21394,-2.18449,9.97,2,355.23,23 / 26,10.56645534946499,-0.8388482652539226,-1.0905115274342092,-26.047196940392073,-289.7314760061365,-99.39915978545233,False,54.30000000000109,-4.969484454014938,2.880361753184727,153.69838993345033,303.40647684210546,5.743888888889419,300.09700000005677,-15.535939803479927,3.71921001843865,179.7455868738424,593.137952848242
12833710.0,2.2274,-1.9769,10.3007,0.0333,0.0059,9.8065,0.0833,0.5726,-0.0625,141.48,-84.82,163.5,52.21394,-2.18449,9.97,2,355.23,23 / 26,10.81893370132901,-0.43777513678531405,-1.1460215274334014,-24.977927487867934,-289.79530717623754,-99.51098643819408,False,54.399999999999636,-5.054829499079806,2.704926013465173,153.19419271494368,303.66222517355055,5.733055555555753,298.15200000003534,-15.873763200408817,3.142701150250487,178.1721202028116,593.4575323497882
12833809.0,-6.1303,-3.4198,11.3103,0.0808,0.0456,9.8062,-0.0796,1.1398,-0.4379,137.68,-84.77,164.91,52.21394,-2.18449,9.97,2,355.23,23 / 26,10.829412116847797,-0.02934805925072892,-1.0471353774332415,-23.90633436986645,-289.81842977444137,-99.61954770498515,False,54.498999999999796,-4.993754260919446,2.3265395936732802,152.69503746864083,303.8603745334788,5.509205555556049,294.979050000007,-15.823166377767244,2.355887652924009,176.60137183850728,593.6788043079202
12833909.0,2.9768,-0.9136,10.7291,0.0578,-0.033,9.8063,0.1401,0.496,0.0016,136.97,-84.72,163.48,52.21394,-2.18449,9.97,2,355.23,23 / 26,10.84588051861787,0.3089182060944487,-0.9258303774328001,-22.822569738089225,-289.8044512670991,-99.71819599272881,False,54.59900000000016,-5.08896637187703,2.1351324698486316,152.19084025010798,304.06052540137796,5.518769444443775,292.76108000012374,-15.9348468904949,1.826214263754183,175.0134099881972,593.8649766684771
12834009.0,-6.6454,-4.3003,10.4478,0.0899,0.0409,9.8061,0.1049,1.0981,-0.4132,131.71,-85.01,166.51,52.21394,-2.18449,9.97,2,355.23,23 / 26,10.807463092462918,0.7076581754708381,-0.8476503774325155,-21.73990255753125,-289.7536224480207,-99.8068700304724,False,54.699000000000524,-5.091579893082012,1.9402359378409237,151.6866430316188,304.2386596735824,5.44876388889162,290.8599800000732,-15.89904298554493,1.2325777623700858,173.42654558915004,593.992282121603
12834110.0,-1.0143,-3.8494,8.6047,0.0255,-0.0272,9.8066,0.1388,0.304,0.0623,130.16,-84.82,164.46,52.21394,-2.18449,9.97,2,355.23,23 / 26,10.789917887596065,1.346156831919198,-0.8759707774326746,-20.64923481803214,-289.6499047901469,-99.89391289879357,False,54.80000000000109,-5.172128183383026,1.7215407053951495,151.16377688906067,304.4072311816214,5.451111111111055,288.41000000004425,-15.962046070979092,0.37538387347595137,171.8130117070928,594.0571359717683
12834210.0,-3.0526,-6.4951,10.1977,0.08,0.0378,9.8062,0.1252,0.8115,-0.3198,116.71,-84.97,166.63,52.21394,-2.18449,9.97,2,355.23,23 / 26,10.479789994109321,1.8730670802410427,-0.9165157774320846,-19.585749423962348,-289.4889435945412,-99.9835372265355,False,54.899999999999636,-5.245225847802392,1.5092966087135595,150.63913924278273,304.54066509355715,5.45805555555543,286.05300000004286,-15.725015841911713,-0.3637704715274832,170.22488866674507,594.0296086880983
12834310.0,1.9386,-1.9714,9.0556,-0.0118,-0.0091,9.8066,0.0356,0.1823,0.1576,120.41,-84.78,165.49,52.21394,-2.18449,9.97,2,355.23,24 / 24,10.143058336240264,2.2058183370512277,-0.93451577743215,-18.554607007441117,-289.28499932367583,-100.07608880427905,False,55.0,-5.285694271971338,1.2567930350707999,150.11450159646802,304.6407405282183,5.433055555555556,283.375,-15.428752608211603,-0.9490253019804278,168.66910860390914,593.9257398518941
12834410.0,1.0769,-1.5136,9.6182,0.0272,0.016,9.8065,0.0765,0.5604,-0.1082,113.82,-84.62,166.96,52.21394,-2.18449,9.97,2,355.23,24 / 24,9.934698419906011,2.2379156677278313,-0.9814907774323208,-17.550719169630153,-289.06281262343606,-100.17188913202263,False,55.100000000000364,-5.178690987272529,0.9827369964090888,149.59667742613297,304.7296964697394,5.271111111119948,280.74500000014353,-15.113389407178541,-1.2551786713187425,167.14739659576313,593.7925090931755
12834510.0,1.9734,-0.1865,9.4157,-0.0265,-0.03,9.8065,-0.0364,0.1088,0.1615,106.98,-84.43,167.09,52.21394,-2.18449,9.97,2,355.23,24 / 24,9.81268330754646,2.2134292718279394,-1.0104607774324261,-16.563350083253937,-288.84024537645746,-100.27148670976622,False,55.20000000000073,-5.284853672174126,0.8877002800099647,149.07203977987282,304.80753291884184,5.358888888885696,279.535000000044,-15.097536979720585,-1.3257289918179747,165.63538986312676,593.6477782952993
12834610.0,-0.304,-2.2798,10.5576,0.0162,-0.0139,9.8066,0.0472,0.4453,-0.0369,97.57,-84.43,164.59,52.21394,-2.18449,9.97,2,355.23,24 / 24,9.658461290858346,2.237669212000991,-0.9924607774323606,-15.589792853330154,-288.6176904522652,-100.37163278750982,False,55.30000000000109,-5.346538386782655,0.6424579975790361,148.5405886576434,304.85201088925317,5.384999999999525,276.85200000004886,-15.004999677641,-1.5952112144219548,164.13038151097356,593.4697013415184
12834709.0,-1.7173,-4.9365,9.9285,-0.0202,-0.0472,9.8064,-0.0968,0.0839,0.1746,98.72,-84.56,163.91,52.21394,-2.18449,9.97,2,355.23,24 / 24,9.308351356637449,2.4731339542815705,-0.9492571774322907,-14.650935627277594,-288.38450569553385,-100.46774782627578,False,55.39900000000125,-5.3536420152480835,0.5699498044961465,148.01445204666396,304.9070523774603,5.383900000000003,276.07683000000173,-14.661993371885533,-1.903184149785424,162.66538767394155,593.2915580729941
12834810.0,0.9904,-0.5043,9.7194,0.0145,-0.0094,9.8066,0.0005,0.2733,-0.0135,95.47,-84.69,161.56,52.21394,-2.18449,9.97,2,355.23,24 / 24,9.031578580795882,2.635349358054427,-0.9475098774323123,-13.724769165448686,-288.12652728826407,-100.56353456254526,False,55.5,-5.499484683148413,0.45233321126523746,147.4572459854495,304.94096683077987,5.518055555555555,274.702,-14.531063263944295,-2.1830161467891895,161.1820151508982,593.0674941190439
12834909.0,-0.6194,-3.2614,10.4759,-0.0137,-0.0255,9.8066,-0.0748,0.2253,0.018,87.03,-84.57,159.45,52.21394,-2.18449,9.97,2,355.23,24 / 24,8.81764784285291,2.6935714232456927,-0.9187008774322657,-12.841232457476643,-287.86274570958926,-100.65591199491121,False,55.59900000000016,-5.485387546663708,0.3758730072784816,146.91761869214417,304.9739917232817,5.498255555556676,273.9199000000443,-14.30303538951662,-2.317698415967211,159.75885114962082,592.8367374328709
12835010.0,1.0575,-0.8615,9.939,-0.0146,-0.039,9.8065,-0.0316,0.1905,0.045,80.28,-84.48,157.86,52.21394,-2.18449,9.97,2,355.23,24 / 24,8.584700874183344,2.7367763257439655,-0.8782200774320382,-11.962413847261374,-287.58851314826376,-100.74665650313237,False,55.70000000000073,-5.709309733912429,0.22871072718621793,146.34664940957248,304.99656429361386,5.713888888881036,272.29400000005893,-14.294010608095773,-2.5080655985577476,158.30906325683384,592.5850774418776
12835110.0,-0.4924,-2.7087,9.9183,-0.0214,-0.0263,9.8065,-0.0311,0.4094,-0.0798,77.42,-84.34,156.27,52.21394,-2.18449,9.97,2,355.23,24 / 24,8.374353991482492,2.748698929722649,-0.8660200774319937,-11.114461103974998,-287.31423938548943,-100.83386851087589,False,55.80000000000109,-5.7778906010153035,0.10741039432252952,145.7743174317724,304.99656429361465,5.778888888887706,271.06500000002234,-14.152244592497794,-2.6412885354001197,156.8887785357474,592.3108036791041
12835210.0,-0.3142,-1.5942,10.1649,-0.0282,-0.0287,9.8065,-0.0105,0.2866,-0.0286,69.57,-83.95,153.34,52.21394,-2.18449,9.97,2,355.23,24 / 24,8.110456631345281,2.80275978496685,-0.8425250774323356,-10.290220572845604,-287.03666644975897,-100.91929576861786,False,55.899999999999636,-5.771920799718785,-0.016521244744821723,145.20198545400956,304.99656429361465,5.77194444444457,269.83600000002235,-13.882377431064066,-2.819281029711672,155.49220602685517,592.0332307433737
12835309.0,-1.1265,-2.5415,11.6874,0.0044,0.0238,9.8065,0.2297,0.7603,-0.2081,64.02,-83.73,152.66,52.21394,-2.18449,9.97,2,355.23,24 / 24,7.839710127129885,2.8509654877053947,-0.7316945774321564,-9.500687318299807,-286.75680704876123,-100.99721964153377,False,55.998999999999796,-6.062064726874573,-0.00750090800853195,144.60165009018345,304.99656429361465,6.062069444443805,269.9290599999998,-13.901774854004458,-2.8584663957139265,154.10233740848327,591.7533713423759
12835410.0,-1.1097,-2.682,9.3758,-0.0021,0.048,9.8065,0.1468,0.7798,-0.3653,66.76,-83.64,154.51,52.21394,-2.18449,9.97,2,355.23,24 / 24,7.49622336037187,2.910119393682959,-0.6584746274317449,-8.726222677176617,-286.4658722622495,-101.0674231863798,False,56.100000000000364,-5.996027716999415,-0.21829250334099215,144.0028136911063,304.96320581634,6.000000000003547,267.91500000010996,-13.492251077371286,-3.128411897023951,152.72903636828292,591.4290780785896
12835510.0,0.2676,2.0824,8.8168,0.0438,0.0521,9.8064,0.0511,0.3492,-0.116,61.65,-83.87,154.98,52.21394,-2.18449,9.97,2,355.23,24 / 24,7.391727914761101,3.0101682752716648,-0.7295096274320032,-7.98182511341726,-286.16985787880066,-101.13682239912323,False,56.20000000000073,-6.067223188190067,-0.4107494739261156,143.40322780961958,304.9076083520908,6.08111111110816,266.12700000006504,-13.458951102951168,-3.4209177491977805,151.38505292303685,591.0774662308914
12835610.0,-0.7358,-2.2575,10.3005,0.0128,0.0502,9.8065,0.081,0.6533,-0.1969,57.61,-83.74,155.85,52.21394,-2.18449,9.97,2,355.23,24 / 24,7.312353055183674,3.0779906454261785,-0.7543096274320934,-7.246621064917346,-285.86544993276465,-101.2110133618667,False,56.30000000000109,-6.242308473052794,-0.33162486437431093,142.78320150041566,304.8742498748129,6.251111111108019,266.9589999999849,-13.554661528236469,-3.4096155098004894,150.029822565333,590.7396998075776
12835710.0,-0.1078,3.0997,8.6681,0.0032,0.0083,9.8066,-0.0997,-0.0309,0.0604,52.11,-83.66,156.07,52.21394,-2.18449,9.97,2,355.23,24 / 24,7.249294190330221,3.202164743772918,-0.7865446274316242,-6.518538702652247,-285.5514421633093,-101.28805607460878,False,56.399999999999636,-6.425336929509361,-0.31503828831559305,142.14273476334284,304.8408913961218,6.4330555555522455,267.1929999999957,-13.674631119839582,-3.5172030320885113,148.6612734659951,590.3923335594311
12835810.0,0.0235,-1.0548,9.8171,0.0107,0.0101,9.8066,-0.0422,0.3722,0.0267,51.3,-83.73,155.56,52.21394,-2.18449,9.97,2,355.23,24 / 24,7.257875091696305,3.3181301574165167,-0.8429496274318293,-5.793180238548282,-285.2254274182486,-101.36953078735225,False,56.5,-6.579753697608483,-0.5165668193056007,141.4886410744555,304.78529393328637,6.6000000000000005,265.511,-13.837628789304787,-3.8346969767221175,147.28182131300377,590.010721351535
12835910.0,-0.5623,-3.7881,9.9896,-0.002,-0.0584,9.8064,0.0182,-0.0469,0.2132,51.73,-83.73,155.9,52.21394,-2.18449,9.97,2,355.23,24 / 24,6.981169817260437,3.239188396212941,-0.8332796274317942,-5.081227993097855,-284.897561490566,-101.45334225009573,False,56.600000000000364,-6.656233449466196,-0.5254934636594427,140.82092043378668,304.72969646974724,6.676944444440245,265.48600000000135,-13.637403266726633,-3.764681859872384,145.90214842688454,589.6272579603133
12836010.0,0.5332,-3.3666,9.7435,-0.0186,0.0221,9.8065,0.0437,0.2663,-0.049,42.2,-83.54,155.72,52.21394,-2.18449,9.97,2,355.23,24 / 24,6.648063579240919,3.0456536103706986,-0.8272896274317724,-4.399766323270308,-284.58331939023566,-101.53637071283922,False,56.70000000000073,-6.828950365949213,-0.5222220903620428,140.13957284118604,304.68521849933654,6.848888888882633,265.6269999999949,-13.477013945190132,-3.5678757007327415,144.53933916445635,589.2685378895721
12836111.0,-0.2433,0.1085,9.7734,-0.0178,-0.0051,9.8066,0.0516,0.0203,0.1621,46.22,-83.33,157.47,52.21394,-2.18449,9.97,2,355.23,24 / 24,6.472574848213612,2.955525326466,-0.8321578274317997,-3.7371740826801307,-284.2802598539237,-101.62017280931029,False,56.801000000001295,-6.977459856763465,-0.6801494978358593,139.43764855128282,304.6066036864521,7.010538888888026,264.43257000001347,-13.450034704977078,-3.6356748243018595,143.17482263396295,588.8868635403758
12836211.0,0.3328,0.4361,9.5081,-0.0276,0.0146,9.8066,0.0225,0.0587,0.008,45.24,-83.2,159.9,52.21394,-2.18449,9.97,2,355.23,24 / 24,5.457349235743622,2.5622909743417357,-0.7214356533168244,-3.1406778784909495,-284.0043690388874,-101.6978524833466,False,56.90099999999984,-7.020293616566136,-0.7887346241103695,138.74260587213178,304.52854484749645,7.064469444443515,263.5897300000133,-12.477642852309756,-3.351025598452105,141.88328375062272,588.5329138863838
12836311.0,0.8128,-2.3788,10.0018,0.0162,-0.0166,9.8065,0.0321,-0.0202,0.1293,47.68,-83.14,161.51,52.21394,-2.18449,9.97,2,355.23,24 / 24,5.34966945508733,2.4995030844865957,-0.7266056533168431,-2.600326943947436,-283.751279335945,-101.77025454867854,False,57.001000000000204,-7.068179176784309,-0.8952800980454476,138.04040904320357,304.4288029976229,7.124663888889284,262.78079000000145,-12.417848631871639,-3.394783182532043,140.640735987151,588.180082333568
12836410.0,-0.2038,0.7545,10.9653,0.0229,-0.0084,9.8066,0.0613,-0.2077,0.2083,51.48,-83.24,161.36,52.21394,-2.18449,9.97,2,355.23,24 / 24,5.241568650858376,2.468916527770584,-0.6595925533167348,-2.0760606577022758,-283.5053425651379,-101.838871359907,False,57.100000000000364,-7.349942114096052,-0.8049495763409807,137.30516685610093,304.3627532112187,7.393888888874049,263.74999999994657,-12.591510764954428,-3.2738661041115646,139.3812275138032,587.8680957763565
12836510.0,-0.2763,-3.0842,9.5814,-0.0245,-0.0371,9.8065,-0.0243,0.0734,0.0745,47.68,-83.04,162.93,52.21394,-2.18449,9.97,2,355.23,24 / 24,5.069634464632008,2.454538575969315,-0.612922553316565,-1.560500501925881,-283.25916980995,-101.9024971152389,False,57.20000000000073,-7.414787971384962,-0.8810100316027998,136.56931145609863,304.26267777797466,7.466944444441787,263.22400000001915,-12.48442243601697,-3.3355486075721146,138.1298119580245,587.5218475879246
12836609.0,-1.8961,-0.4751,9.0048,-0.0166,-0.0424,9.8065,0.0273,-0.1755,0.1526,46.57,-82.77,163.59,52.21394,-2.18449,9.97,2,355.23,24 / 24,4.792882409089671,2.4580795620671556,-0.6637640033166471,-1.0723059166758686,-283.01599521211676,-101.96569309979235,False,57.29900000000089,-7.556365861942824,-0.8897546368027837,135.82057858660488,304.1746113958622,7.60856944444153,263.2843899999988,-12.349248271032495,-3.3478341988699394,136.89288450328075,587.1906066079789
12836710.0,-2.3977,-4.4459,10.9733,-0.0398,-0.0146,9.8065,0.0328,0.2703,-0.0478,49.45,-82.47,165.15,52.21394,-2.18449,9.97,2,355.23,24 / 24,4.3865062640248675,2.5034144621184495,-0.6453416033168753,-0.6087467886893283,-282.7654397638985,-102.03180293292652,False,57.399999999999636,-7.596642435324058,-0.9343654709364466,135.05671980056567,304.0847658956281,7.65388888888809,262.9880000000054,-11.983148699348925,-3.4377799330548964,135.665466589255,586.8502056595266
12836810.0,-2.6837,1.605,10.2254,0.0105,-0.0221,9.8066,-0.0338,-0.1213,0.0823,52.87,-82.26,165.75,52.21394,-2.18449,9.97,2,355.23,24 / 24,4.052199314133622,2.655144930922169,-0.5660716033165868,-0.18681150977986877,-282.5075117942455,-102.09237359325842,False,57.5,-7.858163919783348,-0.8489519289785745,134.26635659313678,304.00692944581874,7.903888888888889,263.834,-11.910363233916971,-3.5040968599007436,134.45316810291664,586.5144412400642
12836909.0,1.7828,-1.783,9.7011,0.0147,0.0198,9.8066,-0.12,0.2779,-0.1079,48.08,-82.48,165.72,52.21394,-2.18449,9.97,2,355.23,24 / 24,3.958347436161887,2.732760386905254,-0.5505682033165616,0.20971055436040004,-282.2408104810126,-102.14764726368685,False,57.59900000000016,-7.8375678951870835,-0.9420717502036895,133.49064235904893,303.90785476691275,7.893988888889449,263.14595000003897,-11.79591533134897,-3.674832137108943,133.28093180468852,586.1486652479254
12837010.0,-3.4391,-2.2918,10.0913,0.0256,-0.0081,9.8066,0.0119,0.0723,0.0322,51.28,-82.83,165.11,52.21394,-2.18449,9.97,2,355.23,24 / 24,3.6801389577465047,2.717099349440336,-0.5415236533165108,0.5954541172549414,-281.9655925643256,-102.20279790244713,False,57.70000000000073,-8.01739119579685,-0.9790147966673112,132.68563017838963,303.8067785779196,8.076944444437785,263.0380000000037,-11.697530153543354,-3.696114146107647,132.09017606113468,585.7723711422452
12837110.0,-1.1763,2.0591,10.0218,-0.017,0.035,9.8065,0.0093,0.2849,-0.1823,50.84,-82.94,167.07,52.21394,-2.18449,9.97,2,355.23,24 / 24,3.4553020454853685,2.9398321662094764,-0.5165336533164198,0.952226167417833,-281.6827459885421,-102.25570076777898,False,57.80000000000109,-8.136865718889167,-0.8760443016270536,131.86801306727415,303.7289421295243,8.183888888886944,263.8549999999852,-11.592167764374535,-3.81587646783653,130.91578689985633,585.4116881180664
12837210.0,0.6127,1.6171,9.8577,-0.007,0.0161,9.8066,0.0365,0.1036,-0.0495,42.05,-82.85,166.29,52.21394,-2.18449,9.97,2,355.23,24 / 24,3.500786944709093,3.133635768296763,-0.5032236533166133,1.3000306169224949,-281.37907259182117,-102.30668863310989,False,57.899999999999636,-8.151334238873428,-1.0450776240818545,131.0640229080292,303.617747203148,8.218055555554933,262.69400000002116,-11.652121183582521,-4.178713392378618,129.7639922911067,584.9968197949692
12837310.0,-0.7453,-0.0267,9.7593,0.0026,0.0106,9.8066,0.0409,0.1242,0.0031,42.09,-82.94,166.78,52.21394,-2.18449,9.97,2,355.23,24 / 25,3.4716914457491175,3.2351394343596502,-0.5030386533166127,1.6486545364466738,-281.0606338316872,-102.35700174844173,False,58.0,-8.396364535956604,-0.9505590877637601,130.21915189322695,303.52879126162003,8.450000000000001,263.541,-11.868055981705721,-4.185698522123411,128.57049735678027,584.5894250933072
12837410.0,0.1693,-0.0847,9.9417,-0.007,0.002,9.8066,-0.0849,0.1659,-0.0645,39.3,-83.02,167.31,52.21394,-2.18449,9.97,2,355.23,24 / 25,3.3686946169919927,3.286603124786323,-0.49865365331659667,1.9906738395849737,-280.7345467037287,-102.40708636377357,False,58.100000000000364,-8.387082165285534,-0.9336479163859707,129.38109435442695,303.42871582767407,8.438888888889494,263.64799999999417,-11.755776782277527,-4.220251041172293,127.39042051484198,584.1632625314028
12837510.0,-3.2036,-0.5044,10.6238,0.0174,0.0058,9.8066,0.1634,-0.0148,0.0677,41.15,-83.02,166.69,52.21394,-2.18449,9.97,2,355.23,24 / 25,3.1567306249608906,3.399854410036022,-0.4510436533164234,2.316945101683805,-280.4002238269864,-102.4545712291054,False,58.20000000000073,-8.568588823409844,-1.0017265209370605,128.5225963877682,303.32864039372083,8.626944444437603,263.3320000000115,-11.725319448370733,-4.401580930973083,126.2056512860844,583.7288642207072
12837610.0,-1.114,-0.665,10.4918,0.0084,0.0231,9.8066,0.0626,0.0266,-0.0702,41.4,-82.94,167.06,52.21394,-2.18449,9.97,2,355.23,24 / 25,2.8777819741874775,3.535077877859647,-0.3759286533161501,2.618670731642321,-280.05347721259034,-102.49591984443718,False,58.30000000000109,-8.681847442657677,-0.9968470267440456,127.65728494519367,303.23968445290024,8.738888888886853,263.44999999999783,-11.559629416845155,-4.5319249046036925,125.03861421355134,583.2931616654905
12837710.0,-2.2746,-0.3659,9.0575,0.0051,0.0076,9.8066,0.0162,0.1053,0.0064,44.27,-82.9,166.46,52.21394,-2.18449,9.97,2,355.23,24 / 25,2.6428926357090816,3.6522727233989967,-0.37912865331610357,2.8947044621331317,-279.69410968253266,-102.53367270976824,False,58.399999999999636,-8.81877725683497,-0.9335828997514145,126.77153307483647,303.15072851137427,8.868055555553205,263.9569999999908,-11.461669892544052,-4.585855623150411,123.87682861270333,582.844838193907
12837810.0,-1.1623,-0.9086,11.0511,0.0254,0.0521,9.8064,0.1031,0.1166,-0.1529,44.63,-83.0,166.89,52.21394,-2.18449,9.97,2,355.23,24 / 25,2.3996060063516933,3.768235178256772,-0.35436365331601344,3.1468293942370877,-279.3230842874485,-102.57034732509997,False,58.5,-8.886807002520738,-0.9635330133677799,125.88578120448987,303.0506530774213,8.938888888888888,263.812,-11.286413008872431,-4.7317681916245515,122.73895181025279,582.3737373648698
12837910.0,-2.8281,-0.0276,9.6089,-0.005,-0.0108,9.8066,-0.129,-0.0383,0.0201,42.22,-82.95,165.56,52.21394,-2.18449,9.97,2,355.23,24 / 25,2.1441717553627333,3.9105377560739485,-0.30202865331582296,3.3740182823236355,-278.9391456407306,-102.60316694043169,False,58.600000000000364,-8.997185568021276,-0.9762949628467307,124.98640238229765,302.95057764347536,9.049999999993936,263.8070000000003,-11.14135732338401,-4.8868327189206795,121.61238409997402,581.889723284206
12838009.0,-0.4243,-0.2213,9.2456,-0.0001,0.017,9.8065,-0.0191,0.1465,-0.105,45.25,-82.96,165.23,52.21394,-2.18449,9.97,2,355.23,24 / 25,1.941490973096299,4.0506136606125205,-0.33958925331588363,3.576258587382685,-278.545068645604,-102.63492702681002,False,58.699000000000524,-9.0756281490392,-1.07519381906863,124.0892720071358,302.85150296316164,9.13909999999653,263.24369000002196,-11.0171191221355,-5.125807479681151,120.51301341975312,581.3965716087656
12838110.0,-1.4505,0.3065,9.8768,0.0016,0.0119,9.8066,0.0525,-0.0685,-0.019,42.44,-82.86,164.9,52.21394,-2.18449,9.97,2,355.23,24 / 25,1.7978815591343476,4.159583286911366,-0.36437970331602293,3.7650969002613937,-278.1304536997517,-102.67047745912014,False,58.80000000000109,-9.159364738886717,-0.8842053713132283,123.16039083417772,302.76154626799416,9.201944444443317,264.4859999999773,-10.957246298021065,-5.043788658224594,119.39529393391632,580.8919999677458
12838210.0,-2.2237,-0.9361,10.8129,0.0036,0.0246,9.8066,0.0518,0.0409,-0.0501,42.95,-82.84,164.98,52.21394,-2.18449,9.97,2,355.23,24 / 25,1.564398008522276,4.300169063344607,-0.31055970331680605,3.9332108786417783,-277.70746608224505,-102.70422442945129,False,58.899999999999636,-9.217934368060613,-0.8698904775303203,122.24057158416498,302.6837098203082,9.258888888887853,264.6089999999978,-10.78233237658289,-5.170059540874927,118.30736070552321,580.3911759025532
12838310.0,-0.2953,0.415,9.7124,-0.0003,0.0062,9.8066,-0.0589,-0.0265,-0.1033,41.55,-82.78,164.07,52.21394,-2.18449,9.97,2,355.23,23 / 24,1.3765140252027377,4.405224217824305,-0.26495970331664004,4.080256480328564,-277.27219641818505,-102.73300039978307,False,59.0,-9.164217987859734,-0.8859653910139746,121.32756581010446,302.59475387807356,9.206944444444446,264.478,-10.540732013062472,-5.2911896088382795,117.2473093297759,579.8669502962587
12838410.0,-1.7521,-0.1243,10.454,0.0267,-0.0164,9.8065,0.0618,-0.058,0.1228,41.89,-82.78,164.04,52.21394,-2.18449,9.97,2,355.23,23 / 24,1.2321815736441841,4.521934437091485,-0.2373047033165393,4.210691260271385,-276.82583848543766,-102.75811362011481,False,59.100000000000364,-9.206296448095893,-0.8109518012427291,120.40774656019607,302.5169174289774,9.241944444442534,264.9659999999734,-10.438478021740076,-5.332886238334214,116.19705529992468,579.3427559144151
12838511.0,-2.6901,-1.9978,9.6928,0.017,0.002,9.8066,-0.065,0.0071,0.0424,42.95,-82.92,163.57,52.21394,-2.18449,9.97,2,355.23,23 / 24,0.9159604563431027,4.633907955489962,-0.21036295331638782,4.3191724327863525,-276.3634684446097,-102.7807208367749,False,59.20100000000093,-9.218146368818486,-0.7336558945443097,119.47872911769183,302.4496444983791,9.247305555554322,265.4494899999709,-10.134106825161588,-5.367563850034271,115.15955668490548,578.8131129429887
12838610.0,-1.2404,-0.6464,10.2877,-0.0026,0.0034,9.8066,0.0144,0.0749,-0.0052,37.34,-83.04,163.9,52.21394,-2.18449,9.97,2,355.23,23 / 24,0.6050881043002047,4.699033118381908,-0.19218655331635842,4.394464336538318,-275.90148786145227,-102.80064703735326,False,59.30000000000109,-9.26360142791156,-0.600673815238558,118.56810806019129,302.39460301017175,9.283055555554899,266.28999999998456,-9.868689532211764,-5.299706933620466,114.17364372365297,578.2960908716241
12838709.0,-0.8256,-0.1582,10.3534,0.0029,0.0138,9.8066,-0.0045,0.0365,-0.0264,41.61,-82.87,163.96,52.21394,-2.18449,9.97,2,355.23,23 / 24,0.4228634471924907,4.76619976796642,-0.14131045331627612,4.445347938337289,-275.4329588335773,-102.8171551391816,False,59.39900000000125,-9.156912252991292,-0.6218809533515318,117.6642323438732,302.328553223763,9.178005555555787,266.11477000000036,-9.579775700183783,-5.388080721317952,113.2188844055359,577.7615120573403
12838810.0,-2.2082,-1.0341,10.4856,0.0052,0.0084,9.8066,0.0164,-0.0379,-0.0704,43.53,-83.04,163.93,52.21394,-2.18449,9.97,2,355.23,23 / 24,0.19169329145554487,4.865905027503258,-0.079412603317043,4.47638305363863,-274.9465375414121,-102.82830165354144,False,59.5,-9.101707569188124,-0.5268731612732345,116.75572346391655,302.2722885899537,9.116944444444444,266.687,-9.293400860643668,-5.392778188776493,112.27934041027792,577.2188261313659
12838910.0,-3.0231,2.0925,9.6309,-0.0351,0.0361,9.8064,0.0014,0.3609,-0.1852,37.68,-82.94,164.04,52.21394,-2.18449,9.97,2,355.23,23 / 24,-0.05793784306050154,5.115614294548726,-0.0542526033169514,4.483070826058406,-274.44746157530767,-102.83498491387317,False,59.600000000000364,-8.988552378186785,-0.7149917893839951,115.86315811772,302.1944521422722,9.016944444449901,265.4520000000674,-8.930614535126283,-5.830606083932721,111.3800872916616,576.6419137175799
12839009.0,-2.4349,0.7112,10.44,-0.0066,0.0074,9.8066,0.0201,0.1711,-0.0241,46.82,-82.84,166.34,52.21394,-2.18449,9.97,2,355.23,23 / 24,-0.24617684114877386,5.438774808271739,-0.03160140331691472,4.468017149190023,-273.9250193147172,-102.83923468720155,False,59.699000000000524,-9.036045826397906,-0.5620004043939798,114.96602774255851,302.1504189515644,9.053519444443019,266.4410099999615,-8.789868985249132,-6.000775212665719,110.49801059336849,576.0754382662816
12839110.0,-1.8983,2.8416,9.3721,0.0133,0.0203,9.8066,-0.0703,0.2761,-0.0315,46.62,-83.13,166.92,52.21394,-2.18449,9.97,2,355.23,23 / 24,-0.3405293056324176,5.765843189620668,-0.02156200331685829,4.438388488777406,-273.35918610582047,-102.84191943923658,False,59.80000000000109,-9.042139121110129,-0.44444910447105046,114.05077352142978,302.1166156931681,9.053055555555572,267.1859999999866,-8.701609815477712,-6.210292294091718,109.61238503265237,575.4758017989886
12839210.0,0.6231,-3.3997,9.4557,-0.0284,0.0485,9.8064,-0.048,0.2804,-0.3706,47.53,-83.18,167.45,52.21394,-2.18449,9.97,2,355.23,23 / 24,-0.48064204591513654,5.8392640151333195,-0.060837003316286706,4.397329921200626,-272.7789307455912,-102.84603938956818,False,59.899999999999636,-9.067563100816738,-0.4363394119851561,113.14458122330075,302.08325721589165,9.0780555555551,267.2449999999989,-8.586921054901602,-6.275603427118476,108.74725130210012,574.8621879614828
12839310.0,-0.8242,-0.147,9.7773,-0.0543,0.0503,9.8063,-0.0341,0.2593,-0.3032,42.11,-83.11,164.99,52.21394,-2.18449,9.97,2,355.23,24 / 24,-0.6959461509801425,5.765309736088608,-0.0798520033163558,4.338500511355648,-272.198702058028,-102.85307383989984,False,60.0,-9.056502233718422,-0.3445914881995959,112.24520240107006,302.0498987371999,9.063055555555554,267.821,-8.36055608273828,-6.109901224288204,107.90670188971441,574.248600795228
12839410.0,2.3233,0.3512,8.9634,-0.0326,-0.0054,9.8065,-0.032,0.1733,-0.0826,55.04,-82.91,166.89,52.21394,-2.18449,9.97,2,355.23,24 / 24,-0.7226772133422541,5.748577859388116,-0.12348200331651443,4.267569343139271,-271.62300767825207,-102.86324054023152,False,60.100000000000364,-9.107143883749362,-0.3783586666574882,111.3321966270761,302.00542076679307,9.114999999997165,267.6210000000109,-8.384466670407107,-6.126936526045604,107.06462728393683,573.6284284450451
12839510.0,-0.9519,3.5967,8.6761,0.0348,0.035,9.8065,0.045,0.235,-0.1063,54.47,-82.93,166.46,52.21394,-2.18449,9.97,2,355.23,24 / 24,-0.5902452714124883,5.860751156810594,-0.22217200331687342,4.201923218901295,-271.04254122744004,-102.88052324056325,False,60.20000000000073,-9.061101824596687,-0.32544628276283283,110.43281780484476,301.9720622881007,9.066944444446191,267.9429999999883,-8.470856553184198,-6.186197439573427,106.23089458594346,573.0146035155408
12839610.0,0.2226,0.5616,10.8898,0.028,0.0391,9.8065,0.042,0.1501,-0.2328,55.49,-83.34,165.9,52.21394,-2.18449,9.97,2,355.23,24 / 24,-0.5091086456712445,6.06506514474207,-0.22454200331688204,4.146955523046908,-270.44625041236026,-102.90285894089502,False,60.30000000000109,-9.163922839460202,-0.20027754147902538,109.51981203078488,301.9609427963815,9.16611111110931,268.7479999999853,-8.654814193788958,-6.265342686221095,105.37285650773796,572.4071932087418
12839710.0,0.3766,1.8138,9.5414,-0.0319,0.014,9.8066,-0.0973,-0.1432,-0.1343,58.64,-83.25,164.85,52.21394,-2.18449,9.97,2,355.23,24 / 24,-0.4573808749865795,6.159637988618334,-0.18364700331747713,4.09863104701472,-269.83501525570114,-102.92326839122644,False,60.399999999999636,-9.139914098754094,-0.23965633598776778,108.60680625671398,301.93870381082337,9.143055555555975,268.49800000000454,-8.682533223767514,-6.399294324606101,104.50817520969926,571.7737190665246
12839810.0,-0.366,1.1103,9.1118,0.0176,-0.0329,9.8065,-0.0052,0.0343,0.1233,49.57,-83.22,162.36,52.21394,-2.18449,9.97,2,355.23,24 / 24,-0.4073629130038545,6.293829222216073,-0.2316520033176517,4.055393857615042,-269.2123418951571,-102.94403334155828,False,60.5,-9.093198427436448,-0.2301732064040605,107.70742743448315,301.916464825972,9.096111111111112,268.55,-8.685835514432593,-6.5240024286201335,103.6520335768681,571.1288067211292
12839909.0,0.3551,0.9524,10.7781,-0.0234,-0.0377,9.8065,-0.0182,-0.1223,0.022,51.53,-83.08,163.65,52.21394,-2.18449,9.97,2,355.23,24 / 24,-0.39971126485525776,6.407332024100774,-0.21796030331762947,4.0154436858109515,-268.5836344134634,-102.96628915073677,False,60.59900000000016,-9.106569723060113,-0.28279444670536624,106.81029705941303,301.8834399320697,9.11096111111027,268.22132000001864,-8.706858458204856,-6.69012647080614,102.79485337360208,570.4670743455331
12840010.0,0.1919,3.2101,8.2396,-0.0569,-0.0587,9.8063,-0.1233,-0.301,0.0342,48.68,-82.52,161.98,52.21394,-2.18449,9.97,2,355.23,24 / 24,-0.29482071234240803,6.571886885281354,-0.24803810331779844,3.9803698209622724,-267.92818385853593,-102.989822070272,False,60.70000000000073,-9.064989854640636,-0.33319022406435556,105.90185631422682,301.8497478700056,9.071111111112565,267.89500000001175,-8.770169142298228,-6.90507710934571,101.92148649326455,569.7779317285415
12840109.0,1.0169,3.2444,9.2568,0.0192,0.0514,9.8065,0.19,0.2187,-0.3002,45.52,-82.72,161.66,52.21394,-2.18449,9.97,2,355.23,24 / 24,-0.09240941232384484,6.790454053894341,-0.35282465331796786,3.9612019297912617,-267.2667479820457,-103.01956477672552,False,60.79900000000089,-8.976258716157286,-0.4152171568038221,105.02496196255817,301.8057146785999,8.985861111112865,267.3514900000112,-8.883849303833442,-7.2056712106981635,101.06376003276691,569.0724626606456
12840209.0,-0.4859,4.6415,6.3895,-0.03,-0.0743,9.8062,-0.1021,-0.1057,0.0027,43.22,-82.35,159.6,52.21394,-2.18449,9.97,2,355.23,24 / 24,0.12433224188935638,7.09465868359748,-0.5511746533186894,3.962798071269543,-266.57249234516854,-103.06476474205752,False,60.89900000000125,-9.030123379763278,-0.43406640932759105,104.12571940984643,301.7612367081827,9.040549999999879,267.24799000000024,-9.154455621652634,-7.528725092925071,100.16292133857688,568.3337290533512
12840310.0,-0.4676,0.7903,9.1801,0.0605,0.1106,9.8058,-0.1578,-0.0575,0.1326,44.57,-82.15,158.56,52.21394,-2.18449,9.97,2,355.23,24 / 24,0.20119385807795923,7.368120395195364,-0.755381503316159,3.979237139317689,-265.84212200169856,-103.13074582796676,False,61.0,-9.020870770134401,-0.3601078487513389,103.21734679943519,301.727433451202,9.028055555555556,267.714,-9.22206462821236,-7.7282282439467025,99.2381096601175,567.5695554529005
12840409.0,1.6284,-0.6788,11.5636,0.0248,0.0125,9.8065,-0.2067,-0.5694,0.3672,38.13,-82.67,157.8,52.21394,-2.18449,9.97,2,355.23,23 / 23,0.17779683887042202,7.372622558781265,-0.6994267033160686,3.997997178816664,-265.1124552254755,-103.20275883419518,False,61.09900000000016,-9.002636198067613,-0.3945962561821912,102.33370710667558,301.6834002590988,9.011280555556505,267.49026000001265,-9.180433036938036,-7.767218814963456,98.33570992785891,566.7958554845743
12840510.0,0.6498,6.7584,8.1491,0.0246,0.1053,9.806,-0.2522,-0.3693,0.3336,45.7,-82.93,159.21,52.21394,-2.18449,9.97,2,355.23,23 / 23,0.41034422004117727,7.547845466912269,-0.6944070033160403,4.027698302291866,-264.3589715901738,-103.2731474363805,False,61.20000000000073,-8.980237876081029,-0.515123954995007,101.43221610689588,301.6273580165453,8.995000000000585,266.717000000028,-9.390582096122206,-8.062969421907276,97.40451780460401,565.9863296067191
12840610.0,-0.4513,-0.6048,10.7126,0.0194,0.0531,9.8065,0.0558,-0.3819,0.1911,42.26,-82.79,157.51,52.21394,-2.18449,9.97,2,355.23,23 / 23,0.5617397702135111,7.793931998778419,-0.7319870033161769,4.076302501804777,-263.59188271688646,-103.34446713671237,False,61.30000000000109,-9.043538157841535,-0.5271484505123906,100.53283728466553,301.5828800461348,9.058888888887726,266.66400000000095,-9.605277928055047,-8.32108044929081,96.45653478286076,565.1747627630212
12840710.0,-1.4602,3.9363,9.6469,-0.0271,0.0528,9.8064,-0.0262,-0.3816,0.3757,42.96,-82.37,157.59,52.21394,-2.18449,9.97,2,355.23,23 / 23,0.5283123016322847,8.019238891135384,-0.6946770033167198,4.130805105396274,-262.80122417240227,-103.41580033704298,False,61.399999999999636,-8.824259816314209,-0.6213859383458845,99.66071236619122,301.51616308946024,8.84611111111498,265.97200000001254,-9.352572117946494,-8.640624829481268,95.52990726079494,564.3173872618625
12840810.0,0.5465,-1.9722,9.1995,-0.0213,0.0434,9.8065,0.1115,-0.095,0.1278,39.08,-82.37,159.42,52.21394,-2.18449,9.97,2,355.23,23 / 23,0.48996731780104386,8.155803973793246,-0.7330220033168592,4.181719086368126,-261.9924720291529,-103.48718528737491,False,61.5,-9.09095656664423,-0.5251364311199151,98.74770659213158,301.47168511904977,9.10611111111111,266.694,-9.580923884445275,-8.68094040491316,94.56598750576345,563.4641571482027
12840910.0,0.4569,3.3313,9.3623,-0.0022,0.0097,9.8066,-0.051,-0.4081,0.1937,42.75,-82.32,159.18,52.21394,-2.18449,9.97,2,355.23,23 / 23,0.5006947091204879,8.205242852445094,-0.7855970033170504,4.231252187714383,-261.174419687838,-103.56311623770688,False,61.600000000000364,-8.867959965884236,-0.8954581956037289,97.87558167367824,301.3604901926789,8.913055555566093,264.2340000001343,-9.368654675004723,-9.100701048048823,93.64432948596385,562.5349098805169
12841010.0,2.0959,-1.9304,9.4202,-0.0217,0.0448,9.8065,0.0254,0.0802,0.0309,41.81,-82.44,160.33,52.21394,-2.18449,9.97,2,355.23,23 / 23,0.5669909435782634,8.208520062591642,-0.8271370033172015,4.284636470349515,-260.35373154208315,-103.64375293803889,False,61.70000000000073,-8.840157190240623,-1.1613174404577844,96.99664327921984,301.23817577246024,8.916111111110999,262.51600000006255,-9.407148133818886,-9.369837503049427,92.71200680887033,561.5919073145434
12841109.0,-0.5309,-0.4552,9.1357,0.0065,0.0118,9.8066,-0.0204,-0.1888,0.084,47.73,-82.38,159.94,52.21394,-2.18449,9.97,2,355.23,23 / 23,0.47154856563741704,8.113553597210059,-0.8794783033172862,4.336044176055774,-259.54578889592165,-103.72823039571743,False,61.79900000000089,-9.004198071525675,-0.9065573834224803,96.10625824524092,301.15010939104724,9.049761111108362,264.2504799999643,-9.475746637163091,-9.02011098063254,91.77021406918514,560.6958982869689
12841209.0,2.0835,-0.6479,9.8851,0.0138,0.0276,9.8066,-0.1003,0.283,-0.08,48.42,-82.51,160.34,52.21394,-2.18449,9.97,2,355.23,23 / 23,0.4087078502254199,8.064349870071448,-0.9091033033173939,4.380056996849076,-258.7368937225546,-103.81765947604949,False,61.89900000000125,-9.011447044365447,-0.8551872107403626,95.21362476419306,301.0721617477283,9.05193611111111,264.5788599999993,-9.420154894590867,-8.91953708081181,90.83356776734398,559.8090554702828
12841309.0,1.1883,-0.146,9.1888,0.0,-0.0044,9.8066,-0.0218,0.1586,-0.0487,48.04,-82.66,160.3,52.21394,-2.18449,9.97,2,355.23,24 / 25,0.4149846697464695,7.9619477031616235,-0.9360733033170013,4.421241622847071,-257.93557884390464,-103.90991830637986,False,61.998999999999796,-8.873492552922261,-1.1368399836527034,94.33455010023197,300.9282755122271,8.946069444444676,262.69902000000417,-9.288477222668732,-9.098787686814326,89.91330847738489,558.8638543561317
12841410.0,-0.4871,0.0265,10.5133,-0.0252,-0.0106,9.8065,0.1069,-0.1437,0.1385,42.54,-82.49,160.63,52.21406,-2.185326,9.04,3,267.45,24 / 25,0.3565473673371448,7.97267046656741,-0.9315889033169761,4.460203990720013,-257.1308806263288,-104.00423524781542,False,62.100000000000364,-8.911653289224535,-0.994247616232445,93.44000884600347,300.837874036655,8.966944444443246,263.63399999994795,-9.26820065656168,-8.966918082799856,88.97980485528345,557.9687546629839
12841510.0,0.372,-2.712,9.1741,-0.001,-0.0133,9.8065,-0.1784,0.1419,-0.0691,42.21,-82.38,160.53,52.21406,-2.185326,9.04,3,267.45,24 / 25,0.18492603970871951,7.915585916710788,-0.9278839033169626,4.4872776610724046,-256.336467807162,-104.09720888814745,False,62.20000000000073,-8.70732928665449,-0.9016581241894767,92.57469740340048,300.7489180958348,8.753888888896638,264.0879999999835,-8.892255326363209,-8.817244040900265,88.08741974232808,557.0853859029969
12841610.0,1.2929,0.8569,7.9144,0.0001,-0.0094,9.8066,-0.1072,-0.1987,0.1966,42.02,-82.46,160.52,52.21406,-2.185326,9.04,3,267.45,24 / 25,0.10688557909854536,7.829265063245569,-1.054123903317422,4.501868242012821,-255.54922525816133,-104.19630927847953,False,62.30000000000109,-9.037785768419816,-0.8422285031820398,91.66169162934183,300.6710816474399,9.076944444438569,264.6759999999893,-9.144671347518361,-8.671493566427609,87.15982338732901,556.2203069056012
12841710.0,1.0645,-2.0174,10.5332,-0.0547,-0.0269,9.8064,-0.1214,0.1963,0.0104,46.14,-82.69,162.47,52.21406,-2.185326,9.04,3,267.45,24 / 25,0.07171936887009699,7.750214082659766,-1.1124089033165736,4.5107984894111235,-254.7702513008774,-104.30463591880965,False,62.399999999999636,-8.720595662269869,-0.4663374654975861,90.79638018678192,300.637723168748,8.73305555556181,266.93899999995887,-8.792315031139966,-8.216551548157351,86.28558169737079,555.4079744696254
12841810.0,1.1243,0.9904,7.0367,-0.0284,-0.0522,9.8064,-0.2641,0.0085,0.0309,43.18,-82.44,163.63,52.21406,-2.185326,9.04,3,267.45,24 / 25,0.03511806738216169,7.681029047862031,-1.2145789033169452,4.516140361223756,-253.9986891443485,-104.42098530914176,False,62.5,-8.964494658895399,-0.7860259189134616,89.89018788863717,300.5487672279288,8.998888888888889,264.98900000000003,-8.99961272627756,-8.467054966775493,85.37404752741341,554.5474563722773
12841909.0,-2.4739,0.8831,9.8533,-0.0183,0.0391,9.8065,0.128,0.2762,-0.2449,43.48,-82.39,163.79,52.21406,-2.185326,9.04,3,267.45,24 / 25,-0.025359672941500523,7.83396967753538,-1.349382253317163,4.51662340174857,-253.2306967074401,-104.54790138639535,False,62.59900000000016,-9.037001804517084,-0.7033911207039413,88.99980285469549,300.4827174415246,9.064338888885185,265.5493399999683,-9.011642131575584,-8.537360798239321,84.48317945294691,553.7134141489647
12842010.0,-0.1235,2.5514,8.7216,-0.0018,-0.0168,9.8066,-0.0774,0.1053,-0.0182,41.64,-82.57,164.78,52.21406,-2.185326,9.04,3,267.45,24 / 25,-0.08225813002473253,8.091767411015677,-1.4018214533174576,4.511188702698744,-252.42644698446375,-104.68683717358118,False,62.70000000000073,-9.092993769570485,-0.7156341298104987,88.07780329241237,300.4042138235709,9.12111111110907,265.500000000002,-9.010735639545754,-8.807401540826175,83.56661458971362,552.8306608080346
12842110.0,-1.0928,0.8037,9.0822,0.0237,0.073,9.8063,0.1324,0.2861,-0.214,44.16,-83.16,165.91,52.21406,-2.185326,9.04,3,267.45,24 / 25,-0.09018517730555542,8.297205328130545,-1.4922964533177867,4.502566537332198,-251.60699834750346,-104.83154306891348,False,62.80000000000109,-9.209377111962478,-0.7516469980127954,87.14435709055383,300.33749686760166,9.239999999997838,265.334000000003,-9.119191934656923,-9.04885232614334,82.64179055322163,551.9444952151051
12842210.0,-0.2588,-3.4235,10.9288,0.0052,0.0187,9.8065,0.1691,0.2018,-0.1777,43.87,-83.06,165.19,52.21406,-2.185326,9.04,3,267.45,24 / 25,-0.3054608585747256,8.290266263399301,-1.4724114533180759,4.482784235538472,-250.77762476793905,-104.97977846424311,False,62.899999999999636,-9.174388466140245,-0.7500808438859007,86.23135131650966,300.2596604185015,9.205000000000638,265.3260000000002,-8.868927607565519,-9.040347107285202,81.74856708097118,551.0372851864405
12842310.0,1.7923,1.5156,9.2413,0.0102,0.047,9.8065,-0.0558,0.2942,-0.1795,49.51,-83.08,166.2,52.21406,-2.185326,9.04,3,267.45,25 / 26,-0.3916455046819034,8.20093886575573,-1.4445714533179745,4.447928917375513,-249.9530645114783,-105.12562760957545,False,63.0,-9.356191098250383,-0.7728358475238002,85.29109163873595,300.18182397081426,9.388055555555555,265.278,-8.964545593568479,-8.973774713279528,80.84316272136044,550.1348884822926
12842410.0,1.6594,-1.3841,10.2903,-0.0027,0.0382,9.8065,0.0778,0.3655,-0.1942,49.75,-83.14,165.15,52.21406,-2.185326,9.04,3,267.45,25 / 26,-0.3468133120195692,8.121803588368913,-1.4486564533179893,4.411005976540306,-249.1369273887691,-105.27028900490777,False,63.100000000000364,-9.228900607108306,-0.7200097442251577,84.37808586474199,300.1039875210108,9.2569444444516,265.5389999999857,-8.882087295088738,-8.84181333259407,79.96707988820168,549.2409149097799
12842510.0,-0.4792,1.1309,10.3644,-0.0187,-0.0059,9.8066,-0.0427,0.0216,0.0691,49.7,-82.95,164.42,52.21406,-2.185326,9.04,3,267.45,25 / 26,-0.3900943742070251,8.116582441379048,-1.3965864533177998,4.374160592228842,-248.32500808727875,-105.41255115024008,False,63.20000000000073,-9.322105206260725,-0.7359575637822496,83.4446396628838,300.03727056504135,9.351111111107684,265.4860000000019,-8.932010832053699,-8.852540005161298,79.07047907065495,548.3622786523201
12842610.0,1.12,-3.2041,9.6097,-0.0274,0.0264,9.8065,-0.028,0.4007,-0.2819,48.94,-82.79,165.25,52.21406,-2.185326,9.04,3,267.45,25 / 26,-0.5185151430891103,8.071436928271913,-1.378546453317734,4.32873011636387,-247.51560711879324,-105.55130779557236,False,63.30000000000109,-9.44181098873058,-0.7444131460804729,82.49756650919518,299.9594341173546,9.471111111108927,265.4919999999999,-8.92329584564147,-8.815850074352387,78.16883639283131,547.4750412361478
12842711.0,-0.0981,3.0009,9.4025,0.0011,0.002,9.8066,0.1121,-0.2085,0.0721,48.07,-82.67,163.94,52.21406,-2.185326,9.04,3,267.45,25 / 26,-0.5673647972721636,8.074356864542272,-1.4089020033173578,4.273893179376305,-246.70024453226623,-105.69207394263069,False,63.40099999999984,-9.238444118207775,-0.8726145674457708,81.56834466243005,299.85858031821175,9.279563888886475,264.6041499999998,-8.671079320935611,-8.946971431988043,77.29445148305375,546.558824850478
12842810.0,-0.4733,1.6885,10.0331,-0.0087,0.0255,9.8066,-0.0099,0.1898,-0.0852,50.85,-82.54,164.63,52.21406,-2.185326,9.04,3,267.45,25 / 26,-0.48125265931110045,8.295318385990686,-1.417698153317372,4.22198661527535,-245.88994560736353,-105.83199065038433,False,63.5,-9.387336882144854,-0.8842239196805791,80.6374875814623,299.78152223430135,9.42888888888889,264.619,-8.906084222833753,-9.179542305671266,76.41550096618694,545.6714678416649
12842910.0,-1.2055,3.4131,10.3671,0.0228,0.001,9.8066,0.011,-0.2716,0.1491,46.19,-82.63,164.09,52.21406,-2.185326,9.04,3,267.45,25 / 26,-0.4219289151822795,8.575024651065,-1.3783531533172289,4.176827536550516,-245.04642845550768,-105.97179321571656,False,63.600000000000364,-9.51775537494934,-0.770461961970025,79.6836009518735,299.70368578520515,9.54888888888234,265.3719999999589,-9.09582645976706,-9.345486613035025,75.50677341532298,544.7501142407128
12843010.0,-0.6238,0.0988,8.9172,-0.0194,0.0011,9.8066,-0.0571,0.0375,-0.0525,43.04,-82.77,163.72,52.21406,-2.185326,9.04,3,267.45,25 / 26,-0.4355863146814247,8.80293928771675,-1.3948031533172887,4.1339517750571755,-244.17753025856544,-106.11045103104878,False,63.70000000000073,-9.471363059774701,-0.8686290104884861,78.73652779818401,299.6147298436782,9.511111111112486,264.7600000000223,-9.035776745093276,-9.671568298205237,74.60257602312684,543.7922601022436
12843110.0,-1.5763,-2.1316,9.1739,0.0034,-0.0162,9.8065,0.1862,-0.195,0.0545,43.18,-82.59,163.53,52.21406,-2.185326,9.04,3,267.45,25 / 26,-0.6621626319310127,8.843444991082373,-1.4709131533175654,4.079064327726354,-243.29521104462228,-106.25373684638105,False,63.80000000000109,-9.472808249914092,-0.935494275433624,77.79626812040956,299.52577390285796,9.518888888888746,264.3600000000073,-8.810645617983079,-9.778939266515998,73.71720379268321,542.8209849474803
12843210.0,0.151,0.3234,9.5241,0.0013,-0.011,9.8066,0.0099,-0.0498,0.0395,43.13,-82.4,163.16,52.21406,-2.185326,9.04,3,267.45,25 / 26,-0.7248109986423252,7.5358894863613575,-1.2891764303193645,4.009715646198696,-242.47624432076202,-106.39174132556089,False,63.899999999999636,-9.525436631092067,-0.765059837487986,76.84919496671071,299.4479374537574,9.556111111110434,265.407999999981,-8.80062563244974,-8.300949323849343,72.83947932051201,541.9241817745194
12843310.0,-1.0441,-0.8236,9.1469,0.046,0.0111,9.8065,0.0922,-0.1388,0.0823,42.86,-82.79,161.69,52.21406,-2.185326,9.04,3,267.45,24 / 25,-0.8513506840156844,7.587093404547673,-1.3362914303195357,3.930907562065509,-241.72009517621382,-106.5230147185933,False,64.0,-9.764889861714833,-0.6270175345067038,75.8680544334206,299.40345948263933,9.785,266.326,-8.913539177699148,-8.214110939054377,71.93714687135508,541.1235546588532
12843411.0,-2.1208,0.8067,10.407,0.0017,-0.0106,9.8066,0.089,-0.0909,0.0476,43.54,-82.69,162.08,52.21406,-2.185326,9.04,3,267.45,24 / 25,-1.0453160527802154,7.735688654227266,-1.3392911303195525,3.835125891856778,-240.94629468224133,-106.65813163790634,False,64.10100000000057,-9.639535488083816,-0.6163086353077449,74.90469707231946,299.33574177234453,9.659261111114983,266.3416100000911,-8.5942194353036,-8.35199728953501,71.06957118046269,540.2820364545859
12843510.0,0.1994,1.9979,9.1535,0.0362,0.0005,9.8065,-0.0324,-0.2079,0.1011,44.36,-82.57,162.53,52.21406,-2.185326,9.04,3,267.45,24 / 25,-1.0931044537126597,7.940865931513461,-1.3419047303195566,3.7292740767852095,-240.1703052302459,-106.7908508330082,False,64.20000000000073,-9.543881932985766,-0.898801359502873,73.96709465014233,299.2366670934313,9.586111111113798,264.62000000006327,-8.450777479273107,-8.839667291016333,70.23782057335711,539.4069723236772
12843610.0,-1.3557,-0.3412,10.6534,0.0359,0.0206,9.8065,0.0579,-0.0681,-0.0017,41.91,-82.96,161.2,52.21406,-2.185326,9.04,3,267.45,24 / 25,-1.1546867347011744,8.07731679613827,-1.3322247303195214,3.616884517364109,-239.3693960938604,-106.92455730604064,False,64.30000000000109,-9.670380179462246,-0.7819675106479806,72.99958106865505,299.1699501374612,9.701944444442338,265.37699999998625,-8.515693444761071,-8.85928430678625,69.38269655129093,538.5393462313216
12843710.0,-0.0251,-0.8743,10.688,-0.0112,-0.0212,9.8066,-0.0866,-0.1749,0.0986,41.55,-82.98,161.24,52.21406,-2.185326,9.04,3,267.45,24 / 25,-1.324135238707929,8.11554999306859,-1.2458197303207788,3.4929434186954573,-238.55975275441182,-107.05345952907078,False,64.39999999999964,-9.546520508052188,-0.7122772347456384,72.0525079149828,299.10323318149364,9.5730555555579,265.7329999999935,-8.222385269344258,-8.827827227814229,68.55956449628734,537.6629859359055
12843810.0,1.0519,-0.7996,9.8762,0.0156,0.0059,9.8066,0.0048,0.0347,0.0309,41.46,-83.02,160.94,52.21406,-2.185326,9.04,3,267.45,24 / 25,-1.2061034166902105,6.847694734156623,-1.0185335207725148,3.36643148592509,-237.81159051804784,-107.16667719162585,False,64.5,-9.72555709857997,-0.7819872212741571,71.08499433352225,299.01427723996653,9.756944444444445,265.403,-8.51945368188976,-7.62968195543078,67.71856284759716,536.8258677580144
12843910.0,0.7433,0.1618,10.0703,-0.0085,-0.0284,9.8066,-0.0593,-0.2279,0.09,39.23,-82.89,160.95,52.21406,-2.185326,9.04,3,267.45,24 / 25,-1.2377971395508789,6.801311465216065,-1.001873520772454,3.244236458112591,-237.1291402080767,-107.26769754370346,False,64.60000000000036,-9.45895526671318,-0.8265532424412692,70.14473465581646,298.9364407908704,9.495000000014294,265.00600000002163,-8.221158127162301,-7.627864707657334,66.90049819770387,536.0655809989471
12844010.0,0.0097,3.6339,8.0166,0.006,-0.0194,9.8066,-0.1336,-0.3261,0.2242,43.2,-82.88,160.52,52.21406,-2.185326,9.04,3,267.45,24 / 25,-1.157121300904631,6.9530042273578685,-1.0781935207727316,3.1244905360893798,-236.4414244234455,-107.3717008957811,False,64.70000000000073,-9.668215178282768,-0.7707534919096566,69.18403455027155,298.8586043431832,9.69888888888147,265.44199999998415,-8.511093877378137,-7.723757719267525,66.05954401418217,535.3000287666287
12844110.0,-0.5054,0.1479,9.8223,-0.0275,-0.0714,9.8063,-0.1163,-0.1523,0.215,44.12,-83.11,161.98,52.21406,-2.185326,9.04,3,267.45,24 / 25,-1.1217451038131598,7.148150744429171,-1.1669135207730543,3.0105472158530757,-235.7363666748536,-107.4839562478588,False,64.80000000000109,-9.613789611551962,-0.7507128294934351,68.23014792061312,298.769648401656,9.643055555556572,265.5349999999983,-8.492044507738802,-7.898863573922606,65.21960070476004,534.5060150765096
12844210.0,-0.9625,2.0861,8.7679,0.0013,-0.0448,9.8064,-0.2347,-0.2341,0.1642,43.91,-82.82,160.97,52.21406,-2.185326,9.04,3,267.45,24 / 25,-1.1731857791825986,7.320173394402735,-1.2180685207723099,2.895800671704958,-235.01295046792254,-107.60320534993433,False,64.89999999999964,-9.503287932050931,-0.7277344934243789,67.2830747669411,298.702931445688,9.531111111113146,265.6209999999984,-8.330102152868331,-8.047907887827114,64.38727409523614,533.7158819136106
12844310.0,1.1458,-2.9918,11.3489,-0.0102,-0.0565,9.8065,-0.1923,-0.275,0.1629,44.36,-83.29,160.64,52.21406,-2.185326,9.04,3,267.45,25 / 25,-1.2751758956160413,7.322448191021279,-1.1928935207722182,2.7733825879645804,-234.28081938864867,-107.72375345201199,False,65.0,-9.642635218486717,-0.8838274351789247,66.32918813733721,298.6139755041609,9.683055555555557,264.763,-8.367459322870676,-8.206275626200204,63.55580554937263,532.8947948928096
12844410.0,-0.9578,2.6299,8.7722,-0.001,-0.0588,9.8065,-0.0926,-0.3358,0.3106,39.03,-83.18,159.25,52.21406,-2.185326,9.04,3,267.45,25 / 25,-1.3708123991320729,7.345193570770294,-1.1675035207721258,2.6410831732266935,-233.54743730055642,-107.84177330408964,False,65.10000000000036,-9.61379614335446,-0.8478616591572465,65.368488031834,298.52501956263984,9.651111111112854,264.95999999998924,-8.242983744222387,-8.193055229927541,62.727404858607315,532.0724568631963
12844510.0,0.4928,-0.9982,9.5672,-0.0254,-0.0467,9.8065,-0.1136,0.0088,0.0505,41.34,-83.37,161.37,52.21406,-2.185326,9.04,3,267.45,25 / 25,-1.4183169833927962,7.459170045058164,-1.2311985207723575,2.5016267040999427,-232.80721911976232,-107.9617084061673,False,65.20000000000073,-9.603787439310599,-0.8120232216657383,64.41460140222962,298.44718311424475,9.638055555556031,265.1669999999925,-8.185470455917804,-8.271193266723902,61.91297469812968,531.2544022340071
12844610.0,-1.0364,3.0668,8.5712,-0.0145,-0.0589,9.8064,-0.1813,-0.3294,0.2136,46.25,-83.04,160.17,52.21406,-2.185326,9.04,3,267.45,25 / 25,-1.4340520111221793,7.589163498774603,-1.3049435207726257,2.3590082543736752,-232.05480244256793,-108.08851550824501,False,65.30000000000109,-9.611957857002134,-0.7976786039580698,63.4607147726256,298.36934666585023,9.644999999999873,265.2559999999984,-8.177905845879954,-8.386842102732674,61.10170651825192,530.4241491084182
12844710.0,-0.3743,-3.0339,10.3807,-0.0065,-0.0375,9.8066,-0.1198,-0.076,0.0508,40.68,-83.22,160.91,52.21406,-2.185326,9.04,3,267.45,25 / 25,-1.5486031801926092,7.669614208333844,-1.3380135207721444,2.209875494810106,-231.29186355722362,-108.22066336032033,False,65.39999999999964,-9.500102395382934,-0.8500342688037373,62.520455094841154,298.2803907243245,9.538055555557502,264.8870000000067,-7.951499215190324,-8.519648477137581,60.31057960003105,529.5722542815481
12844809.0,-0.7223,4.2576,10.8352,0.061,-0.048,9.8063,-0.0796,-0.4239,0.295,41.92,-83.36,158.78,52.21406,-2.185326,9.04,3,267.45,25 / 25,-1.6235169522648978,7.785083037476071,-1.258684820772016,2.0528555482532056,-230.5268560435548,-108.34919992822698,False,65.4989999999998,-9.568084653461515,-0.7879954089652395,61.57610733150852,298.2033326404139,9.600480555555418,265.2919099999991,-7.944567701196617,-8.573078446441311,59.52325178325531,528.7301886839687
12844910.0,-0.4523,-0.9526,9.6946,-0.0187,-0.0075,9.8066,-0.167,0.2788,-0.0574,40.86,-83.59,160.04,52.21406,-2.185326,9.04,3,267.45,25 / 25,-1.6344300357734127,7.985437512200426,-1.212401570771756,1.8883292253563464,-229.73044475579167,-108.47398979100065,False,65.60000000000036,-9.551257305389946,-0.7159833179395176,60.6194953115901,298.1247178268336,9.578055555556814,265.7129999999773,-7.916827269616533,-8.701420830139943,58.731166086233756,527.8551625826253
12845010.0,-0.3571,-0.4779,8.6783,-0.0089,-0.0171,9.8066,-0.1086,-0.0668,0.0589,45.0,-83.56,159.95,52.21406,-2.185326,9.04,3,267.45,25 / 25,-1.7890365897017506,7.999065864313042,-1.2744215707719815,1.7171558940819656,-228.9312195869631,-108.59833094807829,False,65.70000000000073,-9.563194885442847,-0.7941360335717488,59.66560868195936,298.04688137843914,9.596111111110453,265.2530000000167,-7.774158295741096,-8.79320189788479,57.9484527878774,526.9781009654023
12845110.0,0.3132,-2.6281,11.7759,0.0236,-0.0067,9.8066,0.1931,0.3471,-0.1442,43.14,-83.57,160.11,52.21406,-2.185326,9.04,3,267.45,25 / 25,-1.973050666502932,7.928871759683614,-1.2323765707718284,1.529051531271047,-228.13482270576037,-108.72367085515593,False,65.80000000000109,-9.603375139599137,-0.8521791976477394,58.71172205235534,297.9579254369119,9.641111111110291,264.92900000000594,-7.630324473096206,-8.781050957331352,57.1826705210843,526.0927481426722
12845209.0,2.1999,-4.3825,10.1439,0.0148,0.0335,9.8065,0.1395,0.4119,-0.3295,44.25,-83.55,159.32,52.21406,-2.185326,9.04,3,267.45,25 / 25,-2.1996389890907513,7.631741455905992,-1.1182048207716437,1.3225033933188257,-227.36457235158744,-108.84002463403752,False,65.89900000000125,-9.561040496505099,-0.7261801686895675,57.77411963017808,297.8918756505026,9.588586111111228,265.65664999999836,-7.361401507414348,-8.357921624595559,56.45161623685925,525.25644800209
12845311.0,-2.3736,4.6485,10.0129,-0.0429,0.1198,9.8058,-0.1086,0.0603,-0.2909,38.41,-83.52,157.67,52.21406,-2.185326,9.04,3,267.45,23 / 25,-2.3021902504076523,7.692012120216992,-1.0904863207719284,1.0929101021067655,-226.5830609192132,-108.95266788225508,False,66.0010000000002,-9.556386092353815,-0.7724624429253842,56.80129153751398,297.8125936680585,9.587555555555483,265.37872000000027,-7.254195841946163,-8.464474563142376,55.70838143540722,524.3956545872718
12845410.0,0.4763,-3.0344,10.0767,-0.008,0.0868,9.8063,0.1271,0.7323,-0.1121,42.37,-84.22,163.77,52.21406,-2.185326,9.04,3,267.45,23 / 25,-2.412802136435916,7.853781989176103,-1.0669094707718902,0.8595179789576315,-225.813544110797,-109.05945897393667,False,66.10000000000036,-9.509289431136553,-0.7402150334807133,55.86368911540506,297.7355355834535,9.538055555558286,265.54899999999066,-7.096487294700637,-8.593997022656817,55.004171136447425,523.5490796942505
12845509.0,-5.0288,9.1437,11.4391,-0.0044,-0.0055,9.8066,0.0222,0.3111,0.2051,49.06,-84.28,166.23,52.21406,-2.185326,9.04,3,267.45,23 / 25,-2.3918208471710356,8.253883590475771,-0.9727357207717379,0.6216891412687029,-225.01621466460296,-109.16042141091825,False,66.19900000000052,-9.630461777755464,-0.7776148074485841,54.91934135207254,297.65847749954304,9.661805555550735,265.3836700000064,-7.238640930584428,-9.031498397924356,54.29765221080384,522.674692164146
12845610.0,1.0865,-2.2463,9.3322,-0.161,0.1478,9.8041,-0.3355,0.9904,-0.9347,58.7,-84.12,171.01,52.21406,-2.185326,9.04,3,267.45,23 / 25,-2.3463143691598964,8.695861258931565,-0.9142567207714092,0.38241331284264635,-224.16025254970307,-109.25571452921672,False,66.30000000000109,-9.532801283292732,-0.8206014912751379,53.96272933208497,297.5687431942391,9.568055555557283,265.0800000000055,-7.186486914132836,-9.516462750206703,53.580316019242325,521.7289957439422
12845710.0,-4.6933,4.9984,13.1034,0.0379,0.1073,9.8059,0.545,0.0364,-0.0224,45.99,-84.0,165.03,52.21406,-2.185326,9.04,3,267.45,23 / 25,-2.4663583578772563,8.98439450658279,-0.7731417207734625,0.14177967649429038,-223.27623976144022,-109.34008445129274,False,66.39999999999964,-9.533394998061414,-0.7769200801489332,53.01565617841308,297.49090674513855,9.565000000000055,265.34099999999523,-7.067036640184158,-9.761314586731723,52.873876501918794,520.7671465065788
12845809.0,3.7213,-3.8593,10.5997,-0.0795,0.0868,9.8059,0.272,0.5737,-0.6303,52.51,-84.06,170.95,52.21406,-2.185326,9.04,3,267.45,23 / 25,-2.560544890469129,9.107786248506995,-0.5706966207731351,-0.10705203429925803,-222.38067681406184,-109.4066044491994,False,66.4989999999998,-9.519053890718679,-0.7457912933986438,52.07805375623593,297.41384866122814,9.548225000000038,265.5201899999996,-6.95850900024955,-9.85357754190564,52.18510579053519,519.79452547529
12845909.0,0.0013,4.6685,5.8512,0.0731,0.1183,9.8056,0.3084,0.156,-0.1569,45.38,-83.59,165.91,52.21406,-2.185326,9.04,3,267.45,23 / 25,-2.5064231693056227,9.053521662976609,-0.7288166207737102,-0.3604004372889173,-221.47261141848435,-109.47158011127698,False,66.59900000000016,-9.59766230865923,-0.729288376157133,51.12423526145952,297.34702051033986,9.625330555551182,265.6546599999925,-7.091239139353607,-9.782810039133741,51.484635698748434,518.8196319288243
12846010.0,1.4311,-2.1107,10.1108,0.0196,0.1107,9.8059,0.0331,0.4022,-0.5211,49.3,-84.16,166.53,52.21406,-2.185326,9.04,3,267.45,23 / 25,-2.4465759501680395,9.140145115785817,-0.9132072707747463,-0.6105268928237427,-220.55383124615167,-109.55450231780064,False,66.70000000000073,-9.534542298832003,-0.810023283445701,50.16762324147278,297.2573973985464,9.568888888890971,265.14400000001865,-7.087966348663963,-9.950168399231519,50.778150134296524,517.8112286446981
12846110.0,0.8223,2.4653,9.1843,-0.0256,0.0264,9.8065,-0.111,0.1718,-0.0709,43.68,-83.94,164.16,52.21406,-2.185326,9.04,3,267.45,23 / 25,-2.4392616135025635,9.121626409182358,-0.9291172707748041,-0.8548187710081616,-219.64074266989994,-109.64661854487845,False,66.80000000000109,-9.48630246667707,-0.7129456597961009,49.22736356367124,297.1795609501515,9.513055555556571,265.7019999999898,-7.047040853174507,-9.83457206897846,50.0821823346794,516.8203036200514
12846210.0,1.5993,0.2184,6.9204,-0.0294,0.0186,9.8066,-0.2037,-0.2019,-0.0958,46.05,-83.88,164.89,52.21406,-2.185326,9.04,3,267.45,23 / 25,-2.3365253324224464,9.174102987815312,-1.1045472707722512,-1.0936081183009372,-218.72595620006337,-109.74830177195432,False,66.89999999999964,-9.532677844452978,-0.7073965676922952,48.280290409972395,297.11284399418366,9.558888888888056,265.755999999999,-7.196152512030531,-9.881499555507608,49.37389852827333,515.838800194247
12846310.0,-0.8878,-3.3266,12.1707,-0.0809,-0.0481,9.8062,-0.0421,-0.0077,-0.1483,42.58,-83.93,163.5,52.21406,-2.185326,9.04,3,267.45,24 / 25,-2.4942605462414313,9.072652768596166,-1.1306572707723461,-1.3351474122350098,-217.81361841223946,-109.86006199903196,False,67.0,-9.424075200521015,-0.8792221647142462,47.34684420811284,297.02388805336386,9.465,264.67,-6.929814654279584,-9.951874933310412,48.68199162034785,514.8375064656034
12846410.0,-0.0301,6.0461,5.7753,-0.0705,-0.1532,9.8051,-0.4578,-0.5398,0.4152,48.3,-83.2,163.36,52.21406,-2.185326,9.04,3,267.45,24 / 25,-2.4897660974375393,9.224868568411322,-1.2140222707726493,-1.584348744419865,-216.89874234538576,-109.97729597610963,False,67.10000000000036,-9.398236591542696,-0.773336258960722,46.41339800634856,296.9460516042677,9.43000000000191,265.29599999996583,-6.908470494105157,-9.998204827372044,47.99774675076842,513.8447939496534
12846510.0,0.9036,-1.5351,10.3754,0.013,0.0074,9.8066,0.1464,-0.1829,0.0301,44.99,-83.75,163.78,52.21406,-2.185326,9.04,3,267.45,24 / 25,-2.361508222802011,9.384902714108112,-1.387152270773279,-1.826912460432725,-215.9682537812564,-110.1073547031874,False,67.20000000000073,-9.463594128322113,-0.8980727315335799,45.47313832860181,296.84597617102304,9.506111111108343,264.5790000000261,-7.102085905520102,-10.282975445641691,47.300050789034536,512.8142299522794
12846609.0,2.8212,0.377,6.906,-0.0477,-0.133,9.8055,-0.5081,-0.1292,0.5168,42.14,-83.52,164.53,52.21406,-2.185326,9.04,3,267.45,24 / 25,-2.343169553318058,9.25927077491568,-1.5025813207734657,-2.059794010351045,-215.04536719354823,-110.25039651596919,False,67.29900000000089,-9.361567253944354,-0.7820976732482898,44.54902658876273,296.7689180857113,9.394186111113413,265.2244799999867,-7.018397700626297,-10.04136844816397,46.60882059911378,511.8142852792595
12846710.0,1.5541,-1.6712,9.4489,0.1027,-0.0766,9.8058,0.3742,-0.7487,0.5966,51.47,-83.9,169.44,52.21406,-2.185326,9.04,3,267.45,24 / 25,-2.3164274637217415,9.108383720393409,-1.6671305207714269,-2.2951036597086394,-214.1178006415466,-110.41046696396522,False,67.39999999999964,-9.383526078145257,-0.7826792430811979,43.60624592492704,296.69030327352726,9.416111111110693,265.232,-7.067098614423516,-9.891062963474607,45.901349584635675,510.80810391507384
12846810.0,-3.917,5.6981,10.5191,-0.0059,0.0102,9.8066,0.0782,0.274,0.062,43.35,-83.96,169.36,52.21406,-2.185326,9.04,3,267.45,24 / 25,-2.3536267995023548,9.382086980720565,-1.6493955207713622,-2.528606372870694,-213.19327710648756,-110.57629326604297,False,67.5,-9.39485866784246,-0.6877722088492807,42.67279972306774,296.62358631755825,9.42,265.813,-7.041231868340105,-10.069859189569845,45.20140609593843,509.8168634240458
12846909.0,-1.5294,15.2428,6.9238,0.133,-0.1197,9.805,-0.1844,-1.1529,1.0632,51.76,-83.99,171.36,52.21406,-2.185326,9.04,3,267.45,24 / 25,-1.8277751305082284,10.291414489413603,-1.756830320771536,-2.735585768406552,-212.21943878371434,-110.74490144519962,False,67.59900000000016,-9.345543696828166,-0.8512810145912006,41.75543332447822,296.53551993545256,9.384250000002023,264.79528000005763,-7.517768566319938,-11.142695504004804,44.49101909288477,508.7549587191669
12847010.0,3.0607,-6.7496,12.1603,0.0462,0.2204,9.804,0.3684,0.7502,-0.4897,51.25,-84.83,170.55,52.21406,-2.185326,9.04,3,267.45,24 / 25,-1.5109463202689315,10.54531173625774,-1.783554920771686,-2.904191201671746,-211.16718410931202,-110.92369089989856,False,67.70000000000073,-9.273723097250727,-0.8640521686412941,40.8263477472151,296.44567443450967,9.313888888891436,264.67700000000394,-7.762776776981795,-11.409363904899035,43.730538948886846,507.6128585438217
12847110.0,-0.1704,-5.5832,12.9665,-0.023,-0.1935,9.8046,-0.6419,-0.9805,1.0873,48.97,-83.84,160.3,52.21406,-2.185326,9.04,3,267.45,24 / 25,-1.9658956998467383,10.08634103751975,-1.5078799207706832,-3.0780333026781617,-210.13560147061938,-111.08826264197627,False,67.80000000000109,-9.276127407408017,-0.7702977001421268,39.89971502129804,296.37895747854003,9.308055555555661,265.2529999999895,-7.310231707561279,-10.856638737661877,42.97774832397621,506.51455894915944
12847210.0,2.7914,-15.0883,11.9638,-0.0642,0.1461,9.8053,-0.491,0.789,-0.3695,54.68,-84.63,165.57,52.21406,-2.185326,9.04,3,267.45,24 / 25,-2.7867460322348307,9.409978306197313,-1.2420299207745518,-3.315665389278782,-209.1607855034477,-111.22575813405153,False,67.89999999999964,-9.245162852441863,-0.7805630812525447,38.979895771312265,296.3011210294398,9.2780555555561,265.17400000000146,-6.458416820207033,-10.190541387449858,42.29556116059105,505.4619065328875
12847310.0,-3.2921,0.0661,14.3456,-0.0711,-0.2381,9.8034,-0.3335,-1.3025,0.913,49.9,-84.78,162.72,52.21406,-2.185326,9.04,3,267.45,22 / 24,-3.494526093729185,9.039066666153873,-0.9072249207733336,-3.6297289955781253,-208.23833325482678,-111.33322087612932,False,68.0,-9.208543446766916,-0.6985360327185014,38.06688999725174,296.2344040734708,9.235000000000001,265.66200000000003,-5.714017353037731,-9.737602698872374,41.69661899282987,504.47273732829757
12847410.0,-4.2805,10.6122,8.2974,-0.1322,-0.0424,9.8056,-0.517,-0.0519,0.1886,41.77,-83.91,160.99,52.21406,-2.185326,9.04,3,267.45,22 / 24,-3.4787872238816444,9.748308781751193,-0.7557399207727825,-3.9783946614599355,-207.29896448242812,-111.41636911820693,False,68.10000000000036,-9.192938438787113,-0.7549894669790351,37.14707074731627,296.1565676257893,9.223888888889496,265.3050000000195,-5.714151214905469,-10.503298248730228,41.12546540877621,503.4555321082174
12847510.0,-3.4624,3.3368,12.2568,0.061,-0.1574,9.8052,0.1507,-1.3917,0.7646,44.25,-84.38,162.32,52.21406,-2.185326,9.04,3,267.45,22 / 24,-3.3693357503204497,10.566182244340075,-0.7086949207726113,-4.320800810171286,-206.28323993111985,-111.48959086028447,False,68.20000000000073,-9.179520994559716,-0.6844116527718542,36.2340649732826,296.08985066911254,9.20500000000069,265.7359999999843,-5.810185244239267,-11.25059389711193,40.554865783453884,502.3730906002324
12847610.0,-1.0684,7.079,9.0105,-0.0094,-0.0823,9.8063,-0.1747,-0.7508,0.5864,43.63,-84.15,157.89,52.21406,-2.185326,9.04,3,267.45,22 / 24,-3.2475312190257823,11.140045245261197,-0.6259949207723103,-4.651644158639801,-205.19792855663584,-111.55632535236195,False,68.30000000000109,-9.177820227380002,-0.6810634570560324,35.321059199168026,296.0231337131437,9.203055555555592,265.75599999999963,-5.930289008354219,-11.821108702317229,39.97270335780783,501.2210622697795
12847709.0,2.1791,-12.2097,11.6291,0.0043,-0.2293,9.8039,-0.3295,-1.199,0.7921,35.32,-83.54,153.78,52.21406,-2.185326,9.04,3,267.45,22 / 24,-3.3835283089437667,10.908685198761376,-0.5751930707722281,-4.979881605274825,-204.10651639965496,-111.61578415794351,False,68.39900000000125,-9.13932431442857,-0.5750827868531733,34.423928824005685,295.9680922242359,9.157405555555657,266.39949999999857,-5.755796005484804,-11.483767985614548,39.40381042928051,500.07460862389087
12847810.0,-0.6481,-0.2561,10.6106,0.0723,-0.1084,9.8057,-0.2116,-1.059,0.8153,37.51,-83.99,156.14,52.21406,-2.185326,9.04,3,267.45,22 / 24,-3.7656630999873073,10.382109839108013,-0.44255987077387154,-5.34091577142137,-203.03133125025587,-111.66718068149095,False,68.5,-9.139737875032639,-0.5473228066746797,33.501861126978625,295.9119387860583,9.156111111111112,266.573,-5.374074775045331,-10.929432645782693,38.8427768984,498.9432700363142
12847910.0,3.1184,-7.7076,11.7021,-0.0019,-0.1559,9.8054,-0.2436,-0.7781,0.4051,40.91,-84.41,159.56,52.21406,-2.185326,9.04,3,267.45,22 / 24,-4.012919535020819,10.032397125201424,-0.3075898707733805,-5.729844903173191,-202.0106059020367,-111.70468816856845,False,68.60000000000036,-9.031378364784883,-0.609838550361349,32.60929578072789,295.8452218308016,9.051944444450129,266.1370000000238,-5.018458829764064,-10.642235675562773,38.33914068390108,497.8558277328383
12848010.0,-1.7993,8.6675,5.3693,-0.0087,-0.1684,9.8052,-0.5842,-1.3548,0.898,40.14,-83.72,154.07,52.21406,-2.185326,9.04,3,267.45,22 / 24,-4.015301144378231,10.064233909608056,-0.4346848707738429,-6.131255937144604,-201.00577435029257,-111.74180190564594,False,68.70000000000073,-9.043993182613182,-0.5701091360758926,31.70991695852477,295.7896243672579,9.061944444444082,266.39299999999065,-5.028692038234951,-10.634343045683949,37.841172895669374,496.7953987175505
12848109.0,3.5565,-7.8757,11.5602,-0.0265,-0.0961,9.806,-0.0077,0.0341,-0.0703,37.93,-84.43,155.33,52.21406,-2.185326,9.04,3,267.45,22 / 24,-3.986128516248748,10.067424080514431,-0.5675329707740576,-6.52732670534628,-200.0092572797799,-111.79141168880264,False,68.79900000000089,-9.054961028347918,-0.6171552045292158,30.8127865833628,295.73458287905055,9.075969444444155,266.10095000000604,-5.068832512099171,-10.684579285043647,37.34011328870908,495.74384015883044
12848210.0,-2.514,8.8597,8.427,0.0082,-0.2046,9.8044,-0.1751,-0.9264,0.6795,33.18,-83.71,152.07,52.21406,-2.185326,9.04,3,267.45,22 / 24,-4.032346750360408,10.116485721370488,-0.5486510207742915,-6.932259706305024,-198.98996983479734,-111.84777898037514,False,68.89999999999964,-9.028066774082378,-0.5841353469732914,29.904345838219363,295.67842944088,9.046944444444977,266.29799999999636,-4.99572002372197,-10.700621068343779,36.83660554452439,494.6683992756773
12848309.0,0.2562,1.2004,9.8446,0.0094,0.0253,9.8066,0.1066,0.3597,-0.3347,35.25,-84.11,154.48,52.21406,-2.185326,9.04,3,267.45,23 / 23,-3.932924402499134,10.619624725089226,-0.6150651707743988,-7.326540628372209,-197.96353236769593,-111.90538293185689,False,68.9989999999998,-8.958204373660955,-0.6069749672423745,29.020706145368507,295.6123796544712,8.978744444444594,266.1237600000004,-5.025279971161821,-11.2265996923316,36.347246773740714,493.57591202216713
12848410.0,-1.594,9.0352,8.2768,0.0006,-0.1156,9.8059,-0.0908,-0.4728,0.3694,34.52,-83.83,153.52,52.21406,-2.185326,9.04,3,267.45,23 / 23,-3.7775340985424455,11.111508694893418,-0.6904061207748221,-7.715918782676996,-196.86611012998065,-111.9713092320805,False,69.10000000000036,-8.94231104288811,-0.6899573272924512,28.126028621594333,295.54499552894737,8.96888888888939,265.5880000000292,-5.164776944345664,-11.801466022185869,35.84194740427133,492.411105658928
12848510.0,0.6341,-0.0529,9.381,-0.013,0.0695,9.8064,0.0417,0.4798,-0.3357,41.57,-84.05,155.76,52.21406,-2.185326,9.04,3,267.45,23 / 23,-3.6450012119268584,11.538279095143425,-0.7881811207751778,-8.08704554820181,-195.7336207404747,-112.04523859415826,False,69.20000000000073,-8.940468588670312,-0.6885594271766456,27.23346327530612,295.4782785729786,8.966944444444515,265.5959999999997,-5.295467376743453,-12.22683852232007,35.320508823507936,491.2118993134533
12848610.0,0.8429,-1.764,8.8343,0.0305,-0.0447,9.8065,-0.0402,-0.1493,0.0929,36.63,-84.23,155.53,52.21406,-2.185326,9.04,3,267.45,23 / 23,-3.7210796082451703,11.45323552231359,-0.858081120775432,-8.455349589211751,-194.58404500959765,-112.12755170623609,False,69.30000000000109,-8.932646271794132,-0.713682652642808,26.347711404932195,295.41156161700974,8.961111111111217,265.432000000003,-5.211566663548962,-12.166918174956399,34.80306099414395,489.99560662660735
12848710.0,-0.2343,-2.3468,10.8494,-0.0108,0.0241,9.8065,0.0431,0.5283,-0.2212,41.22,-84.27,154.49,52.21406,-2.185326,9.04,3,267.45,23 / 23,-3.905369447088465,11.31042849371343,-0.8545611207754832,-8.836672041972884,-193.44586180881285,-112.21318381831239,False,69.39999999999964,-8.808640930997298,-0.9157231902369747,25.468773010516372,295.31148618305895,8.856111111113021,264.06500000002484,-4.903271483908833,-12.226151683950404,34.305445052489254,488.7573479918718
12848810.0,1.8314,-0.6143,8.7934,-0.0243,0.0147,9.8066,-0.1418,0.1746,-0.228,38.06,-84.29,155.25,52.21406,-2.185326,9.04,3,267.45,23 / 23,-4.017300170865058,11.183914694240942,-0.8530861207754777,-9.232805522872,-192.32114464941105,-112.29856618039025,False,69.5,-8.865566486477588,-0.9839364175826513,24.58983461608469,295.2114107483984,8.919999999999998,263.66700000000003,-4.8482663156125305,-12.167851111823593,33.82264013895669,487.53255539780946
12848910.0,-1.6569,2.3908,10.4487,-0.0372,0.0417,9.8065,-0.0418,0.2314,-0.2346,38.51,-84.29,155.62,52.21406,-2.185326,9.04,3,267.45,23 / 23,-4.034319387008151,11.281201511643356,-0.8716461207755452,-9.635386500767126,-191.19788883911275,-112.38480279246812,False,69.60000000000036,-8.68036290051072,-1.186746736595826,23.724523173491608,295.0890963296027,8.761111111119781,262.2150000000792,-4.64604351350257,-12.467948248239182,33.35990967425873,486.28698516871543
12849010.0,1.3225,-0.0177,9.4703,-0.0091,-0.0181,9.8065,-0.0504,0.218,-0.0216,36.65,-84.25,154.02,52.21406,-2.185326,9.04,3,267.45,23 / 23,-4.052366273352793,11.417954037064291,-0.8563611207754894,-10.039720783786644,-190.06293106167323,-112.47120315454599,False,69.70000000000073,-8.771808443770716,-1.1654231822121266,22.852398255029385,294.97790140322314,8.848888888885694,262.4319999999921,-4.719442170417923,-12.583377219276418,32.89211903881603,485.04083246489637
12849110.0,0.3277,1.5371,11.2237,-0.0029,-0.0117,9.8066,0.0879,0.0653,0.011,32.35,-84.28,153.62,52.21406,-2.185326,9.04,3,267.45,23 / 23,-4.0265990061143455,11.46137277770674,-0.8023261207752929,-10.44366904776147,-188.91896472093052,-112.55413751662383,False,69.80000000000109,-8.726567240254832,-1.4357558567959097,21.987086812454358,294.8333479981537,8.84388888888898,260.65700000003227,-4.699968234140487,-12.89712863450265,32.430755860215825,483.7523127190842
12849209.0,1.9862,-0.4239,9.7214,-0.0248,0.0077,9.8065,-0.1088,0.0511,-0.1618,36.19,-84.16,153.53,52.21406,-2.185326,9.04,3,267.45,23 / 23,-3.9862495185955438,11.468828742009896,-0.7364020207751862,-10.84030504973525,-187.78391974570272,-112.6303045596307,False,69.89900000000125,-8.74235439682482,-1.4798100989125906,21.123683143097804,294.67923182963284,8.866713888888839,260.3926700000006,-4.7561048782292765,-12.948638840922486,31.963988192833053,482.4631515753356
12849310.0,0.3766,-1.4296,10.9086,-0.0059,0.0251,9.8066,0.1051,0.0415,-0.1208,33.68,-84.08,151.58,52.21406,-2.185326,9.04,3,267.45,24 / 26,-4.0245137787239,11.350057702676848,-0.6850586707758224,-11.24484859624487,-186.63156598026032,-112.70208832455315,False,70.0,-8.681954100622942,-1.5480549826296144,20.256463927266367,294.52200220387135,8.818888888888889,259.89,-4.657440321899042,-12.898112685306462,31.50131252351124,481.1535681841317
12849409.0,-0.2681,1.3495,10.1014,-0.0168,-0.0389,9.8065,0.019,-0.067,0.1632,35.48,-83.97,153.14,52.21406,-2.185326,9.04,3,267.45,24 / 26,-4.1011932882021,11.370227679619797,-0.6159220207757106,-11.647071096058356,-185.50691185383482,-112.76648686878505,False,70.09900000000016,-8.681761138017885,-1.6433960901542708,19.399805599208214,294.3678860346613,8.835938888887924,259.2811500000344,-4.580567849815785,-13.013623769774068,31.04687669526657,479.8747978884961
12849510.0,0.7035,1.1396,8.1991,0.0288,0.0398,9.8064,0.1635,0.2949,-0.2103,42.23,-84.16,155.42,52.21406,-2.185326,9.04,3,267.45,24 / 26,-4.087791640878748,11.486184995408577,-0.6822184207760831,-12.060614834979264,-184.3526630137394,-112.83204296108379,False,70.20000000000073,-8.686103525708173,-1.8878430071529264,18.52584104217977,294.1661784384823,8.888888888886969,257.73800000005593,-4.5983118848294255,-13.374028002561502,30.586455877159032,478.5188414522217
12849610.0,-0.5527,2.0406,10.0877,0.0193,-0.0191,9.8066,0.0497,-0.0435,-0.0604,33.45,-83.95,153.04,52.21406,-2.185326,9.04,3,267.45,24 / 26,-4.070073932091973,11.637181766323183,-0.7485434207763243,-12.468508113629284,-183.1964946756486,-112.90358105316167,False,70.30000000000109,-8.659648483944945,-1.8550450525165807,17.667343075519653,293.9882665561338,8.856111111111709,257.90899999999687,-4.589574551852972,-13.492226818839763,30.135851189148937,477.18476123178243
12849710.0,2.4623,-1.4804,9.3074,0.0028,0.0163,9.8066,-0.0657,0.4025,-0.1262,35.99,-83.86,151.5,52.21406,-2.185326,9.04,3,267.45,24 / 26,-4.062428555218351,11.633073567726067,-0.7594534207761655,-12.875133237988882,-182.03298190896308,-112.9789808952382,False,70.39999999999964,-8.628791990671294,-1.9118511408629781,16.8088451088754,293.78811568823136,8.838055555555885,257.50700000000734,-4.566363435452943,-13.544924708589045,29.68397834686428,475.82109759719447
12849810.0,0.7661,-1.3371,9.4032,0.0163,0.0075,9.8066,0.0457,0.0983,0.0118,29.08,-84.05,151.51,52.21406,-2.185326,9.04,3,267.45,24 / 26,-4.08785186136581,11.448385363235701,-0.8045884207763296,-13.282647258819573,-180.8789089624108,-113.05718298731611,False,70.5,-8.718459717744041,-1.9500848261259967,15.936720190358873,293.5990843127504,8.93388888888889,257.392,-4.630607856378231,-13.398470189361698,29.219367449178446,474.4779932751612
12849909.0,2.3301,-1.2853,9.422,-0.0314,0.0082,9.8065,-0.0854,0.3388,-0.1265,31.95,-83.99,151.67,52.21406,-2.185326,9.04,3,267.45,24 / 26,-4.105309409512291,11.278578253470528,-0.8435993707763926,-13.688208741728694,-179.75392426338203,-113.1387682829981,False,70.59900000000016,-8.701830556635848,-1.920963178471716,15.080061862247085,293.4119432503382,8.911338888890164,257.551389999991,-4.596521147123557,-13.199541431942244,28.76827060397578,473.16586751372023
12850010.0,1.5495,0.5581,9.4584,-0.0064,-0.0107,9.8065,-0.0241,0.206,-0.0398,27.05,-83.91,153.03,52.21406,-2.185326,9.04,3,267.45,24 / 26,-4.041929263787828,11.17116244978239,-0.8806108207766005,-14.099644294732661,-178.6202123578614,-113.22584089767201,False,70.70000000000073,-8.610387037171414,-1.962080153039595,14.219724257101348,293.2099020693775,8.831111111114021,257.1630000000142,-4.568457773383586,-13.133242602821985,28.31936855183401,471.83011442723887
12850109.0,1.4955,0.0899,10.897,-0.0335,0.02,9.8066,0.0295,0.4426,-0.2046,33.64,-83.82,156.04,52.21406,-2.185326,9.04,3,267.45,24 / 26,-3.9795430023622687,11.14479450854873,-0.843876870776541,-14.496707171907733,-177.5155724884222,-113.31120303840403,False,70.79900000000089,-8.754759160325408,-1.9518944425829763,13.349575246589914,293.0227610076516,8.969711111108259,257.43128999999453,-4.77521615796314,-13.096688951131705,27.846282418497648,470.5383334960738
12850209.0,1.4358,-2.7496,10.4307,-0.0111,-0.0137,9.8066,-0.1419,0.0555,-0.0561,25.36,-83.86,154.65,52.21406,-2.185326,9.04,3,267.45,24 / 26,-3.992454987918365,10.972309385875757,-0.7581568707762292,-14.895307071423215,-176.40971729369696,-113.39130472548196,False,70.89900000000125,-8.705050284764395,-1.966294557728904,12.484127534496023,292.8227213346696,8.924361111111214,257.27164000000033,-4.712595296846031,-12.938603943604662,27.379434605919236,469.2324386283666
12850311.0,3.1977,-2.8799,11.1244,0.0047,0.0661,9.8064,0.1392,0.5136,-0.3296,25.17,-83.93,152.32,52.21406,-2.185326,9.04,3,267.45,24 / 26,-3.988044897734213,10.62620079581375,-0.6591250707772464,-15.302312565587316,-175.30819327444212,-113.46358610450045,False,71.0010000000002,-8.70337499361898,-1.8360752510709932,11.601373593536982,292.640806434259,8.89493888888904,258.08751999999953,-4.715330095884767,-12.462276046884742,26.903686159124298,467.9489997087011
12850410.0,-1.2101,0.2228,9.5063,-0.044,-0.0453,9.8064,-0.0594,-0.2077,0.171,30.52,-83.94,154.64,52.213993,-2.186553,8.78,3,259.51,24 / 26,-4.034894055620538,10.487382274086556,-0.6087637707771649,-15.699448043779018,-174.26307091248037,-113.52634660215749,False,71.10000000000036,-8.793760807455524,-1.9104376712480826,10.731224583114685,292.4426570750464,8.998888888883158,257.743000000019,-4.758866751834986,-12.39781994533464,26.430672626893703,466.70572798752676
12850510.0,-3.198,1.7999,10.6221,0.0149,-0.0217,9.8066,0.0375,0.6069,-0.3654,29.69,-84.19,156.05,52.213993,-2.186553,8.78,3,259.51,24 / 26,-4.259333602119324,10.706197737866823,-0.5830087707770713,-16.11415942666752,-173.20339191187884,-113.58593522923542,False,71.20000000000073,-8.805591901835442,-1.8115328477109,9.85909966459754,292.26474519199013,8.990000000000324,258.37499999997704,-4.546258299716118,-12.517730585577723,25.97325909126506,465.46813710386897
12850610.0,2.6786,-3.1707,9.6316,0.046,-0.0672,9.8062,-0.0442,0.309,-0.1669,37.09,-84.37,162.56,52.213993,-2.186553,8.78,3,259.51,24 / 26,-4.42456471924953,10.682164129783411,-0.5509887707769547,-16.548354342737543,-172.13397381849245,-113.64263510631332,False,71.30000000000109,-8.805265611032763,-1.684791535820289,8.980161270166105,292.1090722952003,8.965000000000455,259.16799999998557,-4.380700891783232,-12.3669556656037,25.528515612903647,464.24304611369274
12850710.0,0.3931,2.6837,8.8992,-0.0108,0.0275,9.8066,-0.0744,-0.0134,0.2862,34.53,-84.36,162.99,52.213993,-2.186553,8.78,3,259.51,24 / 26,-4.402195013749956,10.60365348679752,-0.605113770776167,-16.989692329381096,-171.0696829376789,-113.70044023339014,False,71.39999999999964,-8.938200400826785,-1.5291190775303691,8.087595923894005,291.9533993984141,9.068055555553682,260.29199999997957,-4.5360053870768295,-12.132772564327889,25.0772882532751,463.023082336093
12850810.0,1.1875,1.3514,7.8184,-0.0542,0.0116,9.8064,-0.1259,0.2461,-0.2533,39.05,-84.1,165.76,52.213993,-2.186553,8.78,3,259.51,24 / 26,-4.301817058866953,10.748808733559098,-0.7498987707766936,-17.424892933013524,-170.0020598266572,-113.76819086046802,False,71.5,-8.828509049134318,-1.4509455059817993,7.201844053520203,291.81996548647606,8.946944444444446,260.66700000000003,-4.5266919902673655,-12.199754239540898,24.62673698653373,461.8220253131333
12850910.0,-1.2402,4.1064,9.9285,-0.0451,0.0898,9.8061,0.1187,0.2647,-0.3715,36.03,-84.14,163.96,52.213993,-2.186553,8.78,3,259.51,24 / 26,-4.222695627273457,10.998144072239407,-0.8432187707770331,-17.851118567322096,-168.91471218636332,-113.847846737546,False,71.60000000000036,-8.929756885508008,-1.3000048633206696,6.30927870729656,291.6976510662657,9.023888888884688,261.7169999999427,-4.707061258234551,-12.298148935560077,24.160397274618656,460.612363252629
12851010.0,-0.2618,-1.4775,11.4792,0.015,0.0479,9.8065,0.1029,0.4106,-0.0453,35.93,-84.56,166.81,52.213993,-2.186553,8.78,3,259.51,24 / 26,-4.287065300680533,11.178088626865303,-0.7534987707767067,-18.276606613721345,-167.80590055140405,-113.92768261462399,False,71.70000000000073,-8.975211717590156,-1.222270457771306,5.4167133609808875,291.5753366481684,9.058055555554313,262.2449999999808,-4.688146416909623,-12.400359084636609,23.693319974702234,459.3812371995724
12851110.0,-1.6616,2.3184,10.2042,0.0212,0.0154,9.8066,0.1116,-0.0117,0.0933,37.83,-84.66,168.34,52.213993,-2.186553,8.78,3,259.51,24 / 26,-4.416095813295066,11.299291542551869,-0.64999377077633,-18.711764669421708,-166.6820315429291,-113.9978572417019,False,71.80000000000109,-9.005091778941921,-1.1398431911263671,4.517334538777642,291.475261213507,9.076944444444102,262.78599999999017,-4.588995965646855,-12.439134733678236,23.22909920819935,458.1572927564361
12851209.0,0.3953,-1.8356,9.9208,-0.0353,0.0483,9.8064,0.0892,0.1762,-0.2331,43.92,-84.5,170.67,52.213993,-2.186553,8.78,3,259.51,24 / 26,-4.536940008332476,11.397313472787335,-0.624664620776289,-19.15493994259299,-165.558549594668,-114.06095283208386,False,71.89900000000125,-9.036457353734857,-1.0383056357877198,3.6202041636155453,291.37618653389353,9.095919444444403,263.44533999999857,-4.499517345402381,-12.435619108575056,22.775144106208536,456.93473612856155
12851310.0,0.0166,-0.2364,8.7802,0.0241,0.0172,9.8065,0.2502,-0.2141,0.004,39.28,-84.52,169.37,52.213993,-2.186553,8.78,3,259.51,24 / 26,-4.672242333602858,11.344624352336876,-0.6707357707757181,-19.62000365085496,-164.41008173451345,-114.12637055185643,False,72.0,-9.069764123857315,-0.8872205454297786,2.698136466588488,291.29734933045336,9.113055555555555,264.413,-4.397521790254457,-12.231844897766655,22.31814011744345,455.70743106496684
12851410.0,-0.0113,2.6191,8.981,-0.0185,0.0019,9.8066,-0.0964,-0.2579,0.1537,45.82,-84.44,172.66,52.213993,-2.186553,8.78,3,259.51,24 / 26,-4.662565381474332,11.46519840036215,-0.7633407707760549,-20.08674403661052,-163.26959059687437,-114.19807437893428,False,72.10000000000036,-9.062573705507072,-0.8893915898859982,1.7919441685089335,291.2195128827719,9.106111111111488,264.39500000000095,-4.40000832403274,-12.354589990248147,21.878688205119452,454.48910347964625
12851510.0,0.1054,-0.546,9.1773,-0.0182,0.0645,9.8063,-0.0007,-0.2426,0.1806,49.5,-84.76,176.37,52.213993,-2.186553,8.78,3,259.51,24 / 26,-4.659723434090612,11.580465734593945,-0.8360907707763194,-20.552858477390462,-162.11730739012236,-114.27804595601219,False,72.20000000000073,-9.104638918433091,-0.790468398095793,0.8789383944489089,291.14167643367,9.138888888887696,265.0379999999766,-4.444915484342479,-12.370934132689738,21.43179687183937,453.2589838237924
12851609.0,-2.7088,2.1814,10.2919,-0.022,0.0246,9.8065,-0.0133,-0.2313,0.111,48.6,-84.88,174.2,52.213993,-2.186553,8.78,3,259.51,24 / 26,-4.756096348188231,11.777585249304016,-0.8432237207763309,-21.018941556614017,-160.96108386641754,-114.36117202334418,False,72.29900000000089,-9.141899323767046,-0.60192216029916,-0.024937321895874387,291.0866349447616,9.161713888888421,266.2329299999754,-4.385802975578815,-12.379507409603177,20.994004234718144,452.04771881117915
12851710.0,0.3334,0.6555,10.1404,0.0222,0.022,9.8066,-0.0017,-0.2533,-0.0124,47.38,-85.13,174.41,52.213993,-2.186553,8.78,3,259.51,24 / 26,-4.80201271560474,12.009307704351775,-0.8018642207768434,-21.50162606432958,-159.7598457722728,-114.44424896439159,False,72.39999999999964,-9.092310309062512,-0.4590056045072244,-0.9402596777677052,291.05272049143457,9.103888888889944,267.10999999998427,-4.290297593457772,-12.468313308858999,20.561366386561875,450.81256626370737
12851810.0,-0.3679,4.3422,9.1411,-0.0106,-0.0045,9.8066,-0.0289,-0.3381,0.2056,50.96,-84.94,174.09,52.213993,-2.186553,8.78,3,259.51,24 / 26,-4.681687249630519,12.217524142139274,-0.8184542207769037,-21.97581106259307,-158.54850417994385,-114.52526488646957,False,72.5,-9.145001322620331,-0.4032773231857006,-1.8532654518008898,291.008242521732,9.153888888888888,267.475,-4.463314072989812,-12.620801465324975,20.12254561079218,449.5567467016758
12851910.0,1.4113,-1.7444,9.946,-0.0056,0.0449,9.8065,-0.0111,-0.3277,0.1638,52.36,-84.9,173.23,52.213993,-2.186553,8.78,3,259.51,24 / 26,-4.620647780229964,12.30978106729246,-0.8447642207769993,-22.440927814087786,-157.3221389194678,-114.60842580854757,False,72.60000000000036,-9.173511001641325,-0.21842853796652348,-2.7662712258219444,290.9971230293071,9.176111111109897,268.63599999993664,-4.552863221411361,-12.528209605258985,19.67465658826584,448.31926194877485
12852010.0,-0.4348,2.7949,9.3417,-0.0105,0.0283,9.8066,-0.0744,-0.4735,0.184,47.36,-84.95,168.93,52.213993,-2.186553,8.78,3,259.51,24 / 26,-4.630063929754774,12.359388411711727,-0.8610442207770586,-22.903463399588706,-156.0886804455131,-114.69371623062558,False,72.70000000000073,-9.074945263495335,-0.031519273930479735,-3.6724635239678056,290.99712302930647,9.07500000000368,269.8009999999576,-4.444881333740561,-12.390907685642206,19.2309998756209,447.08580347481956
12852110.0,2.6334,-2.9161,10.7522,0.0035,0.0475,9.8065,-0.0027,-0.3513,-0.1037,48.46,-85.08,170.11,52.213993,-2.186553,8.78,3,259.51,24 / 26,-4.636987111423842,12.320475080484558,-0.8370142207769711,-23.366815951649322,-154.85468727089878,-114.7786191527036,False,72.80000000000109,-9.101804290852048,0.15092746121307715,-4.578655822113294,291.0193620141571,9.103055555555045,270.94999999997907,-4.464817179428206,-12.16954761927148,18.788160129536028,445.8740492850559
12852210.0,-1.5022,3.4532,9.8599,0.0078,0.0167,9.8065,-0.0972,-0.6348,0.5246,50.55,-84.93,168.4,52.213993,-2.186553,8.78,3,259.51,24 / 26,-4.645076056613606,12.340628253555302,-0.7870742207776977,-23.83091911004444,-153.62163210421474,-114.85982357478015,False,72.89999999999964,-9.140354430476076,0.3950807341475952,-5.491661596156959,291.07495947769854,9.148888888888056,272.4749999999723,-4.495278373862471,-11.945547519407707,18.339257513887482,444.69659158191325
12852311.0,-0.4181,3.8036,8.3053,-0.0352,0.0706,9.8063,0.1916,0.0506,0.0616,49.55,-85.12,167.86,52.213993,-2.186553,8.78,3,259.51,24 / 24,-4.498287027953578,12.699560386256634,-0.8602032707781085,-24.292658945817678,-152.35710257789714,-114.94301108810419,False,73.0010000000002,-9.159492367063208,0.6817683566615073,-6.413797427959394,291.1535742912769,9.184838888888866,274.25686000000115,-4.661205339109631,-12.017792029595126,17.878861517858283,443.51067686917406
12852410.0,-1.9113,4.3923,10.0081,-0.018,-0.05,9.8064,0.1315,-0.4476,-0.0442,44.71,-85.11,163.64,52.213993,-2.186553,8.78,3,259.51,24 / 24,-4.355711972574881,13.102726700543526,-0.9245483207782125,-24.730931896344543,-151.07988936709847,-115.03135629188637,False,73.10000000000036,-9.133508638894275,0.804700813997973,-7.317673144238411,291.2306323744815,9.168888888889768,275.0349999999571,-4.777796666319394,-12.298025886545553,17.41325875210613,442.31052174158
12852510.0,2.1431,-1.2265,7.6463,-0.0545,-0.0011,9.8064,-0.0597,0.0499,-0.2839,49.52,-85.32,168.18,52.213993,-2.186553,8.78,3,259.51,24 / 24,-4.319950800338301,13.249335967953394,-1.0224933207785687,-25.16471503499178,-149.76228623366885,-115.12870837396456,False,73.20000000000073,-9.13776373958193,1.0849218396726377,-8.230678918298807,291.34182730156596,9.20194444444324,276.77099999993686,-4.817812939243629,-12.164414128280757,16.934036116692972,441.1041135352348
12852610.0,0.7957,1.0436,9.0161,0.0363,0.0088,9.8066,0.1002,-0.3252,0.3059,48.11,-85.43,167.15,52.213993,-2.186553,8.78,3,259.51,24 / 24,-4.304070470932369,13.180067616124498,-1.1700383207791054,-25.59591609855688,-148.44081605446016,-115.23833495604283,False,73.30000000000109,-9.149395247750306,1.298730598827721,-9.143684692359205,291.4863807066354,9.2411111111104,278.0789999999762,-4.845324776817937,-11.881337017296778,16.452231406197676,439.9271967610955
12852710.0,0.2904,-0.5495,9.0884,-0.0175,0.0345,9.8066,-0.2097,0.1197,-0.047,47.08,-85.67,166.65,52.213993,-2.186553,8.78,3,259.51,24 / 24,-4.322322946136726,13.201221581722686,-1.2454783207780076,-26.027235769404058,-147.12175159458698,-115.35911078811893,False,73.39999999999964,-9.07081240683596,1.5594656004587861,-10.043063514573674,291.64205360342135,9.203888888889566,279.7549999999695,-4.7484894606992345,-11.6417559812639,15.984172254830384,438.7638051980083
12852809.0,-1.2771,4.7911,8.1617,0.0666,0.002,9.8063,-0.2521,-0.5047,0.1392,56.83,-85.62,167.98,52.213993,-2.186553,8.78,3,259.51,24 / 24,-4.237355520334991,13.404880962500867,-1.3624567207781966,-26.450939853495093,-145.8047495186458,-115.48820357267617,False,73.4989999999998,-9.013003000957143,1.936351543235037,-10.93344854858015,291.8402029633478,9.218738888888856,282.1250599999948,-4.775647480622152,-11.46852941926583,15.517491304914943,437.6449524819936
12852910.0,-1.0795,3.1954,11.2148,0.0123,0.0879,9.8062,-0.0514,0.1167,-0.158,54.92,-86.03,170.86,52.213993,-2.186553,8.78,3,259.51,24 / 24,-4.036190592192601,13.78452000353256,-1.3744151207782638,-26.868753932180084,-144.43168476985338,-115.62641560067554,False,73.60000000000036,-9.062545068604093,2.1707065676576915,-11.848634634883808,292.06459432477607,9.318888888883432,283.46999999992795,-5.026354476411492,-11.613813435874867,15.020119297296276,436.4962790946295
12853010.0,-2.7062,6.508,8.528,0.0069,-0.0233,9.8065,-0.1875,-0.4217,0.2399,59.82,-85.83,167.13,52.213993,-2.186553,8.78,3,259.51,24 / 24,-3.7878138716170464,14.258099510336239,-1.3679401207782402,-27.25995415537199,-143.02955379415482,-115.76353336275386,False,73.70000000000073,-9.067269827049305,2.286459467343465,-12.754826933029298,292.2981036713736,9.351111111109939,284.1529999999752,-5.279455955432258,-11.971640042992775,14.505127222342692,435.32765746552843
12853109.0,-2.6621,0.1464,10.8339,0.0441,0.0659,9.8063,0.0473,0.1342,-0.276,58.32,-85.95,170.04,52.213993,-2.186553,8.78,3,259.51,24 / 24,-3.7020367884698224,14.710175859553296,-1.3803844207782603,-27.63070176304689,-141.59562416334296,-115.89957542756113,False,73.79900000000089,-9.01645138757737,2.5487736349016945,-13.645211966982387,292.56230281700834,9.369811111110726,285.7845199999664,-5.314414599107547,-12.161402224651601,13.985489796064503,434.1579269803513
12853210.0,-0.1279,-1.4022,8.8128,0.0258,-0.0477,9.8065,-0.1103,-0.19,0.0596,64.39,-85.95,171.59,52.213993,-2.186553,8.78,3,259.51,24 / 24,-3.894069209850867,14.865648948417709,-1.3786977207782811,-28.01430511595733,-140.10204501055892,-116.038909075708,False,73.89999999999964,-9.029959843956219,2.730949429121119,-14.553584577393083,292.8429588115434,9.433888888887727,286.82699999998135,-5.135890634105351,-12.13469951929659,13.460720538564248,432.9450038221023
12853310.0,-1.5079,2.8602,10.5555,0.033,0.0375,9.8065,-0.0385,0.1781,-0.0755,61.94,-86.06,171.01,52.213993,-2.186553,8.78,3,259.51,26 / 26,-3.927892453135065,15.03822456480491,-1.3909477207783256,-28.40540319910805,-138.60685133489235,-116.17739134778634,False,74.0,-8.986459525941537,2.9394846807926367,-15.452963399650754,293.14318511340264,9.455,288.113,-5.058567072806472,-12.098739884012273,12.952439799457297,431.75003644829496
12853410.0,-1.5538,0.3704,9.0829,0.0095,-0.0322,9.8065,-0.0888,-0.0823,-0.2032,67.01,-86.29,171.74,52.213993,-2.186553,8.78,3,259.51,26 / 26,-3.907518196712117,15.315364706391266,-1.389692720778321,-28.797173731601834,-137.089171871327,-116.31642336986468,False,74.10000000000036,-9.001421166292465,3.0743298621259867,-16.35234222178881,293.4656504000902,9.511944444441339,288.85699999995944,-5.093902969580348,-12.241034844265279,12.444831509813024,430.55482227141727
12853510.0,0.1744,7.9878,9.215,0.014,-0.0333,9.8065,0.1056,0.3157,-0.4067,71.92,-86.47,172.07,52.213993,-2.186553,8.78,3,259.51,26 / 26,-3.5896716712442704,15.579083018677082,-1.4554627207785602,-29.172033225001016,-135.544449485068,-116.45868114194305,False,74.20000000000073,-9.003699789308097,3.237449183874692,-17.258534519933928,293.788115688216,9.568055555553514,289.7769999999665,-5.414028118063827,-12.34163383480239,11.913498705067088,429.332565173284
12853610.0,0.2157,2.9255,10.5893,-0.0105,-0.0913,9.8061,0.1941,0.221,-0.2887,75.71,-86.49,170.44,52.213993,-2.186553,8.78,3,259.51,26 / 26,-3.108732198271004,15.793415961123175,-1.4459127207785254,-29.506953418478,-133.97582453607225,-116.60374991402144,False,74.30000000000109,-8.996356464115769,3.415957932388996,-18.151099866250092,294.1439394529102,9.623055555554556,290.79199999998156,-5.887624265844765,-12.377458028734178,11.355853552227906,428.11976398898247
12853710.0,-0.5836,5.2822,8.465,-0.0473,-0.0335,9.8064,-0.0158,0.117,-0.2923,76.8,-86.5,176.8,52.213993,-2.186553,8.78,3,259.51,26 / 26,-2.756571218669476,15.982731862483313,-1.4738627207781185,-29.800218589320753,-132.38701714491503,-116.74973868609715,False,74.39999999999964,-8.922010169048928,3.621220205669977,-19.043665212522445,294.5108827107319,9.628888888888783,292.09099999997636,-6.1654389503794516,-12.361511656813335,10.756553376798308,426.8978998556469
12853810.0,-1.3719,0.4571,10.1002,-0.0012,-0.0443,9.8065,0.2346,0.0191,-0.1307,86.67,-86.55,-178.72,52.213993,-2.186553,8.78,3,259.51,26 / 26,-2.5225077105676936,16.219649698627258,-1.526267720778309,-30.064172535783573,-130.77689806685365,-116.89974520817552,False,74.5,-8.85363103029377,3.821222059361398,-19.929417082869158,294.8889454609859,9.643055555555556,293.345,-6.331123319726076,-12.39842763926586,10.134755452914415,425.66584352783957
12853910.0,0.5971,2.9264,9.8832,-0.0479,-0.0477,9.8063,-0.0116,0.1552,-0.115,85.98,-86.46,175.47,52.213993,-2.186553,8.78,3,259.51,26 / 26,-2.384580346717631,16.35119312734286,-1.5077627207782418,-30.30952693864873,-129.14835592554923,-117.0514467302539,False,74.60000000000036,-8.779196784979211,3.9724477537527747,-20.801542001322474,295.289247197477,9.63611111111149,294.3459999999454,-6.39461643826158,-12.378745373590085,9.507984937326256,424.4376031230262
12854009.0,-0.7526,-1.7575,10.3037,-0.0145,-0.0684,9.8064,0.0453,0.1781,-0.3615,95.13,-86.65,179.7,52.213993,-2.186553,8.78,3,259.51,26 / 26,-2.3439088561621437,16.458830297504388,-1.4793695207781958,-30.54358715419166,-127.52425976601666,-117.19930977621118,False,74.69900000000052,-8.80488955471559,4.1179178117229975,-21.671691011834525,295.70756251163283,9.720261111107835,295.064739999972,-6.460980698553446,-12.340912485781391,8.871896142357134,423.2318222776495
12854110.0,0.0482,4.4555,9.3798,-0.0086,-0.0439,9.8065,0.0422,-0.0077,-0.0779,85.71,-86.61,175.67,52.213993,-2.186553,8.78,3,259.51,26 / 26,-2.2275876035866684,16.602694471368412,-1.4758244207781759,-30.774447725410273,-125.8546527651792,-117.34854707026062,False,74.80000000000109,-8.686829682360996,4.420623946088076,-22.545791838383238,296.156567625777,9.746944444443972,296.97099999996544,-6.459242078774327,-12.182070525280336,8.228655887027035,422.01122039095617
12854209.0,-0.1764,0.2966,9.7166,-0.0096,-0.0446,9.8065,0.0004,0.1019,-0.3183,87.75,-86.5,171.77,52.213993,-2.186553,8.78,3,259.51,26 / 26,-2.0212469116584297,16.706751904894524,-1.5014109707782173,-30.984765033915245,-124.20583516955152,-117.4959202221429,False,74.89900000000125,-8.50632128154338,4.658689156724783,-23.38221414301004,296.6189161306395,9.698544444444552,298.70844999999616,-6.48507436988495,-12.048062748169741,7.602550890905206,420.824751300191
12854310.0,0.0795,4.196,9.3776,-0.0022,-0.0413,9.8065,0.1642,-0.0602,-0.0679,88.59,-86.45,171.83,52.213993,-2.186553,8.78,3,259.51,24 / 25,-1.821286600775738,16.800413319710064,-1.5276255207778924,-31.178812976290768,-122.51372332572996,-117.64888656496458,False,75.0,-8.515034137974629,4.859056593085298,-24.235533867974173,297.11284399418247,9.80388888888889,299.711,-6.693747537198891,-11.941356726624765,6.943279108316595,419.6265673199124
12854410.0,-1.2025,-0.5519,11.2809,-0.0458,-0.0138,9.8065,0.1413,0.1568,-0.2323,89.34,-86.57,173.59,52.213993,-2.186553,8.78,3,259.51,24 / 25,-1.6649219127385961,16.943912931039705,-1.475365520777702,-31.353123401967117,-120.82650701318633,-117.79903611704292,False,75.10000000000036,-8.360894434757007,4.978952470923467,-25.066777930859754,297.6132211653269,9.731111111115082,300.773999999942,-6.695972522018411,-11.964960460116238,6.286345471107364,418.4397281785132
12854509.0,0.7973,3.4602,9.9638,-0.0289,-0.0438,9.8064,0.1127,-0.1519,-0.1148,97.07,-86.44,174.6,52.213993,-2.186553,8.78,3,259.51,24 / 25,-1.5465870178894283,17.02598513057133,-1.3946112207775714,-31.51209309403346,-119.14499705913387,-117.94109996575013,False,75.19900000000052,-8.212025385968644,5.315948414466031,-25.876218870863948,298.1416194558967,9.782536111109108,302.91635999991655,-6.665438368079216,-11.710036716105297,5.6358742231695125,417.2866165150306
12854610.0,-2.953,-0.8506,11.3424,-0.036,-0.0036,9.8065,0.1633,0.2067,-0.1935,101.08,-86.7,179.69,52.213993,-2.186553,8.78,3,259.51,24 / 25,-1.4020332966128555,17.205574915635715,-1.309119770777091,-31.660998419916663,-117.4163032767907,-118.07763838082441,False,75.30000000000109,-8.106960040581189,5.490269181974571,-26.695198677151247,298.6918119525441,9.791111111110967,304.10699999997877,-6.7049267439683335,-11.715305733661143,4.965799742765416,416.1081152293348
12854709.0,0.9289,4.9451,9.6183,-0.0466,-0.0581,9.8063,0.0627,-0.1424,-0.0625,101.26,-86.58,178.09,52.213993,-2.186553,8.78,3,259.51,24 / 25,-1.1912692473979465,17.34933236838305,-1.242423470776983,-31.789366895845404,-115.70583536622901,-118.20393977128154,False,75.39900000000125,-7.875864648779363,5.712542545491383,-27.47091291132283,299.2642434345214,9.729511111111247,305.95433999999597,-6.684595401381416,-11.636789822891666,4.318453984522574,414.9700788007504
12854810.0,-0.5208,-0.5898,10.2637,-0.0382,-0.0112,9.8065,0.1451,0.2024,-0.2531,110.05,-86.43,-178.95,52.213993,-2.186553,8.78,3,259.51,24 / 25,-0.9749014291953955,17.37635446969153,-1.228854120777151,-31.898758515012013,-113.95218818092798,-118.32873928965348,False,75.5,-7.7383200534317265,6.048883816077929,-28.248671188255898,299.8815976675454,9.821944444444444,308.014,-6.763418624236331,-11.327470653613602,3.6500873267561147,413.8337858484734
12854910.0,-0.3144,3.8949,8.9425,-0.0351,-0.0427,9.8064,0.0121,-0.3012,0.0568,103.81,-86.58,-179.21,52.213993,-2.186553,8.78,3,259.51,24 / 25,-0.7993185816700141,17.465832735124632,-1.2492091207772251,-31.987469515555606,-112.21007882068083,-118.45264245173165,False,75.60000000000036,-7.446926833718878,6.304065801153593,-28.99134006411868,300.5154087506177,9.756944444447992,310.24899999987804,-6.647608252048864,-11.16176693397104,2.996129451436925,412.7254875712986
12855010.0,0.1547,1.4132,9.6475,-0.0062,-0.0109,9.8066,0.0739,-0.0993,-0.1195,115.52,-86.71,-172.33,52.213993,-2.186553,8.78,3,259.51,24 / 25,-0.5404399100180619,17.482825628554146,-1.300374120777411,-32.054457440140254,-110.46264590249054,-118.58012161380985,False,75.70000000000073,-7.3139459556605315,6.435190449110911,-29.72038198815226,301.1603393240392,9.74194444444499,311.3429999999602,-6.77350604564247,-11.047635179443235,2.334075451987996,411.62298522652975
12855110.0,0.2809,3.5757,9.3077,0.0087,-0.0064,9.8066,-0.1385,-0.2681,0.0771,117.31,-86.83,-169.94,52.213993,-2.186553,8.78,3,259.51,24 / 25,-0.311909183817648,17.435715323776222,-1.3332791207775307,-32.0970748948322,-108.71671885486766,-118.71180427588807,False,75.80000000000109,-7.047495160056581,6.577416815818606,-30.415356532638878,301.81638939130136,9.640000000001855,313.0239999999694,-6.735585976238933,-10.858298507957617,1.681718362193319,410.53310824616904
12855210.0,1.9842,3.0118,7.9836,0.0504,-0.0145,9.8065,-0.3086,-0.4198,0.084,130.92,-86.86,-169.36,52.213993,-2.186553,8.78,3,259.51,24 / 25,-0.08396865650006899,17.24899120035951,-1.4493791207758413,-32.116868786847796,-106.98248352868612,-118.85093718796371,False,75.89999999999964,-6.686667416491006,6.8141490361288115,-31.07626369742996,302.4946784441098,9.546944444446137,315.54099999995424,-6.602698759990937,-10.434842164230698,1.0406050894178343,409.4771619727959
12855309.0,-0.3553,0.5898,10.5677,-0.0152,-0.0055,9.8065,-0.0502,-0.423,0.0898,127.96,-87.13,-165.42,52.213993,-2.186553,8.78,3,259.51,23 / 25,0.03223201076623776,17.151327365401325,-1.5019481207759262,-32.119429750811626,-105.2796677596782,-118.99702788642075,False,75.9989999999998,-6.35802148121934,7.0192292673699,-31.696835084751363,303.1882012014039,9.470769444444612,317.82987999999494,-6.390253491985578,-10.132098098031426,0.4225946660602631,408.4678689610821
12855410.0,3.0258,4.3563,8.8616,0.0435,0.0071,9.8065,0.0536,-0.1795,-0.1116,141.93,-87.26,-161.04,52.213993,-2.186553,8.78,3,259.51,23 / 25,0.12404630971265283,16.955375383764096,-1.5112401207759785,-32.1115376956274,-103.55727927083568,-119.14919389261998,False,76.10000000000036,-6.237683552466726,6.996104226418862,-32.323129791818104,303.8957345201109,9.373055555560846,318.27999999997667,-6.361729862179379,-9.959271157345235,-0.2115920961907065,407.4530137909466
12855510.0,-1.1249,2.0209,10.3934,0.0034,0.0017,9.8066,-0.0725,-0.1383,-0.0051,140.45,-87.18,-157.25,52.213993,-2.186553,8.78,3,259.51,23 / 25,0.2967475123567184,16.718953834726445,-1.5291551207760437,-32.09049800452385,-101.87356280990502,-119.30121365469813,False,76.20000000000073,-5.817380701773124,7.218835294233167,-32.902275245535584,304.6185015426337,9.27111111111482,321.1359999998961,-6.114128214129843,-9.500118540493279,-0.8117772410117325,406.4920643525387
12855610.0,3.1931,3.0405,10.2712,-0.0405,-0.0075,9.8065,0.0711,0.0022,-0.2495,149.08,-87.18,-156.76,52.213993,-2.186553,8.78,3,259.51,23 / 25,0.39954076317019616,16.531414195602377,-1.4765901207758523,-32.05568359074738,-100.21104440838253,-119.45150091677627,False,76.30000000000109,-5.433316563165298,7.189868830115764,-33.43372636773985,305.3301490734397,9.01194444444916,322.9219999999675,-5.832857326335494,-9.341545365486613,-1.3780427769924728,405.54119348182223
12855710.0,1.4631,2.7066,10.0125,0.0658,0.0245,9.8063,-0.056,-0.1936,-0.0444,157.05,-87.17,-147.47,52.213993,-2.186553,8.78,3,259.51,23 / 25,0.38916480917464874,16.224366943879826,-1.4430701207763401,-32.01624831213071,-98.57325535143225,-119.59748392885176,False,76.39999999999964,-5.130101718797366,7.127734884251352,-33.94473706216166,306.0417966035251,8.781944444448627,324.2559999999757,-5.5192665279720154,-9.096632059628472,-1.9284887500309438,404.6150519549573
12855810.0,4.5961,4.0396,9.0509,0.0083,-0.0227,9.8066,-0.1703,-0.5056,0.1612,161.03,-87.37,-147.86,52.213993,-2.186553,8.78,3,259.51,23 / 25,0.2918497828907629,15.857274128152232,-1.47056512077644,-31.98219758252732,-96.96917329782481,-119.74316569092993,False,76.5,-4.665860789245214,7.128824804649361,-34.401239949219935,306.753444135038,8.52,326.795,-4.957710572135977,-8.728449323502872,-2.419042366692615,403.7226174328628
12855910.0,1.6807,0.9969,10.0788,0.0627,0.0049,9.8064,0.0164,-0.1305,-0.0831,169.78,-87.42,-142.01,52.213993,-2.186553,8.78,3,259.51,23 / 25,0.14041448478757335,15.571296286854482,-1.494745120776528,-31.960584369143323,-95.39774477706875,-119.89143120300811,False,76.60000000000036,-4.361283204595814,6.9721988831619495,-34.83048893250509,307.44285268023475,8.223888888905048,327.9729999999357,-4.501697689383388,-8.599097403692532,-2.869904563361768,402.8405974573035
12856009.0,2.0764,0.0639,10.6491,-0.0103,-0.0097,9.8066,-0.0369,-0.3612,-0.0075,174.99,-87.51,-140.87,52.213993,-2.186553,8.78,3,259.51,23 / 25,0.04339085742841982,15.529938038758617,-1.4395724207764389,-31.951486004703618,-93.85823367794842,-120.03667992131521,False,76.69900000000052,-4.260666916116333,6.8589571267349125,-35.255445426014276,308.11435884182674,8.074563888894705,328.152189999993,-4.304057773544752,-8.670980912023705,-3.3039594213106582,401.97259251977516
12856110.0,6.559,2.4288,10.3603,0.0169,-0.0178,9.8066,-0.0203,-0.0051,-0.2086,183.31,-87.64,-135.59,52.213993,-2.186553,8.78,3,259.51,23 / 25,-0.3153471304282415,15.439341750898116,-1.3690693707760426,-31.965219796490185,-92.29428504856196,-120.17851633178941,False,76.80000000000109,-4.029283075400396,6.640053004416811,-35.65491951953748,308.78831129203786,7.7669444444500115,328.74999999998914,-3.713935944972154,-8.799288746481306,-3.689699723047294,401.0825963405998
12856210.0,1.9937,1.8249,9.6047,-0.0355,-0.0073,9.8065,0.0334,-0.0516,-0.1045,191.88,-87.44,-134.23,52.213993,-2.186553,8.78,3,259.51,23 / 25,-0.6809797557768105,15.28075386104659,-1.3514843707762985,-32.015036140799715,-90.75828026798708,-120.31454401886505,False,76.89999999999964,-3.9627346543658217,6.374828473888922,-36.05010112324506,309.422122374438,7.506111111115855,328.1340000000112,-3.2817548985890115,-8.905925387157668,-4.035064982445341,400.18040264242507
12856309.0,2.6324,2.1484,9.6272,-0.0078,-0.0114,9.8066,-0.0334,-0.1958,-0.0654,183.11,-87.37,-135.76,52.213993,-2.186553,8.78,3,259.51,25 / 27,-0.8477998889415207,15.126056575673015,-1.370363670776329,-32.09071073321339,-89.25314315136703,-120.44927549692213,False,76.9989999999998,-3.891802393599155,6.152815145307466,-36.42784022855701,310.02757874962083,7.280336111111609,327.685530000001,-3.0440025046576342,-8.97324143036555,-4.337129495343618,399.2807219009878
12856410.0,0.3227,0.5544,9.6399,-0.0029,-0.0303,9.8066,-0.0824,-0.1357,-0.1326,189.95,-87.19,-132.6,52.213993,-2.186553,8.78,3,259.51,25 / 27,-0.921510351892059,15.014392495521422,-1.387846770776427,-32.18006090037599,-87.73105047326315,-120.58856512422132,False,77.10000000000036,-3.816201801953935,5.801223725064435,-36.81321042690618,310.6007885962772,6.943888888907124,326.6620000000556,-2.894691450061876,-9.213168770456987,-4.63314952653019,398.33183906954037
12856509.0,3.1191,0.2362,9.8157,-0.0029,-0.0134,9.8066,-0.0087,-0.4708,0.0874,194.77,-87.23,-126.85,52.213993,-2.186553,8.78,3,259.51,25 / 27,-1.0090971591836673,15.023504769272538,-1.3956529207764397,-32.275625972174396,-86.24417455865344,-120.7263483589534,False,77.19900000000052,-3.9139546305203488,5.539492741180581,-37.19769487342689,311.1401951864523,6.782738888895166,324.75625000007426,-2.9048574713366815,-9.484012028091957,-4.922068901252494,397.3843697451057
12856610.0,2.0299,-0.7559,10.5305,0.0038,0.0443,9.8065,0.1613,-0.3272,-0.0142,209.44,-87.21,-124.41,52.213993,-2.186553,8.78,3,259.51,25 / 27,-1.1490411993377452,15.126473687567604,-1.3586414707762315,-32.38461195928034,-84.72160064657446,-120.8654402257276,False,77.30000000000109,-3.9471330310103476,5.2871994429705405,-37.596760158366,311.66825989319494,6.598055555558886,323.25700000002695,-2.7980918316726022,-9.839274244597064,-5.212148199085661,396.3898605397694
12856710.0,4.7594,-1.9366,9.6362,-0.0281,0.0238,9.8066,0.0375,-0.2487,-0.0982,215.1,-87.04,-125.95,52.213993,-2.186553,8.78,3,259.51,25 / 27,-1.2751850630030932,15.401101719637753,-1.330971470776634,-32.50582327239562,-83.1952218762364,-120.99992087280329,False,77.39999999999964,-4.0621880718041234,5.16508754077471,-38.005568713957075,312.190876047803,6.571111111111601,321.8160000000262,-2.7870030088010305,-10.236014178863043,-5.499745441561458,395.3860979240394
12856810.0,3.1954,-1.8208,9.7127,-0.0109,-0.0146,9.8066,0.0056,-0.2796,0.0063,207.89,-87.19,-128.84,52.213993,-2.186553,8.78,3,259.51,25 / 27,-1.4298855231893277,15.74926932866903,-1.344191470776682,-32.64107680170573,-81.6377033238154,-121.13367901988144,False,77.5,-4.104140216150493,4.8847142276878595,-38.407563793586874,312.6690142320112,6.380000000000001,319.963,-2.6742546929611652,-10.864555100981171,-5.766486991881145,394.3067175558266
12856909.0,1.0306,-4.1264,7.9805,-0.0092,0.0328,9.8066,-0.2453,-0.1165,0.0115,202.38,-87.24,-135.33,52.213993,-2.186553,8.78,3,259.51,25 / 27,-1.412717542924683,16.097581656147547,-1.4392364207768356,-32.7817856534786,-80.06128420006443,-121.27145870051356,False,77.59900000000016,-4.25854167380982,4.635504897244219,-38.83252028703832,313.1203544393399,6.294750000004824,317.42662000014354,-2.845824130885137,-11.462076758903327,-6.0507346335597205,393.18163863940435
12857010.0,1.7075,-3.1315,9.836,0.018,-0.0505,9.8064,-0.0564,-0.2011,0.0317,197.02,-87.39,-143.73,52.213993,-2.186553,8.78,3,259.51,25 / 27,-1.3308174209824308,16.480830196115328,-1.5299748207773454,-32.92033416915669,-78.41607440151591,-121.42140386821289,False,77.70000000000073,-4.463342355175639,4.380605124303892,-39.28650218795912,313.5585736451326,6.2538888888903434,314.46400000010686,-3.132524934193208,-12.100225071811437,-6.366168018802433,391.9746480466485
12857110.0,-2.6433,-2.2683,12.7523,0.0115,-0.0285,9.8065,-0.2966,-0.2009,0.2423,191.97,-87.72,-147.85,52.213993,-2.186553,8.78,3,259.51,25 / 27,-1.1276530233227613,16.74124680718975,-1.381224820776804,-33.043257691372396,-76.75497055134461,-121.56696385029113,False,77.80000000000109,-4.6745735489344,4.153199479493549,-39.74981855093082,313.969994873372,6.25305555555557,311.62000000005173,-3.5469205256116387,-12.588047327696202,-6.706560859558422,390.72496542471663
12857210.0,-2.9251,-4.9813,8.179,0.0561,-0.0177,9.8065,-0.3008,0.0142,0.0565,178.99,-87.74,-157.19,52.213993,-2.186553,8.78,3,259.51,25 / 27,-0.7487069573740055,17.091948714749968,-1.315324820777763,-33.13707569040587,-75.06331077527224,-121.7017913323669,False,77.89999999999964,-4.875665949552824,3.9390864417904115,-40.24038881758031,314.35917711745986,6.268055555555283,308.93500000004883,-4.126958992178818,-13.152862272959556,-7.103313127174438,389.4224878927321
12857310.0,-1.5596,-1.8353,11.7387,0.0236,-0.0531,9.8064,0.1799,-0.1421,0.0918,185.68,-88.01,-155.16,52.213993,-2.186553,8.78,3,259.51,25 / 26,-0.43648114056801673,17.447405682948695,-1.3001048207777075,-33.19633509530319,-73.33634305538102,-121.83256281444514,False,78.0,-4.958186636035764,3.6027301168116974,-40.737772560154006,314.715000882156,6.128888888888889,306.003,-4.521705495467748,-13.844675566136997,-7.541437464850816,388.051343937537
12857411.0,-1.2262,-2.5859,10.2306,0.0224,0.0454,9.8065,0.0729,0.1093,0.1015,179.51,-87.65,-156.6,52.213993,-2.186553,8.78,3,259.51,25 / 26,-0.2034759265360464,17.683030862344584,-1.181126820777039,-33.22865292719213,-71.56225600983375,-121.95786501234436,False,78.10100000000057,-5.142258294640789,3.3643814739327538,-41.254097765796885,315.0515879250039,6.145169444443557,303.1952500001716,-4.938782368104743,-14.31864938841183,-8.025444838604756,386.61384393483763
12857509.0,-4.1182,-2.8115,8.8779,-0.0007,0.0171,9.8066,0.1083,-0.0497,0.1353,175.74,-87.61,-158.39,52.213993,-2.186553,8.78,3,259.51,25 / 26,0.12673958330438623,17.989172165209812,-1.2058620207770279,-33.23241300801048,-69.81431806148436,-122.07482746558046,False,78.19900000000052,-5.33693942388327,3.0795006586178295,-41.77491986557978,315.34580970151836,6.161774999999347,299.98575000012625,-5.463679007187656,-14.909671506591982,-8.5425068575693,385.1601277630027
12857610.0,-0.3035,-1.3819,10.039,0.0169,0.0094,9.8066,0.0091,-0.0391,0.0729,172.73,-87.56,-161.91,52.213993,-2.186553,8.78,3,259.51,25 / 26,0.41088531043312515,18.24958388395602,-1.2410302207772255,-33.20526295087659,-67.9842608809912,-122.19839552377964,False,78.30000000000109,-5.4311425847607735,2.7637243013974353,-42.32531245086209,315.6156797884211,6.093888888890127,296.9700000000543,-5.842027895193898,-15.485859582558586,-9.120049499985505,383.5999406694123
12857709.0,-3.6062,-3.7414,10.2982,0.0061,-0.0001,9.8066,-0.0219,0.4097,-0.1799,166.32,-87.56,-163.87,52.213993,-2.186553,8.78,3,259.51,25 / 26,0.6231444347174316,18.579434298966827,-1.2051971707771676,-33.15407847849155,-66.16122448093357,-122.31948377966178,False,78.39900000000125,-5.602892476453265,2.31437073874212,-42.87843042651791,315.83584574265177,6.062263888888959,292.44372000001,-6.226036911170697,-16.265063560224707,-9.72435194802636,381.99707022358535
12857810.0,-2.6256,-3.7216,9.4031,-0.0078,-0.021,9.8066,-0.0614,0.2512,0.0721,156.75,-87.55,-171.63,52.213993,-2.186553,8.78,3,259.51,25 / 26,0.874682127317848,19.08016200147178,-1.2007531707772225,-33.0784382371097,-64.25941486778498,-122.44098427190877,False,78.5,-5.664819802780824,2.016594584000401,-43.44953597862624,316.02710101665707,6.013055555555555,289.595,-6.539501930098671,-17.06356741747138,-10.371097741516536,380.28651588444205
12857910.0,-0.3877,-1.776,10.3531,-0.0041,-0.0145,9.8066,-0.0232,0.6834,-0.1115,143.02,-87.67,-177.59,52.213993,-2.186553,8.78,3,259.51,25 / 26,0.943355261045661,19.447217441472713,-1.1936081707771966,-32.98753636769119,-62.33304589563075,-122.56070233898693,False,78.60000000000036,-5.848601125106236,1.6654660684119567,-44.03549490821376,316.19389340656704,6.081111111107397,285.8950000002019,-6.791956386151897,-17.781751373060757,-11.047958540522565,378.5269393021978
12858010.0,-2.5751,-2.9587,9.2579,-0.0226,-0.0193,9.8065,-0.039,0.6387,-0.177,139.82,-87.61,179.37,52.213993,-2.186553,8.78,3,259.51,25 / 26,0.9584029529595559,19.796133480464906,-1.193723170777197,-32.892448456990586,-60.37087834952673,-122.68006890606509,False,78.70000000000073,-5.923539061548582,1.400920288972898,-44.62826731375845,316.3162078253741,6.086944444444232,283.3060000000942,-6.881942014508138,-18.395213191492008,-11.735818856767864,376.6870861749008
12858110.0,-0.4497,-0.5301,11.0206,0.0036,-0.0215,9.8066,0.0288,0.5455,-0.0969,139.9,-87.69,-176.16,52.213993,-2.186553,8.78,3,259.51,25 / 26,1.0095967342815095,20.09857312296859,-1.1604631707770758,-32.79404847262818,-58.37614301934779,-122.79777822314323,False,78.80000000000109,-6.07647729844645,0.8731439924613484,-45.227853195245245,316.3940442744775,6.138888888887944,278.1770000000933,-7.08607403272796,-19.225429130507244,-12.433804722617069,374.7701872938253
12858210.0,-1.1427,-2.5623,10.9383,-0.0077,0.0151,9.8066,-0.0864,0.6127,-0.0797,132.98,-87.91,-174.53,52.213993,-2.186553,8.78,3,259.51,25 / 26,0.9986528609372991,20.33666563521105,-1.0431831707787824,-32.6936359928687,-56.35438108146823,-122.90796054021942,False,78.89999999999964,-6.329466842601039,0.6716207920848747,-45.861506456321784,316.4607612304453,6.364999999995887,276.05700000003856,-7.328119703538338,-19.66504484312618,-13.167870463453085,372.8151423119135
12858309.0,-1.9432,-2.705,11.0891,-0.0075,-0.0361,9.8066,0.1921,0.4564,-0.0594,124.98,-87.89,-178.14,52.213993,-2.186553,8.78,3,259.51,26 / 27,0.9232042857738414,20.698489628154604,-0.9236852207785892,-32.59850406410634,-54.32314089592835,-123.00532052560166,False,78.9989999999998,-6.512561928166649,0.33906473440822155,-46.50231386713637,316.4827778261492,6.521474999999655,272.98107000000675,-7.43576621394049,-20.359424893746382,-13.903809803030029,370.80591872207754
12858410.0,-1.9972,-3.5791,10.1294,-0.0431,0.0065,9.8065,0.0656,0.5743,-0.1055,116.32,-87.87,-178.95,52.213993,-2.186553,8.78,3,259.51,26 / 27,0.7723120070760402,21.111782223997466,-0.8426226207781335,-32.51288049131694,-52.2117221673828,-123.09451907160077,False,79.10000000000036,-6.696678913571182,-0.24368350752413104,-47.176507309990114,316.4496417373155,6.701111111101394,267.9160000002747,-7.468990920647222,-21.355465731521598,-14.663626818673173,368.6613639046983
12858510.0,-1.3107,-5.2362,9.4024,-0.0449,-0.0321,9.8065,0.0911,0.349,0.0512,103.34,-87.51,171.86,52.213993,-2.186553,8.78,3,259.51,26 / 27,0.42237710826920405,21.49032668156596,-0.8466976207781483,-32.45314603554946,-50.08161672209688,-123.1789850836789,False,79.20000000000073,-6.80309805916334,-0.6056044892001453,-47.851041426649125,316.3718052896308,6.829999999995311,264.91300000010926,-7.225475167432545,-22.095931170766107,-15.397895391099667,366.4534220117277
12858609.0,-1.2925,-5.8839,10.711,0.0014,0.0286,9.8065,0.0591,0.4861,0.035,102.76,-87.25,172.22,52.213993,-2.186553,8.78,3,259.51,26 / 27,-0.08908512483033759,21.825281153444195,-0.8219426707781081,-32.43664808236921,-47.93749413426041,-123.26158277811106,False,79.29900000000089,-6.923730145187079,-0.969927784358722,-48.53232088447839,316.2727306093178,6.991424999996678,262.0261600000594,-6.834645020356741,-22.795208937802915,-16.095672802109178,364.21022474357824
12858710.0,-0.7667,-5.2958,9.1209,-0.0263,0.034,9.8065,-0.0135,0.4031,0.1668,93.8,-87.05,173.75,52.213993,-2.186553,8.78,3,259.51,26 / 27,-0.6403281354216137,22.097014844585466,-0.8109033707782448,-32.47348345201148,-45.7194181863874,-123.34404150320864,False,79.39999999999964,-7.0464285705112255,-1.3885857567026378,-49.24099051549802,316.1160569588932,7.181944444441009,258.8520000000572,-6.406100435089612,-23.485600601288105,-16.76750706348654,361.8354751452806
12858809.0,-0.763,-2.1646,10.1412,-0.0073,0.038,9.8065,0.0686,0.5193,0.0306,85.39,-87.07,171.28,52.213993,-2.186553,8.78,3,259.51,26 / 27,-1.033183528586433,22.26302382700827,-0.8282877707782729,-32.55632227938001,-43.52359627213996,-123.42518146471582,False,79.4989999999998,-7.0976945941054135,-1.8320363143006375,-49.935760655666094,315.91790759826654,7.330444444444116,255.52758000000736,-6.06451106551898,-24.095060141308906,-17.379438376286082,359.4415038704065
12858910.0,1.2027,-2.9739,9.3366,-0.0181,-0.0228,9.8066,-0.0326,0.5095,-0.02,80.83,-86.99,172.05,52.213993,-2.186553,8.78,3,259.51,26 / 27,-1.3176003258660982,22.288992708453137,-0.8351305207783113,-32.67503686403053,-41.27371943708652,-123.5091840884399,False,79.60000000000036,-7.136917101590024,-2.216071664303673,-50.65819350804927,315.68239674440633,7.473055555547854,252.75000000014973,-5.819316775723926,-24.50506437275681,-17.98315664401874,356.95611618149286
12859009.0,0.3983,-4.5411,9.7697,0.0055,0.0152,9.8066,0.0005,0.6524,-0.0228,72.53,-86.97,169.12,52.213993,-2.186553,8.78,3,259.51,26 / 27,-1.7035693303022315,22.19478564299406,-0.8602270207783518,-32.824584762011106,-39.07177240868632,-123.59310428674709,False,79.69900000000052,-7.218625134354259,-2.4665657330902726,-51.36645433055564,315.4402141937738,7.628430555549504,251.13531000006293,-5.515055804052027,-24.661351376084333,-18.541869568544534,354.5119866024601
12859109.0,0.7169,-5.8587,9.5741,0.0057,-0.0014,9.8066,-0.0038,0.3056,0.0768,67.98,-87.05,169.73,52.213993,-2.186553,8.78,3,259.51,26 / 27,-2.2225806679326086,22.03458091560626,-0.8737020207784008,-33.020892261923564,-36.86030408074826,-123.67980073882525,False,79.79900000000089,-7.3519128293335,-2.6770259190282366,-52.102105326252236,315.1625604615466,7.8241499999960045,249.9923800000232,-5.1293321614008915,-24.711606834634495,-19.081213064328672,352.0228645422949
12859210.0,-0.4286,-3.9822,10.1964,-0.0148,0.0208,9.8065,0.059,0.4386,0.0924,64.53,-86.96,171.2,52.213993,-2.186553,8.78,3,259.51,26 / 27,-2.7297646573273595,21.890172702041497,-0.8657634207784991,-33.27098570084609,-34.64210402308453,-123.76764374362278,False,79.89999999999964,-7.402042260021134,-2.949521947238029,-52.84531928024199,314.85955428722946,7.968055555552973,248.27400000003104,-4.672277602693775,-24.839694649279526,-19.574333579395898,349.501658310314
12859310.0,0.2231,-4.9037,9.6153,-0.0121,-0.0104,9.8066,0.04,0.6657,0.0383,51.57,-86.81,167.47,52.21419,-2.18754,5.86,2,277.16,23 / 26,-3.167463819158708,21.720238796076103,-0.855843420778463,-33.565847124671464,-32.461583448170714,-123.85372408570095,False,80.0,-7.487063392130934,-3.3045300888162386,-53.58798815615869,314.525969507386,8.18388888888889,246.185,-4.319599572972226,-25.024768884892342,-20.022141031487223,346.9875529555567
12859410.0,0.2825,-4.6741,9.3638,0.0032,0.0024,9.8066,-0.023,0.4401,-0.0519,53.86,-86.79,167.9,52.21419,-2.18754,5.86,2,277.16,23 / 26,-3.602089900276051,21.461503938373045,-0.8875534207785784,-33.90432481064443,-30.3024963114404,-123.94089392777911,False,80.10000000000036,-7.439910166915538,-3.611182175983958,-54.33065703204856,314.14790675574466,8.269999999995301,244.1090000001133,-3.8378202666394867,-25.072686114357005,-20.42633222140413,344.45040306718505
12859510.0,1.4283,-4.0435,9.5248,-0.0271,0.0148,9.8065,-0.0512,0.6011,0.0258,48.86,-86.75,172.23,52.21419,-2.18754,5.86,2,277.16,23 / 26,-3.958003069806942,21.17542445722133,-0.9237884207787102,-34.282329459149956,-28.170649891652925,-124.0314610198573,False,80.20000000000073,-7.4962919671137405,-3.798809708381501,-55.07332590796538,313.7698440054904,8.403888888884019,243.12600000003576,-3.5382888973067983,-24.97423416560283,-20.790996448815427,341.94049389714337
12859609.0,0.1046,-3.1439,9.9976,-0.0265,0.028,9.8065,-0.0002,0.5118,0.0865,41.5,-86.75,168.79,52.21419,-2.18754,5.86,2,277.16,23 / 26,-4.235834334759941,20.912145853060494,-0.9282879707787173,-34.68792441067667,-26.087315161290608,-124.12313880123955,False,80.29900000000089,-7.6517087828555574,-3.9172074683331704,-55.828804118614855,313.3845535852385,8.596113888884933,242.89038000000485,-3.4158744480956162,-24.829353321393665,-21.140879707938183,339.47186874652914
12859710.0,1.2273,-1.7149,10.3829,0.0162,-0.0066,9.8066,-0.0049,0.601,-0.0387,39.88,-86.76,170.29,52.21419,-2.18754,5.86,2,277.16,23 / 26,-4.424164439815261,20.720014882721284,-0.8895443707791973,-35.1252543487873,-23.984891044159678,-124.21493933448708,False,80.39999999999964,-7.656500984895743,-4.08492850531971,-56.59954451532803,312.96924053387295,8.678055555554101,241.91900000001763,-3.232336545080482,-24.804943388040993,-21.474290166540726,336.9541315780326
12859810.0,-0.6386,-4.0688,9.996,-0.0121,-0.0056,9.8066,-0.0092,0.58,-0.0486,39.22,-86.55,174.58,52.21419,-2.18754,5.86,2,277.16,23 / 26,-4.664467970005211,20.51200054346924,-0.851264370779058,-35.57968596927998,-21.92329027284265,-124.30197977156531,False,80.5,-7.744101986959267,-4.248735678187618,-57.376280770873315,312.5466998125015,8.833055555555555,241.249,-3.0796340169540555,-24.76073622165686,-21.796594801593336,334.4699900853442
12859910.0,0.1107,-3.2483,10.8253,-0.0022,0.014,9.8065,0.0232,0.2923,0.0137,40.1,-86.36,177.61,52.21419,-2.18754,5.86,2,277.16,23 / 26,-4.997198193166356,20.281483405324323,-0.7908643707788382,-36.06276927744032,-19.88361607539555,-124.38408620864351,False,80.60000000000036,-7.848810756436921,-4.325808356229235,-58.153017026416514,312.1130395987357,8.961944444437414,241.139000000006,-2.8516125632705656,-24.607291761553558,-22.090247748976196,331.99665567413126
12860010.0,-0.0462,-1.2489,9.8783,-0.0163,-0.0073,9.8066,-0.0104,0.3683,0.0299,39.6,-86.06,178.82,52.21419,-2.18754,5.86,2,277.16,23 / 26,-5.218026306211696,20.142006903384267,-0.7363493707786398,-36.57353050241108,-17.862441559952767,-124.46044689572166,False,80.70000000000073,-7.883270405549879,-4.4284090878495395,-58.943380233791125,311.66825989322064,9.041944444441535,240.6750000000169,-2.6652440993381825,-24.57041599123381,-22.369849731380043,329.5307014531734
12860111.0,-0.931,-1.3522,10.5456,0.016,-0.0227,9.8065,0.069,0.3633,0.0291,30.51,-85.77,174.67,52.21419,-2.18754,5.86,2,277.16,23 / 26,-5.4172664066970375,20.088380377978755,-0.6954140707784098,-37.11061278441599,-15.830807002232518,-124.5327509495207,False,80.8010000000013,-8.020567009525275,-4.539289713508961,-59.74866495348843,311.20769050623915,9.215999999998399,240.49206000000314,-2.603300602828237,-24.627670091487715,-22.638052169072438,327.03849750847166
12860210.0,0.89,-4.1493,9.2334,0.0247,-0.0277,9.8065,-0.031,0.3177,-0.2332,27.62,-85.74,172.09,52.21419,-2.18754,5.86,2,277.16,23 / 26,-5.630284068201335,19.871091152901563,-0.6872119207785472,-37.6574665329143,-13.852813161487088,-124.60119093610163,False,80.89999999999964,-8.09130255699045,-4.615197496446481,-60.55136055229456,310.74534200138464,9.31499999999818,240.30000000000354,-2.461018488789116,-24.486288649348044,-22.893894019380262,324.5981551628717
12860312.0,0.3261,-0.8402,8.9084,0.0171,-0.0095,9.8065,0.0669,0.4413,-0.1745,25.71,-85.69,170.37,52.21419,-2.18754,5.86,2,277.16,26 / 26,-5.77822001716043,19.633100708692886,-0.7622584207791145,-38.23930024127215,-11.838099376530536,-124.67511392352164,False,81.00200000000041,-8.114493123837661,-4.692487565825602,-61.37170305375135,310.26920532560047,9.373616666666749,239.959820000002,-2.3362731066772318,-24.325588274518488,-23.1324028124792,322.107304702131
12860410.0,1.4105,-2.3515,9.5044,0.0139,0.0044,9.8066,-0.0511,0.2721,0.0361,24.79,-85.7,173.74,52.21419,-2.18754,5.86,2,277.16,26 / 26,-5.850675498853826,19.46916800804962,-0.8210829207790883,-38.80911612155659,-9.922088209411006,-124.75269764925795,False,81.10000000000036,-8.193356395151412,-4.609750655454022,-62.1729678225837,309.82242410957275,9.40111111110958,240.63699999996228,-2.342680896297586,-24.078918663503643,-23.36385170102711,319.74451231898377
12860509.0,-1.0744,-2.1419,10.4728,-0.0031,0.0172,9.8066,0.0376,0.2286,-0.1603,26.98,-85.85,175.79,52.21419,-2.18754,5.86,2,277.16,26 / 26,-6.015696477588346,19.27861168868047,-0.8030698707790591,-39.396501534391426,-8.004073114419766,-124.83309321244022,False,81.19900000000052,-8.241616242159546,-4.622663778435327,-62.98915410374253,309.37108390291144,9.449511111109226,240.71223999999705,-2.2259197645712003,-23.9012754671158,-23.592652569351102,317.3751570173312
12860610.0,-0.311,0.3358,8.2479,-0.0105,-0.0107,9.8066,-0.1282,0.1899,0.1164,25.99,-85.71,176.28,52.21419,-2.18754,5.86,2,277.16,26 / 26,-6.2054624024258755,19.244905439714664,-0.8481461707793124,-40.01367005783561,-6.058635499424881,-124.91647962253938,False,81.30000000000109,-8.25133573228327,-4.738215237103799,-63.81501552073099,308.8883867260101,9.514999999998816,240.13400000001053,-2.045873329857394,-23.983120676818462,-23.801345462895377,314.947022225435
12860710.0,1.9821,-3.0338,10.2875,-0.0023,0.0496,9.8065,-0.009,-0.1955,0.119,25.99,-85.75,176.22,52.21419,-2.18754,5.86,2,277.16,26 / 26,-6.274415842026984,19.102088968800228,-0.9020411707785281,-40.637663970049175,-4.141285779027037,-125.003988989616,False,81.39999999999964,-8.330406067181515,-4.7065934464370685,-64.64625958366167,308.4213680335293,9.56805555555459,240.53399999999272,-2.055990225154531,-23.808682415237296,-24.0085956136125,312.56265381255633
12860810.0,-2.4774,0.1483,10.0946,-0.0412,0.0267,9.8065,-0.0373,-0.3558,0.3238,28.58,-85.6,178.49,52.21419,-2.18754,5.86,2,277.16,26 / 26,-6.441595107796262,19.005046855229793,-0.8636011707783882,-41.27346451754265,-2.2359289878186046,-125.09227110669417,False,81.5,-8.330044144126424,-4.711185048043119,-65.47750364660774,307.9432298500294,9.569999999999999,240.509,-1.8884490363301616,-23.716231903272913,-24.204039129065094,310.17915883784804
12860910.0,4.8631,-5.3119,10.6951,-0.0728,0.0634,9.8061,0.0353,0.275,-0.1126,31.05,-85.56,-179.34,52.21419,-2.18754,5.86,2,277.16,26 / 26,-6.5592297376065005,18.73854445259032,-0.8047811707781741,-41.92350575981515,-0.3487494224207335,-125.1756902237723,False,81.60000000000036,-8.415267359776783,-4.726870721950315,-66.32237466137633,307.4762111575743,9.651944444439973,240.6769999999908,-1.8560376221702821,-23.465415174540638,-24.39886890156118,307.82496057999504
12861010.0,-4.917,3.542,6.6443,0.0593,-0.039,9.8063,-0.2791,-0.6759,0.2333,33.33,-85.47,-175.01,52.21419,-2.18754,5.86,2,277.16,26 / 26,-6.678812027903405,18.69278118346003,-0.9184761707785877,-42.585407848093055,1.522816859388593,-125.26185309085047,False,81.70000000000073,-8.354023023429983,-4.7499894025177545,-67.14680524840858,306.9980729733675,9.610000000001525,240.37800000001087,-1.6752109955265784,-23.442770585977787,-24.561397400315528,305.47525611397896
12861109.0,-5.7229,1.7393,10.3821,-0.0857,0.1362,9.8053,0.1734,0.9606,-0.7708,42.2,-85.55,-168.08,52.21419,-2.18754,5.86,2,277.16,26 / 26,-7.016905071944313,19.25873107012774,-1.0465277207787946,-43.263345844536616,3.401416715944225,-125.35912078348271,False,81.79900000000089,-8.399913399321866,-4.73927401635529,-67.9764822119056,306.5357244678039,9.644649999999286,240.5680799999961,-1.3830083273775529,-23.998005086483033,-24.71313636736899,303.1343077518597
12861210.0,-7.8275,6.3645,6.1761,0.0208,-0.0881,9.8062,-0.092,-0.1237,0.2728,36.38,-85.33,-173.78,52.21419,-2.18754,5.86,2,277.16,26 / 26,-7.379500924661129,20.04564792289251,-1.2008102707768828,-43.990364347356184,5.386287855067153,-125.47261135205487,False,81.89999999999964,-8.439874939777763,-4.734106545248455,-68.82973380211072,306.05291609667955,9.676944444443864,240.71099999999745,-1.0603740151166337,-24.779754468140965,-24.83936945475454,300.6666282416124
12861310.0,3.9056,-6.3561,11.696,0.0606,-0.0815,9.806,-0.4012,-1.2097,0.6161,34.43,-85.29,-174.22,52.21419,-2.18754,5.86,2,277.16,26 / 26,-7.605786714679329,20.19019283214192,-1.2878702707771996,-44.739628729325936,7.398079892826194,-125.59704537913302,False,82.0,-8.400166981783789,-4.743493627311723,-69.66779134097182,305.5858974048976,9.646944444444443,240.547,-0.7943802671044597,-24.933686459453646,-24.92816261164588,298.1878175120714
12861410.0,2.4361,-3.2871,9.1446,0.1686,-0.1292,9.8043,-0.185,-0.9476,0.8764,54.28,-85.39,-157.81,52.21419,-2.18754,5.86,2,277.16,26 / 26,-7.76146463316073,19.663243087683526,-1.2265052707769764,-45.50799129672073,9.390751688824716,-125.72276415621118,False,82.10000000000036,-8.42439897987738,-4.731032897302234,-70.5058488797989,305.1077592193103,9.661944444443625,240.68199999999263,-0.6629343467166491,-24.39427598498576,-24.997857583078172,295.7170075304856
12861510.0,-7.0092,3.3143,9.6784,0.0076,0.0128,9.8066,0.1347,-0.5509,0.1525,44.45,-85.6,-164.93,52.21419,-2.18754,5.86,2,277.16,26 / 26,-8.029654134728613,19.87946444015507,-1.26602027077712,-46.297547235118074,11.367887065223838,-125.84739043328935,False,82.20000000000073,-8.406796035040784,-4.659963135942584,-71.34390641868696,304.6518600213677,9.611944444446264,240.99999999998843,-0.37714190031217143,-24.53942757609765,-25.04635918356888,293.2839729561439
12861610.0,-1.3815,0.4818,7.8287,0.0677,-0.0824,9.806,-0.2437,-0.8911,0.4743,37.49,-85.36,-171.45,52.21419,-2.18754,5.86,2,277.16,26 / 26,-8.281953535525378,20.3407730871851,-1.371330270777503,-47.11312761863374,13.378898941598163,-125.97925796036756,False,82.30000000000109,-8.30636142102049,-4.696068965024985,-72.1683370057457,304.1737218364538,9.541944444445718,240.51800000000875,-0.02440788549511197,-25.036842052210083,-25.055209387111958,290.79482289485566
12861710.0,-7.4979,3.8413,10.1669,0.1053,-0.0355,9.806,-0.0309,-0.8499,0.7315,40.18,-85.55,-168.83,52.21419,-2.18754,5.86,2,277.16,26 / 26,-8.564057835975857,20.82410307928273,-1.4522152707763258,-47.955428187196546,15.437142749891603,-126.1204352374432,False,82.39999999999964,-8.441500319680854,-4.632124090238217,-73.01320802050584,303.71782263710566,9.628888888887309,241.2449999999868,0.12255751629500367,-25.456227169520947,-25.057779833309297,288.28067988721403
12861810.0,5.0981,-5.2197,9.7612,0.104,-0.0754,9.8057,-0.1378,-0.4089,0.4282,48.66,-85.4,-161.19,52.21419,-2.18754,5.86,2,277.16,26 / 26,-8.829763265216075,20.889978727178345,-1.4364752707762685,-48.825119242259305,17.522846840222243,-126.26486976452136,False,82.5,-8.381285970244312,-4.646396374164613,-73.84445208347923,303.2508039453241,9.583055555555555,240.997,0.44847729497176303,-25.53637510134296,-25.01933284121992,285.72795710510184
12861910.0,-4.3888,2.4456,11.2022,0.0916,-0.0164,9.8062,-0.0069,-0.9559,0.4846,38.45,-85.69,-167.6,52.21419,-2.18754,5.86,2,277.16,26 / 26,-9.02929340395222,20.798256700899092,-1.3689702707760227,-49.71807207572097,19.607258611633696,-126.40514204159949,False,82.60000000000036,-8.348101701742165,-4.7502866205468015,-74.67569614636481,302.783785252869,9.604999999998803,240.35900000003483,0.6811917022100555,-25.548543321445894,-24.957624070643845,283.1765266412353
12862010.0,6.7762,-4.9274,9.5544,0.0167,-0.0612,9.8064,-0.1039,-0.0719,0.0028,45.67,-85.57,-163.86,52.21419,-2.18754,5.86,2,277.16,26 / 26,-9.141891437964487,20.6538601092475,-1.3118052707758148,-50.626631317820106,21.679864452148564,-126.53918081867756,False,82.70000000000073,-8.366644855676448,-4.527414257844245,-75.50694020933797,302.32788605421973,9.5130555555589,241.58099999995554,0.7752465822880392,-25.181274367091746,-24.880308891517863,280.64802160207114
12862109.0,-2.4042,1.9834,8.8313,0.1107,-0.0803,9.8057,-0.0822,-0.8445,0.6277,39.99,-85.32,-169.27,52.21419,-2.18754,5.86,2,277.16,26 / 26,-9.186134924690203,20.43376637491254,-1.372571470775913,-51.53386862277298,23.713701963117774,-126.67205746738459,False,82.79900000000089,-8.350584735607683,-4.581599428282481,-76.3298718316529,301.8765458461579,9.524880555555313,241.24836000000684,0.8355501890825199,-25.01536580319502,-24.796003208879917,278.1628438830401
12862210.0,4.4594,-3.3262,9.4519,-0.0155,-0.0327,9.8065,-0.1106,0.3496,-0.16,44.05,-85.15,-165.68,52.21419,-2.18754,5.86,2,277.16,26 / 26,-9.247925818295137,20.349508160809755,-1.4397415207750806,-52.464788690282205,25.773257327146233,-126.81407927345616,False,82.89999999999964,-8.234827690629482,-4.5185291384962945,-77.15580138338565,301.42720714864856,9.393055555557954,241.24599999999998,1.0130981276656552,-24.86803729930605,-24.691012693103445,275.65394982150235
12862310.0,2.4136,-0.0732,8.4255,0.0591,-0.0563,9.8063,-0.1842,-0.3664,0.1823,41.01,-85.33,-168.34,52.21419,-2.18754,5.86,2,277.16,26 / 26,-9.191755168600588,20.031598485976684,-1.5265365207753963,-53.386772739630345,27.7923126594929,-126.96239317553422,False,83.0,-8.141925933485654,-4.691652905491741,-77.96660501856003,300.9490689637344,9.396944444444445,240.048,1.0498292351149345,-24.723251391468423,-24.579832278929686,273.1567563042415
12862410.0,-3.2599,1.7264,11.3993,-0.0605,-0.011,9.8064,-0.1011,0.6159,-0.3868,41.1,-85.48,-167.94,52.21419,-2.18754,5.86,2,277.16,26 / 26,-9.247285477719554,20.158460784222477,-1.5159615207753578,-54.308724771949706,29.801815623010167,-127.1145180776123,False,83.10000000000036,-8.074681549143763,-4.688075238156952,-78.76378170184645,300.4820502719866,9.336944444447719,239.8610000000102,1.172603928575791,-24.84653602237943,-24.45505692989675,270.68023464897647
12862510.0,-3.9557,4.3577,9.4434,0.0121,-0.0564,9.8065,-0.1188,-0.0229,0.0266,42.47,-85.28,-168.61,52.21419,-2.18754,5.86,2,277.16,26 / 26,-9.38977578077441,20.662527488678467,-1.454491520775134,-55.2405778348778,31.84286503666264,-127.26304072969037,False,83.20000000000073,-8.163609440585118,-4.454826697146848,-79.5813988129616,300.0372705650551,9.300000000001344,241.37899999994477,1.2261663401892928,-25.117354185825317,-24.340820978083798,268.19440552839245
12862609.0,-3.378,0.0842,11.1626,-0.0637,0.0174,9.8064,0.0452,0.6378,-0.316,38.39,-85.32,-170.55,52.21419,-2.18754,5.86,2,277.16,26 / 26,-9.594706740078639,21.09633796229436,-1.4053528707750547,-56.180309719661544,33.90992887648914,-127.40460302707234,False,83.29900000000089,-8.282269227320796,-4.320624844272906,-80.39758509409371,299.6189552508972,9.341524999999145,242.45017999997796,1.3124375127578425,-25.416962806567266,-24.21727537443217,265.7090263744081
12862710.0,2.624,-3.2387,9.2787,-0.0602,-0.0285,9.8064,-0.1764,0.3953,-0.2616,43.32,-85.02,-168.2,52.21419,-2.18754,5.86,2,277.16,26 / 26,-9.820524712665916,21.0323776997473,-1.3635388707755727,-57.16077890801299,36.03742901739588,-127.54443206001892,False,83.39999999999964,-8.210890342606756,-4.341572962048624,-81.21663303515224,299.18106962989344,9.288055555556536,242.132000000006,1.60963437005916,-25.373950661795924,-24.05585412713925,263.14364061249756
12862810.0,-1.2675,1.5871,10.8014,-0.0418,0.0382,9.8064,-0.0002,0.27,-0.078,47.92,-85.29,-164.49,52.21419,-2.18754,5.86,2,277.16,26 / 26,-9.894633552336057,20.96745361489347,-1.3401988707754877,-58.14653682126668,38.13742058313556,-127.67961894709697,False,83.5,-8.111089448776534,-4.305663397243881,-82.02743667032651,298.7474094160961,9.183055555555555,242.039,1.7835441035595228,-25.273117012137348,-23.88089984905983,260.60998883296054
12862910.0,3.3164,0.0167,9.4914,-0.0355,0.0449,9.8064,-0.0302,0.3129,-0.2445,48.6,-85.43,-162.91,52.21419,-2.18754,5.86,2,277.16,26 / 26,-9.840822528305623,20.989964535844226,-1.3062238707753642,-59.13330962530235,40.235291490680076,-127.81194008417499,False,83.60000000000036,-8.280839009876562,-4.085634504553349,-82.85186725732476,298.3471076803123,9.233888888886113,243.73899999990724,1.5599835184290605,-25.075599040397577,-23.718557632022403,258.11181618963224
12863010.0,-0.4556,1.0671,12.7773,-0.0448,-0.057,9.8063,-0.2206,-0.1401,0.133,46.34,-85.73,-162.89,52.21419,-2.18754,5.86,2,277.16,26 / 26,-9.781180856473991,20.964554540880133,-1.173453870774881,-60.114409794544905,42.333017444523925,-127.93592397125296,False,83.70000000000073,-8.150600820587181,-4.208640456108337,-83.66267089247266,297.9245669589419,9.17305555555777,242.69000000003817,1.63058003588681,-25.17319499698847,-23.548261097927757,255.59154951441798
12863110.0,2.2013,1.321,9.0016,-0.0598,-0.0614,9.8062,-0.3276,0.0181,-0.0131,49.27,-85.21,-162.42,52.21419,-2.18754,5.86,2,277.16,26 / 26,-9.70968047169849,21.0230896523945,-1.0651738707744869,-61.08895286095707,44.432399654195294,-128.04785535833085,False,83.80000000000109,-8.096757725704792,-4.214725679870909,-84.46666105173226,297.5020262382776,9.128055555556374,242.50100000000344,1.6129227459936981,-25.23781533226541,-23.377708190775188,253.0696265840823
12863210.0,0.0772,-2.3357,12.033,0.0028,-0.0519,9.8064,-0.0233,-0.4498,0.1481,48.66,-85.53,-161.2,52.21419,-2.18754,5.86,2,277.16,26 / 26,-9.745271742012463,20.949759974651133,-0.994108870775521,-62.06170047162846,46.53104213551703,-128.15081949540686,False,83.89999999999964,-7.983974049045909,-4.182263601416112,-85.25702425914766,297.090605009339,9.01305555555765,242.3530000000027,1.7612976929665543,-25.132023576067247,-23.195323787519193,250.559562873822
12863310.0,-4.2647,2.5376,9.386,0.0134,-0.0793,9.8063,-0.1821,-0.2724,0.3221,45.85,-85.28,-164.07,52.21419,-2.18754,5.86,2,277.16,27 / 27,-9.961569582334821,21.155924363754703,-0.9038238707751926,-63.047042537849414,48.63632635244498,-128.24571613248474,False,84.0,-7.958577264920453,-4.210826883374344,-86.047387466523,296.6680642879675,9.00388888888889,242.117,2.0029923174143685,-25.36675124712905,-23.00034492867359,248.03173793552253
12863410.0,-0.4759,-1.3107,12.4755,0.0456,-0.01,9.8065,0.1663,-0.3511,0.0537,51.28,-85.16,-161.6,52.21419,-2.18754,5.86,2,277.16,27 / 27,-10.157646084919056,21.42133285256092,-0.7914138707747835,-64.05300332121577,50.765189213268506,-128.33047801956255,False,84.10000000000036,-7.795809922207694,-4.1890151177760755,-86.81731024609762,296.2455235666267,8.850000000008396,241.7490000000201,2.361836162711362,-25.610347970336996,-22.76430692488185,245.48033435335816
12863510.0,-2.327,3.668,9.1591,0.0055,-0.0846,9.8062,-0.0706,-0.3415,0.3593,47.63,-85.23,-165.75,52.21419,-2.18754,5.86,2,277.16,27 / 27,-10.238461315871339,21.656071785844603,-0.6903488707744158,-65.072808691259,52.919059445196616,-128.40456615664027,False,84.20000000000073,-7.748836605186089,-4.07737820864231,-87.58723302572825,295.84522183081253,8.756111111114526,242.2469999999819,2.4896247106852503,-25.73344999448691,-22.514424334469254,242.92616238561592
12863610.0,4.5461,-0.5259,7.1187,0.1095,0.0334,9.8059,0.3608,-0.3651,0.3327,50.54,-85.1,-161.63,52.21419,-2.18754,5.86,2,277.16,27 / 27,-10.129420782653797,21.720575671194005,-0.8571238707750224,-66.09120279618897,55.087891818056434,-128.48193979371803,False,84.30000000000109,-7.61124636492655,-3.956256549649612,-88.34352885347538,295.44492009499965,8.578055555558795,242.53499999999477,2.5181744177272476,-25.676832220843618,-22.25232605728641,240.3570282769432
12863710.0,-2.8168,0.2667,9.8444,0.0329,-0.0165,9.8066,0.1569,-0.5179,-0.0124,49.91,-85.2,-164.59,52.21419,-2.18754,5.86,2,277.16,27 / 27,-10.157034913232813,21.69330023427813,-0.9896338707730941,-67.10552558096853,57.25858561329845,-128.5742776807941,False,84.39999999999964,-7.415414586271374,-3.8493702749646665,-89.07938425346427,295.0668573447519,8.355000000004058,242.56599999999943,2.7416203269614394,-25.542670509242797,-21.973858672495737,237.80827173145343
12863809.0,1.5487,-0.046,8.2133,0.0223,0.0235,9.8066,0.0288,-0.0985,-0.0746,43.54,-85.41,-167.49,52.21419,-2.18754,5.86,2,277.16,27 / 27,-10.255981978505758,21.79765853445262,-1.0666360707732185,-68.11596991711123,59.4113880723541,-128.6760630429008,False,84.4989999999998,-7.0970725697139345,-3.7530151220501056,-89.77415439365977,294.69257522060053,8.028300000000721,242.12941000000097,3.158909408791824,-25.550673656502724,-21.65818447654854,235.28118714824643
12863910.0,-1.7065,0.5641,9.443,0.0596,0.0015,9.8064,0.1043,-0.2216,0.157,39.81,-85.42,-170.65,52.21419,-2.18754,5.86,2,277.16,27 / 27,-10.327295287094282,21.856971679071187,-1.1654645707737739,-69.15542541902987,61.61594689814944,-128.78878412529957,False,84.60000000000036,-6.928694555204822,-3.5738690823335384,-90.46933334230431,294.3440903215457,7.796111111123601,242.7149999999678,3.39860073188946,-25.430840761404724,-21.313907923274442,232.72814342339626
12864009.0,0.7136,-1.6265,9.7041,-0.0049,-0.0003,9.8066,0.0071,0.153,-0.1167,41.88,-85.25,-171.57,52.21419,-2.18754,5.86,2,277.16,27 / 27,-10.479203728912161,21.884939469268353,-1.1885414707738111,-70.18534712032385,63.78117149999575,-128.90530742435635,False,84.69900000000052,-6.653138786662956,-3.4187979077312898,-91.11688609430358,294.00283309059876,7.480136111123419,242.80310999999656,3.8260649422492046,-25.303737376999642,-20.931538973979727,230.221661590603
12864110.0,-0.6529,-0.3075,10.195,0.0209,0.0033,9.8066,0.0096,-0.0608,-0.0042,40.0,-85.3,-173.18,52.21419,-2.18754,5.86,2,277.16,27 / 27,-10.621400585841954,21.845844167373475,-1.17410857077373,-71.25092763822492,65.98957607365857,-129.02462125145516,False,84.80000000000109,-6.4227877193754,-3.3821983698672398,-91.76389376825202,293.66580126801676,7.258888888892856,242.22900000001047,4.198612866466554,-25.228042537240714,-20.512966130027095,227.6762251943582
12864210.0,-0.4893,2.3798,9.4613,-0.0033,0.025,9.8066,-0.0219,0.1841,-0.0578,39.72,-85.29,-173.61,52.21419,-2.18754,5.86,2,277.16,27 / 27,-10.67792713332445,21.99718804979737,-1.1719585707737612,-72.31589402416775,68.18172768448521,-129.14192460853081,False,84.89999999999964,-6.175926820666136,-3.211696717793668,-92.37029312561648,293.3433359813113,6.9611111111165265,242.52399999999463,4.502000312658314,-25.208884767591037,-20.054399101448737,225.1616082968261
12864310.0,0.1665,0.725,10.4619,0.0084,0.0357,9.8065,0.1319,0.1145,-0.0632,39.79,-85.49,-171.75,52.21419,-2.18754,5.86,2,277.16,26 / 26,-10.670031486715772,22.16170811979267,-1.1564635707737048,-73.38329195517365,70.38967249297275,-129.2583457156086,False,85.0,-5.920490947762589,-3.0893709619512606,-92.956252055247,293.0431096794512,6.678055555555556,242.444,4.749540538953182,-25.25107908174393,-19.57296010007336,222.65343718647847
12864410.0,-0.4862,2.5222,9.4246,-0.0177,-0.0073,9.8066,-0.0808,0.0815,-0.037,41.75,-85.3,-171.79,52.21419,-2.18754,5.86,2,277.16,26 / 26,-10.65287829195368,22.330729996549177,-1.142803570773655,-74.449437444111,72.61429439879794,-129.3733090726864,False,85.10000000000036,-5.674652359876649,-3.038515159675804,-93.52177055703712,292.7428833776134,6.436944444457601,241.83300000003334,4.978225932077031,-25.36924515622498,-19.072333112926117,220.12858897881546
12864510.0,2.694,2.3946,8.6411,-0.0016,0.0184,9.8065,-0.1226,0.0657,-0.0685,40.89,-85.43,-172.39,52.21419,-2.18754,5.86,2,277.16,26 / 26,-10.484773821745502,22.480315668902296,-1.2201835707739366,-75.5063200497998,74.85484668207866,-129.4914584297642,False,85.20000000000073,-5.532559461679177,-2.88829598627072,-94.0736621070393,292.45377656888616,6.241111111118236,242.43299999997816,4.952214360066326,-25.368611655173016,-18.5673420572395,217.5989298868075
12864610.0,0.1637,2.2092,9.9802,-0.0222,-0.0302,9.8066,-0.073,0.0532,0.0297,40.59,-85.62,-172.29,52.21419,-2.18754,5.86,2,277.16,26 / 26,-10.30479383546416,22.597394664460975,-1.269783570774117,-76.54579843266406,77.10873219875502,-129.61595678684208,False,85.30000000000109,-5.294003971096081,-2.8048055725401735,-94.59148627744035,292.1757892511701,5.991111111115659,242.08500000000635,5.010789864368079,-25.402200237001146,-18.045687844776296,215.06705705241507
12864710.0,2.1342,1.4603,8.9726,-0.0285,-0.02,9.8065,-0.092,0.115,-0.0724,43.49,-85.36,-171.9,52.21419,-2.18754,5.86,2,277.16,26 / 26,-10.176484865048758,22.69342395705374,-1.3028085707736363,-77.5698623676748,79.37327312979781,-129.7445863939176,False,85.39999999999964,-5.117878789718057,-2.8233564588597244,-95.09568349592016,291.89780193416686,5.845000000002658,241.11600000001764,5.058606075330701,-25.516780415913463,-17.525821128245354,212.52452880436906
12864810.0,2.1745,-0.5236,9.2252,0.0176,-0.0169,9.8066,0.0695,-0.3561,0.1303,43.07,-85.36,-172.27,52.21419,-2.18754,5.86,2,277.16,26 / 26,-10.063898464680083,22.619204197679302,-1.3735835707738937,-78.58188153416492,81.6389045375427,-129.87840600099545,False,85.5,-4.931581474349904,-2.7469126600328644,-95.5862537626064,291.61981461857323,5.645,240.882,5.132316990330179,-25.366116857712168,-17.004372228441483,209.98091008103052
12864911.0,2.5037,1.288,9.6769,0.0148,0.0051,9.8065,0.0662,-0.0321,0.0726,39.9,-85.33,-173.4,52.21419,-2.18754,5.86,2,277.16,26 / 26,-9.941596939315527,22.531254294375405,-1.4094991707740956,-79.59215905207238,83.91900269140427,-130.01895167944443,False,85.60100000000057,-4.861201701596513,-2.7934730730261106,-96.06796651052295,291.33893623348376,5.606675000001411,240.11629000002992,5.0803952377190145,-25.324727367401515,-16.475807458450575,207.4199335420795
12865010.0,1.7929,3.0402,9.0105,0.0292,0.0142,9.8065,0.0474,-0.0323,0.0518,38.63,-85.41,-173.48,52.21419,-2.18754,5.86,2,277.16,26 / 26,-8.262649380989375,19.20714499873916,-1.237031537658044,-80.49326924492892,85.98505345641678,-130.14995494951202,False,85.70000000000073,-4.810409681234023,-2.8277833542725315,-96.5401403922028,291.05272049144446,5.580000000000981,239.55100000002076,3.452239699755352,-22.034928353011694,-16.046871147273876,205.06766703502768
12865110.0,1.6746,1.537,10.408,-0.0119,0.0227,9.8066,0.0612,0.2132,-0.1246,42.64,-85.41,-172.59,52.21419,-2.18754,5.86,2,277.16,26 / 26,-8.062399021431883,19.305765913197114,-1.2467715376580795,-81.30952166505296,87.91069900202059,-130.27414510327827,False,85.80000000000109,-4.797417049037365,-2.8925025870762946,-97.01708370700482,290.76361368342515,5.601944444444046,238.9130000000116,3.2649819723945184,-22.198268500273407,-15.70756204195186,202.85291468140457
12865209.0,0.6621,3.0165,9.1302,0.0018,0.0044,9.8066,-0.0014,-0.0593,0.0135,38.48,-85.33,-173.71,52.21419,-2.18754,5.86,2,277.16,26 / 26,-6.722569899886625,16.521990611355612,-1.0629156395093726,-82.04137762665941,89.68417294998882,-130.38847461854826,False,85.89900000000125,-4.721602769187117,-2.8685250934763777,-97.4757669063198,290.47739794208604,5.524669444444614,238.7199500000004,2.0009671306995074,-19.39051570483199,-15.434389279660394,200.79322499209724
12865310.0,1.329,1.7917,9.9328,0.003,0.0117,9.8066,0.0276,0.0683,0.0366,36.69,-85.31,-173.68,52.21419,-2.18754,5.86,2,277.16,26 / 26,-6.57470430095274,16.68502670848206,-1.0907057895090282,-82.71288997379348,91.36112732461984,-130.49723250071233,False,86.0,-4.591171820749198,-3.001060864487505,-97.93690295697206,290.1742805728442,5.484999999999999,236.829,1.9835324802035421,-19.686087572969566,-15.224012983178582,198.81315324822438
12865410.0,0.4631,2.0722,10.3274,-0.0057,-0.0169,9.8066,-0.0411,0.0376,-0.0218,37.32,-85.23,-173.22,52.21419,-2.18754,5.86,2,277.16,26 / 26,-6.467164783591279,16.8165273458956,-1.0583607895089104,-83.36498342802305,93.03620502734482,-130.60468582966362,False,86.10000000000036,-4.510997535327353,-3.0918678683429737,-98.37977889214021,289.86293477787416,5.468888888889768,235.57300000006856,1.9561672482639265,-19.908395214238574,-15.014795464117157,196.82672975052935
12865510.0,1.8594,1.3126,9.9644,-0.018,0.0001,9.8066,-0.046,0.1684,-0.0823,36.24,-85.11,-174.3,52.21419,-2.18754,5.86,2,277.16,26 / 26,-6.352771522531993,16.913549958223765,-1.024435789508787,-84.00598024333155,94.72270889255692,-130.7088256586149,False,86.20000000000073,-4.424830971829188,-3.178392708141749,-98.81584135139899,289.54046948974906,5.448055555556313,234.31000000004596,1.9279405507028056,-20.091942666365515,-14.809861108067437,194.81776059719215
12865609.0,0.8402,2.1085,10.1808,0.0062,-0.0111,9.8066,0.041,0.0352,0.0485,34.34,-85.06,-176.01,52.21419,-2.18754,5.86,2,277.16,26 / 26,-6.227478195925904,17.002557135172246,-0.9981067395087444,-84.62870260439622,96.40155619368274,-130.80894151380141,False,86.29900000000089,-4.266448627958229,-3.3462214582900147,-99.23405250369929,289.1992122595032,5.422205555556087,231.89242000004975,1.9610295679676746,-20.34877859346226,-14.605349899303064,192.7976560658205
12865710.0,0.2966,0.8625,10.1342,-0.0205,-0.0059,9.8066,-0.0585,0.0821,-0.0471,35.11,-84.92,-175.49,52.21419,-2.18754,5.86,2,277.16,26 / 26,-6.177560544153701,17.121617655908395,-0.9626708895091834,-85.25515706076249,98.12482702061095,-130.90796078406558,False,86.39999999999964,-4.123560063080409,-3.37101052713988,-99.6402719383966,288.8621804369345,5.326111111112854,230.73400000002064,2.0540004810732926,-20.492628183048275,-14.38511487763411,190.73735341632357
12865810.0,0.4624,-0.6505,11.0951,-0.0035,0.0124,9.8066,0.1446,0.0789,-0.081,34.04,-84.89,-176.45,52.21419,-2.18754,5.86,2,277.16,26 / 26,-6.221414483769969,17.13603924893781,-0.8818708895088894,-85.87510581216092,99.8377098658595,-131.0001878730168,False,86.5,-3.9906178798091796,-3.3882434884977335,-100.03545354213858,288.5285956570904,5.235,229.667,2.2307966039607896,-20.52428273743554,-14.160347729977659,188.69088579123093
12865909.0,0.5368,0.6622,10.4136,-0.0029,-0.0173,9.8066,0.1297,0.1186,0.0227,29.21,-84.75,-176.52,52.21419,-2.18754,5.86,2,277.16,26 / 26,-6.26343411315465,17.135258219996782,-0.7880485895087376,-86.49310581770969,101.5341390905745,-131.08284888722832,False,86.59900000000016,-3.791826338695116,-3.5051589500047062,-100.39970196511229,288.17633013006827,5.163775000004031,227.2494200001368,2.4716077744595344,-20.640417170001488,-13.906596147402595,186.64219103949375
12866010.0,1.254,0.634,8.6935,0.0213,0.015,9.8065,0.132,0.146,-0.0105,32.58,-84.53,-176.6,52.21419,-2.18754,5.86,2,277.16,26 / 26,-6.23699302232202,17.166573259469423,-0.8136116895088811,-87.12437738805481,103.26638158029728,-131.16373273131916,False,86.70000000000073,-3.482360353384079,-3.4242571527689645,-100.74405503840141,287.8280676201505,4.883888888899046,225.4820000000634,2.754632668937941,-20.59083041223839,-13.619677650346603,184.5616860398532
12866110.0,1.0534,0.3478,10.1102,0.0013,-0.0014,9.8066,0.0484,0.1877,-0.1479,27.66,-84.46,-178.23,52.21419,-2.18754,5.86,2,277.16,26 / 26,-6.195927605850567,17.171589625431828,-0.8540916895090283,-87.7460234194657,104.98328972454858,-131.24711790027035,False,86.80000000000109,-3.1478630249028408,-3.36376210376013,-101.05066145506107,287.494482840306,4.606944444449482,223.1010000000433,3.0480645809477265,-20.53535172919196,-13.304638035595374,182.5111931157574
12866209.0,1.1793,-0.379,9.7422,0.0027,-0.0072,9.8066,0.0476,0.1122,-0.0871,21.86,-84.29,178.07,52.21419,-2.18754,5.86,2,277.16,26 / 26,-6.178845090341657,17.136565281146716,-0.842256239509009,-88.35857466792821,106.68154339242697,-131.33108712275688,False,86.89900000000125,-2.9029158062344775,-3.376237223797586,-101.32722044290301,287.1532256100595,4.452669444444785,220.6883700000053,3.275929284107179,-20.5128025049443,-12.968645774974803,180.47168221763252
12866310.0,0.4881,0.1662,10.0955,0.0189,-0.0107,9.8066,0.0615,0.1361,0.026,22.63,-84.19,176.12,52.21419,-2.18754,5.86,2,277.16,26 / 27,-6.191319240544283,17.10446026128913,-0.8309240395091493,-88.98326796663021,108.41071518229856,-131.41558272684625,False,87.0,-2.8028858317961918,-3.3280623364280206,-101.60936648097282,286.816193787491,4.351111111111111,220.104,3.3884334087480914,-20.432522597717153,-12.626098514342615,178.40547860519243
12866410.0,2.3106,-0.1121,8.9514,0.0094,0.0023,9.8066,0.001,0.2666,-0.0355,17.72,-84.0,175.41,52.21419,-2.18754,5.86,2,277.16,26 / 27,-6.143205794938091,17.068604151793593,-0.8592440395092523,-89.59999421840656,110.11936840295891,-131.50009113079747,False,87.10000000000036,-2.756587618494556,-3.420549928847618,-101.8750920420954,286.471489514539,4.393055555553267,218.86500000006762,3.3866181764435352,-20.48915408064121,-12.275097823688839,176.35212111158006
12866509.0,0.5619,-0.1816,10.1822,0.0102,-0.0021,9.8066,0.0589,0.1088,0.0076,16.79,-83.9,174.67,52.21419,-2.18754,5.86,2,277.16,26 / 27,-6.09729427367438,17.013827999193467,-0.8829891895092907,-90.20589897180386,111.8064487944355,-131.58633167563403,False,87.19900000000052,-2.5250953778736647,-3.5279970992319423,-102.11792432407879,286.1192239867915,4.338605555557677,215.5920600001275,3.572198895800715,-20.54182509842541,-11.912025352274924,174.312775192356
12866610.0,-0.5586,0.4319,10.1973,-0.0206,0.0023,9.8066,-0.0236,0.4017,-0.1139,16.85,-83.93,174.73,52.21419,-2.18754,5.86,2,277.16,26 / 27,-6.180572870470261,17.027242877702893,-0.8442960895090732,-90.82593126258665,113.52552287372842,-131.67355958222495,False,87.30000000000109,-2.3962510084340143,-3.5838052565574126,-102.35203535687192,285.7598419844413,4.311111111111601,213.76800000003257,3.7843218620362467,-20.611048134260304,-11.526104094285273,172.2343191107129
12866709.0,1.8016,0.4646,10.3303,0.0145,0.0165,9.8065,-0.0124,0.4085,-0.1165,15.23,-83.97,174.35,52.21419,-2.18754,5.86,2,277.16,26 / 27,-6.19414699203787,17.054633095847837,-0.799038239509,-91.4384798957818,115.2125757344219,-131.7549046315115,False,87.39900000000125,-2.23314502555299,-3.6189611936219372,-102.5611409330222,285.39656815919204,4.25253611111124,211.6771200000046,3.9610019664848797,-20.673594289469776,-11.122661037240405,170.18399242477014
12866810.0,0.6853,1.4031,10.183,-0.0005,-0.0156,9.8066,-0.0498,0.3665,-0.0867,10.84,-83.82,172.19,52.21419,-2.18754,5.86,2,277.16,26 / 27,-6.139836650516593,17.112044222442712,-0.7535882395095631,-92.06134606972307,116.9379929389742,-131.83331226870095,False,87.5,-2.076377095325117,-3.6118056354312147,-102.76765738832808,285.03707496050936,4.16611111111111,209.894,4.063459555191477,-20.723849857873926,-10.706311318605003,168.09908202153514
12866910.0,2.9297,1.2277,9.1981,-0.0036,-0.0028,9.8066,-0.0301,0.4581,-0.1301,7.86,-83.85,170.6,52.21419,-2.18754,5.86,2,277.16,26 / 27,-6.025154584521459,17.20538412172848,-0.7651982395096053,-92.6695956314772,118.653864356189,-131.9092515926522,False,87.60000000000036,-2.014465882960334,-3.6155675129872593,-102.96524819019817,284.6701317027075,4.138888888890375,209.12500000004195,4.010688701561126,-20.820951634715737,-10.295652558720974,166.01626734651853
12867010.0,1.0442,2.3571,9.9158,-0.0047,0.0055,9.8065,0.007,0.339,-0.0346,7.57,-83.91,170.33,52.21419,-2.18754,5.86,2,277.16,26 / 27,-5.889750448880825,17.343770387718937,-0.7901682395096961,-93.26534088314948,120.38132208166766,-131.98701991660346,False,87.70000000000073,-1.889096716701097,-3.7019688225111143,-103.14239856428485,284.292068952454,4.1561111111104845,207.03500000007602,4.000653732179728,-21.045739210230053,-9.87705768113537,163.9107468707863
12867110.0,1.8132,2.0188,10.0524,-0.0171,0.0185,9.8066,0.0146,0.3651,-0.0573,4.07,-84.0,170.61,52.21419,-2.18754,5.86,2,277.16,26 / 27,-5.809760020708999,17.532821869660847,-0.7724232395096314,-93.8503164066311,122.12515169454299,-132.06514949055472,False,87.80000000000109,-1.7916194635923757,-3.692154345369423,-103.31954893837042,283.92512569391766,4.103888888889839,205.8850000000209,4.018140557116623,-21.22497621503027,-9.469232531739323,161.79997399937469
12867210.0,1.9403,1.2103,10.2322,0.0175,-0.0106,9.8065,-0.0227,0.1885,0.0523,4.39,-83.95,170.88,52.21419,-2.18754,5.86,2,277.16,26 / 27,-5.695274019592775,17.662477337491822,-0.7388582395101198,-94.42556810863782,123.88491665487501,-132.1407135645046,False,87.89999999999964,-1.5161252293143361,-3.861948122563737,-103.45581845685646,283.5359434512453,4.14888888888807,201.434000000081,4.179148790278439,-21.52442546005556,-9.030250348218644,159.6510267963703
12867310.0,2.4589,0.6097,9.1217,-0.0023,-0.0191,9.8066,-0.0192,0.3584,-0.08,2.62,-83.82,169.94,52.21419,-2.18754,5.86,2,277.16,26 / 26,-5.553935609985656,17.72164978064793,-0.7518282395101669,-94.98802859011879,125.65412301078844,-132.2152478884559,False,88.0,-1.2424085155049465,-3.9471413531143007,-103.56483407168508,283.1356417154326,4.138055555555556,197.472,4.311527094480709,-21.66879113376223,-8.576805481566296,157.48151870464415
12867410.0,1.3,1.3646,9.4627,0.0277,0.0012,9.8065,0.0237,0.2182,0.0069,359.25,-83.8,167.1,52.21419,-2.18754,5.86,2,277.16,26 / 26,-5.448914776830343,17.793234382590327,-0.8032732395103539,-95.53817110946159,127.42986721895682,-132.29300296240723,False,88.10000000000036,-0.9828172632201149,-4.012499126412544,-103.6534092587079,282.72422048651663,4.13111111111149,193.7630000002024,4.4660975136102286,-21.80573350900287,-8.11523814924631,155.2943532675598
12867510.0,0.1855,-0.0149,10.19,-0.0037,0.0185,9.8066,0.0689,0.3375,-0.0602,355.82,-83.87,166.61,52.21419,-2.18754,5.86,2,277.16,26 / 26,-5.457327513539405,17.83501897112465,-0.8013032395103467,-96.08348322398206,129.21127988664904,-132.37323178635856,False,88.20000000000073,-0.8632123978666442,-4.023442475812676,-103.7351709698226,282.32391875070306,4.115000000000586,192.10900000006018,4.594115115672761,-21.858461446937326,-7.6516877458405474,153.11263886405402
12867610.0,0.8478,0.5765,9.771,0.035,-0.0091,9.8065,-0.0321,0.2013,0.1006,355.04,-83.81,165.96,52.21419,-2.18754,5.86,2,277.16,26 / 26,-0.7405857958601462,-4.094676831933778,-0.7839182395102834,-103.80330572908052,281.9124975217576,-132.4524928603099,True,88.30000000000109,-0.7405857958601462,-4.094676831933778,-103.80330572908052,281.9124975217576,4.161111111110273,190.25200000003377,0.0,0.0,0.0,0.0
12867710.0,0.8176,0.9813,9.4412,0.0066,-0.0092,9.8066,-0.0456,0.2651,0.0246,351.0,-83.69,165.02,52.21419,-2.18754,5.86,2,277.16,26 / 26,-0.7475534867121653,-4.0410126465093725,-0.8039732395099914,-103.87771269320805,281.50571304784137,-132.53188743425974,False,88.39999999999964,-0.5645684046934818,-4.276786160433573,-103.8578135364803,281.4899568003938,4.313888888886109,187.5200000000497,0.18298508201868346,-0.2357735139242001,0.019899156727760214,-0.015756247447541227
12867810.0,2.3721,0.587,10.3043,0.0126,-0.0171,9.8066,0.0211,0.24,0.055,351.46,-83.68,165.67,52.21419,-2.18754,5.86,2,277.16,26 / 26,-0.6802893294075156,-3.9755793139610236,-0.7973632395099673,-103.94910483401429,281.1048834498164,-132.61195425821103,False,88.5,-0.2835974737969409,-4.469066348970214,-103.87144048828378,281.0451770934639,4.478055555555555,183.631,0.39669185561057474,-0.49348703500919067,0.07766434573051129,-0.05970635635247845
12867910.0,0.0915,0.8837,8.9041,-0.0004,-0.0349,9.8065,-0.1006,0.2734,-0.1873,351.91,-83.48,166.05,52.21419,-2.18754,5.86,2,277.16,26 / 26,-0.6476989446878746,-3.9199893744315637,-0.817608239510041,-104.0155042477193,280.7101050153953,-132.69270283216233,False,88.60000000000036,0.004937700311167137,-4.563052883997193,-103.85781353648203,280.5892778955557,4.563055555550918,179.93800000020153,0.6526366449990417,-0.643063509565629,0.1576907112372794,-0.12082711983958916
12868010.0,1.9185,-1.1266,12.076,-0.0098,-0.0242,9.8066,0.0096,0.5962,-0.4293,344.42,-83.21,162.36,52.21419,-2.18754,5.86,2,277.16,26 / 26,-0.6180238827885942,-3.9442098276487263,-0.7492682395097924,-104.07879038909336,280.3168950552899,-132.7710466561136,False,88.70000000000073,0.35428783401674024,-4.603330982422581,-103.81011920499829,280.12225920306724,4.616944444442484,175.59900000015787,0.9723117168053345,-0.6591211547738549,0.2686711840950693,-0.1946358522226319
12868110.0,4.0718,0.9485,9.8695,0.0792,-0.0719,9.806,-0.1838,0.1765,0.113,337.78,-82.79,156.92,52.21419,-2.18754,5.86,2,277.16,26 / 26,-0.41064381738106637,-3.9010118532944684,-0.6326582395093681,-104.13022377410202,279.9246339712413,-132.84014298006483,False,88.80000000000109,0.6201502728249175,-4.772935932939382,-103.7419844457687,279.6441210188602,4.813055555551989,172.5970000000546,1.0307940902059838,-0.8719240796449137,0.3882393283333272,-0.28051295238111607
12868210.0,5.5937,-0.5936,10.849,0.0142,0.0072,9.8066,0.0478,0.5792,-0.0638,337.24,-82.94,156.34,52.21419,-2.18754,5.86,2,277.16,26 / 26,-0.038297465402412356,-3.752903147737866,-0.5773982395101721,-104.15267083824087,279.54193822119527,-132.9006458040149,False,88.89999999999964,0.8703212267239172,-4.840435043446491,-103.64659578277258,279.16598283395416,4.918055555553646,169.80700000005078,0.9086186921263295,-1.0875318957086253,0.5060750554682869,-0.3759553872411061
12868309.0,1.0711,1.8364,8.9118,-0.0399,0.0007,9.8065,-0.1582,0.4028,0.1084,338.01,-83.19,159.04,52.21419,-2.18754,5.86,2,277.16,26 / 26,0.1765129883944887,-3.6216836703114144,-0.5700969895101603,-104.14582916985275,279.1768961737012,-132.95744681785152,False,88.9989999999998,1.190595639208159,-4.98766785637693,-103.5116889594707,278.6706094358871,5.127880555555093,166.57564000000713,1.0140826508136702,-1.365984186065516,0.6341402103820428,-0.5062867378140936
12868410.0,1.9896,0.387,11.1363,-0.045,-0.0341,9.8064,0.0332,0.4037,-0.0504,336.57,-83.25,159.9,52.213894,-2.188399,4.16,2,201.23,26 / 26,0.20831998570949448,-3.5119669905361452,-0.5481395895100368,-104.12639510466039,278.8166468153264,-133.01391776509234,False,89.10000000000036,1.4244585132243537,-5.021883903879985,-103.36042979389762,278.1541090020338,5.219999999995089,164.16400000012985,1.2161385275148593,-1.5099169133438397,0.7659653107627662,-0.6625378132926016
12868510.0,1.3508,-0.4097,8.4799,0.0309,-0.0596,9.8064,-0.0477,0.5469,0.006,338.16,-83.01,163.32,52.213894,-2.188399,4.16,2,201.23,26 / 26,0.2947786064130359,-3.502329624230061,-0.5479945895100362,-104.10124017505417,278.4659319845868,-133.06872447404353,False,89.20000000000073,1.8430513909681978,-5.086380006465323,-103.16283899206992,277.6537318315597,5.4099999999930874,160.0820000001485,1.548272784555162,-1.5840503822352616,0.9384011829842507,-0.8122001530271064
12868610.0,2.6484,0.1337,9.7857,0.0339,0.0114,9.8066,0.0563,0.4178,-0.0876,335.3,-82.71,163.2,52.213894,-2.188399,4.16,2,201.23,26 / 26,0.4157796140073645,-3.4893278702316275,-0.6153795895102813,-104.06571226403302,278.1163491098624,-133.12689318299476,False,89.30000000000109,2.1163885141630074,-5.196678512118251,-102.94480776241438,277.13111567623565,5.611111111107452,157.84100000004076,1.7006089001556428,-1.7073506418866238,1.1209045016186394,-0.9852334336267745
12868710.0,0.9546,0.7812,9.7453,0.0445,-0.0092,9.8065,-0.0347,0.3101,0.015,330.45,-82.38,159.21,52.213894,-2.188399,4.16,2,201.23,26 / 26,0.4925785617914631,-3.4292533325578782,-0.6194945895102213,-104.02029435524375,277.770420049728,-133.1886368919449,False,89.39999999999964,2.3012340414143413,-5.1984177291383595,-102.71314958093276,276.61961901334564,5.684999999998657,156.12200000003128,1.8086554796228782,-1.7691643965804813,1.3071447743109843,-1.1508010363823473
12868809.0,4.3627,1.8971,10.1001,0.0198,-0.0165,9.8066,-0.049,0.4758,-0.0164,326.94,-82.18,158.0,52.213894,-2.188399,4.16,2,201.23,26 / 26,0.5864244685275997,-3.238479199680187,-0.6080056395102027,-103.96688370524286,277.4403672893817,-133.2493981532815,False,89.4989999999998,2.6074309208712556,-5.424408730191533,-102.45008127545707,276.0802124252731,6.018574999999264,154.32812000000396,2.0210064523436557,-2.1859295305113458,1.5168024297857983,-1.3601548641086083
12868910.0,0.0901,-0.8524,9.5367,0.038,-0.0095,9.8065,-0.0815,0.2541,0.1291,325.18,-82.16,158.47,52.213894,-2.188399,4.16,2,201.23,26 / 26,0.6909831614267135,-3.137359713967653,-0.606818889510196,-103.90237461992982,277.11838742424067,-133.3107467919974,False,89.60000000000036,2.7515873861479485,-5.436367616288454,-102.16807150689426,275.5299087330334,6.0930555555516746,153.1540000000631,2.060604224721235,-2.2990079023208008,1.7343031130355513,-1.5884786912072855
12869010.0,1.4823,0.2754,9.7153,-0.0239,-0.0144,9.8065,0.076,0.7855,-0.2432,326.11,-82.19,159.42,52.213894,-2.188399,4.16,2,201.23,26 / 26,0.717752681701778,-3.183385077829127,-0.6248838895102617,-103.83193782777313,276.8023501846497,-133.37233193094863,False,89.70000000000073,3.196239316543847,-5.4509091921801085,-101.83421118652498,274.9850535921498,6.318888888880673,149.61400000012878,2.478486634842069,-2.2675241143509814,1.9977266412481498,-1.817296592499872
12869110.0,0.1054,-0.2807,9.4968,0.033,-0.0233,9.8065,-0.0632,0.5843,0.0027,323.04,-81.94,160.67,52.213894,-2.188399,4.16,2,201.23,26 / 26,0.7304039431863012,-3.206035619834594,-0.6449438895103347,-103.75952999652847,276.4828791497653,-133.4358233198999,False,89.80000000000109,3.1969964973575853,-5.295959221418292,-101.5207912939509,274.46243743682413,6.186111111113526,148.8820000000133,2.4665925541712843,-2.0899236015836977,2.238738702577578,-2.0204417129411922
12869210.0,1.952,0.0849,10.8745,-0.0275,-0.0252,9.8065,0.0274,0.8755,-0.3127,321.25,-81.85,161.07,52.213894,-2.188399,4.16,2,201.23,26 / 26,0.7655618639132578,-3.21928139842469,-0.6070438895108862,-103.68473170617459,276.16161329885705,-133.49842270885006,False,89.89999999999964,3.2832414018598985,-5.2321093802469365,-101.19374444952687,273.9509407746414,6.176944444444611,147.891000000018,2.517679537946641,-2.0128279818222463,2.4909872566477134,-2.2106725242156244
12869310.0,4.9888,0.2397,10.3254,0.0229,-0.0315,9.8065,-0.0178,0.7306,-0.102,321.56,-81.53,161.76,52.213894,-2.188399,4.16,2,201.23,26 / 27,0.9768926052834888,-3.060678706217249,-0.5277138895105975,-103.59760898271443,275.8476152936238,-133.55516059780135,False,90.0,3.600586063352665,-5.410299140575686,-100.82581674949957,273.41720512689125,6.498888888888889,146.356,2.6236934580691766,-2.3496204343584375,2.7717922332148675,-2.4304101667325426
12869410.0,2.2375,0.0067,10.3828,-0.0353,-0.0134,9.8065,0.059,0.7988,-0.1841,318.75,-81.36,163.74,52.213894,-2.188399,4.16,2,201.23,26 / 27,1.200213916781119,-2.8935145957290445,-0.4729688895103983,-103.48875365661081,275.5499056285254,-133.60519473675257,False,90.10000000000036,3.7466933059733942,-5.473546864142395,-100.44426209769655,272.87234998604737,6.633055555548235,145.60800000004082,2.5464793891922755,-2.5800322684133503,3.0444915589142596,-2.677555642478012
12869510.0,3.925,0.6394,9.7389,-0.0282,-0.0373,9.8065,0.0103,0.7723,-0.187,317.87,-81.15,164.94,52.213894,-2.188399,4.16,2,201.23,26 / 27,1.362016507622029,-2.7370003243088896,-0.4475488895103058,-103.3606421353902,275.2683798825225,-133.65122062570376,False,90.20000000000073,3.945315487537296,-5.555498851933249,-100.04908049400962,272.3163753527387,6.81388888888231,144.61900000003598,2.5832989799152672,-2.8184985276243597,3.311561641380578,-2.9520045297837783
12869610.0,0.0951,-1.7544,10.0079,-0.0214,-0.0184,9.8065,0.0387,0.5171,-0.1053,317.95,-80.99,165.99,52.213894,-2.188399,4.16,2,201.23,26 / 27,1.5027202169456932,-2.7167776555196306,-0.44087388951028156,-103.21740529916129,274.99569098353004,-133.69564176465494,False,90.30000000000109,4.150640001461993,-5.75902865377314,-99.62664498660914,271.73816173457885,7.098888888883705,144.21900000000727,2.6479197845163,-3.0422509982535098,3.590760312552149,-3.2575292489511867
12869709.0,2.68,0.5192,9.5328,-0.0233,-0.0194,9.8065,-0.034,0.6551,-0.2309,316.42,-80.9,167.35,52.213894,-2.188399,4.16,2,201.23,26 / 27,1.5984678340309606,-2.7410516589510534,-0.44446758951028736,-103.06389649063769,274.7255284324633,-133.73946616786654,False,90.39900000000125,4.3818462736287636,-5.895474424830729,-99.18819781076199,271.1547219536992,7.345563888888345,143.37849000000185,2.783378439597803,-3.1544227658796755,3.875698679875697,-3.570806478764098
12869810.0,0.7878,-0.3141,9.9346,-0.0035,-0.0003,9.8066,-0.0338,0.3762,-0.1108,314.84,-80.93,166.16,52.213894,-2.188399,4.16,2,201.23,26 / 27,1.6745814299319235,-2.687417258699537,-0.451835539510196,-102.89860750280961,274.45139075212535,-133.7847294758815,False,90.5,4.413449425792787,-5.852381068075568,-98.74089311624387,270.5594955112951,7.33,142.97899999999998,2.738867995860863,-3.164963809376031,4.157714386565743,-3.8918952408302516
12869910.0,1.7278,-0.2851,9.7969,0.0025,-0.0048,9.8066,-0.0971,0.4002,-0.0621,313.18,-80.95,165.5,52.213894,-2.188399,4.16,2,201.23,26 / 27,1.7424129039799423,-2.6934303332151104,-0.44592553951017444,-102.7277577861134,274.1823483725286,-133.8296175298327,False,90.60000000000036,4.495245889144064,-5.999745027839366,-98.29120370513421,269.9590429076194,7.496944444435335,143.1579999999902,2.7528329851641216,-3.306314694624256,4.436554080979192,-4.223305464909231
12870010.0,0.9752,-0.1798,10.6518,0.0017,0.0006,9.8066,-0.0092,0.2004,-0.0036,310.64,-81.04,165.08,52.213894,-2.188399,4.16,2,201.23,26 / 27,1.8127341793875984,-2.6865806322210823,-0.40415553951002237,-102.55000043194438,273.9133478242558,-133.87212158378387,False,90.70000000000073,4.484867528326893,-6.0673707858785555,-97.84151429404601,269.3474708107676,7.544999999998252,143.5289999999865,2.6721333489392944,-3.380790153657473,4.708486137898376,-4.565877013488205
12870109.0,1.2026,0.6969,9.2068,-0.0025,-0.0088,9.8066,-0.084,0.2657,0.0268,311.15,-81.12,165.46,52.213894,-2.188399,4.16,2,201.23,26 / 27,1.828089880731438,-2.6656528873734717,-0.39201318951000275,-102.3697796409682,273.64841226503546,-133.9115319358704,False,90.79900000000089,4.510150680924038,-6.183906710193973,-97.39632177704279,268.73100613808424,7.65389999999776,143.89529999999246,2.6820608001926,-3.5182538228205016,4.973457863925418,-4.917406126951221
12870210.0,2.3042,-0.0835,10.4563,0.0064,-0.0114,9.8065,-0.0418,0.0945,0.1199,311.59,-81.21,166.91,52.213894,-2.188399,4.16,2,201.23,26 / 27,1.8845313691182528,-2.591221430135203,-0.38949828951003385,-102.18229226785311,273.3829401120046,-133.95099826556043,False,90.89999999999964,4.605296736664125,-6.3115037100063045,-96.9285085199943,268.09096814050525,7.81305555555268,143.88300000000027,2.7207653675458725,-3.7202822798711015,5.253783747858819,-5.291971971499322
12870310.0,1.8932,-0.0741,10.1849,-0.0048,-0.0029,9.8066,0.0346,0.124,0.0646,313.02,-81.2,168.45,52.213894,-2.188399,4.16,2,201.23,26 / 26,1.9931116844098462,-2.518433334418907,-0.33810328950984675,-101.98841011517601,273.12745737377594,-133.98737834451157,False,91.0,4.59061112793701,-6.427965086329674,-96.47200563293688,267.44603756566863,7.898888888888889,144.467,2.5974994435271643,-3.9095317519107664,5.516404482239125,-5.681419808107307
12870409.0,-0.2859,-1.3775,9.4422,0.0216,0.002,9.8066,-0.0235,-0.0766,0.1723,313.51,-81.08,168.98,52.213894,-2.188399,4.16,2,201.23,26 / 26,2.0602333611013988,-2.5855028129145845,-0.3374201895098456,-101.78776953542288,272.87481253448254,-134.0208167567231,False,91.09900000000016,4.6134602682850145,-6.561082325897822,-96.01332243365553,266.79654799912737,8.020713888881996,144.88675999997625,2.553226907183616,-3.975579512983238,5.77444710176735,-6.078264535355174
12870510.0,-0.1167,-1.1847,9.995,-0.0022,0.001,9.8066,-0.0277,0.0302,0.0776,313.34,-81.09,169.98,52.213894,-2.188399,4.16,2,201.23,26 / 26,2.099998184927827,-2.766509584520124,-0.34631323950989557,-101.57767784234723,272.6045359084106,-134.05534529488878,False,91.20000000000073,4.623310006453085,-6.657028585200886,-95.54537290705329,266.12281793876633,8.104999999996979,145.21999999998803,2.523311821525258,-3.8905190006807624,6.032304935293936,-6.481717969644251
12870610.0,1.4529,0.4839,9.934,0.0127,0.0189,9.8065,-0.0099,-0.0623,0.1389,311.14,-81.18,169.54,52.213894,-2.188399,4.16,2,201.23,26 / 26,2.130429327357873,-2.818103258012509,-0.3305282395098382,-101.36615646673218,272.32530526628295,-134.0891873688399,False,91.30000000000109,4.714336825200255,-6.701853730274261,-95.07524306816644,265.45564837907807,8.193888888887273,144.87600000000626,2.583907497842382,-3.8837504722617524,6.290913398565735,-6.869656887204883
12870710.0,0.8242,-0.4849,10.0598,-0.0022,-0.0041,9.8066,0.0035,0.0009,0.0601,313.84,-81.2,170.32,52.213894,-2.188399,4.16,2,201.23,26 / 26,1.8423595725227147,-2.38993934967331,-0.2647777535835978,-101.16751702174103,272.06490313590245,-134.11895266849413,False,91.39999999999964,4.63801965447166,-6.832587741358097,-94.6051132292879,264.76623983384417,8.258055555554389,145.83099999998265,2.795660081948945,-4.442648391684787,6.562403792453139,-7.298663302058287
12870810.0,-0.1627,-0.5066,9.523,0.0064,0.0031,9.8066,0.011,-0.0612,0.1379,311.56,-81.17,171.42,52.213894,-2.188399,4.16,2,201.23,26 / 26,1.8631112971709918,-2.4769120733827488,-0.26630275358360334,-100.98224347825567,271.8215605647488,-134.14550669385258,False,91.5,4.650511555642048,-6.954463127682578,-94.14179686634266,264.06571179546444,8.36611111111111,146.22899999999998,2.787400258471056,-4.477551054299829,6.840446611913009,-7.755848769284341
12870910.0,-0.5237,-1.6136,10.1842,-0.0154,-0.0014,9.8066,0.0693,-0.1273,0.0332,314.01,-81.16,172.33,52.213894,-2.188399,4.16,2,201.23,26 / 26,1.8775523079095615,-2.6516432394946077,-0.2616077535835862,-100.79521029800097,271.565132799104,-134.17190221921103,False,91.60000000000036,4.629560843615805,-7.030705919865456,-93.67848050340416,263.3651837585502,8.418055555552721,146.6359999999778,2.752008535706244,-4.379062680370849,7.116729794596807,-8.199949040553804
12871009.0,-0.1316,-1.181,9.1861,0.0091,0.0052,9.8066,-0.0308,-0.002,0.0508,317.28,-81.09,172.5,52.213894,-2.188399,4.16,2,201.23,26 / 26,1.9095562390276875,-2.8473010071598925,-0.27363625358360555,-100.60774842492727,271.29293505889416,-134.19839679756586,False,91.69900000000052,4.58539544563879,-7.1515510876414305,-93.22654264524482,262.6496444048536,8.495330555552545,147.33295999997284,2.6758392066111023,-4.304250080481538,7.381205779682446,-8.643290654040584
12871109.0,-0.2505,-1.5425,10.1501,-0.0034,0.0083,9.8066,0.0179,-0.0684,0.0179,314.3,-81.09,172.43,52.213894,-2.188399,4.16,2,201.23,26 / 26,1.9483075806702363,-3.0327733214125754,-0.2874912535836559,-100.41485523394167,270.99893134246446,-134.22645317292432,False,91.79900000000089,4.602294392648837,-7.249674387027555,-92.7632944170591,261.92687738161516,8.587136111109238,147.5914599999948,2.6539868119786005,-4.216901065614979,7.651560816882565,-9.072053960849303
12871210.0,0.8775,-0.7402,10.0287,0.0141,-0.0002,9.8066,-0.0396,-0.1101,0.0853,315.76,-81.09,172.11,52.213894,-2.188399,4.16,2,201.23,26 / 26,2.0106890596485663,-3.168226982068515,-0.2589335035840097,-100.21492590360805,270.68578082714254,-134.25404762316094,False,91.89999999999964,4.5907493020860395,-7.3148777138676895,-92.29534489046497,261.185763195738,8.636111111110237,147.88799999999466,2.5800602424374732,-4.146650731799174,7.919581013143073,-9.500017631404546
12871309.0,-0.1752,-1.3152,9.3951,-0.0013,0.0189,9.8065,-0.04,-0.1561,0.0591,315.69,-81.07,172.07,52.213894,-2.188399,4.16,2,201.23,26 / 26,2.0642149802633987,-3.2909376311278264,-0.2683137535840248,-100.01321815363208,270.3660521787888,-134.2801463623908,False,91.9989999999998,4.554825494458785,-7.465163271091256,-91.84340703227905,260.4371989495363,8.74501111111087,148.6106999999984,2.4906105141953865,-4.17422563996343,8.169811121353035,-9.928853229252468
12871410.0,-1.1318,-0.3927,9.3825,0.0266,0.0046,9.8066,-0.0954,-0.0661,0.0834,315.34,-81.28,171.8,52.213894,-2.188399,4.16,2,201.23,26 / 26,2.0345586293080054,-3.4747018912729906,-0.3105166035842619,-99.80623008634757,270.0243873829056,-134.30937729542796,False,92.10000000000036,4.547513963829603,-7.535228831219746,-91.38233911643766,259.6846316857868,8.80111111110811,148.88899999998523,2.512955334521598,-4.060526939946756,8.423890969909905,-10.33975569711879
12871510.0,-0.91,-0.2024,9.4045,-0.0043,0.0034,9.8066,-0.0439,-0.0946,-0.0095,313.77,-81.29,170.81,52.213894,-2.188399,4.16,2,201.23,26 / 26,1.9426275517185605,-3.644024905331254,-0.3518316035844121,-99.60737077729551,269.6684510430741,-134.34249470578652,False,92.20000000000073,4.480818718020625,-7.576047097221721,-90.93946318123655,258.92850618457175,8.801944444444414,149.39799999998147,2.538191166302065,-3.9320221918904674,8.667907596058967,-10.739944858502383
12871610.0,-0.0258,-1.4706,10.3157,0.0025,-0.0109,9.8066,-0.0506,-0.105,-0.0231,313.55,-81.35,170.36,52.213894,-2.188399,4.16,2,201.23,26 / 26,1.93073492066431,-3.811844015791901,-0.3464866035843926,-99.41370265367567,269.2956575970166,-134.37741061614508,False,92.30000000000109,4.451800495301971,-7.482803880144206,-90.48977377014859,258.18350017578126,8.706944444446172,149.2500000000027,2.521065574637661,-3.670959864352305,8.923928883527083,-11.112157421235338
12871710.0,-0.9795,-0.7687,9.93,0.0081,0.0098,9.8066,-0.059,-0.0767,0.0743,315.28,-81.39,170.29,52.213894,-2.188399,4.16,2,201.23,26 / 26,1.934256693559665,-4.0010330258944204,-0.3148666035848527,-99.22045307296729,268.90501374493795,-134.41047827650306,False,92.39999999999964,4.363388019140379,-7.624766881314922,-90.05371131089788,257.4162551828616,8.78499999999858,150.21899999998237,2.4291313255807134,-3.623733855420501,9.166741762069407,-11.488758562076328
12871812.0,-1.3446,-0.7963,9.5019,0.0127,0.0079,9.8066,-0.0518,-0.1187,0.0358,313.5,-81.43,169.61,52.213894,-2.188399,4.16,2,201.23,26 / 26,1.866685817935771,-4.219092708017941,-0.32411800358492265,-99.02660500487956,268.48578733250525,-134.44306649146895,False,92.50200000000041,4.261664014250301,-7.660814919190642,-89.61601361740517,256.63366528860973,8.766405555555478,150.91307999999987,2.39497819631453,-3.441722211172701,9.410591387474383,-11.85212204389552
12871910.0,-1.3073,-1.0325,9.6401,-0.0068,0.0203,9.8066,0.053,-0.1241,-0.0129,313.76,-81.5,168.85,52.213894,-2.188399,4.16,2,201.23,26 / 26,1.8025845563453358,-4.44985887251107,-0.3472117035849123,-98.84681075653987,268.0610087050595,-134.47596164712027,False,92.60000000000036,4.254835738295907,-7.63439407157802,-89.20202682018352,255.8817651935126,8.740000000001471,150.8680000000025,2.4522511819505715,-3.18453519906695,9.644783936356347,-12.179243511546929
12872010.0,-1.3296,-0.7307,9.4691,0.031,-0.0059,9.8066,-0.0592,-0.1061,0.0782,313.78,-81.5,168.14,52.213894,-2.188399,4.16,2,201.23,26 / 26,1.7347671813731855,-4.682339729074886,-0.372416703585004,-98.6699431696533,267.60439877497856,-134.5119430674789,False,92.70000000000073,4.194482174415295,-7.664236264222468,-88.77959131278205,255.1145202012858,8.736944444444557,151.30899999998397,2.45971499304211,-2.981896535147582,9.890351856871249,-12.48987857369275
12872110.0,-0.7439,-0.2237,10.1629,-0.0104,0.0048,9.8065,-0.0096,-0.0575,-0.0565,314.35,-81.43,167.38,52.213894,-2.188399,4.16,2,201.23,26 / 26,1.6564786644530571,-4.866112236286279,-0.37148170358500054,-98.50038087736137,267.12697617670875,-134.54913798783755,False,92.80000000000109,4.0559358252405495,-7.729352224869837,-88.37759623317874,254.33615571309716,8.728888888889035,152.31199999998177,2.3994571607874926,-2.863239988583558,10.12278464418263,-12.790820463611595
12872209.0,-0.3535,-1.3522,10.1671,0.0179,-0.0152,9.8065,-0.0868,-0.1381,0.0062,313.11,-81.45,166.24,52.213894,-2.188399,4.16,2,201.23,26 / 26,1.6357446393666106,-5.03425066773494,-0.33600505358494315,-98.33741582382203,266.63690821295893,-134.5841585823175,False,92.89900000000125,4.106283044010776,-7.682769635620168,-87.96613042198126,253.57658317009373,8.711288888888927,151.87640000000098,2.470538404644165,-2.6485189678852272,10.371285401840765,-13.060325042865202
12872310.0,0.1707,-0.0256,10.6178,0.0078,0.0042,9.8066,-0.015,-0.0503,0.0727,311.99,-81.33,165.56,52.213894,-2.188399,4.16,2,201.23,26 / 26,1.6410976956169947,-5.166304157405831,-0.2768392535856762,-98.17193528590741,266.1217801942957,-134.61510721982924,False,93.0,4.029744117636063,-7.58171922183374,-87.55997912204295,252.8127852196682,8.58611111111111,152.009,2.388646422019068,-2.4154150644279095,10.611956163864463,-13.308994974627495
12872410.0,-1.506,-0.251,10.0722,0.0436,0.0082,9.8065,-0.0553,-0.2692,0.1845,308.86,-81.2,164.5,52.213894,-2.188399,4.16,2,201.23,26 / 26,1.5745443997194923,-5.3058049440089405,-0.2230042535854802,-98.01115318114,265.59817473922305,-134.6400993951879,False,93.10000000000036,3.9341704432896494,-7.779896888312336,-87.16479751835693,252.0344207329504,8.718055555548355,153.17499999993638,2.359626043570157,-2.474091944303395,10.846355662783068,-13.56375400627266
12872510.0,-2.0155,-0.3093,10.1091,-0.0052,-0.0095,9.8066,-0.0469,-0.0262,-0.0039,311.1,-81.32,165.0,52.213894,-2.188399,4.16,2,201.23,26 / 26,1.4473408775689172,-5.537189373055555,-0.1946042535853768,-97.86005891727503,265.05602502336785,-134.66097982054652,False,93.20000000000073,3.9503497176222067,-7.600854996411769,-86.76961591466927,251.27829523102616,8.566111111116639,152.53800000002315,2.5030088400532895,-2.063665623356214,11.090443002605753,-13.777729792341688
12872609.0,0.1877,0.0717,11.7598,-0.0182,0.0249,9.8066,0.1971,-0.0014,-0.1391,310.99,-81.3,165.15,52.213894,-2.188399,4.16,2,201.23,26 / 26,1.3604719369430582,-5.690429753438412,-0.08295205358519622,-97.72107218295646,264.5002578766055,-134.6747188577515,False,93.29900000000089,4.002894406213624,-7.57642285466474,-86.37164078586375,250.51872268802336,8.568861111111055,152.150910000008,2.642422469270566,-1.8859931012263278,11.349431397092715,-13.981535188582114
12872710.0,-1.6144,-0.9557,10.1127,0.0185,-0.014,9.8065,0.0401,-0.174,-0.0249,308.25,-81.26,163.65,52.213894,-2.188399,4.16,2,201.23,26 / 26,1.3163992626351235,-5.854574291737245,0.031137546413390213,-97.58589018737943,263.91723517233135,-134.67733549036362,False,93.39999999999964,3.9413975917653485,-7.440550048462272,-85.97243923138632,249.7771637217409,8.420000000002709,152.08900000000105,2.624998329130225,-1.585975756725027,11.613450955993116,-14.140071450590455
12872809.0,-1.6709,1.7015,7.3204,-0.0419,0.0565,9.8063,0.2069,0.0332,0.0008,307.33,-81.21,163.12,52.213894,-2.188399,4.16,2,201.23,26 / 26,1.155163467823009,-6.040577957691995,-0.0767823535867842,-97.46354783222156,263.32842513598365,-134.6795949083187,False,93.4989999999998,4.036533752521691,-7.359891242285328,-85.57446410250023,249.05061607194216,8.394150000000058,151.25740000000184,2.881370284698682,-1.319313284593333,11.889083729721335,-14.277809064041492
12872910.0,-1.367,0.1612,8.5943,-0.0179,0.0253,9.8065,0.1384,0.0302,-0.1165,308.84,-81.48,163.07,52.213894,-2.188399,4.16,2,201.23,26 / 26,0.9531926880380646,-6.184927758500224,-0.2635616535878336,-97.35707584634999,262.7110370973125,-134.69678228068113,False,93.60000000000036,3.8964205821507374,-7.320701953679963,-85.18207602398516,248.30939068977295,8.29305555556106,151.97599999996032,2.943227894112673,-1.1357741951797395,12.174999822364825,-14.401646407539545
12873011.0,-1.7737,-1.4142,9.9576,-0.0562,0.0156,9.8064,0.034,0.0849,-0.2928,311.08,-81.55,163.32,52.213894,-2.188399,4.16,2,201.23,26 / 26,0.8630709588524694,-6.427609297521671,-0.31716235358813477,-97.2653545321815,262.0741039759798,-134.72610884304368,False,93.70100000000093,3.996609619094866,-7.2955942400974,-84.76931565240326,247.5793959970146,8.318569444445536,151.28557999999117,3.1335386602423965,-0.8679849425757293,12.49603887977824,-14.494707978965238
12873110.0,0.7227,0.9285,10.6355,-0.0037,0.0234,9.8065,0.0699,0.115,-0.0615,305.85,-81.67,160.18,52.213894,-2.188399,4.16,2,201.23,26 / 26,0.8091581037567879,-6.562683250654182,-0.2686622535880563,-97.18257919358221,261.4310844948441,-134.75510716109895,False,93.80000000000109,3.948975728525207,-7.285536282308739,-84.37808586472644,246.86385664401706,8.286944444445025,151.5409999999953,3.139817624768419,-0.7228530316545569,12.80449332885577,-14.56722785082701
12873209.0,-0.5988,0.1338,9.7979,-0.021,0.0386,9.8065,0.0987,0.1128,-0.0276,306.85,-81.54,159.54,52.213894,-2.188399,4.16,2,201.23,26 / 26,0.7399955826460963,-6.6065553383930995,-0.22806730358799054,-97.10589608610515,260.77920718468516,-134.7796952741792,False,93.89900000000125,3.900633286322523,-7.196942010996111,-83.98685607707644,246.14831729031926,8.186019444444668,151.54298,3.160637703676427,-0.5903866726030111,13.119040009028708,-14.630889894365907
12873311.0,1.9298,1.1477,10.1606,-0.025,0.0088,9.8066,0.0668,0.1373,-0.1929,306.1,-81.7,158.7,52.213894,-2.188399,4.16,2,201.23,26 / 26,0.6960478837162277,-6.595290074710816,-0.21046210358817127,-97.03265786932143,260.1059130686238,-134.80206027394496,False,94.0010000000002,3.8620729871555444,-7.176599854612296,-83.59739779314992,245.4112061222586,8.14979999999997,151.71315999999928,3.1660251034393165,-0.5813097799014804,13.435260076171502,-14.694706946365216
12873410.0,-0.7355,0.0907,8.7665,-0.007,0.0125,9.8066,0.0875,-0.0691,0.0624,306.55,-81.59,158.18,52.213894,-2.188399,4.16,2,201.23,26 / 26,0.6513897210536793,-6.591262377557016,-0.24442900358822608,-96.9659597078852,259.4531787222355,-134.82457738375024,False,94.10000000000036,3.9124289928639913,-7.126696245513397,-83.20616800547474,244.70667506681372,8.130000000001091,151.2340000000264,3.261039271810312,-0.5354338679563808,13.759791702410467,-14.746503655421805
12873510.0,1.3711,1.14,10.1778,-0.0417,0.019,9.8065,0.0953,0.1905,-0.1832,305.57,-81.7,158.22,52.213894,-2.188399,4.16,2,201.23,26 / 26,0.5896847268770674,-6.6101840108185845,-0.2778790035883477,-96.90390598548844,258.7931064028143,-134.85069278410916,False,94.20000000000073,3.9447871500877443,-7.052872544620006,-82.80417292587252,244.00614702914055,8.08111111111289,150.7810000000165,3.3551024232106768,-0.44268853380142126,14.099733059615914,-14.786959373673767
12873609.0,-1.8403,0.681,8.8706,-0.0079,0.0292,9.8065,0.0543,-0.1995,0.0695,305.37,-81.72,156.29,52.213894,-2.188399,4.16,2,201.23,26 / 26,0.4744927514932893,-6.6574125804471915,-0.30584155358839293,-96.85122920030902,258.1363603715456,-134.87958695168945,False,94.29900000000089,3.899818162913434,-7.013087082111094,-82.41968847937778,243.3016159736448,8.024461111112277,150.92256999999708,3.425325411420145,-0.3556745016639029,14.431540720931238,-14.834744397900806
12873710.0,-2.3321,0.2889,9.6591,-0.0163,0.0106,9.8066,0.0418,-0.0801,-0.0371,303.44,-81.63,156.36,52.213894,-2.188399,4.16,2,201.23,26 / 26,0.2879858833131645,-6.886155758475828,-0.36056335358771485,-96.81272402925177,257.45241017043844,-134.91324039950143,False,94.39999999999964,3.9105108339392602,-6.911523037412222,-82.02062319439183,242.6050909538079,7.941111111112616,150.49900000000773,3.622524950626096,-0.025367278936393234,14.792100834859937,-14.847319216630552
12873810.0,-0.8253,1.4124,9.2722,0.0077,-0.002,9.8066,-0.0344,-0.0643,0.0153,302.42,-81.5,155.81,52.213894,-2.188399,4.16,2,201.23,26 / 26,0.10473047299695132,-7.0549694173552755,-0.3946633535878388,-96.79308821143619,256.75535391164436,-134.95100173486034,False,94.5,3.854032580817466,-6.987619971492258,-81.63225506661892,241.90456291542816,7.98,151.121,3.7493021078205144,0.06734944586301772,15.16083314481726,-14.850790996216205
12873910.0,-0.9344,0.0102,10.9725,0.0048,0.0297,9.8065,0.1083,-0.0126,0.0636,300.43,-81.5,155.14,52.213894,-2.188399,4.16,2,201.23,26 / 26,-0.024139086919250097,-7.1750909161899505,-0.36309335358772393,-96.78905864213229,256.0438508949645,-134.98888957021927,False,94.60000000000036,3.6970712931121246,-6.790775268393939,-81.26432736667184,241.2262738626563,7.73194444445798,151.43499999998286,3.7212103800313745,0.38431564779601146,15.524731275460454,-14.817577032308208
12874010.0,-0.7308,0.3815,10.0853,0.0195,-0.0039,9.8066,-0.0463,0.0646,0.0698,303.94,-81.44,155.54,52.213894,-2.188399,4.16,2,201.23,26 / 26,-0.10859144029390373,-7.31756506399151,-0.2908683535874611,-96.79569516849297,255.3192180959528,-135.02158765557814,False,94.70000000000073,3.757884432879853,-6.855676280194635,-80.88958619072925,240.54798481054243,7.818055555552423,151.27100000000598,3.8664758731737567,0.4618887837968746,15.906108977763722,-14.771233285410375
12874109.0,-0.0333,1.8499,9.9127,-0.0216,-0.0113,9.8066,0.0045,0.1294,-0.1425,302.36,-81.37,155.64,52.213894,-2.188399,4.16,2,201.23,26 / 26,-0.2479555385490726,-7.370986123737986,-0.2718257035874303,-96.81334424394572,254.59213481215903,-135.04944101140833,False,94.79900000000089,3.8416920491592617,-6.7622865456265115,-80.50510174423547,239.87647864825078,7.777355555556393,150.39881000001793,4.089647587708335,0.6086995781114748,16.308242499710246,-14.71565616390825
12874210.0,-1.0921,0.3586,9.8802,-0.001,-0.0238,9.8065,-0.0537,0.0391,-0.0483,304.2,-81.29,155.93,52.213894,-2.188399,4.16,2,201.23,26 / 26,-0.39971179755328734,-7.440999282942952,-0.26275590358754264,-96.84605144441848,253.8441295491309,-135.07643738257033,False,94.89999999999964,3.883916682500377,-6.955150425253812,-80.10603645927661,239.16916771935445,7.96611111110767,150.81999999999218,4.283628480053665,0.48584885768914,16.74001498514187,-14.674961829776464
12874310.0,-0.8907,0.8564,9.1534,-0.0015,-0.0046,9.8066,-0.0349,0.0705,-0.017,302.38,-81.31,155.73,52.213894,-2.188399,4.16,2,201.23,24 / 25,-0.5309701460484038,-7.573094310916302,-0.29174090358764804,-96.89258554159873,253.0934248694352,-135.1041622229292,False,95.0,3.870696292518595,-7.021888998201133,-79.72448180741851,238.46863968238918,8.018055555555556,151.135,4.401666438566998,0.5512053127151688,17.16810373418022,-14.62478518704603
12874410.0,-0.8715,0.9824,9.8521,0.0029,-0.0021,9.8066,-0.0365,0.0625,-0.0274,300.65,-81.31,155.29,52.213894,-2.188399,4.16,2,201.23,24 / 25,-0.5768237211840274,-6.5308130954379795,-0.27381126804959477,-96.94797523496055,252.38822949911494,-135.13243983151116,False,95.10000000000036,3.80524183985194,-6.726290003429639,-79.3429271556155,237.80147012274955,7.728055555571381,150.50200000003454,4.382065561035968,-0.19547690799165984,17.605048079345053,-14.586759376365393
12874510.0,-0.7487,0.4903,9.7433,0.0035,-0.0016,9.8066,-0.0284,0.0252,0.0129,300.32,-81.29,155.01,52.213894,-2.188399,4.16,2,201.23,24 / 25,-0.5975693693228321,-5.649695131876976,-0.23350032784215827,-97.00669488948611,251.779204087747,-135.15780541130584,False,95.20000000000073,3.6509734620409415,-6.532915557455206,-78.97499945561378,237.14542005477912,7.483888888897772,150.80099999998913,4.248542831363774,-0.8832204255782292,18.03169543387233,-14.633784032967867
12874610.0,0.0195,0.5145,10.0718,0.0175,-0.006,9.8066,-0.0271,-0.0612,0.0168,301.93,-81.28,155.34,52.213894,-2.188399,4.16,2,201.23,24 / 25,-0.5793112554353967,-4.8776804977041905,-0.1898987786658033,-97.06553892072424,251.252835306266,-135.1789753666313,False,95.30000000000109,3.6105381199704447,-6.3940972291835845,-78.61388523152749,236.50048948064924,7.3430555555581165,150.5480000000046,4.189849375405841,-1.516416731479394,18.451653689196746,-14.752345825616771
12874710.0,-0.786,0.2272,10.3784,0.0128,-0.0019,9.8066,-0.0347,-0.0197,0.0668,300.33,-81.14,155.17,52.213894,-2.188399,4.16,2,201.23,24 / 25,-0.6528826063650722,-4.974676894427496,-0.14805377866641223,-97.12714861381336,250.76021743666658,-135.19587299449768,False,95.39999999999964,3.732232039690588,-6.744224525424361,-78.2391440556187,235.82220042784098,7.708055555548916,151.03999999999104,4.38511464605566,-1.7695476309968647,18.888004558194666,-14.938017008825597
12874810.0,-0.3347,0.474,16.8906,0.074,-0.0696,9.806,0.1436,-0.1214,0.0253,302.07,-80.58,156.2,52.213894,-2.188399,4.16,2,201.23,24 / 25,-0.7342071360523694,-5.087674726347353,0.2347312213349803,-97.19650310093448,250.257099855626,-135.19153912236422,False,95.5,3.8774903696304817,-6.824230742255593,-77.85077592781909,235.1439113757271,7.848888888888888,150.395,4.6116975056828515,-1.7365560159082403,19.345727173115392,-15.113188479898895
12874910.0,-0.0409,-1.1495,12.4008,0.1743,-0.1452,9.804,-0.1563,-0.695,0.1379,303.35,-79.81,156.14,52.213894,-2.188399,4.16,2,201.23,24 / 25,-0.741180850386882,-5.205170478666039,0.7186362213367408,-97.27027250025671,249.74245759537345,-135.14387075023046,False,95.60000000000036,3.7883603920849254,-6.742504199884353,-77.47603475193048,234.46562232224792,7.733888888895164,150.66999999998498,4.529541242471807,-1.5373337212183138,19.794237748326225,-15.276835273125528
12875010.0,8.6538,3.9934,10.0064,-0.1154,0.0122,9.806,0.3736,0.333,-0.6135,301.96,-79.36,156.26,52.213894,-2.188399,4.16,2,201.23,24 / 25,-0.6594751339517319,-4.848298899631991,0.858331221337249,-97.3403052994739,249.23978412645673,-135.06502237809647,False,95.70000000000073,3.797800862477475,-6.792302109399866,-77.094480100073,233.78733327013404,7.781944444442696,150.78899999999567,4.457275996429207,-1.9440032097678754,20.245825199400898,-15.452450856322685
12875110.0,-6.5844,-1.3516,8.311,0.0997,0.0376,9.806,-0.1213,-0.5742,0.6543,300.98,-79.37,156.19,52.213894,-2.188399,4.16,2,201.23,24 / 25,-0.7344654515019371,-4.775662443558901,0.7935362213370133,-97.41000232874683,248.75858605929542,-134.98242900596244,False,95.80000000000109,3.81441460504953,-6.8164285377974885,-76.71292544821513,233.10904421802016,7.811111111110581,150.76900000000037,4.548880056551467,-2.0407660942385872,20.697076880531696,-15.649541841275266
12875210.0,1.8454,0.0888,10.9466,0.0319,0.004,9.8065,0.0352,0.0321,-0.1605,303.88,-80.69,157.72,52.213894,-2.188399,4.16,2,201.23,24 / 25,-0.8227187701878773,-5.096318219403524,0.7757512213372721,-97.48786153983019,248.2649870261545,-134.90396463382987,False,95.89999999999964,3.812089918271508,-6.8495364417857125,-76.3313707963913,232.419635672786,7.838888888888383,150.9019999999976,4.634808688459385,-1.7532182223821886,21.156490743438894,-15.8453513533685
12875310.0,-8.9233,-2.8531,6.2022,0.116,0.0068,9.8059,-0.1472,-0.5682,0.0756,299.06,-81.38,153.75,52.213894,-2.188399,4.16,2,201.23,24 / 24,-0.8900645808667008,-5.559572916768927,0.6525262213368239,-97.57350070738323,247.73219246934394,-134.8325507616959,False,96.0,3.840424948437687,-6.9024330416476865,-75.94300266861866,231.73022712683178,7.898888888888889,150.909,4.730489529304388,-1.3428601248787597,21.63049803876457,-16.001965342512165
12875410.0,-2.5511,1.4189,8.1034,-0.1819,0.0252,9.8049,0.075,1.0963,-0.626,299.99,-82.84,154.19,52.213894,-2.188399,4.16,2,201.23,24 / 24,-1.127550698985158,-6.177727994684177,0.38714122133585854,-97.6743814713762,247.14532742376915,-134.78056738956207,False,96.10000000000036,3.8784554598146155,-7.091781888938003,-75.56144801678856,231.0185795974926,8.083055555545505,151.32599999997723,5.0060061587997735,-0.9140538942538265,22.112933454587633,-16.126747826276556
12875510.0,5.2103,6.6887,7.4552,-0.0544,0.0053,9.8064,0.2695,0.4751,-0.292,299.14,-82.36,154.46,52.213894,-2.188399,4.16,2,201.23,24 / 24,-1.4383280803095166,-5.94618644502691,0.18440622133512108,-97.8026754103414,246.5391317017814,-134.75199001742843,False,96.20000000000073,3.8662007151680147,-7.151880314295432,-75.17307988901615,230.29581257426187,8.129999999998294,151.60499999998984,5.304528795477531,-1.2056938692685213,22.629595521325243,-16.243319127519527
12875609.0,0.0909,-1.2897,11.6729,-0.0346,-0.0975,9.806,0.2534,0.5237,-0.3541,304.33,-81.0,157.54,52.213894,-2.188399,4.16,2,201.23,24 / 24,-1.5698932782669661,-5.674079335553682,0.1603888213350823,-97.95158236759117,245.96392854564172,-134.73492266281622,False,96.29900000000089,3.8384621698650743,-7.217301775353111,-74.7953407836774,229.58027322056407,8.174549999999082,151.99406999999198,5.40835544813204,-1.543222439799429,23.15624158391377,-16.383655325077655
12875710.0,4.0087,2.3229,8.9572,-0.0076,-0.0852,9.8062,-0.0509,0.5833,-0.3635,308.4,-80.2,161.96,52.213894,-2.188399,4.16,2,201.23,24 / 24,-1.5100969204525743,-5.557104148132726,0.21173722133444617,-98.10712187262457,245.3967537797226,-134.71613029766164,False,96.39999999999964,3.910596373967158,-7.301797404495835,-74.39634363347781,228.83915903538713,8.283055555553592,151.8280000000031,5.420693294419732,-1.7446932563631083,23.710778239146762,-16.55759474433546
12875810.0,-4.1588,-0.4193,8.5205,-0.0955,0.0357,9.8061,0.0698,0.1582,-0.1544,306.98,-80.38,160.54,52.213894,-2.188399,4.16,2,201.23,24 / 24,-1.6169212192267912,-5.586723714839675,0.10495722133405778,-98.26347277960912,244.83956238657194,-134.70029557552814,False,96.5,3.8556823859514804,-7.419022331211113,-74.01478898161972,228.09415302588997,8.36111111111111,152.539,5.472603605178271,-1.832298616371438,24.2486837979894,-16.745409360681975
12875910.0,1.6054,2.5625,8.6367,-0.0646,-0.0122,9.8063,-0.043,0.4751,-0.272,305.57,-81.17,161.58,52.213894,-2.188399,4.16,2,201.23,24 / 24,-1.8127597678565062,-5.7065091146490685,-0.01784777866638894,-98.4349568289639,244.27490074509544,-134.69594010339475,False,96.60000000000036,3.875357116267969,-7.4942403737779415,-73.62642085390227,227.34914701715414,8.436944444440305,152.6559999999936,5.688116884124476,-1.787731259128873,24.80853597506163,-16.9257537279413
12876009.0,-4.2405,-0.4365,9.3584,-0.0357,0.0166,9.8065,0.1937,-0.0568,0.0098,305.35,-81.64,160.91,52.213894,-2.188399,4.16,2,201.23,24 / 24,-2.0020690936756065,-5.832286983882831,-0.09794867866651845,-98.62379085761005,243.70373033821718,-134.70167202803273,False,96.69900000000052,3.905917917005296,-7.6745140941525385,-73.24193640735439,226.5785661759511,8.611294444437654,153.02625999998557,5.907987010680902,-1.8422271102697074,25.38185445025566,-17.12516416226609
12876110.0,-1.2749,0.4517,10.5184,-0.0382,-0.0223,9.8064,0.0597,0.1461,-0.1675,307.35,-81.4,161.8,52.213894,-2.188399,4.16,2,201.23,24 / 24,-2.195563406540098,-6.138693136044353,-0.08464192866644366,-98.83577129887213,243.09919584215746,-134.7108928537031,False,96.80000000000109,3.8102233526636566,-7.707707657873434,-72.85649807424431,225.80353753744706,8.59805555555583,153.69499999998789,6.005786759203755,-1.5690145218290814,25.979273224627818,-17.2956583047104
12876209.0,-0.9138,-2.6373,9.7881,0.0043,-0.0215,9.8066,0.1174,-0.0359,0.0477,309.03,-81.25,161.77,52.213894,-2.188399,4.16,2,201.23,24 / 24,-2.211034544713404,-6.371678048567775,-0.05032852866638813,-99.05389789745954,242.47993246851814,-134.71757389134106,False,96.89900000000125,3.8095573683703754,-7.899601606196981,-72.47875896890581,225.0219483980409,8.770205555555176,154.25434999999877,6.020591913083779,-1.5279235576292063,26.575138928553727,-17.457984070477238
12876310.0,0.9914,-0.7351,10.3637,-0.0227,-0.0206,9.8066,0.0653,0.0986,-0.1026,308.98,-80.9,163.74,52.213894,-2.188399,4.16,2,201.23,25 / 25,-2.110420852943826,-6.555991958654333,-0.02313427866672504,-99.27213139503853,241.82708513316152,-134.72128376311133,False,97.0,3.8248697327988563,-7.916353872921342,-72.09338877056263,224.21345008663607,8.791944444444445,154.21200000000002,5.935290585742683,-1.360361914267009,27.178742624475902,-17.613635046525445
12876410.0,-1.277,-0.0161,9.969,-0.0127,0.0093,9.8066,0.0064,-0.094,-0.0215,310.26,-81.01,163.1,52.213894,-2.188399,4.16,2,201.23,25 / 25,-2.125963021065117,-6.668822410344841,0.012835721333405829,-99.48395058873975,241.16584441470914,-134.721798690978,False,97.10000000000036,3.8020477779683217,-8.017203227182327,-71.71183411873253,223.41284661436117,8.87305555555113,154.62799999997728,5.928010799033439,-1.3483808168374853,27.77211647000722,-17.75299780034797
12876510.0,0.7051,-1.0794,9.9028,0.0036,-0.0126,9.8066,0.05,0.0136,0.021,311.63,-80.92,163.12,52.213894,-2.188399,4.16,2,201.23,25 / 25,-1.8184185454695976,-5.784883286641227,0.021896613133434908,-99.6811696670672,240.54315912985757,-134.72006207425466,False,97.20000000000073,3.8469496251682176,-8.195967459284146,-71.33027946687467,222.59000415788518,9.05388888888231,154.8559999999917,5.665368170637815,-2.4110841726429193,28.350890200192524,-17.953154971972396
12876609.0,0.8634,-1.9964,9.5943,-0.0071,0.0337,9.8065,0.0435,-0.2482,0.0924,309.77,-81.14,162.54,52.213894,-2.188399,4.16,2,201.23,25 / 25,-1.6877655139650178,-5.902200279439797,0.016144713133425647,-99.8547257780095,239.96464849333563,-134.71817902860445,False,97.29900000000089,3.713595541438836,-8.280142193571058,-70.96603104387395,221.76438182707284,9.07478888888846,155.84401999997965,5.401361055403854,-2.3779419141312603,28.88869473413554,-18.20026666626279
12876710.0,-0.6811,-3.4169,10.6355,0.0089,-0.0056,9.8066,0.0964,-0.1376,0.087,308.74,-81.04,163.15,52.213894,-2.188399,4.16,2,201.23,25 / 25,-1.5038013658305605,-6.148002806196668,0.04727796313303999,-100.01589990543718,239.35611323751854,-134.71497618345305,False,97.39999999999964,3.8103486143833902,-8.337512451826784,-70.58079711502253,220.92208025726563,9.16694444444277,155.43900000000755,5.3141499802139505,-2.1895096456301166,29.435102790414646,-18.43403298025291
12876810.0,-1.4947,0.4464,9.8291,0.0006,0.029,9.8065,0.0257,-0.2281,0.0962,311.06,-81.09,163.73,52.213894,-2.188399,4.16,2,201.23,25 / 25,-1.492801554439309,-6.401985944836832,0.08984296313319494,-100.16573005145122,238.7286137999646,-134.7081201371397,False,97.5,3.7950768433268123,-8.443246543882008,-70.19924246319177,220.0769988152299,9.256944444444445,155.797,5.2878783977661215,-2.0412605990451764,29.966487588259454,-18.651614984734692
12876910.0,-2.6391,-0.5188,9.942,0.0199,-0.0024,9.8066,0.0651,-0.1742,0.113,308.73,-81.1,163.33,52.213894,-2.188399,4.16,2,201.23,25 / 25,-1.6560635756887223,-6.641664548591497,0.09773296313322373,-100.3231733079582,238.07643127529082,-134.69874134082636,False,97.60000000000036,3.8717117378581154,-8.58207860711898,-69.81087433544725,219.20967838769837,9.414999999991375,155.7180000000043,5.5277753135468375,-1.940414058527483,30.512298972510948,-18.86675288759244
12877010.0,-1.8486,1.6036,9.4092,-0.0161,0.0219,9.8065,0.0073,-0.0795,-0.0393,309.38,-81.16,163.6,52.213894,-2.188399,4.16,2,201.23,25 / 25,-1.8728721339096848,-6.860745419516764,0.08462796313317614,-100.49962009343876,237.40131077688295,-134.689623294513,False,97.70000000000073,3.9439597836081024,-8.615149808635975,-69.41569273173288,218.35347745111417,9.474999999997817,155.4020000000115,5.816831917517787,-1.7544043891192107,31.08392736170589,-19.047833325768778
12877110.0,-1.7576,-3.5751,10.2509,0.0265,0.0,9.8065,0.0869,-0.2697,0.1101,311.84,-81.21,163.05,52.213894,-2.188399,4.16,2,201.23,25 / 25,-1.9549378206584023,-7.14440387581621,0.08696796313318471,-100.69101059116787,236.70105331211374,-134.68104349819967,False,97.80000000000109,3.9639271243609353,-8.664359435208718,-69.02051112804519,217.48615702422725,9.528055555554591,155.41599999999974,5.918864945019338,-1.5199555593925078,31.67049946312268,-19.21489628788649
12877210.0,1.1417,-1.8519,9.4192,-0.0158,0.024,9.8066,0.0081,0.1214,-0.0733,310.52,-81.42,162.71,52.213894,-2.188399,4.16,2,201.23,25 / 25,-1.8096910185840218,-7.423905322505194,0.08980796313314342,-100.87924203312726,235.97263785220827,-134.67220470188647,False,97.89999999999964,3.9846624333963088,-8.780065942895494,-68.62532952433762,216.5965976117978,9.641944444442373,155.58999999999685,5.794353451980331,-1.3561606203903,32.25391250878964,-19.376040240410475
12877310.0,2.0657,-2.2388,10.2472,0.0099,-0.001,9.8066,0.0771,-0.0423,-0.0316,311.33,-81.31,162.51,52.213367,-2.187946,8.73,2,154.2,23 / 23,-1.5863851527060273,-7.5152284044506406,0.09246296313315311,-101.04904584169238,235.22568116585776,-134.6630911555731,False,98.0,4.05389381888977,-8.904517207310612,-68.21652096879328,215.70703819793712,9.783888888888889,155.52200000000002,5.640278971595797,-1.389288802859971,32.8325248728991,-19.51864296792064
12877410.0,-0.6687,1.6923,10.3335,-0.0454,0.0175,9.8064,0.0315,0.0953,-0.1743,310.38,-81.24,161.94,52.213367,-2.187946,8.73,2,154.2,23 / 23,-1.5565787786561005,-7.560481253589578,0.14083296313332916,-101.20619403826106,234.471895682953,-134.65142635925974,False,98.10000000000036,4.059332530521188,-8.970380338588283,-67.81452588919286,214.8063592924236,9.846111111107716,155.6519999999929,5.615911309177289,-1.4098990849987052,33.391668149068195,-19.66553639052941
12877510.0,-0.0604,-0.9176,10.3575,0.0042,0.0014,9.8066,0.0617,0.0089,-0.0151,310.64,-81.54,161.68,52.213367,-2.187946,8.73,2,154.2,23 / 23,-1.645720930190716,-7.6417614735997095,0.1947179631335253,-101.36630902370398,233.71178354659077,-134.63464881294635,False,98.20000000000073,4.069885092640313,-9.116691981101642,-67.40571733364865,213.89456089371214,9.983888888883875,155.9429999999894,5.71560602283103,-1.4749305075019326,33.960591690055324,-19.817222652878627
12877610.0,1.2009,-2.5267,9.6755,0.0118,-0.0132,9.8065,0.114,-0.062,0.0088,312.69,-81.26,162.05,52.213367,-2.187946,8.73,2,154.2,23 / 23,-1.516740851928832,-7.793163054369247,0.21570296313360166,-101.52443211281053,232.9400373201895,-134.61412776663292,False,98.30000000000109,4.172573320720131,-9.17156731462172,-66.99009530216232,212.98276249570742,10.076111111109434,155.5370000000074,5.689314172648963,-1.3784042602524735,34.53433681064821,-19.957274824482084
12877710.0,0.5172,-1.0346,9.751,0.0136,-0.0038,9.8066,-0.0506,-0.1218,0.021,311.5,-80.98,162.25,52.213367,-2.187946,8.73,2,154.2,23 / 23,-1.3653156532362303,-7.927025558532717,0.2063629631337376,-101.66853493806668,232.15402788955583,-134.59302447031985,False,98.39999999999964,4.0814720858567295,-9.236466403092173,-66.58128674662505,212.0598446038793,10.098055555555156,156.15999999998866,5.44678773909296,-1.3094408445594556,35.08724819144163,-20.094183285676536
12877809.0,2.0071,-1.7108,9.8952,0.0039,0.0259,9.8066,-0.0341,-0.2251,0.096,310.28,-81.27,160.89,52.213367,-2.187946,8.73,2,154.2,23 / 23,-1.2171828837372356,-7.998171111079066,0.20799151313374029,-101.79636861564708,231.36573065440876,-134.57251392374457,False,98.4989999999998,4.186103380850126,-9.332867313526762,-66.16307559429868,211.1241392959521,10.228680555555268,155.8422100000007,5.403286264587361,-1.334696202447696,35.63329302134841,-20.241591358456674
12877910.0,-2.4006,-0.4944,9.6449,0.0068,0.0125,9.8066,0.0278,-0.1486,0.1156,310.34,-81.44,161.03,52.213367,-2.187946,8.73,2,154.2,23 / 23,-1.1811403074722193,-8.164633566129556,0.2042949131337196,-101.91748393680385,230.54950901820513,-134.55169345921794,False,98.60000000000036,4.24135263994667,-9.363038212764376,-65.73641573182599,210.18065034368772,10.27888888888622,155.6300000000114,5.422492947418889,-1.1984046466348204,36.18106820497786,-20.368858674517412
12878010.0,0.2083,-1.9431,9.9162,0.0262,-0.0196,9.8065,0.0609,-0.1639,0.1066,311.67,-81.36,162.05,52.213367,-2.187946,8.73,2,154.2,23 / 23,-1.1970447316363746,-8.407074262088441,0.20168491313371018,-102.0363931887597,229.7209236267912,-134.5313944679045,False,98.70000000000073,4.151881477419281,-9.569219362606953,-65.32079370036612,209.22437397456676,10.431111111105572,156.5449999999667,5.348926209055656,-1.1621451005185115,36.71559948839358,-20.496549652224445
12878110.0,-1.4859,-0.1622,10.7864,0.0208,-0.0135,9.8066,0.1027,-0.0501,0.1283,310.5,-80.97,163.11,52.213367,-2.187946,8.73,2,154.2,23 / 23,-1.1962865561692106,-8.603735768288285,0.2561499131339084,-102.15605975315042,228.87038312526929,-134.50850272659105,False,98.80000000000109,4.21319335359939,-9.591553877110549,-64.8983581929378,208.26809760473728,10.476111111110292,156.28600000000472,5.409479909768601,-0.987818108822264,37.25770156021261,-20.602285520532007
12878210.0,1.666,-1.194,9.6601,0.026,-0.0034,9.8066,0.0381,-0.0843,0.126,313.35,-80.77,164.99,52.213367,-2.187946,8.73,2,154.2,23 / 23,-1.1755634300026703,-8.723426621252324,0.29780991313330224,-102.27465225245729,228.00402500580486,-134.4808047352781,False,98.89999999999964,4.215788673435844,-9.701669196448131,-64.48273616148576,207.2895822507819,10.578055555553702,156.51299999999588,5.391352103438514,-0.9782425751958073,37.791916090971526,-20.714442755022958
12878309.0,1.1506,-1.8129,10.2314,0.0055,-0.0031,9.8066,0.001,-0.0449,0.0215,315.26,-80.54,165.17,52.213367,-2.187946,8.73,2,154.2,24 / 27,-1.0129246844695465,-8.80282205952126,0.3115808131333246,-102.38298241412383,227.13647569610518,-134.45063989432785,False,98.9989999999998,4.145253827794274,-9.765181540499935,-64.07127035031488,206.32085204964977,10.608580555555488,156.99908999999892,5.158178512263821,-0.9623594809786749,38.311712063808955,-20.815623646455407
12878410.0,-0.3906,0.4508,9.8232,0.0215,-0.0009,9.8065,-0.1042,-0.0771,0.0979,315.63,-80.47,165.54,52.213367,-2.187946,8.73,2,154.2,24 / 27,-0.9801427768141969,-8.90030128805188,0.3338664631334499,-102.48363232091923,226.2424679670477,-134.4180448068762,False,99.10000000000036,4.207362651590306,-9.789132980910475,-63.644678622628426,205.33255154219864,10.654999999997482,156.74200000001431,5.187505428404503,-0.8888316928585951,38.8389536982908,-20.909916424849058
12878509.0,-0.4904,-2.1021,9.9369,-0.0015,0.0077,9.8066,0.0108,-0.063,0.0424,316.13,-80.64,165.61,52.213367,-2.187946,8.73,2,154.2,24 / 27,-0.9975825655332008,-9.063713268652231,0.3411330631334617,-102.58152972536558,225.3532492464894,-134.38463233032593,False,99.19900000000052,4.103392901958932,-10.000410945683912,-63.24670349379474,204.34180474606492,10.809549999993981,157.69041999996304,5.100975467492133,-0.936697677031681,39.334826231570844,-21.01144450042449
12878610.0,-0.292,-1.1916,9.2053,0.0204,-0.0129,9.8065,-0.0927,-0.0538,0.064,316.28,-80.65,165.95,52.213367,-2.187946,8.73,2,154.2,24 / 27,-0.9548503386434904,-9.286341256455103,0.317342513133328,-102.68012758702706,224.42657149296627,-134.35137931372427,False,99.30000000000109,4.144401668445017,-9.912370214404143,-62.82706151151156,203.34216235414593,10.74388888889011,157.3100000000071,5.0992520070885075,-0.6260289579490408,39.8530660755155,-21.084409138820348
12878710.0,-1.4207,0.3214,9.5755,0.0209,-0.0292,9.8065,-0.0752,-0.0356,0.0808,316.72,-80.4,166.32,52.213367,-2.187946,8.73,2,154.2,24 / 27,-1.0308188430366454,-9.450774937437043,0.2757175131339338,-102.77941104610962,223.4897156832853,-134.32172631241133,False,99.39999999999964,4.114571141304779,-10.086977716171434,-62.418252955974296,202.33028852220679,10.893888888886162,157.80899999999093,5.145389984341424,-0.6362027787343916,40.36115809013532,-21.159427161078526
12878810.0,0.1283,-0.701,9.99,0.0168,-0.0207,9.8065,0.0566,-0.007,0.0599,317.78,-80.37,167.26,52.213367,-2.187946,8.73,2,154.2,24 / 27,-1.110076721845247,-9.583121150009253,0.27332751313392517,-102.8864558243541,222.53802087890952,-134.29427406109784,False,99.5,4.0536656090673695,-10.147211933424854,-62.009444400429715,201.31841469095613,10.926944444444445,158.224,5.1637423309126165,-0.564090783415601,40.87701142392439,-21.21960618795339
12878910.0,-2.0615,-0.8192,10.0037,0.003,-0.0206,9.8066,0.0669,-0.163,0.0066,318.59,-79.99,168.26,52.213367,-2.187946,8.73,2,154.2,24 / 27,-1.1780138427077023,-9.77662543717309,0.29234751313399443,-103.00086035258217,221.57003354954688,-134.26599030978434,False,99.60000000000036,3.9343003745459626,-10.271165335680427,-61.621076272658115,200.28430187280733,10.998888888884961,159.0409999999554,5.112314217253665,-0.4945398985073375,41.37978407992405,-21.285731676739545
12879010.0,-0.1633,-0.3102,9.5971,-0.012,-0.0008,9.8066,0.045,0.014,-0.0804,318.73,-79.9,168.45,52.213367,-2.187946,8.73,2,154.2,24 / 27,-1.2707653613741727,-9.965144327943353,0.29172251313399217,-103.1232993127867,220.58294506128746,-134.23678680847084,False,99.70000000000073,3.9479744982825937,-10.305787006224731,-61.23270814488534,199.25018905458336,11.036111111109756,159.03900000000007,5.2187398596567665,-0.3406426782813785,41.890591167901356,-21.332756006704102
12879110.0,-1.1664,-0.7813,9.927,-0.0002,0.0062,9.8065,-0.0051,-0.0506,0.0846,316.55,-79.9,168.52,52.213367,-2.187946,8.73,2,154.2,24 / 27,-1.3274692489055748,-10.124038684966239,0.28726251313397594,-103.25321104330116,219.57848591063834,-134.20783755715735,False,99.80000000000109,3.9802890218891482,-10.419526699800715,-60.830713065229084,198.21607623635933,11.153888888886748,159.092999999999,5.307758270794723,-0.2954880148344756,42.42249797807208,-21.362409674279007
12879210.0,-1.2886,0.2856,9.6595,0.0069,-0.0064,9.8066,-0.0561,-0.0944,0.0301,319.5,-80.02,169.02,52.213367,-2.187946,8.73,2,154.2,24 / 27,-1.4470190220026502,-10.296558010842155,0.28592251313399547,-103.39193545684455,218.55745607586277,-134.17917830584437,False,99.89999999999964,3.99267358194562,-10.472777425517608,-60.435531461575565,197.15972443401088,11.20805555555457,159.13099999999932,5.43969260394827,-0.17621941467545277,42.956403995268985,-21.39773164185189
12879310.0,-2.3089,-0.3235,9.8146,0.0004,0.0014,9.8066,0.0376,-0.1965,0.098,317.49,-80.01,169.24,52.213367,-2.187946,8.73,2,154.2,25 / 26,-1.6258734489733107,-10.490175818427842,0.2789625131339702,-103.5455800803939,217.5181193843955,-134.15093405453086,False,100.0,4.0127598964144955,-10.393368789947317,-60.03353638194601,196.12561161578645,11.14111111111111,158.889,5.638633345387806,0.09680702848052469,43.5120436984479,-21.39250776860905
12879410.0,-0.3233,0.5737,9.6731,-0.0006,0.0069,9.8066,0.0003,-0.1713,0.0536,320.48,-80.02,169.85,52.213367,-2.187946,8.73,2,154.2,25 / 26,-1.7777954136804597,-10.64055406531679,0.2726825131339474,-103.71576352352722,216.46158289020443,-134.12335180321736,False,100.10000000000036,3.8402505551360173,-10.56362038666922,-59.65198173014299,195.06925981278792,11.239999999994604,160.0219999999382,5.618045968816477,0.0769336786475705,44.06378179338422,-21.392323077416506
12879510.0,-0.9377,-0.5588,9.8879,0.0203,0.0071,9.8066,-0.0157,-0.1492,0.1262,320.43,-80.04,170.01,52.213367,-2.187946,8.73,2,154.2,25 / 26,-1.875744153385588,-10.751198549980472,0.27006751313393795,-103.89844050188118,215.39199525943567,-134.09621430190387,False,100.20000000000073,3.880284427030564,-10.553124187226258,-59.26361360234351,194.0017885165801,11.243888888888748,159.81200000000766,5.756028580416152,0.1980743627542143,44.63482689953767,-21.390206742855582
12879610.0,-0.425,0.3488,10.3047,0.0167,0.0008,9.8066,0.031,-0.1112,0.0639,321.23,-80.01,170.5,52.213367,-2.187946,8.73,2,154.2,25 / 26,-1.9709212753133645,-10.873070267838012,0.2990325131340434,-104.09077377331683,214.31078181854082,-134.06775930059038,False,100.30000000000109,3.8581621350848008,-10.598486661183507,-58.882058950512494,192.94543671350428,11.278888888888252,159.99699999999666,5.829083410398165,0.2745836066545042,45.20871482280433,-21.36534510503654
12879710.0,-1.6863,-0.9739,9.868,0.0058,-0.011,9.8066,-0.0486,-0.1775,0.0496,317.47,-79.95,170.32,52.213367,-2.187946,8.73,2,154.2,25 / 26,-2.0751042204768337,-11.037631123975741,0.3270025131336365,-104.29307504810339,213.21524674896608,-134.03645754927746,False,100.39999999999964,3.772067018873868,-10.566925305175008,-58.50731777457623,191.88908491115544,11.220000000001072,160.35499999999348,5.847171239350702,0.4707058188007327,45.78575727352716,-21.326161837810645
12879809.0,-0.349,0.6727,10.0983,0.0205,0.0293,9.8065,0.0371,-0.0653,0.0824,320.92,-80.01,170.23,52.213367,-2.187946,8.73,2,154.2,25 / 26,-2.185244550510491,-11.18600908323496,0.3444760131336648,-104.5039623122676,212.11517655870736,-134.00321936222718,False,100.4989999999998,3.786188363856655,-10.661730704749681,-58.12957866926465,190.83228832721116,11.314049999999792,160.44904999999977,5.971432914367146,0.5242783784852794,46.37438364300295,-21.2828882314962
12879910.0,-1.4322,0.1938,9.9226,0.0123,0.0016,9.8066,0.051,-0.136,-0.0414,319.97,-80.0,169.43,52.213367,-2.187946,8.73,2,154.2,25 / 26,-2.3313742322232014,-11.281572662732952,0.3650598131337805,-104.73205156079693,210.9805636805296,-133.9673878030005,False,100.60000000000036,3.7920034689411977,-10.653301372770667,-57.75102194685699,189.76526181265598,11.308055555555935,160.40700000000237,6.123377701164399,0.6282712899622851,46.981029613939945,-21.21530186787362
12880010.0,-1.7476,-0.9041,10.2788,-0.0218,-0.0177,9.8065,-0.0105,0.0377,-0.1628,321.93,-79.89,169.43,52.213367,-2.187946,8.73,2,154.2,25 / 26,-2.4828428076449836,-11.480326422637255,0.3944648131338875,-104.97276241279121,209.84246872625695,-133.92941157168698,False,100.70000000000073,3.8060630547926473,-10.566538733811027,-57.36946729497242,188.70891000887326,11.231111111113911,160.19100000000785,6.28890586243763,0.9137876888262273,47.603295117818796,-21.133558717383693
12880110.0,-2.0348,-0.477,9.6068,0.0323,0.012,9.8065,-0.0239,-0.1307,0.148,321.61,-79.87,168.28,52.213367,-2.187946,8.73,2,154.2,25 / 26,-2.639192594231283,-11.721610981291246,0.4080798131339371,-105.22886418288596,208.6823718560563,-133.88928434037345,False,100.80000000000109,3.720891601829329,-10.61272730314345,-57.00153959497096,187.64143871337257,11.246111111110837,160.67899999999113,6.360084196060612,1.1088836781477962,48.227324587915,-21.04093314268374
12880211.0,-0.7858,-0.1492,9.5598,-0.0093,0.0095,9.8065,-0.028,0.0829,-0.0007,321.11,-80.07,168.81,52.213367,-2.187946,8.73,2,154.2,25 / 26,-2.7814303825341016,-11.906086478866316,0.38552146313421665,-105.50260564320922,207.48917313433313,-133.8492074759224,False,100.90099999999984,3.744260206597478,-10.536748876679988,-56.6297963484576,186.574523391576,11.182244444443965,160.43721000000446,6.52569058913158,1.3693376021863273,48.87280929475162,-20.91464974275712
12880310.0,-0.8158,0.2654,10.0618,0.0055,0.0233,9.8066,0.0486,-0.1275,0.096,322.96,-80.19,169.19,52.213367,-2.187946,8.73,2,154.2,25 / 26,-2.897525559718415,-12.01909479321731,0.38593231313421733,-105.78371396235117,206.30487666136307,-133.81102051399705,False,101.0,3.8050904092103126,-10.54651531089982,-56.25205724311908,185.52873510653345,11.211944444444445,160.161,6.702615968928727,1.4725794823174887,49.53165671923209,-20.77614155482962
12880410.0,-0.5259,-0.3693,10.5303,-0.0122,0.0011,9.8066,0.0393,-0.0217,-0.0474,321.87,-80.37,169.01,52.213367,-2.187946,8.73,2,154.2,25 / 26,-2.998643805098489,-12.133198679229356,0.43487231313439545,-106.07852243059308,205.09726198773635,-133.76998028268346,False,101.10000000000036,3.7478910953534745,-10.486480964388129,-55.87731606723048,184.4835027959598,11.13611111111525,160.33299999999062,6.746534900451964,1.6467177148412269,50.2012063633626,-20.613759191776552
12880510.0,-1.1817,0.7792,9.7662,-0.0169,0.0212,9.8066,0.0531,-0.0647,-0.034,321.71,-80.28,168.94,52.213367,-2.187946,8.73,2,154.2,25 / 26,-3.128968075709598,-12.239914924080834,0.46903231313451976,-106.3849030246346,203.8786063075664,-133.72478505136985,False,101.20000000000073,3.783043912071486,-10.507808698833841,-55.50257489131462,183.427150992885,11.168055555554393,160.20000000000482,6.912011987781084,1.7321062252469925,50.88232813331997,-20.451455314681397
12880610.0,-0.6524,-0.206,10.9615,-0.0133,0.029,9.8065,0.1155,-0.0064,0.018,322.45,-80.48,168.56,52.213367,-2.187946,8.73,2,154.2,25 / 26,-3.2699462910817165,-12.343659018372072,0.5247523131347225,-106.70484874297533,202.6494276104393,-133.6750958200562,False,101.30000000000109,3.7751707283865796,-10.48938647592386,-55.127833715398744,182.3819186829422,11.14805555555592,160.2059999999999,7.045117019468297,1.8542725424482125,51.577015027576586,-20.26750892749709
12880710.0,-0.8876,0.3041,9.9329,0.0073,0.0005,9.8066,-0.0803,0.0397,0.0277,321.34,-80.35,168.57,52.213367,-2.187946,8.73,2,154.2,25 / 26,-3.3843352183335407,-12.457383760071835,0.5888073131337904,-107.03756281844124,201.40937547153513,-133.6194178387436,False,101.39999999999964,3.772928549605946,-10.484879459191122,-54.753092539462614,181.3366863723115,11.143055555555646,160.20899999999995,7.157263767939487,1.972504300880713,52.28447027897863,-20.072689099223624
12880810.0,-0.813,0.543,10.4748,-0.0206,0.0053,9.8066,-0.01,-0.0161,-0.0731,322.24,-80.45,168.59,52.213367,-2.187946,8.73,2,154.2,25 / 26,-3.5277750646647186,-12.546583813867395,0.628527313133935,-107.38316833259242,200.15917709283363,-133.55855110743,False,101.5,3.860148488117823,-10.305788599116601,-54.364724411717184,180.3025735540873,11.005,159.466,7.387923552782542,2.2407952147507935,53.018443920875235,-19.856603538746327
12880910.0,-0.3451,0.7807,10.5775,0.0194,-0.0242,9.8065,-0.0982,-0.0988,0.0401,321.66,-80.47,168.08,52.213367,-2.187946,8.73,2,154.2,25 / 26,-3.6650057940603964,-12.599879650760744,0.7004773131341968,-107.74280737552998,198.90185391959764,-133.49210087611635,False,101.60000000000036,3.9400692983814767,-10.442521494271842,-53.96954280803118,179.25734124422098,11.161111111102592,159.32800000000753,7.605075092441873,2.157358156488902,53.7732645674988,-19.64451267537666
12881010.0,-1.394,0.5917,9.101,0.0278,-0.0068,9.8065,-0.1021,-0.1116,0.0718,320.15,-80.36,167.76,52.213367,-2.187946,8.73,2,154.2,25 / 26,-3.8246570323196885,-12.672604966165116,0.7037373131342088,-108.11729051685035,197.63822968874675,-133.4218901448027,False,101.70000000000073,3.906031391443799,-10.31848989247621,-53.5743612043435,178.23434791912874,11.033055555560216,159.26600000000224,7.730688423763487,2.354115073688906,54.54292931250685,-19.40388176961801
12881111.0,-0.3318,0.4678,10.3327,0.0116,-0.0069,9.8066,-0.0003,-0.0185,-0.0164,320.9,-80.41,167.48,52.213367,-2.187946,8.73,2,154.2,25 / 26,-3.975209999376838,-12.758738336848026,0.694667513134158,-108.51118380195324,196.35394685193737,-133.35127070107575,False,101.8010000000013,3.9067231492473877,-10.31639228500263,-53.175091515072445,177.20101346585366,11.03134999999962,159.2588000000131,7.881933148624226,2.442346051845396,55.33609228688079,-19.152933386083703
12881210.0,-0.2704,0.9606,9.521,0.0166,-0.0126,9.8066,-0.0512,0.0325,0.0005,319.66,-80.34,167.14,52.213367,-2.187946,8.73,2,154.2,25 / 26,-3.477960065674197,-10.874952278026914,0.6005822161638649,-108.88011572016708,195.18407916652066,-133.28715583947658,False,101.89999999999964,4.061183912415985,-10.282013918952043,-52.77037104506475,176.17724177583275,11.054999999999565,158.44700000001492,7.539143978090182,0.5929383590748714,56.109744675102334,-19.006837390687906
12881310.0,-0.8008,1.0461,9.0433,-0.0161,0.0233,9.8066,0.1304,0.0038,-0.0485,320.41,-80.51,166.98,52.213367,-2.187946,8.73,2,154.2,25 / 27,-3.631904534992146,-10.9037407000325,0.5481322161636741,-109.2356089502017,194.09514451761373,-133.22972011785998,False,102.0,3.981033734198766,-10.163099694835795,-52.36837596543495,175.16536794316707,10.915,158.609,7.612938269190912,0.7406410051967054,56.867232984766744,-18.929776574446663
12881409.0,-0.7539,0.8385,9.2525,-0.0008,-0.0038,9.8066,0.0368,-0.0191,-0.0343,321.0,-80.35,166.69,52.213367,-2.187946,8.73,2,154.2,25 / 27,-3.7992735669238633,-10.950485022948886,0.48291596616356874,-109.60345226624713,193.0133603443244,-133.17868323283471,False,102.09900000000016,4.00066772166486,-10.191437790986278,-51.97040083665816,174.16361284820306,10.9485499999981,158.56742000000236,7.799941288588723,0.759047231962608,57.633051429588974,-18.849747496121353
12881510.0,0.2574,0.1831,10.1895,-0.0158,0.0327,9.8065,0.1097,0.0331,0.0116,321.09,-80.34,166.55,52.213367,-2.187946,8.73,2,154.2,25 / 27,-3.9013101980716796,-10.99745733876093,0.4742653161635202,-109.9923317463816,191.90498925505185,-133.1303455780769,False,102.20000000000073,3.970316702387469,-10.096285228056843,-51.57119928214647,173.14162027932474,10.848888888892526,158.53300000000124,7.871626900459148,0.9011721107040866,58.42113246423512,-18.763368975727104
12881610.0,-0.0467,-0.1131,10.8166,0.0061,-0.0103,9.8065,0.0265,0.0507,-0.0441,320.78,-80.47,166.4,52.213367,-2.187946,8.73,2,154.2,25 / 27,-3.944755365988237,-11.058776558749265,0.5439053161637736,-110.38463502458602,190.8021775601723,-133.07943704646036,False,102.30000000000109,4.014750891489173,-10.07122309432719,-51.162390726602396,172.1408659390847,10.84194444444457,158.26600000000485,7.95950625747741,0.987553464422076,59.22224429798362,-18.661311621087606
12881710.0,-0.1823,1.2173,10.5081,-0.0323,0.0431,9.8064,0.1875,0.0773,-0.0373,318.26,-80.37,166.14,52.213367,-2.187946,8.73,2,154.2,25 / 27,-4.038015653286244,-11.097138788145536,0.6294753161625284,-110.78377357554393,189.6943817928437,-133.0207680148449,False,102.39999999999964,3.945211401731339,-9.96345042349171,-50.76720912292166,171.15123109128862,10.7161111111134,158.3979999999976,7.983227055017583,1.1336883646538265,60.01656445262227,-18.543150701555078
12881810.0,0.2859,0.5543,10.7871,-0.0359,0.0138,9.8066,0.1255,0.0018,-0.1277,318.87,-80.59,166.48,52.213367,-2.187946,8.73,2,154.2,25 / 27,-4.139311826750501,-11.100166905589708,0.7135703161628344,-111.19263994954726,188.5845165081529,-132.9536157332284,False,102.5,4.060989660855623,-9.908118729369765,-50.36521404326503,170.16159624418202,10.708055555555555,157.713,8.200301487606124,1.1920481762199433,60.82742590628223,-18.422920263970866
12881909.0,-1.0854,1.0026,9.788,-0.0156,-0.0106,9.8066,-0.0216,0.1003,-0.0719,320.01,-80.46,166.68,52.213367,-2.187946,8.73,2,154.2,25 / 27,-4.2668949038396695,-11.137909427797325,0.7611794161629115,-111.60874718271214,187.48373172964844,-132.88061562147814,False,102.59900000000016,4.090244777762971,-9.923745162809945,-49.96049357330616,169.17084944881944,10.73363055555411,157.60014000000638,8.35713968160264,1.2141642649873798,61.64825360940598,-18.312882280829
12882010.0,-1.465,1.4073,9.6074,0.0155,-0.0012,9.8066,-0.0285,-0.0713,0.0531,318.75,-80.39,166.32,52.213367,-2.187946,8.73,2,154.2,25 / 27,-4.491923139333037,-11.202392826985681,0.7501754661628498,-112.05106749389485,186.35554646577555,-132.80429219992027,False,102.70000000000073,3.976520755584096,-9.833338859616175,-49.561223884061775,168.18232655004044,10.606944444449063,157.98199999998607,8.468443894917133,1.3690539673695064,62.48984360983307,-18.173219915735103
12882110.0,-0.7545,1.2372,9.4388,-0.0082,-0.0026,9.8066,0.0223,0.1704,-0.0015,318.91,-80.37,166.7,52.213367,-2.187946,8.73,2,154.2,25 / 27,-4.709327047962919,-11.248397684375682,0.7218204661627468,-112.51113000326131,185.23300694020338,-132.73069240330372,False,102.80000000000109,3.9896541013711917,-9.75152795704951,-49.159228804432345,167.2149306884922,10.5361111111124,157.74900000000423,8.698981149334111,1.4968697273261728,63.35190119882897,-18.018076251711193
12882210.0,1.6573,1.5274,10.6376,-0.0243,0.0076,9.8065,0.1153,0.2077,-0.1541,320.48,-80.42,167.78,52.213367,-2.187946,8.73,2,154.2,25 / 27,-4.811023200930776,-11.18664357542844,0.74497546616241,-112.98714751569908,184.1112548772295,-132.65735260668853,False,102.89999999999964,4.027248021070281,-9.69486688017586,-48.75723372483708,166.2475348262546,10.498055555556247,157.44200000000558,8.838271222001056,1.4917766952525788,64.229913790862,-17.863720050974905
12882310.0,-1.3489,-0.0047,10.7801,-0.0468,-0.008,9.8065,0.1148,0.1745,-0.1354,319.93,-80.16,167.52,52.213367,-2.187946,8.73,2,154.2,25 / 27,-4.895731795969542,-11.189889603640436,0.8351954661627382,-113.47248526554586,182.99242821827198,-132.578344060072,False,103.0,3.8352662587470796,-9.721957425400829,-48.375679072951755,165.2690194715739,10.451111111111112,158.471,8.730998054716622,1.4679321782396073,65.0968061925941,-17.723408746698084
12882410.0,1.5662,2.1766,10.3692,-0.046,-0.0131,9.8065,0.0744,0.341,-0.1666,321.26,-80.25,169.42,52.213367,-2.187946,8.73,2,154.2,26 / 26,-5.003269337406733,-11.170550229473413,0.9119954661630176,-113.96743532221647,181.87440622661222,-132.4909845134554,False,103.10000000000036,3.869150935783495,-9.541466084865839,-47.98731094520725,164.3238625949462,10.29611111111957,157.9270000000297,8.872420273190228,1.6290841446075746,65.98012437700922,-17.550543631666017
12882509.0,-1.0221,2.0305,8.8183,-0.0326,0.0244,9.8065,0.058,-0.1544,0.058,322.37,-80.39,170.27,52.213367,-2.187946,8.73,2,154.2,26 / 26,-5.161706331179985,-11.05848592657391,0.8909183661629836,-114.47060161781233,180.7740689368861,-132.4017402787551,False,103.19900000000052,3.8101369966530956,-9.536167881666357,-47.616317181077356,163.37714899021802,10.269161111112162,158.22102999998853,8.971843327833081,1.5223180449075535,66.85428443673499,-17.396919946668078
12882610.0,0.9528,1.3842,10.4823,-0.0378,0.0235,9.8065,0.1317,0.046,0.0355,323.12,-80.45,170.87,52.213367,-2.187946,8.73,2,154.2,26 / 26,-5.320854255359711,-10.993761579405597,0.875127016162895,-114.99997092743557,179.66043043782787,-132.31255498694716,False,103.30000000000109,3.8140575285742386,-9.533411249951499,-47.22420164154545,162.41130985740978,10.268055555555572,158.19500000000053,9.13491178393395,1.4603503294540978,67.77576928589012,-17.249120580418094
12882710.0,-0.8878,1.0342,9.0598,0.0101,0.0061,9.8066,-0.0153,-0.0564,0.1474,324.63,-80.34,172.05,52.213367,-2.187946,8.73,2,154.2,26 / 26,-5.443443874132764,-10.96137245529727,0.8715670161629469,-115.53818583390236,178.5626737361087,-132.22522028533214,False,103.39999999999964,3.764230939542602,-9.395076133661776,-46.84946046558198,161.4772724738629,10.121111111113784,158.16600000000054,9.207674813675366,1.5662963216354928,68.68872536832038,-17.085401262245796
12882810.0,-0.6375,0.2345,9.5585,-0.0405,0.001,9.8065,0.0614,-0.0734,-0.03,326.51,-80.34,173.14,52.213367,-2.187946,8.73,2,154.2,26 / 26,-5.597644139176975,-11.01914308512514,0.8218170161627659,-116.09024023456986,177.4636479590836,-132.14055108371554,False,103.5,3.8634004024364543,-9.311441272167363,-46.46109233780946,160.54323508959212,10.081111111111111,157.466,9.461044541613429,1.7077018129577777,69.6291478967604,-16.920412869491486
12882910.0,-0.411,1.9246,9.6595,-0.0146,-0.0116,9.8066,-0.0139,0.0364,0.0719,326.6,-80.36,173.9,52.213367,-2.187946,8.73,2,154.2,26 / 26,-5.756985159713573,-11.02341246349697,0.8020520161626941,-116.65797169951645,176.36152018164847,-132.05935763209897,False,103.60000000000036,3.851875129012924,-9.170864832255539,-46.07953768600645,159.6314366909464,9.946944444451766,157.2170000000136,9.608860288726497,1.8525476312414302,70.57843401351,-16.73008349070207
12883010.0,-0.3718,1.4099,9.9738,-0.023,-0.0049,9.8066,0.0478,0.0668,-0.022,328.67,-80.42,176.49,52.213367,-2.187946,8.73,2,154.2,26 / 26,-5.937022568835023,-10.968241579532982,0.8030520161626977,-117.24267208594601,175.26193747949299,-131.9791024304824,False,103.70000000000073,3.5965616043466953,-9.396313182103672,-45.72523693783382,158.68627981495905,10.061111111106957,159.05499999993313,9.533584173181719,1.5719283974293106,71.51743514811218,-16.575657664533935
12883110.0,-3.463,1.7427,8.5567,-0.062,0.0267,9.8064,0.079,0.1079,-0.1016,332.69,-80.81,178.78,52.213367,-2.187946,8.73,2,154.2,26 / 26,-6.244071935668222,-10.980948698539141,0.7489120161625008,-117.85172681117339,174.16447796558538,-131.90150422886586,False,103.80000000000109,3.666843013556929,-9.212029489422031,-45.357309237833356,157.77448141624578,9.915000000002658,158.2950000000138,9.910914949225152,1.7689192091171098,72.49441757334003,-16.3899965493396
12883210.0,-1.2277,0.4846,10.1769,-0.0336,0.0141,9.8065,0.0531,-0.0145,-0.046,331.84,-80.87,178.89,52.213367,-2.187946,8.73,2,154.2,26 / 26,-6.565848263210649,-11.05014630500243,0.7049270161631409,-118.49222282110802,173.06292321542432,-131.82881227725065,False,103.89999999999964,3.671516130858342,-9.010708590389124,-44.989381537839094,156.87380251068288,9.730000000003363,157.83100000000846,10.23736439406899,2.0394377146133067,73.50284128326892,-16.18912070474144
12883309.0,-1.2743,2.1833,9.1931,-0.022,0.0115,9.8066,0.0687,0.1745,-0.0368,333.11,-80.79,179.14,52.213367,-2.187946,8.73,2,154.2,26 / 26,-6.797867556045524,-11.04856471585249,0.6928836661631215,-119.15372675416226,171.96903701989024,-131.7596206484754,False,103.9989999999998,3.5898665156531093,-9.045614572570623,-44.631878456021326,155.9821303934612,9.731924999999993,158.35371999999884,10.387734071698635,2.0029501432818666,74.52184829814094,-15.986906626429032
12883410.0,0.7838,0.5506,10.2258,-0.0267,0.0181,9.8066,0.0424,0.0739,-0.0849,334.52,-81.04,-179.79,52.213367,-2.187946,8.73,2,154.2,26 / 26,-6.945977593103337,-10.995642491024773,0.6830664661630663,-119.84779093419819,170.8558045559367,-131.69013516679252,False,104.10000000000036,3.500837176865002,-9.003318225029897,-44.27396656566174,155.0724446995903,9.660000000003926,158.75199999997855,10.44681476996834,1.9923242659948759,75.57382436853645,-15.78335985634638
12883510.0,-2.0356,0.0695,9.45,-0.0361,-0.0064,9.8065,0.0709,0.1006,-0.0842,334.57,-80.98,-179.72,52.213367,-2.187946,8.73,2,154.2,26 / 26,-7.0805698745910925,-11.051540309161506,0.6861914661630777,-120.54911830758546,169.75344541592335,-131.62167227017596,False,104.20000000000073,3.270736622876941,-9.112756452855654,-43.946919721229996,154.16064630017155,9.681944444443646,160.2559999999453,10.351306497468034,1.938783856305852,76.60219858635546,-15.592799115751802
12883610.0,-0.1467,-0.181,10.3182,-0.0166,-0.0041,9.8066,0.072,0.106,-0.0352,333.3,-80.92,-178.17,52.213367,-2.187946,8.73,2,154.2,26 / 26,-7.240568714310454,-11.16121280134225,0.6939364661631059,-121.26517523703315,168.64280776039413,-131.5526658735594,False,104.30000000000109,3.3077837546410533,-8.904350439872218,-43.61987287679975,153.27108688701736,9.498888888892218,159.62100000001155,10.548352468951506,2.2568623614700325,77.6453023602334,-15.371720873376773
12883710.0,-1.5607,1.1723,9.9788,-0.0152,-0.0148,9.8066,0.0331,0.0339,0.0049,335.7,-80.69,-176.92,52.213367,-2.187946,8.73,2,154.2,26 / 26,-7.402954928867957,-11.208365146749719,0.7281214661626084,-121.99735141918141,167.52432886300582,-131.48156297694413,False,104.39999999999964,3.338724070296583,-8.817985442347846,-43.27919908049196,152.40376645943812,9.428888888890164,159.26200000000654,10.74167899916454,2.390379704401873,78.71815233868945,-15.120562403567703
12883810.0,0.0924,0.443,9.908,-0.0199,-0.0119,9.8065,0.0616,0.0372,-0.036,336.71,-80.6,-176.04,52.213367,-2.187946,8.73,2,154.2,26 / 26,-7.569050545954864,-11.220025828674038,0.7417964661626582,-122.74595169292527,166.40290931423056,-131.4080670803276,False,104.5,3.1345529555674996,-8.875820675335794,-42.97259266377873,151.50308755315234,9.413055555555555,160.549,10.703603501522364,2.344205153338244,79.77335902914655,-14.899821761078215
12883909.0,-2.0411,1.7494,9.7466,-0.0181,0.0043,9.8066,-0.0471,0.0278,0.0042,336.19,-80.51,-175.54,52.213367,-2.187946,8.73,2,154.2,26 / 26,-6.601800702768841,-9.531857001208339,0.6322646937382622,-123.44740882973824,165.37569111414973,-131.3400510529124,False,104.59900000000016,2.9574276595520734,-8.896689004111703,-42.68928833485579,150.62242373419636,9.375380555557687,161.61225999993982,9.559228362320916,0.6351679970966355,80.75812049488245,-14.753267379953371
12884009.0,-1.0838,1.4924,9.1972,-0.0129,-0.0162,9.8065,-0.037,0.0131,-0.0425,338.77,-80.63,-174.33,52.213367,-2.187946,8.73,2,154.2,26 / 26,-6.87555015793405,-9.49673934777816,0.5987896937381405,-124.12127637277584,164.42426129669695,-131.27849833353835,False,104.69900000000052,2.8526475443189394,-8.840915770362724,-42.4031223459431,149.7438726192447,9.28975000000332,162.11700999998078,9.72819770225299,0.6558235774154362,81.71815402683274,-14.680388677452243
12884110.0,-1.6762,0.3487,9.6032,-0.0133,-0.0026,9.8066,0.053,0.0367,-0.0411,338.67,-80.62,-174.41,52.213367,-2.187946,8.73,2,154.2,26 / 26,-6.04222345974129,-8.086385968666814,0.4740775071772234,-124.7736239404721,163.5363134682115,-131.2243185398918,False,104.80000000000109,2.970682299786926,-8.745329904042508,-42.10046774533745,148.8677677917404,9.23611111111207,161.2380000000161,9.012905759528216,-0.6589439353756941,82.67315619513465,-14.668545676471098
12884210.0,-1.4984,0.4532,10.1213,-0.0046,-0.0057,9.8066,-0.047,0.0315,-0.024,341.35,-80.61,-173.89,52.213367,-2.187946,8.73,2,154.2,26 / 26,-6.274702377698863,-8.15372459062551,0.4796375071771425,-125.38947023233516,162.72430794025868,-131.1766327891748,False,104.89999999999964,2.7138720397871476,-8.687066363767197,-41.8279287082851,148.00044736416152,9.101111111113566,162.65099999997432,8.98857441748601,-0.5333417731416876,83.56154152405006,-14.723860576097167
12884311.0,-1.6625,0.4188,9.9329,-0.003,0.0065,9.8066,0.0276,0.0164,-0.0234,339.57,-80.83,-173.74,52.213367,-2.187946,8.73,2,154.2,26 / 26,-5.534111157791207,-6.9838456530706585,0.42661751360067746,-125.98581531588076,161.95986064294772,-131.13086691062526,False,105.0010000000002,2.7468535907592946,-8.661151090879635,-41.54585080496969,147.12456492721412,9.08629444444435,162.40374999999983,8.280964748550502,-1.6773054378089762,84.43996451091107,-14.835295715733594
12884409.0,-0.3869,0.8862,10.0449,-0.0115,-0.0038,9.8066,0.0144,0.0349,-0.1051,341.29,-80.85,-174.03,52.213367,-2.187946,8.73,2,154.2,26 / 27,-5.718310265201445,-7.007101948696381,0.4444780136006696,-126.53718396560716,161.27430421046145,-131.0881832297924,False,105.09900000000016,2.745978320848969,-8.594580251960265,-41.278762548674536,146.285488010813,9.022594444448085,162.281250000007,8.464288586050413,-1.5874783032638842,85.25842141693262,-14.988816199648454
12884510.0,-1.7713,1.5605,9.4738,-0.001,-0.0009,9.8066,0.0177,-0.0462,-0.0885,336.97,-80.93,-175.09,52.213367,-2.187946,8.73,2,154.2,26 / 27,-5.934033409786027,-6.985617750170015,0.43970071360064283,-127.12562732119733,160.56767186566472,-131.0435322040685,False,105.20000000000073,2.6651984609481625,-8.52707967846138,-41.01031159721553,145.4318445594237,8.933888888892092,162.64299999998678,8.59923187073419,-1.5414619282913646,86.11531572398181,-15.135827306241026
12884610.0,-1.1242,1.0464,10.0682,0.0136,0.012,9.8066,-0.0029,-0.0914,0.0029,340.58,-80.93,-176.3,52.213367,-2.187946,8.73,2,154.2,26 / 27,-6.185185608451946,-6.969892979391813,0.4361357136006299,-127.73158827211144,159.8698963291841,-130.99974038270827,False,105.30000000000109,2.663626588137052,-8.47837690584858,-40.737772560158966,144.58676311668046,8.886944444445298,162.55900000000153,8.848812196588998,-1.5084839264567664,86.99381571195246,-15.283133212503628
12884710.0,-1.0189,0.8614,9.6926,0.0012,0.0115,9.8066,0.0044,-0.1678,-0.0346,336.64,-81.15,-177.22,52.213367,-2.187946,8.73,2,154.2,26 / 27,-6.387996916186738,-6.9721799753316125,0.44351071360052263,-128.36024739833422,159.17279268145805,-130.95575806134886,False,105.39999999999964,2.5922245265261665,-8.465043690013662,-40.47886047499062,143.74168167395257,8.853055555556171,162.97399999999243,8.980221442712905,-1.4928637146820494,87.8813869233436,-15.431111007505478
12884810.0,-2.7412,-0.4582,10.0736,0.0348,0.0173,9.8065,0.0076,-0.2161,0.1402,338.06,-81.16,-178.61,52.213367,-2.187946,8.73,2,154.2,26 / 27,-6.637842313262098,-7.079104808833857,0.45115571360055057,-129.01153935980903,158.47022844224722,-130.91102473998865,False,105.5,2.525455957647586,-8.399670370284724,-40.22676186575967,142.89660023191664,8.77111111111111,163.266,9.163298270909685,-1.3205655614508673,88.78477749404937,-15.573628210330583
12884910.0,0.9063,0.8084,9.5288,0.0356,0.0091,9.8065,0.0269,-0.1245,0.0813,334.71,-81.12,-178.83,52.213367,-2.187946,8.73,2,154.2,26 / 27,-6.799197563500529,-7.150573274644219,0.4506107136005487,-129.6833913536496,157.75874453807072,-130.86593641862842,False,105.60000000000036,2.26060953138877,-8.23853401838659,-40.00191716020483,142.07375777408464,8.543055555568,164.65599999992412,9.0598070948893,-1.0879607437423706,89.68147419344476,-15.684986763986075
12885010.0,-1.5988,1.0028,9.4328,0.0085,0.0183,9.8065,0.0182,-0.2427,0.0723,336.04,-81.12,179.82,52.213367,-2.187946,8.73,2,154.2,26 / 27,-6.93443791620331,-7.13740825550458,0.4180257136004303,-130.37007312763728,157.04434546156068,-130.82250459726822,False,105.70000000000073,2.341369606970898,-8.172323934294047,-39.77025897871911,141.26203481003253,8.501111111112637,164.0130000000234,9.275807523174208,-1.034915678789467,90.59981414891817,-15.78231065152815
12885110.0,0.4381,1.9426,8.9116,0.0025,0.0207,9.8065,0.049,-0.0879,0.0,334.96,-81.05,179.62,52.213367,-2.187946,8.73,2,154.2,26 / 27,-7.114770607595544,-7.08273371407727,0.35458071360019955,-131.07253355382977,156.333338363079,-130.78387427590806,False,105.80000000000109,2.4923587757239574,-8.268649397361452,-39.518160369461945,140.43919235214108,8.636111111108656,163.22600000001432,9.607129383319501,-1.1859156832841817,91.55437318436782,-15.89414601093793
12885210.0,-1.2262,0.7063,10.303,0.0132,0.0357,9.8065,0.0914,-0.2381,0.0742,336.05,-81.2,178.62,52.213367,-2.187946,8.73,2,154.2,26 / 27,-7.272061787210562,-7.034023012931093,0.3346457136004897,-131.79187517355962,155.62750052673886,-130.74941295454852,False,105.89999999999964,2.4993346951007966,-8.403132807102299,-39.27287523615038,139.59411091012092,8.766944444442064,163.4359999999962,9.77139648231136,-1.369109794171206,92.51899993740923,-16.03338961661794
12885310.0,0.3483,1.2702,9.0683,0.0047,0.0064,9.8066,-0.007,0.007,-0.025,334.3,-81.22,178.18,52.213367,-2.187946,8.73,2,154.2,27 / 27,-7.41961025816705,-7.018178268787913,0.3225457136004458,-132.52645877583117,154.92489046265035,-130.71655338318834,False,106.0,2.4568989171525266,-8.235203333583367,-39.02759010280737,138.78238794536145,8.593888888888888,163.388,9.876509175319576,-1.2170250647954548,93.4988686730238,-16.142502517288904
12885410.0,-1.1057,0.3732,9.6345,0.0127,0.0138,9.8066,-0.0457,-0.0928,0.0329,333.92,-81.23,177.86,52.213367,-2.187946,8.73,2,154.2,27 / 27,-7.553600162306809,-7.018475384667645,0.27702071360028024,-133.27511929685758,154.22305777997502,-130.6865750618282,False,106.10000000000036,2.214184871403922,-8.030335320239388,-38.80274539727963,137.9706649806617,8.330000000014401,164.5849999999347,9.76778503371073,-1.011859935571743,94.47237389957795,-16.252392799313327
12885509.0,-0.0201,1.3994,10.3633,0.0182,-0.009,9.8066,-0.1116,-0.0604,0.0493,333.65,-81.27,177.6,52.213367,-2.187946,8.73,2,154.2,27 / 27,-7.7058327322674645,-7.021630057968579,0.29605346360031104,-134.03046122514024,153.5280725605634,-130.65820789005673,False,106.19900000000052,2.3599038250837094,-7.797537802436864,-38.56665845645386,137.2110924369558,8.146850000007134,163.16138000005546,10.065736557351174,-0.7759077444682845,95.46380276868638,-16.316980123607607
12885610.0,0.1728,1.1584,9.6847,0.0134,-0.0065,9.8066,-0.0438,0.0044,0.0365,335.4,-81.29,177.41,52.213367,-2.187946,8.73,2,154.2,27 / 27,-6.646883443463291,-5.915626411701656,0.27030494156036927,-134.75527339201872,152.8747411088414,-130.62960679059594,False,106.30000000000109,2.32360773552623,-8.000516198160286,-38.33261555839302,136.39169702296795,8.331111111107726,163.80499999998804,8.970491178989521,-2.0848897864586293,96.42265783362569,-16.483044085873445
12885710.0,-0.6842,1.3671,10.1646,0.0267,-0.0012,9.8066,0.0382,-0.1573,0.0942,333.86,-81.31,177.76,52.213367,-2.187946,8.73,2,154.2,27 / 27,-6.788759634779394,-5.870016344173995,0.2821049415601976,-135.4270555459211,152.2854589710562,-130.60198629644032,False,106.39999999999964,2.2344057816347407,-8.283950193169867,-38.1077708528258,135.56885456509127,8.579999999995472,164.90499999998,9.023165416414134,-2.413933848995872,97.31928469309528,-16.716604405964915
12885810.0,-5.3244,2.4039,14.8455,0.0235,-0.0131,9.8065,0.2959,-0.3167,0.0453,334.37,-81.11,176.51,52.213367,-2.187946,8.73,2,154.2,27 / 27,-7.205888273507783,-5.888037630625934,0.5519449415611792,-136.126787941338,151.69755627231405,-130.5602838022841,False,106.5,2.257461524611431,-8.217505982906038,-37.8829261472817,134.74601210790672,8.521944444444443,164.639,9.463349798119214,-2.329468352280104,98.2438617940563,-16.951544164407323
12885910.0,1.2955,0.8891,4.2063,0.1303,-0.0523,9.8056,-0.4585,0.2675,0.0918,326.84,-80.54,170.47,52.213367,-2.187946,8.73,2,154.2,27 / 27,-7.5285080192735006,-5.883400952730928,0.5238699415610771,-136.86350775597973,151.10898434314407,-130.50649305812777,False,106.60000000000036,2.2746039023530717,-8.296911592833764,-37.65808144175396,133.92316965078206,8.603055555551128,164.66899999999836,9.803111921626572,-2.413510640102836,99.20542631422578,-17.185814692362015
12886010.0,-0.2574,1.0666,5.8806,0.0637,-0.0168,9.8064,-0.2416,-0.0156,0.0247,327.4,-80.17,169.37,52.213367,-2.187946,8.73,2,154.2,27 / 27,-7.5949743667496294,-5.837687819971585,0.04754994155934433,-137.61968187528365,150.5229299045068,-130.47792206397165,False,106.70000000000073,2.1818072735542127,-8.15628004272546,-37.440050212097304,133.1003271935975,8.443055555561376,165.0239999999871,9.776781640303842,-2.3185922227538747,100.17963166318634,-17.422602710909302
12886110.0,-2.814,-3.1551,11.445,-0.0434,-0.008,9.8064,-0.5121,0.5863,-0.2316,326.74,-80.16,168.11,52.213367,-2.187946,8.73,2,154.2,27 / 27,-7.722426951771595,-6.073748447961322,-0.06683505844107171,-138.3855519412125,149.927358091108,-130.47888631981573,False,106.80000000000109,2.2646610361736186,-8.254993058216375,-37.21520550655345,132.277484736413,8.55999999999787,164.65900000000667,9.987087987945214,-2.1812446102550522,101.17034643465905,-17.649873354695018
12886210.0,-2.0632,5.2555,4.6801,0.0399,-0.1401,9.8055,-0.9795,0.5768,-0.0769,327.71,-80.82,169.38,52.213367,-2.187946,8.73,2,154.2,27 / 27,-8.038061503112928,-6.180618475517055,-0.2412450584385336,-139.17357636394524,149.314639744943,-130.49429032565948,False,106.89999999999964,2.2526441681119187,-8.346353650058484,-36.990360801013445,131.4435227868181,8.644999999998454,164.89599999999567,10.290705671224847,-2.165735174541429,102.18321556293179,-17.8711169581249
12886310.0,-2.9044,3.1373,9.4872,-0.1595,0.1436,9.8042,0.6136,-0.2022,-0.1945,326.84,-82.14,168.48,52.2126,-2.187439,8.44,2,163.96,25 / 27,-8.529992271360653,-6.026473955635982,-0.5135450584395242,-140.00197905267194,148.70428512338313,-130.5320298315035,False,107.0,2.175153910100655,-8.499990100108455,-36.77914304729891,130.58732185094223,8.773888888888889,165.646,10.70514618146131,-2.473516144472473,103.22283600537304,-18.1169632724409
12886410.0,1.5587,0.8037,14.0025,-0.0565,0.0935,9.806,0.6002,0.0604,-0.0227,327.64,-83.01,170.48,52.2126,-2.187439,8.44,2,163.96,25 / 27,-8.749977887765178,-5.963736075985717,-0.31972505843881915,-140.86597756063136,148.10477462179986,-130.57369333734758,False,107.10000000000036,2.235197828763717,-8.513408052557406,-36.54748486585675,129.7422404089678,8.801944444442913,165.28900000001948,10.985175716528895,-2.5496719765716884,104.31849269477462,-18.36253421283206
12886510.0,0.1221,-0.628,10.397,0.0463,-0.098,9.806,-0.1079,0.097,0.0998,331.53,-81.22,174.05,52.2126,-2.187439,8.44,2,163.96,25 / 27,-8.744827360478709,-5.9751589708296855,-0.0804150584379485,-141.74071782304674,147.5078298694569,-130.5937003431915,False,107.20000000000073,2.211488620326535,-8.505247705370254,-36.32945363619972,128.8860394745068,8.78805555555606,165.42499999999507,10.956315980805243,-2.530088734540568,105.411264186847,-18.621790394950125
12886609.0,-1.9106,-3.5818,12.1137,0.0005,-0.0297,9.8065,0.0083,-0.1632,0.0762,333.44,-80.49,175.34,52.2126,-2.187439,8.44,2,163.96,25 / 27,-8.792002270930178,-6.25921088372517,0.06300624156228346,-142.6087908898029,146.90222856165548,-130.59456207962685,False,107.29900000000089,2.383579890338324,-8.541730020522882,-36.09336669540077,128.04940884619225,8.86808055555391,164.4082700000209,11.175582161268501,-2.2825191367977125,106.51542419440213,-18.852819715463227
12886710.0,-0.0663,-0.3931,11.3936,0.0335,-0.0415,9.8065,-0.2768,0.0294,0.004,336.62,-80.47,175.61,52.2126,-2.187439,8.44,2,163.96,25 / 27,-8.85844617622703,-6.540730758684855,0.25965324155984687,-143.50013853637327,146.25583150872177,-130.5782677757294,False,107.39999999999964,2.3302995837160476,-8.655692223181656,-35.85932379731746,127.17363760277001,8.963888888887162,164.9319999999903,11.188745759943078,-2.114961464496801,107.64081473905581,-19.082193905951755
12886810.0,-0.4942,-0.1352,8.5183,0.044,-0.0033,9.8065,-0.3015,0.0409,0.0393,334.27,-80.66,174.17,52.2126,-2.187439,8.44,2,163.96,25 / 27,-8.9386052392839,-6.632911883218657,0.2745832415599012,-144.38999110715204,145.5971493766242,-130.5515559515733,False,107.5,2.2393451551683343,-8.735597247991148,-35.63447909180032,126.2951976834572,9.018055555555556,165.622,11.177950394452235,-2.1026853647724906,108.75551201535171,-19.301951693167
12886910.0,0.3402,-1.067,11.1878,0.002,0.0043,9.8066,0.038,-0.0249,-0.0744,333.52,-81.03,173.47,52.2126,-2.187439,8.44,2,163.96,25 / 27,-8.982980803478407,-6.747669476062958,0.2792232415599181,-145.28607040929342,144.9281203086577,-130.52386562741722,False,107.60000000000036,2.38462848845871,-8.877239978822764,-35.38919395844808,125.40563826966125,9.191944444434956,164.96400000003592,11.367609291937118,-2.1295705027598064,109.89687645084533,-19.522482038996444
12887010.0,-1.0875,0.0465,9.2508,0.0218,-0.0275,9.8065,-0.0374,-0.0952,0.055,332.49,-80.93,172.52,52.2126,-2.187439,8.44,2,163.96,25 / 27,-9.056425561797347,-6.869650841946949,0.3204882415600683,-146.1880407275605,144.24725429275472,-130.4938800532611,False,107.70000000000073,2.3296922999436362,-8.785239610973587,-35.157535776988325,124.5271983496403,9.088888888892638,165.1479999999933,11.386117861740983,-1.9155887690266384,111.03050495057217,-19.720055943114417
12887110.0,-0.9136,0.2725,9.5067,-0.0205,0.0111,9.8065,0.0767,0.1019,-0.1057,333.38,-81.02,173.22,52.2126,-2.187439,8.44,2,163.96,25 / 27,-9.215755392058133,-6.95982855375648,0.2776982415599127,-147.1016497752566,143.55578032296702,-130.463970729105,False,107.80000000000109,2.432559808750543,-8.910880733494011,-34.91906411958757,123.63763893578003,9.236944444441752,164.73100000000758,11.648315200808677,-1.9510521797375313,112.18258565566902,-19.918141387186992
12887210.0,-2.24,-0.5509,9.7329,0.0022,0.0017,9.8065,-0.0673,-0.0579,0.0321,331.26,-81.05,173.05,52.2126,-2.187439,8.44,2,163.96,25 / 27,-9.410098677075085,-7.105623095965094,0.2590132415601847,-148.0329424786997,142.85250774049118,-130.43713515494937,False,107.89999999999964,2.4538220627527365,-9.059682062546146,-34.67377898624916,122.72584053779227,9.386111111108399,164.84499999999792,11.863920739827822,-1.9540589665810524,113.35916349245055,-20.12666720269891
12887310.0,-0.8077,-0.9049,9.9544,-0.0018,0.0321,9.8065,-0.0483,-0.1373,0.0204,334.07,-81.4,173.62,52.2126,-2.187439,8.44,2,163.96,26 / 26,-9.574383178953122,-7.3010951408431275,0.2627132415601982,-148.98216657150456,142.13217182864815,-130.41104883079325,False,108.0,2.3809976307076144,-9.001535447134646,-34.43530732882093,121.83628112463852,9.311111111111112,165.18400000000003,11.955380809660737,-1.7004403062915188,114.54685924268364,-20.295890704009636
12887410.0,3.0711,-0.1874,10.0487,0.0212,0.0256,9.8066,-0.0674,0.2571,-0.1775,331.42,-81.67,172.98,52.2126,-2.187439,8.44,2,163.96,26 / 26,-9.51446728136992,-7.353245867554788,0.28220324156026916,-149.9366090945242,141.3994547782256,-130.38380300663712,False,108.10000000000036,2.469835813179741,-9.170161658150104,-34.18320871960846,120.91336323356789,9.496944444434304,164.92600000001406,11.98430309454966,-1.8169157905953153,115.75340037491573,-20.486091544657697
12887509.0,-0.0986,-1.8736,10.55,0.0197,0.0298,9.8066,0.0337,0.2169,-0.1176,332.32,-81.94,171.83,52.2126,-2.187439,8.44,2,163.96,26 / 26,-9.39913555622737,-7.432463525555724,0.3309805415603481,-150.87283243498678,140.66756216326544,-130.3534504093726,False,108.19900000000052,2.451903765575211,-9.199734594127301,-33.947121778754386,119.99967452134335,9.520869444443514,165.07647999999415,11.851039321802581,-1.7672710685715778,116.92571065623238,-20.667887641922093
12887610.0,2.8793,0.5424,9.7245,0.0135,0.0004,9.8065,-0.0197,0.3764,-0.1818,332.49,-82.07,172.56,52.2126,-2.187439,8.44,2,163.96,26 / 26,-9.306447256510173,-7.487121660214425,0.36437114156053585,-151.81746436703534,139.9141231113798,-130.3183351493748,False,108.30000000000109,2.4459513761097447,-9.182885535477855,-33.69945192886396,119.07864694442497,9.503055555555884,165.0849999999999,11.752398632619919,-1.69576387526343,118.11801243817138,-20.835476166954834
12887709.0,-1.303,-1.0428,9.9207,0.0255,0.0292,9.8065,-0.0019,-0.0309,0.0125,332.74,-82.24,172.04,52.2126,-2.187439,8.44,2,163.96,26 / 26,-7.895022629099651,-6.401776196611472,0.3110576628264577,-152.6689371263744,139.22662266746582,-130.28490142355759,False,108.39900000000125,2.5462164586309877,-9.28397096487529,-33.44312896454364,118.15394993329892,9.626805555555283,164.66326000000095,10.441239087730638,-2.882194768263819,119.22580816183077,-21.0726727341669
12887810.0,2.1805,1.9994,8.8297,0.0046,0.0123,9.8066,-0.0986,0.2785,-0.1816,332.27,-82.51,172.13,52.2126,-2.187439,8.44,2,163.96,26 / 26,-7.942179566448818,-6.398020132916188,0.2674812128269977,-153.4687158372397,138.5802329528327,-130.25568521033745,False,108.5,2.5422744750479587,-9.383658363047102,-33.18844123441098,117.21057217660812,9.721944444444444,164.84099999999998,10.484454041496777,-2.985638230130914,120.28027460282871,-21.369660776224563
12887909.0,-1.4934,-1.8161,9.5855,0.0261,0.0251,9.8065,0.1147,-0.2337,0.1224,332.02,-82.72,171.27,52.2126,-2.187439,8.44,2,163.96,26 / 26,-7.977446786012577,-6.433370553023666,0.2081752628269019,-154.25673734168782,137.94507911387763,-130.23214021479254,False,108.59900000000016,2.5866784526221602,-9.443386834816012,-32.93211827010906,116.27486686804833,9.79124444444052,164.68161000000902,10.564125238634738,-3.010016281792346,121.32461907157877,-21.67021224582929
12888009.0,-2.2697,-0.4004,10.4802,-0.0175,-0.0329,9.8065,0.0818,0.0915,-0.0682,331.39,-82.74,170.59,52.2126,-2.187439,8.44,2,163.96,26 / 26,-8.152637968292469,-6.680689400055931,0.23079526282698423,-155.063241579406,137.28937611622126,-130.21019168850975,False,108.69900000000052,2.6060781680852756,-9.52091640457349,-32.66646084378106,115.31870169384467,9.87114444444136,164.69187999999954,10.758716136377744,-2.84022700451756,122.39678073562493,-21.97067442237659
12888110.0,-2.0229,-3.4478,9.795,0.0264,-0.0272,9.8065,0.0908,-0.3345,0.2399,331.76,-82.36,171.24,52.2126,-2.187439,8.44,2,163.96,26 / 26,-8.313483009595913,-7.015974588250004,0.2642212128271721,-155.89478068879404,136.59769458480793,-130.18519335648907,False,108.80000000000109,2.661807491410041,-9.543811909852147,-32.39807802705484,114.36398205345465,9.908055555554899,164.41600000000503,10.975290501005954,-2.527837321602143,123.4967026617392,-22.233712531353277
12888210.0,-0.8412,0.9846,9.2498,-0.0416,-0.0167,9.8065,-0.0416,0.0034,0.0496,331.86,-82.1,171.35,52.2126,-2.187439,8.44,2,163.96,26 / 26,-8.44324741197373,-7.252195418245944,0.2357962128275858,-156.73261720986034,135.8842860844935,-130.1601924852067,False,108.89999999999964,2.5431141307655527,-9.664904843883658,-32.139165941859524,113.3965861926321,9.993888888887328,165.25799999998466,10.986361542739282,-2.412709425637714,124.59345126800082,-22.48769989186141
12888310.0,1.895,1.5144,9.56,-0.0162,0.0385,9.8065,0.0057,-0.2982,0.1512,333.07,-82.39,172.25,52.2126,-2.187439,8.44,2,163.96,25 / 27,-8.515972326907603,-7.177550432344316,0.19562121282743977,-157.5805781968075,135.16279879196136,-130.13862161392387,False,109.0,2.6509044521534935,-9.75224012089921,-31.87344038074483,112.4180708379514,10.10611111111111,164.793,11.166876779061097,-2.5746896885548933,125.70713781606267,-22.74472795400996
12888409.0,-2.5645,0.7921,9.9542,-0.0283,0.0046,9.8065,-0.0315,-0.1535,0.0935,331.92,-82.68,171.73,52.2126,-2.187439,8.44,2,163.96,25 / 27,-8.658753788127441,-7.152117001583122,0.19071576282743194,-158.4307271395031,134.4534802539808,-130.11949793362894,False,109.09900000000016,2.581882091068903,-9.731765131369286,-31.617117416442913,111.46034893439038,10.068436111113241,165.14147999998028,11.240635879196343,-2.5796481297861646,126.81360972306018,-22.993131319590432
12888510.0,-1.5004,1.267,9.4277,-0.007,-0.0055,9.8066,-0.0586,-0.2162,0.1937,332.96,-82.84,171.92,52.2126,-2.187439,8.44,2,163.96,25 / 27,-8.95162163519256,-7.215213263222301,0.17903006282736633,-159.32005109838576,133.72793007560406,-130.10082576943327,False,109.20000000000073,2.55820816604601,-9.858488524063347,-31.35561621039095,110.47215962179365,10.184999999995744,165.4529999999888,11.509829801238569,-2.6432752608410457,127.96443488799481,-23.255770453810413
12888610.0,0.4028,-1.8519,10.3197,-0.0216,-0.0042,9.8066,0.055,-0.1123,0.0198,329.65,-82.97,171.4,52.2126,-2.187439,8.44,2,163.96,25 / 27,-9.04443783822093,-7.323205956299519,0.18573506282739072,-160.21985407205972,133.00100911462533,-130.08258751315046,False,109.30000000000109,2.8519824206182642,-9.936880241915901,-31.069450221532403,109.48252477468748,10.33805555555277,163.98600000002668,11.896420258839193,-2.6136742856163817,129.1504038505273,-23.518484339937856
12888709.0,-0.2163,0.7353,9.2455,0.0116,-0.0118,9.8066,0.0447,-0.028,0.064,331.71,-82.88,170.79,52.2126,-2.187439,8.44,2,163.96,25 / 27,-9.067698347415506,-7.425914558840834,0.18335411282738687,-161.11640481325017,132.2709276491247,-130.0643175989555,False,109.39900000000125,2.570838597106513,-10.013257424578676,-30.813127257211338,108.49177797785246,10.338055555555554,165.60068999999646,11.63853694452202,-2.587342865737842,130.30327755603884,-23.779149671272236
12888810.0,-0.7295,1.1009,9.9686,0.0005,0.0033,9.8066,0.0202,-0.0053,-0.088,331.62,-83.09,171.24,52.2126,-2.187439,8.44,2,163.96,25 / 27,-9.216139164854615,-7.427815224779644,0.16319451282763672,-162.03973860760837,131.52081429506117,-130.04681689336016,False,109.5,2.5872651411676792,-10.051238414105985,-30.551626051136807,107.48101609493399,10.378888888888888,165.565,11.803404306022294,-2.623423189326341,131.48811255647155,-24.03979820012718
12888910.0,0.256,-1.2796,9.9923,0.0057,0.0159,9.8066,0.0539,0.0602,-0.1045,330.66,-83.3,171.42,52.2126,-2.187439,8.44,2,163.96,25 / 27,-9.293098536653918,-7.507007828334431,0.18057451282770004,-162.96520049268716,130.77407314240276,-130.02962844207732,False,109.60000000000036,2.7514050032410076,-10.219140639010655,-30.27227353818542,106.44690327678522,10.583055555544414,164.93100000003457,12.044503539894926,-2.7121328106762244,132.69292695450173,-24.327169865617535
12889009.0,0.8632,0.4645,10.4134,0.0126,-0.0007,9.8066,0.0122,0.0514,-0.0158,333.66,-83.44,172.13,52.2126,-2.187439,8.44,2,163.96,25 / 27,-9.284568051331208,-7.575519276462912,0.2197983128277635,-163.8847949887939,130.02748805071408,-130.00980998720735,False,109.69900000000052,2.614657211381392,-10.184292716396985,-30.009205232708364,105.44514818244738,10.514580555558224,165.6012299999739,11.8992252627126,-2.6087734399340734,133.87558975608556,-24.5823398682667
12889110.0,0.0539,1.0958,10.2731,-0.0015,0.0183,9.8066,-0.0091,0.0468,-0.1058,332.88,-83.68,171.94,52.2126,-2.187439,8.44,2,163.96,25 / 27,-9.342777537740155,-7.543713327553888,0.27399491282806804,-164.8254759410473,129.26396680420694,-129.9848734293116,False,109.80000000000109,2.5937810248504705,-10.219017586962325,-29.74763589192389,104.41203611973543,10.543055555555023,165.75799999999725,11.936558562590625,-2.6753042594084366,135.0778400491234,-24.85193068447151
12889210.0,-0.0039,-0.8987,9.3017,0.0107,0.022,9.8065,-0.0744,-0.0306,-0.0088,332.99,-84.01,171.34,52.2126,-2.187439,8.44,2,163.96,25 / 27,-9.408210006765911,-7.5926795314546265,0.2720699128280961,-165.76302531825897,128.50714716126754,-129.95757018802917,False,109.89999999999964,2.6759739535717397,-10.271017512664324,-29.481910330814035,103.37792330153044,10.613888888887601,165.39700000000659,12.08418396033765,-2.6783379812096975,136.28111498744494,-25.129223859737095
12889310.0,-0.5009,-1.6366,10.1689,-0.0231,0.0181,9.8066,-0.0305,0.0679,-0.0706,334.85,-84.18,172.93,52.2126,-2.187439,8.44,2,163.96,25 / 25,-9.43995237402535,-7.77525574657315,0.26493491282807025,-166.70543343730196,127.73875039736336,-129.93071994674625,False,110.0,2.5640761614975514,-10.292365320254177,-29.222998245641097,102.35492997643925,10.606944444444444,166.011,12.0040285355229,-2.5171095736810267,137.48243519166087,-25.38382042092411
12889409.0,1.3898,-2.4637,10.0454,-0.0009,-0.0113,9.8065,0.0188,0.0936,0.0365,334.3,-84.27,172.39,52.2126,-2.187439,8.44,2,163.96,25 / 25,-9.377189525079757,-7.995618421694553,0.29468441282811847,-167.63688196130917,126.95809212603285,-129.90301879012623,False,110.09900000000016,2.5652529839833926,-10.294055955355951,-28.96667528131236,101.33115828647404,10.608869444444334,166.00704000000022,11.942442509063149,-2.2984375336613976,138.67020667999682,-25.626933839558816
12889510.0,-0.0517,-1.4183,9.5427,0.0067,-0.0081,9.8065,0.0123,-0.0467,0.0621,333.82,-84.06,172.06,52.2126,-2.187439,8.44,2,163.96,25 / 25,-7.901267625333347,-6.970750861088056,0.2494000409038947,-168.50944404740994,126.20229047724808,-129.8755425252126,False,110.20000000000073,2.4850456440542974,-10.431129785138717,-28.718801027116285,100.2755848483487,10.723055555551403,166.59999999997842,10.386313269387644,-3.4603789240506613,139.79064302029366,-25.926705628899384
12889610.0,-0.1369,-0.9399,9.472,-0.0046,-0.0074,9.8066,0.0535,0.016,-0.0511,334.61,-83.86,172.88,52.2126,-2.187439,8.44,2,163.96,25 / 25,-6.734311125684147,-6.067584907759844,0.18654953476821798,-169.24122298496349,125.55037368880332,-129.8537450464289,False,110.30000000000109,2.532374372147008,-10.327097873403671,-28.45988894197105,99.24147203012429,10.633055555557194,166.2220000000069,9.266685497831155,-4.259512965643827,140.78133404299243,-26.308901658679034
12889710.0,-0.1975,0.0534,9.4297,0.0098,0.0105,9.8066,-0.1028,-0.0032,-0.0678,334.24,-83.86,172.54,52.2126,-2.187439,8.44,2,163.96,25 / 25,-6.794995065673277,-6.172040475590895,0.15096953476873579,-169.91768829452153,124.93839241964469,-129.8368690929523,False,110.39999999999964,2.5475323435811714,-10.36856892864892,-28.207790332690518,98.20735921333373,10.676944444443645,166.19600000000048,9.342527409254448,-4.196528453058025,141.70989796183102,-26.731033206310954
12889810.0,0.5997,0.4724,9.4637,-0.0091,0.0273,9.8066,-0.0379,0.0871,0.0247,336.42,-83.98,172.61,52.2126,-2.187439,8.44,2,163.96,25 / 25,-6.852496454657401,-6.19642536726981,0.11497453476860489,-170.60006287054054,124.3199691274994,-129.82357188947537,False,110.5,2.5753346124953747,-10.483304661874675,-27.948878247517822,97.1621269019769,10.795,166.19799999999998,9.427831067152775,-4.286879294604865,142.65118462302271,-27.1578422255225
12889910.0,-0.4678,-0.52,9.4081,-0.007,0.0148,9.8066,-0.0178,0.0031,0.1262,334.5,-84.31,173.08,52.2126,-2.187439,8.44,2,163.96,25 / 25,-6.9099918636577975,-6.252313652735338,0.07789953476847,-171.2881872864588,123.69753217649688,-129.8139281859985,False,110.60000000000036,2.449987569331462,-10.370644383191818,-27.70359311419267,96.12801408382812,10.65611111111869,166.70799999997217,9.35997943298926,-4.1183307304564805,143.58459417226612,-27.56951809266876
12890010.0,0.3347,-0.9703,10.3749,0.0007,-0.0004,9.8066,-0.0099,0.1479,-0.1747,335.85,-84.52,174.28,52.2126,-2.187439,8.44,2,163.96,25 / 25,-6.950126108528337,-6.379596365306778,0.0863845347685009,-171.98119318507062,123.06593667559247,-129.8057139825216,False,110.70000000000073,2.572950964445423,-10.470446472693832,-27.44468102899351,95.07166228146126,10.781944444439866,166.19400000001872,9.52307707297376,-4.090850107387054,144.53651215607712,-27.99427439413121
12890110.0,-0.327,-0.2066,9.9683,0.0083,0.0115,9.8066,0.042,-0.1599,-0.012,335.13,-84.61,175.43,52.2126,-2.187439,8.44,2,163.96,25 / 25,-6.991143477536595,-6.489233147022025,0.1228795347686337,-172.6782566643764,122.42249519997368,-129.79525077904472,False,110.80000000000109,2.5472953572528474,-10.437549272684803,-27.192582419762445,94.02642997081115,10.74388888888958,166.28499999999835,9.538438834789442,-3.948316125662778,145.48567424461396,-28.39606522916253
12890210.0,-2.0585,-1.0132,10.4607,-0.0031,-0.0192,9.8066,0.0693,-0.1891,0.1352,340.06,-84.49,178.09,52.2126,-2.187439,8.44,2,163.96,25 / 25,-7.148707872606581,-6.64167437991174,0.1636645347680402,-173.38524923187327,121.76594982363655,-129.7809235755681,False,110.89999999999964,2.656690176024307,-10.316471779557384,-26.92004338271096,93.00343664644568,10.653055555557208,165.55900000001324,9.805398048630888,-3.6747973996456436,146.46520584916232,-28.76251317719087
12890312.0,-0.4474,-1.1798,9.9011,0.007,-0.0086,9.8066,-0.0087,0.078,-0.032,340.44,-84.43,177.87,52.2126,-2.187439,8.44,2,163.96,24 / 27,-7.302598597649773,-6.841722690198359,0.20183803476832882,-174.12226586186193,121.07829657305574,-129.7622829445216,False,111.00200000000041,2.567872684566147,-10.307026791198398,-26.6560893253521,91.94886396171745,10.622088888888626,166.0102399999999,9.87047128221592,-3.465304101000039,147.46617653650983,-29.129432611338288
12890410.0,-1.0114,-0.252,10.1259,0.0136,0.0086,9.8066,0.0349,0.0607,-0.0401,336.55,-84.42,176.81,52.2126,-2.187439,8.44,2,163.96,24 / 27,-7.411536749790742,-6.985956747253013,0.22210933476831982,-174.8432584938862,120.40074028062092,-129.7415095234143,False,111.10000000000036,2.5531946117296997,-10.219785340123082,-26.409032688298332,90.9463305032053,10.533888888893799,165.97300000000206,9.964731361520442,-3.2338285928700685,148.43422580558786,-29.45440977741562
12890510.0,-1.2126,-0.4973,9.2451,0.0451,-0.0014,9.8065,-0.0071,0.1553,-0.0697,333.57,-84.27,174.28,52.2126,-2.187439,8.44,2,163.96,24 / 27,-7.561345729472389,-7.123332674190231,0.2099943347682758,-175.59190261785207,119.69527580954619,-129.7199043399374,False,111.20000000000073,2.221884589345905,-10.57011022203549,-26.19100145866728,89.87885920770664,10.801111111101388,168.12899999992158,9.783230318818294,-3.446777547845259,149.4009011591848,-29.81641660183955
12890610.0,2.36,0.1971,10.0954,0.0356,0.0181,9.8065,0.1212,0.0412,-0.1712,335.88,-84.24,175.63,52.2126,-2.187439,8.44,2,163.96,24 / 27,-7.56578283455065,-7.1721977795483856,0.19635433476822628,-176.34825904605597,118.98049928685666,-129.6995869064605,False,111.30000000000109,2.331382922177169,-10.284049721305239,-25.95252980126702,88.8558658819067,10.54500000000466,167.2270000000164,9.89716575672782,-3.1118519417568535,150.39572924478895,-30.12463340494996
12890709.0,-0.4561,0.6851,8.561,0.0399,-0.0168,9.8065,-0.1542,0.2075,-0.113,333.62,-84.31,173.55,52.2126,-2.187439,8.44,2,163.96,24 / 27,-7.562701562194831,-7.151436879607955,0.14898778476814972,-177.09711902369608,118.27147937122727,-129.6824924715434,False,111.39900000000125,2.425370569228481,-10.208304948113604,-25.70969751925806,87.85411078827013,10.492475000000116,166.63498000000132,9.988072131423312,-3.056868068505649,151.387421504438,-30.41736858295714
12890810.0,2.4914,1.7574,10.4199,0.0088,-0.0006,9.8066,0.111,0.3765,-0.0993,336.75,-84.49,173.88,52.2126,-2.187439,8.44,2,163.96,24 / 27,-7.584121629564128,-7.056327864622882,0.11705158476854549,-177.86203359487044,117.5539872516525,-129.66905748338198,False,111.5,2.1911889592443488,-10.41505268846623,-25.489213438326,86.79875973861051,10.643055555555554,168.11900000000003,9.775310588808477,-3.358724823843347,152.37282015654444,-30.755227513041987
12890910.0,0.5638,0.8248,8.8667,0.0499,0.0023,9.8065,-0.0284,-0.1843,0.2261,333.29,-84.39,171.34,52.2126,-2.187439,8.44,2,163.96,24 / 27,-7.562865735893623,-6.933388781492994,0.10071658476848612,-178.61938296314608,116.85450141934416,-129.6581690749051,False,111.60000000000036,2.0575008006113715,-10.390186599370548,-25.291622636482998,85.75352742874418,10.591944444447233,168.7989999999629,9.620366536504994,-3.456797817877554,153.32776032666308,-31.100973990599982
12891010.0,1.8289,0.8373,9.8883,0.0077,0.0212,9.8065,-0.022,0.1525,-0.2955,335.09,-84.75,171.59,52.2126,-2.187439,8.44,2,163.96,24 / 27,-7.555269322245578,-6.864827729814559,0.05780158476833001,-179.3752897160558,116.16459059377627,-129.65024316642823,False,111.70000000000073,2.003683078554612,-10.387403152096324,-25.094031834598525,84.71941461051955,10.578888888889363,169.0819999999897,9.55895240080019,-3.522575422281765,154.28125788145726,-31.445175983256718
12891110.0,-0.8899,0.7226,10.1681,0.0124,0.027,9.8065,-0.0308,-0.2655,0.127,335.91,-84.83,171.69,52.2126,-2.187439,8.44,2,163.96,24 / 27,-7.610988120193798,-6.829474292699045,0.07995658476841067,-180.1336025881805,115.47987549264809,-129.64335525795136,False,111.80000000000109,2.1095894466900247,-10.27256716440993,-24.869187129082505,83.68530179300288,10.486944444446118,168.39500000001252,9.720577566883822,-3.443092871710885,155.26441545909802,-31.794573699645213
12891210.0,-2.5546,-0.9014,10.5287,-0.0431,-0.0145,9.8065,-0.0235,0.0842,0.0537,335.25,-84.83,171.7,52.2126,-2.187439,8.44,2,163.96,24 / 27,-7.8292183346788455,-6.96492146874687,0.13413158476762244,-180.9056129109129,114.79015570458583,-129.63265084947471,False,111.89999999999964,2.0733617568257845,-10.155510623566808,-24.65115589945715,82.67342796035557,10.365000000002219,168.4609999999988,9.90258009150463,-3.1905891548199383,156.25445701145577,-32.11672774423026
12891310.0,1.555,-0.2948,9.4376,0.0171,0.0173,9.8066,0.0127,-0.1623,0.1146,338.02,-84.91,173.64,52.2126,-2.187439,8.44,2,163.96,25 / 26,-7.915464991648654,-7.098523607654215,0.15178158476768672,-181.69284707723216,114.08698345076321,-129.6183551909979,False,112.0,2.0664448345125495,-10.199720506742795,-24.446751621684616,81.6504346359721,10.406944444444445,168.547,9.981909826161203,-3.1011968990885794,157.24609545554753,-32.43654881479111
12891410.0,0.2855,-0.5438,9.2749,0.0031,-0.0089,9.8066,0.0232,-0.0445,-0.0843,335.65,-84.92,173.31,52.2126,-2.187439,8.44,2,163.96,25 / 26,-7.880563191439075,-7.156376868748562,0.10674158476752293,-182.48264848638942,113.37423842694048,-129.6054290325211,False,112.10000000000036,1.9269522185642152,-10.266844329832004,-24.24234734390011,80.62744130954088,10.446111111108975,169.3699999999551,9.80751541000329,-3.1104674610834424,158.2403011424893,-32.746797117399595
12891510.0,0.2764,0.3924,8.8561,-0.0036,0.0024,9.8066,-0.0485,-0.1489,0.0326,337.86,-84.98,174.0,52.2126,-2.187439,8.44,2,163.96,25 / 26,-7.91779608945678,-7.2063752381879995,0.03262658476725337,-183.2725664504371,112.65610082159104,-129.59846062404435,False,112.20000000000073,1.9764389460355745,-10.198303158758627,-24.051570017983984,79.60444798515722,10.388055555557667,169.03200000001232,9.894235035492354,-2.9919279205706273,159.22099643245312,-33.05165283643382
12891609.0,-1.4038,-0.1658,9.8895,-0.0309,-0.0009,9.8065,0.0741,-0.0984,0.1089,336.25,-85.1,172.56,52.2126,-2.187439,8.44,2,163.96,25 / 26,-8.039215592763076,-7.272332458701377,-0.010324565232816038,-184.06243852870827,111.93940479059385,-129.5973566740774,False,112.29900000000089,1.9884902187714208,-10.13851686797885,-23.84920978299032,78.60269289082021,10.331680555556716,168.90330000000267,10.027705811534497,-2.8661844092774738,160.21322874571794,-33.33671189977365
12891711.0,-0.9847,-0.1445,9.1938,-0.0069,-0.0145,9.8066,-0.0931,-0.1453,0.1739,338.57,-85.13,174.59,52.2126,-2.187439,8.44,2,163.96,25 / 26,-8.214218164424599,-7.388914966053066,-0.037354565232538356,-184.89136365031632,111.19168117193905,-129.5997883097311,False,112.40099999999984,1.8711187362262005,-10.337457183652663,-23.66122598219569,77.54845379159612,10.505444444448624,169.74011000001425,10.0853369006508,-2.9485422175995977,161.23013766812062,-33.643227380342935
12891810.0,-0.7489,-0.7162,8.7648,-0.0312,0.0245,9.8065,-0.1143,-0.1427,0.026,341.99,-85.25,177.1,52.2126,-2.187439,8.44,2,163.96,25 / 26,-8.350631470138929,-7.508323588065611,-0.11926221523267079,-185.71132370722853,110.45426786350899,-129.60754084036415,False,112.5,1.9797813037758183,-10.053871713760355,-23.46561108833046,76.55770699546116,10.246944444444445,168.86,10.330412773914746,-2.5455481256947436,162.24571261889807,-33.89656086804783
12891910.0,-0.3861,-0.1311,9.8872,-0.0151,0.0205,9.8066,-0.0294,-0.0871,0.0035,345.71,-85.5,-179.05,52.2126,-2.187439,8.44,2,163.96,25 / 26,-8.465309191311114,-7.610877521002629,-0.16732721523284563,-186.5521207403041,109.69830780805283,-129.62187031188748,False,112.60000000000036,1.9357846678105466,-10.067527134894608,-23.268020286514542,75.54583316286949,10.25194444444417,169.11599999998603,10.40109385912166,-2.4566496138919787,163.28410045378956,-34.15247464518335
12892010.0,0.1374,-0.3301,9.915,-0.0213,0.0145,9.8066,-0.0883,-0.1742,0.0721,344.15,-85.65,-178.03,52.2126,-2.187439,8.44,2,163.96,25 / 26,-8.545214279559108,-7.680434132624478,-0.15788221523281126,-187.4026469138507,108.93374222536869,-129.63813078341082,False,112.70000000000073,2.0548528213547823,-10.054107800467754,-23.056802532801,74.5450788233366,10.261944444444081,168.44900000002428,10.60006710091389,-2.373673667843277,164.3458443810497,-34.388663402032094
12892110.0,2.5505,0.775,9.573,-0.0376,0.0051,9.8065,-0.0191,-0.1871,0.0973,344.85,-85.69,-177.4,52.2126,-2.187439,8.44,2,163.96,25 / 26,-8.494733854297522,-7.668698929650897,-0.16414721523283402,-188.25464432054665,108.16628557225214,-129.65423225493416,False,112.80000000000109,1.9432982520422883,-10.024489115515307,-22.859211730943123,73.544324483097,10.211111111112036,169.02899999998948,10.43803210633981,-2.35579018586441,165.39543258960353,-34.621961089155135
12892209.0,-1.3756,-0.6904,10.9465,-0.0242,-0.0316,9.8065,0.1209,-0.1602,0.1405,342.53,-85.67,179.3,52.2126,-2.187439,8.44,2,163.96,25 / 26,-8.509805157931083,-7.69727726152905,-0.1192903152327614,-189.09636900165333,107.4056697507875,-129.66826241269223,False,112.89900000000125,1.9061563319963317,-10.058768009979852,-22.670342178313966,72.54256938876057,10.23778611111105,169.26956999999948,10.415961489927415,-2.3614907484508025,166.42602682333936,-34.86310036202693
12892310.0,0.4427,-0.7078,9.746,0.0109,-0.0191,9.8066,-0.0313,-0.099,0.0628,344.18,-85.41,179.06,52.2126,-2.187439,8.44,2,163.96,25 / 25,-8.607756735150856,-7.826601799785102,-0.0647907152334366,-189.96080587724325,106.62171385820085,-129.67755850473065,False,113.0,1.9180105185486178,-9.98636755208343,-22.477657079115698,71.53169631091782,10.168888888888889,169.128,10.525767253699474,-2.159765752298327,167.48314879812756,-35.090017547283026
12892410.0,-1.9924,-0.5461,8.9657,-0.0011,0.0239,9.8065,-0.1137,-0.2911,0.0852,345.6,-85.32,-179.58,52.2126,-2.187439,8.44,2,163.96,25 / 25,-8.740414193465828,-7.950329164582089,-0.10987071523360052,-190.82821442367722,105.83286730997962,-129.68629157625404,False,113.10000000000036,1.9133083181275048,-10.011874591623645,-22.28006627727269,70.53094197075104,10.193055555554237,169.18099999999708,10.653722511593333,-2.0615454270415556,168.54814814640454,-35.301925339228575
12892510.0,-0.1068,-0.6659,10.7773,-0.061,0.0143,9.8064,-0.0568,0.0837,-0.0281,346.01,-85.39,-176.86,52.2126,-2.187439,8.44,2,163.96,25 / 25,-8.901854880097781,-8.078456942941415,-0.10338571523357686,-191.71032787735862,105.03142800460053,-129.69695439777743,False,113.20000000000073,1.9350755142601432,-9.919970199413934,-22.082475475415308,69.53018763121875,10.106944444447578,168.96200000000798,10.836930394357925,-1.8415132564725187,169.6278524019433,-35.501240373381776
12892610.0,-1.7026,0.3864,8.5516,-0.0052,0.0248,9.8065,-0.2025,-0.1604,0.1392,345.9,-85.52,-178.85,52.2126,-2.187439,8.44,2,163.96,25 / 25,-9.060981203791696,-8.157168873563885,-0.11760571523362849,-192.60846968155636,104.2196467137723,-129.70800396930082,False,113.30000000000109,1.875261883144845,-10.009744540737792,-21.898511625414333,68.52943329097916,10.18388888888749,169.38899999999225,10.93624308693654,-1.852575667173907,170.70995805614203,-35.69021342279315
12892710.0,2.0723,-0.6876,11.4761,-0.0546,0.0337,9.8064,0.012,0.0822,-0.1489,346.26,-85.56,-176.67,52.2126,-2.187439,8.44,2,163.96,25 / 25,-9.114252900440986,-8.210905039953547,-0.09688571523392989,-193.51723138675476,103.40124301810835,-129.71872854082403,False,113.39999999999964,1.8189446407642706,-9.941919653515091,-21.71454777544429,67.5397984445977,10.106944444445844,169.63199999999557,10.933197541205256,-1.7310146135615447,171.80268361131047,-35.86144457351065
12892811.0,-0.0636,-0.6259,9.6072,0.013,0.0047,9.8066,-0.1534,-0.2469,0.192,343.51,-85.42,-179.12,52.2126,-2.187439,8.44,2,163.96,25 / 25,-9.073078361857883,-8.295930834699638,-0.022650715233512628,-194.43569161550602,102.56764780643367,-129.72476513056267,False,113.5010000000002,1.9633123875693659,-9.907553983301888,-21.50837199393129,66.54015605408037,10.100219444444477,168.7912800000012,11.036390749427248,-1.6116231486022503,172.92731962157472,-36.0274917523533
12892910.0,3.3068,0.2056,10.4292,-0.0701,0.0051,9.8064,0.0319,0.2125,-0.1358,346.46,-85.5,-176.44,52.2126,-2.187439,8.44,2,163.96,25 / 25,-8.983765817708552,-8.32222793896551,-0.0017072652334786872,-195.329505402396,101.74504894713591,-129.7259708505958,False,113.60000000000036,1.8252933770308906,-9.956006399363227,-21.332993123599692,65.549409256617,10.121944444443248,169.6109999999548,10.809059194739442,-1.6337784603977177,173.9965122787963,-36.19563969051892
12893009.0,-1.2698,-0.4154,9.1928,0.0083,0.0076,9.8066,-0.0659,-0.1395,0.1176,345.67,-85.53,-176.61,52.2126,-2.187439,8.44,2,163.96,25 / 25,-8.95687636244202,-8.352028512769882,-0.0012766152334779395,-196.2175671903149,100.91967325277368,-129.7261185526789,False,113.69900000000052,1.9085898133243193,-9.88099852479622,-21.144123570917767,64.56967075798285,10.063644444446714,169.0674900000212,10.86546617576634,-1.5289700120263383,175.07344361939712,-36.35000249479083
12893110.0,-0.0923,-0.6771,9.978,-0.0243,0.0096,9.8065,0.0143,0.0709,-0.1022,347.07,-85.67,-175.96,52.2126,-2.187439,8.44,2,163.96,25 / 25,-9.086482813790287,-8.465587082138573,-0.023622865233603456,-197.12875682871976,100.07038366522603,-129.72737597644252,False,113.80000000000109,1.6402399437583346,-9.800636602737569,-20.978692375455392,63.581259054828514,9.936944444446738,170.49899999997388,10.726722757548622,-1.3350495205989965,176.15006445326438,-36.48912461039752
12893210.0,2.0993,0.1845,9.4752,-0.0057,0.0182,9.8065,-0.0943,-0.1625,0.1549,346.74,-85.66,-176.22,52.2126,-2.187439,8.44,2,163.96,25 / 25,-9.058781048154577,-8.508428999867473,-0.031627865233486964,-198.0360200218038,99.22168286113808,-129.73013851296582,False,113.89999999999964,1.8209842155605438,-9.911045647309233,-20.794728525458627,62.59162420844745,10.076944444441898,169.58900000001657,10.879765263715122,-1.4026166474417607,177.24129149634518,-36.63005865269063
12893310.0,0.2712,0.3433,9.7806,-0.0313,0.0137,9.8065,-0.0013,0.1221,-0.0109,348.39,-85.87,-174.17,52.2126,-2.187439,8.44,2,163.96,25 / 26,-9.024798294701512,-8.496823256751183,-0.04950286523355199,-198.9401989889499,98.37142024830405,-129.7341950494892,False,114.0,2.012372992728086,-9.87084557086259,-20.59032424768671,61.60198936134087,10.073888888888888,168.477,11.037171287429597,-1.3740223141114072,178.3498747412632,-36.76943088696318
12893410.0,0.6614,0.8834,9.7669,0.0055,-0.0057,9.8066,0.0143,0.0819,-0.0531,348.78,-85.87,-174.42,52.2126,-2.187439,8.44,2,163.96,25 / 26,-9.067747853183455,-8.467158301590826,-0.052792865233563926,-199.84482629634743,97.52322117038386,-129.73930983601255,False,114.10000000000036,1.7491436018124709,-9.967692644749006,-20.41998734955553,60.60123502188141,10.119999999997484,170.04699999991433,10.816891454995925,-1.5005343431581792,179.4248389467919,-36.921986148502455
12893510.0,-2.8005,-0.3365,9.6066,0.0317,-0.0111,9.8065,0.0142,0.1946,-0.2022,349.11,-85.73,-174.06,52.2126,-2.187439,8.44,2,163.96,25 / 26,-9.25509794626215,-8.49953004926383,-0.06478286523360749,-200.76096858632306,96.67488675283805,-129.74518862253592,False,114.20000000000073,1.7743278883139808,-9.817054214278851,-20.242836975470333,59.61160017406689,9.976111111116346,169.75500000001063,11.02942583457613,-1.317524165015021,180.51813161085272,-37.063286578771155
12893609.0,-0.6436,-0.2356,9.7334,0.045,-0.0015,9.8065,0.0118,0.1045,-0.1022,349.2,-85.66,-175.86,52.2126,-2.187439,8.44,2,163.96,25 / 26,-9.493430076921825,-8.597987148307308,-0.07831121523362931,-201.68902072347217,95.82855965155692,-129.75227177951905,False,114.29900000000089,1.7396461302195754,-9.610935996685521,-20.067458105125972,58.66488656863663,9.767111111115412,169.7401500000003,11.233076207141401,-1.0129488483782136,181.6215626183462,-37.16367308292028
12893710.0,0.0168,0.3293,10.1812,-0.0051,-0.0013,9.8066,0.0339,0.0761,-0.0925,350.65,-85.57,-174.51,52.2126,-2.187439,8.44,2,163.96,25 / 26,-9.603287989174389,-8.637428988324524,-0.06309556523381779,-202.6534049857981,94.95817113666779,-129.75941282193256,False,114.39999999999964,1.7156472455157135,-9.809996046386491,-19.895349703244158,57.66568895785552,9.958888888885362,170.07999999999382,11.318935234690102,-1.1725670580619667,182.75805528255393,-37.292482178812264
12893809.0,0.6997,-0.3919,10.0202,0.0015,-0.0076,9.8066,-0.002,0.0749,0.0226,351.32,-85.6,-173.91,52.2126,-2.187439,8.44,2,163.96,25 / 26,-8.19857335424945,-7.370511936247805,-0.028886922948705006,-203.534597122299,94.16577806090018,-129.7639659550976,False,114.4989999999998,1.5998573755046115,-9.750401825381399,-19.74020685642042,56.70796705562491,9.880788888889063,170.68191999999866,9.798430729754063,-2.379889889133594,183.79439026587858,-37.45781100527527
12893909.0,0.0492,0.3667,10.0889,0.0078,0.0128,9.8066,0.0029,0.0321,-0.0611,349.38,-85.65,-173.79,52.2126,-2.187439,8.44,2,163.96,25 / 26,-7.003819816035977,-6.292875353758629,-0.0034823845063224833,-204.29471678081603,93.48260869639738,-129.76558442047036,False,114.59900000000016,1.7006328310331458,-9.712428990187435,-19.570006227780894,55.74057119345355,9.860200000001122,170.06826000003508,8.704452647069122,-3.419553636428806,184.72471055303515,-37.74203750294383
12894010.0,1.7826,-0.7578,10.2739,0.021,-0.0003,9.8065,0.0463,0.1757,-0.094,351.83,-85.68,-173.45,52.2126,-2.187439,8.44,2,163.96,25 / 26,-6.988977437751082,-6.336577471587472,0.03436736549389026,-205.00135304213626,92.84482132871382,-129.76402472893048,False,114.70000000000073,1.78615513408246,-9.628789485248692,-19.384339008799238,54.763501372574574,9.793055555557991,169.4910000000208,8.775132571833542,-3.29221201366122,185.61701403333703,-38.08131995613925
12894110.0,-1.1478,-0.0228,9.4259,0.0363,0.0026,9.8065,0.0482,0.0607,-0.0494,348.26,-85.7,-176.73,52.2126,-2.187439,8.44,2,163.96,25 / 26,-7.028894000450012,-6.411865004923258,0.03869236549390604,-205.70224661404887,92.20739920488596,-129.76037174238107,False,114.80000000000109,1.6179124354278225,-9.636232235525165,-19.22762906253866,53.796105510319386,9.77111111111151,170.46899999998223,8.646806435877835,-3.2243672306019073,186.47461755151022,-38.411293694566574
12894210.0,-0.0285,0.1373,9.0884,0.0181,0.0028,9.8066,-0.0171,0.0913,-0.1329,348.62,-85.76,-176.42,52.2126,-2.187439,8.44,2,163.96,25 / 26,-7.164123735251996,-6.458041535571332,-0.01625763450529425,-206.41189750082364,91.5639038778706,-129.75925000583166,False,114.89999999999964,1.561661650555542,-9.702064213524956,-19.0777325921695,52.82870964949643,9.826944444443427,170.85599999999295,8.725785385807539,-3.244022677953624,187.33416490865415,-38.73519422837417
12894310.0,-0.8365,0.7102,9.303,0.0007,0.0141,9.8066,0.0173,0.0728,-0.077,351.1,-85.94,-174.19,52.2126,-2.187439,8.44,2,163.96,26 / 26,-7.291156976404311,-6.460895831772509,-0.07735263450551641,-207.13466153640908,90.91795700950107,-129.7639305192822,False,115.0,1.5204869867634339,-9.621713205146753,-18.93464959771252,51.86131378724124,9.741111111111111,171.02,8.811643963167745,-3.1608173733742433,188.20001193869655,-39.05664322225983
12894410.0,0.8859,0.781,10.5321,0.015,0.0049,9.8065,0.0308,0.0603,-0.0618,353.8,-86.22,-171.73,52.2126,-2.187439,8.44,2,163.96,26 / 26,-7.377250875459474,-6.423052733819056,-0.06626263450547598,-207.86808192900494,90.27375958121914,-129.7711112827328,False,115.10000000000036,1.4893191733853925,-9.621527319905772,-18.784753127351664,50.90503741748132,9.736111111111384,171.2009999999901,8.866570048844867,-3.198474586086715,189.0833288016533,-39.36872216373782
12894510.0,-0.2372,0.6023,9.9641,0.0114,-0.0086,9.8066,0.0191,0.046,-0.0478,353.35,-86.35,-171.65,52.2126,-2.187439,8.44,2,163.96,26 / 26,-6.317606642268445,-5.426171890496684,-0.018799989329518027,-208.55282480489385,89.6812983500012,-129.77536441392456,False,115.20000000000073,1.4203790588392422,-9.41850032273489,-18.64848360886315,49.959880542198874,9.525000000007681,171.4239999999919,7.737985701107688,-3.9923284322382058,189.90434119603069,-39.721417807802325
12894610.0,0.2841,-0.0811,10.2452,0.0126,-0.0244,9.8066,0.0981,0.0213,-0.0396,353.95,-86.4,-170.55,52.2126,-2.187439,8.44,2,163.96,26 / 26,-6.398141865682973,-5.432886825447022,0.011000010670590477,-209.18861223029373,89.13834541420204,-129.7757544128575,False,115.30000000000109,1.3386123669940246,-9.155717014260526,-18.51902756626295,49.059201635203564,9.253055555560502,171.68199999999533,7.736754232676998,-3.7228301888135045,190.66958466403076,-40.07914377899847
12894710.0,-1.0706,0.0433,9.3009,0.0233,-0.0314,9.8065,0.0718,0.0335,-0.0638,350.67,-86.09,-172.13,52.2126,-2.187439,8.44,2,163.96,26 / 26,-6.515764031602293,-5.476526661702719,0.0076400106706394745,-209.8343075251486,88.59287473985249,-129.77482241179047,False,115.39999999999964,1.3323866874385057,-9.231285846774794,-18.382758047723605,48.13628374479031,9.326944444443098,171.7869999999981,7.848150719040799,-3.754759185072075,191.451549477425,-40.45659099506218
12894810.0,0.0774,-0.438,10.0837,0.0137,-0.0166,9.8066,0.1329,0.025,-0.0341,349.91,-85.87,-173.37,52.2126,-2.187439,8.44,2,163.96,26 / 26,-6.639055323882985,-5.541292230483649,-0.003794989329402033,-210.49204849292525,88.04198379524117,-129.7746301607234,False,115.5,1.2554452110719883,-9.174500385415895,-18.266928956980184,47.21336585365255,9.26,172.208,7.8945005349549735,-3.6332081549322455,192.22511953594505,-40.82861794158862
12894910.0,-0.3031,0.0952,9.3263,0.0138,-0.0182,9.8066,-0.0665,0.016,-0.0227,349.53,-85.83,-173.69,52.2126,-2.187439,8.44,2,163.96,26 / 26,-6.724567396815212,-5.598361484341818,-0.013959989329438947,-211.16022962896258,87.48500110949787,-129.77551790965634,False,115.60000000000036,1.2097153336708477,-8.817402611417453,-18.15109986627265,46.334925932988796,8.900000000019645,172.18800000000107,7.93428273048606,-3.219041127075635,193.00912976268992,-41.15007517650908
12895010.0,-0.6567,0.818,9.8094,-0.0073,0.0146,9.8066,0.0249,0.0273,-0.0064,352.32,-85.99,-172.53,52.2126,-2.187439,8.44,2,163.96,26 / 26,-5.828020223370422,-4.75724247635878,-0.032163990930096906,-211.78785900997414,86.96722091146096,-129.77782410866934,False,115.70000000000073,1.1721039614556723,-8.897013773936457,-18.035270775502514,45.44536651983605,8.9738888888862,172.49499999998883,7.000124184826094,-4.139771297577678,193.75258823447163,-41.521854391624906
12895110.0,-0.3571,0.8559,9.1916,0.0105,-0.0042,9.8066,-0.0525,0.0258,0.0123,352.5,-86.15,-172.91,52.2126,-2.187439,8.44,2,163.96,26 / 26,-5.968409787375767,-4.715437843463655,-0.06277899093020825,-212.37768051051358,86.49358689546811,-129.78257125776236,False,115.80000000000109,1.2070017880315804,-8.731974100038286,-17.912628208871894,44.5780460922406,8.81500000000289,172.13000000000665,7.175411575407347,-4.016536256574631,194.4650523016417,-41.915540803227515
12895210.0,0.8164,0.6699,9.9906,0.0077,0.0018,9.8066,0.0282,0.0524,-0.0722,351.61,-86.16,-173.73,52.2126,-2.187439,8.44,2,163.96,26 / 26,-6.03507995032914,-4.67117405678261,-0.08433399092989453,-212.9778549973901,86.02425630046262,-129.78992690685524,False,115.89999999999964,1.0817423843438494,-8.600291886218612,-17.803612594045486,43.710725663954406,8.668055555558228,172.83099999998723,7.11682233467299,-3.9291178294360014,195.1742424033446,-42.31353063650822
12895309.0,-0.1647,0.631,9.7935,0.0136,0.0027,9.8066,-0.0602,-0.0525,-0.026,353.37,-86.19,-174.05,52.2126,-2.187439,8.44,2,163.96,25 / 26,-6.08998594536978,-4.636369086078889,-0.07587939092988079,-213.57804575922816,85.56353291489023,-129.7978574692573,False,115.9989999999998,1.0279608719677977,-8.458142125537071,-17.70243247649465,42.885103333841336,8.520380555555882,173.07057999999944,7.117946817337578,-3.821773039458182,195.87561328273353,-42.678429581048896
12895410.0,-1.1732,0.5108,9.9201,-0.0068,0.0021,9.8066,0.0321,-0.0823,0.0141,353.25,-86.27,-173.72,52.21182,-2.187158,9.78,2,170.8,25 / 26,-6.244217224363354,-4.620548153910898,-0.07081424092985229,-214.2009230193032,85.09605859426811,-129.80526549766626,False,116.10000000000036,1.0475130485253177,-8.41113404845684,-17.59920831628051,42.0316822716618,8.476111111113445,172.90100000000936,7.291730272888671,-3.790585894545943,196.60171470302268,-43.064376322606314
12895510.0,-0.6467,0.4954,10.1545,-0.002,0.0011,9.8066,0.0427,-0.0316,-0.0034,351.02,-86.25,-173.78,52.21182,-2.187158,9.78,2,170.8,25 / 26,-6.42019157469555,-4.617472129469868,-0.047749240929768316,-214.83414345925843,84.6341575800974,-129.81119367175927,False,116.20000000000073,1.2979768215483565,-8.197881200092299,-17.456125321825883,41.219959306901146,8.300000000006406,171.00300000006902,7.7181683962439065,-3.580409070622431,197.37801813743255,-43.41419827319625
12895609.0,-1.3434,0.6155,9.4836,-0.0029,0.0081,9.8066,-0.0026,-0.0582,0.0087,351.53,-86.33,-173.84,52.21182,-2.187158,9.78,2,170.8,25 / 26,-5.612985090158877,-3.921513426935324,-0.03954339479030134,-215.4297857041697,84.21147779505465,-129.81551465722742,False,116.29900000000089,1.1872727637899458,-8.276592943621003,-17.348199863145005,40.394336977489736,8.361324999998738,171.83657999998283,6.800257853948823,-4.355079516685679,198.0815858410247,-43.81714081756491
12895710.0,0.0301,0.633,10.1612,-0.0063,0.0051,9.8065,-0.001,0.041,-0.0562,351.15,-86.32,-174.67,52.21182,-2.187158,9.78,2,170.8,25 / 26,-5.767303348524639,-3.905211126469998,-0.03795264479032108,-216.0044902703161,83.81622820511258,-129.8194282072262,False,116.39999999999964,1.2731256870507277,-8.206837148682107,-17.21084018851171,39.56315490082927,8.305000000001037,171.18200000001207,7.040429035575367,-4.301626022212108,198.7936500818044,-44.25307330428331
12895810.0,0.4053,0.3766,9.7085,0.0082,-0.0012,9.8066,-0.0675,-0.1002,0.054,347.05,-86.41,-176.73,52.21182,-2.187158,9.78,2,170.8,25 / 26,-5.832081336971468,-3.8897371487991617,-0.02513264479027439,-216.584459504593,83.4264807913477,-129.82258247170523,False,116.5,1.1856990666294656,-8.11775280632692,-17.09501109776829,38.751431936070226,8.203888888888889,171.69,7.017780403600934,-4.228015657527758,199.48944840682472,-44.675048855277474
12895911.0,0.2081,0.2585,10.4524,-0.0123,0.0189,9.8065,0.012,-0.032,0.0412,344.8,-86.59,-175.1,52.21182,-2.187158,9.78,2,170.8,25 / 26,-5.885109477018977,-3.894837626417196,0.0025211552098811374,-217.17617764070286,83.03335976519706,-129.82372435192906,False,116.60100000000057,1.2229573229612232,-8.026283559219328,-16.977955581340396,37.942822429770644,8.118919444444286,171.3365299999972,7.1080667999802,-4.131445932802132,200.19822205936248,-45.09053733542642
12896011.0,-0.0718,1.4736,9.4541,0.0216,0.0001,9.8066,-0.0677,-0.2891,0.1236,353.58,-86.66,-172.99,52.21182,-2.187158,9.78,2,170.8,25 / 26,-5.967073227931201,-3.8455334656520384,0.017181155209934587,-217.76878677595252,82.6463412105922,-129.82273923640807,False,116.70100000000093,1.2138812087421478,-8.03355347101251,-16.855653688504102,37.14177417704882,8.124786111101393,171.40690999993876,7.180954436673349,-4.188020005360472,200.91313308744841,-45.504567033543374
12896110.0,-2.361,1.0893,9.8398,0.0174,0.0211,9.8066,0.0369,-0.1914,0.1296,352.93,-86.71,-174.54,52.21182,-2.187158,9.78,2,170.8,25 / 26,-6.180176009750078,-3.7672546259641373,0.001370855209909115,-218.37007561321872,82.26950820005659,-129.82182091189227,False,116.80000000000109,0.9982304979977342,-8.3466304509739,-16.767964253318517,36.30514355013519,8.406111111105941,173.17999999996744,7.1784065077478125,-4.5793758250097625,201.6021113599002,-45.9643646499214
12896210.0,-1.0521,2.0742,9.4242,0.0294,0.002,9.8065,-0.0312,-0.1243,0.1087,351.06,-86.63,-176.26,52.21182,-2.187158,9.78,2,170.8,25 / 26,-6.450947726079127,-3.6684644130556516,-0.01609414478983662,-219.00163180000098,81.89772224811101,-129.82255707637125,False,116.89999999999964,1.1947593564583245,-8.356129897881393,-16.652135162605155,35.47118160053993,8.441111111110475,171.86300000002396,7.645707082537451,-4.687665484825741,202.34949663739582,-46.42654064757108
12896309.0,-0.4636,1.1811,10.7889,0.004,-0.0216,9.8066,0.0641,0.0714,-0.0559,353.01,-86.63,-176.4,52.21182,-2.187158,9.78,2,170.8,25 / 26,-6.626310020813472,-3.554495855075633,0.013595955210211477,-219.6489560584732,81.54018571483793,-129.82268073675544,False,116.9989999999998,1.1201719677354376,-8.255458240723597,-16.537464362769768,34.656567566528174,8.331111111111353,172.2728599999991,7.74648198854891,-4.700962385647964,203.11149169570342,-46.88361814830976
12896410.0,0.1744,0.7956,9.1908,0.0091,-0.0164,9.8066,-0.0729,0.0069,-0.0349,347.06,-86.43,-178.99,52.21182,-2.187158,9.78,2,170.8,25 / 26,-6.735490425372091,-3.495025521533383,0.03209915521031548,-220.32372698100937,81.18418488531718,-129.8203731336792,False,117.10000000000036,1.0500512936842283,-7.855126815079586,-16.4341039329834,33.858855163505176,7.9250000000221,172.38599999999406,7.785541719056319,-4.360101293546203,203.88962304802598,-47.325329721812004
12896510.0,-0.7045,0.1181,9.9228,-0.0256,-0.005,9.8066,0.0357,0.1827,-0.0808,349.3,-86.46,-177.39,52.21182,-2.187158,9.78,2,170.8,25 / 26,-6.847933656831484,-3.495212230377596,0.007114155210224637,-221.00289818512204,80.83467299772036,-129.81841246815816,False,117.20000000000073,1.0478214105371209,-7.829081425725969,-16.318274842241095,33.08049067743746,7.898888888889839,172.37700000000035,7.895755067368604,-4.333869195348372,204.68462334288094,-47.7541823202829
12896609.0,-1.0196,0.0639,8.9061,-0.0039,-0.0152,9.8065,-0.0553,0.0538,0.0067,347.52,-86.44,-176.53,52.21182,-2.187158,9.78,2,170.8,25 / 26,-7.0089727133452575,-3.5432296867807995,-0.03171364478983804,-221.6888150504469,80.48627012282046,-129.81963014289235,False,117.29900000000089,1.067883422573599,-7.943479726646219,-16.217094724716702,32.287893239129815,8.014938888886501,172.3433400000007,8.076856135918856,-4.400250039865419,205.4717203257302,-48.19837688369064
12896710.0,-1.755,0.1287,10.0157,-0.0294,0.0097,9.8065,0.0899,0.1145,-0.0391,350.08,-86.51,-174.7,52.21182,-2.187158,9.78,2,170.8,25 / 26,-7.22588351022522,-3.5998060633348627,-0.06663439478940524,-222.4076752897283,80.12554681744409,-129.82459671889103,False,117.39999999999964,0.9430971430869003,-8.409225384030785,-16.127497516326578,31.434805762378055,8.461944444436336,173.60099999997712,8.16898065331212,-4.809419320695922,206.28017777340173,-48.690741055066034
12896810.0,-6.2771,4.5389,5.5547,-0.0527,0.0077,9.8064,-0.2211,0.2797,0.223,354.01,-86.39,-169.63,52.21182,-2.187158,9.78,2,170.8,25 / 26,-7.728082184635998,-3.4505520326855526,-0.2687793947901405,-223.15537357447408,79.77302891264179,-129.84136740837008,False,117.5,0.9069143082209256,-8.262319703634992,-16.032108853328374,30.611963305193115,8.311944444444444,173.736,8.634996492856923,-4.81176767094944,207.12326472114572,-49.16106560744868
12896913.0,-6.8111,-1.2828,9.9648,0.2154,-0.1118,9.8036,-0.0457,-1.495,0.9491,6.47,-86.07,-160.42,52.21182,-2.187158,9.78,2,170.8,25 / 26,-8.514998821505062,-3.3018277728930627,-0.4796100947921361,-223.99189224629828,79.4252813526512,-129.87990946708393,False,117.60300000000097,0.9671751908161893,-8.195073726275396,-15.933858530501457,29.76410198957574,8.251949999996878,173.26909999999185,9.48217401232125,-4.893245953382333,208.05803371579682,-49.66117936307546
12897010.0,-3.8699,-2.574,9.5116,0.0913,-0.0222,9.8062,0.0705,-0.3551,0.7021,358.89,-85.32,-167.88,52.21182,-2.187158,9.78,2,170.8,25 / 26,-9.116751254081052,-3.4740251634482275,-0.48624974479211913,-224.84703212496203,79.09665248523949,-129.92675366930365,False,117.70000000000073,0.9508007182734086,-8.260460216845754,-15.84133152741993,28.95515889845882,8.314999999997635,173.43399999999383,10.06755197235446,-4.786435053397526,209.0057005975421,-50.14149358678067
12897109.0,6.359,-0.4812,1.5029,0.1233,0.2217,9.8033,-0.141,-0.0604,0.517,1.06,-86.58,-165.44,52.21182,-2.187158,9.78,2,170.8,25 / 26,-9.073627658269425,-3.6582481639658395,-0.9118903447928073,-225.74745588112484,78.74360495553192,-129.9959616037382,False,117.79900000000089,1.0323398844702025,-8.260639697061452,-15.726660727585287,28.140544865847367,8.324899999999795,172.87663000001146,10.105967542739627,-4.602391533095612,210.02079515353955,-50.603060089684554
12897209.0,2.4843,-0.2349,15.5854,-0.1633,0.2781,9.8013,0.204,0.0024,-0.3124,17.93,-87.81,-144.33,52.21182,-2.187158,9.78,2,170.8,25 / 26,-8.726405853442202,-3.747177611163167,-1.0381403447932664,-226.63745755671366,78.37333366677413,-130.09346313821786,False,117.89900000000125,1.1975698403987212,-8.396489298239162,-15.597340954504178,27.295685812960155,8.481474999999655,171.88298000000216,9.923975693840923,-4.649311687075995,211.04011660220948,-51.07764785381397
12897310.0,-1.934,-2.083,15.944,0.1079,-0.1212,9.8053,-0.3496,-0.2554,0.1962,20.12,-88.57,-136.01,52.21182,-2.187158,9.78,2,170.8,23 / 24,-8.825572911421014,-3.8575722747321715,-0.4363772948007226,-227.52383248432827,77.98929379754118,-130.16792627901643,False,118.0,1.2198415696327018,-8.331169578456318,-15.473403827422194,26.453273048935966,8.42,171.67,10.045414481053717,-4.473597303724147,212.05042865690606,-51.53602074860521
12897410.0,-7.2051,3.2878,9.3229,0.0243,-0.1351,9.8057,-0.1335,0.092,0.0011,9.55,-87.84,-156.22,52.21182,-2.187158,9.78,2,170.8,23 / 24,-9.366071470877852,-3.7018765443570194,-0.15369729479969413,-228.43341470344652,77.61132135658535,-130.19743000849655,False,118.10000000000036,1.041073392911047,-8.45811464244091,-15.378015164484985,25.608191606254202,8.52194444443888,172.98299999992835,10.407144863788899,-4.75623809808389,213.05539953896152,-52.00312975033115
12897510.0,0.1696,-1.8,11.0378,0.0979,-0.0294,9.8061,0.5259,-0.9294,0.3219,2.66,-86.6,-167.66,52.21182,-2.187158,9.78,2,170.8,23 / 24,-9.774612464093245,-3.584999109514972,-0.11632729479955806,-229.39044890019855,77.24697757389042,-130.21093123797655,False,118.20000000000073,1.17309130821537,-8.674090058391366,-15.248559121886892,24.72975168552836,8.753055555547148,172.29800000002493,10.947703772308614,-5.089090948876394,214.14188977831165,-52.51722588836206
12897610.0,-8.4811,-3.0197,11.8909,0.1028,0.0024,9.806,0.2617,-1.0984,0.5573,351.32,-85.5,-177.86,52.21182,-2.187158,9.78,2,170.8,23 / 24,-10.247923942165054,-3.916423920258628,0.04944270520104513,-230.3915757205151,76.87190642240037,-130.2142754674565,False,118.30000000000109,1.1107137947540018,-8.595477931404204,-15.153170458941505,23.873550751065927,8.666944444446012,172.63699999999383,11.358637736919055,-4.679054011145576,215.2384052615736,-52.998355671334444
12897709.0,3.6587,0.6782,9.481,0.0458,0.0577,9.8063,-0.2126,-0.1045,0.0729,349.3,-85.9,-177.78,52.21182,-2.187158,9.78,2,170.8,23 / 24,-10.545638551576937,-4.097866349110283,0.13649340520118594,-231.420857063957,76.47519905406597,-130.20507162999158,False,118.39900000000125,0.8864294240305882,-8.947880439009747,-15.078971706067032,22.97087033704406,8.991719444443728,174.34177999999625,11.432067975607525,-4.850014089899465,216.34188535788996,-53.504328717021906
12897810.0,-5.4646,-1.8763,10.7729,0.095,0.0797,9.8058,-0.0942,-0.6753,0.4453,346.39,-86.38,-178.63,52.21182,-2.187158,9.78,2,170.8,23 / 24,-10.693201928244019,-4.227955568522667,0.16884370520078515,-232.49341850817464,76.05474504723071,-130.18965210591648,False,118.5,0.890021324506427,-8.888607517522965,-14.982833560772203,22.083312431643186,8.933055555555555,174.282,11.583223252750447,-4.660651949000298,217.51058494740244,-53.971432615587524
12897910.0,2.3693,-1.9855,10.8079,0.002,-0.0436,9.8065,-0.1012,0.3766,-0.1859,350.15,-86.69,-175.19,52.21182,-2.187158,9.78,2,170.8,23 / 24,-10.87934363703675,-4.501013867489385,0.2672187052011431,-233.5720457864426,75.61829657542852,-130.1678489853963,False,118.60000000000036,0.5357469333794649,-9.063067840417657,-14.935139229290055,21.17151403370478,9.07888888888093,176.6169999998726,11.415090570416215,-4.562053972928273,218.63690655715254,-54.446782541723735
12898010.0,2.9785,-0.0783,8.671,0.0332,-0.0494,9.8064,-0.1136,-0.1117,0.0198,350.85,-86.37,-176.42,52.21182,-2.187158,9.78,2,170.8,23 / 24,-10.675891429253072,-4.595798077207891,0.2604987052011187,-234.649807539761,75.163455978192,-130.14146311487607,False,118.70000000000073,0.9915485591236171,-9.341412094082347,-14.82612361449235,20.22635715701012,9.39388888887743,173.94100000009732,11.667439988376689,-4.745614016874456,219.82368392526865,-54.937098821181884
12898110.0,2.8483,-1.5422,10.8572,-0.0487,-0.0218,9.8065,0.0737,0.2901,-0.2445,349.43,-86.24,-177.25,52.21182,-2.187158,9.78,2,170.8,23 / 24,-10.451758727253836,-4.663200418153679,0.25624370520110323,-235.7061900475902,74.70050605342225,-130.11562599435587,False,118.80000000000109,0.6294681804563305,-9.457129951732663,-14.778429283004499,19.270080787888354,9.478055555554025,176.19199999995905,11.081226907710166,-4.793929533578984,220.9277607645857,-55.43042526553389
12898210.0,0.646,0.1644,9.8552,0.0281,-0.0385,9.8065,-0.0328,0.1039,0.0168,349.46,-85.96,-175.16,52.21182,-2.187158,9.78,2,170.8,23 / 24,-10.344572019989224,-4.737372121865568,0.3111987052003036,-236.74600658493722,74.23047742642812,-130.0872538738362,False,118.89999999999964,0.6235010428826459,-9.50262245718024,-14.723921475578,18.313804418783572,9.523055555554738,176.245999999999,10.96807306287187,-4.765250335314671,222.0220851093592,-55.91667300764455
12898310.0,-2.387,-0.1063,9.8,-0.046,0.0154,9.8065,0.0182,0.16,-0.1166,348.88,-86.07,-173.78,52.21182,-2.187158,9.78,2,170.8,24 / 24,-10.507426143798245,-4.790469616742536,0.31329370520031136,-237.78860649313037,73.75408533949599,-130.05602925331607,False,119.0,0.7977177653118113,-9.551747032187668,-14.628532812661682,17.357528049661397,9.584999999999999,175.226,11.305143909110056,-4.761277415445132,223.16007368046868,-56.39655728983459
12898410.0,-1.6146,-0.7267,9.0258,-0.0167,-0.0156,9.8066,-0.1037,-0.0241,-0.0731,351.43,-86.3,-170.17,52.21182,-2.187158,9.78,2,170.8,24 / 24,-10.775584023134575,-4.904177694189494,0.2739187052001682,-238.85275700148088,73.26935297394762,-130.02666863279595,False,119.10000000000036,0.6983795971058859,-9.585704080996958,-14.553584577413533,16.401251680608798,9.611111111109686,175.8329999999669,11.473963620240461,-4.681526386807464,224.29917242406734,-56.868101293338825
12898509.0,-0.8229,-2.4076,10.2138,-0.0401,0.0195,9.8065,0.051,0.117,-0.1177,354.94,-86.44,-169.31,52.21182,-2.187158,9.78,2,170.8,24 / 24,-10.958038825979795,-5.106978661741129,0.2554205552001384,-239.92857133251377,72.77380073432825,-130.0004663394061,False,119.19900000000052,0.7613043055537405,-9.83910097333199,-14.479385824619888,15.410504883776023,9.868511111101084,175.57560000001,11.719343131533535,-4.73212231159086,225.44918550789387,-57.36329585055223
12898609.0,1.4934,-0.2792,11.1063,-0.0011,0.0054,9.8066,0.0407,0.1066,-0.1067,356.66,-86.72,-166.63,52.21182,-2.187158,9.78,2,170.8,24 / 24,-10.994033710854305,-5.269802526439959,0.3407605552004489,-241.02617495935948,72.25496167491731,-129.97065728388597,False,119.29900000000089,0.7467405493539161,-9.759258922738706,-14.397692248292321,14.442775436739705,9.787786111112828,175.62447999999895,11.740774260208221,-4.489456396298747,226.62848271106716,-57.8121862381776
12898711.0,0.6501,0.2479,9.3417,-0.0508,0.0115,9.8065,0.0418,0.1642,-0.2104,2.38,-86.82,-164.28,52.21182,-2.187158,9.78,2,170.8,24 / 24,-10.967818061356702,-5.293165708571156,0.3833302552000116,-242.14622939973074,71.71625029493728,-129.9337286525559,False,119.40099999999984,0.8655878392996676,-9.781901115683967,-14.307345557497184,13.444578581462983,9.820124999996686,174.94320000000448,11.83340590065637,-4.488735407112811,227.83888384223357,-58.2716717134743
12898810.0,1.9694,-2.587,10.532,-0.0283,0.0328,9.8065,0.1201,0.1671,-0.0857,4.08,-86.88,-167.09,52.21182,-2.187158,9.78,2,170.8,24 / 24,-10.930332483213542,-5.435696148325327,0.3962200552000325,-243.23018785168873,71.18517163302005,-129.89514091219104,False,119.5,0.9319384969400537,-9.981588833343173,-14.212910781182668,12.453831784627777,10.025,174.666,11.862270980153596,-4.545892685017845,229.01727707050605,-58.73133984839227
12898910.0,-2.1838,-1.9952,9.788,-0.0158,-0.0248,9.8066,-0.0686,0.2587,-0.0325,8.21,-86.78,-166.37,52.21182,-2.187158,9.78,2,170.8,24 / 24,-11.048587095035382,-5.6695342423101485,0.43155505520016113,-244.32913383060517,70.62991011348625,-129.85375215667088,False,119.60000000000036,0.996167612425735,-10.072805439611475,-14.11070864227687,11.441957952036104,10.121944444439155,174.35200000001714,12.044754707461117,-4.4032711973013265,230.2184251883283,-59.18795216145014
12899010.0,0.2166,-2.668,10.0604,-0.047,-0.0201,9.8065,-0.0616,0.2555,-0.2727,6.16,-86.51,-164.45,52.21182,-2.187158,9.78,2,170.8,24 / 24,-11.25969995400206,-5.899598001647594,0.44331005520020395,-245.4445481830611,70.05145350128626,-129.8100089011507,False,119.70000000000073,0.8726457022058273,-10.139461904050382,-14.022133455219798,10.430084120078128,10.176944444442444,175.08099999997347,12.132345656207889,-4.239863902402788,231.4224147278413,-59.62136938120813
12899110.0,-3.0545,0.219,10.9768,-0.0336,-0.0429,9.8064,-0.0733,0.2594,-0.1532,2.13,-86.6,-168.22,52.21182,-2.187158,9.78,2,170.8,24 / 24,-11.499853644389725,-6.034392391893069,0.5145050552004631,-246.58252586298482,69.45475398160706,-129.7621181456305,False,119.80000000000109,1.17696112469444,-10.152002881744094,-13.892677412648421,9.41821028741283,10.219999999999217,173.3870000000308,12.676814769084165,-4.1176104898510255,232.6898484503364,-60.03654369419422
12899211.0,3.3636,-1.1234,9.7463,-0.0411,-0.0143,9.8065,-0.0989,0.3551,-0.2363,5.46,-86.54,-164.78,52.21182,-2.187158,9.78,2,170.8,24 / 24,-11.575039697038946,-6.108565665214178,0.5705499551997687,-247.74780797671252,68.84153459973074,-129.70732286760597,False,119.90099999999984,1.0740385126173329,-10.1164086172565,-13.77575816575915,8.39621771643726,10.173263888888556,173.93973000000364,12.64907820965628,-4.0078429520423215,233.97204981095337,-60.44531688329347
12899310.0,-2.0041,-0.2197,10.8163,-0.0578,0.0309,9.8064,0.0509,0.1852,-0.1735,10.65,-86.96,-159.51,52.21182,-2.187158,9.78,2,170.8,25 / 25,-11.598602894080917,-6.183820758409967,0.6175403051998447,-248.89490328497482,68.23306147176035,-129.64851239971608,False,120.0,1.1159666991098016,-10.132620046438648,-13.667832707133142,7.394462622100639,10.193888888888889,173.715,12.714569593190719,-3.948799288028681,235.2270705778417,-60.83859884965971
12899410.0,4.6439,-2.8998,10.2195,-0.0575,0.0182,9.8064,0.0643,0.3808,-0.3604,7.95,-87.19,-162.02,52.21182,-2.187158,9.78,2,170.8,25 / 25,-11.574867194075054,-6.361779442258663,0.6886653052001035,-250.05357678938682,67.60578146172463,-129.58320211919585,False,120.10000000000036,1.2259460133354656,-10.13808984517231,-13.538376664515521,6.382588790216287,10.21194444444346,173.10500000003327,12.80081320741052,-3.776310402913647,236.5152001248713,-61.22319267150834
12899510.0,-1.0282,-0.1423,9.8938,-0.0076,0.0205,9.8066,-0.0048,0.0898,-0.1113,359.42,-87.37,-170.06,52.21182,-2.187158,9.78,2,170.8,25 / 25,-11.500361151890129,-6.563384507736317,0.7136653052001946,-251.2073382066893,66.95952326422253,-129.51308558867558,False,120.20000000000073,1.2010667787373102,-10.137151316732185,-13.415734097857193,5.359595464418578,10.208055555555697,173.24299999999496,12.701427930627439,-3.5737668089958676,237.7916041088321,-61.59992779980395
12899610.0,2.8461,-0.6065,9.5218,-0.025,0.0066,9.8066,0.0055,0.3173,-0.2642,354.7,-87.63,-174.56,52.21182,-2.187158,9.78,2,170.8,25 / 25,-11.488756279696071,-6.615959722356411,0.7037803052001587,-252.35679407827277,66.30055605271549,-129.44221330815532,False,120.30000000000109,1.2595251671738776,-10.15832501115501,-13.293091531199236,4.347721632460198,10.236111111110601,172.93200000000567,12.74828144686995,-3.5423652887985995,239.06370254707355,-61.95283442025529
12899710.0,-1.1168,-1.0388,9.3291,-0.0001,0.0259,9.8065,0.0122,-0.0161,0.0068,346.35,-87.79,177.46,52.21182,-2.187158,9.78,2,170.8,25 / 25,-11.463976834416965,-6.733584580678364,0.6656603052007135,-253.50443073396173,65.63307883757346,-129.37374127763627,False,120.39999999999964,1.4197670760511891,-10.132963464059252,-13.143195060830697,3.3358477998133056,10.23194444444452,172.0240000000165,12.883743910468153,-3.399378883380888,240.36123567313103,-62.297231037760156
12899810.0,1.1744,-1.2855,9.4539,-0.0477,0.0142,9.8065,-0.0465,0.2479,-0.0984,344.53,-88.08,178.15,52.21182,-2.187158,9.78,2,170.8,25 / 25,-11.506567577344606,-6.887295910677184,0.6241453052005626,-254.65295795455398,64.95203481300321,-129.30925099711598,False,120.5,1.2160232503183432,-10.188802122391676,-13.027365970087027,2.3128544747225144,10.261111111111111,173.19400000000002,12.72259082766295,-3.301506211714492,241.62559198446695,-62.639180338280696
12899910.0,-1.4005,-1.1662,9.6655,-0.0102,0.0152,9.8066,-0.0792,-0.0748,0.0581,346.32,-88.43,179.77,52.21182,-2.187158,9.78,2,170.8,25 / 25,-11.561389927766669,-7.050592895000328,0.5994503052004728,-255.80635582981375,64.2551403727168,-129.24807121659572,False,120.60000000000036,1.3189799432945046,-10.006501004691996,-12.891096451582083,1.312100135263049,10.093055555564726,172.49100000003838,12.880369871061173,-2.955908109691668,242.91525937823167,-62.943040237453744
12900010.0,0.474,-0.3619,10.0379,-0.015,0.0092,9.8066,-0.0214,0.0588,0.0117,349.13,-88.73,-177.58,52.21182,-2.187158,9.78,2,170.8,25 / 25,-9.915204293387564,-6.101199962156231,0.5133620094204159,-256.88018554087535,63.59755072985657,-129.19243060086447,False,120.70000000000073,1.2956266480520406,-10.08601273166801,-12.761640408981759,0.3113457943161231,10.16888888888613,172.67999999999313,11.210830941439605,-3.9848127695117785,244.1185451318936,-63.28620493554045
12900110.0,1.929,0.2073,9.1537,0.0046,0.0161,9.8065,0.0434,-0.0101,0.0568,355.55,-88.8,-175.91,52.21182,-2.187158,9.78,2,170.8,25 / 25,-9.872091141319679,-6.131164910583066,0.4922770094203393,-257.8695503126143,62.98593248621738,-129.14214864992226,False,120.80000000000109,1.2868594212632996,-10.069212959314937,-12.632184366381807,-0.7005280376414476,10.151111111111433,172.71699999999933,11.158950562582978,-3.938048048731871,245.2373659462325,-63.68646052385883
12900210.0,0.353,-1.3313,10.5876,-0.0088,0.0074,9.8066,0.0737,-0.0258,0.0377,358.72,-88.76,-170.36,52.21182,-2.187158,9.78,2,170.8,25 / 25,-9.839235543607362,-6.207297584346298,0.4986770094202463,-258.85511664684634,62.36900936147989,-129.09260094898096,False,120.89999999999964,1.297439050091942,-10.014358587268704,-12.502728323784211,-1.7012823778630488,10.09805555555652,172.61800000000179,11.136674593699304,-3.8070610029224063,246.35238832306214,-64.07029173934293
12900310.0,1.1663,-0.8686,9.8246,0.0137,-0.0041,9.8066,-0.0524,-0.0506,0.0759,357.79,-88.61,-169.62,52.21182,-2.187158,9.78,2,170.8,25 / 26,-9.842345049801013,-6.340804659223405,0.5386220094203917,-259.8391956765203,61.74160424929912,-129.04073599803874,False,121.0,1.2558067673608728,-9.949112904594022,-12.380085757153218,-2.6909172242625123,10.028055555555556,172.80599999999998,11.098151817161886,-3.6083082453706172,247.4591099193671,-64.43252147356164
12900410.0,-1.0398,-0.4288,10.0735,0.0164,0.0003,9.8066,0.0088,-0.0697,0.0578,0.51,-88.63,-169.01,52.21182,-2.187158,9.78,2,170.8,25 / 26,-9.917144619350987,-6.427840816634935,0.5528620094204436,-260.8271701599815,61.103171975503884,-128.9861617970965,False,121.10000000000036,1.1465592352557443,-9.871694390805231,-12.27107014233301,-3.6805520712970914,9.938055555560467,173.37499999996896,11.06370385460673,-3.443853574170297,248.5561000176485,-64.78372404680097
12900509.0,1.4907,-0.5756,10.2741,0.0296,0.0004,9.8065,0.0573,-0.138,0.1253,355.89,-88.52,-169.45,52.21182,-2.187158,9.78,2,170.8,25 / 26,-9.974437835900869,-6.497737527923108,0.5892098594205024,-261.81180349151805,60.463355847447225,-128.9296292395888,False,121.19900000000052,1.1714149095657727,-9.827788414616428,-12.156399342471175,-4.660290570630879,9.897355555557139,173.2027400000067,11.145852745466641,-3.3300508866933205,249.6554041490469,-65.12364641807811
12900610.0,-1.3972,-0.29,10.0091,0.0064,-0.019,9.8066,0.0234,-0.1418,0.1419,357.99,-88.34,-166.87,52.21182,-2.187158,9.78,2,170.8,25 / 26,-10.049639248344238,-6.566806138219479,0.6230398094206926,-262.8230193842781,59.80359639230332,-128.86841063131197,False,121.30000000000109,1.0669746404609042,-9.839261885580283,-12.053038912703693,-5.65982176551026,9.896944444444443,173.8109999999889,11.116613888805142,-3.2724557473608042,250.7699804715744,-65.46341815781358
12900709.0,-0.6657,-0.418,9.6514,-0.02,0.0171,9.8066,0.1088,0.0947,-0.0226,4.38,-88.2,-161.24,52.21182,-2.187158,9.78,2,170.8,25 / 26,-10.23515129012296,-6.623407900781748,0.6253762094206965,-263.8271165159338,59.150680797371706,-128.80661403837922,False,121.39900000000125,0.9740278409087066,-9.758525950454144,-11.958604136362231,-6.617543668441121,9.807019444444643,174.30005999999892,11.209179131031668,-3.1351180496723963,251.8685123795716,-65.76822446581282
12900810.0,-0.5898,-0.5892,9.359,-0.0081,-0.007,9.8066,0.1017,-0.0117,-0.0564,9.52,-88.11,-157.87,52.21182,-2.187158,9.78,2,170.8,25 / 26,-10.390552501127194,-6.67990605094812,0.5949297594210738,-264.86871455737906,58.47886344281767,-128.74498858695347,False,121.5,0.9588574607439004,-9.726741303351368,-11.862261586789915,-7.605732982428948,9.773888888888889,174.37,11.349409961871094,-3.0468352524032474,253.00645297058915,-66.08459642524662
12900910.0,0.044,0.5065,8.7069,-0.0181,0.0294,9.8065,0.0402,0.0336,-0.0451,11.73,-88.16,-156.6,52.21182,-2.187158,9.78,2,170.8,25 / 26,-10.503086958315407,-6.687721781185111,0.5175597594207924,-265.913396530355,57.810482051208574,-128.68936411101117,False,121.60000000000036,0.9270700703788802,-9.577178915356159,-11.773686399740031,-8.56200935077422,9.621944444452737,174.47099999999446,11.430157028694287,-2.8894571341710478,254.13971013061496,-66.3724914019828
12901009.0,0.2726,-0.486,10.1136,0.0007,0.028,9.8066,0.0421,0.0338,0.0006,10.05,-88.24,-157.34,52.21182,-2.187158,9.78,2,170.8,25 / 26,-8.98605817589029,-5.692598020576685,0.40656873550761957,-266.8781092144997,57.197656221020374,-128.64361975051213,False,121.69900000000052,0.8530704883302876,-9.461738750898036,-11.68599696458126,-9.497714658702451,9.50011944444919,174.84818999998532,9.839128664220578,-3.769140730321351,255.19211224991847,-66.69537087972283
12901110.0,0.5996,-0.202,8.1852,-0.0147,0.0064,9.8066,-0.1283,0.0512,0.0025,12.36,-88.36,-153.52,52.21182,-2.187158,9.78,2,170.8,25 / 26,-9.036206946698245,-5.742801832821739,0.3401864855072466,-267.7882336031956,56.62016852842051,-128.60590861185068,False,121.80000000000109,0.7544176969363383,-9.384725831827899,-11.616976453425528,-10.441203611742496,9.415000000001525,175.40399999999,9.790624643634583,-3.64192399900616,256.17125714977004,-67.061372140163
12901210.0,-0.2249,0.8166,9.3648,-0.02,-0.0014,9.8066,-0.1138,0.0023,-0.0058,22.83,-88.41,-142.84,52.21182,-2.187158,9.78,2,170.8,25 / 26,-9.089477629956889,-5.714607665687002,0.23702148550874796,-268.69451783201515,56.047298053503404,-128.5770482133003,False,121.89999999999964,0.7693367046803913,-9.241086536295349,-11.535214742340017,-11.364121502863677,9.273055555558138,175.24100000000297,9.85881433463728,-3.5264788706083463,257.1593030896751,-67.41141955636708
12901310.0,-0.0767,-1.4266,11.2098,-0.0237,-0.0216,9.8065,-0.0962,-0.0142,-0.0498,32.39,-88.28,-133.68,52.21182,-2.187158,9.78,2,170.8,24 / 24,-9.209638131236794,-5.713400648667475,0.2850864855089229,-269.6094736200782,55.4758976377836,-128.5509428147493,False,122.0,0.6282998285824536,-9.053223974110178,-11.473893459024213,-12.264800409150457,9.075000000000001,176.03,9.837937959819248,-3.339823325442703,258.13558016105395,-67.74069804693406
12901410.0,-0.6584,0.0891,9.2722,0.0266,-0.0334,9.8065,-0.0675,-0.2067,0.0999,33.77,-88.35,-134.38,52.21182,-2.187158,9.78,2,170.8,24 / 24,-9.358405344870086,-5.72415302674883,0.32852148550908095,-270.5378757938869,54.90401995401071,-128.5202624161983,False,122.10000000000036,0.6629238376375843,-8.988642969496764,-11.40575869974465,-13.16547931395665,9.013055555558937,175.78200000001354,10.021329182507671,-3.264489942747934,259.13211709414225,-68.06949926796736
12901510.0,2.0067,-0.3251,10.5351,-0.0272,0.0028,9.8066,0.1811,0.2684,-0.1192,30.38,-88.11,-138.2,52.21182,-2.187158,9.78,2,170.8,24 / 24,-9.387789837244037,-5.742951321480027,0.3382214855091163,-271.475185552996,54.33066473659718,-128.48692526764728,False,122.20000000000073,0.6020658206685623,-8.728148345317823,-11.344437416428846,-14.03279974296776,8.748888888898499,176.0539999999901,9.9898556579126,-2.985197023837796,260.13074813656715,-68.36346447956494
12901610.0,0.168,0.45,10.0821,-0.0077,0.0002,9.8066,0.0168,-0.0113,-0.1003,30.7,-87.94,-138.01,52.21182,-2.187158,9.78,2,170.8,24 / 24,-9.374223566064385,-5.770911814760658,0.38841648550929897,-272.4132862231648,53.75497157978305,-128.45059336909623,False,122.30000000000109,0.5594661404795993,-8.625764474013108,-11.29674308494273,-14.90012016985508,8.643888888890798,176.28899999999575,9.933689706543985,-2.85485265925245,261.1165431382221,-68.65509174963813
12901710.0,-2.456,0.5072,10.6422,-0.0411,0.0067,9.8065,-0.026,0.0854,-0.2038,31.74,-88.13,-136.92,52.21182,-2.187158,9.78,2,170.8,24 / 24,-9.52982107014556,-5.646950116388111,0.4439664855084907,-273.35848845496156,53.184078483233925,-128.40897422054593,False,122.39999999999964,0.5079141984292331,-8.35457498422974,-11.242235277516231,-15.722962627732782,8.370000000004984,176.52099999999578,10.037735268574794,-2.7076248678416297,262.11625317744534,-68.9070411109667
12901810.0,-2.1014,-0.6338,9.8567,0.0297,-0.0084,9.8066,0.0159,-0.1952,0.1409,29.7,-88.22,-136.29,52.21182,-2.187158,9.78,2,170.8,24 / 24,-9.81128219869469,-5.51424524049587,0.4882464855086519,-274.3255436184071,52.626018715387694,-128.3623635719949,False,122.5,0.5373471615580813,-8.187385603962078,-11.187727470115705,-16.545805084209995,8.205,176.245,10.34862936025277,-2.6731403634662074,263.1378161482914,-69.17182379959769
12901910.0,0.4565,-0.2176,10.0995,-0.0141,-0.006,9.8066,-0.0475,0.0632,0.0023,37.26,-87.88,-131.35,52.21182,-2.187158,9.78,2,170.8,24 / 24,-8.490436058411959,-4.663311573495663,0.4295827626824072,-275.24062953126577,52.117140874686264,-128.3164721095852,False,122.60000000000036,0.511551852828922,-8.014802579042858,-11.133219662719144,-17.346408556484892,8.0311111111206,176.34799999999436,9.001987911240882,-3.351491005547195,264.1074098685466,-69.46354943117116
12902009.0,-0.1341,0.4836,9.2505,0.0255,-0.011,9.8065,-0.1371,-0.1103,0.0021,37.71,-87.94,-129.22,52.21182,-2.187158,9.78,2,170.8,24 / 24,-8.549018100537287,-4.631202192197098,0.41654941268238627,-276.0840825121351,51.65706244328373,-128.27458856690455,False,122.69900000000052,0.487046640248746,-7.806933232721048,-11.086002274574923,-18.105981099489927,7.822111111119252,176.4301699999968,9.036064740786033,-3.1757310405239494,264.9980802375602,-69.76304354277366
12902110.0,1.0321,1.2087,10.731,-0.0057,-0.0014,9.8066,-0.0372,-0.0509,-0.0708,40.04,-88.13,-128.46,52.21182,-2.187158,9.78,2,170.8,24 / 24,-8.540490996210133,-4.560590478431327,0.43514351268249085,-276.9471027215257,51.19287691341438,-128.2315780741734,False,122.80000000000109,0.4087441717345129,-7.5108306083590515,-11.044644475662198,-18.858659558918962,7.521944444449866,176.88499999999172,8.949235167944646,-2.9502401299277246,265.9024582458635,-70.05153647233334
12902210.0,-1.6299,1.5125,9.3861,0.0382,-0.0172,9.8065,-0.06,-0.1104,0.14,40.27,-88.19,-128.2,52.21182,-2.187158,9.78,2,170.8,24 / 24,-8.55407736466507,-4.401755124496533,0.46033351268212436,-277.801831139557,50.74475963327451,-128.1868042229058,False,122.89999999999964,0.41523843918660636,-7.3602406163547,-10.996950144204657,-19.59254607456282,7.371944444447173,176.77100000000206,8.969315803851675,-2.958485491858167,266.80488099535233,-70.33730570783733
12902310.0,-0.8105,1.474,9.7459,0.0002,0.0073,9.8066,0.0981,0.0229,-0.075,42.18,-88.09,-126.39,52.21182,-2.187158,9.78,2,170.8,24 / 26,-8.625910150839083,-4.172706339366241,0.4362685126820369,-278.66083051533536,50.316036560079816,-128.14197412163745,False,123.0,0.4088056051547304,-7.284649293059555,-10.95606928866091,-20.326432590219824,7.29611111111111,176.78799999999998,9.034715755993814,-3.1119429536933145,267.70476122667446,-70.64246915029963
12902410.0,-1.7284,1.8167,9.3928,0.0253,-0.0231,9.8066,-0.0331,-0.033,0.0229,36.31,-88.11,-132.51,52.21182,-2.187158,9.78,2,170.8,24 / 26,-7.39621510210664,-3.342559680997481,0.35065773577965803,-279.46193677798556,49.94027325906026,-128.10262780921423,False,123.10000000000036,0.3617349809604235,-6.974514450206062,-10.922001909034675,-21.01584113541656,6.983888888905926,177.0309999999867,7.757950083067064,-3.6319547692085807,268.53993486895087,-70.95611439447683
12902510.0,-0.8084,2.1447,10.0678,-0.0183,0.0027,9.8065,0.0682,0.1614,-0.1116,39.11,-88.16,-129.34,52.21182,-2.187158,9.78,2,170.8,24 / 26,-7.455874802518972,-3.0774965113971704,0.3430227357796303,-280.20454127321955,49.61927044943936,-128.06794378563615,False,123.20000000000073,0.3082094503470654,-6.681784305315571,-10.894748005293406,-21.683010695105963,6.68888888889962,177.35899999998807,7.764084252866037,-3.604287793918401,269.3097932679261,-71.30228114454533
12902610.0,0.7297,1.8018,10.0873,0.0046,0.0017,9.8066,-0.0301,0.0096,-0.0414,37.35,-88.26,-133.44,52.21182,-2.187158,9.78,2,170.8,24 / 26,-7.415744658392358,-2.8865911957459964,0.3701127357797289,-280.9481222462678,49.32106606408112,-128.03228701205805,False,123.30000000000109,0.33483983784540794,-6.697746525328899,-10.85386714975028,-22.350180254794147,6.706111111110797,177.138000000004,7.7505844962377655,-3.8111553295829026,270.09425509651754,-71.67124631887526
12902710.0,-0.4467,1.1465,10.7525,0.0011,0.0077,9.8065,0.0636,0.0107,-0.0057,33.97,-88.35,-134.18,52.21182,-2.187158,9.78,2,170.8,24 / 26,-7.39974953971577,-2.747990430667234,0.4314377357788366,-281.68889695616247,49.03933698276456,-127.99220948848071,False,123.39999999999964,0.29167879003191427,-6.340238738753663,-10.82661324606381,-22.98399133719433,6.346944444450978,177.36599999999586,7.691428329747684,-3.592248308086429,270.86228371009867,-72.02332831995889
12902809.0,0.1697,1.5326,9.7886,0.0004,-0.0164,9.8066,0.0099,0.0012,-0.0555,32.27,-88.34,-136.27,52.21182,-2.187158,9.78,2,170.8,24 / 26,-6.307301309606049,-2.2131305742942184,0.4057592604120743,-282.367395973205,48.79376149301857,-127.9507682371692,False,123.4989999999998,0.2248964528877403,-6.0289738703503835,-10.799631881387194,-23.567431117374692,6.033169444445136,177.86396999999894,6.532197762493789,-3.815843296056165,271.5677640918178,-72.36119261039326
12902910.0,-1.5489,2.2788,9.3392,-0.0239,0.0164,9.8066,0.1201,0.1337,-0.1185,31.13,-88.34,-139.07,52.21182,-2.187158,9.78,2,170.8,24 / 26,-6.350044248454472,-1.9896528099095072,0.3812415104119366,-283.00659192389065,48.58152093211509,-127.91102469824236,False,123.60000000000036,0.2759086648361879,-5.8724108317339585,-10.772105438665266,-24.1626575597396,5.878888888897135,177.3100000000305,6.62595291329066,-3.8827580218244515,272.2344864852254,-72.74417849185468
12903010.0,-1.3689,1.6803,9.7981,-0.01,-0.0004,9.8066,0.0847,0.0474,-0.0796,30.98,-88.31,-137.11,52.21182,-2.187158,9.78,2,170.8,24 / 26,-6.456149806177981,-1.7223249648774706,0.35744151041185007,-283.6469016266246,48.395922043375066,-127.87409054720104,False,123.70000000000073,0.18025593961206957,-5.651014719873599,-10.758478486807618,-24.729751685475772,5.653888888897074,178.1729999999686,6.636405745790051,-3.928689754996128,272.88842313981695,-73.12567372885084
12903110.0,-0.7402,1.9408,9.7032,-0.0315,0.008,9.8066,0.0564,0.0386,-0.0802,33.3,-88.28,-134.89,52.21182,-2.187158,9.78,2,170.8,24 / 26,-6.5320658251845405,-1.4895728562907715,0.35184151041182976,-284.2963124081951,48.23532715231607,-127.83862639615973,False,123.80000000000109,0.13732189948874196,-5.362130799255371,-10.738038059036054,-25.263487333227534,5.363888888894163,178.53299999999345,6.669387724673283,-3.8725579429645993,273.55827434915903,-73.4988144855436
12903210.0,0.5425,1.5312,9.9842,-0.0048,0.0051,9.8066,0.008,0.0532,-0.0264,34.23,-88.25,-136.44,52.21182,-2.187158,9.78,2,170.8,24 / 26,-5.547399266146717,-1.1166432809714288,0.3022145338500095,-284.9002856627529,48.10501634545486,-127.80592359394711,False,123.89999999999964,0.19444470648926487,-5.136320789841704,-10.717597631264615,-25.763864503692503,5.140000000004073,177.83200000001275,5.741843972635982,-4.0196775088702745,274.1826880314883,-73.86888084914736
12903310.0,0.3447,1.7794,9.6726,-0.0278,0.0088,9.8066,0.0102,0.0764,-0.1188,32.61,-88.26,-138.04,52.21182,-2.187158,9.78,2,170.8,23 / 24,-5.501715910923746,-0.9770348154479149,0.30438953385001744,-285.45274142160844,48.00033244063351,-127.77559339056201,False,124.0,0.11464383964544986,-4.857536209293684,-10.7039706793805,-26.25312218103315,4.858888888888889,178.648,5.616359750569196,-3.880501393845769,274.7487707422279,-74.25345462166666
12903410.0,0.2569,1.1265,10.6531,-0.001,0.012,9.8066,0.0643,0.0154,-0.0219,36.58,-88.29,-134.17,52.21182,-2.187158,9.78,2,170.8,23 / 24,-5.477054412532905,-0.8462234398116294,0.34000953385014704,-286.00167993778325,47.9091695278702,-127.74337343717688,False,124.10000000000036,0.06587168214236812,-4.676480541818201,-10.697157203466087,-26.70902137964869,4.6769444444543735,179.19299999997025,5.5429260946752725,-3.830257102006571,275.3045227343172,-74.61819090751888
12903510.0,-1.583,1.1582,10.0043,-0.0243,-0.0012,9.8066,-0.0319,0.1031,-0.1187,34.16,-88.24,-136.51,52.21182,-2.187158,9.78,2,170.8,23 / 24,-5.547486313581127,-0.6875931348490317,0.39221453385033705,-286.55290697409094,47.832478699136885,-127.70676223379172,False,124.20000000000073,0.05042316508515107,-4.324706059899741,-10.690343727524093,-27.131562101022137,4.325000000012804,179.33199999999493,5.597909478666279,-3.6371129250507095,275.8625632465669,-74.96404080015903
12903610.0,-0.8715,2.2904,10.5575,-0.0052,0.0112,9.8065,-0.0124,0.0559,-0.0098,37.86,-88.25,-132.91,52.21182,-2.187158,9.78,2,170.8,23 / 24,-5.625568104903048,-0.44848198016886465,0.43963953385050963,-287.1115596950172,47.77567494338578,-127.66516953040653,False,124.30000000000109,0.05531304195523097,-4.09962686929228,-10.683530251609184,-27.542983329968475,4.100000000004092,179.2270000000019,5.68088114685828,-3.6511448891234153,276.42802944340804,-75.31865827335426
12903710.0,-1.6883,1.7173,10.8066,-0.0114,-0.0151,9.8066,-0.0152,0.1147,-0.0732,36.37,-88.19,-131.97,52.21182,-2.187158,9.78,2,170.8,23 / 24,-5.6871752624590455,-0.18096631737179797,0.5271795338492358,-287.6771968633771,47.744202528509206,-127.61682857702225,False,124.39999999999964,-0.05649163677055776,-3.8806999564248437,-10.69034372752372,-27.9210460802164,3.8811111111150924,180.83399999997079,5.630683625688488,-3.6997336390530458,276.9868531358534,-75.6652486087256
12903810.0,0.313,1.7137,9.769,-0.0147,-0.0341,9.8065,-0.0401,0.0824,-0.0635,34.59,-88.19,-133.66,52.21182,-2.187158,9.78,2,170.8,23 / 24,-5.723990618264223,0.028736573234905,0.5752945338494109,-288.2477551574153,47.73659104130233,-127.56170487363711,False,124.5,0.023179054223048404,-3.608814451283275,-10.68353025160906,-28.27686984561961,3.608888888888889,179.632,5.747169672487271,-3.63755102451818,277.56422490580627,-76.01346088692195
12903910.0,-0.7922,1.1256,10.2461,-0.0085,0.0081,9.8066,0.0617,-0.0403,-0.0023,33.54,-88.2,-134.67,52.21182,-2.187158,9.78,2,170.8,23 / 24,-5.746365662163074,0.18602336689271856,0.5953845338494841,-288.82127297143876,47.747329038308756,-127.50317092025196,False,124.60000000000036,-0.037258086902245136,-3.4209082229136456,-10.690343727523473,-28.610454625439434,3.421111111121358,180.62399999994585,5.709107575260829,-3.606931589806364,278.13092924391526,-76.3577836637482
12904010.0,-0.3591,2.0158,10.0776,0.0018,-0.0093,9.8066,-0.0352,-0.0067,0.0383,36.56,-88.16,-133.93,52.21182,-2.187158,9.78,2,170.8,23 / 24,-5.784154423035631,0.3747055450734237,0.6309045338496134,-289.39779897570077,47.775365483907166,-127.44185646686678,False,124.70000000000073,-0.056983421636090104,-3.219495750844493,-10.697157203465467,-28.932919912858438,3.2200000000073166,181.01399999998583,5.727171001399541,-3.594201295917917,278.7006417722353,-76.7082853967656
12904110.0,0.6698,2.1604,9.8742,0.0206,0.0087,9.8065,-0.0118,-0.18,0.086,38.26,-88.1,-132.33,52.21182,-2.187158,9.78,2,170.8,23 / 24,-5.725625318445279,0.5620121867762398,0.6478295338496751,-289.9732879627769,47.82220137049982,-127.37791976348159,False,124.80000000000109,-0.02260235822021573,-3.1129735021985465,-10.697157203465716,-29.244265707851547,3.1130555555575006,180.41600000001088,5.703022960225063,-3.674985688974786,279.2761307593112,-77.06646707835137
12904209.0,-0.2957,2.084,9.9806,0.0068,-0.0029,9.8066,0.0001,-0.1324,0.0372,37.09,-88.2,-133.39,52.21182,-2.187158,9.78,2,170.8,23 / 24,-5.662164000796249,0.7481935148553223,0.6597837838496946,-290.53698353408026,47.887056552730684,-127.31319290425536,False,124.89900000000125,-0.05615397467016758,-3.0283829800637014,-10.703902544621338,-29.541489745991985,3.028905555555741,181.06246999999857,5.606010026126081,-3.7765764949190235,279.83308098945895,-77.42854629872267
12904310.0,0.1013,1.7763,10.1912,0.016,-0.0063,9.8066,0.0031,-0.1327,0.0543,33.88,-88.22,-136.83,52.21182,-2.187158,9.78,2,170.8,26 / 27,-5.638431858713666,0.9419093662969804,0.6879880338493453,-291.10766362497844,47.97240674822782,-127.2451304274624,False,125.0,-0.07037941836770788,-2.825234636241015,-10.710784155295284,-29.81135983287453,2.826111111111111,181.427,5.568052440345959,-3.7671440025379956,280.39687946968314,-77.78376658110236
12904410.0,-0.5959,2.4828,9.7125,-0.0149,0.0026,9.8065,0.0264,0.0752,-0.0629,36.54,-88.18,-134.28,52.211113,-2.187022,5.17,2,178.04,26 / 27,-5.616155754328942,1.1587634587944713,0.7025080338493982,-291.6703930056326,48.077440389482774,-127.1756056240772,False,125.10000000000036,-0.07665741541471062,-2.6627856941659376,-10.724411107178284,-30.078227656730387,2.6638888888977412,181.6489999999879,5.539498338914232,-3.821549152960409,280.9459818984543,-78.15566804621317
12904509.0,0.1563,1.8259,10.024,-0.0129,-0.0004,9.8066,0.0401,-0.0784,0.0408,36.21,-88.2,-136.66,52.211113,-2.187022,5.17,2,178.04,26 / 27,-5.587076871179252,1.373242469293855,0.7086064338494081,-292.22495302059616,48.20277468292335,-127.10575545792601,False,125.19900000000052,-0.07705853165941602,-2.4223133845651135,-10.731156448361217,-30.309401909863947,2.423538888898251,181.82224999999326,5.510018339519836,-3.7955558538589687,281.49379657223494,-78.5121765927873
12904610.0,-1.0009,2.144,10.2767,-0.0026,-0.004,9.8066,0.0006,-0.1104,0.0213,32.42,-88.23,-138.21,52.211113,-2.187022,5.17,2,178.04,26 / 27,-5.593499136445337,1.5889268251995106,0.7433201338496032,-292.7895721089844,48.352364232296104,-127.0324331662568,False,125.30000000000109,-0.061075020263084284,-2.388108030504368,-10.738038059035558,-30.54524634922126,2.388888888889475,181.46500000000654,5.532424116182253,-3.977034855703878,282.0515340499488,-78.89761058151737
12904710.0,0.0278,2.0783,9.877,-0.0018,-0.006,9.8066,-0.0017,-0.0833,-0.0098,34.23,-88.27,-138.53,52.211113,-2.187022,5.17,2,178.04,26 / 27,-5.600984663518412,1.817157015545136,0.7703401338492101,-293.3492962989744,48.52266842433086,-126.95675015287296,False,125.39999999999964,-0.13183851555150833,-2.3131904730188384,-10.758478486806752,-30.778755695107876,2.3169444444457534,183.26199999996732,5.469146147966904,-4.130347488563975,282.59081781216764,-79.30142411943874
12904810.0,-0.7705,1.853,10.0359,0.0039,0.0011,9.8066,0.0045,-0.0863,0.0192,32.33,-88.31,-138.27,52.211113,-2.187022,5.17,2,178.04,26 / 27,-5.606720742660427,2.0268906705939367,0.7853201338492647,-293.9096815692854,48.714870808638516,-126.87896713948776,False,125.5,-0.10480279205563284,-2.175532665317568,-10.765291962721905,-30.990026055440435,2.1780555555555554,182.758,5.501917950604794,-4.202423335911504,283.1443896065635,-79.70489686407895
12904910.0,0.3043,1.5355,10.0125,-0.0074,0.0102,9.8066,-0.0085,-0.0471,0.0062,34.14,-88.41,-138.53,52.211113,-2.187022,5.17,2,178.04,26 / 27,-4.773940632952487,1.8754669820041245,0.6860138637719422,-294.42871463806796,48.90998869126913,-126.80540043960643,False,125.60000000000036,-0.07466351417830674,-2.1717725035515447,-10.772105438663408,-31.201296416464537,2.1730555555558277,181.96900000004305,4.69927711877418,-4.04723948555567,283.65660919940456,-80.11128510773366
12905009.0,-0.4575,1.1321,10.1405,-0.0019,0.0072,9.8066,-0.0015,-0.1128,0.0331,33.3,-88.44,-139.0,52.211113,-2.187022,5.17,2,178.04,26 / 27,-4.788301060887836,2.0152738733310764,0.7127290137719854,-294.9020456019138,49.10258036360853,-126.73616266716789,False,125.69900000000052,-0.053859584707397136,-2.012834458237808,-10.772105438663779,-31.399445775692136,2.013555555561768,181.532410000017,4.7344414761804385,-4.028108331568884,284.12994016325,-80.50202613930067
12905110.0,0.4092,0.6209,9.941,-0.0088,-0.0074,9.8066,-0.0351,-0.0183,0.0136,30.83,-88.37,-141.73,52.211113,-2.187022,5.17,2,178.04,26 / 27,-4.102177782610133,1.7988309742807287,0.6259171467063006,-295.351014783513,49.29519265841401,-126.66856103606335,False,125.80000000000109,-0.06692599485419427,-1.9107727415529303,-10.785732390493097,-31.579359166012825,1.9119444444462632,182.0059999999913,4.035251787755939,-3.709603715833659,284.5652823930199,-80.87455182442683
12905210.0,0.2374,0.9952,9.79,0.0002,0.0002,9.8066,0.0004,-0.0527,0.0058,29.74,-88.36,-142.51,52.211113,-2.187022,5.17,2,178.04,26 / 27,-3.4996892160160864,1.5926411923817743,0.5370318247002828,-295.7311081334388,49.46476626674467,-126.61041358749387,False,125.89999999999964,-0.07757303040138186,-1.8294672246843604,-10.792545866435093,-31.757271049064656,1.8311111111125815,182.42799999999232,3.4221161856147044,-3.4221084170661347,284.9385622670037,-81.22203731580933
12905310.0,0.1019,0.4726,9.7385,-0.0014,0.0009,9.8066,0.0004,-0.0002,-0.0139,30.14,-88.34,-142.42,52.211113,-2.187022,5.17,2,178.04,26 / 27,-3.002311657640394,1.4184013179136483,0.4528730509952272,-296.0562081771228,49.61531839225999,-126.5609183437089,False,126.0,-0.08615238098033548,-1.6866900860157343,-10.806172818264786,-31.92406343969423,1.6888888888888889,182.924,2.9161592766600584,-3.1050914039293827,285.25003535885804,-81.53938183195422
12905410.0,-0.0593,1.3039,9.7165,0.0047,0.0053,9.8066,-0.0043,-0.0189,-0.0071,29.91,-88.36,-142.63,52.211113,-2.187022,5.17,2,178.04,24 / 27,-2.5838088762163123,1.2879746830215286,0.37821434334591864,-296.3355142038167,49.75063719230724,-126.5193639739917,False,126.10000000000036,-0.10526846680052224,-1.6026576213110877,-10.819799770147785,-32.07973633717925,1.606111111115628,183.7579999999545,2.47854040941579,-2.890632304332616,285.5157144336689,-81.83037352948648
12905510.0,-0.2712,1.2389,10.136,-0.0003,0.0089,9.8066,-0.02,-0.0204,-0.0123,32.5,-88.37,-142.24,52.211113,-2.187022,5.17,2,178.04,24 / 27,-2.6152256494322024,1.4282032998279452,0.3901743433459622,-296.59546593010003,49.8864460914502,-126.48094453965697,False,126.20000000000073,-0.1060560965432177,-1.6065030670327276,-10.826613246063065,-32.235409233968284,1.6099999999998587,183.7769999999993,2.509169552888985,-3.034706366860673,285.768852684037,-82.1218553254185
12905610.0,-0.0685,1.0866,10.1217,0.0046,0.0016,9.8066,-0.0127,-0.0029,-0.015,31.58,-88.37,-140.76,52.211113,-2.187022,5.17,2,178.04,24 / 27,-2.6507256226541216,1.559735114384802,0.42239434334607945,-296.8587634937053,50.035843012161386,-126.44031610532222,False,126.30000000000109,-0.06943506868079544,-1.4894935773351752,-10.833426721977974,-32.37996263833202,1.4911111111132733,182.66900000002016,2.581290553973326,-3.049228691719977,286.0253367717273,-82.41580565049341
12905709.0,-0.2732,0.5311,9.7991,0.0054,-0.0035,9.8066,0.0053,-0.0043,-0.0098,33.13,-88.41,-141.57,52.211113,-2.187022,5.17,2,178.04,24 / 27,-2.2986712730924457,1.4117422930530037,0.3719732543441885,-297.10375864004516,50.1829311438298,-126.40099490923649,False,126.39900000000125,-0.055340304045929455,-1.4779747797263356,-10.84017206313372,-32.523070509351676,1.479011111111138,182.14430000000118,2.243330969046516,-2.889717072779339,286.26358657691145,-82.70600165318147
12905810.0,0.644,0.1728,9.7795,0.0055,-0.0009,9.8066,-0.0011,0.0208,-0.0416,34.11,-88.44,-140.38,52.211113,-2.187022,5.17,2,178.04,24 / 27,-1.9947434918410094,1.2386138182636268,0.3146877686925787,-297.32057608567163,50.31677412744963,-126.36631852757355,False,126.5,-0.0835780577370151,-1.3735707110987643,-10.853867149749536,-32.657949955337884,1.376111111111111,183.482,1.9111654341039943,-2.6121845293623913,286.4667089359221,-82.9747240827875
12905910.0,0.0214,0.64,9.9551,0.003,0.0033,9.8066,-0.0182,-0.0191,-0.0151,32.8,-88.45,-139.76,52.211113,-2.187022,5.17,2,178.04,24 / 27,-1.7231760138901309,1.0879927243371543,0.2726398533887107,-297.50647206095886,50.43310445458009,-126.33695214646939,False,126.60000000000036,-0.040505726579114006,-1.3004804533639298,-10.847053673835124,-32.79138386655849,1.3011111111152038,181.78400000009265,1.6826702873110169,-2.3884731777010844,286.6594183871237,-83.22448832113858
12906010.0,0.2826,0.53,9.7924,-0.0003,0.0019,9.8066,-0.0172,-0.0091,-0.0126,34.95,-88.47,-139.75,52.211113,-2.187022,5.17,2,178.04,24 / 27,-1.496203881738063,0.9813246625987292,0.2374473753804249,-297.6674410557408,50.53657032392726,-126.31144778503084,False,126.70000000000073,-0.07828753175699497,-1.2205473994702498,-10.860680625663823,-32.90257879364595,1.2230555555583953,183.66999999993138,1.417916349981068,-2.201872062068979,286.806760430077,-83.43914911757321
12906110.0,0.0378,0.8136,9.8362,0.0031,0.0085,9.8066,0.0283,-0.0195,-0.0049,33.34,-88.54,-138.9,52.211113,-2.187022,5.17,2,178.04,24 / 27,-1.2983283524113403,0.8966206410863117,0.20248051907336362,-297.8071676674488,50.63046758911185,-126.28945139030807,False,126.80000000000109,-0.03837127764756282,-1.2182847649497386,-10.867494101606068,-33.01377372143951,1.2188888888889646,181.80400000003394,1.2599570747637774,-2.1149054060360504,286.9396735658428,-83.64424131055137
12906209.0,0.2732,0.5995,9.8955,0.0024,0.0001,9.8066,-0.0036,-0.019,-0.0057,35.73,-88.56,-136.84,52.211113,-2.187022,5.17,2,178.04,24 / 27,-1.1281638739363276,0.826760478767892,0.1770901212123672,-297.92727903265325,50.71577495454477,-126.2706626436139,False,126.89900000000125,-0.05340408968873374,-1.2554277874167474,-10.874239442761812,-33.14587329355686,1.2565638888888058,182.4356199999986,1.0747597842475938,-2.0821882661846396,287.05303958989145,-83.86164824810163
12906309.0,-0.1285,0.232,10.0223,-0.0026,-0.0028,9.8066,0.0161,-0.0258,0.0095,36.42,-88.53,-136.19,52.211113,-2.187022,5.17,2,178.04,25 / 25,-1.0020198310357658,0.7530683610446233,0.16346785303032382,-298.0337882179003,50.79476639653424,-126.25363474490202,False,126.9989999999998,-0.06413293227520826,-1.0382632893986998,-10.887798259859034,-33.23527401407964,1.0402444444449221,183.5369399999976,0.9378868987605575,-1.7913316504433232,287.14598995804124,-84.03004041061388
12906411.0,0.3049,0.7208,9.695,0.0026,0.0059,9.8066,-0.0161,0.0132,-0.0172,38.35,-88.55,-136.21,52.211113,-2.187022,5.17,2,178.04,25 / 25,-0.8900807831089951,0.6951548832876706,0.14345607507580938,-298.1302853492224,50.868625781995746,-126.23798162456849,False,127.10100000000057,-0.07085504798010414,-1.1550922926128644,-10.894816140051748,-33.359589942963005,1.1572638888872153,183.51006999997344,0.819225735128891,-1.850247175900535,287.2354692091706,-84.22821572495874
12906510.0,0.2498,0.3547,10.0097,0.0024,0.0071,9.8066,-0.0151,-0.0616,0.0153,40.35,-88.64,-134.39,52.211113,-2.187022,5.17,2,178.04,25 / 25,-0.7766259394979736,0.640113877177779,0.12578331881444427,-298.2127873319916,50.93472158563889,-126.2246542745709,False,127.20000000000073,-0.0831810884956591,-1.1859754199128105,-10.901561481261128,-33.46967292007792,1.1888888888877267,184.01199999998155,0.6934448510023146,-1.8260892970905895,287.31122585073047,-84.40439450571681
12906609.0,0.4842,0.1652,9.6919,-0.0078,0.0025,9.8066,-0.0199,-0.0177,0.016,42.12,-88.66,-132.45,52.211113,-2.187022,5.17,2,178.04,25 / 25,-0.68831163521465,0.571173112023991,0.11063104349228371,-298.28530174194,50.994680291604475,-126.2129517636367,False,127.29900000000089,-0.05690231395068712,-1.1699031293309965,-10.908306822443691,-33.59076419469383,1.1712888888892512,182.78440000002524,0.6314093212639629,-1.7410762413549876,287.37699491949627,-84.58544448629831
12906710.0,0.2675,-0.2161,9.8562,-0.0017,0.0072,9.8066,0.0174,-0.0469,0.0232,43.48,-88.69,-131.25,52.211113,-2.187022,5.17,2,178.04,25 / 25,-0.6290085094974838,0.49564587850194697,0.09123767696847587,-298.3518264092471,51.04855465062537,-126.20275739325355,False,127.39999999999964,-0.10736743907533748,-1.148882849087892,-10.928815384947228,-33.703182265966554,1.153888888889202,185.33899999995333,0.5216410704221462,-1.6445287275898388,287.42301102429985,-84.75173691659192
12906810.0,-0.2545,-0.1461,10.1991,-0.01,-0.0067,9.8066,-0.0019,-0.0331,0.0314,46.52,-88.67,-128.12,52.211113,-2.187022,5.17,2,178.04,25 / 25,-0.7161750231294444,0.5246983038313067,0.11333767696855629,-298.4190855858787,51.09957185974222,-126.19252862555666,False,127.5,-0.038824271702239684,-1.1373931261695118,-10.9288153849476,-33.81437719234548,1.1380555555555556,181.955,0.6773507514272047,-1.6620914300008185,287.4902702009311,-84.9139490520877
12906911.0,-0.0585,-0.301,10.1138,-0.006,0.0011,9.8066,0.0536,-0.0444,0.0317,49.45,-88.61,-125.27,52.211113,-2.187022,5.17,2,178.04,25 / 25,-0.695021168723718,0.4823974640617044,0.1263673554234416,-298.4903509935677,51.150430196021105,-126.18042352142079,False,127.60100000000057,-0.1532442302868549,-1.2224812126457432,-10.956001153901576,-33.938137145884156,1.232080555550477,187.1481200002089,0.5417769384368631,-1.7048786767074475,287.5343498396661,-85.08856734190526
12907010.0,0.0342,-0.3813,10.1491,-0.0009,-0.0074,9.8066,0.0302,-0.0468,-0.0028,51.51,-88.64,-123.41,52.211113,-2.187022,5.17,2,178.04,25 / 25,-0.6734403287013715,0.4337176257193868,0.1347441721099696,-298.5580898376903,51.195777892965346,-126.16749850080787,False,127.70000000000073,-0.07413405982855041,-1.325984803761211,-10.9492558126922,-34.08124501550332,1.328055555552029,183.20000000014508,0.5993062688728211,-1.7597024294805979,287.60883402499815,-85.27702290846867
12907110.0,0.4032,0.0662,9.4414,0.0013,-0.0031,9.8066,0.0341,-0.0231,0.0138,51.07,-88.66,-123.63,52.211113,-2.187022,5.17,2,178.04,25 / 25,-0.7424167291419914,0.456823596979599,0.13360417210996556,-298.62888269058277,51.24030495410046,-126.15408108359682,False,127.80000000000109,-0.11001695910983536,-1.3134560199106569,-10.969696240517194,-34.20355943572339,1.3180555555557374,184.78799999997113,0.6323997700321561,-1.770279616890256,287.6591864500656,-85.44386438982386
12907210.0,0.2911,-0.3585,9.9916,-0.0009,-0.0051,9.8066,0.0136,-0.0581,-0.0018,52.56,-88.7,-122.32,52.211113,-2.187022,5.17,2,178.04,25 / 25,-0.6820851017257105,0.400620879276263,0.10590079629358227,-298.70010778212514,51.28317717791263,-126.14210583517682,False,127.89999999999964,-0.11130425352480679,-1.3593396427602555,-10.983323192346885,-34.348112840083694,1.3638888888880552,184.68100000000194,0.5707808482009037,-1.7599605220365184,287.7167845897783,-85.63129001799632
12907310.0,0.2056,-0.2618,9.8834,-0.0016,-0.001,9.8066,0.0186,-0.0494,-0.0052,54.4,-88.7,-120.51,52.211113,-2.187022,5.17,2,178.04,25 / 25,-0.6464438595539427,0.3525352227427121,0.10113792684958543,-298.7665342301894,51.32083498301371,-126.13175389901963,False,128.0,-0.08225384761919796,-1.4707572791949475,-10.990136668289006,-34.50378573757984,1.4730555555555556,183.201,0.5641900119347447,-1.8232925019376596,287.7763975619004,-85.82462072059354
