time,acc_x,acc_y,acc_z,grav_x,grav_y,grav_z,gyro_yaw,gyro_pitch,gyro_roll,orient_yaw,orient_pitch,orient_roll,gps_lat,gps_lon,gps_speed,gps_accuracy,gps_orient,gps_sats,ins_vel_x,ins_vel_y,ins_vel_z,ins_pos_x,ins_pos_y,ins_pos_z,ins_is_reset,_t_sec,true_vel_x,true_vel_y,true_pos_x,true_pos_y,true_speed_ms,true_heading,err_vel_x,err_vel_y,err_pos_x,err_pos_y
13365410.0,-1.399,3.8243,10.2656,-0.0212,0.01,9.8066,0.047,-0.3425,0.065,72.68,-83.67,-155.04,52.203125,-2.197729,8.87,2,244.31,21 / 21,-8.434430432838065,-3.5422173452720154,0.0,0.0,0.0,0.0,False,0.0,-8.434430432838065,-3.5422173452720154,0.0,0.0,9.148055555555555,247.219,0.0,0.0,0.0,0.0
13365510.0,-2.431,3.1283,10.2752,-0.0209,-0.0285,9.8066,0.0326,-0.3397,0.1064,72.81,-83.37,-155.5,52.203125,-2.197729,8.87,2,244.31,21 / 21,-8.193343163798406,-3.238834799805785,0.04637500000016872,-0.8313886798348482,-0.3390526072551235,0.0023187500000168716,False,0.1000000000003638,-8.501643992581563,-3.611535974228773,-0.8518420047519338,-0.3669432578283003,9.236944444444102,246.984000000002,-0.3083008287831568,-0.3727011744229882,-0.020453324917085625,-0.0278906505731768
13365610.0,-0.6225,1.6089,9.186,-0.0034,-0.0116,9.8066,0.0841,-0.3966,0.076,72.56,-83.23,-155.62,52.203125,-2.197729,8.87,2,244.31,21 / 21,-8.046575335321279,-3.005388408714047,0.0387700000001411,-1.6433846047937863,-0.6512637676822509,0.00657600000004785,False,0.2000000000007276,-8.491162572696261,-3.587855402518749,-1.696869273531526,-0.7227670239376215,9.218055555557406,247.09400000005283,-0.4445872373749822,-0.5824669938047018,-0.053484668737739716,-0.07150325625537057
13365710.0,-2.0602,1.6326,9.1436,0.007,-0.0123,9.8066,-0.0559,-0.3776,0.128,78.37,-83.13,-156.4,52.203125,-2.197729,8.87,2,244.31,21 / 21,-7.95320244363459,-2.8153264702775567,-0.02541499999892486,-2.4433734937299385,-0.942299511627596,0.007243750000098945,False,0.2999999999992724,-8.626661612113228,-3.3901343136553828,-2.5623407503409417,-1.0563518037513755,9.26888888888704,248.54599999994716,-0.6734591684786384,-0.5748078433778261,-0.11896725661100316,-0.11405229212377954
13365810.0,-1.3801,0.9305,9.8578,0.0484,-0.0153,9.8064,-0.0609,-0.4104,0.2121,79.31,-83.16,-155.43,52.203125,-2.197729,8.87,2,244.31,21 / 21,-7.893200227676236,-2.6006812636977092,-0.05600999999903618,-3.235693627298362,-1.2130998983273444,0.003172500000186082,False,0.3999999999996362,-8.595745638103631,-3.4469313798465193,-3.4209974911477357,-1.4010560767280826,9.261111111111253,248.14900000000722,-0.7025454104273949,-0.8462501161488101,-0.18530386384937358,-0.1879561784007382
13365910.0,-0.2203,3.7224,9.9678,-0.0032,0.0016,9.8066,-0.0043,-0.4725,-0.0038,87.26,-83.46,-155.2,52.203125,-2.197729,8.87,2,244.31,21 / 21,-7.705220530647631,-2.481117320615231,-0.04539499999899752,-4.0156146652173925,-1.467189827543916,-0.0018977499997340488,False,0.5,-8.649224866967542,-3.329829272124098,-4.2864689680357415,-1.7235213627322388,9.268055555555556,248.944,-0.9440043363199102,-0.848711951508867,-0.270854302818349,-0.25633153518832286
13366010.0,0.8505,1.1417,10.0715,-0.006,-0.0252,9.8066,0.0302,-0.3466,-0.0807,85.63,-83.49,-158.5,52.203125,-2.197729,8.87,2,244.31,21 / 21,-7.488739505948044,-2.474349232395421,-0.024094999998919935,-4.77531266704994,-1.71496315519535,-0.005372249999642562,False,0.6000000000003638,-8.813832505705292,-3.249846922269652,-5.1723846530332755,-2.0459866508577575,9.393888888890112,249.76000000001497,-1.3250929997572483,-0.7754976898742312,-0.3970719859833354,-0.33102349566240763
13366110.0,-2.0601,1.7619,10.2212,-0.0009,-0.0634,9.8064,0.0895,-0.3512,0.1616,87.34,-83.35,-162.06,52.203125,-2.197729,8.87,2,244.31,21 / 21,-7.374401728058982,-2.3804783444700055,0.009875000001203702,-5.518469728752995,-1.9577045340395043,-0.00608324999953096,False,0.7000000000007276,-8.923056438208524,-3.1451052855614408,-6.065115074057834,-2.3573324458492464,9.461111111107545,250.58400000004548,-1.5486547101495427,-0.7646269410914353,-0.5466453453048388,-0.3996279118097421
13366210.0,0.0862,0.476,9.466,0.0076,-0.02,9.8066,0.0404,-0.0806,-0.0266,83.34,-83.0,-163.35,52.203125,-2.197729,8.87,2,244.31,21 / 21,-7.296561878638693,-2.250673872337011,0.013570000001149937,-6.252017909077205,-2.1892621448764853,-0.004910999999430337,False,0.7999999999992724,-8.896374907829932,-2.91913049311246,-6.951030758947579,-2.6353197614176103,9.363055555559123,251.83399999995453,-1.599813029191239,-0.6684566207754492,-0.6990128498703738,-0.44605761654112497
13366309.0,0.9801,-1.0721,10.0823,0.0244,-0.0004,9.8066,0.1114,-0.1686,-0.1423,77.45,-83.06,-165.72,52.203125,-2.197729,8.87,2,244.31,21 / 21,-7.345093378297861,-2.2895913312773675,0.010352500001144758,-6.976779844296736,-2.4140052724557606,-0.003726836249314835,False,0.8989999999994325,-8.931331374331261,-2.8204031891090886,-7.834833875760103,-2.921535502756276,9.366080555555493,252.4745299999868,-1.5862379960334003,-0.5308118578317211,-0.8580540314633671,-0.5075302303005156
13366409.0,-1.0088,-1.4475,8.6642,-0.0141,0.0198,9.8066,-0.0225,0.2642,-0.3425,73.43,-82.97,-169.68,52.203125,-2.197729,8.87,2,244.31,21 / 21,-7.5037880086354845,-2.302463487405894,-0.03298749999901289,-7.719223913646104,-2.643608013390759,-0.004858586249212359,False,0.9989999999997963,-8.871727847654853,-2.755037101338681,-8.71407111945094,-3.199634013988801,9.289661111111279,252.7482999999994,-1.3679398390193684,-0.4525736139327874,-0.9948472058048363,-0.5560260005980417
13366510.0,0.6974,-2.0835,10.5065,0.0293,-0.0184,9.8065,-0.065,0.1746,-0.2276,66.74,-83.09,-173.94,52.203125,-2.197729,8.87,2,244.31,21 / 21,-7.706330922561243,-2.3325303949446834,-0.05533879999913842,-8.487334919675854,-2.8776752044507785,-0.009319064399144063,False,1.1000000000003638,-9.003775938151646,-2.5576588622398,-9.62240728602219,-3.447042726175846,9.360000000001838,254.14200000003717,-1.2974450155904034,-0.2251284672951166,-1.1350723663463356,-0.5693675217250673
13366610.0,-1.2602,0.0851,11.9447,-0.0514,-0.0604,9.8063,-0.0728,0.1352,-0.0907,65.8,-82.86,179.92,52.203125,-2.197729,8.87,2,244.31,21 / 21,-7.8460897707728545,-2.3331185791287394,0.08655620000137786,-9.264955954345389,-3.1109576531552983,-0.007758194399026413,False,1.2000000000007276,-9.187418184533675,-2.2591968837039653,-10.549211387238659,-3.669432579639398,9.461111111113983,256.1850000000943,-1.3413284137608201,0.07392169542477411,-1.2842554328932696,-0.5584749264840996
13366710.0,2.0751,-3.6363,9.8885,-0.0482,-0.0331,9.8064,0.0773,0.2181,-0.0956,60.69,-82.51,177.89,52.203125,-2.197729,8.87,2,244.31,21 / 21,-8.012279589459851,-2.44193191498721,0.19755119999976273,-10.057874422345487,-3.3497101778576215,0.006447175600823901,False,1.2999999999992724,-9.357567587881588,-1.8567522285341367,-11.489644960450985,-3.847344462678282,9.53999999999713,258.7769999999057,-1.3452879984217372,0.5851796864530732,-1.4317705381054981,-0.4976342848206605
13366810.0,-0.5318,-0.8547,10.2124,-0.0098,-0.0372,9.8065,0.1485,-0.2224,0.1873,61.5,-81.9,177.5,52.203125,-2.197729,8.87,2,244.31,21 / 21,-8.207204683049213,-2.608353168282202,0.22193119999985153,-10.86884863597389,-3.6022244320220107,0.027421295600880916,False,1.3999999999996362,-9.483581529981436,-1.5960268831374653,-12.43689326977599,-4.003017359468119,9.616944444443044,260.44699999996965,-1.276376846932223,1.0123262851447368,-1.5680446338020992,-0.4007929274461084
13366910.0,-0.0797,0.4814,10.2258,-0.0338,0.0084,9.8065,0.0293,0.0298,-0.0756,60.91,-81.38,177.61,52.203125,-2.197729,8.87,2,244.31,21 / 21,-8.27526641281798,-2.5800412462942677,0.26317620000000164,-11.692972190770249,-3.861644152751778,0.05167666560096182,False,1.5,-9.459687582226763,-1.6353320294865983,-13.384141579101243,-4.158690256257147,9.6,260.192,-1.1844211694087843,0.9447092168076694,-1.6911693883309944,-0.2970461035053691
13367011.0,0.2138,1.1038,9.9529,0.0447,-0.0051,9.8065,0.0654,-0.283,0.1799,56.58,-81.32,177.42,52.203125,-2.197729,8.87,2,244.31,21 / 21,-8.241169782443169,-2.534378717456663,0.2917289000001621,-12.527052218635623,-4.119922360922652,0.07969937315112754,False,1.6010000000005675,-9.529960408044538,-1.5166326640811203,-14.3476771076031,-4.316031078360578,9.649899999999796,260.95755999998073,-1.2887906256013686,1.017746053375543,-1.8206248889674779,-0.19610871743792657
13367110.0,0.4214,-0.7241,11.2801,0.0381,0.0112,9.8065,0.1343,0.0441,0.0802,55.8,-81.56,177.17,52.203125,-2.197729,8.87,2,244.31,21 / 21,-8.244940443760738,-2.5437017378355375,0.37190405000029175,-13.343114674834036,-4.371287343460022,0.11254920417620312,False,1.7000000000007276,-9.494217948115026,-1.6701573440308277,-15.285452933833952,-4.48115554438307,9.640000000006731,260.0229999999849,-1.2492775043542874,0.8735443938047098,-1.942338258999916,-0.1098682009230485
13367210.0,1.7601,-4.8597,8.9474,0.0258,-0.0228,9.8066,0.0426,-0.3204,0.2669,49.4,-81.5,176.98,52.203125,-2.197729,8.87,2,244.31,21 / 21,-8.428220559144526,-2.8019201808294136,0.4026140499998449,-14.176772724967167,-4.63856843938938,0.1512751091756464,False,1.7999999999992724,-9.663806314805065,-1.7724199586444807,-16.253145451153383,-4.647947934289947,9.824999999993269,259.60700000001515,-1.235585755660539,1.029500222184933,-2.076372726186216,-0.009379494900566776
13367310.0,-0.8959,-1.6935,12.099,0.0373,0.0281,9.8064,0.2337,-0.1151,0.1238,51.74,-81.43,178.8,52.203125,-2.197729,8.87,2,244.31,21 / 22,-8.687812676624015,-3.040964915012897,0.47426905000010566,-15.032574386758707,-4.930712694182558,0.19511926417580344,False,1.8999999999996362,-9.642711750243341,-1.8249726642280681,-17.214023232587863,-4.8258598173446074,9.81388888888909,259.2830000000059,-0.9548990736193268,1.2159922507848286,-2.1814488458291557,0.10485287683795086
13367410.0,1.752,-1.8468,9.4922,-0.0533,-0.0449,9.8063,-0.2587,-0.0894,0.0368,53.62,-81.24,-179.93,52.203125,-2.197729,8.87,2,244.31,21 / 22,-8.842429258010128,-3.1789561402522803,0.5731640500004656,-15.909086483493603,-5.241708746946949,0.24749091917602253,False,2.0,-9.566045589121602,-2.1105839684982244,-18.168086277967728,-5.0482496701016455,9.796111111111111,257.558,-0.723616331111474,1.068372171754056,-2.258999794474125,0.19345907684530328
13367510.0,0.2921,0.879,8.3088,0.0259,-0.0546,9.8064,-0.0357,-0.1216,0.2183,55.35,-80.8,178.85,52.203125,-2.197729,8.87,2,244.31,21 / 22,-8.858199034120776,-3.2855188037379373,0.482549050000136,-16.79411789810337,-5.5649324941476355,0.30027657417624465,False,2.100000000000364,-9.656408572407212,-1.8759662805704744,-19.13577879540214,-5.2261615524499945,9.836944444445026,259.00599999997576,-0.7982095382864358,1.4095525231674628,-2.3416608972987696,0.338770941697641
13367610.0,2.6519,-4.1995,11.7879,-0.0495,0.0087,9.8065,-0.0127,0.4882,-0.313,49.56,-80.81,178.72,52.203125,-2.197729,8.87,2,244.31,21 / 22,-8.925521816375435,-3.5052503130323163,0.506719050000224,-17.683303940631415,-5.904470949987384,0.3497399791764426,False,2.2000000000007276,-9.641435962260871,-2.1065802825570494,-20.096656576836615,-5.437431913489469,9.868888888888929,257.67499999999944,-0.7159141458854368,1.3986700304752668,-2.4133526362052002,0.4670390364979147
13367710.0,0.3055,1.6487,10.3322,-0.0371,-0.0543,9.8064,-0.0671,-0.2318,0.0471,49.98,-80.51,178.2,52.203125,-2.197729,8.87,2,244.31,21 / 22,-8.964563909937414,-3.698423819785712,0.6320590499984001,-18.57780822693404,-6.264654656623044,0.40667888417554526,False,2.2999999999992724,-9.641969571113211,-2.1093417906366168,-21.064349094183143,-5.648702274509728,9.869999999999958,257.6600000000006,-0.677405661175797,1.5890820291490955,-2.4865408672491043,0.6159523821133162
13367810.0,-1.7534,4.8547,7.6193,0.0108,0.023,9.8066,0.2148,0.9856,-0.0378,51.5,-80.42,-179.8,52.203125,-2.197729,8.87,2,244.31,21 / 22,-8.794361332834336,-3.434117310069884,0.5489690499980979,-19.465754489075856,-6.6212817131171215,0.465730289175585,False,2.399999999999636,-9.695830085604232,-2.261642634867505,-22.032041611644768,-5.882211619692462,9.956111111109545,256.8700000000144,-0.9014687527698957,1.1724746752023791,-2.5662871225689123,0.7390700934246599
13367910.0,-0.4217,0.0101,10.0193,-0.0774,0.0611,9.8061,-0.0447,0.3234,-0.6146,55.97,-79.71,-177.56,52.203125,-2.197729,8.87,2,244.31,21 / 22,-8.708244192775462,-3.1913816399054595,0.45023404999773875,-20.34088476535953,-6.952556660617094,0.5156904441755586,False,2.5,-9.587647013515854,-2.3097560411284066,-22.986104656997664,-6.1046014731578335,9.861944444444445,256.455,-0.8794028207403919,0.8816255987770529,-2.645219891638135,0.8479551874592604
13368010.0,-3.7327,7.3382,9.3819,-0.0706,0.0725,9.806,-0.058,0.5383,-0.2574,49.78,-79.6,179.65,52.203125,-2.197729,8.87,2,244.31,21 / 22,-8.59791880486667,-2.7895042184865506,0.4396290499977002,-21.206192915244785,-7.251600953537782,0.5601835991754924,False,2.600000000000364,-9.62735349851286,-2.2641034902739854,-23.946982438431775,-6.338110819756427,9.890000000000018,256.7659999999673,-1.0294346936461913,0.5254007282125652,-2.74078952318699,0.9134901337813552
13368110.0,3.3984,-6.4002,10.0577,-0.0395,0.0804,9.8062,0.0268,1.0823,-0.7545,57.65,-79.63,-176.28,52.203125,-2.197729,8.87,2,244.31,21 / 22,-8.655525750955984,-2.7196141798399975,0.43094404999766867,-22.068865143039055,-7.527056873455112,0.6037122541754192,False,2.7000000000007276,-9.552603629601576,-2.565510262717093,-24.901045483812013,-6.593859150497874,9.891111111113112,254.96700000004083,-0.8970778786455913,0.1541039171229044,-2.8321803407729575,0.9331977229572379
13368211.0,-4.632,-0.2238,11.0848,-0.0956,0.0828,9.8058,0.1833,0.366,-0.5999,54.07,-79.63,-179.25,52.203125,-2.197729,8.87,2,244.31,21 / 22,-9.021211134150557,-2.8480342231740727,0.5081686499967119,-22.961540355725873,-7.808223117803839,0.6511374455245478,False,2.800999999999476,-9.654475062078967,-2.3906040694470936,-25.878414926334816,-6.829703589819804,9.946050000000207,256.09237999998845,-0.6332639279284109,0.45743015372697915,-2.916874570608943,0.9785195279840346
13368310.0,1.7886,-4.5647,10.252,-0.0527,0.0573,9.8063,-0.0612,0.7116,-0.381,57.04,-79.37,-177.69,52.203125,-2.197729,8.87,2,244.31,21 / 22,-9.343486804021056,-2.8596913713083003,0.5934818999968499,-23.87059290366684,-8.090755534731173,0.7056691477493172,False,2.899999999999636,-9.662392705603102,-2.3327595681317272,-26.83643051859307,-7.060877841551044,9.940000000000111,256.4269999999939,-0.31890590158204546,0.5269318031765731,-2.9658376149262295,1.0298776931801292
13368410.0,-0.0904,-0.7655,8.8997,0.0409,0.0061,9.8065,0.075,-0.2069,0.2301,56.96,-79.71,-178.97,52.203125,-2.197729,8.87,2,244.31,21 / 22,-9.558442349811685,-3.0685622396179832,0.5704018999967659,-24.815689361361915,-8.387168215278566,0.7638633377492097,False,3.0,-9.642086497504737,-2.5435887988673116,-27.797308300027424,-7.316626173707541,9.971944444444444,255.222,-0.08364414769305206,0.5249734407506716,-2.981618938665509,1.0705420415710245
13368510.0,1.364,-5.2913,9.2852,-0.0199,0.0338,9.8065,0.0804,0.2418,-0.2097,59.15,-79.67,-178.05,52.203125,-2.197729,8.87,2,244.31,21 / 22,-9.82256211606639,-3.2717534186472634,0.4989818999965061,-25.784739584659345,-8.704183998192981,0.8173325277490678,False,3.100000000000364,-9.6930387637931,-2.371333586907642,-28.765000817489057,-7.550135519598406,9.97888888888898,256.25299999999777,0.12952335227329037,0.9004198317396215,-2.9802612328297116,1.154048478594575
13368610.0,-0.4706,2.4112,8.2945,0.0519,0.0006,9.8065,0.1665,-0.3564,0.3033,56.95,-79.72,-178.96,52.203125,-2.197729,8.87,2,244.31,21 / 22,-9.963912345959676,-3.372395863468083,0.3973018999961362,-26.774063307764248,-9.036391462299957,0.862146717748863,False,3.2000000000007276,-9.692779970719124,-2.393335284670557,-29.73269333492309,-7.783644865489676,9.983888888886089,256.12999999998425,0.2711323752405512,0.979060578797526,-2.9586300271588435,1.2527465968102804
13368711.0,-2.3433,3.2858,11.1895,0.011,0.0627,9.8064,0.1969,-0.0308,-0.0912,59.04,-79.62,-177.73,52.203125,-2.197729,8.87,2,244.31,21 / 22,-9.831188173459955,-3.09108195999371,0.3907722499962172,-27.773715883982554,-9.362797092380733,0.9019444623229838,False,3.300999999999476,-9.600362717694686,-2.4480285428800546,-30.69636515803181,-8.030831187805916,9.90756388888677,255.69482000000747,0.23082545576526847,0.6430534171136553,-2.922649274049256,1.3319659045748171
13368810.0,-0.1121,3.6842,8.8698,0.04,-0.0161,9.8065,0.0098,-0.4834,0.4038,58.68,-79.54,-177.8,52.203125,-2.197729,8.87,2,244.31,21 / 22,-9.635403048996343,-2.799858467203153,0.41284924999625294,-28.7373121494957,-9.654398643527449,0.9417237265726753,False,3.399999999999636,-9.650440771117887,-2.499547679508326,-31.647634161622953,-8.284022035940486,9.968888888887763,255.479000000004,-0.015037722121544306,0.3003107876948272,-2.910322012127253,1.3703766075869623
13368910.0,1.2592,2.4123,9.265,0.0108,0.029,9.8066,0.0409,-0.2654,-0.0341,61.01,-79.62,-177.11,52.203125,-2.197729,8.87,2,244.31,21 / 22,-9.382071184732986,-2.686659143184423,0.3389242499959841,-29.688185861185627,-9.928724524047826,0.9793124015724239,False,3.5,-9.627846506466812,-2.499254974743275,-32.60851194305718,-8.528650874257249,9.946944444444444,255.448,-0.24577532173382544,0.18740416844114804,-2.920326081871554,1.4000736497905777
13369010.0,1.0598,-0.9783,12.3206,-0.0325,-0.0107,9.8066,-0.1281,-0.227,-0.0846,59.1,-79.49,-177.51,52.203125,-2.197729,8.87,2,244.31,21 / 22,-9.297920174337133,-2.7444556352934684,0.43753924999634297,-30.62218542914253,-10.20028026297271,1.0181355765721816,False,3.600000000000364,-9.726131528038191,-2.421571425551056,-33.58301919651899,-8.77327971328093,10.0230555555551,256.0190000000046,-0.4282113537010588,0.3228842097424125,-2.96083376737646,1.4270005496917797
13369110.0,-2.057,4.5099,7.9254,-0.0117,-0.0954,9.8061,-0.1497,-0.5342,0.3713,58.45,-79.45,-179.0,52.203125,-2.197729,8.87,2,244.31,21 / 22,-9.21164336254532,-2.6008321550376534,0.4691742499964581,-31.547663605990017,-10.467544652490238,1.0634712515719866,False,3.7000000000007276,-9.712485141741967,-2.3724981060911188,-34.55071171398062,-9.006789058464877,9.99805555555501,256.2729999999958,-0.5008417791966462,0.22833404894653464,-3.003048107990601,1.4607555940253611
13369210.0,1.4108,-3.1832,11.3847,0.0148,0.0212,9.8066,0.2176,0.1595,-0.1434,56.37,-79.44,-178.12,52.203125,-2.197729,8.87,2,244.31,21 / 22,-9.204249610936946,-2.5343933461205714,0.45401424999667883,-32.468458254650734,-10.724305927544412,1.1096306765709718,False,3.7999999999992724,-9.693139284887174,-2.3883988421317914,-35.51840423132714,-9.251417897466512,9.983055555556101,256.1580000000042,-0.48888967395022753,0.14599450398878,-3.0499459766764048,1.4728880300779004
13369310.0,0.4208,-0.4384,10.8725,0.0249,-0.046,9.8065,0.0006,-0.4512,0.1889,55.27,-79.49,-178.94,52.203125,-2.197729,8.87,2,244.31,22 / 23,-9.34143499143326,-2.7044125512236126,0.5862092499971598,-33.39574248477262,-10.986246222412575,1.1616418515708529,False,3.899999999999636,-9.788409282916092,-2.224770335679869,-36.492911484843006,-9.462688258507201,10.038055555554555,257.1949999999811,-0.44697429148283163,0.4796422155437434,-3.0971690000703873,1.5235579639053736
13369410.0,2.5006,-3.3156,9.9979,0.0279,0.042,9.8065,0.1199,0.2985,-0.2433,58.15,-79.48,-179.2,52.203125,-2.197729,8.87,2,244.31,22 / 23,-9.459888843323087,-2.9206540634334632,0.6490642499973885,-34.33580867651386,-11.267499553146452,1.223405526570805,False,4.0,-9.745125723328753,-2.28749308993847,-37.46741873830494,-9.696197603690337,10.01,256.79,-0.28523688000566594,0.6331609734949932,-3.1316100617910863,1.5713019494561156
13369509.0,0.0375,3.5785,10.0013,0.0111,-0.0531,9.8064,0.0819,-0.3023,0.163,54.54,-79.47,179.97,52.203125,-2.197729,8.87,2,244.31,22 / 23,-9.425870744654807,-3.0042391102621817,0.6681662999974195,-35.27065377612028,-11.560781765244862,1.2886084387956536,False,4.09900000000016,-9.868824835269727,-2.235703853000403,-38.445674096644986,-9.91636355862041,10.118900000001762,257.2355000000072,-0.4429540906149203,0.7685352572617785,-3.175020320524709,1.6444182066244508
13369610.0,-0.2804,1.1396,9.1145,0.0213,0.0356,9.8065,0.0782,0.1823,-0.17,57.75,-79.6,-179.33,52.203125,-2.197729,8.87,2,244.31,22 / 23,-9.274489031073331,-2.851336564863728,0.6430425499972784,-36.21502194479985,-11.856488336840382,1.3548244857207579,False,4.200000000000728,-9.80535647243385,-2.125367786854315,-39.430062717338025,-10.118738324355045,10.033055555557262,257.7699999999938,-0.5308674413605186,0.7259687780094133,-3.215040772538174,1.7377500124853373
13369709.0,-1.2568,1.6545,9.9323,0.0136,-0.021,9.8066,0.0261,-0.065,0.0744,60.12,-79.48,-179.76,52.203125,-2.197729,8.87,2,244.31,22 / 23,-9.231076515862767,-2.706162437475316,0.6150007999972331,-37.13104743937467,-12.13158453745661,1.4170976315455868,False,4.299000000000888,-9.844424162761658,-2.164310561316772,-40.4083180756069,-10.338904280669599,10.079530555554632,257.60071000000335,-0.613347646898891,0.5418518761585438,-3.277270636232231,1.7926802567870102
13369810.0,0.8319,0.0976,9.7244,0.009,0.0219,9.8065,-0.0062,0.2181,-0.1599,60.11,-79.48,-179.77,52.203125,-2.197729,8.87,2,244.31,22 / 23,-9.202513094211918,-2.63393161655319,0.6171924999972059,-38.061943714671905,-12.401259287181707,1.4793233931945349,False,4.399999999999636,-9.846690559899047,-2.0996256064718715,-41.399521432389925,-10.552398538839869,10.068055555555771,257.96299999999343,-0.6441774656871289,0.5343060100813184,-3.3375777177180197,1.8488607483418384
13369909.0,0.652,-2.2084,10.4355,-0.0032,-0.0087,9.8066,0.0001,0.0866,-0.0694,59.82,-79.63,-179.76,52.203125,-2.197729,8.87,2,244.31,22 / 23,-9.292831125017043,-2.740823739634219,0.6442491999972497,-38.97746325352522,-12.667309677313414,1.5417647573443614,False,4.498999999999796,-9.923162842343608,-2.1482222132704822,-42.37777679070302,-10.761556196268524,10.15303055555537,257.7848000000004,-0.6303317173265643,0.5926015263637368,-3.4003135371777944,1.90575348104489
13370010.0,1.2594,0.8809,9.8218,-0.0003,0.0311,9.8065,0.0472,0.152,-0.1326,56.34,-79.6,179.51,52.203125,-2.197729,8.87,2,244.31,22 / 23,-9.338177498065727,-2.8454309528628303,0.6767711999974325,-39.91832918899619,-12.9494155392861,1.6084762875444676,False,4.600000000000364,-9.964299624418835,-2.000107802121428,-43.38942435558616,-10.952700274653386,10.163055555555157,258.6499999999888,-0.626122126353108,0.8453231507414025,-3.4710951665899685,1.996715264632714
13370109.0,1.7964,-0.3028,9.5776,-0.0133,0.006,9.8066,-0.0125,0.1644,-0.1177,58.93,-79.58,179.91,52.203125,-2.197729,8.87,2,244.31,22 / 23,-9.271368614604796,-2.949298843782413,0.6661831499974155,-40.83950172157487,-13.236254664220503,1.67495252786932,False,4.699000000000524,-9.921188405094478,-2.1015442247941163,-44.36767971387256,-11.172866229583459,10.141330555554806,258.0401599999789,-0.6498197904896816,0.8477546189882967,-3.5281779922976924,2.0633884346370444
13370210.0,0.6943,1.3363,11.0616,-0.0221,-0.0095,9.8065,-0.2117,-0.0113,0.0896,61.24,-79.62,179.67,52.203125,-2.197729,8.87,2,244.31,22 / 23,-9.199088921267153,-3.0236422581927584,0.7179910999967736,-41.77225982712485,-13.537888189866512,1.7448533274931604,False,4.799999999999272,-9.88850202237991,-2.0161523809418243,-45.358883070583985,-11.375240996006,10.091944444446234,258.4759999999839,-0.6894131011127573,1.0074898772509342,-3.5866232434591367,2.162647193860513
13370309.0,1.1934,-2.5202,10.1342,-0.0158,0.0094,9.8065,-0.0934,0.2455,-0.0304,62.13,-79.81,-179.25,52.203125,-2.197729,8.87,2,244.31,22 / 22,-9.243690260350444,-3.1221275229848517,0.7963248499969003,-42.685177396616396,-13.842103794035296,1.8198119670179684,False,4.8989999999994325,-9.972357028781348,-2.0657578717461034,-46.34388501756383,-11.57339035523299,10.184069444442548,258.2968100000037,-0.7286667684309034,1.0563696512387484,-3.658707620947432,2.2687134388023065
13370410.0,0.0701,1.8377,10.1477,-0.0158,-0.02,9.8066,-0.0932,-0.2701,0.17,60.78,-79.89,-178.6,52.203125,-2.197729,8.87,2,244.31,22 / 22,-9.282538918562357,-3.182270231118773,0.8300891499970902,-43.620751970156746,-14.160475880619318,1.9019458740181265,False,5.0,-10.005663576251372,-2.097036311285975,-47.355600729807364,-11.786662224951726,10.223055555555554,258.163,-0.7231246576890147,1.085233919832798,-3.7348487596506175,2.3738136556675915
13370510.0,0.1684,2.3158,8.9326,-0.0146,0.0057,9.8066,-0.0681,0.0164,-0.0007,58.74,-79.83,-178.12,52.203125,-2.197729,8.87,2,244.31,22 / 22,-9.134438995150074,-3.078370439561671,0.8034391499969933,-44.541600865845716,-14.473507914154478,1.9836222890181279,False,5.100000000000364,-9.989802690703373,-2.004320081958183,-48.35055219143277,-11.986813092858588,10.188888888889,258.65499999998315,-0.855363695553299,1.0740503576034883,-3.808951325587053,2.48669482129589
13370609.0,0.1937,1.118,10.0159,0.0051,-0.0171,9.8066,-0.0103,-0.1713,0.0378,58.26,-79.87,-178.45,52.203125,-2.197729,8.87,2,244.31,22 / 22,-9.016993677634055,-2.996738628107454,0.7705315499969402,-45.44009678314998,-14.774225813004586,2.0615338386679536,False,5.199000000000524,-9.962392313652359,-2.165005845347664,-49.335554138413094,-12.20697904778866,10.194938888889096,257.73924999996837,-0.9453986360183038,0.83173278275979,-3.8954573552631118,2.567246765215925
13370710.0,0.5477,-0.6064,9.9795,0.0104,0.005,9.8066,0.0182,0.0402,-0.0123,60.64,-79.94,-179.15,52.203125,-2.197729,8.87,2,244.31,22 / 22,-7.662353525898104,-2.554567246837463,0.671353459997196,-46.28240381691792,-15.05456675968583,2.1343490316717553,False,5.299999999999272,-10.10555962138137,-1.976038873758215,-50.35408458659294,-12.39823432107879,10.296944444440737,258.9359999999561,-2.4432060954832666,0.5785283730792479,-4.0716807696750195,2.6563324386070395
13370810.0,0.5264,-0.9164,10.4053,0.0007,-0.026,9.8066,-0.1171,-0.1932,0.0671,56.32,-79.92,-179.98,52.203125,-2.197729,8.87,2,244.31,22 / 22,-7.736214457273117,-2.6322338604354596,0.7099284599973363,-47.052332216079286,-15.31390681505042,2.203413127671733,False,5.399999999999636,-10.043143668217013,-2.083308569556348,-51.349036048191735,-12.609504682117455,10.256944444445171,258.28100000001194,-2.3069292109438964,0.5489252908791116,-4.296703832112449,2.704402132932964
13370910.0,0.5819,-0.3798,9.6434,0.0085,-0.0148,9.8066,-0.0544,-0.0546,0.1199,58.36,-80.0,179.57,52.203125,-2.197729,8.87,2,244.31,22 / 22,-7.79816123445594,-2.706639391435241,0.7316984599974156,-47.829051000668564,-15.580850477644926,2.275494473671733,False,5.5,-10.046621580185267,-1.996392230688453,-52.350802245844406,-12.809655550024113,10.243055555555555,258.761,-2.2484603457293266,0.7102471607467882,-4.521751245175842,2.7711949276208134
13371010.0,-0.4209,0.2271,10.2153,0.0112,-0.0122,9.8066,0.0284,-0.1045,0.0522,57.69,-80.03,-179.94,52.203125,-2.197729,8.87,2,244.31,22 / 22,-7.838137814211825,-2.709428286515057,0.7439684599974602,-48.6108659531048,-15.851653861543426,2.3492778196717454,False,5.600000000000364,-10.214489008870077,-1.9451924388195345,-53.37301265160611,-13.00980641793077,10.398055555553114,259.2179999999803,-2.376351194658252,0.7642358476955224,-4.7621466985013114,2.8418474436126555
13371109.0,-0.5069,-0.0967,10.6223,-0.0023,-0.0024,9.8066,0.053,0.0327,-0.0275,64.85,-79.99,179.06,52.203125,-2.197729,8.87,2,244.31,22 / 22,-7.891232227651922,-2.6550612758287637,0.8045713099975582,-49.389469770178316,-16.117196094879873,2.425930538286623,False,5.699000000000524,-10.046297400962533,-2.108670056343356,-54.36476118728037,-13.218964075359427,10.265230555550968,258.145829999963,-2.1550651733106116,0.5463912194854079,-4.975291417102056,2.898232019520446
13371210.0,0.3868,-0.2882,11.0867,0.0421,0.0247,9.8065,0.1571,-0.1175,-0.0693,59.98,-79.96,178.69,52.203125,-2.197729,8.87,2,244.31,22 / 22,-7.946386265655454,-2.6471319132057745,0.9104041599962469,-50.18926950408043,-16.384956850922798,2.512536799520237,False,5.799999999999272,-10.180049833601098,-1.9552096954601157,-55.39017451890173,-13.410108153725682,10.366111111107392,259.12799999996383,-2.2336635679456442,0.6919222177456588,-5.200905014821302,2.9748486971971158
13371310.0,-0.5322,0.9401,10.5326,0.0085,0.0104,9.8066,0.0768,-0.1396,0.039,58.72,-80.19,178.49,52.203125,-2.197729,8.87,2,244.31,22 / 22,-7.960053049525902,-2.6149887229574897,1.010704159996612,-50.98459146984239,-16.648062882731917,2.6085922155202295,False,5.899999999999636,-10.072264466629404,-2.0561829963081233,-56.39194071652791,-13.62137851547167,10.280000000001568,258.4620000000121,-2.1122114171035022,0.5588057266493665,-5.40734924668552,3.0266843672602466
13371410.0,-0.1352,-0.19,10.1037,-0.0148,-0.0124,9.8066,-0.0239,-0.0671,-0.0165,59.5,-80.11,178.54,52.203125,-2.197729,8.87,2,244.31,22 / 23,-6.785187694536366,-2.1743367941120515,0.9025760359972783,-51.72185350704819,-16.887529158586265,2.704256225320272,False,6.0,-10.098617504429686,-1.9695580893001252,-57.39370691420781,-13.821529382671006,10.288888888888888,258.964,-3.3134298098933206,0.20477870481192628,-5.671853407159624,3.065999775915259
13371510.0,0.7821,1.6359,9.5749,-0.0008,-0.0373,9.8065,-0.1122,-0.1417,0.1541,55.13,-80.0,177.88,52.203125,-2.197729,8.87,2,244.31,22 / 23,-6.744829292408454,-2.1510363177486176,0.9058410359972903,-52.39835435639789,-17.103797814180083,2.7946770789203295,False,6.100000000000364,-10.065845775721144,-1.9965601920025717,-58.39547311180666,-14.021680251284582,10.26194444444583,258.781000000007,-3.3210164833126896,0.15447612574604586,-5.997118755408771,3.082117562895501
13371610.0,0.7961,0.3187,10.7911,-0.0015,-0.0057,9.8066,0.0564,0.1455,-0.0368,60.56,-80.09,178.36,52.203125,-2.197729,8.87,2,244.31,22 / 23,-6.659325621439447,-2.155228296065462,0.9434760359974272,-53.06856210209272,-17.31911104487157,2.8871429325204017,False,6.200000000000728,-10.153754932175877,-1.943361378387778,-59.41086878156794,-14.210711625350696,10.338055555552755,259.1650000000014,-3.4944293107364297,0.21186691767768417,-6.342306679475222,3.1083994195208735
13371710.0,0.7655,-0.6099,9.743,-0.0285,-0.0029,9.8066,-0.0351,-0.0466,-0.0611,61.61,-80.0,178.64,52.203125,-2.197729,8.87,2,244.31,22 / 23,-6.671446687025256,-2.2201590862419662,0.9895160359967573,-53.735100717506256,-17.537880413983757,2.9837925361187043,False,6.299999999999272,-10.079425732921319,-1.922388651950712,-60.41263497907544,-14.399743000814265,10.26111111111391,259.20199999999863,-3.407979045896063,0.29777043429125416,-6.6775342615691855,3.138137413169492
13371810.0,1.9551,-0.8777,9.2091,-0.0132,-0.0081,9.8066,-0.1083,-0.0535,-0.0691,62.77,-80.06,178.29,52.203125,-2.197729,8.87,2,244.31,22 / 23,-6.711100645605989,-2.364548476081194,0.9564560359966371,-54.40422808414025,-17.76711579210075,3.081091139718728,False,6.399999999999636,-9.990238905735586,-1.962179926292878,-61.40758644070108,-14.599893869427639,10.181111111112566,258.88800000000566,-3.2791382601295966,0.40236854978831604,-7.003358356560831,3.167221922673111
13371910.0,-1.0042,2.9187,9.1452,0.0069,-0.0499,9.8065,-0.0853,-0.3217,0.2793,58.02,-80.06,177.23,52.203125,-2.197729,8.87,2,244.31,22 / 23,-6.6452211461511075,-2.342049988268346,0.8935060359964082,-55.07204417373053,-18.002445715319084,3.173589243318717,False,6.5,-9.956777629597953,-1.9247633108096762,-62.39572316624503,-14.800044737334094,10.141111111111112,259.059,-3.3115564834468456,0.4172866774586699,-7.323678992514495,3.20240097798499
13372010.0,1.4874,-1.1595,10.6316,0.0205,-0.0418,9.8065,-0.0879,-0.1169,0.2453,60.68,-80.26,176.87,52.203125,-2.197729,8.87,2,244.31,22 / 23,-6.599370775499279,-2.3064540408115928,0.9016810359964381,-55.73427376981546,-18.234870916773925,3.2633485969186857,False,6.600000000000364,-9.981164865952453,-1.837469346045389,-63.390674627843076,-14.977956620389566,10.148888888887328,259.5689999999819,-3.381794090453173,0.46898469476620375,-7.656400858027617,3.256914296384359
13372109.0,-0.0299,-1.8662,8.8582,-0.0208,-0.0196,9.8066,-0.0026,0.0148,0.0549,62.81,-80.33,178.3,52.203125,-2.197729,8.87,2,244.31,22 / 23,-6.732647807668257,-2.4292572181957413,0.8955677859964283,-56.39420868968332,-18.469288624095167,3.3523124136074767,False,6.699000000000524,-9.864691780031047,-1.9924638253168387,-64.36218339748919,-15.176105978916306,10.063913888885953,258.5809799999659,-3.1320439723627898,0.4367933928789025,-7.9679747078058725,3.2931826451788613
13372210.0,-0.6903,0.8538,10.6443,0.0277,-0.0003,9.8065,0.1681,-0.0959,0.1116,59.52,-80.2,178.71,52.203125,-2.197729,8.87,2,244.31,22 / 23,-6.8349661505958075,-2.408842401180453,0.8899723859964976,-57.07937319456716,-18.713612654870637,3.4424821922920024,False,6.799999999999272,-9.865065213559879,-1.898640774083648,-65.35331860681376,-15.367138863051862,10.046111111111726,259.10599999998055,-3.030099062964071,0.5102016270968048,-8.273945412246597,3.3464737918187755
13372310.0,-0.2015,-0.3545,10.2598,-0.0252,0.0303,9.8065,0.0195,0.0261,-0.1591,63.56,-80.17,179.15,52.203125,-2.197729,8.87,2,244.31,22 / 23,-6.872871664893277,-2.3459540955589238,0.9545123859967325,-57.76476508534411,-18.951352479708472,3.5347064308919993,False,6.899999999999636,-9.873120382512534,-1.7158560002688683,-66.34145533238441,-15.533931252974718,10.021111111111566,260.1409999999812,-3.0002487176192565,0.6300980952900554,-8.576690247040304,3.4174212267337545
13372410.0,0.6375,-0.2758,9.9426,0.0,0.0254,9.8066,-0.0065,-0.0327,-0.1,59.07,-80.07,178.12,52.203125,-2.197729,8.87,2,244.31,22 / 22,-6.925540952623265,-2.3690413889693427,0.9839673859968397,-58.45468571622245,-19.187102253935745,3.6316304194920304,False,7.0,-9.774060611183797,-1.9356706742183378,-67.31596258587369,-15.734082120880565,9.963888888888889,258.798,-2.848519658560532,0.43337071475100486,-8.861276869651242,3.4530201330551797
13372510.0,-0.8674,1.6153,9.7186,0.0109,-0.0163,9.8066,-0.0967,-0.1797,0.1502,60.31,-80.24,178.12,52.203125,-2.197729,8.87,2,244.31,22 / 22,-6.909473888818388,-2.3166209001675155,0.9863623859968486,-59.146436458297046,-19.42138536839344,3.730146908092073,False,7.100000000000364,-9.67760490333744,-1.8555564042818495,-68.27684036728108,-15.92311349636072,9.853888888889127,259.14600000001445,-2.768131014519051,0.461064495885666,-9.130403908984036,3.4982718720327206
13372610.0,0.689,-2.4725,10.7576,-0.0032,-0.0561,9.8064,-0.1849,-0.16,0.1611,58.43,-80.45,176.95,52.203125,-2.197729,8.87,2,244.31,22 / 22,-6.985301772449231,-2.3240527039370003,1.0295073859970056,-59.841175241362954,-19.65341904859951,3.8309403966921325,False,7.200000000000728,-9.715213732539889,-1.7237212073665296,-69.25134762076911,-16.078786393150963,9.866944444439573,259.93899999998433,-2.729911960090658,0.6003314965704707,-9.410172379406156,3.5746326554485464
13372710.0,0.6729,0.5112,10.5615,0.0255,-0.0321,9.8065,-0.0796,-0.2151,0.1909,57.94,-80.66,176.94,52.203125,-2.197729,8.87,2,244.31,22 / 22,-7.07047136169174,-2.4248812801289468,1.1147973859957645,-60.54396389805978,-19.890865747799353,3.9381556352902107,False,7.299999999999272,-9.570291268546978,-1.7725392753896776,-70.19859593000821,-16.267817768614528,9.733055555560426,259.5070000000157,-2.4998199068552376,0.6523420047392692,-9.654632031948431,3.6230479791848254
13372809.0,2.1807,2.2308,9.1216,0.0194,-0.0406,9.8065,0.0525,-0.134,0.3267,53.72,-80.74,177.83,52.203125,-2.197729,8.87,2,244.31,22 / 22,-6.915755090797393,-2.454777048257337,1.1182524859957703,-61.23628210745911,-20.132408835054864,4.04869160395397,False,7.3989999999994325,-9.566678343824849,-1.7373565489563545,-71.13637175626515,-16.43294223463783,9.72315555555576,259.7069799999959,-2.6509232530274565,0.7174204993009823,-9.900089648806038,3.6994666004170327
13372910.0,0.1288,1.1987,10.6604,-0.0064,0.0592,9.8064,0.1382,0.1749,-0.1483,57.69,-80.62,179.35,52.203125,-2.197729,8.87,2,244.31,22 / 22,-6.743208552530726,-2.4434050759850363,1.1267718359958183,-61.92605977145106,-20.379767032330495,4.162065332215183,False,7.5,-9.458982490171328,-1.7358775009092862,-72.08627781263145,-16.612522040884926,9.616944444444444,259.601,-2.715773937640602,0.7075275750757501,-10.160218041180393,3.767244991445569
13373010.0,-0.7714,1.1199,9.7386,-0.0094,0.0267,9.8065,0.1096,-0.0648,-0.0298,61.58,-80.38,179.71,52.203125,-2.197729,8.87,2,244.31,22 / 22,-6.6953787013358275,-2.3471108253851236,1.1660568359959613,-62.59798913414683,-20.619292827399875,4.276706765815189,False,7.600000000000364,-9.374036060323048,-1.7170754030453683,-73.01308191390173,-16.790433923939787,9.529999999998964,259.61999999999927,-2.6786573589872207,0.6300354223397553,-10.4150927797549,3.8288589034600875
13373110.0,0.0418,-0.1031,10.3347,0.0207,0.0539,9.8065,0.0241,0.0293,-0.0265,62.73,-80.5,-179.1,52.203125,-2.197729,8.87,2,244.31,22 / 22,-6.704852595052184,-2.279998018088107,1.189056835996045,-63.26800069896867,-20.85064826957438,4.394462449415218,False,7.700000000000728,-9.316769880099175,-1.713645400861093,-73.9467007511446,-16.95722631386224,9.473055555554172,259.57799999998457,-2.6119172850469905,0.5663526172270139,-10.678700052175934,3.893421955712139
13373210.0,1.3675,-0.0811,9.6,0.0234,0.011,9.8066,-0.0665,-0.1313,0.1335,64.5,-80.9,-178.2,52.203125,-2.197729,8.87,2,244.31,22 / 22,-6.719151608939723,-2.3359848262488367,1.2051268359958112,-63.9392009091585,-21.081447411787867,4.514171633013069,False,7.799999999999272,-9.266488813370659,-1.775221133183805,-74.8666901162495,-17.1351381961938,9.435000000001384,259.1550000000154,-2.547337204430936,0.5607636930650317,-10.927489207091,3.9463092155940664
13373310.0,0.7697,-0.4301,9.8928,0.0101,-0.0088,9.8066,-0.0541,-0.1301,0.1307,69.69,-81.01,-177.84,52.203125,-2.197729,8.87,2,244.31,22 / 22,-6.735826748770957,-2.429130256727226,1.1991018359957892,-64.61194982704649,-21.319703165937536,4.634383066613086,False,7.899999999999636,-9.30980011237624,-1.6152780262734725,-75.79349421746524,-17.301930586823573,9.448888888888636,260.15699999998174,-2.573973363605284,0.8138522304537534,-11.18154439041875,4.017772579113963
13373410.0,0.507,0.1425,10.2509,-0.0073,-0.001,9.8066,0.0217,-0.1402,0.0672,69.14,-80.98,-177.55,52.203125,-2.197729,8.87,2,244.31,23 / 23,-6.762038194486909,-2.4785200267185195,1.2256218359958857,-65.28684307421183,-21.565085680110716,4.755619250213111,False,8.0,-9.178334352231152,-1.6754338299836142,-76.70666884657247,-17.468722976038297,9.33,259.655,-2.4162961577442434,0.8030861967349052,-11.419825772360639,4.096362704072419
13373509.0,0.2892,1.3494,9.8526,-0.0166,0.0078,9.8066,0.0086,-0.0295,0.0294,67.3,-80.99,-177.67,52.203125,-2.197729,8.87,2,244.31,23 / 23,-5.707244025802049,-2.1015858735214037,1.0624037255965362,-65.90407254411713,-21.79180092217296,4.8688765155121185,False,8.09900000000016,-9.148555229653832,-1.559325841525268,-77.60396514071945,-17.622839143859125,9.280499999999199,260.3272100000109,-3.4413112038517832,0.5422600319961357,-11.699892596602325,4.168961778313836
13373610.0,0.262,0.0696,10.0698,-0.0074,-0.0042,9.8065,0.1018,-0.1334,0.0657,64.22,-80.8,-177.51,52.203125,-2.197729,8.87,2,244.31,23 / 23,-5.666161250602874,-2.085970960852554,1.078013275596624,-66.4784295105788,-22.003272542310032,4.97696757407298,False,8.200000000000728,-9.040206783325981,-1.696728416027041,-78.51257389675784,-17.791188263457304,9.198055555553402,259.3699999999893,-3.374045532723107,0.389242544825513,-12.034144386179037,4.212084278852728
13373709.0,1.3265,0.6016,10.1226,-0.0097,0.003,9.8066,0.0681,-0.0206,-0.0219,60.87,-80.8,-177.4,52.203125,-2.197729,8.87,2,244.31,23 / 23,-5.63572715319868,-2.1281145161812924,1.1066787255966706,-67.03787298656789,-22.211869773423544,5.085109828132223,False,8.299000000000888,-8.97395610615029,-1.731529589333961,-79.38963042483968,-17.967321027668646,9.139480555556716,259.0789400000058,-3.33822895295161,0.3965849268473314,-12.35175743827179,4.244548745754898
13373810.0,-0.154,0.1433,9.669,-0.0073,-0.0122,9.8066,-0.0367,0.0516,0.0194,64.87,-80.74,-177.07,52.203125,-2.197729,8.87,2,244.31,23 / 23,-4.768736483857121,-1.827841822578186,0.9483304442570752,-67.5632984002327,-22.41164556852842,5.188887791208551,False,8.399999999999636,-8.926111265122595,-1.7387791136665984,-80.2844052666721,-18.14701202884393,9.093888888889708,258.97700000000185,-4.1573747812654736,0.08906270891158763,-12.7211068664394,4.2646335396844925
13373910.0,0.8958,0.3006,9.9957,0.0084,-0.0085,9.8066,0.0242,0.0132,-0.1037,64.63,-80.75,-177.26,52.203125,-2.197729,8.87,2,244.31,23 / 23,-4.768964589500223,-1.8394445068518839,0.9509004442570846,-68.0401834539023,-22.595009885000593,5.283849335634605,False,8.5,-8.856589238426826,-1.634277946819679,-81.1703209516695,-18.3138044194735,9.00611111111111,259.545,-4.087624648926603,0.2051665600322048,-13.130137497767194,4.281205465527094
13374009.0,0.0984,0.1282,9.6584,0.0072,0.0005,9.8066,-0.0954,-0.0204,0.0309,63.94,-80.89,-177.08,52.203125,-2.197729,8.87,2,244.31,23 / 23,-4.76463251273922,-1.862724332558692,0.952920044257088,-68.51209651046392,-22.778267242551713,5.378088449816208,False,8.59900000000016,-8.82313780175358,-1.7148044041970252,-82.0338843024273,-18.48993718299741,8.98823611111082,259.0014899999912,-4.05850528901436,0.14791992836166679,-13.521787791963376,4.288330059554305
13374110.0,1.1711,0.7817,8.7394,0.0185,0.0087,9.8066,-0.0568,-0.0253,-0.0418,63.22,-81.04,-177.9,52.203125,-2.197729,8.87,2,244.31,23 / 23,-4.73157121711105,-1.8875665880965635,0.8915372942567431,-68.99165479882406,-22.967656934045866,5.47123354541168,False,8.700000000000728,-8.763733039465013,-1.6992116781472166,-82.9148933775003,-18.658508691035763,8.926944444442483,259.0270000000024,-4.032161822353963,0.1883549099493469,-13.923238578676248,4.309148243010103
13374209.0,2.6069,0.6006,10.2071,0.0178,-0.0125,9.8066,-0.0449,-0.0569,-0.0202,62.64,-81.06,-178.37,52.203125,-2.197729,8.87,2,244.31,23 / 23,-4.621425228038424,-2.0116826376556953,0.8585306942566898,-69.4546281228597,-23.160669770720915,5.557861910843235,False,8.799000000000888,-8.713249785282486,-1.679272322922357,-83.77171013952865,-18.823633157746492,8.873594444445503,259.0913499999987,-4.0918245572440615,0.3324103147333384,-14.317082016668948,4.337036612974423
13374310.0,1.1418,1.4718,10.4105,0.0191,0.0183,9.8065,-0.0758,-0.2162,0.1444,61.58,-81.14,-179.12,52.203125,-2.197729,8.87,2,244.31,23 / 23,-4.478289449393232,-2.1191633694174,0.9092478442560615,-69.9141637140643,-23.369277494075522,5.647134727037023,False,8.899999999999636,-8.660887937172891,-1.6736252191926553,-84.63902159508942,-19.003212963997303,8.821111111112057,259.0630000000005,-4.182598487779659,0.44553815022474486,-14.724857881025116,4.366064530078219
13374409.0,1.2061,-0.7295,9.3746,-0.026,0.0298,9.8065,-0.0338,-0.0233,0.1135,59.03,-81.09,-178.45,52.20295,-2.198977,9.89,2,260.33,23 / 23,-4.424246348266982,-2.194498162772968,0.9177519442560753,-70.35483923604919,-23.582803739919292,5.7375712165685195,False,8.998999999999796,-8.655278509033897,-1.5844350713870772,-85.49583835720681,-19.157329132518782,8.799111111111158,259.62630999999874,-4.231032160766915,0.6100630913858907,-15.14099912115762,4.42547460740051
13374510.0,0.5492,1.5531,8.5922,0.0194,0.0191,9.8065,-0.0882,-0.2186,0.0642,62.12,-80.95,-179.52,52.20295,-2.198977,9.89,2,260.33,23 / 23,-4.379574926146298,-2.2436811484184433,0.8346036942556081,-70.79943221040956,-23.806931795135718,5.826065176313857,False,9.100000000000364,-8.535993472926172,-1.7013221976652526,-86.34952034075616,-19.325678251416306,8.70388888888793,258.7279999999981,-4.156418546779874,0.5423589507531907,-15.550088130346595,4.481253543719411
13374609.0,1.7686,-0.1986,9.9605,0.0168,0.0429,9.8065,-0.0967,-0.082,0.0831,63.81,-81.3,-179.01,52.20295,-2.198977,9.89,2,260.33,23 / 23,-4.3053062222037255,-2.3034918362507955,0.7821039942555232,-71.22933382725358,-24.03201685787721,5.906092206895287,False,9.199000000000524,-8.481669316402598,-1.706498920996782,-87.17935074809795,-19.501811014940216,8.651638888887083,258.6240499999964,-4.176363094198873,0.5969929152540134,-15.950016920844362,4.530205842936994
13374710.0,1.1027,3.3357,8.315,0.0155,0.0288,9.8065,-0.1662,-0.2989,0.1335,60.39,-81.54,-179.85,52.20295,-2.198977,9.89,2,260.33,23 / 23,-4.138020967885941,-2.3424171088098946,0.7145450942563604,-71.65572185034783,-24.266635259599866,5.981672985864201,False,9.299999999999272,-8.450916935032621,-1.6211193531654333,-88.02594540610154,-19.65926303124543,8.605000000001677,259.14099999998115,-4.31289596714668,0.7212977556444613,-16.37022355575371,4.607372228354436
13374810.0,2.1586,-1.4975,10.0107,0.0195,0.0759,9.8062,-0.0143,-0.1781,0.0202,63.35,-81.83,-177.99,52.20295,-2.198977,9.89,2,260.33,23 / 23,-4.021066509109764,-2.4274176132643888,0.6501650942561262,-72.0636762241991,-24.505126995704448,6.049908495290073,False,9.399999999999636,-8.3395454369391,-1.6694331089501842,-88.85734320277166,-19.83717491500701,8.505000000001818,258.6800000000084,-4.318478927829335,0.7579845043142046,-16.79366697857256,4.667952080697436
13374910.0,0.3138,0.0811,10.2082,-0.0426,0.018,9.8065,0.1147,-0.2691,0.3279,64.77,-81.68,-178.47,52.20295,-2.198977,9.89,2,260.33,23 / 23,-4.065580514185294,-2.5579545338485374,0.6804450942562364,-72.46800857536532,-24.754395603061,6.116439004715933,False,9.5,-8.455655114586383,-1.552208221867585,-89.69555573552299,-19.992847811796445,8.596944444444444,259.598,-4.390074600401089,1.0057463119809524,-17.22754716015767,4.7615477912645545
13375009.0,2.1149,-2.0402,8.5219,-0.0511,0.0131,9.8064,0.0132,-0.1453,0.2601,65.48,-81.59,-179.6,52.20295,-2.198977,9.89,2,260.33,23 / 23,-4.1395360728031,-2.6949289632969284,0.6367266942561658,-72.8741618464219,-25.01441333617012,6.181639008247402,False,9.59900000000016,-8.270023005367374,-1.591498150173765,-90.51189296553056,-20.14696397891702,8.421769444441612,259.1069599999921,-4.130486932564274,1.1034308131231634,-17.637731119108665,4.867449357253097
13375110.0,-0.1909,1.9837,9.6282,-0.0163,0.0353,9.8065,0.0886,-0.2891,0.1373,61.37,-81.68,-179.65,52.20295,-2.198977,9.89,2,260.33,23 / 23,-4.142476097937299,-2.766715087544265,0.5628350942557506,-73.29240346104663,-25.290226360739148,6.242216878567595,False,9.700000000000728,-8.280722421580348,-1.6117092962799024,-91.3379071207804,-20.315313098507723,8.436111111109112,258.9859999999928,-4.138246323643049,1.1550057912643628,-18.045503659733768,4.974913262231425
13375210.0,1.426,0.9223,9.1754,-0.0256,0.0409,9.8065,0.0673,-0.136,0.2742,62.24,-81.75,-178.76,52.20295,-2.198977,9.89,2,260.33,23 / 23,-4.02278018143928,-2.741890730371874,0.5223500942563398,-73.70066627500952,-25.565656651630945,6.29647613799241,False,9.799999999999272,-8.221181466183864,-1.6294780627239287,-92.15567544529404,-20.48210548912192,8.38111111111311,258.78900000000715,-4.198401284744585,1.112412667647945,-18.455009170284512,5.083551162509025
13375310.0,-2.1594,3.3191,12.2546,0.0078,0.0098,9.8066,0.1784,-0.5732,0.0268,61.84,-82.03,-175.37,52.20295,-2.198977,9.89,2,260.33,21 / 22,-3.890169378788008,-2.599307890836851,0.6131850942566703,-74.09631375302233,-25.832716582692353,6.353252897418267,False,9.899999999999636,-8.183443429201965,-1.4795126405056986,-92.97344376993618,-20.62665889277874,8.316111111112294,259.7519999999825,-4.293274050413958,1.1197952503311523,-18.877130016913853,5.206057689913614
13375409.0,2.4835,-0.9937,9.4383,-0.0692,0.0011,9.8064,-0.209,0.5258,-0.3002,64.38,-81.93,-173.82,52.20295,-2.198977,9.89,2,260.33,21 / 22,-3.823144348559856,-2.548392683808045,0.7161252942568368,-74.47812278252667,-26.087527761137686,6.419053761649792,False,9.998999999999796,-8.10802731072985,-1.5540049602875583,-93.76954123388906,-20.780775060599364,8.255611111111245,259.1500800000013,-4.284882962169995,0.9943877235204868,-19.29141845136239,5.306752700538322
13375510.0,2.173,-2.1502,8.4275,0.0331,-0.0283,9.8065,0.0913,-0.0309,0.0057,59.65,-81.98,-174.85,52.20295,-2.198977,9.89,2,260.33,21 / 22,-3.889521899447573,-2.8219716332835896,0.627876544256341,-74.86761242805323,-26.358731159152338,6.486925854495089,False,10.100000000000364,-8.049501222311834,-1.6954156081466107,-94.57490673892137,-20.960243672622024,8.226111111111218,258.10600000002205,-4.159979322864261,1.1265560251369788,-19.707294310868136,5.398487486530314
13375609.0,3.8398,-6.8645,9.6283,0.0124,0.0194,9.8066,-0.1791,0.8267,-0.6613,62.13,-81.79,-176.32,52.20295,-2.198977,9.89,2,260.33,21 / 22,-8.088895787632836,-1.5275516077694653,0.5507802942562163,-95.37100420292762,-21.103351543641686,6.545269368001555,True,10.199000000000524,-8.088895787632836,-1.5275516077694653,-95.37100420292762,-21.103351543641686,8.23188611111131,259.30588000004144,0.0,0.0,0.0,0.0
13375710.0,2.6937,0.7765,7.7101,0.1007,-0.0743,9.8058,-0.2632,0.1094,-0.0007,67.75,-81.69,-175.85,52.20295,-2.198977,9.89,2,260.33,21 / 22,-8.2533890170949,-1.9594315779341305,0.43589784425763983,-96.19628958555614,-21.279444194517534,6.595096613995887,False,10.299999999999272,-7.981952810041713,-1.615968926955849,-96.16955497183348,-21.271589467600364,8.143888888892091,258.55500000002775,0.2714362070531866,0.34346265097828144,0.026734613722666722,0.00785472691717004
13375810.0,-1.3435,4.7927,11.0312,0.036,0.0523,9.8064,-0.0301,0.8407,-0.3935,60.6,-82.15,-178.34,52.20295,-2.198977,9.89,2,260.33,21 / 22,-8.026928125659223,-1.881198936388959,0.39229784425748127,-97.01030544269682,-21.471475720234388,6.636506398421794,False,10.399999999999636,-7.947329164639752,-1.496205064960622,-96.96006435228477,-21.42726236509712,8.08694444444548,259.33799999998575,0.07959896101947095,0.38499387142833696,0.05024109041204383,0.04421335513726632
13375910.0,1.9041,0.4764,8.2708,0.0317,-0.0671,9.8063,-0.1381,0.598,-0.3484,61.25,-82.17,177.77,52.20295,-2.198977,9.89,2,260.33,21 / 22,-7.821418287606526,-1.767078778773064,0.3767328442574247,-97.802722763363,-21.653889605993154,6.674957932847679,False,10.5,-7.821631507039631,-1.601425102278723,-97.73694426065445,-21.594054755018966,7.983888888888889,258.42900000000003,-0.00021321943310503855,0.16565367649434104,0.06577850270853958,0.0598348509741875
13376010.0,-0.1455,4.0344,10.9311,0.0696,-0.0193,9.8064,0.2141,0.4506,-0.3588,60.03,-82.32,178.36,52.20295,-2.198977,9.89,2,260.33,21 / 22,-7.620639715807869,-1.7222337567543846,0.35616284425734995,-98.57482566353652,-21.82835523277016,6.711602717273551,False,10.600000000000364,-7.7577292427122115,-1.4983970725063283,-98.5070094329966,-21.738608158674975,7.901111111111384,259.06800000000726,-0.13708952690434284,0.22383668424805636,0.06781623053991837,0.08974707409518601
13376110.0,2.8941,-3.6286,10.9449,-0.0098,-0.0651,9.8064,0.0224,0.5862,-0.2843,59.94,-82.26,179.77,52.20295,-2.198977,9.89,2,260.33,21 / 22,-7.571193067082016,-1.8219221822661216,0.46929784425776166,-99.33441730268378,-22.00556302972183,6.752875751699457,False,10.700000000000728,-7.782773439674756,-1.4468077654163745,-99.28388934133818,-21.883161563746036,7.9161111111060185,259.4689999999802,-0.21158037259274032,0.3751144168497471,0.05052796134559401,0.12240146597579482
13376210.0,0.8168,2.5602,10.3338,0.0177,-0.0431,9.8065,0.1281,0.176,-0.0263,55.4,-82.09,177.97,52.20295,-2.198977,9.89,2,260.33,21 / 22,-7.564617723821903,-1.9911218753450863,0.55256784425655,-100.09120784221795,-22.196215232599616,6.803969036124429,False,10.799999999999272,-7.631319351864262,-1.4936093740622784,-100.04032504155664,-22.038834461228227,7.776111111116204,258.92600000001977,-0.06670162804235868,0.4975125012828079,0.0508828006613129,0.15738077137138973
13376310.0,3.3634,-2.1909,10.2981,-0.0025,-0.0323,9.8066,0.1007,0.4082,-0.3075,56.61,-82.06,178.32,52.20295,-2.198977,9.89,2,260.33,23 / 23,-7.472651990084112,-2.145984931878706,0.6034978442567354,-100.843071327916,-22.403070572961557,6.861772320550304,False,10.899999999999636,-7.575897027880828,-1.5047404396979394,-100.78994600578962,-22.183387865591968,7.72388888888984,258.7660000000029,-0.10324503779671534,0.6412444921807667,0.05312532212637677,0.21968270736958928
13376409.0,2.225,2.1147,8.4513,0.0001,-0.0416,9.8065,-0.0595,-0.035,0.0212,53.24,-81.96,178.11,52.20295,-2.198977,9.89,2,260.33,23 / 23,-7.359210399992175,-2.364278721231126,0.5607347942566663,-101.57724851622595,-22.626328623790855,6.91940183615681,False,10.998999999999796,-7.379574674027739,-1.466939064026561,-101.51183099435077,-22.33750403551334,7.523963888889329,258.75709,-0.020364274035563845,0.8973396572045651,0.06541752187517602,0.2888245882775138
13376510.0,3.7799,1.4803,9.3429,0.0036,0.0412,9.8065,0.0023,0.1141,0.0649,53.18,-81.85,177.89,52.20295,-2.198977,9.89,2,260.33,23 / 23,-7.070515070507831,-2.4934259691682468,0.46887024425615015,-102.3059496524903,-22.8716427106574,6.971396890602,False,11.100000000000364,-7.311318226569673,-1.5260822469145354,-102.2414847819551,-22.494733661291587,7.468888888885524,258.21000000000373,-0.24080315606184222,0.9673437222537113,0.064464870535204,0.37690904936581404
13376609.0,4.401,-1.2083,11.055,0.0049,0.0322,9.8065,-0.1331,-0.03,0.1308,54.78,-81.96,179.42,52.20295,-2.198977,9.89,2,260.33,23 / 23,-6.860464285053287,-2.8063856666633815,0.507707944256213,-102.9955331305917,-23.133983386631492,7.01973751093344,False,11.199000000000524,-7.1373091935492186,-1.4631478403594407,-102.94313000446091,-22.637841531611,7.2857388888825625,258.41493000000713,-0.27684490849593146,1.3432378263039408,0.05240312613078402,0.49614185502049324
13376709.0,3.4541,-0.0983,9.4374,-0.02,0.0298,9.8066,-0.0545,0.0661,0.1134,59.48,-81.98,-178.71,52.20295,-2.198977,9.89,2,260.33,23 / 23,-6.736952000430094,-3.1647738496959814,0.551662944256373,-103.67540394486834,-23.432541362450547,7.072706055359261,False,11.299000000000888,-6.935301084562977,-1.6013108887292962,-103.63162278636953,-22.804411531666204,7.117788888892185,256.9983300000282,-0.1983490841328832,1.5634629609666852,0.0437811584988026,0.6281298307843421
13376810.0,2.7546,-0.0896,10.4101,-0.0061,0.0055,9.8066,0.0242,0.0081,0.1046,53.07,-81.92,-179.48,52.20295,-2.198977,9.89,2,260.33,23 / 23,-6.610648316957351,-3.424477122129541,0.5634900442562265,-104.34945776088804,-23.765298536523613,7.12902128127845,False,11.399999999999636,-6.748188472545458,-1.6580136094646984,-104.30634980152593,-22.97287184548465,6.94888888889193,256.19600000001435,-0.1375401555881064,1.7664635126648427,0.043107959362117754,0.7924266910389619
13376910.0,1.6334,3.5031,8.5937,-0.0013,0.0288,9.8066,-0.0409,-0.0067,0.0965,48.93,-81.7,179.13,52.20295,-2.198977,9.89,2,260.33,23 / 23,-6.383873892592232,-3.4803164002704925,0.5330150442561157,-104.99918387136789,-24.11053821264487,7.183846535704267,False,11.5,-6.520160269696593,-1.6392028735200783,-104.9469349891041,-23.1396642354067,6.723055555555556,255.888,-0.1362863771043612,1.8411135267504142,0.05224888226379676,0.9708739772381705
13377010.0,1.9567,0.722,10.3871,-0.0194,0.037,9.8065,0.0246,-0.2055,0.337,46.71,-81.57,179.33,52.20295,-2.198977,9.89,2,260.33,23 / 23,-6.143060679150514,-3.471945012166577,0.5013900442560006,-105.6255305999573,-24.458151283267988,7.23556679013006,False,11.600000000000364,-6.41392383854885,-1.6788332237752819,-105.58070544076249,-23.30645662532895,6.62999999999676,255.33199999998686,-0.2708631593983366,1.793111788391295,0.044825159194815,1.1516946579390392
13377109.0,2.3849,0.9912,8.9044,-0.0417,0.0264,9.8064,-0.0644,-0.0357,0.0966,40.61,-81.33,176.34,52.20295,-2.198977,9.89,2,260.33,23 / 23,-5.96689711083182,-3.5589667264725646,0.48546094425597497,-106.22497351056239,-24.80618141433119,7.284415914061483,False,11.699000000000524,-6.222522278175078,-1.7119333011946234,-106.19464501040811,-23.48258938885286,6.453724999993911,254.61721999997533,-0.2556251673432586,1.8470334252779412,0.030328500154283233,1.3235920254783302
13377210.0,5.5601,-1.6281,9.2501,0.013,0.0129,9.8065,0.073,0.2782,-0.029,38.71,-81.33,176.65,52.20295,-2.198977,9.89,2,260.33,23 / 23,-5.7136385460356465,-3.8432695892176256,0.41179154425688785,-106.81484056122689,-25.179994348268913,7.329727164730821,False,11.799999999999272,-5.93356618029842,-1.794161598330025,-106.78009898339944,-23.67339988314066,6.198888888898094,253.17600000005217,-0.21992763426277318,2.0491079908876006,0.03474157782744669,1.5065944651282521
13377310.0,3.0699,0.1978,9.4158,0.0028,-0.0175,9.8066,0.0035,0.2035,0.0087,33.5,-81.43,176.23,52.20295,-2.198977,9.89,2,260.33,21 / 23,-5.451854095108121,-4.163582625159188,0.3644215442567156,-107.37311519328611,-25.58033695898921,7.368537819156643,False,11.899999999999636,-5.773914933663434,-1.8690421837202724,-107.3525368106492,-23.86243125862142,6.068888888891253,252.06300000002022,-0.32206083855531276,2.294540441438916,0.020578382636912806,1.7179057003677904
13377409.0,5.859,-1.0299,9.4917,-0.0322,0.0243,9.8065,0.0316,0.516,-0.0193,33.7,-81.44,178.13,52.20295,-2.198977,9.89,2,260.33,21 / 23,-5.143776776932088,-4.450648404472321,0.3294844442566592,-107.89759892145295,-26.00674139495666,7.402886165588111,False,11.998999999999796,-5.539460009971865,-1.853061337459797,-107.89901049351684,-24.049572319646746,5.84118888888939,251.50365000000122,-0.3956832330397768,2.5975870670125234,-0.0014115720638869789,1.9571690753099134
13377510.0,5.4679,-1.2155,9.8222,-0.0244,0.0028,9.8066,0.0358,0.439,-0.0077,34.75,-81.65,178.97,52.20295,-2.198977,9.89,2,260.33,21 / 23,-4.7724592245732165,-4.873690866958551,0.3143647442565743,-108.39836883953178,-26.477620528166565,7.435400549608212,False,12.100000000000364,-5.330861721552755,-1.8534818843888374,-108.42926510468462,-24.240494008168096,5.643888888884509,250.82799999999443,-0.5584024969795385,3.020208982569714,-0.03089626515283328,2.237126519998469
13377610.0,6.7653,-0.7043,9.6109,-0.0275,0.0323,9.8065,0.0105,0.7115,-0.1493,34.0,-81.7,-176.88,52.20295,-2.198977,9.89,2,260.33,21 / 23,-4.359245717447788,-5.305413536685725,0.30535474425654163,-108.85495408663449,-26.98657574835063,7.466386524033981,False,12.200000000000728,-5.093836493720474,-1.8016212453234237,-108.93355557152398,-24.41840589122397,5.4030555555500275,250.52199999994193,-0.734590776272686,3.503792291362301,-0.07860148488948937,2.5681698571266622
13377710.0,4.4607,0.4336,10.0894,-0.0084,0.005,9.8066,0.0291,0.5552,0.0144,33.94,-81.85,-174.72,52.20295,-2.198977,9.89,2,260.33,21 / 23,-3.9388315673199568,-5.638171217378093,0.3097047442564784,-109.26985795086684,-27.53375498604586,7.497139498459184,False,12.299999999999272,-4.899899997144142,-1.8881599294759606,-109.41740183021079,-24.61855675911222,5.251111111116639,248.92600000005805,-0.9610684298241852,3.7500112879021326,-0.14754387934395652,2.91519822693364
13377810.0,4.0318,0.6323,9.0723,-0.0216,0.0137,9.8066,0.1034,0.7959,-0.122,34.42,-81.95,-172.05,52.20295,-2.198977,9.89,2,260.33,21 / 23,-3.595022695269651,-5.840311533269074,0.28712474425639634,-109.64655066399769,-28.107679123580308,7.526980972884936,False,12.399999999999636,-4.678691271185213,-1.8954452988540056,-109.88080388080597,-24.80758813530071,5.048055555559249,247.94600000001782,-1.0836685759155618,3.9448662344150685,-0.23425321680828404,3.3000909882795995
13377910.0,3.2576,0.2849,9.1417,-0.0114,-0.0161,9.8066,0.0783,0.6514,-0.0289,36.66,-81.82,-169.23,52.20295,-2.198977,9.89,2,260.33,21 / 23,-3.309352911637742,-6.020841573022193,0.21715974425614187,-109.99176944434431,-28.700736778897028,7.552195197310655,False,12.5,-4.413580434598124,-1.9447808717971136,-110.31013225126405,-25.007739003206964,4.823055555555555,246.22,-1.1042275229603824,4.07606070122508,-0.31836280691973684,3.6929977756900634
13378010.0,3.6625,-0.0907,8.8733,-0.0242,0.0137,9.8066,0.0705,0.7432,-0.0913,33.89,-81.87,-166.29,52.20295,-2.198977,9.89,2,260.33,21 / 23,-3.0583275912074384,-6.21955008535934,0.13724474425585123,-110.31015346948773,-29.31275636181833,7.56991542173632,False,12.600000000000364,-4.34466574995156,-2.0023667052782357,-110.73946062166695,-25.207889871113622,4.783888888886251,245.25599999996882,-1.286338158744122,4.217183380081105,-0.42930715217922,4.104866490704708
13378111.0,4.4033,-0.5278,9.3361,0.0096,0.0058,9.8066,-0.0338,0.6975,-0.1368,35.34,-81.96,-164.99,52.20295,-2.198977,9.89,2,260.33,21 / 23,-2.7792992898781557,-6.484368995115206,0.06634779425545294,-110.60495362698421,-29.9543042753859,7.580196844931198,False,12.701000000000931,-4.152171159257899,-2.0682287577587863,-111.15236547822387,-25.421495324905788,4.63878888888851,243.5216999999232,-1.3728718693797437,4.416140237356419,-0.5474118512396586,4.5328089504801135
13378209.0,3.4896,-0.2735,11.1813,0.0363,0.0188,9.8066,0.0893,0.9285,-0.3087,31.08,-82.2,-165.52,52.20295,-2.198977,9.89,2,260.33,21 / 23,-2.515316074775015,-6.738208323512438,0.11064869425543328,-110.8643897798521,-30.602210563998366,7.588869672868228,False,12.799000000000888,-4.069255350786421,-2.2064524010440856,-111.54639351593487,-25.65033448386125,4.6289888888890856,241.53230000003987,-1.5539392760114064,4.531755922468353,-0.6820037360827627,4.951876080137115
13378310.0,6.1431,-0.5674,10.1575,0.0595,-0.0354,9.8064,0.0076,0.8749,-0.304,30.21,-82.32,-165.58,52.20295,-2.198977,9.89,2,260.33,21 / 22,-2.1551595028940214,-7.0319976744788635,0.19778644425435368,-111.10024879652147,-31.29760596688831,7.604445647362779,False,12.899999999999636,-4.037920523832159,-2.2614367266239688,-111.94566890040308,-25.886178923914397,4.62805555555557,240.74900000001387,-1.8827610209381374,4.770560947854895,-0.845420103881608,5.411427042973912
13378410.0,2.0974,1.9213,10.3487,0.0275,0.0041,9.8065,0.0677,0.8894,-0.2196,24.99,-82.46,-167.82,52.20295,-2.198977,9.89,2,260.33,21 / 22,-1.8046848950502827,-7.180261976196526,0.24243144425451615,-111.29824101641941,-32.008218949424666,7.626456541788302,False,13.0,-3.799347526187559,-2.4077919669516037,-112.31366464647901,-26.14192725465625,4.498055555555555,237.636,-1.9946626311372762,4.772470009244922,-1.0154236300596011,5.866291694768417
13378509.0,2.7444,1.3477,9.0396,0.0226,-0.0038,9.8066,-0.0307,0.8212,-0.2146,22.64,-82.33,-167.62,52.20295,-2.198977,9.89,2,260.33,21 / 22,-1.5544771571366285,-7.142848517259262,0.23129394425449817,-111.46451953800293,-32.71721291885187,7.649905948519536,False,13.09900000000016,-3.687221083246414,-2.5220078707979368,-112.67123384639902,-26.39511810279082,4.467255555555058,235.62827999996753,-2.1327439261097854,4.620840646461325,-1.2067143083960872,6.32209481606105
13378609.0,0.2389,0.432,10.0623,0.0051,-0.0025,9.8066,0.1066,0.7708,-0.2175,19.2,-81.99,-165.92,52.20295,-2.198977,9.89,2,260.33,21 / 22,-1.4182155541571226,-7.133125143521023,0.20572394425440524,-111.61315417356816,-33.43101160189348,7.671756842945061,False,13.199000000000524,-3.585522421173445,-2.5566541903848803,-113.02566826777955,-26.661874731742017,4.40369444444226,234.50909999996202,-2.1673068670163227,4.576470953136143,-1.4125140942113887,6.769136870151463
13378710.0,3.1626,0.283,9.7908,0.0091,-0.0265,9.8065,0.0238,0.7242,-0.1367,21.57,-81.69,-164.06,52.20295,-2.198977,9.89,2,260.33,21 / 22,-1.2807764770564385,-7.178525019334896,0.2178338442542553,-111.74945327114276,-34.15374993510875,7.693146511264483,False,13.299999999999272,-3.3600659557830634,-2.688167384486016,-113.34950452429247,-26.942530726257395,4.303055555559193,231.33900000011496,-2.0792894787266247,4.4903576348488805,-1.600051253149715,7.211219208851354
13378810.0,0.2025,-1.2242,10.2885,0.0006,-0.0052,9.8066,0.0907,0.4847,-0.1069,17.17,-81.38,-163.67,52.20295,-2.198977,9.89,2,260.33,21 / 22,-1.171163521878422,-7.302017410832864,0.24113384425434023,-111.87205027108995,-34.87777705661977,7.716094895689996,False,13.399999999999636,-3.1738429223693085,-2.8323650511798855,-113.65616764601344,-27.231637536398306,4.253888888889783,228.2540000000561,-2.0026794004908863,4.4696523596529785,-1.7841173749234969,7.646139520221464
13378910.0,0.5664,0.3107,9.9198,-0.0037,0.0003,9.8065,-0.0033,0.4458,-0.0338,17.91,-81.08,-163.15,52.20295,-2.198977,9.89,2,260.33,21 / 22,-1.1815459892043965,-7.375559197014175,0.27088384425444856,-111.98968574664451,-35.61165588701479,7.741695780115529,False,13.5,-3.0610026559385295,-2.7874473520296794,-113.95601603170668,-27.509624852699478,4.140000000000001,227.678,-1.879456666734133,4.588111844984495,-1.9663302850621704,8.102031034315313
13379010.0,1.1503,-0.7399,10.0254,-0.0017,0.013,9.8066,0.0204,0.1743,0.0143,15.8,-81.16,-162.91,52.20295,-2.198977,9.89,2,260.33,21 / 22,-1.1380392822727432,-7.439286374417119,0.287478844254509,-112.10566501021879,-36.35239816558905,7.769613914541078,False,13.600000000000364,-2.8494141796241523,-2.9980416869016104,-114.22860547326285,-27.83209014011747,4.136111111109474,223.54399999997256,-1.7113748973514091,4.441244687515509,-2.12294046304406,8.520308025471582
13379110.0,0.7634,-1.098,9.6642,0.0027,-0.0001,9.8066,-0.0203,0.1625,-0.021,14.87,-81.16,-163.74,52.20295,-2.198977,9.89,2,260.33,21 / 22,-1.1029555313312192,-7.572827977124541,0.29129384425452287,-112.21771475089939,-37.10300388316887,7.798552548966635,False,13.700000000000728,-2.7092130539440267,-3.0051921322619664,-114.4875654427103,-28.13231644127064,4.046111111112819,222.03499999993062,-1.6062575226128075,4.567635844862574,-2.269850691810916,8.970687441898228
13379210.0,1.1791,-0.864,10.2271,0.0016,-0.0006,9.8066,0.076,-0.0576,0.024,13.34,-81.12,-164.9,52.20295,-2.198977,9.89,2,260.33,21 / 22,-1.0653175039564662,-7.711451650711708,0.3051938442543206,-112.32612840266219,-37.86721786454956,7.828376933391643,False,13.799999999999272,-2.637963516045575,-3.1295770111729175,-114.7465254121342,-28.454781729367035,4.093055555553847,220.12800000006936,-1.572646012089109,4.581874639538791,-2.420397009472012,9.412436135182524
13379310.0,-1.446,-1.294,10.3672,-0.0072,-0.0224,9.8065,0.0407,-0.0416,0.0702,8.04,-81.06,-167.39,52.20295,-2.198977,9.89,2,260.33,22 / 22,-1.1298333464979926,-7.843052572737291,0.3542438442544991,-112.43588594518532,-38.64494307572484,7.861348817817204,False,13.899999999999636,-2.4756061922786885,-3.294682195731434,-114.97822643747303,-28.78836650921072,4.121111111110601,216.9210000000583,-1.345772845780696,4.548370377005856,-2.542340492287707,9.856576566514118
13379410.0,0.4215,-0.4528,10.3526,0.0079,-0.011,9.8065,0.0482,-0.046,0.0103,4.06,-80.88,-169.03,52.20295,-2.198977,9.89,2,260.33,22 / 22,-1.2204573578477536,-7.945560988585382,0.4095688442547005,-112.55340048040303,-39.43437375379384,7.899539452242803,False,14.0,-2.3657616962477244,-3.3988193289927886,-115.20992746272962,-29.133070781480306,4.141111111111111,214.84,-1.1453043383999708,4.546741659592593,-2.6565269823265965,10.301302972313536
13379510.0,-1.4563,-0.1433,9.5554,0.0202,-0.0041,9.8066,-0.0143,-0.0975,0.0014,3.74,-80.87,-171.17,52.20295,-2.198977,9.89,2,260.33,22 / 22,-1.3026480299850114,-7.997618884417813,0.42430384425475426,-112.67955574979513,-40.231532747446906,7.9412330866684275,False,14.100000000000364,-2.2012213773279643,-3.3995770984074873,-115.42118427993087,-29.477775053750705,4.05000000000289,212.92299999993742,-0.8985733473429529,4.5980417860103255,-2.741628530135742,10.753757693696201
13379610.0,1.8183,-0.451,9.79,0.0234,-0.0002,9.8065,0.0743,0.0042,-0.1288,357.29,-80.83,-174.66,52.20295,-2.198977,9.89,2,260.33,22 / 22,-1.3107756276093567,-8.045421830245674,0.4109088442547056,-112.81022693267532,-41.033684783183,7.9829937210940525,False,14.200000000000728,-2.071405110703041,-3.6638813499243423,-115.61881162504946,-29.85583780471182,4.208888888884058,209.48199999989492,-0.7606294830936842,4.381540480321332,-2.80858469237414,11.17784697847118
13379710.0,-1.6798,-0.5829,9.9719,0.0403,-0.0214,9.8065,0.0296,-0.2619,0.1084,354.11,-80.57,-179.17,52.20295,-2.198977,9.89,2,260.33,22 / 22,-1.3239850864814031,-8.130630351591787,0.41833884425459744,-112.94196496837795,-41.8424873922631,8.024456105518913,False,14.299999999999272,-1.8247341138815303,-3.644863125523129,-115.7891800259898,-30.222781062506947,4.076111111115941,206.59400000010507,-0.5007490274001272,4.485767226068658,-2.847215057611848,11.619706329756156
13379810.0,4.4463,-1.4619,10.2639,-0.0177,-0.0173,9.8065,-0.004,0.1761,-0.1378,352.56,-80.39,179.35,52.20295,-2.198977,9.89,2,260.33,22 / 22,-1.1979396970700602,-8.2423014070214,0.4494638442547107,-113.06806120755597,-42.66113398019674,8.067846239944537,False,14.399999999999636,-1.6964915011939625,-3.8299747662113353,-115.95273369091849,-30.611963305186034,4.188888888886837,203.89100000004916,-0.4985518041239023,4.412326640810064,-2.8846724833625217,12.049170675010703
13379909.0,1.5253,-1.1999,9.2949,0.0198,-0.0062,9.8066,-0.0066,-0.1731,0.1303,350.29,-80.21,177.49,52.20295,-2.198977,9.89,2,260.33,22 / 22,-0.9079490159627959,-8.362180696467926,0.44676609425470637,-113.17230269885127,-43.48305584432079,8.112209621900824,False,14.498999999999796,-1.6166940931483775,-3.9203028706152776,-116.10790523050352,-30.99725372683885,4.240588888888776,202.41095000000325,-0.7087450771855817,4.441877825852648,-2.9356025316522505,12.485802117481938
13380010.0,2.8355,-1.5681,9.7952,-0.0238,-0.0029,9.8066,-0.101,0.2027,-0.1273,351.95,-80.05,177.05,52.20295,-2.198977,9.89,2,260.33,22 / 22,-0.6912704672580925,-8.49883099625557,0.42034449425455794,-113.25306328275438,-44.334536934808106,8.155998706620789,False,14.600000000000364,-1.494305104804857,-4.045923933919831,-116.2525820766112,-31.41256677751938,4.3130555555560255,200.2709999999305,-0.8030346375467645,4.452907062335739,-2.999518793856822,12.921970157288726
13380110.0,-0.7802,-0.7379,9.1429,0.0014,0.0283,9.8066,-0.1429,-0.0154,0.0769,350.88,-79.88,176.15,52.20295,-2.198977,9.89,2,260.33,22 / 22,-0.5948593720114672,-8.630355184396459,0.3865844942544351,-113.31736977471809,-45.19099624384383,8.196345156046386,False,14.700000000000728,-1.2287527124865336,-4.161264658937773,-116.36843258923876,-31.835107499599143,4.338888888894133,196.4509999999055,-0.6338933404750664,4.469090525458686,-3.0510628145206766,13.355888744244684
13380210.0,1.2847,-1.4472,11.3523,-0.0132,0.0305,9.8066,-0.1162,0.0814,-0.0521,347.64,-80.02,175.27,52.20295,-2.198977,9.89,2,260.33,22 / 22,-0.5703768251106032,-8.761838155624357,0.4306794942537934,-113.37563158457334,-46.060605910832216,8.237208355471202,False,14.799999999999272,-1.0733855160445802,-4.352657883189853,-116.4638388937762,-32.279887205781705,4.483055555550311,193.8530000000945,-0.503008690933977,4.409180272434504,-3.0882073092028577,13.78071870505051
13380310.0,3.1088,-1.3341,9.4664,-0.0079,0.0437,9.8065,-0.2411,0.0236,0.06,344.52,-79.99,172.93,52.20295,-2.198977,9.89,2,260.33,22 / 22,-0.34381686968175296,-8.874628638330307,0.49094949425401274,-113.42134126931313,-46.94242925053316,8.283289804896759,False,14.899999999999636,-0.9750126503254373,-4.358382588586972,-116.5592451982952,-32.713547419579434,4.466111111111419,192.61000000002264,-0.6311957806436843,4.516246049743335,-3.1379039289820696,14.228881830953725
13380410.0,-0.616,-0.3218,11.919,0.0566,0.0336,9.8064,0.0573,0.4189,-0.0636,341.41,-80.14,170.01,52.20295,-2.198977,9.89,2,260.33,22 / 22,-0.21773066419903825,-8.95655426258099,0.5795544942543351,-113.44941864600727,-47.83398839558197,8.336815004322371,False,15.0,-0.8027765170812489,-4.57002733729492,-116.63420729473239,-33.16944661822774,4.64,189.963,-0.5850458528822107,4.386526925286071,-3.1847886487251174,14.66454177735423
13380509.0,6.6946,-0.321,11.1929,0.0416,-0.0548,9.8064,0.1367,0.6003,-0.4537,340.69,-80.04,171.15,52.20295,-2.198977,9.89,2,260.33,22 / 22,0.06029109819917916,-8.921075519585212,0.7527351942546152,-113.45721190452429,-48.718931069800625,8.402763343903672,False,15.09900000000016,-0.6923795365891169,-4.665057501775335,-116.69492659284366,-33.642803421292385,4.716175000001231,188.4423599999754,-0.7526706347882961,4.256018017809877,-3.2377146883193717,15.07612764850824
13380610.0,1.141,-0.2773,9.5142,0.0405,-0.037,9.8065,0.1238,-0.0612,0.0251,341.37,-79.52,171.78,52.20295,-2.198977,9.89,2,260.33,22 / 22,0.42732066425828474,-8.854428513678132,0.8079720942549257,-113.43258751052005,-49.61659402348547,8.481579061973846,False,15.200000000000728,-0.5560541605083676,-4.731325513670342,-116.7432430713328,-34.11460349492523,4.763888888893951,186.70299999994222,-0.9833748247666524,4.12310300000779,-3.310655560812748,15.501990528560242
13380710.0,-0.2625,1.0886,10.7167,-0.0064,-0.0486,9.8065,0.1593,-0.0622,0.0946,342.05,-78.87,173.99,52.20295,-2.198977,9.89,2,260.33,22 / 22,0.4398389667311075,-8.836050910244554,0.8388520942544764,-113.38922952897121,-50.50111799466873,8.563920271398118,False,15.299999999999272,-0.43713219634873846,-4.883530405734076,-116.78413148760181,-34.614980664645856,4.903055555550493,185.1150000000578,-0.876971163079846,3.9525205045104777,-3.394901958630598,15.886137330022876
13380810.0,5.2374,-2.0796,11.5416,-0.0219,-0.0071,9.8066,-0.1336,0.2729,-0.1214,341.38,-78.55,173.53,52.20295,-2.198977,9.89,2,260.33,22 / 22,0.6752270808615257,-8.837683183355557,0.9711020942549575,-113.33347622659137,-51.38480469935195,8.654417980823919,False,15.399999999999636,-0.336660000673631,-4.980579221370726,-116.81139043176607,-35.11535783511932,4.991944444442828,183.8670000000227,-1.0118870815351566,3.857103961984831,-3.4779142051746987,16.269446864232634
13380910.0,2.8606,-1.23,8.6861,0.0041,0.0493,9.8064,-0.3364,-0.016,0.13,343.96,-78.65,172.14,52.20295,-2.198977,9.89,2,260.33,22 / 22,1.0937629688612285,-8.906345095931101,1.0018220942550693,-113.24502672410492,-52.27200611331951,8.753064190249779,False,15.5,-0.25513786921264386,-5.190677819546846,-116.8318346398484,-35.63797398973645,5.196944444444444,182.814,-1.3489008380738723,3.715667276384255,-3.586807915743478,16.63403212358306
13381010.0,5.5789,-0.8037,13.5364,-0.0514,0.0805,9.8061,0.2465,0.6321,-0.3053,342.57,-78.73,172.72,52.20295,-2.198977,9.89,2,260.33,22 / 22,1.5087531234235165,-8.914691503250118,1.132282094255544,-113.11490091949021,-53.163057943281814,8.859769399675697,False,15.600000000000364,-0.23569896989770084,-5.2986491996830445,-116.85227884798464,-36.171709637487204,5.3038888888920726,182.5469999999809,-1.7444520933212173,3.616042303567074,-3.737377928494425,16.99134830579461
13381110.0,3.3741,-1.5156,9.8481,0.0671,-0.0889,9.806,0.0266,0.3185,-0.11,343.34,-78.57,173.51,52.20295,-2.198977,9.89,2,260.33,22 / 22,1.95282055842285,-8.927781864476216,1.3208420942562302,-112.94182223539727,-54.05518161167138,8.982425609101732,False,15.700000000000728,-0.14313381538257425,-5.477018912484478,-116.86590832003894,-36.71656477837117,5.478888888891516,181.4969999999669,-2.0959543738054243,3.450762951991738,-3.9240860846416723,17.338616833300208
13381210.0,-3.8123,-0.1216,6.3714,0.0242,-0.0391,9.8065,0.4606,0.6859,-0.4187,342.97,-77.96,173.82,52.20295,-2.198977,9.89,2,260.33,22 / 22,1.938118809430285,-9.047666393502578,1.1511520942586997,-112.74727526700744,-54.95395402455724,9.10602531852568,False,15.799999999999272,-0.05687059757966231,-5.550819786572315,-116.86590832003894,-37.27253941092254,5.551111111108484,180.5870000000331,-1.9949894070099474,3.496846606930263,-4.118633053031502,17.6814146136347
13381310.0,5.8286,-1.4364,10.8943,0.1029,-0.062,9.8059,0.3215,0.479,-0.3552,338.53,-77.25,173.49,52.20295,-2.198977,9.89,2,260.33,22 / 22,2.0390176849798354,-9.104168814287908,1.0337720942582727,-112.5484184422862,-55.86154578495007,9.215271527951925,False,15.899999999999636,0.021812285505193714,-5.654957933015908,-116.85909358401179,-37.85075303049704,5.65499999999811,179.77900000001472,-2.0172053994746415,3.449210881272,-4.310675141725582,18.01079275445303
13381410.0,2.0852,-1.6751,9.6172,0.0477,-0.088,9.8061,0.1839,0.7166,-0.2798,339.83,-77.12,174.59,52.20295,-2.198977,9.89,2,260.33,22 / 22,2.448084331407596,-9.142153769356357,1.078682094258436,-112.32406334146602,-56.7738619141356,9.320894237378145,False,16.0,0.08638848539155758,-5.795467284174541,-116.84546411193003,-38.42896664865769,5.796111111111111,179.146,-2.3616958460160387,3.3466864851818157,-4.5214007704640125,18.34489526547791
13381510.0,6.1924,-0.7391,12.3673,0.0555,-0.0104,9.8064,0.2475,0.5664,-0.4161,339.24,-77.35,175.86,52.20295,-2.198977,9.89,2,260.33,22 / 22,2.8620543802033502,-9.144686441814764,1.1972420942588675,-112.0585564058845,-57.68820392469748,9.434690446804424,False,16.100000000000364,0.16596686552522238,-6.02076849121972,-116.82501990382076,-39.0405387462172,6.023055555556208,178.42099999999036,-2.696087514678128,3.123917950595044,-4.7664634979362575,18.64766517848028
13381610.0,-1.1225,-1.8812,9.9217,0.0413,-0.0699,9.8063,-0.0358,0.4491,-0.1196,339.24,-77.04,175.98,52.20295,-2.198977,9.89,2,260.33,22 / 22,3.1303184791602385,-9.212476044422067,1.3310270942593543,-111.75893776291524,-58.606062049012664,9.561103906230795,False,16.200000000000728,0.22297124564583456,-6.054784751877038,-116.80457569571071,-39.64099134923005,6.058888888892749,177.890999999961,-2.907347233514404,3.157691292545029,-5.045637932795472,18.965070699782615
13381709.0,3.1443,-0.713,11.7529,-0.0262,-0.0027,9.8065,0.1968,0.5099,-0.2143,339.47,-77.13,177.28,52.20295,-2.198977,9.89,2,260.33,22 / 22,3.2543751993856818,-9.332464330529584,1.4330614442595193,-111.4428954258267,-59.52403659757425,9.6979262888877,False,16.299000000000888,0.3409070845646916,-6.154493930320595,-116.76409616360372,-40.25745602256925,6.163938888886805,176.82972000002107,-2.91346811482099,3.177970400208989,-5.321200737777019,19.266580575005
13381810.0,-2.4221,-1.8334,9.3011,0.0433,-0.0602,9.8063,-0.1485,0.1452,0.0161,342.38,-76.79,179.24,52.20295,-2.198977,9.89,2,260.33,22 / 22,3.3107588666973444,-9.470772391983296,1.5058167942586178,-111.11135615549362,-60.473600052049385,9.846339639931028,False,16.399999999999636,0.41073038958427743,-6.195288676214358,-116.72279886325022,-40.87525503459697,6.20888888888809,176.20700000001113,-2.900028477113067,3.275483715768938,-5.611442707756595,19.598345017452417
13381910.0,1.1729,-1.7709,10.583,-0.0117,-0.0167,9.8066,0.1773,0.2579,-0.1334,344.34,-76.85,-178.73,52.20295,-2.198977,9.89,2,260.33,22 / 22,3.2857597465092763,-9.698173532662523,1.5193567942586672,-110.7815302248321,-61.43204734828516,9.997598319357442,False,16.5,0.35706198448776555,-6.114583529500081,-116.68191044703167,-41.48682713144935,6.125,176.658,-2.928697762021511,3.583590003162442,-5.900380222199573,19.945220216835807
13382010.0,-1.5085,1.2344,8.8763,-0.0033,-0.029,9.8066,-0.0551,-0.0165,0.0754,346.07,-76.69,-177.32,52.20295,-2.198977,9.89,2,260.33,22 / 22,3.259285898577596,-9.759213078612612,1.5116567942586392,-110.45427794257657,-62.40491667885246,10.149148998783858,False,16.600000000000364,0.44684841376727863,-6.314208303114994,-116.64102203078589,-42.120638213153335,6.330000000001,175.95200000000239,-2.8124374848103173,3.445004775497618,-6.186744088209323,20.284278465699124
13382110.0,0.1345,-1.4034,11.0755,-0.0358,-0.0137,9.8065,0.0822,0.0968,0.013,348.94,-76.8,-175.52,52.20295,-2.198977,9.89,2,260.33,22 / 22,3.1711848168543266,-9.817613976564076,1.5285817942587008,-110.1327544068038,-63.38375803161485,10.301160928210278,False,16.700000000000728,0.43605651331572837,-6.370092598801621,-116.59331887853943,-42.76556878799054,6.385000000008873,176.08399999994583,-2.7351283035385983,3.4475213777624543,-6.460564471735637,20.618189243624315
13382210.0,-1.5496,-2.3726,10.6624,0.0126,-0.047,9.8065,-0.0088,-0.0386,0.1627,348.61,-76.44,-173.65,52.20295,-2.198977,9.89,2,260.33,22 / 22,3.117899063536157,-10.048913592366617,1.634811794257155,-109.81830021278886,-64.37708441004693,10.459330607633769,False,16.799999999999272,0.6244094624971932,-6.599415180473181,-116.53198625416297,-43.42161885519336,6.628888888880016,174.59500000005417,-2.4934896010389638,3.449498411893436,-6.7136860413741175,20.955465554853575
13382310.0,-1.1968,-2.5371,10.6527,0.0262,-0.0044,9.8066,0.0732,0.1278,-0.3248,350.94,-76.31,-173.42,52.20295,-2.198977,9.89,2,260.33,22 / 22,3.0048810668656074,-10.34695717207247,1.7199017942574646,-109.51216120626765,-65.3968779482726,10.62706628706011,False,16.899999999999636,0.6908561774938033,-6.5818976806420295,-116.45702415775375,-44.07766892316317,6.6180555555557525,174.00800000001067,-2.314024889371804,3.7650594914304403,-6.944862951486101,21.31920902510943
13382410.0,-1.3828,-0.7709,8.3388,0.0581,-0.019,9.8064,0.0525,-0.1056,-0.1932,351.15,-76.03,-173.64,52.20295,-2.198977,9.89,2,260.33,22 / 22,2.8812995287381162,-10.561653905311134,1.6888117942573515,-109.21785217648639,-66.4423085021456,10.797501966486472,False,17.0,0.7718376868003941,-6.651478827868304,-116.38206206134403,-44.74483848285116,6.696111111111112,173.38099999999997,-2.1094618419377222,3.9101750774428305,-7.164209884857641,21.697470019294435
13382510.0,-2.8229,-2.2778,14.2008,0.0206,-0.0405,9.8065,0.3703,-0.4952,0.207,352.24,-76.0,-174.39,52.20295,-2.198977,9.89,2,260.33,22 / 22,2.6720087253980807,-10.773306521712765,1.835126794257884,-108.94018676377857,-67.50905652350067,10.973698895912875,False,17.100000000000364,0.8943103633424042,-6.70254441565065,-116.28665575679805,-45.42312753496463,6.761944444444319,172.39999999999148,-1.7776983620556766,4.070762106062115,-7.346468993019485,22.085928988536047
13382610.0,6.4436,-1.069,10.8888,-0.05,-0.1285,9.8056,-0.357,-0.6425,0.7561,354.12,-75.72,-174.19,52.20295,-2.198977,9.89,2,260.33,22 / 22,2.8502708959690333,-10.955804518886794,2.10894179425888,-108.66407278270921,-68.5955120755346,11.17090232533943,False,17.200000000000728,0.9481693374888164,-6.688123795770315,-116.19806418827882,-46.07917760222834,6.75500000000764,171.93099999998282,-1.9021015584802168,4.267680723116479,-7.5339914055696084,22.51633447330626
13382711.0,1.6249,2.8255,10.3987,-0.1619,0.0808,9.8049,-0.1751,-0.3765,0.1821,351.63,-75.77,-176.51,52.20295,-2.198977,9.89,2,260.33,22 / 22,3.216614395775592,-10.853912129018243,2.1934888942578326,-108.35769507547991,-69.69690276624016,11.388175075106831,False,17.300999999999476,1.0350065430777862,-6.887565385864409,-116.09468464258835,-46.775480232866386,6.964900000000342,171.4540000000171,-2.181607852697806,3.9663467431538333,-7.736989567108438,22.92142253337377
13382810.0,-3.3866,0.5571,12.3867,-0.0018,0.0334,9.8065,-0.0405,-0.3393,0.2856,355.16,-75.95,-173.77,52.20295,-2.198977,9.89,2,260.33,22 / 22,3.0833688760679014,-10.720526479136215,2.3505078442580865,-108.04584590352316,-70.76483747734552,11.613102913663733,False,17.399999999999636,1.0929170451814105,-6.868592092441828,-115.97999263505974,-47.45799469265944,6.955000000000182,170.9590000000091,-1.990451830886491,3.8519343866943867,-7.934146731536586,23.306842784686083
13382910.0,-3.2799,0.5093,9.2489,0.011,0.0288,9.8065,-0.2381,-0.0402,-0.0543,355.64,-75.62,-173.67,52.20295,-2.198977,9.89,2,260.33,22 / 22,2.722447868822902,-10.723645175378616,2.4516228442584542,-107.75555506627757,-71.83704606007517,11.853209448090434,False,17.5,1.0415413392782948,-6.980783613884834,-115.8777715945131,-48.15852273033183,7.058055555555555,171.514,-1.680906529544607,3.7428615614937817,-8.12221652823554,23.678523329743335
13383010.0,-2.9995,-2.8786,10.8293,-0.0059,0.0246,9.8065,0.0878,-0.4964,0.2388,355.23,-75.78,-174.01,52.20295,-2.198977,9.89,2,260.33,22 / 22,2.3950982936402605,-10.89612058213436,2.474867844258539,-107.49967775815348,-72.91803434795474,12.09953398251718,False,17.600000000000364,1.430365934589567,-7.0525221315934665,-115.72103266561244,-48.8590507672971,7.1961111111106355,168.53500000000307,-0.9647323590506935,3.8435984505408936,-8.22135490745896,24.058983580657646
13383110.0,-3.1165,0.282,8.7576,-0.0187,-0.0035,9.8065,-0.0659,-0.3194,0.1025,353.39,-75.7,-175.13,52.20295,-2.198977,9.89,2,260.33,22 / 22,2.0773795592005087,-11.085920567216714,2.473547844258534,-107.27605386551063,-74.0171364054263,12.346954766943934,False,17.700000000000728,1.4045657096284996,-7.031080654309435,-115.58473794484702,-49.55957880567743,7.1700000000048405,168.7029999999571,-0.6728138495720091,4.054839912907279,-8.308684079336388,24.457557599748867
13383209.0,2.2132,2.0695,9.1067,-0.0053,0.0408,9.8065,0.0361,-0.6514,0.1277,352.94,-76.03,-175.51,52.20295,-2.198977,9.89,2,260.33,22 / 22,1.9956767690893142,-11.00481908480837,2.3869723442583943,-107.07443757725996,-75.11062801820331,12.587550516275911,False,17.799000000000888,1.5760758293262098,-7.12958295327532,-115.42956640527343,-50.2641098611223,7.301724999997386,167.53480000002318,-0.4196009397631044,3.8752361315330495,-8.355128828013477,24.846518157081015
13383309.0,-2.1865,1.3934,9.5307,-0.0249,-0.0317,9.8065,0.1313,-0.6112,0.4064,351.52,-76.16,-176.64,52.202587,-2.199398,7.41,3,176.76,22 / 22,1.951658701518676,-10.866553471582675,2.3381773442591043,-106.87707080373242,-76.20419664600695,12.823808000698348,False,17.898999999999432,1.440941517050224,-7.083725121798139,-115.28632065376298,-50.9757573912142,7.228805555557083,168.50210999997987,-0.5107171844684519,3.782828349784536,-8.409249850030562,25.228439254792747
13383410.0,2.3671,-0.2275,9.2258,0.0224,0.0048,9.8065,0.041,0.4608,-0.2891,350.15,-76.02,-177.63,52.202587,-2.199398,7.41,3,176.76,22 / 22,1.9296325448211535,-10.835779182102595,2.2949089442588613,-106.68106559579115,-77.30016444502421,13.05777885826982,False,18.0,1.7810182729767399,-7.242276339734354,-115.09407695007636,-51.705640890455044,7.458055555555555,166.18400000000003,-0.14861427184441367,3.593502842368241,-8.413011354285203,25.594523554569165
13383510.0,-7.6915,0.3258,7.9239,0.0172,0.0432,9.8065,0.1535,-0.2524,0.3098,348.96,-75.81,-178.16,52.202587,-2.199398,7.41,3,176.76,22 / 22,1.6463562630790272,-10.9162350634998,2.171728944258413,-106.50226615539549,-78.38776515730828,13.281110752696497,False,18.100000000000364,1.6707621974039077,-7.15872811661587,-114.93052328517511,-52.41728842055353,7.35111111111107,166.8630000000103,0.024405934324880585,3.7575069468839297,-8.428257129779624,25.970476736754748
13383610.0,-0.0313,-0.3686,10.719,-0.0954,0.0636,9.8059,0.2413,0.5454,-0.597,351.69,-76.2,-177.8,52.202587,-2.199398,7.41,3,176.76,22 / 22,1.245217854807629,-11.023897454363693,2.1232089442582365,-106.35768744950063,-79.48477178320545,13.495857647123112,False,18.200000000000728,1.5994802109586397,-7.172714336713275,-114.77378435630094,-53.14005544378524,7.348888888896093,167.42900000000216,0.35426235615101076,3.851183117650418,-8.416096906800306,26.344716339420202
13383710.0,-4.0728,1.1906,7.8469,0.0079,-0.0062,9.8065,-0.2121,-0.3041,-0.0375,348.1,-76.0,179.46,52.202587,-2.199398,7.41,3,176.76,22 / 22,1.013359719377662,-11.057800480618267,2.0708389442589987,-106.24475857079301,-80.58885667993847,13.705560041545922,False,18.299999999999272,1.6350008672746912,-7.367709454873551,-114.61023069141449,-53.87394196008283,7.54694444443724,167.48799999999784,0.6216411478970292,3.6900910257447164,-8.365472120621476,26.714914719855642
13383809.0,4.6555,1.1103,9.952,-0.0311,0.036,9.8065,-0.0886,0.4842,-0.2337,346.68,-76.39,178.17,52.202587,-2.199398,7.41,3,176.76,22 / 22,0.9956856150990618,-10.96742329410036,1.9810261442588535,-106.14531082673625,-81.6791052567888,13.906127363427881,False,18.398999999999432,1.3848187556354619,-7.255613296655698,-114.48204550649677,-54.589481312380535,7.386619444447743,169.1947599999649,0.3891331405364,3.7118099974446626,-8.336734679760525,27.089623944408267
13383910.0,3.8983,-1.7282,12.476,0.0705,-0.0869,9.806,-0.3209,-0.6685,0.51,348.22,-76.36,178.06,52.202587,-2.199398,7.41,3,176.76,22 / 22,1.4018098612390366,-10.936865784440393,2.1231684942596525,-106.02423730518049,-82.78527185526133,14.11338919267423,False,18.5,1.4540600158700674,-7.44234109866579,-114.3308265138027,-55.35283448452966,7.583055555555555,168.945,0.052250154631030776,3.4945246857746026,-8.306589208622214,27.43243737073167
13384010.0,10.124,1.079,11.1794,0.0148,-0.0069,9.8065,-0.0546,0.3377,0.0452,347.42,-76.06,177.42,52.202587,-2.199398,7.41,3,176.76,22 / 22,2.072275842831806,-10.851226664653879,2.325273494260388,-105.85053301997631,-83.87467647772,14.335811292101042,False,18.600000000000364,1.3501061239035026,-7.50056984649037,-114.20134652909263,-56.09784049331968,7.6211111111098875,169.7960000000167,-0.7221697189283034,3.3506568181635092,-8.350813509116321,27.77683598440032
13384110.0,-0.124,1.028,9.6985,0.166,-0.0626,9.805,-0.3018,-1.1494,0.9739,353.25,-76.22,178.22,52.202587,-2.199398,7.41,3,176.76,22 / 22,2.520714817132142,-10.669513887545719,2.388503494260618,-105.62088348697728,-84.9507135053339,14.571500141527949,False,18.700000000000728,1.218785657514795,-7.454917763914963,-114.07868128038326,-56.84284650069546,7.553888888890203,170.71500000002155,-1.3019291596173468,3.2145961236307556,-8.457797793405987,28.107867004638436
13384210.0,-7.4186,2.4083,7.9122,-0.0145,-0.0234,9.8066,-0.1283,-0.34,0.0131,350.34,-75.75,176.04,52.202587,-2.199398,7.41,3,176.76,22 / 22,2.1001627262004385,-10.593710466692276,2.288373494262075,-105.389839609814,-86.01387472303033,14.80534399095068,False,18.799999999999272,1.147152993224689,-7.502808808047521,-113.96964550376521,-57.598972002549736,7.589999999998686,171.30699999997847,-0.9530097329757494,3.0909016586447544,-8.579805893951203,28.41490272048059
13384309.0,-0.7043,0.7029,8.8846,0.0684,-0.0339,9.8063,-0.0731,-0.596,0.3644,347.22,-75.57,173.48,52.202587,-2.199398,7.41,3,176.76,23 / 23,1.6558416199947499,-10.54338370920725,2.1489567442618496,-105.20391739467703,-87.06016088473905,15.02499183775797,False,18.898999999999432,1.0220632355742838,-7.491996111100139,-113.86844667365104,-58.33652795125077,7.561400000000589,172.231659999981,-0.6337783844204661,3.0513875981071106,-8.664529278974001,28.723632933488275
13384410.0,-2.4077,1.6605,8.8978,0.0396,-0.0033,9.8065,-0.0321,-0.2763,0.2478,345.25,-75.59,173.62,52.202587,-2.199398,7.41,3,176.76,23 / 23,1.4548043388517389,-10.499843897409354,2.05649629426133,-105.04682977375441,-88.12284387887915,15.237367216204584,False,19.0,0.9642945146434986,-7.620341461526709,-113.77201815867232,-59.11122300498117,7.681111111111111,172.78799999999998,-0.4905098242082403,2.879502435882645,-8.725188384917914,29.011620873897982
13384509.0,2.0419,0.2193,11.4604,-0.0094,-0.0279,9.8066,-0.0939,0.0604,-0.1627,341.67,-75.83,174.03,52.202587,-2.199398,7.41,3,176.76,23 / 23,1.393586392805038,-10.44217344846068,2.0933688442613896,-104.90583443253718,-89.1594737375014,15.44278554056179,False,19.09900000000016,0.8551038354210011,-7.683164064114422,-113.69105909455973,-59.87079554868463,7.730611111111911,173.6493000000139,-0.5384825573840369,2.7590093843462586,-8.785224662022557,29.288678188816768
13384610.0,-3.4003,0.7816,9.4667,0.0673,-0.0175,9.8063,-0.1535,-0.3468,0.4044,340.37,-75.75,173.39,52.202587,-2.199398,7.41,3,176.76,23 / 23,1.2965351069034363,-10.454729907366259,2.1597157442617623,-104.76998329680113,-90.2147673569766,15.657566312283416,False,19.200000000000728,0.8234721212417537,-7.5703446860454635,-113.60846449374438,-60.62347400670569,7.615,173.79200000004116,-0.4730629856616826,2.8843852213207954,-8.838481196943249,29.591293350270902
13384710.0,3.1837,1.2428,11.0184,0.0365,-0.0043,9.8065,0.0733,0.2313,0.1454,342.49,-75.74,174.83,52.202587,-2.199398,7.41,3,176.76,23 / 23,1.2398454761460695,-10.40240227103171,2.203305744261128,-104.6431642676505,-91.25762396588132,15.875717386706386,False,19.299999999999272,0.6738852611622093,-7.585123839120066,-113.54031713336823,-61.39071900098465,7.615,174.92299999995885,-0.5659602149838603,2.8172784319116433,-8.897152865717729,29.86690496489667
13384810.0,0.1899,1.1122,8.7088,0.0002,-0.068,9.8064,-0.2488,0.0079,0.0454,345.71,-75.44,175.67,52.202587,-2.199398,7.41,3,176.76,23 / 23,1.3503075127819582,-10.272719211936668,2.209000744261149,-104.51365661820363,-92.2913800400335,16.096332711133304,False,19.399999999999636,0.6228225783844867,-7.593389225970703,-113.47898450904016,-62.14684450220077,7.618888888888818,175.31099999999293,-0.7274849343974714,2.679329985965965,-8.965327890836534,30.14453553783273
13384910.0,-1.0309,2.0057,11.9146,-0.0099,0.0118,9.8066,0.1769,-0.4078,0.0472,343.73,-75.72,176.03,52.202587,-2.199398,7.41,3,176.76,23 / 23,1.249711488708026,-10.16817359163593,2.2595057442613324,-104.38365566812865,-93.31342468021585,16.31975803556024,False,19.5,0.45276301045943645,-7.59846720606652,-113.43809609282121,-62.90297000341649,7.611944444444444,176.59,-0.7969484782485896,2.569706385569411,-9.054440424692558,30.410454676799354
13385010.0,-3.9578,1.3261,9.3132,0.0706,-0.0424,9.8062,0.074,-0.2366,0.3404,343.72,-75.45,175.88,52.202587,-2.199398,7.41,3,176.76,23 / 23,0.9456799355321903,-10.11201058087876,2.340230744261626,-104.27388609691624,-94.32743388884526,16.549744859987225,False,19.600000000000364,0.43700010173684023,-7.590486459504397,-113.3903929405212,-63.67021499776482,7.603055555553807,176.70500000000175,-0.5086798337953501,2.5215241213743633,-9.116506843604952,30.65721889108044
13385110.0,2.9451,3.5303,6.6903,-0.0218,0.1165,9.8058,0.2744,-0.1812,0.0548,341.82,-75.18,176.53,52.202587,-2.199398,7.41,3,176.76,23 / 23,0.8046251169622611,-9.92431686118418,2.1597407442609695,-104.1863708442912,-95.32925026095205,16.774743434414173,False,19.700000000000728,0.4190489367822685,-7.495239347786688,-113.34950452430338,-64.41522100514061,7.5069444444480515,176.80000000005197,-0.3855761801799926,2.429077513397491,-9.16313368001218,30.914029255811442
13385210.0,-0.5058,-0.1449,10.8303,-0.0124,0.0557,9.8064,0.3273,-0.1214,0.1791,339.8,-75.88,176.51,52.202587,-2.199398,7.41,3,176.76,23 / 23,0.8520577175754375,-9.76089924362065,2.0551057442624923,-104.10353670256552,-96.31351106617797,16.985485758837278,False,19.799999999999272,0.23519848229630294,-7.602473801890886,-113.32906031625014,-65.17134650699488,7.606111111107504,178.22799999994803,-0.6168592352791346,2.1584254417297633,-9.225523613684615,31.142164559183087
13385310.0,0.7061,2.0455,7.5802,-0.0069,-0.1044,9.8061,0.1502,-0.2398,0.2085,343.22,-75.45,177.64,52.202587,-2.199398,7.41,3,176.76,23 / 23,0.8185166878050839,-9.70280650068824,1.9949657442622735,-104.02000798229619,-97.28669635339695,17.18798933326425,False,19.899999999999636,0.2583378321614168,-7.642579466442108,-113.30180137203243,-65.9385915006359,7.646944444443702,178.064000000003,-0.5601788556436671,2.0602270342461324,-9.281793389736237,31.348104852761054
13385410.0,-3.6613,-0.277,11.5692,-0.0013,-0.0093,9.8066,0.3133,-0.495,0.1074,342.11,-75.63,177.93,52.202587,-2.199398,7.41,3,176.76,23 / 23,0.6355509068631198,-9.698270272519812,1.9717707442621892,-103.94730460256251,-98.25675019206088,17.386326157691197,False,20.0,0.23479070225260118,-7.52133620616282,-113.28135716392303,-66.69471700185181,7.5249999999999995,178.21200000000002,-0.4007602046105186,2.176934066356992,-9.334052561360522,31.562033190209064
13385509.0,0.116,-1.0214,11.5334,-0.0132,-0.0241,9.8066,-0.2048,0.2869,-0.2499,342.46,-75.61,178.53,52.202587,-2.199398,7.41,3,176.76,23 / 23,0.47111848433509596,-9.847403236084654,2.1444910942624684,-103.89252446769811,-99.22426103073836,17.590081118698496,False,20.09900000000016,0.20516271797000715,-7.6044572519290154,-113.26111739789488,-67.44328124805386,7.607225000001329,178.4545500000039,-0.2659557663650888,2.2429459841556385,-9.368592930196769,31.780979782684497
13385610.0,-3.9887,-0.1222,9.3766,-0.0065,0.0339,9.8065,-0.0247,-0.0607,0.1576,342.36,-75.79,178.52,52.202587,-2.199398,7.41,3,176.76,23 / 23,0.284859134767508,-9.996322277544554,2.2099744442628366,-103.85434759793321,-100.22636916918226,17.80998162839526,False,20.200000000000728,0.12206675468478755,-7.544012507109155,-113.24728348375835,-68.20696800499097,7.545000000001274,179.07299999996542,-0.16279238008272046,2.4523097704353987,-9.392935885825139,32.019401164191294
13385710.0,3.1125,-0.2307,10.9839,-0.0168,0.0204,9.8066,-0.0551,0.394,-0.4112,343.17,-76.01,178.96,52.202587,-2.199398,7.41,3,176.76,23 / 23,0.23161020919687592,-10.062693958618942,2.247334444262293,-103.82852413073537,-101.22931998097584,18.032847072818274,False,20.299999999999272,0.2482750978821005,-7.575932911249397,-113.21320980351608,-68.97421299785529,7.579999999998726,178.12300000003455,0.016664888685224588,2.486761047369545,-9.384685672780705,32.255106983120555
13385810.0,2.7433,-0.8019,9.2101,-0.0075,0.0318,9.8065,-0.0888,0.0501,0.21,342.09,-75.95,178.73,52.202587,-2.199398,7.41,3,176.76,23 / 23,0.5094961842591219,-10.058817874815828,2.2763694442623987,-103.79146881106244,-102.23539557265124,18.25903226724533,False,20.399999999999636,0.22470267988632575,-7.535539422275987,-113.19276559540631,-69.71921900664611,7.538888888889637,178.29199999999693,-0.28479350437279616,2.5232784525398415,-9.40129678434387,32.51617656600513
13385910.0,0.2632,0.5512,10.0696,-0.0605,0.0255,9.8064,-0.0846,0.3224,0.177,341.49,-76.26,179.19,52.202587,-2.199398,7.41,3,176.76,23 / 23,0.6393151477879551,-10.058897690694424,2.2596894442623383,-103.73402824445988,-103.24128135093042,18.48583521167239,False,20.5,0.3222670357039761,-7.538114416596406,-113.15869191524247,-70.47534450786164,7.545,177.55200000000002,-0.317048112083979,2.5207832740980187,-9.424663670782593,32.765936843068786
13386010.0,2.876,1.255,9.2107,-0.0118,0.0011,9.8066,-0.1312,0.2349,-0.1722,341.85,-76.22,179.61,52.202587,-2.199398,7.41,3,176.76,23 / 23,0.7434560196956276,-9.958619798007053,2.2430394442622776,-103.66488968608544,-104.24215722536914,18.710971656099442,False,20.600000000000364,0.4115664994485842,-7.485638851804543,-113.1109887629693,-71.22035051665206,7.496944444446299,176.8529999999846,-0.3318895202470434,2.47298094620251,-9.446099076883854,33.02180670871708
13386109.0,3.5001,0.5814,10.0777,-0.0185,0.0154,9.8066,0.1089,-0.4437,0.0656,342.93,-76.23,-179.04,52.202587,-2.199398,7.41,3,176.76,23 / 23,0.9996110188578284,-9.81077340873918,2.2269568942622517,-103.57860786767691,-105.22074218910466,18.932236474856765,False,20.699000000000524,0.527969780664662,-7.5794950390826425,-113.05701605352513,-71.97992305965528,7.597869444447931,176.01545999997109,-0.4716412381931664,2.231278369656538,-9.478408185848224,33.24081912944938
13386209.0,2.09,1.2051,7.9189,-0.0669,-0.0537,9.8062,-0.0215,-0.3206,0.5332,341.33,-76.17,-179.18,52.202587,-2.199398,7.41,3,176.76,23 / 23,1.2211241262218566,-9.675394998471209,2.1461218942619578,-103.46757111042253,-106.19505060946872,19.150890414283772,False,20.799000000000888,0.7513380365891679,-7.548907505284686,-112.97551181053409,-72.73615975713383,7.586238888889139,174.31608000003357,-0.46978608963268875,2.1264874931865227,-9.507940700111561,33.45889085233489
13386310.0,7.3803,2.9126,8.2206,-0.0169,-0.0365,9.8065,0.3301,-0.5473,0.4336,341.35,-75.86,-178.5,52.202587,-2.199398,7.41,3,176.76,23 / 23,1.5910784881141256,-9.360302279899138,1.9706949942641314,-103.32555487840033,-107.15635332201451,19.358789667151765,False,20.899999999999636,0.7215633429464162,-7.402973509994948,-112.90654668185535,-73.47760752780516,7.438055555558249,174.43299999999755,-0.8695151451677093,1.9573287699041897,-9.58099180345502,33.67874579420935
13386410.0,-9.3745,-1.415,11.2133,-0.0284,-0.0783,9.8062,0.2294,-1.0845,0.5159,345.27,-75.16,-175.94,52.202587,-2.199398,7.41,3,176.76,23 / 23,1.441158850271992,-9.32586353030763,1.9617249942640989,-103.17394301148047,-108.09066161252825,19.55541066657889,False,21.0,0.8737310050386647,-7.4478136858232,-112.81114037728265,-74.22261353588766,7.498888888888889,173.30900000000003,-0.5674278452333273,1.8780498444844307,-9.63719736580218,33.86804807664059
13386510.0,1.9542,3.0217,8.8681,-0.0694,-0.1066,9.8057,-0.1567,0.0636,-0.0887,345.23,-74.88,-174.21,52.202587,-2.199398,7.41,3,176.76,23 / 23,1.0429855819338567,-9.375813142842734,1.985129994264184,-103.04973578986973,-109.02574544618918,19.752753416006023,False,21.100000000000364,1.0673418152431433,-7.381285397489186,-112.70210460068176,-74.96761954467748,7.458055555555591,171.77199999999993,0.0243562333092866,1.9945277453535484,-9.652368810812035,34.0581259015117
13386610.0,-8.5427,-4.0621,11.9917,-0.0233,0.0031,9.8065,0.262,-0.8478,0.5726,344.27,-75.26,-174.46,52.202587,-2.199398,7.41,3,176.76,23 / 23,0.7243596304402451,-9.549616485283984,2.047454994264411,-102.9613685292507,-109.97201692759896,19.954382665433187,False,21.200000000000728,1.0682643923113262,-7.383116631077394,-112.59306882405303,-75.70150605962716,7.459999999998181,171.76699999995438,0.3439047618710811,2.16649985420659,-9.631700294802329,34.270510867971794
13386710.0,6.7121,-0.5241,10.7113,-0.0407,0.0089,9.8065,-0.273,0.9473,-0.7001,344.83,-75.58,-174.12,52.202587,-2.199398,7.41,3,176.76,23 / 23,0.680654313814301,-9.83195730222195,2.2019399942621627,-102.891117832039,-110.94109561696015,20.16685241485642,False,21.299999999999272,1.2213445099719749,-7.3086536097962185,-112.46358883932754,-76.43539257592474,7.410000000001818,170.51300000004562,0.5406901961576739,2.5233036924257313,-9.572471007288542,34.50570304103542
13386810.0,8.0845,4.4046,8.5375,0.0912,0.0755,9.8059,-0.127,-0.2193,0.1037,348.71,-75.9,-173.38,52.202587,-2.199398,7.41,3,176.76,23 / 23,1.3450366328254446,-9.507139498734048,2.1837149942620964,-102.78983328470665,-111.90805045701147,20.38613516428343,False,21.399999999999636,1.3332109289917726,-7.1710085582367125,-112.32729411859022,-77.14704010602385,7.293888888891002,169.468000000019,-0.011825703833671986,2.336130940497336,-9.537460833883571,34.76101035098762
13386910.0,3.42,4.2525,8.02,-0.0388,0.0029,9.8065,-0.1734,0.8699,-0.4236,345.13,-76.35,-174.11,52.202587,-2.199398,7.41,3,176.76,23 / 23,1.7892716463335328,-8.995415945003957,2.0309249942615404,-102.63311787074812,-112.83317822920174,20.596867163710378,False,21.5,1.393777632790554,-7.015952372358079,-112.18418466177118,-77.84756814440397,7.1530555555555555,168.764,-0.39549401354297875,1.9794635726458782,-9.55106679102306,34.98561008479777
13387009.0,3.2617,3.2827,7.9094,0.0313,0.0433,9.8065,-0.1307,0.5672,-0.3106,344.09,-76.68,-175.49,52.202587,-2.199398,7.41,3,176.76,23 / 23,1.9913507699175177,-8.581212952601435,1.8485719442612456,-102.4459770611434,-113.70322135963461,20.788902262167568,False,21.59900000000016,1.4318322583118726,-6.964772525767259,-112.04250629952051,-78.5410909023987,7.110430555554866,168.38284999999385,-0.5595185116056451,1.6164404268341759,-9.596529238377116,35.16213045723592
13387110.0,-8.8551,0.4914,11.3958,0.018,0.0841,9.8062,-0.1046,0.851,-0.7284,343.33,-76.89,-175.05,52.202587,-2.199398,7.41,3,176.76,23 / 23,1.6507241057438788,-8.515318026480454,1.833012894261158,-102.26205227992146,-114.5665961740831,20.974822296513995,False,21.700000000000728,1.499854970802031,-6.909076281714964,-111.89115101210511,-79.23750472732327,7.069999999999707,167.75199999999185,-0.15086913494184784,1.60624174476549,-9.62909873218365,35.32909144675983
13387210.0,-0.4441,2.2287,7.888,0.0764,0.0791,9.806,-0.3382,0.6957,-0.2262,344.31,-76.87,-173.2,52.202587,-2.199398,7.41,3,176.76,23 / 23,1.1500481192439362,-8.551316307996819,1.816537894261398,-102.12201366867411,-115.41992789079455,21.15729983593747,False,21.799999999999272,1.5251150349797138,-6.895294298759312,-111.73441208324542,-79.92691327250746,7.061944444444737,167.52800000000815,0.37506691573577755,1.6560220092375069,-9.612398414571302,35.49301461828709
13387310.0,-3.8392,0.3,10.9876,-0.034,0.0717,9.8063,0.2143,0.0536,0.0874,344.41,-77.46,-174.99,52.202587,-2.199398,7.41,3,176.76,23 / 23,0.8913200803667622,-8.520815556998876,1.7796528942612637,-102.01994525869321,-116.27353448404745,21.337109375364257,False,21.899999999999636,1.5921705041190963,-6.772301609418026,-111.57085841831723,-80.60520232532907,6.956944444446354,166.7700000000138,0.7008504237523341,1.7485139475808502,-9.550913159624017,35.66833215871837
13387410.0,1.127,0.4373,11.4625,0.031,-0.053,9.8064,0.0028,0.395,-0.3162,340.57,-77.48,-175.81,52.202587,-2.199398,7.41,3,176.76,22 / 23,0.7310895562797346,-8.552787397053056,1.92149289426178,-101.9388247768606,-117.12721463175315,21.522166664791083,False,22.0,1.5936446519998793,-6.6754646491307374,-111.4073047534159,-81.27237188501746,6.8630555555555555,166.57299999999998,0.8625550957201447,1.8773227479223182,-9.468479976555301,35.854842746735684
13387510.0,-1.6968,1.5429,8.6871,0.0331,0.0114,9.8066,0.0733,-0.213,-0.0373,343.34,-77.28,-175.67,52.202587,-2.199398,7.41,3,176.76,22 / 23,0.6567080072296271,-8.498202131946703,1.9483078942618774,-101.86943489868487,-117.97976410820624,21.71565670421797,False,22.100000000000364,1.6728858608275656,-6.639435301433895,-111.23693635245994,-81.92842195157263,6.84694444444261,165.8579999999868,1.0161778535979384,1.858766830512808,-9.367501453775063,36.05134215663361
13387610.0,-1.4906,0.7582,10.4105,-0.0312,0.0077,9.8066,0.0142,-0.0222,0.1336,345.81,-77.45,-173.86,52.202587,-2.199398,7.41,3,176.76,22 / 23,0.45335573800235224,-8.463694277896911,1.9225228942617838,-101.81393171142307,-118.8278589287015,21.90919824364486,False,22.200000000000728,1.7310050695260197,-6.5202481987058905,-111.0597532154496,-82.58447201954203,6.746111111110778,165.13199999998372,1.2776493315236674,1.9434460791910206,-9.245821504026537,36.24338690915947
13387710.0,0.3998,1.8751,10.778,0.0089,0.0111,9.8066,-0.1211,-0.0187,0.0911,342.55,-77.44,-174.88,52.202587,-2.199398,7.41,3,176.76,22 / 23,0.3445893010330692,-8.383455696388777,2.0012828942606378,-101.77403445947188,-119.67021642740353,22.105388533068126,False,22.299999999999272,1.7795126399807177,-6.497673061310804,-110.88257007845542,-83.22940259361285,6.736944444444777,164.6840000000163,1.4349233389476486,1.8857826350779732,-9.108535618983538,36.440813833790685
13387810.0,0.8702,3.4582,9.2631,-0.0073,0.0212,9.8066,-0.1293,0.1549,-0.0558,343.42,-77.66,-175.12,52.202587,-2.199398,7.41,3,176.76,22 / 23,0.3104321987477131,-8.143948199295572,2.0226728942607157,-101.74128338448271,-120.49658662219076,22.306586322494926,False,22.399999999999636,1.741160119325112,-6.364173045502662,-110.70538694147218,-83.87433316844964,6.598055555558082,164.69899999999973,1.4307279205773988,1.7797751537929098,-8.964103556989471,36.62225345374112
13387910.0,-1.2458,2.0739,9.7059,0.0065,-0.0029,9.8066,-0.1977,-0.0162,0.1028,343.06,-77.71,-175.42,52.202587,-2.199398,7.41,3,176.76,22 / 23,0.19536695132390364,-7.918751911055558,1.9904578942605986,-101.71599342697904,-121.29972162771124,22.50724286192172,False,22.5,1.8066465464014574,-6.351958494288656,-110.52138906843459,-84.50814425086095,6.603888888888889,164.123,1.6112795950775538,1.5667934167669024,-8.805395641455547,36.791577376850285
13388010.0,-2.1081,3.1539,7.95,-0.0529,0.0429,9.8063,-0.0778,0.2157,-0.0707,340.57,-77.61,-175.73,52.202587,-2.199398,7.41,3,176.76,22 / 23,-0.06306426118809766,-7.758461437212166,1.8925878942602425,-101.70937829247222,-122.08358229512747,22.70139515134847,False,22.600000000000364,1.7452251196212922,-6.246905364059606,-110.34420593145087,-85.13083583943151,6.486111111110783,164.39099999996384,1.8082893808093898,1.5115560731525592,-8.63482763897865,36.95274645569596
13388110.0,-4.3978,0.6696,9.6593,0.0239,0.0421,9.8064,-0.093,-0.0251,0.1632,341.27,-77.99,-175.98,52.202587,-2.199398,7.41,3,176.76,22 / 23,-0.45015449511332295,-7.7183841901970816,1.792387894259878,-101.73503923028738,-122.85742457650075,22.885643940775147,False,22.700000000000728,1.9553148284796666,-6.165426716072281,-110.13976385030463,-85.7424079362843,6.468055555553807,162.40400000002182,2.40546932359299,1.552957474124801,-8.404724620017248,37.11501664021645
13388210.0,2.4268,1.8235,8.7123,-0.0007,0.0188,9.8065,-0.0717,0.2801,-0.3028,342.53,-78.05,-175.95,52.202587,-2.199398,7.41,3,176.76,22 / 23,-0.5976028060057758,-7.668276796968642,1.7303028942607817,-101.78742709534258,-123.62675762584784,23.061778480198615,False,22.799999999999272,1.8765977234295634,-6.139607559481408,-109.95576597725655,-86.36509952550574,6.420000000001747,163.00399999997816,2.4742005294353393,1.5286692374872342,-8.168338881913968,37.2616581003421
13388310.0,1.0858,1.116,8.9594,-0.0181,0.0041,9.8066,-0.0037,-0.2538,0.0962,340.02,-78.29,-176.42,52.202587,-2.199398,7.41,3,176.76,22 / 23,-0.4937202394899409,-7.508451042088991,1.6332228942604285,-101.84199324761757,-124.38559401780348,23.229954769625287,False,22.899999999999636,1.8835931736277458,-6.1322346462169985,-109.76495336819168,-86.9766716216512,6.415000000000091,162.92500000000146,2.3773134131176867,1.3762163958719924,-7.922960120574118,37.40892239615228
13388410.0,-1.766,2.0002,11.2411,-0.0341,0.0444,9.8064,0.1467,-0.063,0.07,342.14,-78.63,-175.48,52.202587,-2.199398,7.41,3,176.76,22 / 23,-0.5928098558891755,-7.403970496106985,1.6625828942605354,-101.89631975238672,-125.131215094716,23.394745059051935,False,23.0,1.9735339691660236,-6.0419626057546845,-109.56051128704495,-87.57712422607811,6.356111111111112,161.911,2.566343825055199,1.3620078903523005,-7.664191534658229,37.554090868637886
13388510.0,0.6961,3.0428,9.8026,0.0236,0.0225,9.8066,-0.154,-0.2544,0.1983,341.64,-78.69,-174.56,52.202587,-2.199398,7.41,3,176.76,22 / 23,-0.7392347128326029,-7.214894594502,1.7341028942607957,-101.96292198082305,-125.8621583492491,23.56457934847862,False,23.100000000000364,1.9037232759883898,-6.043355169173472,-109.36969867797984,-88.18869632222277,6.336111111108746,162.51499999999587,2.6429579888209926,1.171539425328528,-7.406776697156786,37.67346202702633
13388609.0,-1.3338,1.242,9.9462,0.0129,0.0228,9.8066,-0.0383,-0.1909,0.0825,340.78,-78.91,-175.34,52.202587,-2.199398,7.41,3,176.76,22 / 23,-0.8528016631133868,-7.05901470926011,1.7408101442608066,-102.04172778143251,-126.56871685978646,23.73658754388572,False,23.199000000000524,1.8882574110539285,-5.913241965394002,-109.18079419500575,-88.77213610240231,6.207411111106665,162.29026999999223,2.7410590741673153,1.1457727438661074,-7.139066413573232,37.79658075738415
13388710.0,-0.7705,2.1841,9.729,0.0345,0.0028,9.8065,-0.0988,-0.1349,0.0086,340.37,-79.07,-175.61,52.202587,-2.199398,7.41,3,176.76,22 / 23,-1.0269399879752152,-6.966265136107885,1.7439360942607678,-102.13665473481132,-127.27699349196877,23.91256722892888,False,23.299999999999272,1.9944248964349252,-5.919136199210801,-108.97444398775872,-89.36736254404919,6.2461111111096566,161.37900000003307,3.0213648844101404,1.0471289368970842,-6.8377892529474025,37.90963094791958
13388809.0,-1.6508,1.264,8.8579,0.0249,0.0157,9.8066,-0.0247,-0.0932,0.0748,338.0,-79.2,-177.72,52.202587,-2.199398,7.41,3,176.76,22 / 23,-1.2134083696552644,-6.884636176912387,1.6931292942606857,-102.24755197851421,-127.96261310696438,24.082701965660966,False,23.398999999999432,2.0053698397721247,-5.739480408249515,-108.77204632739678,-89.93979402742798,6.079736111114535,160.74045000001314,3.218778209427389,1.145155768662872,-6.52449434888257,38.022819079536404
13388910.0,-1.2741,1.4353,9.6506,0.0104,0.0172,9.8066,-0.0105,-0.0734,0.026,339.03,-79.38,-178.49,52.202587,-2.199398,7.41,3,176.76,22 / 23,-1.203216058593103,-5.820545762370982,1.3917363601213164,-102.36959151214144,-128.6042247949018,24.238487681208134,False,23.5,1.8365903208529708,-5.804425590950413,-108.59281876960091,-90.52378978249287,6.088055555555556,162.442,3.039806379446074,0.016120171420569207,-6.22322725745947,38.08043501240893
13389009.0,-2.3391,2.4676,10.1235,-0.012,0.0261,9.8066,-0.0162,-0.1815,-0.0412,338.88,-79.6,-178.71,52.202587,-2.199398,7.41,3,176.76,22 / 23,-1.4544389779225726,-5.739409906137432,1.3996959601213295,-102.50114543644918,-129.17644260049389,24.37666358106037,False,23.59900000000016,1.9232525432431908,-5.696805442484812,-108.3971676979329,-91.0852129662691,6.012705555554337,161.34507999998226,3.3776915211657634,0.04260446365262016,-5.896022261483722,38.09122963422479
13389111.0,-0.297,2.6123,11.3026,0.0106,-0.0044,9.8066,-0.2092,-0.2732,0.1367,335.56,-79.87,-179.28,52.202587,-2.199398,7.41,3,176.76,22 / 23,-1.6942133681207854,-5.586322929557284,1.4921487601220287,-102.6617267060986,-129.7540549751187,24.524147661793897,False,23.70100000000093,1.8582297623590227,-5.66634087254183,-108.20247068932544,-91.66342658535736,5.963261111104532,161.84332999997477,3.552443130479808,-0.08001794298454623,-5.540743983226832,38.090628389761335
13389210.0,-0.6874,4.8126,8.746,0.0296,-0.0015,9.8065,-0.1486,-0.1854,0.2934,339.56,-80.09,-178.45,52.202587,-2.199398,7.41,3,176.76,22 / 23,-1.8902000282082578,-5.298528619278865,1.5136961101216677,-102.83915516921392,-130.29285512677706,24.672936982868467,False,23.799999999999272,1.867902953166963,-5.481597071917801,-108.01356620636855,-92.20283317338134,5.791111111117437,161.18300000002426,3.758102981375221,-0.18306845263893656,-5.174411037154627,38.09002195339572
13389311.0,-0.5125,3.2808,10.7767,0.0217,-0.0029,9.8066,0.0219,-0.3765,0.0807,342.1,-80.26,-176.3,52.202587,-2.199398,7.41,3,176.76,22 / 23,-2.0994921150908885,-4.968247560297256,1.509120810121642,-103.04063462245166,-130.81132732384856,24.825589237341614,False,23.90099999999984,1.8028331996045337,-5.396187750472227,-107.83454309062739,-92.75302567075076,5.689380555556547,161.5258300000019,3.902325314695422,-0.4279401901749713,-4.793908468175729,38.0583016530978
13389410.0,-4.6773,2.3062,9.753,0.0258,-0.0068,9.8066,-0.0157,-0.3315,0.2184,341.07,-80.21,-177.24,52.202587,-2.199398,7.41,3,176.76,22 / 23,-2.4460547302068907,-4.822768907024937,1.5544826101217155,-103.26563919129427,-131.2959826389818,24.977237606643904,False,24.0,1.794189710453754,-5.3344064917591,-107.65238519634727,-93.28142396272298,5.628055555555555,161.41,4.2402444406606445,-0.5116375847341628,-4.3867460050529985,38.014558676258815
13389510.0,-0.7116,3.3934,9.4893,0.0462,0.0246,9.8065,0.0598,-0.2218,0.1218,341.3,-80.25,-178.67,52.202587,-2.199398,7.41,3,176.76,22 / 23,-2.8091742484270785,-4.674855170240164,1.5359326101216482,-103.52840064022692,-131.77086384284678,25.131758367656634,False,24.100000000000364,1.8120112483745696,-5.143192600682475,-107.46838732328293,-93.79292062491483,5.453055555553372,160.5920000000344,4.621185496801648,-0.46833743044231113,-3.9399866830560057,37.97794321793195
13389610.0,-3.0248,2.883,9.3258,0.042,0.0131,9.8065,0.0084,-0.3058,0.0698,340.43,-80.15,-179.45,52.202587,-2.199398,7.41,3,176.76,22 / 23,-3.1042628089521926,-4.475072479817535,1.496022610121503,-103.82407249309696,-132.22836022535134,25.283356128669343,False,24.200000000000728,1.605189777498373,-5.0857494370841225,-107.31164839440925,-94.30441728781358,5.333055555550392,162.48300000002664,4.709452586450565,-0.6106769572665876,-3.487575901312283,37.92394293753776
13389710.0,-0.0904,3.5723,9.4143,0.0179,0.0084,9.8066,-0.0334,-0.1257,-0.0614,338.42,-80.08,179.14,52.202587,-2.199398,7.41,3,176.76,22 / 23,-3.380270268576654,-4.2605548229408985,1.4523626101221385,-104.14829914696868,-132.6651415904829,25.43077538967938,False,24.299999999999272,1.4990950955438562,-4.969944513017326,-107.16172420154923,-94.8047944575342,5.191111111116275,163.21499999997337,4.879365364120511,-0.7093896900764278,-3.0134250545805514,37.860347132948704
13389810.0,-2.4018,1.4535,10.6035,0.0316,0.025,9.8065,0.0218,-0.2987,0.1891,333.66,-80.17,177.28,52.202587,-2.199398,7.41,3,176.76,22 / 23,-3.603250412381416,-4.120172902224558,1.4725876101222122,-104.49747518101786,-133.0841779767427,25.57702290069213,False,24.399999999999636,1.5572663511464604,-4.8584728697195505,-106.99817053664839,-95.28293264244977,5.101944444446066,162.22800000001794,5.160516763527877,-0.7382999674949922,-2.5006953556305263,37.80124533429293
13389910.0,0.9656,2.1332,9.7899,0.0214,-0.0094,9.8065,-0.029,0.0041,0.014,337.04,-80.16,177.72,52.202587,-2.199398,7.41,3,176.76,22 / 23,-3.1900982082273384,-3.4232490938639,1.2848537186040008,-104.83714261204953,-133.4613490765485,25.71489496712894,False,24.5,1.5102242733925828,-4.633129945467395,-106.84824634380159,-95.7499513342317,4.873055555555555,161.946,4.700322481619921,-1.2098808516034953,-2.0111037317520584,37.71139774231679
13390011.0,-0.5371,1.533,9.1736,0.023,-0.0055,9.8066,0.006,-0.1512,0.0583,335.92,-79.98,176.98,52.202587,-2.199398,7.41,3,176.76,22 / 23,-3.2572075431142875,-3.281603909037185,1.2520388186038165,-105.16273155249411,-133.7999441531969,25.843008040258656,False,24.601000000000568,1.3901937153331514,-4.643135483603998,-106.70391023452255,-96.2215290180077,4.8467944444418745,163.3321200000206,4.647401258447439,-1.3615315745668126,-1.5411786820284448,37.57841513518919
13390110.0,0.6932,1.835,9.3715,0.0033,-0.0064,9.8065,-0.0488,0.051,-0.0543,335.51,-79.91,176.68,52.202587,-2.199398,7.41,3,176.76,22 / 23,-3.3317604854751486,-3.161928783388353,1.1991629186037311,-105.48888546990982,-134.11889902147246,25.964342526250626,False,24.700000000000728,1.2750625293842248,-4.546534381539465,-106.58247163829954,-96.67286922536844,4.72194444443815,164.33399999996988,4.606823014859374,-1.3846055981511123,-1.0935861683897201,37.446029796104014
13390210.0,-0.9669,1.198,9.6011,0.0111,0.01,9.8066,-0.0234,-0.0897,0.0557,335.21,-80.0,176.39,52.202587,-2.199398,7.41,3,176.76,22 / 23,-3.4200568500997197,-3.06603791752297,1.1671279186041974,-105.82647633668365,-134.4302973565135,26.0826570681093,False,24.799999999999272,1.2914974967540005,-4.3616997076130835,-106.44617691757436,-97.10652943912633,4.548888888895184,163.50600000003013,4.71155434685372,-1.2956617900901133,-0.6197005808907079,37.32376791738717
13390310.0,-0.8366,0.6204,10.3253,0.0,-0.0146,9.8066,-0.0261,0.0846,-0.0208,336.13,-80.07,176.37,52.202587,-2.199398,7.41,3,176.76,22 / 23,-3.5528608595733715,-3.0564998990451104,1.1827829186042544,-106.17512222216858,-134.73642424734302,26.20015260997015,False,24.899999999999636,1.1913479198630967,-4.35901903230143,-106.323511668864,-97.5401896543383,4.5188888888894345,164.71399999997806,4.744208779436468,-1.3025191332563195,-0.14838944669541831,37.19623459300472
13390410.0,-0.9127,0.6542,9.5728,0.0052,-0.0082,9.8066,-0.0457,-0.0007,-0.0112,336.38,-80.02,176.73,52.202587,-2.199398,7.41,3,176.76,22 / 23,-3.121152610043189,-2.6088648691826335,1.0174694808136604,-106.50882289565062,-135.01969248575543,26.310165229941447,False,25.0,1.0933012535700242,-4.2135240640935345,-106.21447589223577,-97.9627303750028,4.353055555555556,165.454,4.214453863613213,-1.604659194910901,0.2943470034148561,37.05696211075262
13390510.0,-0.4837,0.6415,10.0282,-0.0093,0.0,9.8066,-0.0149,0.0478,-0.0505,337.7,-80.12,176.55,52.202587,-2.199398,7.41,3,176.76,22 / 23,-2.740797713241687,-2.220514321947224,0.8643263086916095,-106.80192041181593,-135.2611614453128,26.404255019417054,False,25.100000000000364,1.0731875433391396,-4.129780065423392,-106.10544011563498,-98.3852710956665,4.2669444444410995,165.43300000001022,3.8139852565808265,-1.9092657434761682,0.6964802961809511,36.87589034964631
13390610.0,0.2325,0.9671,9.858,0.0004,0.0008,9.8066,-0.0074,0.0173,-0.0186,337.8,-80.2,176.59,52.202587,-2.199398,7.41,3,176.76,22 / 23,-2.3775729567464574,-1.8584140544164982,0.7462756123879104,-107.05783894531626,-135.46510786413174,26.484785115471322,False,25.200000000000728,0.9880571212467919,-3.9617023859576173,-106.00321907506175,-98.77445333905412,4.083055555555041,165.9960000000279,3.3656300779932495,-2.103288331541119,1.0546198702545126,36.69065452507762
13390709.0,0.0358,0.488,9.9142,-0.0084,-0.0001,9.8066,0.0032,0.0654,-0.0371,337.97,-80.27,176.83,52.202587,-2.199398,7.41,3,176.76,22 / 23,-2.045657136519699,-1.5485420250889839,0.6410199880297347,-107.27678883493328,-135.63375219006753,26.553456247692107,False,25.299000000000888,0.9322559231300012,-3.960792734048707,-105.90876683359498,-99.17075205747928,4.069030555555834,166.75532999998495,2.9779130596497003,-2.412250708959723,1.3680220013383035,36.46300013258825
13390810.0,0.1539,0.8253,9.6846,-0.0057,-0.0028,9.8066,-0.0172,0.0379,-0.0266,335.99,-80.32,176.76,52.202587,-2.199398,7.41,3,176.76,22 / 23,-1.7654788248303006,-1.2918664664614004,0.5442445773252822,-107.46925120097907,-135.77719281888903,26.613312108241793,False,25.399999999999636,0.8490747117348292,-3.8863862567933087,-105.81922120203245,-99.57505680993621,3.9780555555572077,167.6759999999834,2.61455353656513,-2.5945197903319084,1.6500299989466214,36.20213600895282
13390911.0,-0.7232,0.5671,9.7914,-0.0121,0.0013,9.8066,0.0117,0.0228,-0.0221,338.37,-80.42,177.09,52.202587,-2.199398,7.41,3,176.76,22 / 23,-1.5588311095454668,-1.0824573179107804,0.4567142882264567,-107.637128852666,-135.8970961700005,26.66386053095244,False,25.501000000000204,0.7763730326261348,-3.6445627856607956,-105.74337318993712,-99.93455000863325,3.7263388888889386,167.97449999999904,2.3352041421716017,-2.5621054677500155,1.8937556627288785,35.96254616136726
13391010.0,-0.0822,0.3886,9.6872,-0.0034,-0.0007,9.8066,-0.0049,0.0177,-0.0214,338.5,-80.46,177.19,52.202587,-2.199398,7.41,3,176.76,22 / 23,-1.3836816154850982,-0.924921044062998,0.38253964249247907,-107.78278323255525,-135.99646139891837,26.705403600523095,False,25.600000000000364,0.8095554547003267,-3.6604354750466497,-105.65566753710426,-100.29782383458277,3.748888888886307,167.5290000000268,2.193237070185425,-2.7355144309836517,2.127115695450982,35.6986375643356
13391110.0,-0.3419,-0.1493,10.0508,-0.0026,-0.0004,9.8066,-0.0019,-0.0078,0.0001,336.5,-80.53,177.09,52.202587,-2.199398,7.41,3,176.76,22 / 23,-1.2082430552776386,-0.8139476053863565,0.33045844611862657,-107.91237946609385,-136.08340483139116,26.74105350495378,False,25.700000000000728,0.6881756492896274,-3.5406867273192333,-105.59433491274832,-100.65364759857094,3.6069444444418672,169.00099999995004,1.896418704567266,-2.726739121932877,2.31804455334553,35.42975723282022
13391210.0,0.0655,-0.015,9.8608,-0.0035,0.0015,9.8066,0.0033,0.03,-0.006,336.66,-80.6,177.2,52.202587,-2.199398,7.41,3,176.76,22 / 23,-1.0465230810004797,-0.7333821933982931,0.29356742920064816,-108.02511777290611,-136.16077132132926,26.77225479871929,False,25.799999999999272,0.7576401277851591,-3.453992360575093,-105.50574334429189,-101.00947136394139,3.536111111113688,167.62800000004992,1.804163208785639,-2.7206101671767997,2.5193744286142277,35.15129995738788
13391309.0,-0.2398,-0.1615,9.9308,-0.0027,0.0055,9.8066,0.0046,-0.0228,0.0172,338.92,-80.7,177.33,52.202587,-2.199398,7.41,3,176.76,22 / 23,-0.9057801694881524,-0.6627051340843572,0.25703428732056305,-108.12175678380545,-136.22987764403976,26.799509583687133,False,25.898999999999432,0.6567270329102219,-3.2647327596612055,-105.44502404615281,-101.32871199918641,3.3301361111153494,168.62690999997943,1.5625072023983744,-2.602027625576848,2.6767327376526424,34.90116564485335
13391410.0,0.373,-0.0721,9.9336,-0.0045,0.0043,9.8066,-0.0142,0.0091,-0.0033,338.92,-80.8,177.4,52.202587,-2.199398,7.41,3,176.76,22 / 23,-0.7738617475412598,-0.6008335904136635,0.22925761172253917,-108.2065787006159,-136.29368634962728,26.82406732458895,False,26.0,0.6126170445084518,-3.0450987818699136,-105.38307809555391,-101.63216295322108,3.1061111111111113,168.625,1.3864787920497115,-2.44426519145625,2.8235006050619944,34.661523396406196
13391510.0,-0.2259,-0.1045,9.7496,0.0029,0.0087,9.8065,-0.0095,-0.0269,0.031,339.01,-80.92,177.31,52.202587,-2.199398,7.41,3,176.76,22 / 23,-0.6620475081694224,-0.5453766784657975,0.1978397199641691,-108.27837416340171,-136.35099686307146,26.845422191173363,False,26.100000000000364,0.5080673102809111,-3.007385510404854,-105.3285602072807,-101.94350874892031,3.049999999994942,170.4109999999977,1.1701148184503336,-2.4620088319390567,2.9498139561210053,34.40748811415115
13391610.0,-0.2403,0.0558,9.9173,-0.0047,0.011,9.8065,0.0057,0.0138,-0.0181,338.78,-81.09,177.05,52.202587,-2.199398,7.41,3,176.76,22 / 23,-0.5932412369570358,-0.5025821480264662,0.170441761969552,-108.34113860065825,-136.40339480439627,26.863836265270116,False,26.200000000000728,0.4677108162445528,-2.7322010532622936,-105.28085705500787,-102.21037657138133,2.771944444443282,170.28600000006205,1.0609520532015886,-2.2296189052358275,3.0602815456503834,34.19301823301494
13391710.0,-0.4615,0.0719,9.8464,0.0045,0.0155,9.8066,0.0049,-0.0285,0.0106,337.89,-81.2,176.85,52.202587,-2.199398,7.41,3,176.76,22 / 23,-0.5464110763343921,-0.4632948521214604,0.15126749767402614,-108.398121216322,-136.45168865440297,26.87992172825206,False,26.299999999999272,0.3817131458823511,-2.7132812375916218,-105.23996863879304,-102.48836388907166,2.7400000000011624,171.99199999993795,0.9281242222167432,-2.2499863854701614,3.158152577528952,33.96332476533131
13391810.0,0.045,0.1948,9.9027,-0.0061,0.0118,9.8066,0.0184,0.0091,-0.0294,338.56,-81.38,176.3,52.202587,-2.199398,7.41,3,176.76,22 / 23,-0.49741523654144537,-0.4200339333407756,0.1343488730229432,-108.45031253196598,-136.49585509367625,26.89420254678696,False,26.399999999999636,0.42147040883427944,-2.488448877906396,-105.19226548652023,-102.74411222052206,2.52388888889282,170.3870000000292,0.9188856453757248,-2.0684149445656206,3.2580470454457497,33.7517428731542
13391910.0,-0.0614,0.1059,9.703,-0.0016,0.0109,9.8066,0.0063,-0.0197,0.0034,338.29,-81.52,175.91,52.202587,-2.199398,7.41,3,176.76,22 / 23,-0.44064161643894667,-0.3754515946349887,0.11387354206950055,-108.49721537461517,-136.53562937007518,26.906613667541627,False,26.5,0.32883796919962044,-2.3338921792169836,-105.15819180632883,-102.977621565706,2.3569444444444443,171.98,0.7694795856385671,-1.9584405845819948,3.3390235682863363,33.55800780436918
13392010.0,0.259,-0.3028,9.9425,-0.0073,0.0103,9.8066,0.029,0.0226,-0.0152,337.64,-81.61,175.86,52.202587,-2.199398,7.41,3,176.76,22 / 23,-0.3758206735046123,-0.35377466693272763,0.0981610107590805,-108.5380384891125,-136.5720906831537,26.917215395183096,False,26.600000000000364,0.3823610520304886,-2.2465828704439965,-105.11048865402893,-103.21113091230357,2.2788888888847256,170.34100000001132,0.7581817255351009,-1.8928082035112688,3.4275498350835676,33.36095977085013
13392110.0,-0.1413,-0.5499,9.8605,-0.0032,0.0091,9.8066,0.0144,-0.0066,0.0113,338.13,-81.66,175.71,52.202587,-2.199398,7.41,3,176.76,22 / 23,-0.3134589980984146,-0.3625085619762735,0.09149910914524784,-108.57250247269278,-136.6079048445993,26.926698401178346,False,26.700000000000728,0.3219627848623018,-2.024559202674219,-105.07641497383827,-103.41128178020963,2.0499999999925014,170.96400000005588,0.6354217829607164,-1.6620506406979456,3.496087498854507,33.196623064389655
13392210.0,0.0393,-0.4853,9.916,-0.0041,0.0072,9.8066,0.0074,-0.0106,0.0016,337.58,-81.79,175.74,52.202587,-2.199398,7.41,3,176.76,22 / 23,-0.2661009764831906,-0.38065404434325517,0.08471024277335978,-108.60148047142144,-136.64506297491474,26.935508868774146,False,26.799999999999272,0.24070770212108655,-1.828109962976801,-105.05597076573083,-103.60031315496587,1.8438888888963871,172.49899999994417,0.5068086786042771,-1.4474559186335458,3.5455097056906055,33.04474981994886
13392310.0,0.2561,-1.1834,9.9915,-0.0023,0.0049,9.8066,0.0148,-0.0309,0.0071,338.19,-81.88,175.68,52.202194,-2.199236,0.0,3,161.75,21 / 21,-0.20020393198468237,-0.41479611862865123,0.08450720635740137,-108.62479571684491,-136.68483548306347,26.943969741230717,False,26.899999999999636,0.20469880865214538,-1.4506286215832713,-105.02871182159441,-103.74486655933083,1.4650000000068921,171.96800000000965,0.40490274063682774,-1.03583250295462,3.5960838952505014,32.939968923732636
13392410.0,0.0225,-0.8162,9.8069,0.0013,0.0065,9.8066,0.0049,-0.0162,0.0173,335.58,-81.93,175.69,52.202194,-2.199236,0.0,3,161.75,21 / 21,-0.13785897215201295,-0.45677878573232505,0.07969787540381988,-108.64169886205181,-136.72841422828168,26.952179995318808,False,27.0,0.14513970550335836,-1.4829141802162384,-105.01508234951227,-103.90053945682698,1.49,174.41,0.28299867765537134,-1.0261353944839133,3.6266165125395418,32.8278747714547
13392510.0,-0.1082,-0.1305,9.7557,0.0004,0.0098,9.8065,0.0019,-0.0325,0.004,337.61,-81.92,175.71,52.202194,-2.199236,0.0,3,161.75,21 / 21,-0.11564340592226446,-0.4567550384156437,0.06558844409323909,-108.65437398095557,-136.77409091948925,26.959444311293687,False,27.100000000000364,0.15127024995449057,-1.197427327002206,-104.98782340537585,-104.01173438391343,1.206944444443464,172.80000000000408,0.26691365587675503,-0.7406722885865623,3.66655057557972,32.76235653557582
13392610.0,0.2817,-1.4079,9.9231,0.0004,-0.0048,9.8066,0.0242,-0.0216,0.0072,337.42,-81.96,175.53,52.202194,-2.199236,0.0,3,161.75,21 / 21,-0.0784309254284011,-0.4760124789881014,0.05853392747926336,-108.66407769752314,-136.8207292953596,26.965650429872333,False,27.200000000000728,0.1400427205080219,-1.14451961565842,-104.97419393329422,-104.13404880271764,1.1530555555541306,173.02400000007415,0.21847364593642302,-0.6685071366703187,3.6898837642289237,32.686680492641955
13392710.0,0.1503,-0.6617,9.812,0.0005,0.0028,9.8066,0.0242,0.0016,0.0066,337.53,-82.0,175.61,52.202194,-2.199236,0.0,3,161.75,21 / 21,-0.027988895760266985,-0.5090557830341126,0.05493033835729854,-108.66939868858249,-136.86998270846,26.97132364316408,False,27.299999999999272,0.09588099976946916,-1.1097546083150298,-104.96737919726742,-104.24524373050109,1.1138888888903136,175.06199999992586,0.12386989552973615,-0.6006988252809172,3.7020194913150704,32.6247389779589
13392810.0,0.0643,-0.5578,9.7917,0.0008,0.0074,9.8066,-0.0105,-0.0431,-0.0008,339.99,-82.03,175.47,52.202194,-2.199236,0.0,3,161.75,21 / 21,-0.009135605432120256,-0.5075472322914393,0.046282787603702316,-108.67125491364212,-136.92081285922646,26.976384299462147,False,27.399999999999636,0.10285775254101234,-0.9010929519520547,-104.94693498910446,-104.3453191637474,0.9069444444482088,173.48800000002862,0.1119933579731326,-0.39354571966061547,3.724319924537653,32.575493695479054
13392909.0,0.1543,-0.9258,9.9752,0.0018,0.0077,9.8066,-0.0031,-0.0195,-0.0234,339.51,-82.11,175.02,52.202194,-2.199236,0.0,3,161.75,21 / 21,0.009461699871550253,-0.516207453015919,0.045803089463157455,-108.67123877196737,-136.97148871614925,26.980942550376962,False,27.498999999999796,0.09624378720895803,-0.9009934216934722,-104.94018840043711,-104.4333855458597,0.9061194444444463,173.9028099999991,0.08678208733740778,-0.3847859686775532,3.7310503715302588,32.53810317028956
13393010.0,-0.0331,-0.4914,9.9406,0.0052,0.0111,9.8065,-0.004,-0.0331,0.0087,336.14,-82.19,174.42,52.202194,-2.199236,0.0,3,161.75,21 / 21,0.023085758487619738,-0.5240110621826982,0.05191743854375681,-108.66959512532021,-137.0240197511671,26.98587743704134,False,27.600000000000364,0.05577738180344444,-0.7891423659917155,-104.9333055170493,-104.52323104609516,0.7911111111113639,175.95699999997476,0.0326916233158247,-0.2651313038090173,3.7362896082709085,32.500788705071926
13393110.0,0.145,-0.1009,9.7895,0.0046,0.01,9.8066,-0.0002,-0.0398,0.0094,335.88,-82.26,174.06,52.202194,-2.199236,0.0,3,161.75,21 / 21,0.022934792905458325,-0.4970179522407992,0.0490938227622114,-108.66729409775056,-137.07507120188845,26.990928000106656,False,27.700000000000728,0.07619079505317448,-0.8013862756149192,-104.91967604499501,-104.60106749519659,0.8049999999967663,174.56900000004003,0.053256002147716155,-0.30436832337411995,3.7476180527555414,32.47400370669186
13393210.0,-0.0287,-0.1934,9.8027,0.0001,0.0025,9.8066,-0.014,-0.0548,0.0005,335.4,-82.35,173.6,52.202194,-2.199236,0.0,3,161.75,21 / 21,0.01815527597318841,-0.4624580284461164,0.040832999347892786,-108.66523959430666,-137.1230450009221,26.995424341212097,False,27.799999999999272,0.054079454268354046,-0.7140661986730998,-104.91967604499501,-104.66778445115933,0.7161111111143449,175.66899999996,0.035924178295165636,-0.25160817022698345,3.7455635493116404,32.45526054976277
13393310.0,0.3174,-0.2895,9.8947,-0.0063,-0.0003,9.8066,-0.0113,-0.0564,0.0154,335.73,-82.44,173.85,52.202194,-2.199236,0.0,3,161.75,21 / 21,0.024110447124894765,-0.4373727382282342,0.038282299445721917,-108.66312630815175,-137.16803653925598,26.999380106151794,False,27.899999999999636,0.008111350901194948,-0.7160651712262713,-104.91286130894078,-104.75674039268605,0.7161111111111111,179.35099999993304,-0.015999096223699816,-0.27869243299803714,3.7502649992109696,32.411296146569924
13393409.0,-0.3852,-0.3712,9.8169,0.0002,0.0071,9.8066,-0.005,-0.043,0.0321,335.83,-82.54,173.89,52.202194,-2.199236,0.0,3,161.75,22 / 23,0.018290694111408524,-0.42855013470444997,0.03667592702887039,-108.66102745166054,-137.2108997214662,27.00309053836229,False,27.998999999999796,0.0011851342330313295,-0.5299344859500432,-104.90611472024685,-104.80077358339277,0.5299361111115215,179.87371999999885,-0.017105559878377197,-0.10138435124559325,3.7549127314136967,32.41012613807344
13393510.0,0.0083,-0.3015,9.8111,0.0019,0.0074,9.8066,-0.0023,-0.0186,-0.0046,335.77,-82.65,173.79,52.202194,-2.199236,0.0,3,161.75,22 / 23,0.0013967352629723625,-0.42812135110585564,0.03180553547454343,-108.66003323647713,-137.25416163149987,27.00654885221873,False,28.100000000000364,0.03698907909381412,-0.630026223737926,-104.89923183685887,-104.86793531906599,0.6311111111125258,176.640000000031,0.035592343830841755,-0.2019048726320704,3.760801399618259,32.38622631243388
13393609.0,-0.019,-0.2719,9.9577,0.0007,0.0062,9.8065,0.0038,-0.045,-0.0288,334.6,-82.69,173.43,52.202194,-2.199236,0.0,3,161.75,22 / 23,0.0002198783229856615,-0.4163994027987007,0.03357736765337257,-108.65995321410463,-137.2959654088182,27.009785305923568,False,28.199000000000524,0.020638704695307774,-0.7078075075218715,-104.89248524819178,-104.94499340297641,0.7081111111137709,178.3279500000583,0.02041882637232211,-0.2914081047231708,3.767467965912857,32.3509720058418
13393710.0,-0.1095,0.0154,9.9014,-0.0029,0.0053,9.8066,0.002,-0.0122,-0.0373,334.63,-82.72,172.75,52.202194,-2.199236,0.0,3,161.75,22 / 23,-0.01065800028591399,-0.3973657670808843,0.03909172750523606,-108.66048033926376,-137.33706054989662,27.013455095229034,False,28.299999999999272,-0.008954345734752657,-0.5218676295632382,-104.89241710083174,-105.00136923099777,0.5219444444512454,180.98299999990402,0.0017036545511613325,-0.1245018624823539,3.7680632384320205,32.33569131889885
13393810.0,-0.3138,-0.047,9.8483,0.0088,0.0079,9.8066,0.0102,-0.0347,0.0163,333.85,-82.79,172.03,52.202194,-2.199236,0.0,3,161.75,22 / 23,-0.034913019400723014,-0.37771008497019287,0.03902496837947182,-108.6627588902481,-137.37581434249932,27.017360930023283,False,28.399999999999636,0.0365044371334744,-0.6951532960991202,-104.88560236477748,-105.06808618696618,0.696111111107943,176.9940000000726,0.07141745653419741,-0.31744321112892737,3.777156525470616,32.30772815553314
13393910.0,-0.1227,0.0405,9.7937,-0.0033,0.0055,9.8066,0.0156,0.0293,-0.022,335.91,-82.84,172.06,52.202194,-2.199236,0.0,3,161.75,22 / 23,-0.05685032236578906,-0.36003637190528337,0.03439097312255551,-108.66734705733644,-137.41270166534323,27.021031727098396,False,28.5,-0.006222381385504939,-0.726084449392015,-104.89241710083174,-105.14592263536049,0.726111111111111,180.491,0.05062794098028412,-0.3660480774867316,3.7749299565047068,32.26677902998274
13394010.0,0.4137,-0.0048,9.8171,-0.007,0.0022,9.8066,-0.006,-0.0124,-0.032,334.04,-82.91,172.24,52.202194,-2.199236,0.0,3,161.75,22 / 23,-0.04855973737934704,-0.32981309793866326,0.029126077154171818,-108.67261756032372,-137.44719413883556,27.024207579612245,False,28.600000000000364,-0.05745836008073341,-0.8009973546577623,-104.89241710083174,-105.23487857759535,0.803055555557612,184.1029999999399,-0.008898622701386374,-0.4711842567190991,3.7802004594919794,32.2123155612402
13394111.0,0.2965,-0.1941,9.8184,-0.0053,0.0003,9.8066,-0.0004,0.0043,-0.0337,333.9,-82.98,171.98,52.202194,-2.199236,0.0,3,161.75,22 / 23,-0.02035761722046967,-0.305869709209261,0.025710100581051464,-108.67609788673103,-137.4792961205967,27.02697680658789,False,28.70100000000093,-0.013005394102190737,-0.9175360392560534,-104.89248524819227,-105.32494646768029,0.9176305555613044,180.81009000004573,0.0073522231182789315,-0.6116663300467924,3.783612638538756,32.15434965291641
13394210.0,0.296,-0.4057,9.9215,-0.0024,-0.0005,9.8066,-0.0045,-0.0061,-0.005,333.72,-83.01,171.91,52.202194,-2.199236,0.0,3,161.75,22 / 23,0.006271732177454441,-0.3022694663771139,0.027180280493804554,-108.67679513804065,-137.50939900978773,27.02959488045105,False,28.799999999999272,-0.037405009172541644,-1.0674003630456872,-104.89923183685876,-105.43502944478517,1.068055555550028,182.006999999956,-0.043676741349996086,-0.7651308966685733,3.7775633011818854,32.074369565002556
13394310.0,-0.0065,-0.4651,9.8666,-0.0047,0.0026,9.8066,0.0015,-0.0196,0.0037,336.0,-83.06,172.12,52.202194,-2.199236,0.0,3,161.75,21 / 23,0.021423439985418093,-0.31574691650511005,0.030532238419760944,-108.67541037943249,-137.54029982893195,27.032480506396737,False,28.899999999999636,-0.14125968026493776,-1.3576710583630252,-104.9128613089404,-105.5907023415726,1.3649999999945985,185.93999999992846,-0.16268312025035586,-1.041924141857915,3.762549070492085,31.949597487359355
13394410.0,0.2774,-0.5576,9.808,-0.0103,0.002,9.8066,0.0162,-0.0064,-0.0162,336.77,-83.13,172.69,52.202194,-2.199236,0.0,3,161.75,21 / 23,0.034752452371603584,-0.3341513782215013,0.028557652656806327,-108.67260158481463,-137.5727947436684,27.035435000950578,False,29.0,-0.1920022444204873,-1.4915820219689402,-104.94012025307683,-105.73525574735076,1.5038888888888888,187.335,-0.22675469679209087,-1.1574306437474389,3.7324813317378016,31.837538996317633
13394510.0,-0.4532,-0.5965,9.8168,-0.0056,0.001,9.8066,0.0079,-0.0228,-0.0103,336.99,-83.14,172.88,52.202194,-2.199236,0.0,3,161.75,21 / 23,0.03021263235372338,-0.36238895374970004,0.024762754758287226,-108.66935333057835,-137.60762176026708,27.038101021321342,False,29.100000000000364,-0.24158631746625842,-1.6038515617419382,-104.96056446115962,-105.9020481365663,1.6219444444521751,188.56600000007498,-0.2717989498199818,-1.2414626079922382,3.7087888694187257,31.705573623700786
13394609.0,0.2307,-0.6416,9.7367,-0.0021,-0.0016,9.8066,-0.005,-0.0231,-0.0237,337.62,-83.15,172.94,52.202194,-2.199236,0.0,3,161.75,21 / 23,0.0253995514650447,-0.38983097164466435,0.01853225654454018,-108.66660052747932,-137.64485664657417,27.040244124380834,False,29.199000000000524,-0.4475146501730239,-1.993028145204979,-105.0145371706306,-106.11120579399496,2.042694444458978,192.64678000014095,-0.4729142016380686,-1.6031971735603145,3.652063356848714,31.533650852579214
13394710.0,-0.1315,-0.5518,9.858,0.004,0.0013,9.8066,0.0137,-0.0485,0.0121,335.17,-83.15,172.49,52.202194,-2.199236,0.0,3,161.75,21 / 23,0.03451317888669668,-0.407684840707786,0.014954013062869153,-108.6635749345966,-137.68513119509745,27.04193518099599,False,29.299999999999272,-0.5268734717360883,-2.0689681836043197,-105.07641497383678,-106.31346936549363,2.134999999996796,194.28699999994183,-0.561386650622785,-1.6612833428965337,3.58715996075982,31.371661829603823
13394810.0,0.4915,-1.6206,10.0029,-0.0052,-0.0071,9.8066,0.0145,-0.0378,-0.0178,337.93,-83.12,172.78,52.202194,-2.199236,0.0,3,161.75,21 / 23,0.06783903198980976,-0.45657095133368963,0.023233911103477146,-108.65845732405275,-137.72834398469968,27.04384457720431,False,29.399999999999636,-0.7354761201854441,-2.2970744175360847,-105.15819180632734,-106.54697871209059,2.4119444444394067,197.75399999993692,-0.8033151521752538,-1.840503466202395,3.50026551772541,31.181365272609085
13394910.0,-0.3093,-0.3614,9.6918,-0.004,0.0052,9.8066,0.0218,-0.1145,0.0265,338.51,-83.17,172.77,52.202194,-2.199236,0.0,3,161.75,21 / 23,0.09870617006114532,-0.5803070657500548,0.02730391110349206,-108.65013006395017,-137.78018788555406,27.046371468314668,False,29.5,-0.9080514322500857,-2.4960706782774538,-105.2535981108461,-106.80272704212513,2.656111111111111,199.991,-1.006757602311231,-1.9157636125273991,3.3965319531040734,30.97746084342893
13395010.0,-0.3695,-1.8883,9.8026,-0.011,-0.0177,9.8066,0.0671,-0.1183,0.0043,341.75,-83.07,174.05,52.202194,-2.199236,0.0,3,161.75,21 / 23,0.08720895304664182,-0.7331167295529896,0.021358911103470518,-108.64083430779475,-137.84585907531945,27.048804609425023,False,29.600000000000364,-1.134186643711765,-2.57093769999172,-105.37626335955659,-107.05847537428203,2.8100000000024354,203.80500000007675,-1.2213955967584067,-1.8378209704387305,3.264570948238159,30.787383701037427
13395109.0,-0.9228,-2.8458,9.561,-0.0123,-0.0043,9.8066,-0.0009,-0.1645,-0.0058,340.47,-82.9,174.62,52.202194,-2.199236,0.0,3,161.75,21 / 23,0.08696677074955178,-1.0099166115267029,0.008998761103450586,-108.63221260946682,-137.93213922570303,27.05030731419927,False,29.699000000000524,-1.3806261438173641,-2.5984665303759042,-105.53143489914149,-107.31166622171635,2.942550000004579,207.98082000014423,-1.467592914566916,-1.5885499188492014,3.100777710325332,30.620473003986675
13395209.0,-0.5997,-3.3163,9.6372,-0.0064,-0.0034,9.8066,0.0226,-0.2764,0.0468,343.76,-82.87,175.56,52.202194,-2.199236,0.0,3,161.75,21 / 23,0.09168526679277118,-1.3613412414413912,-0.011756238896624867,-108.62328000758967,-138.05070211835186,27.05016944030961,False,29.799000000000888,-1.6341203992510782,-2.7898030739279185,-105.69492041669781,-107.60043944634374,3.233188888883148,210.35741999995366,-1.7258056660438494,-1.4284618324865272,2.9283595908918585,30.450262672008122
13395311.0,-1.5038,-3.3935,9.8173,-0.0119,0.0074,9.8066,-0.0379,-0.3169,0.0704,346.41,-82.99,176.61,52.202194,-2.199236,0.0,3,161.75,23 / 23,0.0566611887657196,-1.75258174839761,-0.019855038896541645,-108.61571433835627,-138.20951219083202,27.048557265142176,False,29.90099999999984,-1.8612740765991176,-2.757370194536432,-105.90297430794156,-107.87364538103832,3.3267749999922676,214.01991999999854,-1.9179352653648372,-1.0047884461388221,2.7127400304147073,30.3358668097937
13395410.0,-1.2257,-2.9883,9.5054,-0.0085,0.0086,9.8066,-0.0353,-0.3944,0.0209,346.82,-83.14,177.28,52.202194,-2.199236,0.0,3,161.75,23 / 23,-0.02096795545083728,-2.123767210896697,-0.034239738896564884,-108.61394752330717,-138.40139146431738,27.04587957364141,False,30.0,-2.133836239328614,-3.1503599641513857,-106.09862537960959,-108.21490261128497,3.805,214.111,-2.1128682838777766,-1.0265927532546888,2.5153221436975883,30.186488853032415
13395510.0,-1.7095,-3.3824,9.7368,0.0,0.0179,9.8066,-0.0598,-0.5028,0.0962,349.02,-83.37,177.39,52.202194,-2.199236,0.0,3,161.75,23 / 23,-0.11860431349330795,-2.4979535822879737,-0.052794738896632304,-108.6209261367544,-138.63247750397747,27.041527849751734,False,30.100000000000364,-2.3952941133707206,-2.8134660315135656,-106.36440008511177,-108.45953144960214,3.6950000000040926,220.41000000006812,-2.2766897998774125,-0.31551244922559185,2.2565260516426378,30.17294605437533
13395609.0,-1.3541,-3.7603,9.5945,-0.0175,0.0216,9.8065,-0.0485,-0.52,0.0617,351.83,-83.71,178.07,52.202194,-2.199236,0.0,3,161.75,23 / 23,-0.23119531423469442,-2.903396672880825,-0.06675373889665479,-108.63824121832697,-138.89984434160877,27.035610200100958,False,30.199000000000524,-2.727325313752054,-2.8124454287146214,-106.64101022089234,-108.73473889273953,3.917750000007694,224.11755000012806,-2.49612999951736,0.0909512441662037,1.9972309974346274,30.16510544886924
13395711.0,-3.7825,-2.116,9.7017,-0.0106,0.033,9.8065,-0.0679,-0.7958,0.2223,355.19,-83.96,179.26,52.202194,-2.199236,0.0,3,161.75,23 / 23,-0.4793390370215022,-3.2576438132889454,-0.08292583889648858,-108.67447847024066,-139.2140574064002,27.027976541633585,False,30.300999999999476,-3.1013903172354986,-2.691139060204467,-106.96764051918261,-108.9959357755675,4.106249999991925,229.04954999990235,-2.6220512802139964,0.5665047530844785,1.7068379510580485,30.218121630832698
13395810.0,-5.4476,-2.0213,10.0657,-0.046,0.0395,9.8065,-0.0793,-0.782,0.0778,2.78,-84.52,-175.64,52.202194,-2.199236,0.0,3,161.75,23 / 23,-0.9571895568129323,-3.4921637184191936,-0.07529788889647618,-108.74558663563558,-139.5481728792203,27.02014446710782,False,30.399999999999636,-3.414175964633666,-2.679366059813345,-107.31846313043552,-109.26013492120347,4.339999999995705,231.87599999994808,-2.4569864078207337,0.8127976586058487,1.4271235052000577,30.288037958016815
13395910.0,-4.6621,0.0573,8.9283,-0.0181,0.0454,9.8065,-0.1259,-0.9296,0.136,11.04,-85.3,-171.83,52.202194,-2.199236,0.0,3,161.75,23 / 23,-1.4921025997605775,-3.556437998192356,-0.10626288889658878,-108.86805124346469,-139.90060296505214,27.011066428218133,False,30.5,-3.7279111571988626,-2.713857786075864,-107.693273612538,-109.52700274507876,4.611111111111112,233.946,-2.2358085574382853,0.8425802121164923,1.1747776309266982,30.373600219973383
13396010.0,-3.789,-0.4828,9.1854,-0.0087,0.0371,9.8065,-0.0544,-0.8803,0.0983,17.14,-85.6,-168.42,52.202194,-2.199236,0.0,3,161.75,23 / 23,-1.9410085215204733,-3.496334869742751,-0.18124288889686152,-109.03970679952937,-140.2532416084502,26.99669113932841,False,30.600000000000364,-4.065947876130748,-2.7934038345368615,-108.08852830275022,-109.81610955451295,4.933055555557572,235.51000000000946,-2.124939354610275,0.7029310352058897,0.9511784967791499,30.437132053937248
13396109.0,-4.9567,-0.5069,9.3642,-0.0351,0.0354,9.8065,-0.016,-1.0246,0.0147,22.65,-85.79,-165.91,52.202194,-2.199236,0.0,3,161.75,23 / 23,-2.3974191449749895,-3.4091244407776276,-0.2338960388969466,-109.25445896902124,-140.59506184432152,26.97614176240258,False,30.699000000000524,-4.181927320101522,-2.81799560913894,-108.48657703478015,-110.11333359405369,5.042780555559347,236.02579000001782,-1.7845081751265326,0.5911288316386876,0.767881934241089,30.481728250267835
13396210.0,-5.0976,0.1633,10.814,0.0149,0.0444,9.8065,0.0182,-1.2036,0.3278,33.66,-86.12,-160.41,52.202194,-2.199236,0.0,3,161.75,23 / 23,-2.884655267082196,-3.198491079618193,-0.2053685888973,-109.52120372682683,-140.92874642809738,26.953958898699245,False,30.799999999999272,-4.513842911218062,-2.571623450815452,-108.95399977959843,-110.34984520223983,5.1949999999945025,240.32899999984366,-1.6291876441358664,0.6268676288027413,0.5672039472283927,30.57890122585755
13396310.0,-2.9686,-0.1385,8.8181,-0.0059,0.0242,9.8066,-0.174,-1.1083,0.4128,50.81,-86.08,-148.1,52.202194,-2.199236,0.0,3,161.75,23 / 23,-3.2292185580452144,-2.9421322997109396,-0.20442858889729656,-109.82689741808431,-141.23577759706495,26.93346903980944,False,30.899999999999636,-4.895451659527872,-2.451566448042671,-109.45147551040988,-110.594474040556,5.474999999994908,243.39899999994415,-1.6662331014826575,0.4905658516682685,0.3754219076744363,30.64130355650896
13396409.0,-5.0444,3.6321,7.8245,-0.0603,0.0414,9.8063,-0.2849,-1.2008,0.136,69.07,-85.66,-135.48,52.202194,-2.199236,0.0,3,161.75,23 / 23,-3.2849517631448544,-2.5260027021274074,-0.3514782388975343,-110.14934884898375,-141.50645027965638,26.905951651833554,False,30.998999999999796,-5.070260975284446,-2.5691054173525574,-109.94397648391346,-110.85867318689182,5.683999999999539,243.1287300000006,-1.785309212139592,-0.04310271522514997,0.20537236507028922,30.647777092764557
13396510.0,-6.3441,3.3963,10.5607,-0.0363,-0.0377,9.8064,-0.1498,-1.1825,0.2666,82.18,-85.53,-127.8,52.202194,-2.199236,0.0,3,161.75,23 / 23,-3.1116435773256677,-1.8627234934057235,-0.41349728889788273,-110.47237691367933,-141.72808095253205,26.86732038767967,False,31.100000000000364,-5.434925218485494,-2.265123858602732,-110.5077595963901,-111.06149273233812,5.8880555555582985,247.3749999999949,-2.3232816411598267,-0.4024003651970085,-0.03538268271077527,30.66658822019393
13396610.0,-1.9118,1.7336,8.2632,-0.051,-0.0501,9.8063,-0.2501,-0.8591,-0.1102,89.92,-84.97,-128.82,52.202194,-2.199236,0.0,3,161.75,23 / 23,-2.929187056417212,-1.4049868585677845,-0.4529672888980263,-110.77441844536757,-141.89146647013132,26.823997158789716,False,31.200000000000728,-5.562772244413972,-2.3502646593992584,-111.05975321547713,-111.30612157136201,6.038888888897002,247.09599999998105,-2.6335851879967596,-0.945277800831474,-0.2853347701095572,30.585344898769307
13396710.0,-1.4129,0.2532,10.277,0.0244,-0.0377,9.8065,0.0313,-1.0574,-0.1259,90.48,-85.35,-132.05,52.202194,-2.199236,0.0,3,161.75,23 / 23,-2.856756213550507,-1.2119673884890199,-0.5066222888972455,-111.06371560886176,-142.02231418248226,26.77601767990065,False,31.299999999999272,-5.745842809930612,-2.48942536115779,-111.63900577867429,-111.55075041107098,6.261944444436331,246.57500000001895,-2.889086596380105,-1.2774579726687703,-0.5752901698125328,30.471563771411283
13396810.0,-0.8709,-0.5269,8.862,0.0038,-0.0957,9.8062,-0.0213,-0.8974,0.1399,81.6,-85.6,-144.95,52.202194,-2.199236,0.0,3,161.75,23 / 23,-2.905077984522222,-1.0775592160227299,-0.5303372888973317,-111.35180731876645,-142.13679051270827,26.724169701010734,False,31.399999999999636,-5.988955083515884,-2.391774426826106,-112.23870255005973,-111.78425975696224,6.448888888885488,248.2299999999699,-3.083877098993662,-1.314215210803376,-0.8868952312932805,30.35253075574603
13396910.0,-0.5987,-2.7539,10.0395,0.0363,-0.0446,9.8064,0.0705,-0.7765,0.1161,78.14,-85.58,-153.22,52.202194,-2.199236,0.0,3,161.75,23 / 23,-3.1101194239080323,-1.0159119120039322,-0.565927288897461,-111.65256718918906,-142.24146406910998,26.669356472120796,False,31.5,-6.179302735801981,-2.4843143318248075,-112.85884352952775,-112.0400080877041,6.659999999999999,248.098,-3.0691833118939487,-1.4684024198208754,-1.2062763403386896,30.201455981405886
13397010.0,-1.6004,1.169,9.8429,0.009,-0.0395,9.8065,-0.0503,-0.6755,0.1033,81.64,-85.52,-155.2,52.202194,-2.199236,0.0,3,161.75,23 / 23,-3.2365348637699363,-0.9058151774807662,-0.552472288897412,-111.96989990357412,-142.33755042358456,26.61343649323085,False,31.600000000000364,-6.363214350630902,-2.4539566271562094,-113.49942871715973,-112.28463692602065,6.820000000002854,248.91100000000168,-3.126679486860966,-1.5481414496754433,-1.529528813585614,30.052913497563907
13397110.0,-0.247,-0.6319,9.645,0.0302,-0.036,9.8065,-0.0252,-0.5235,0.0555,85.56,-85.7,-155.55,52.202194,-2.199236,0.0,3,161.75,23 / 23,-3.2530418840501225,-0.7848445477354772,-0.5587422888974347,-112.2943787409663,-142.42208340984567,26.557875764340906,False,31.700000000000728,-6.513669677265344,-2.4999722231237533,-114.14682864079263,-112.52926576504453,6.976944444448234,249.0030000000426,-3.260627793215222,-1.7151276753882763,-1.8524498998263397,29.89281764480114
13397210.0,-0.7027,2.1853,9.9856,0.0364,-0.0385,9.8064,-0.111,-0.551,0.1126,79.28,-86.08,-161.2,52.202194,-2.199236,0.0,3,161.75,23 / 23,-3.215368913338556,-0.6973443907208395,-0.5578772888974473,-112.61779928083102,-142.4961928567674,26.502044785451975,False,31.799999999999272,-6.661392112639968,-2.401663941833835,-114.8146727725004,-112.77389460333885,7.0811111111073215,250.1739999999574,-3.4460231993014117,-1.7043195511129956,-2.196873491669379,29.722298253428562
13397310.0,1.6041,-2.1466,10.7174,0.0278,-0.0561,9.8064,-0.0316,-0.1909,-0.0394,79.61,-86.41,-163.11,52.202194,-2.199236,0.0,3,161.75,22 / 23,-3.237534038479797,-0.7195497844597997,-0.503392288897249,-112.94044442842312,-142.5670375655267,26.448981306562047,False,31.899999999999636,-6.825216071983383,-2.5613522933568054,-115.49614637635032,-113.02964293478803,7.2899999999962,249.43000000001354,-3.587682033503586,-1.8418025088970058,-2.5557019479272043,29.537394630738675
13397410.0,-1.3856,3.1439,10.6229,0.0238,-0.0889,9.8061,0.0001,-0.5852,0.0985,66.76,-86.47,-177.2,52.202194,-2.199236,0.0,3,161.75,22 / 23,-3.2453259261028755,-0.6746294322931504,-0.4170422888969348,-113.26458742665343,-142.63674652636462,26.40295957767217,False,32.0,-6.865795131118474,-2.520680046440284,-116.18443471620093,-113.27427177310479,7.313888888888888,249.84,-3.620469205015598,-1.8460506141471336,-2.9198472895474907,29.362474753259832
13397510.0,2.6337,-4.9602,10.5304,-0.0253,-0.0553,9.8065,-0.0516,0.3102,-0.3118,56.59,-85.9,172.46,52.202194,-2.199236,0.0,3,161.75,22 / 23,-3.2994251606755967,-0.7850171310556864,-0.3400422888966546,-113.59182498099355,-142.70972885453233,26.365105348782354,False,32.100000000000364,-6.932195026012028,-2.612270896282325,-116.87272305607911,-113.54113959698006,7.408055555557718,249.3520000000004,-3.6327698653364315,-1.8272537652266385,-3.2808980750855596,29.16858925755227
13397610.0,2.5947,-4.3379,9.9314,0.0051,-0.0911,9.8062,0.0098,-0.0054,0.0915,46.72,-85.61,166.02,52.202194,-2.199236,0.0,3,161.75,22 / 23,-3.5408491723255238,-1.2707749728843925,-0.2976172888965002,-113.93383869764484,-142.81251845972972,26.33322236989258,False,32.20000000000073,-7.044465639782622,-2.65148949077811,-117.58145560409328,-113.80800742085493,7.526944444446556,249.3740000000157,-3.5036164674570984,-1.3807145178937175,-3.647616906448434,29.00451103887478
13397710.0,2.8802,-4.0706,9.382,-0.0276,0.0182,9.8065,-0.0256,0.5657,-0.2673,44.5,-85.42,166.42,52.202194,-2.199236,0.0,3,161.75,22 / 23,-3.6880279429142493,-1.7601715857194729,-0.31261228889628195,-114.29528255340158,-142.96406578765772,26.302710891003386,False,32.29999999999927,-7.118743808729111,-2.6183413806547082,-118.29018815201593,-114.06375575228124,7.584999999997888,249.8059999999843,-3.4307158658148613,-0.8581697949352354,-3.994905598614352,28.900310035376478
13397810.0,1.7573,-2.2598,9.8511,0.0154,-0.0142,9.8065,-0.0257,0.3194,-0.1164,42.22,-85.29,164.39,52.202194,-2.199236,0.0,3,161.75,22 / 23,-3.7770672779662133,-2.1506471786267394,-0.33162228889635104,-114.66853731444697,-143.15960672587573,26.270499162113637,False,32.399999999999636,-7.25771159336479,-2.53862852209377,-119.01936490811156,-114.31950408443815,7.688888888886998,250.72099999998335,-3.4806443153985764,-0.3879813434670307,-4.35082759366459,28.840102641437582
13397910.0,-0.0428,1.0476,9.8382,-0.0158,0.0349,9.8065,0.0514,0.7404,-0.3102,38.99,-85.09,161.31,52.202194,-2.199236,0.0,3,161.75,22 / 23,-3.79474130454779,-2.254793350246289,-0.3278222888963371,-115.04712774357404,-143.3798787523202,26.237526933223883,False,32.5,-7.259614465448914,-2.4562554252926247,-119.74172692820774,-114.56413292275491,7.663888888888889,251.307,-3.4648731609011243,-0.20146207504633562,-4.694599184633702,28.815745829565287
13398010.0,2.0431,-2.2738,10.0868,-0.0211,0.0387,9.8065,0.08,0.7435,-0.2793,43.45,-85.08,163.58,52.202194,-2.199236,0.0,3,161.75,22 / 23,-3.8056051455805773,-2.3685989345185874,-0.3122372888962803,-115.42714506608183,-143.6110483665593,26.205523954334137,False,32.600000000000364,-7.343248874919193,-2.6117809964396264,-120.47090368430449,-114.83100074592245,7.793888888890163,250.42100000001935,-3.537643729338616,-0.24318206192103897,-5.043758618222654,28.780047620636836
13398110.0,-0.6283,3.0677,10.1539,-0.0565,0.059,9.8062,0.1262,0.5254,-0.2107,45.9,-84.86,169.96,52.202194,-2.199236,0.0,3,161.75,22 / 23,-3.759610867382085,-2.3928579130702543,-0.2808672888961661,-115.80540586673135,-143.8491212089396,26.175868725444406,False,32.70000000000073,-7.45685834514321,-2.4972008484075223,-121.22052464853698,-115.07562958494715,7.863888888890788,251.4849999999608,-3.6972474777611253,-0.10434293533726802,-5.415118781805631,28.773491623992456
13398210.0,2.5178,-5.4559,10.426,-0.0552,0.0468,9.8063,0.0834,0.7447,-0.3749,44.58,-84.6,170.77,52.202194,-2.199236,0.0,3,161.75,22 / 23,-3.8114116838412477,-2.546616059187213,-0.2325372888968693,-116.183956994287,-144.0960949075489,26.150198496555127,False,32.79999999999927,-7.45775584075272,-2.6545607815879086,-121.96333087664767,-115.34249740879815,7.9161111111092115,250.40700000003923,-3.646344156911472,-0.10794472240069553,-5.779373882360673,28.753597498750736
13398310.0,-0.2736,-0.291,10.6906,-0.029,0.0529,9.8064,0.1568,0.5838,-0.1841,43.32,-84.29,169.49,52.202194,-2.199236,0.0,3,161.75,21 / 22,-3.9714168657623916,-2.8317385732451403,-0.1573722888965958,-116.5730984217686,-144.36501263917148,26.130703017665383,False,32.899999999999636,-7.6293564281193795,-2.568155075666958,-122.72658131293447,-115.59824573954081,8.049999999997565,251.395999999982,-3.657939562356988,0.26358349757818234,-6.153482891165865,28.766766899630667
13398410.0,4.4467,-4.6418,9.2427,-0.0599,0.065,9.8062,0.0215,0.7461,-0.402,46.63,-84.2,174.12,52.202194,-2.199236,0.0,3,161.75,21 / 22,-4.045651703484732,-3.154510247025243,-0.14137228889653758,-116.97395185023242,-144.6643250801861,26.115765788775672,False,33.0,-7.573660442216247,-2.6440991236642204,-123.48301701319475,-115.8539940709904,8.021944444444445,250.755,-3.528008738731515,0.5104111233610227,-6.5090651629623295,28.810331009195707
13398510.0,-0.3051,2.9243,9.1696,-0.0337,0.0904,9.8061,0.1309,0.4465,-0.2783,43.22,-83.95,173.0,52.202194,-2.199236,0.0,3,161.75,21 / 22,-4.010938556623563,-3.35911730709883,-0.20142228889675598,-117.3767813632393,-144.9900064578935,26.098626059885945,False,33.100000000000364,-7.741383095131436,-2.6270920757393155,-124.25308218553678,-116.120861895573,8.174999999999944,251.25499999999815,-3.7304445385078733,0.7320252313595144,-6.87630082229748,28.869144562320486
13398609.0,1.1366,-0.7308,9.806,-0.0157,0.0723,9.8064,0.133,0.5368,-0.1312,51.42,-84.22,178.71,52.202194,-2.199236,0.0,3,161.75,21 / 22,-3.953803304571263,-3.3088467769967225,-0.23298843889680695,-117.77103608536909,-145.32007068005674,26.07712272886013,False,33.199000000000524,-7.733923677431245,-2.6396207866152306,-125.01544670612701,-116.38506104120897,8.171974999999895,251.15500999999654,-3.780120372859982,0.6692259903814919,-7.244410620757918,28.935009638847774
13398710.0,-1.9778,3.547,8.9702,-0.0402,0.0604,9.8063,0.0573,0.4661,-0.0677,52.77,-84.16,-173.82,52.202194,-2.199236,0.0,3,161.75,21 / 22,-3.9031016209875093,-3.184614487096413,-0.2752619888962831,-118.16780978410489,-145.6479904738894,26.051456082256895,False,33.29999999999927,-7.777894163887081,-2.7088537446493204,-125.8000272661778,-116.65459754329927,8.236111111108777,250.79800000001296,-3.8747925428995713,0.47576074244709243,-7.632217482072917,28.99339293059012
13398810.0,1.9595,-2.9016,9.6432,-0.0577,0.0875,9.8061,0.0842,0.3373,-0.3135,56.62,-84.02,-170.54,52.202194,-2.199236,0.0,3,161.75,21 / 22,-3.926772176473453,-3.1543149484747914,-0.3252569888964649,-118.55930347397936,-145.9649369456691,26.021430133367147,False,33.399999999999636,-7.9809959016281224,-2.6163025410005973,-126.60416611871001,-116.91034587474925,8.398888888885928,251.84999999998087,-4.054223725154669,0.5380124074741941,-8.044862644730657,29.054591070919855
13398910.0,-0.5968,2.3026,10.271,-0.0318,0.0089,9.8065,-0.0455,0.0325,0.0135,58.04,-84.09,-171.15,52.202194,-2.199236,0.0,3,161.75,21 / 22,-3.9496451011437217,-3.2220587697219494,-0.3102119888964101,-118.95312433786165,-146.2837556315801,25.98965668447739,False,33.5,-8.013346674550311,-2.5887038106265607,-127.40149023518883,-117.1660942054915,8.421111111111111,252.097,-4.06370157340659,0.6333549590953886,-8.448365897327179,29.117661426088603
13399010.0,3.1759,-1.6486,8.9061,-0.0503,-0.0111,9.8065,-0.0372,0.4034,-0.1074,59.38,-83.82,-168.34,52.202194,-2.199236,0.0,3,161.75,21 / 22,-3.8951362186431733,-3.3059051417103382,-0.3320219888964893,-119.34536340385242,-146.6101538271529,25.957544985587628,False,33.600000000000364,-8.05318628647761,-2.565454253597201,-128.20562908774937,-117.42184253764862,8.451944444446557,252.3300000000028,-4.158050067834436,0.7404508881131373,-8.860265683896955,29.1883112895043
13399110.0,-0.9415,0.5512,10.0336,-0.0237,-0.0006,9.8066,0.0233,-0.0426,-0.0591,61.27,-83.65,-168.83,52.202194,-2.199236,0.0,3,161.75,21 / 22,-3.3326065973348036,-2.9073693811476677,-0.31084669056212,-119.70675054465264,-146.92081755329696,25.92540155161458,False,33.70000000000073,-8.170735006359122,-2.578888415387482,-129.02339741231074,-117.68871036152308,8.56805555555999,252.48300000002075,-4.838128409024318,0.32848096576018593,-9.316646867658108,29.232107191773878
13399210.0,1.2226,-2.0965,9.6626,-0.0527,0.0154,9.8064,-0.0549,0.2415,-0.0524,61.94,-83.37,-168.63,52.202194,-2.199236,0.0,3,161.75,21 / 22,-3.4316578371933413,-2.9456874767334535,-0.3067016905621803,-120.04496376637412,-147.21347039618675,25.894524132558814,False,33.79999999999927,-8.312634992657035,-2.5330218077972413,-129.85479520895922,-117.9333391998174,8.689999999995564,253.05299999997925,-4.880977155463693,0.41266566893621226,-9.809831442585093,29.280131196369354
13399311.0,-1.5579,1.0259,10.11,0.0187,-0.0124,9.8066,-0.0046,-0.4555,0.4389,61.25,-83.35,-167.36,52.202194,-2.199236,0.0,3,161.75,21 / 22,-3.525675723137988,-2.945573362631724,-0.29865704056213505,-120.39630911117283,-147.51097906857638,25.863953516636865,False,33.90099999999984,-8.407573438762165,-2.4638794500018353,-130.70138986698515,-118.18052552214195,8.76116944444435,253.66653000001037,-4.881897715624177,0.4816939126298889,-10.305080755812327,29.330453546434427
13399410.0,0.4773,-0.8115,9.9451,-0.0463,0.0403,9.8064,-0.0216,0.0751,-0.0375,67.26,-83.24,-161.69,52.202194,-2.199236,0.0,3,161.75,21 / 22,-3.5820693183673376,-2.878892103914333,-0.27678794056209965,-120.74814249072791,-147.79929010917087,25.83546899007117,False,34.0,-8.385032950447174,-2.5594017488253877,-131.5312202743806,-118.433716368876,8.766944444444444,253.026,-4.802963632079837,0.3194903550889454,-10.783077783652672,29.365573740294863
13399510.0,1.0669,-3.6426,9.7063,0.0257,-0.0286,9.8065,-0.031,-0.6798,0.2814,69.08,-83.26,-160.3,52.202194,-2.199236,0.0,3,161.75,21 / 22,-3.796748537137913,-3.0168962993552526,-0.2748829405620926,-121.11708338350452,-148.09407952933543,25.80788544601486,False,34.100000000000364,-8.486571137538839,-2.4855063641339106,-132.3762475431326,-118.6783452078997,8.843055555556445,253.6760000000146,-4.689822600400926,0.531389935221342,-11.259164159628071,29.415734321435735
13399610.0,0.5025,-2.5528,10.6416,0.019,0.0145,9.8066,0.1167,-0.3164,0.2503,68.4,-83.26,-160.6,52.202194,-2.199236,0.0,3,161.75,21 / 22,-4.092516593029314,-3.1872012122835645,-0.23815294056195888,-121.51154664001432,-148.4042844049185,25.782233651958567,False,34.20000000000073,-8.567676931391807,-2.3794091708722753,-133.23490428396622,-118.91185455379137,8.891944444447173,254.47899999997173,-4.4751603383624925,0.8077920414112891,-11.7233576439519,29.49242985112714
13399710.0,0.919,-1.7794,9.043,0.0191,-0.0491,9.8064,-0.1473,-0.3753,0.3826,73.3,-83.04,-158.25,52.202194,-2.199236,0.0,3,161.75,21 / 22,-4.308617775380442,-3.3109502243103006,-0.2345879405620107,-121.93160335842869,-148.72919197674346,25.758596607902714,False,34.29999999999927,-8.606608575578415,-2.516422360511783,-134.09356102474888,-119.167602885925,8.966944444441715,253.70200000002828,-4.297990800197972,0.7945278637985176,-12.161957666320191,29.561589090818458
13399810.0,-1.0593,2.2133,9.6158,-0.0054,0.0203,9.8065,0.04,-0.3861,0.1538,75.95,-82.94,-156.79,52.202194,-2.199236,0.0,3,161.75,21 / 22,-4.319676675339147,-3.283845876777298,-0.2823129405621843,-122.36301808096624,-149.05893178179903,25.73275156384641,False,34.399999999999636,-8.789913250468464,-2.427253513148022,-134.97266197366392,-119.41223172424198,9.118888888886126,254.56299999998433,-4.470236575129317,0.8565923636292756,-12.609643892697676,29.646700057557055
13399910.0,-0.9652,-1.4529,9.495,-0.0049,-0.0224,9.8066,-0.0358,-0.2681,0.1857,74.64,-82.69,-156.07,52.202194,-2.199236,0.0,3,161.75,21 / 22,-4.341344596249236,-3.1594746015908455,-0.3074379405622757,-122.79606914454723,-149.3810978057186,25.70326401979008,False,34.5,-8.925920113204997,-2.3255271159998174,-135.8653923946885,-119.63462157770755,9.22388888888889,255.397,-4.584575516955761,0.833947485591028,-13.06932325014128,29.746476228011062
13400010.0,-0.2513,1.0774,8.7659,-0.0068,-0.023,9.8066,-0.1132,-0.2585,0.1903,77.13,-82.44,-154.57,52.202194,-2.199236,0.0,3,161.75,21 / 22,-4.407589369909737,-3.088762547844186,-0.3750579405625217,-123.23351584285678,-149.6935096631915,25.669139225733716,False,34.600000000000364,-8.872165902511213,-2.422490312167907,-136.74449334365892,-119.87925041602391,9.196944444446228,254.7280000000161,-4.464576532601476,0.6662722356762791,-13.510977500802142,29.814259247167584
13400109.0,0.4346,-2.0712,10.769,0.001,-0.0276,9.8066,-0.0228,-0.3614,0.1461,79.71,-82.3,-152.37,52.202194,-2.199236,0.0,3,161.75,21 / 22,-9.002191341839902,-2.3106593360551178,-0.37893874056252785,-137.6350430491656,-120.1104246684554,25.631816390017967,True,34.699000000000524,-9.002191341839902,-2.3106593360551178,-137.6350430491656,-120.1104246684554,9.294019444447798,255.60415000003027,0.0,0.0,0.0,0.0
13400210.0,-2.0469,-0.221,9.9687,-0.0134,-0.0481,9.8065,-0.0285,-0.3773,0.3444,78.99,-82.14,-153.37,52.202194,-2.199236,0.0,3,161.75,21 / 22,-9.16411682316108,-2.2302499913924057,-0.32215654056323134,-138.55244161148678,-120.33974058948866,25.596411078321555,False,34.79999999999927,-9.02011137442206,-2.2723910844191932,-138.5503983937627,-120.33514961535931,9.30194444444419,255.85999999999103,0.144005448739021,-0.04214109302678759,0.002043217724093438,0.00459097412934284
13400310.0,-0.7948,-1.4544,10.0919,0.0115,-0.0276,9.8066,-0.0784,-0.0041,0.1641,79.26,-82.01,-151.26,52.202194,-2.199236,0.0,3,161.75,22 / 23,-9.305361487948392,-2.085390135999867,-0.2997915405631499,-139.47591552704563,-120.55552259585906,25.565313674265123,False,34.899999999999636,-9.065677479198238,-2.4919974276757757,-139.44994355078805,-120.59089794680767,9.401944444442625,254.63000000002236,0.23968400875015483,-0.4066072916759089,0.025971976257579854,-0.03537535094861255
13400410.0,-0.9656,0.5629,8.3612,-0.0282,-0.0027,9.8065,-0.075,-0.3746,0.1328,78.89,-81.87,-151.87,52.202194,-2.199236,0.0,3,161.75,22 / 23,-9.39791760338732,-1.986110619217797,-0.35780154056336083,-140.41107948161581,-120.75909763362068,25.53243402020868,False,35.0,-9.22679548400456,-2.2989591117694115,-140.37674765205773,-120.81328780027346,9.508888888888889,256.009,0.17112211938276012,-0.3128484925516144,0.03433182955808434,-0.05419016665277354
13400510.0,0.1947,-1.9854,9.4536,0.009,-0.0392,9.8065,-0.0912,-0.1942,0.1091,81.2,-81.78,-152.39,52.202194,-2.199236,0.0,3,161.75,22 / 23,-9.507867852658542,-1.9365959533142885,-0.44772654056368794,-141.35636875442154,-120.955232962248,25.49215761615218,False,35.100000000000364,-9.132860969369554,-2.431944026657497,-141.28310754511074,-121.05791663859002,9.451111111114344,255.08900000000966,0.3750068832889877,-0.49534807334320874,0.07326120931080027,-0.1026836763420107
13400610.0,-0.6118,2.0339,8.6239,0.0181,-0.0562,9.8064,-0.1975,-0.2989,0.1651,82.4,-81.86,-151.82,52.202194,-2.199236,0.0,3,161.75,22 / 23,-9.53870704511119,-1.8951461091020398,-0.5245165405639672,-142.3086974993135,-121.14682006536952,25.44354546209562,False,35.20000000000073,-9.327173207193345,-2.3915144150848793,-142.21672638238093,-121.30254547690618,9.628888888887657,255.61900000000546,0.21153383791784464,-0.49636830598283943,0.09197111693256943,-0.15572541153665043
13400711.0,-1.4602,1.9687,10.8385,-0.0277,0.0339,9.8065,0.0284,0.1884,-0.3358,82.14,-82.01,-151.75,52.202194,-2.199236,0.0,3,161.75,22 / 23,-9.383689527776474,-1.7413260363535246,-0.5321369905638728,-143.2642785262325,-121.33046190871275,25.390184458774325,False,35.300999999999476,-9.300618254492422,-2.3593893350449946,-143.152798524554,-121.53838991693542,9.595219444443694,255.76544000000877,0.08307127328405173,-0.61806329869147,0.11148000167850114,-0.207928008222666
13400810.0,-1.4886,2.6938,9.0028,-0.0275,-0.0457,9.8064,-0.0975,0.0175,0.0679,83.77,-81.91,-152.41,52.202194,-2.199236,0.0,3,161.75,22 / 23,-9.202696487258587,-1.5458037179793314,-0.5208509905638544,-144.1843046339782,-121.4931748315525,25.338061553708418,False,35.399999999999636,-9.311126174753236,-2.4059405240671037,-144.07033458478278,-121.76956416866666,9.616944444444044,255.51200000000466,-0.10842968749464887,-0.8601368060877723,0.11397004919541587,-0.2763893371141677
13400910.0,-1.4637,1.3906,10.7955,-0.0201,0.0235,9.8065,0.1316,0.3128,-0.1422,81.9,-81.87,-152.28,52.202194,-2.199236,0.0,3,161.75,22 / 23,-9.048923975522532,-1.351904761638675,-0.5116009905638207,-145.09688565712057,-121.63806025553392,25.286438954651846,False,35.5,-9.329329216218097,-2.4670055483154902,-145.003953422026,-122.02531250082316,9.65,255.188,-0.28040524069556483,-1.1151007866768152,0.09293223509456539,-0.38725224528924684
13401010.0,0.607,-3.7785,9.8111,-0.0443,0.0044,9.8065,-0.0047,0.167,-0.3074,84.58,-81.59,-152.28,52.202194,-2.199236,0.0,3,161.75,22 / 23,-9.206014588700585,-1.2944599169550275,-0.46193599056363993,-146.00963258533505,-121.77037848946408,25.237762105595294,False,35.600000000000364,-9.389584498553942,-2.398611580150809,-145.94438699532387,-122.2588218460069,9.691111111111981,255.66999999999345,-0.18356990985335742,-1.1041516631957815,0.06524559001118746,-0.4884433565428168
13401110.0,-0.0494,0.7055,10.2537,-0.0061,0.0524,9.8064,0.1041,0.1211,-0.1473,84.88,-81.63,-153.01,52.202194,-2.199236,0.0,3,161.75,22 / 23,-9.386109010643768,-1.312869516317055,-0.43936099056355776,-146.93923876530565,-121.90074496112815,25.19269725653877,False,35.70000000000073,-9.420544353397705,-2.4696762694453906,-146.88482056862196,-122.5034506850312,9.738888888892568,255.31000000000296,-0.03443534275393745,-1.1568067531283357,0.05441819668368453,-0.6027057239030427
13401210.0,0.9904,-3.6605,10.6345,-0.0203,0.0406,9.8065,0.1195,0.3414,-0.2364,87.18,-81.54,-152.9,52.202194,-2.199236,0.0,3,161.75,22 / 23,-9.56079799724602,-1.3410194344461843,-0.37561599056448536,-147.88658411568636,-122.03343940866438,25.151948407482962,False,35.79999999999927,-9.521868505636286,-2.4818582073316366,-147.8320688778611,-122.7591990164575,9.839999999996321,255.39099999999704,0.0389294916097338,-1.1408387728854523,0.05451523782525669,-0.7257596077931225
13401310.0,0.0376,4.4498,9.5137,0.0231,0.0541,9.8064,0.056,0.0961,-0.2701,89.45,-81.61,-153.79,52.20204,-2.199662,8.06,3,254.58,22 / 23,-9.546894860339615,-1.373375577883332,-0.34887099056438803,-148.84196875856912,-122.16915915928135,25.115724058426387,False,35.899999999999636,-9.560740476609203,-2.241571221026108,-148.79294665926773,-122.97046937679129,9.820000000000363,256.8049999999743,-0.013845616269588135,-0.868195643142776,0.04902209930139634,-0.8013102175099363
13401410.0,1.0421,-2.7999,10.2239,0.0109,0.0429,9.8065,0.1676,0.1617,-0.2244,87.88,-81.92,-153.65,52.20204,-2.199662,8.06,3,254.58,22 / 23,-9.490440773799808,-1.4043406421531088,-0.34265599056436535,-149.79383554027956,-122.30804497028367,25.081147709369823,False,36.0,-9.391291963895076,-2.474974775801778,-149.71975076048432,-123.22621770824004,9.711944444444445,255.236,0.0991488099047313,-1.070634133648669,0.07408477979524264,-0.9181727379563682
13401510.0,-0.3074,-0.5015,10.6904,-0.0233,0.0027,9.8066,0.1544,0.2121,-0.2326,86.88,-81.69,-156.72,52.20204,-2.199662,8.06,3,254.58,22 / 23,-9.682937078492607,-1.4222137206596615,-0.2776059905641286,-150.75250443289767,-122.44937268842483,25.050134610313286,False,36.100000000000364,-9.479142391058446,-2.462949268240323,-150.66699906980972,-123.47084654655622,9.793888888888201,255.43500000002504,0.2037946874341614,-1.0407355475806614,0.08550536308794676,-1.0214738581313867
13401609.0,0.1953,-2.48,9.5313,-0.0208,-0.0157,9.8066,0.0156,0.2327,-0.2637,80.75,-81.43,-159.84,52.20204,-2.199662,8.06,3,254.58,22 / 23,-9.857992833652315,-1.4143516475297615,-0.24749019056407984,-151.7197804635504,-122.58978267415043,25.024142349347397,False,36.199000000000524,-9.498575195911934,-2.2283624329274474,-151.6115214847069,-123.69101250078603,9.756488888887596,256.79724000004705,0.35941763774038016,-0.8140107853976859,0.10825897884348024,-1.1012298266356026
13401710.0,-1.1439,1.9289,9.8246,-0.034,0.0173,9.8065,0.0331,0.0666,-0.1946,77.0,-81.37,-163.05,52.20204,-2.199662,8.06,3,254.58,22 / 23,-9.930496207804314,-1.3449443410091337,-0.2604888905639187,-152.71909916013158,-122.72912712156992,24.99848940575075,False,36.29999999999927,-9.324856477397907,-2.5677930236691977,-152.541051480266,-123.9489847314489,9.671944444447508,254.6040000000803,0.6056397304064074,-1.222848682660064,0.17804767986558545,-1.2198576098789857
13401809.0,0.3821,-0.9165,10.3042,-0.007,-0.015,9.8066,-0.1134,0.2378,-0.0302,78.1,-81.17,-164.23,52.20204,-2.199662,8.06,3,254.58,22 / 23,-9.922930739323771,-1.2762293589149782,-0.2349716405638774,-153.701843794016,-122.85887521971637,24.973964109459885,False,36.39899999999943,-9.494884707416286,-2.368200544202187,-153.48557389521562,-124.1801589838812,9.785794444442104,255.9949499999714,0.4280460319074848,-1.091971185287209,0.21626989880039105,-1.321283764164832
13401910.0,0.0747,2.4836,10.578,-0.0192,-0.0392,9.8065,-0.0281,-0.0541,0.0398,76.54,-81.1,-165.83,52.20204,-2.199662,8.06,3,254.58,22 / 23,-9.874355482379094,-1.2589328192954234,-0.17089219056351732,-154.7016067482176,-122.98690090971671,24.953467985987835,False,36.5,-9.489454179532805,-2.37073700406617,-154.44236283499697,-124.42712291565694,9.781111111111112,255.973,0.38490130284628954,-1.1118041847707467,0.25924391322064366,-1.4402220059402282
13402010.0,0.715,-0.3458,8.8555,-0.0395,-0.0124,9.8065,-0.1577,0.0471,-0.169,75.5,-81.02,-166.97,52.20204,-2.199662,8.06,3,254.58,22 / 23,-9.7935956810087,-1.2533489104862259,-0.17988219056355004,-155.68500430639057,-123.11251499620624,24.935929266931417,False,36.600000000000364,-9.515940392385192,-2.329592002067397,-155.38961114432223,-124.66063226225513,9.796944444444115,256.2439999999968,0.2776552886235084,-1.076243091581171,0.2953931620683363,-1.5481172660488909
13402110.0,1.3193,-2.2415,10.8187,-0.0154,0.0291,9.8065,0.0784,0.0427,-0.3059,74.51,-81.14,-169.21,52.20204,-2.199662,8.06,3,254.58,22 / 23,-9.925197157201948,-1.3671275007828232,-0.17683719056353894,-156.67094394830468,-123.24353881677017,24.918093297874996,False,36.70000000000073,-9.491132923122423,-2.354795901309523,-156.33685945367432,-124.89414160743867,9.77888888888725,256.066000000005,0.4340642340795249,-0.9876684005267,0.3340844946303605,-1.6506027906685006
13402210.0,0.815,1.5785,9.5132,-0.0185,-0.0469,9.8064,-0.0377,-0.0321,0.1547,71.72,-80.98,-170.51,52.20204,-2.199662,8.06,3,254.58,22 / 23,-9.96187521491306,-1.4570207274940483,-0.14090719056406178,-157.66529756689596,-123.38474622818195,24.902206078818846,False,36.79999999999927,-9.453034736084616,-2.3213632157945665,-157.27729302688664,-125.12765095401562,9.733888888890528,256.202999999995,0.5088404788284446,-0.8643424883005182,0.3880045400093195,-1.742904725833668
13402309.0,1.2776,0.9733,9.6378,0.0057,0.0035,9.8065,0.0657,0.0841,-0.1087,74.52,-80.88,-170.24,52.20204,-2.199662,8.06,3,254.58,22 / 23,-9.845392129967838,-1.5015344234408647,-0.16379104056409874,-158.64575730046914,-123.53119470815346,24.88712351637798,False,36.89899999999943,-9.379762015788339,-2.34947365710275,-158.20157567575598,-125.35882520574685,9.669538888890212,255.93768000000546,0.46563011417949873,-0.8479392336618854,0.4441816247131669,-1.8276304975933897
13402410.0,1.2084,1.7906,9.4829,-0.0034,-0.0135,9.8066,0.0071,-0.1151,0.1024,73.75,-80.8,-171.11,52.20204,-2.199662,8.06,3,254.58,22 / 23,-9.710957729137057,-1.565541981469969,-0.1886673405642384,-159.6333529683595,-123.68608206660232,24.869324368130897,False,37.0,-9.508491366733226,-2.2368507471844117,-159.16497490948254,-125.58355015266454,9.768055555555556,256.762,0.20246636240383076,-0.6713087657144428,0.46837805887696504,-1.8974680860622186
13402510.0,1.8023,0.0864,9.8405,-0.0027,0.0064,9.8066,0.1422,0.1163,-0.0613,72.59,-80.57,-170.56,52.20204,-2.199662,8.06,3,254.58,22 / 23,-9.611018486206381,-1.6656067555978848,-0.203162340564291,-160.5994517791302,-123.8476395034563,24.8497328840744,False,37.100000000000364,-9.469252861300442,-2.2204701291413937,-160.11222321886174,-125.80594000683723,9.726111111109944,256.80299999998215,0.1417656249059398,-0.5548633735435089,0.4872285602684485,-1.9583005033809258
13402610.0,0.668,-0.4117,10.4758,-0.0024,-0.0039,9.8066,0.0551,-0.0357,-0.0502,70.87,-80.39,-171.05,52.20204,-2.199662,8.06,3,254.58,22 / 23,-9.622871411564404,-1.7718811055289898,-0.16801234056416306,-161.56114627402224,-124.01951389651327,24.831174150017908,False,37.20000000000073,-9.367636492964065,-2.3665495945099853,-161.04584205610558,-126.03944935201997,9.661944444447506,255.82200000005713,0.25523491860033864,-0.5946684889809954,0.5153042179166505,-2.0199354555066975
13402710.0,0.7004,-1.6035,9.2846,0.0143,0.0063,9.8065,0.0422,-0.0751,-0.0313,68.22,-80.33,-171.9,52.20204,-2.199662,8.06,3,254.58,22 / 23,-9.727874345267828,-1.8570573422995753,-0.16065734056427008,-162.52868356184976,-124.20096081890206,24.814740665961725,False,37.29999999999927,-9.51109625199302,-2.1273762890907455,-161.99309036534473,-126.25071971304023,9.746111111108048,257.39199999994287,0.21677809327480801,-0.2703189467911702,0.5355931965050331,-2.049758894138165
13402810.0,0.1235,1.0905,11.0877,0.0514,-0.0029,9.8065,0.092,-0.1037,0.2019,69.48,-80.53,-172.04,52.20204,-2.199662,8.06,3,254.58,22 / 23,-9.771336141688215,-1.891025450293309,-0.122707340564132,-163.50364408620112,-124.38836495853239,24.800572431905255,False,37.399999999999636,-9.56601209064724,-2.029305443449441,-162.94715341072418,-126.45087058094708,9.778888888888291,258.02299999998854,0.20532405104097506,-0.13827999315613204,0.5564906754769368,-2.0625056224146903
13402910.0,0.6336,-1.0965,9.1129,0.0292,-0.037,9.8064,-0.1899,-0.0905,0.2512,71.54,-80.66,-170.78,52.20204,-2.199662,8.06,3,254.58,22 / 23,-9.794860906925114,-1.9091220758600314,-0.09334234056402513,-164.48195393863534,-124.57837233484075,24.789769947848807,False,37.5,-9.410453276464402,-2.212054254184495,-163.8875869840223,-126.67326043441184,9.666944444444445,256.772,0.38440763046071247,-0.3029321783244636,0.5943669546130366,-2.0948880995710937
13403010.0,3.6417,-4.4858,12.06,0.0539,0.0636,9.8063,0.1818,0.2276,-0.1292,71.45,-81.01,-170.7,52.20204,-2.199662,8.06,3,254.58,22 / 23,-10.026051504017765,-2.1839290302856247,-0.015362340563741361,-165.4729995591861,-124.78302489014878,24.7843347137924,False,37.600000000000364,-9.49776954460997,-2.0757113138226755,-164.83483529337462,-126.8845307947438,9.721944444443828,257.6720000000074,0.5282819594077957,0.1082177164629492,0.6381642658114686,-2.1015059045950153
13403111.0,0.2281,1.7001,10.1811,-0.0378,-0.0465,9.8064,-0.1567,-0.1658,0.2522,71.19,-80.71,-171.55,52.20204,-2.199662,8.06,3,254.58,22 / 23,-10.132228561956286,-2.3969282228944464,0.11734155943700442,-166.4909927025235,-125.01435818143567,24.78948466434553,False,37.70100000000093,-9.478374288719161,-2.001737659405633,-165.79141979104622,-127.08679436625425,9.68744444444213,258.0749099999845,0.6538542732371244,0.3951905634888133,0.6995729114772757,-2.072436184818585
13403210.0,0.4868,-1.1389,9.9653,-0.0496,0.0281,9.8065,0.048,0.3486,-0.2786,73.12,-80.52,-170.18,52.20204,-2.199662,8.06,3,254.58,22 / 23,-10.129843617585006,-2.403104080897027,0.14373000943656228,-167.49396527539398,-125.25195978046936,24.802407707004555,False,37.79999999999927,-9.40488836251749,-2.055756363250632,-166.71570243985786,-127.29595202296359,9.626944444446668,257.6700000000149,0.7249552550675169,0.34734771764639527,0.7782628355361112,-2.0439922424942267
13403312.0,0.2846,4.0038,8.9824,-0.0076,-0.0135,9.8065,-0.0448,-0.1043,0.0516,68.67,-80.32,-171.53,52.20204,-2.199662,8.06,3,254.58,22 / 23,-10.018076116894363,-2.366442637077133,0.10978440943630563,-168.52150918186018,-125.49520666308788,24.815336942367168,False,37.902000000000044,-9.524869967907321,-1.905340978476648,-167.6887104514013,-127.48876402526236,9.71357222222244,258.6879400000021,0.49320614898704207,0.461101658600485,0.832798730458876,-1.9935573621744709
13403410.0,0.6861,-2.1435,10.4186,-0.0152,0.0281,9.8065,0.0349,0.1734,-0.12,68.42,-80.14,-172.08,52.20204,-2.199662,8.06,3,254.58,22 / 23,-9.950169167400068,-2.3634770230837416,0.0993817094363103,-169.49995320079017,-125.72697272643566,24.825586082191922,False,38.0,-9.504644468831097,-1.927178009359911,-168.61701379458933,-127.67401477392593,9.698055555555557,258.538,0.4455246985689705,0.43629901372383073,0.8829394062008475,-1.947042047490271
13403510.0,1.2302,-2.9073,10.5725,-0.027,-0.0307,9.8065,0.0012,-0.3029,0.172,68.61,-80.08,-172.04,52.20204,-2.199662,8.06,3,254.58,22 / 23,-10.185455913579192,-2.5303208703659448,0.16827170943656095,-170.50673445484279,-125.97166262110903,24.838968753135614,False,38.100000000000364,-9.520644800952411,-1.9640070795817473,-169.5642621039146,-127.87416564183198,9.721111111110183,258.3440000000169,0.664811112626781,0.5663137907841975,0.9424723509281989,-1.9025030207229463
13403610.0,1.088,0.1223,8.9952,-0.0187,-0.0025,9.8066,-0.0717,-0.046,0.1072,66.94,-79.76,-171.26,52.20204,-2.199662,8.06,3,254.58,22 / 23,-10.306946922102227,-2.673962259895248,0.16599170943655273,-171.5313545966306,-126.23187677762304,24.85568192407933,False,38.20000000000073,-9.50101862707516,-1.7998736200092118,-170.5115104132672,-128.05207752418013,9.670000000001778,259.2729999999848,0.8059282950270674,0.8740886398860361,1.0198441833634035,-1.8202007465570915
13403710.0,2.2204,0.1638,10.9381,-0.0138,-0.0169,9.8065,0.0664,-0.0742,0.0293,69.49,-79.59,-170.96,52.20204,-2.199662,8.06,3,254.58,22 / 23,-10.268834388345475,-2.8081566325307636,0.18199170943632,-172.56014366213802,-126.50598272224036,24.873081095022723,False,38.29999999999927,-9.535569080285393,-1.878755851524705,-171.46557345853307,-128.24110889893637,9.718888888887111,258.8540000000153,0.7332653080600817,0.9294007810060587,1.0945702036049454,-1.7351261766960135
13403810.0,0.9373,-0.5694,9.3752,-0.0155,-0.0224,9.8065,-0.1604,-0.1611,-0.0349,69.91,-79.57,-171.16,52.20204,-2.199662,8.06,3,254.58,22 / 23,-10.267915017950502,-2.9475698251705036,0.21699170943644738,-173.58698113245654,-126.79376904512647,24.893030265966434,False,38.399999999999636,-9.647883207163865,-1.8512543104939636,-172.42645123993992,-128.43014027512444,9.823888888886978,259.1379999999948,0.6200318107866369,1.09631551467654,1.160529892516621,-1.6363712299979767
13403910.0,0.9287,-2.4674,12.2376,0.0006,0.0312,9.8066,0.1465,-0.0041,-0.2008,68.81,-79.77,-172.46,52.20204,-2.199662,8.06,3,254.58,22 / 23,-10.411898692593061,-3.07396755530186,0.31696670943681116,-174.62097181798748,-127.09484591415118,24.919728186910195,False,38.5,-9.65611766136682,-1.8510870504873045,-173.39414375737434,-128.6080521574724,9.831944444444446,259.148,0.7557810312262419,1.2228805048145557,1.226828060613144,-1.5132062433212212
13404010.0,0.913,2.5928,10.1689,-0.0218,-0.0699,9.8063,-0.0024,-0.1225,0.2853,67.08,-79.67,-172.96,52.20204,-2.199662,8.06,3,254.58,22 / 23,-10.40842384094357,-3.1390030863046054,0.45662670943731937,-175.6619879446681,-127.40549444623264,24.95840785785404,False,38.600000000000364,-9.611432371483817,-1.8874302022634868,-174.34820680278145,-128.79708353295277,9.795000000001238,258.8900000000228,0.7969914694597531,1.2515728840411187,1.3137811418866647,-1.3915890867201313
13404110.0,1.4043,-1.5111,7.8648,0.0205,0.0464,9.8065,0.269,-0.0409,-0.0517,68.19,-79.24,-171.7,52.20204,-2.199662,8.06,3,254.58,22 / 23,-10.350844613584004,-3.209600840163101,0.3776467094370321,-176.69995136739826,-127.72292464255717,25.000121528797912,False,38.70000000000073,-9.717487386671284,-1.688284271637094,-175.31589932024306,-128.96387592287562,9.863055555555443,260.1439999999779,0.6333572269127199,1.5213165685260068,1.384052047155194,-1.2409512803184413
13404210.0,-4.0174,3.024,11.3229,0.0201,-0.0106,9.8066,0.2001,-0.2469,0.2475,69.95,-79.07,-170.48,52.20204,-2.199662,8.06,3,254.58,22 / 23,-10.356908604047474,-3.0472223597654944,0.35636670943734183,-177.73533902826478,-128.03576580254907,25.036822199741096,False,38.79999999999927,-9.696020464114055,-1.7907504458978334,-176.2835918375625,-129.1529072983392,9.860000000000113,259.5360000000221,0.6608881399334194,1.256471913867661,1.4517471907022639,-1.117141495790122
13404311.0,-0.1601,0.3206,10.5223,-0.0058,0.0138,9.8066,0.0118,0.5166,-0.2709,71.36,-78.73,-169.29,52.20204,-2.199662,8.06,3,254.58,22 / 22,-10.305341769902192,-2.7752142694585187,0.46907765943797525,-178.7787826721551,-128.32979885232652,25.078507140369535,False,38.90099999999984,-9.756216519114622,-1.784746856722105,-177.26777601622794,-129.3328206900737,9.91813611111098,259.6332700000172,0.5491252507875704,0.9904674127364137,1.5110066559271615,-1.003021837747184
13404409.0,3.5769,-3.0113,9.1231,0.0561,-0.0408,9.8064,-0.0913,0.4111,-0.2639,70.59,-78.7,-169.47,52.20204,-2.199662,8.06,3,254.58,22 / 22,-10.40784791885621,-2.961160210679282,0.4706505594379746,-179.7937289669038,-128.61088120185315,25.124553823094434,False,38.998999999999796,-9.729558332693216,-1.9650535444212247,-178.21611468333649,-129.52896854062124,9.926030555555538,258.5817300000024,0.6782895861629932,0.9961066662580573,1.5776142835673284,-0.918087338768089
13404510.0,0.1716,3.712,9.8954,0.0098,-0.0208,9.8065,-0.1727,0.4875,-0.2252,74.23,-78.63,-170.58,52.20204,-2.199662,8.06,3,254.58,22 / 22,-10.343054409104049,-3.1221645216486955,0.440613159437806,-180.84164953447169,-128.91808910083745,25.17057264089792,False,39.100000000000364,-9.801647038342328,-2.0616006222914676,-179.20029886200194,-129.7422404089253,10.016111111108817,258.1220000000035,0.5414073707617213,1.060563899357228,1.6413506724697413,-0.8241513080878633
13404609.0,3.2017,-3.594,8.9649,0.0403,-0.0094,9.8065,0.0629,0.5737,-0.2885,70.75,-78.63,-170.02,52.20204,-2.199662,8.06,3,254.58,22 / 22,-10.313480172759506,-3.271678961278771,0.4033396594377458,-181.8641479962756,-129.23458435324287,25.212348305432325,False,39.199000000000524,-9.686100565560064,-2.0041186136668174,-180.15831445426022,-129.94038976885255,9.891261111106797,258.3101000000065,0.6273796071994422,1.2675603476119535,1.7058335420153696,-0.7058054156096887
13404710.0,-1.0264,2.4778,8.6755,0.0092,-0.051,9.8065,-0.144,0.2097,-0.1431,73.76,-78.44,-169.86,52.20204,-2.199662,8.06,3,254.58,22 / 22,-10.360498389789138,-3.382201487374332,0.30370820943898036,-182.90818391367137,-129.57060531589568,25.248054222810158,False,39.29999999999927,-9.494824725697335,-1.9654195754178405,-181.10842495267488,-130.13142265300226,9.696111111118164,258.30500000000023,0.865673664091803,1.4167819119564913,1.7997589609964848,-0.5608173371065845
13404810.0,3.6294,-3.3954,9.5114,0.0284,0.0081,9.8065,0.0113,0.5628,-0.1971,72.0,-78.32,-169.51,52.20204,-2.199662,8.06,3,254.58,22 / 22,-10.395380274120376,-3.5059230820711687,0.23238820943872093,-183.94597784687062,-129.9150115443692,25.27485904375414,False,39.399999999999636,-9.448839025702801,-2.04187559815509,-182.04885852594566,-130.34269301333362,9.666944444444976,257.8060000000091,0.9465412484175744,1.4640474839160786,1.8971193209249577,-0.4276814689644084
13404910.0,1.9241,-0.3376,10.5304,0.0389,-0.019,9.8065,-0.0483,-0.2694,0.328,71.5,-78.54,-170.18,52.20204,-2.199662,8.06,3,254.58,22 / 22,-10.520678390712913,-3.8108276897197846,0.2538132094387989,-184.9917807801161,-130.2808490829601,25.299169114698106,False,39.5,-9.571149242322678,-2.1106589477060695,-183.0097363073795,-130.55396337366577,9.80111111111111,257.564,0.9495291483902353,1.700168742013715,1.9820444727365896,-0.27311429070567783
13405010.0,2.0516,-1.1085,9.1854,-0.0204,0.0107,9.8065,-0.0357,0.0922,-0.2016,70.29,-78.71,-169.2,52.20204,-2.199662,8.06,3,254.58,22 / 22,-10.558418896083026,-4.006461304773115,0.2589382094388176,-186.04573564445974,-130.67171353268617,25.32480668564208,False,39.600000000000364,-9.595494905275855,-2.2110613774328223,-183.97061408878628,-130.77635322713112,9.846944444443192,257.02399999998045,0.9629239908071714,1.7953999273402927,2.075121555673462,-0.10463969444495547
13405110.0,1.2234,1.7044,10.1292,0.011,-0.0233,9.8065,0.0109,-0.0094,-0.048,69.7,-78.63,-168.19,52.20204,-2.199662,8.06,3,254.58,22 / 22,-10.509781000548259,-4.133856174288501,0.24400320943876336,-187.09914563929513,-131.07872940664072,25.34995375658605,False,39.70000000000073,-9.485537593857357,-2.373804331224273,-184.91104766208363,-131.0098625723151,9.778055555549917,255.94999999998123,1.0242434066909016,1.7600518430642276,2.1880979772114983,0.06886683432563245
13405209.0,0.9376,-0.0353,8.9077,0.0127,0.001,9.8066,-0.0069,0.0677,0.0186,74.45,-78.49,-167.63,52.20204,-2.199662,8.06,3,254.58,22 / 22,-10.432850478216748,-4.189817249004872,0.21547140943871734,-188.1358058974957,-131.49075124109442,25.37269775022052,False,39.79900000000089,-9.315474702430459,-2.4196875036741012,-185.82858372221884,-131.25204512363086,9.6246055555586,255.43916000001016,1.1173757757862894,1.7701297453307712,2.3072221752768485,0.23870611746355053
13405310.0,0.2188,0.3092,10.4206,-0.0184,0.004,9.8066,0.0065,-0.1209,0.0592,75.21,-78.15,-167.63,52.20204,-2.199662,8.06,3,254.58,22 / 22,-10.437775396814116,-4.223861771560611,0.20107890943889575,-189.18977250417169,-131.9156420316277,25.39373354132358,False,39.899999999999636,-9.397245949337266,-2.3478750018755377,-186.77147060045843,-131.48800075791533,9.686111111109962,255.97199999999023,1.0405294474768496,1.8759867696850736,2.4183019037132567,0.4276412737123678
13405410.0,-0.2354,2.0434,9.2815,0.0156,0.008,9.8066,-0.0852,-0.2546,0.1151,76.69,-77.98,-168.08,52.20204,-2.199662,8.06,3,254.58,22 / 23,-10.356431587577207,-4.176306872830808,0.20551890943891196,-190.22948285339504,-132.3356504638488,25.414063432267547,False,40.0,-9.119360946663624,-2.7288278808819464,-187.6778304935656,-131.7659880749228,9.518888888888888,253.341,1.2370706409135828,1.4474789919488615,2.5516523598294327,0.5696623889259911
13405510.0,1.036,-1.037,10.3672,0.0015,0.0216,9.8066,-0.0642,-0.0217,0.0345,74.77,-78.04,-168.24,52.20204,-2.199662,8.06,3,254.58,22 / 23,-10.329321324775565,-4.185850835134445,0.20728890943891845,-191.26377049901643,-132.75375834924859,25.434703823211514,False,40.100000000000364,-9.30930041882248,-2.50330296050597,-188.60463459478134,-132.01061691323997,9.639999999998327,254.94899999996957,1.0200209059530856,1.6825478746284745,2.659135904235086,0.7431414360086137
13405610.0,0.0947,1.5727,9.8304,0.0157,0.0201,9.8065,-0.0657,-0.3159,0.1151,73.16,-78.07,-169.64,52.20204,-2.199662,8.06,3,254.58,22 / 23,-10.32286569131581,-4.213151943481667,0.23650390943902477,-192.29637984982475,-133.17370848818092,25.456893464155492,False,40.20000000000073,-9.144192298156447,-2.7475647592435775,-189.517809223942,-132.28860422954094,9.548055555551667,253.2759999999869,1.1786733931593627,1.4655871842380894,2.778570625882736,0.8851042586399842
13405710.0,2.8338,-0.7733,9.499,-0.016,0.0326,9.8065,-0.1032,-0.0403,0.1204,74.25,-78.16,-168.48,52.20204,-2.199662,8.06,3,254.58,22 / 23,-10.278824960540895,-4.323869552659622,0.22230890943923137,-193.3264643824026,-133.60055956298177,25.47983410509907,False,40.29999999999927,-9.02452292434103,-2.7735473676254845,-190.4173543809395,-132.56659154723127,9.441111111115001,252.9160000000131,1.2543020361998654,1.5503221850341378,2.909110001463091,1.033968015750503
13405810.0,0.6702,1.9986,9.2785,0.0161,0.044,9.8064,-0.0519,-0.0435,0.0895,75.02,-78.3,-167.5,52.20204,-2.199662,8.06,3,254.58,22 / 23,-10.20592895713299,-4.458829554442778,0.1805189094390794,-194.35070207829003,-134.03969451833848,25.499975496043056,False,40.399999999999636,-8.988451104511748,-2.959251119679469,-191.3100848019646,-132.8668178476755,9.463055555555156,251.7770000000207,1.2174778526212418,1.4995784347633085,3.0406172763254347,1.172876670662987
13405910.0,-0.5804,1.2856,9.3798,0.0189,0.0031,9.8066,-0.0948,-0.1881,0.1618,73.72,-78.42,-168.43,52.20204,-2.199662,8.06,3,254.58,22 / 23,-10.080796219891967,-4.401204037722741,0.13276890943890568,-195.36503833714497,-134.48269619794837,25.515639886987014,False,40.5,-8.962417303041777,-3.0466925762273087,-192.20281522296227,-133.1670441502425,9.466111111111111,251.225,1.1183789168501903,1.3545114614954326,3.1622231141826944,1.3156520477058677
13406009.0,0.4884,-0.4018,8.8496,0.0102,0.0377,9.8065,-0.0548,-0.0706,0.0329,72.7,-78.25,-169.04,52.20204,-2.199662,8.06,3,254.58,22 / 23,-10.073219215088816,-4.3673530027863805,0.06426585943879498,-196.36266210117813,-134.91673977145427,25.525393108046476,False,40.59900000000016,-8.949332057717239,-3.0849147155465757,-193.08661833977504,-133.4752764865844,9.466111111111111,250.98046999999605,1.123887157371577,1.2824382872398048,3.2760437614030877,1.441463284869883
13406110.0,1.0721,-0.6083,10.0482,-0.0044,0.0202,9.8066,-0.1374,-0.1891,0.1717,74.64,-78.25,-167.28,52.20204,-2.199662,8.06,3,254.58,22 / 23,-10.134725585622016,-4.43922391529384,0.028133109438592013,-197.38316331361978,-135.36147190581983,25.53005925597481,False,40.70000000000073,-8.85347408253783,-3.1675622252263165,-193.97464659295687,-133.8008552319461,9.403055555554788,250.31399999999675,1.281251503084187,1.2716616900675235,3.4085167206629023,1.5606166738737386
13406209.0,-0.4348,-1.4255,10.0998,-0.0027,0.0289,9.8065,-0.0393,-0.0008,-0.013,72.98,-78.41,-167.46,52.20204,-2.199662,8.06,3,254.58,22 / 23,-10.25694348389029,-4.480666498149155,0.05460075943863485,-198.39255093256227,-135.80300648128596,25.534154582484238,False,40.79900000000089,-8.82892490727235,-3.174102352330455,-194.8449565323721,-134.10908756966606,9.38215555555597,250.22589000000175,1.428018576617939,1.3065641458187,3.547594400190178,1.6939189116199032
13406310.0,0.6914,0.7497,9.7895,0.0036,-0.0109,9.8065,-0.0919,-0.0243,0.0405,73.23,-78.33,-167.41,52.20204,-2.199662,8.06,3,254.58,22 / 23,-10.320249789285608,-4.4855288756975975,0.06853875943846223,-199.43169919284477,-136.2557993476596,25.540373128187454,False,40.899999999999636,-8.768410734519286,-3.1644306622354597,-195.7260337547627,-134.43466631362114,9.321944444445535,250.15600000000126,1.5518390547663223,1.3210982134621378,3.7056654380820646,1.8211330340384677
13406410.0,1.8002,0.2898,8.0611,0.0173,0.02,9.8065,-0.0247,0.1488,-0.0598,75.77,-78.18,-167.07,52.20204,-2.199662,8.06,3,254.58,22 / 22,-10.271795953292564,-4.573135973781209,-0.01959624056185834,-200.46130147997744,-136.70873259013518,25.542820254131293,False,41.0,-8.800718198373794,-3.166545028595198,-196.6051347037055,-134.74601210790672,9.353055555555555,250.211,1.4710777549187704,1.4065909451860112,3.856166776271948,1.9627204822284625
13406510.0,-2.1433,2.9089,10.1062,0.0153,0.0045,9.8066,-0.1241,-0.1715,0.1847,77.61,-77.94,-167.32,52.20204,-2.199662,8.06,3,254.58,22 / 22,-10.149421279406866,-4.501310202269715,-0.09189624056212135,-201.48236234161612,-137.1624548989394,25.537245630075073,False,41.100000000000364,-8.781031326813796,-3.1176350289786665,-197.4774209165939,-135.05735790219188,9.318055555554501,250.45300000000373,1.3683899525930698,1.3836751732910484,4.004941425022224,2.1050969967475055
13406610.0,1.206,-0.4632,8.2541,0.0298,0.0327,9.8065,-0.1804,0.1244,-0.0821,75.89,-77.65,-168.05,52.20204,-2.199662,8.06,3,254.58,22 / 22,-10.070958821856715,-4.409890127915574,-0.15454624056234928,-202.49338134668298,-137.60801491545027,25.524923506018805,False,41.20000000000073,-8.737297423679642,-3.0671214078024676,-198.3497071295097,-135.35758420475932,9.260000000002112,250.65700000000146,1.3336613981770729,1.3427687201131064,4.14367421717327,2.2504307106909494
13406710.0,0.0948,-1.6014,10.6324,0.022,0.0222,9.8066,-0.114,-0.3474,0.2406,78.11,-77.82,-167.3,52.20204,-2.199662,8.06,3,254.58,22 / 22,-10.188846968286695,-4.475340318613001,-0.1908862405618204,-203.5063716361754,-138.05227643777025,25.507651881962847,False,41.29999999999927,-8.794228432771524,-3.080211942158091,-199.22880807837265,-135.66892999972367,9.318055555553444,250.69699999999855,1.3946185355151712,1.39512837645491,4.27756355780275,2.3833464380465728
13406810.0,-1.2819,0.008,9.2288,0.0055,0.0467,9.8065,-0.0853,-0.1787,0.0877,80.81,-77.81,-166.28,52.20204,-2.199662,8.06,3,254.58,22 / 22,-10.307932315635709,-4.4119419813378515,-0.17849124056177526,-204.53121060037526,-138.4966405527694,25.4891830079066,False,41.399999999999636,-8.797665070390147,-2.972027738287274,-200.10109429128846,-135.96915630158378,9.286111111111692,251.3339999999884,1.5102672452455614,1.4399142430505774,4.430116309086799,2.5274842511856264
13406910.0,1.5248,-0.393,8.9898,0.0097,-0.0066,9.8066,0.0913,-0.3154,0.0023,83.47,-78.02,-165.31,52.20204,-2.199662,8.06,3,254.58,22 / 22,-10.359468656968982,-4.4039212157925185,-0.24822624056202888,-205.56458064900926,-138.93743371262752,25.467847133850334,False,41.5,-8.833798885040867,-2.929711956938097,-200.9870099762856,-136.25826311101795,9.306944444444445,251.652,1.525669771928115,1.4742092588544216,4.5775706727236525,2.67917060160957
13407010.0,0.161,3.2972,12.2873,-0.0402,-0.004,9.8065,0.1281,-0.4323,0.183,84.89,-78.18,-167.31,52.20204,-2.199662,8.06,3,254.58,22 / 22,-10.235420992164288,-4.451482737684413,-0.16503624056172614,-206.59432513146967,-139.38020391030298,25.44718400979407,False,41.600000000000364,-8.819037885703526,-2.8785880212045445,-201.85929618920125,-136.54736992045156,9.276944444443792,251.92300000000924,1.4163831064607617,1.5728947164798681,4.735028942268428,2.832833989851423
13407110.0,2.2389,-1.9389,10.4745,-0.048,-0.0099,9.8064,0.093,-0.1204,0.0667,75.65,-78.26,-168.55,52.20204,-2.199662,8.06,3,254.58,22 / 22,-10.168146065259801,-4.5557149387386655,-0.007611240561153337,-207.6145034843446,-139.83056379412577,25.438551635737895,False,41.70000000000073,-8.810051407735072,-2.7894674690634154,-202.73839713814442,-136.81423774432685,9.24111111111096,252.4310000000308,1.3580946575247292,1.7662474696752501,4.876106346200174,3.01632604979892
13407210.0,-0.0123,2.9103,10.4875,-0.0291,-0.0007,9.8065,0.0931,-0.2603,0.151,75.69,-77.81,-168.76,52.20204,-2.199662,8.06,3,254.58,22 / 22,-10.126682214344939,-4.632581919994809,0.059823759437865484,-208.62924489831008,-140.28997863705575,25.441162261681693,False,41.79999999999927,-8.846286942089899,-2.6578844986125647,-203.62431282306127,-137.0811055681778,9.236944444444596,253.2769999999692,1.2803952722550402,1.9746974213822446,5.004932075248803,3.208873068877949
13407310.0,-1.8137,2.7405,10.9094,-0.0303,-0.0307,9.8065,-0.1255,0.4275,-0.2432,79.76,-77.13,-170.09,52.20204,-2.199662,8.06,3,254.58,22 / 23,-9.899596861239912,-4.462203768496649,0.14900375943819,-209.63055885209297,-140.744717921482,25.451603637625535,False,41.899999999999636,-8.81876806165929,-2.666406297700925,-204.50341377200442,-137.34797339134576,9.213055555555991,253.1770000000018,1.0808287995806225,1.795797470795724,5.127145080088553,3.396744530136232
13407410.0,0.6804,-3.2846,10.205,0.0144,-0.0033,9.8066,-0.0231,0.4915,-0.1662,75.18,-77.11,-171.44,52.20204,-2.199662,8.06,3,254.58,22 / 23,-9.963508731359015,-4.403431926800774,0.2240587594384631,-210.62371413172653,-141.1879997062485,25.470256763569434,False,42.0,-8.880634234008552,-2.5518494473137188,-205.3893294570017,-137.60372172279557,9.24,253.968,1.0828744973504634,1.8515824794870555,5.234384674724822,3.584277983452921
13407509.0,-1.6294,5.0821,8.1614,0.0518,0.0318,9.8064,-0.0688,0.1656,-0.0499,71.04,-77.47,-171.1,52.20204,-2.199662,8.06,3,254.58,22 / 23,-9.93402747039849,-4.302203116466136,0.16233720943836338,-211.6086421737151,-141.61892864089089,25.489383364028868,False,42.09900000000016,-8.887988875553107,-2.3845692045709876,-206.26638598512056,-137.8348959759273,9.202324999999389,254.98176000001638,1.046038594845383,1.9176339118951482,5.342256188594547,3.7840326649635756
13407610.0,1.9254,-1.9991,10.5253,0.0346,0.0995,9.8061,0.2163,0.6491,-0.4186,67.14,-78.3,-170.79,52.20204,-2.199662,8.06,3,254.58,22 / 23,-9.808796978778739,-4.254549544317673,0.11554390943810051,-212.60565480840415,-142.0510446502629,25.503416360532206,False,42.20000000000073,-8.95358446113674,-2.3228915810380837,-207.17479029907815,-138.0596209221514,9.24999999999822,255.45600000001508,0.8552125176419985,1.931657963279589,5.430864509326,3.9914237281114993
13407710.0,1.3026,4.4743,8.3101,0.0079,-0.0011,9.8066,-0.0625,-0.1065,0.1711,70.02,-78.28,-171.64,52.20204,-2.199662,8.06,3,254.58,22 / 23,-9.666292798190332,-4.352056327622898,0.07664890943866656,-213.57940929723844,-142.48137494385367,25.513026001475904,False,42.29999999999927,-8.922764493491773,-2.246045296232342,-208.0607059839679,-138.28201077559632,9.20111111111289,255.87099999998492,0.7435283046985592,2.106011031390556,5.518703313270549,4.199364168257347
13407809.0,1.7324,-3.8044,10.0833,-0.0236,0.0857,9.8062,0.1277,0.4224,-0.3384,72.95,-78.22,-169.94,52.20204,-2.199662,8.06,3,254.58,22 / 23,-9.625165202271557,-4.457773122048231,0.01626385943856897,-214.53433646826284,-142.9174615016131,25.517625183535333,False,42.39899999999943,-8.973619386531254,-2.045674184714997,-208.95125568947412,-138.4911684330254,9.203861111111054,257.1579999999735,0.6515458157403025,2.4120989373332336,5.5830807787887125,4.426293068587711
13407910.0,0.6032,-2.6307,9.647,-0.0003,0.002,9.8066,-0.0874,-0.2112,0.1403,77.3,-78.07,-170.81,52.20204,-2.199662,8.06,3,254.58,22 / 23,-9.939793377488648,-4.637761656199116,0.022172359438602216,-215.52236687654627,-143.3767860079172,25.519566212588643,False,42.5,-9.10530488230357,-2.12507011656058,-209.86661103415327,-138.70455149626105,9.35,256.863,0.8344884951850791,2.512691539638536,5.655755842393006,4.672234511656143
13408010.0,0.8792,-3.8579,10.9246,0.0383,0.0211,9.8065,0.0228,0.1254,-0.0282,80.46,-78.22,-170.46,52.20204,-2.199662,8.06,3,254.58,22 / 23,-10.276499106476836,-4.7505512145421225,0.07008735943877659,-216.5331815007482,-143.84620165145597,25.52417919853253,False,42.600000000000364,-9.025051676100366,-2.0552457626697445,-210.76615619120588,-138.90470236487462,9.256111111112164,257.1710000000072,1.2514474303764693,2.695305451872378,5.767025309542333,4.941499286581347
13408110.0,1.0622,-1.8036,9.9961,-0.0008,-0.0499,9.8064,-0.1473,-0.111,0.2474,83.15,-78.43,-170.25,52.20204,-2.199662,8.06,3,254.58,22 / 23,-10.573616678445006,-4.866875827660143,0.13545735943901446,-217.5756872899981,-144.32707300356785,25.534456434476457,False,42.70000000000073,-9.09546364313796,-2.0052599210478803,-211.68614555639445,-139.093733740355,9.31388888889097,257.5670000000419,1.478153035307047,2.861615906612263,5.889541733603636,5.233339263212855
13408209.0,0.5795,-0.0861,9.9366,-0.0145,0.0007,9.8066,0.0035,0.1569,-0.0836,75.78,-78.38,-170.83,52.20204,-2.199662,8.06,3,254.58,22 / 23,-10.684562613073405,-4.937630150735836,0.1512676594390401,-218.62796716492994,-144.81239604949923,25.548649322910943,False,42.79900000000089,-9.189111398176063,-1.8349063946159176,-212.59693502786303,-139.26986650456632,9.370538888887765,258.70747999997735,1.4954512148973418,3.102723756119918,6.031032137066916,5.542529544932904
13408310.0,1.56,-1.2724,9.7304,-0.0133,-0.0046,9.8066,-0.0149,0.1654,0.0037,74.32,-78.29,-171.28,52.20204,-2.199662,8.06,3,254.58,23 / 23,-10.755906661141207,-5.041405837859358,0.15397950943900657,-219.71071086326435,-145.31633736691705,25.564064304939095,False,42.899999999999636,-9.18783656101938,-1.8639432201637025,-213.5261242866608,-139.4606769981669,9.374999999999929,258.5320000000034,1.5680701001218278,3.1774626176956557,6.18458657660355,5.855660368750165
13408410.0,1.1539,-1.7568,9.3682,-0.0371,-0.0007,9.8066,-0.0235,0.2343,-0.0535,70.84,-78.13,-170.91,52.20204,-2.199662,8.06,3,254.58,23 / 23,-10.894288429843249,-5.199801866476865,0.12824450943891297,-220.79322061781752,-145.82839775213571,25.578175505883042,False,43.0,-9.38318320054629,-1.6947265339829547,-214.4665578599854,-139.61634989495653,9.535,259.762,1.511105229296959,3.5050753324939103,6.326662757832139,6.212047857179186
13408510.0,-0.057,0.2843,9.1453,-0.0074,0.0358,9.8065,0.0527,0.2615,-0.0528,68.09,-78.11,-170.55,52.20204,-2.199662,8.06,3,254.58,23 / 23,-10.981265130075808,-5.25983757334313,0.073254509438713,-221.88699829581745,-146.3513797241286,25.58825045682696,False,43.100000000000364,-9.560458496895267,-1.77071812142017,-215.42062090533793,-139.7942617780114,9.72305555555366,259.50700000001274,1.4208066331805416,3.4891194519229605,6.466377390479522,6.557117946117216
13408609.0,1.7952,-2.5914,9.5123,0.0057,0.0463,9.8065,0.0513,0.3918,-0.0992,74.45,-78.23,-168.36,52.20204,-2.199662,8.06,3,254.58,23 / 23,-11.103192534291846,-5.355709429909826,0.025947359438636595,-222.9801789502054,-146.87684930079047,25.593160949336397,False,43.199000000000524,-9.479518063836185,-1.6375785066801687,-216.35839673156804,-139.95938624403388,9.619930555551992,260.1990100000239,1.6236744704556614,3.7181309232296575,6.621782218637378,6.9174630567565885
13408710.0,0.0624,0.5229,9.3708,0.0052,0.005,9.8066,-0.1077,-0.1915,0.1358,70.37,-78.37,-167.46,52.20204,-2.199662,8.06,3,254.58,23 / 23,-11.213593240097783,-5.454936959079891,-0.010927740560906493,-224.10717663179813,-147.4227869434277,25.593919440089714,False,43.29999999999927,-9.510320363978705,-1.6244330018680002,-217.3151175239023,-140.11672706541523,9.648055555554496,260.3069999999963,1.7032728761190778,3.830503957211891,6.792059107895824,7.306059878012462
13408810.0,0.5453,2.6373,9.7508,0.0226,0.0387,9.8065,0.0865,0.1333,0.1201,72.19,-78.54,-166.13,52.20204,-2.199662,8.06,3,254.58,23 / 23,-11.08860002169768,-5.418268204281602,-0.035512740560995924,-225.22228629489194,-147.96644720159776,25.59159741603361,False,43.399999999999636,-9.594892181143631,-1.5614241149574855,-218.2759953053631,-140.27239996291158,9.721111111109783,260.7569999999918,1.4937078405540483,3.8568440893241163,6.946290989528848,7.694047238686181
13408909.0,-0.7555,1.8153,9.4265,0.011,-0.0322,9.8065,-0.0212,-0.2667,0.3678,72.0,-78.23,-164.28,52.20204,-2.199662,8.06,3,254.58,23 / 23,-10.916139743810923,-5.323930767233891,-0.05709474056103073,-226.3115209132864,-148.49818605068864,25.587013345718063,False,43.498999999999796,-9.62005472965455,-1.667218801420423,-219.22726430895426,-140.43752442753336,9.763461111111017,260.1679500000013,1.2960850141563736,3.6567119658134684,7.084256604332126,8.060661623155283
13409009.0,-1.3939,0.9311,9.789,-0.0248,0.0263,9.8065,0.0279,-0.2603,0.0506,74.53,-78.0,-163.34,52.20204,-2.199662,8.06,3,254.58,23 / 23,-10.849182614586647,-5.162733522536483,-0.07698474056110301,-227.39978703121022,-149.02251926517908,25.580309371661933,False,43.59900000000016,-9.724674619030951,-1.6519590948364609,-220.19488867900168,-140.60431681884177,9.863988888890507,260.3590100000032,1.124507995555696,3.5107744277000217,7.204898352208545,8.418202446337318
13409110.0,-0.7059,-2.9619,10.4791,-0.0188,0.015,9.8065,-0.0838,-0.1893,0.1172,75.31,-77.74,-162.79,52.20204,-2.199662,8.06,3,254.58,23 / 23,-11.010157200217952,-5.066998634857757,-0.04391734056091712,-228.50368369186407,-149.5391207391304,25.574203816565237,False,43.70000000000073,-9.546488514013667,-1.5475616870802553,-221.1586286495572,-140.7616576395447,9.671111111114051,260.79199999998735,1.4636686862042847,3.519436947777502,7.345055042306882,8.777463099585702
13409210.0,-3.128,0.9542,10.4502,0.0239,-0.0079,9.8066,0.0386,-0.3509,0.2443,77.72,-77.6,-161.2,52.20204,-2.199662,8.06,3,254.58,23 / 23,-11.181924941645477,-4.88791031112508,0.021882659438125493,-229.6132877989411,-150.0368661864223,25.573102082509113,False,43.79999999999927,-9.616596407093807,-1.6191028350737486,-222.11269169487727,-140.9284500301589,9.751944444441504,260.44300000001266,1.5653285345516696,3.2688074760513315,7.500596104063817,9.108416156263388
13409309.0,0.3218,-1.3104,9.8263,0.0065,0.0137,9.8065,-0.0077,0.0285,-0.0866,75.78,-77.55,-160.35,52.20204,-2.199662,8.06,3,254.58,22 / 23,-11.26017989442473,-4.7384727857685185,0.05471105943817865,-230.72417198832835,-150.5133721497193,25.576893471593497,False,43.89899999999943,-9.59305792559689,-1.4728125555918803,-223.06396069844135,-141.07155790047912,9.7054694444454,261.2716299999829,1.667121968827841,3.265660230176638,7.660211289887002,9.441814249240167
13409410.0,-1.2389,0.5314,10.5527,0.0342,0.0001,9.8065,0.0773,-0.3705,0.2113,80.95,-77.74,-160.23,52.20204,-2.199662,8.06,3,254.58,22 / 23,-11.33624101773941,-4.6836994964804655,0.09337890943839597,-231.86529124439906,-150.98919184997553,25.584372015021806,False,44.0,-9.551871367327124,-1.6950841194936979,-224.02081778560964,-141.23979582444468,9.70111111111111,259.937,1.7843696504122857,2.9886153769867674,7.844473458789423,9.749396025530842
13409510.0,0.8987,-2.4557,7.7183,-0.0003,0.0085,9.8066,-0.1122,-0.0079,-0.0059,80.8,-77.67,-159.82,52.20204,-2.199662,8.06,3,254.58,22 / 23,-11.465110441196424,-4.6603501047837055,0.026263909438151864,-233.00535881735,-151.45639433004044,25.590354155965656,False,44.100000000000364,-9.535003543494932,-1.6101575778605672,-224.97488083096232,-141.39546872123373,9.670000000000146,260.4150000000094,1.9301068977014921,3.050192526923138,8.030477986387666,10.060925608806713
13409610.0,-0.9231,1.0746,10.3365,0.0418,-0.0001,9.8065,0.0066,-0.2417,0.2316,82.0,-77.77,-159.17,52.20204,-2.199662,8.06,3,254.58,22 / 23,-11.563487382971777,-4.648885285061651,-0.0516610905621316,-234.15678870856257,-151.9218560995344,25.58908429690945,False,44.20000000000073,-9.557045821110476,-1.5256587133240247,-225.92894387634155,-141.55114161943777,9.678055555551806,260.9299999999754,2.006441561861301,3.123226571737626,8.227844832221024,10.370714480096638
13409710.0,-0.1879,0.6414,11.5405,-0.0373,-0.0078,9.8066,-0.1483,0.1341,-0.0537,87.09,-77.63,-157.39,52.20204,-2.199662,8.06,3,254.58,22 / 23,-11.51499488976887,-4.5607689462434,0.06152390943622135,-235.3107128221828,-152.38233881109295,25.589577437853148,False,44.29999999999927,-9.436784155216973,-1.6210273927103123,-226.86937744955384,-141.71793400863734,9.57500000000375,260.2530000000246,2.078210734551897,2.9397415535330875,8.44133537262897,10.664404802455607
13409810.0,-1.5847,2.5182,10.2638,-0.0193,-0.0263,9.8065,-0.1997,-0.2517,0.1996,85.5,-77.72,-157.25,52.20204,-2.199662,8.06,3,254.58,22 / 23,-11.393262282134568,-4.436044359439586,0.17107390943661993,-236.45612568078215,-152.83217947637874,25.601207328796832,False,44.399999999999636,-9.403888623024933,-1.587510032149452,-227.80299628679745,-141.87360690684142,9.536944444445137,260.417999999997,1.989373659109635,2.8485343272901344,8.653129393984699,10.958572569537324
13409909.0,1.2435,-2.9852,10.016,-0.0119,-0.0117,9.8066,-0.066,0.0464,0.0127,84.76,-77.72,-156.26,52.20204,-2.199662,8.06,3,254.58,22 / 23,-11.44600783247085,-4.398848682383993,0.20406565943667332,-237.58666955145694,-153.2695066819497,25.61977673745609,False,44.498999999999796,-9.338913705721646,-1.5808564203175073,-228.72727893569336,-142.02772307466225,9.471769444444588,260.3922600000001,2.107094126749203,2.8179922620664857,8.859390615763573,11.24178360728746
13410010.0,-0.9222,0.2767,10.4984,0.0149,-0.0226,9.8065,0.0119,-0.3084,0.1924,81.94,-77.66,-156.04,52.20204,-2.199662,8.06,3,254.58,22 / 23,-11.613749227359337,-4.403537423322414,0.2495712094369291,-238.75118728298492,-153.71402718029037,25.642685399334333,False,44.600000000000364,-9.362241983312808,-1.5888836585503858,-229.6702339613109,-142.1960721935525,9.49611111110825,260.36799999998914,2.251507244046529,2.8146537647720278,9.080953321674002,11.517954986737863
13410110.0,0.9463,-0.6121,8.8619,0.0109,0.0048,9.8066,-0.0058,0.0235,0.0285,80.52,-77.53,-155.75,52.20204,-2.199662,8.06,3,254.58,22 / 23,-11.660114569261133,-4.385476444070186,0.23692120943688316,-239.91488047282016,-154.15347787366161,25.667010020278113,False,44.70000000000073,-9.190455199861235,-1.6584266333811069,-230.58340859047183,-142.36286458347453,9.338888888886311,259.77099999999723,2.4696593693998974,2.7270498106890786,9.331471882348325,11.790613290187082
13410209.0,0.228,0.7396,11.1039,0.031,0.0115,9.8066,0.1644,-0.097,0.0621,81.74,-77.57,-155.28,52.20204,-2.199662,8.06,3,254.58,22 / 23,-11.675364243316592,-4.420677268883021,0.25436995943691143,-241.06998667404463,-154.58938248245352,25.691328933137406,False,44.79900000000089,-9.119246881570035,-1.658106990934054,-231.4807048845804,-142.52798904948503,9.26876388889028,259.69477000000154,2.5561173617465567,2.762570277948967,9.589281789464223,12.061393432968487
13410309.0,-1.3487,0.2149,10.6282,-0.0267,-0.0114,9.8066,-0.1888,0.1522,0.0405,84.65,-77.34,-155.39,52.20189,-2.200729,9.83,2,254.65,23 / 23,-11.663137762609633,-4.335275720417557,0.3603099594353698,-242.23691177432397,-155.02718013191216,25.722062929080572,False,44.89899999999943,-9.139336260541508,-1.6589512035564604,-232.3938113663368,-142.6947814394039,9.28868055555513,259.71181999999965,2.5238015020681246,2.6763245168610963,9.84310040798718,12.332398692508264
13410410.0,0.4149,-0.0167,11.3928,-0.0075,0.0394,9.8066,-0.0019,0.1003,-0.1021,82.26,-77.4,-154.39,52.20189,-2.200729,9.83,2,254.65,23 / 23,-11.687315798815405,-4.263724963443832,0.481898809436053,-243.41610967918257,-155.4614296664496,25.76459447190882,False,45.0,-8.993077787808152,-1.64307642175897,-233.29567353365513,-142.85212226150733,9.141944444444444,259.646,2.6942380110072524,2.6206485416848624,10.120436145527435,12.609307404942257
13410510.0,-0.3845,3.0616,10.0919,-0.0363,-0.0186,9.8065,-0.1044,-0.0896,0.1232,82.13,-77.42,-154.46,52.20189,-2.200729,9.83,2,254.65,23 / 23,-11.567172447616871,-4.2216885317542205,0.5754688094363934,-244.5788340915084,-155.88570034121105,25.817462852852632,False,45.100000000000364,-8.940661751808063,-1.573423054836427,-234.18840395470693,-143.01891465142918,9.078055555554533,260.0189999999915,2.6265106958088076,2.6482654769177936,10.390430136801484,12.866785689781864
13410609.0,0.666,-0.4018,8.8942,-0.0442,0.0329,9.8065,-0.1166,0.2225,-0.1506,84.01,-77.14,-153.28,52.20189,-2.200729,9.83,2,254.65,23 / 23,-11.466166816074995,-4.194012831538544,0.5444224094363433,-245.718984385063,-156.30227755869473,25.87289746818692,False,45.199000000000524,-8.872986129260878,-1.6357473281754282,-235.06546048282576,-143.17303081925002,9.022505555553636,259.55468999998396,2.593180686814117,2.558265503363115,10.653523902237254,13.12924673944471
13410710.0,-0.1126,2.7326,10.7996,0.0126,0.0292,9.8065,-0.0023,-0.1972,0.0822,90.65,-77.29,-152.18,52.20189,-2.200729,9.83,2,254.65,23 / 23,-11.373696845552539,-4.199879991175459,0.548487659436293,-246.8723974999609,-156.72616914623654,25.928089426664304,False,45.29999999999927,-8.80165169378273,-1.682985385275268,-235.94660585251293,-143.3413799381255,8.961111111113324,259.17500000001365,2.5720451517698084,2.516894605900191,10.925791647447966,13.384789208111044
13410810.0,1.8618,0.1334,9.5672,-0.0317,0.0212,9.8065,-0.0088,0.0313,-0.0232,93.03,-77.28,-150.58,52.20189,-2.200729,9.83,2,254.65,23 / 23,-9.572577496487153,-3.622337935978934,0.49823826052096554,-247.9197112170667,-157.1172800425957,25.980425722662357,False,45.399999999999636,-8.844723637359104,-1.4939088923818504,-236.83252153750982,-143.49705283562224,8.969999999999839,260.4129999999775,0.7278538591280483,2.1284290435970834,11.087189679556872,13.620227206973453
13410910.0,1.9291,2.8437,9.2985,0.0182,0.0234,9.8065,0.0233,-0.0619,0.0468,95.16,-77.17,-149.52,52.20189,-2.200729,9.83,2,254.65,23 / 23,-9.463384663882051,-3.7959375763200276,0.4608582605208296,-248.87150932508862,-157.48819381821198,26.028380548714622,False,45.5,-8.71802807204518,-1.6288574702806244,-237.69799301439832,-143.65272573241128,8.86888888888889,259.41700000000003,0.7453565918368703,2.1670801060394034,11.173516310690303,13.835468085800699
13411010.0,-0.3422,-0.5652,9.227,-0.0357,-0.0089,9.8065,-0.1221,0.0432,-0.1206,91.63,-76.99,-150.13,52.20189,-2.200729,9.83,2,254.65,23 / 23,-9.384033027442474,-3.8586398144297505,0.40646826052063184,-249.81388020965827,-157.87092268775086,26.071746874766852,False,45.600000000000364,-8.627497727036548,-1.623321623536144,-238.5566497552321,-143.81951812233314,8.778888888889126,259.34400000000966,0.7565353004059254,2.235318190893606,11.257230454426178,14.051404565417727
13411110.0,-1.2489,0.6404,10.0993,0.0147,0.0149,9.8065,-0.1342,0.0068,-0.1067,95.11,-77.22,-150.25,52.20189,-2.200729,9.83,2,254.65,23 / 23,-9.4001733421331,-3.7531562475461424,0.3921182605205797,-250.75309052814046,-158.25151249085104,26.11167620081906,False,45.70000000000073,-8.655023696273732,-1.5455911267251121,-239.42212123209217,-143.97519101982948,8.79194444443728,259.8749999999761,0.7451496458593674,2.2075651208210303,11.330969296048295,14.27632147102156
13411211.0,1.9465,0.6842,10.4321,0.0494,0.0003,9.8064,0.0834,-0.0794,0.0032,93.93,-77.85,-149.99,52.20189,-2.200729,9.83,2,254.65,23 / 23,-9.360134736742557,-3.7646093107061396,0.43848231052000525,-251.70048608611194,-158.63115965153807,26.15362152965609,False,45.800999999999476,-8.444086581202598,-1.6070874603716987,-240.26885218478927,-144.13242064627985,8.595661111108852,259.2242399999821,0.9160481555399596,2.157521850334441,11.43163390132267,14.498739005258216
13411311.0,0.6185,0.4365,9.3446,-0.0185,-0.0266,9.8065,0.0479,-0.101,0.0382,96.67,-77.75,-150.97,52.20189,-2.200729,9.83,2,254.65,23 / 24,-9.339462233082424,-3.8682099210460636,0.446652310520035,-252.6354659346066,-159.01280061312707,26.19787826070825,False,45.90099999999984,-8.521627575060359,-1.5422443793615903,-241.1205578948481,-144.28809354307597,8.660061111112793,259.7416300000022,0.8178346580220648,2.3259655416844733,11.514908039758495,14.724707070051096
13411409.0,1.0753,-0.7399,10.4612,-0.0086,-0.006,9.8066,0.1232,0.0485,-0.0625,97.01,-77.43,-152.33,52.20189,-2.200729,9.83,2,254.65,23 / 24,-9.387759263239358,-3.9195047192715484,0.45608481052003086,-253.55309978792596,-159.39439863050245,26.242112379639195,False,45.998999999999796,-8.41677837766994,-1.5436462769033055,-241.94200617691462,-144.44065298262177,8.55716111111134,259.6073700000003,0.9709808855694178,2.375858442368243,11.611093611011341,14.95374564788068
13411510.0,-0.9401,-0.1784,10.0797,-0.0074,0.0189,9.8065,-0.2018,-0.1763,0.0574,92.11,-77.27,-152.51,52.20189,-2.200729,9.83,2,254.65,23 / 24,-9.46420930210192,-3.8920301250827696,0.5029286105202941,-254.50512420048105,-159.78888114014455,26.290542557402002,False,46.100000000000364,-8.333875308141435,-1.4666376952804434,-242.78178609891341,-144.58676311666773,8.461944444444612,260.0189999999975,1.1303339939604857,2.425392429802326,11.723338101567634,15.202118023476828
13411610.0,-0.1884,-1.3763,11.6645,0.0582,0.0293,9.8064,0.0776,0.1115,-0.0585,96.3,-77.64,-151.65,52.20189,-2.200729,9.83,2,254.65,23 / 24,-9.56417194927775,-3.7992147844074498,0.6094736105206818,-255.4565432630535,-160.17344338562046,26.34616266845425,False,46.20000000000073,-8.339316763590631,-1.4884620832424573,-243.61318389561012,-144.7313165203241,8.471111111109028,259.8799999999667,1.2248551856871188,2.3107527011649927,11.843359367443384,15.442126865296359
13411711.0,0.712,0.8323,9.9621,-0.0115,-0.0261,9.8065,-0.2349,-0.0288,0.0507,91.11,-77.76,-152.25,52.20189,-2.200729,9.83,2,254.65,23 / 24,-9.616794178928219,-3.7902446617060748,0.7111452605194221,-256.4251820525159,-160.55671108764443,26.412853921440952,False,46.300999999999476,-8.257757825746323,-1.6093803283569803,-244.4460127867857,-144.8884349518577,8.413130555558148,258.9717499999769,1.3590363531818959,2.1808643333490947,11.979169265730178,15.668276135786726
13411810.0,1.8056,0.8586,8.9669,-0.0049,0.0335,9.8065,0.0628,0.1493,-0.1215,90.97,-77.88,-151.2,52.20189,-2.200729,9.83,2,254.65,23 / 24,-9.562006395735251,-3.8894650314144603,0.6772724105193674,-257.3745326809633,-160.9368567174545,26.48158059615748,False,46.399999999999636,-8.202122380804614,-1.4994528661674333,-245.26235001682008,-145.03154282287736,8.338055555556936,259.6399999999877,1.3598840149306373,2.390012165247027,12.112182664143205,15.905313894577148
13411911.0,1.4125,1.4186,8.8194,-0.0355,-0.0268,9.8065,-0.0523,-0.206,0.0252,92.75,-77.67,-152.52,52.20189,-2.200729,9.83,2,254.65,23 / 24,-9.47890531170526,-4.028228885771349,0.5850089105188491,-258.33609872219444,-161.33670026027463,26.54532580287027,False,46.501000000000204,-8.090849988020665,-1.511998654749534,-246.07453025788084,-145.18832766963754,8.230944444444226,259.41498000000325,1.3880553236845952,2.516230231021815,12.261568464313598,16.14837259063708
13412010.0,0.6765,0.936,10.2852,0.0136,-0.0133,9.8066,0.0746,-0.1359,0.0949,91.32,-77.44,-153.71,52.20189,-2.200729,9.83,2,254.65,23 / 24,-9.392800745522818,-4.108624835190852,0.5598282605188084,-259.27024817202874,-161.7394745194629,26.601995242836725,False,46.600000000000364,-8.02954932078621,-1.286412901285564,-246.87062772191396,-145.29841064675307,8.131944444444535,260.8979999999892,1.3632514247366085,2.8222119339052885,12.399620450114782,16.441063872709833
13412110.0,1.4097,-1.7647,9.1909,0.0406,-0.0192,9.8065,0.0701,-0.2152,0.1883,90.56,-77.67,-153.95,52.20189,-2.200729,9.83,2,254.65,23 / 24,-9.462730721349933,-4.186015195849205,0.5529682605187834,-260.21302474537583,-162.15420652101642,26.65763506888881,False,46.70000000000073,-8.020686140477308,-1.3705687607380825,-247.67476657441978,-145.44296405040905,8.136944444443284,260.3029999999694,1.4420445808726257,2.815446435111122,12.538258170956055,16.711242470607374
13412210.0,1.8408,-0.6242,8.5305,0.0069,0.0013,9.8066,-0.0021,-0.1083,-0.0788,90.84,-77.6,-153.82,52.20189,-2.200729,9.83,2,254.65,23 / 24,-9.611338940168851,-4.320196895820767,0.45837326052016003,-261.1667282284379,-162.57951712559372,26.70820214494002,False,46.79999999999927,-7.968299677112007,-1.482304036206814,-248.47209069082598,-145.58751745617388,8.105000000001162,259.46200000003057,1.6430392630568438,2.837892859613953,12.694637537611897,16.99199966941984
13412310.0,1.9068,-1.123,8.9232,0.0476,-0.0006,9.8064,0.0611,-0.1494,0.0232,89.79,-77.69,-154.67,52.20189,-2.200729,9.83,2,254.65,23 / 24,-9.7270074752403,-4.480488475689682,0.35039326051976727,-262.13364554921185,-163.01955139417086,26.748640470992164,False,46.899999999999636,-7.948246354595577,-1.2564612125527577,-249.26260007130463,-145.70983187568666,8.046944444445499,261.0169999999717,1.7787611206447238,3.2240272631369242,12.871045477907217,17.3097195184842
13412410.0,1.2154,1.7363,9.9657,0.0332,-0.0061,9.8065,0.0201,-0.1436,0.0718,88.62,-78.04,-155.01,52.20189,-2.200729,9.83,2,254.65,24 / 24,-9.722380945852889,-4.608403477256161,0.31417326051963557,-263.10611497027,-163.4739959918198,26.781868797044254,False,47.0,-7.87040884359195,-1.3948482888497755,-250.05310945172883,-145.8432657876241,7.993055555555555,259.95,1.8519721022609383,3.213555188406385,13.053005518541198,17.630730204195714
13412510.0,0.5042,-0.1952,9.3581,-0.0131,-0.0204,9.8066,-0.0908,-0.1042,-0.032,90.05,-78.25,-154.71,52.20189,-2.200729,9.83,2,254.65,24 / 24,-9.67167578793286,-4.665912401836773,0.299698260519583,-264.07581780696285,-163.93771178577614,26.812562373096327,False,47.100000000000364,-7.776712605082055,-1.3322316082255687,-250.83680409615278,-145.96558020713601,7.889999999999838,260.2790000000053,1.8949631828508053,3.3336807936112045,13.23901371081007,17.97213157864013
13412609.0,-0.4354,0.7814,10.541,0.02,-0.0278,9.8065,-0.0192,-0.0454,0.1879,87.86,-78.36,-155.81,52.20189,-2.200729,9.83,2,254.65,24 / 24,-9.671170509123113,-4.641975254292272,0.31384536051960593,-265.0332886986687,-164.3984522247553,26.842932782337815,False,47.199000000000524,-7.774630816000485,-1.291670714731768,-251.612661794104,-146.08667148175235,7.881199999999696,260.56709000000996,1.8965396931226284,3.3503045395605042,13.42062690456467,18.31178074300294
13412710.0,1.5834,-5.1591,11.2633,-0.0072,-0.0618,9.8064,-0.2002,-0.4639,0.3029,91.24,-78.41,-156.6,52.20189,-2.200729,9.83,2,254.65,24 / 24,-9.922696127453456,-4.666121095531996,0.424490860518235,-266.02277896380355,-164.86851109041558,26.880218761499766,False,47.29999999999927,-7.717962181677943,-1.3313202255960694,-252.39056391284814,-146.22132853857386,7.831944444446233,260.213000000013,2.204733945775513,3.3348008699359264,13.63221505095541,18.647182551841723
13412810.0,2.3792,1.332,8.3994,-0.0039,-0.0399,9.8065,-0.2195,-0.3921,0.3141,88.65,-78.42,-155.91,52.20189,-2.200729,9.83,2,254.65,24 / 24,-10.140398980586063,-4.830404687202327,0.426960860518244,-267.02593371920915,-165.34333737955401,26.922791347551744,False,47.399999999999636,-7.643786803603446,-1.223652130162455,-253.15381434913596,-146.3325234649536,7.741111111112763,260.9049999999874,2.496612176982617,3.6067525570398717,13.872119370073193,19.01081391460042
13412910.0,2.3933,-2.8534,10.7749,0.0146,-0.0171,9.8066,0.1946,-0.3547,0.1249,92.12,-78.19,-154.69,52.20189,-2.200729,9.83,2,254.65,24 / 24,-10.245282077546985,-5.0352196519588945,0.40501086051816426,-268.0452177721195,-165.83661859651386,26.964389933603716,False,47.5,-7.470978676099483,-1.1236114191600284,-253.90343531336893,-146.4437183913325,7.555,261.447,2.7743034014475025,3.911608232798866,14.141782458750555,19.39290020518135
13413010.0,-1.5206,5.3782,12.073,0.0072,-0.0638,9.8064,-0.0532,-0.494,0.4239,87.78,-78.07,-155.78,52.20189,-2.200729,9.83,2,254.65,24 / 24,-10.15398227178525,-5.036501808829631,0.5667408605187527,-269.0651809895898,-166.3402046695551,27.01297751965574,False,47.600000000000364,-7.550885727833258,-1.215268902779489,-254.65987101362896,-146.56603281084426,7.6480555555552066,260.8570000000039,2.6030965439519917,3.821232906050142,14.405309975960847,19.774171858710844
13413110.0,0.3073,-0.0138,12.2479,0.0932,0.0071,9.8062,0.4713,-0.1278,0.2216,87.63,-77.88,-155.56,52.20189,-2.200729,9.83,2,254.65,24 / 24,-9.91678008094879,-4.9399369678881095,0.8021208605196091,-270.06871910723015,-166.8390266083928,27.081420605707905,False,47.70000000000073,-7.53637568096197,-1.1844776377708033,-255.40949197786145,-146.6772277372236,7.628888888886382,261.06799999999475,2.38040439998682,3.755459330117306,14.659227129368702,20.161798871169196
13413210.0,2.3914,-0.5637,10.9739,0.0071,0.0346,9.8065,0.2955,-0.0186,-0.1546,88.15,-77.92,-154.95,52.20189,-2.200729,9.83,2,254.65,24 / 24,-9.969568217132142,-5.050087629484046,0.9825458605169836,-271.0630365221197,-167.33852783825415,27.170653941758435,False,47.79999999999927,-7.465348567303027,-1.1925480152616585,-256.15229820597216,-146.79954215672439,7.560000000002507,260.92400000000526,2.504219649829115,3.8575396142223872,14.910738316147558,20.538985681529766
13413310.0,1.7024,2.6425,7.6758,0.0591,0.0607,9.8062,0.1312,0.2716,-0.2101,91.14,-78.29,-154.27,52.20189,-2.200729,9.83,2,254.65,23 / 24,-9.891089057107997,-5.231740015775425,0.9343658605168084,-272.0560693858353,-167.852619220519,27.266499527810474,False,47.899999999999636,-7.441164018001265,-1.1459694404504437,-256.8951044341233,-146.91073708381106,7.528888888889454,261.24499999999415,2.4499250391067324,4.085770575324981,15.160964951712003,20.94188213670793
13413409.0,1.4903,0.1553,10.548,0.0567,0.0785,9.8061,0.3436,0.3943,-0.3456,87.76,-78.5,-154.01,52.20189,-2.200729,9.83,2,254.65,23 / 24,-9.778849280993407,-5.365871171843703,0.8655856105166972,-273.0297313335729,-168.377200974307,27.355597125626776,False,47.998999999999796,-7.311454780925319,-1.1425505789028991,-257.6169894226843,-147.02082006092596,7.400188888889172,261.1182800000003,2.467394500068088,4.223320592940804,15.412741910888599,21.35638091338103
13413510.0,-0.6356,4.0999,9.5965,-0.0106,0.0612,9.8064,0.1133,0.2785,-0.2085,88.0,-78.39,-155.6,52.20189,-2.200729,9.83,2,254.65,23 / 24,-9.590985289356412,-5.375564295998931,0.892411210516848,-274.00790797938106,-168.91964346543608,27.44437596508947,False,48.100000000000364,-7.245409565773573,-1.1357669033570483,-258.346643210316,-147.1331269365689,7.333888888888656,261.09100000000615,2.345575723582839,4.239797392641883,15.661264769065042,21.786516528867168
13413610.0,1.6578,-3.6517,10.5098,-0.0208,0.0522,9.8065,0.0771,0.5103,-0.3134,92.68,-78.22,-154.02,52.20189,-2.200729,9.83,2,254.65,23 / 24,-9.600764371955522,-5.384094701959071,0.9170612105169378,-274.96749546245013,-169.45762641533594,27.53484958614149,False,48.20000000000073,-7.239348510502983,-1.091100840756674,-259.06900523038473,-147.24432186365473,7.321111111110232,261.4290000000084,2.3614158614525396,4.292993861202397,15.898490232065399,22.213304551681205
13413710.0,0.0026,2.8785,10.5249,-0.0176,0.0536,9.8064,0.0648,0.2476,-0.2179,91.58,-78.24,-155.12,52.20189,-2.200729,9.83,2,254.65,23 / 24,-9.669607643533764,-5.434777506963786,0.9881312105159037,-275.93101406321057,-169.9985700257742,27.630109207191747,False,48.29999999999927,-7.219759092550258,-1.0585258007527742,-259.7845525143612,-147.34439729689154,7.296944444445323,261.65899999999164,2.449848550983506,4.376251706211011,16.146461548849345,22.654172728882656
13413810.0,2.1088,-5.5909,10.9067,-0.016,0.0496,9.8064,0.1565,0.648,-0.3066,88.86,-78.17,-154.45,52.20189,-2.200729,9.83,2,254.65,23 / 24,-9.83048310147737,-5.52308226042865,1.0790462105162346,-276.9060186004647,-170.54646301414581,27.73346807824373,False,48.399999999999636,-7.149283775249924,-1.0159661313156163,-260.5000997984028,-147.4444727315521,7.2211111111124895,261.91199999999543,2.6811993262274454,4.507116129113033,16.405918802061876,23.101990282593704
13413910.0,0.6655,2.6474,9.6052,0.0033,-0.0053,9.8066,0.09,0.2159,-0.0317,90.3,-78.11,-154.79,52.20189,-2.200729,9.83,2,254.65,23 / 24,-10.003334263308334,-5.641558091626976,1.1239762105163982,-277.89770946870755,-171.10469503175062,27.843619199295762,False,48.5,-6.940044335054215,-0.9056656703741374,-261.188388138254,-147.5334286723725,6.998888888888889,262.565,3.063289928254119,4.735892421252839,16.70932133045352,23.571266359378114
13414010.0,-0.1274,0.6784,8.1678,-0.0812,0.045,9.8061,-0.1039,0.1622,-0.4286,93.12,-77.82,-155.48,52.20189,-2.200729,9.83,2,254.65,23 / 24,-9.863568130153674,-5.643535396732433,1.0319612105160634,-278.89105458838424,-171.66894970617065,27.95141607034778,False,48.600000000000364,-6.827069779980524,-0.914564134248994,-261.8630470060769,-147.63350410703288,6.888055555552519,262.36999999999796,3.03649835017315,4.728971262483439,17.02800758230734,24.035445599137773
13414110.0,0.7829,0.6927,9.2618,-0.0099,0.0579,9.8064,-0.0441,0.1104,-0.0909,92.1,-78.1,-157.29,52.20189,-2.200729,9.83,2,254.65,23 / 24,-9.822390674229267,-5.651510475777111,0.9227762105156662,-279.875352528607,-172.23370199979817,28.049152941399722,False,48.70000000000073,-6.659814668572658,-0.9056506766081246,-262.53089113779004,-147.72246004856,6.721111111101834,262.2560000000254,3.162576005656609,4.745859799168986,17.344461390816946,24.511241951238162
13414210.0,1.7444,-3.4599,9.532,0.0475,0.0231,9.8064,0.1559,0.2451,0.0002,96.86,-78.23,-154.41,52.20189,-2.200729,9.83,2,254.65,23 / 24,-9.996658893710372,-5.7291153816465075,0.8818012105162625,-280.86630500698953,-172.80273329266106,28.139381812450004,False,48.79999999999927,-6.417278967517903,-0.7931730923364978,-263.1646615893368,-147.8002964962401,6.466111111120387,262.9539999999746,3.579379926192469,4.93594228931001,17.701643417652747,25.002436796420966
13414310.0,0.4532,0.1149,8.9108,-0.0679,0.0251,9.8063,-0.2235,0.6374,-0.3104,96.69,-78.13,-153.4,52.20189,-2.200729,9.83,2,254.65,23 / 23,-10.199888998109587,-5.788492855903433,0.8232762105160496,-281.8761324015842,-173.37861370454064,28.22463568350193,False,48.899999999999636,-5.982510522064168,-0.8088671576929749,-263.75754362467,-147.87813294534195,6.03694444445225,262.3000000000119,4.217378476045419,4.979625698210459,18.11858877691418,25.500480759198695
13414409.0,3.0079,-3.0649,7.1019,-0.1222,0.0141,9.8058,-0.3087,0.8115,-0.5662,92.51,-77.55,-154.28,52.20189,-2.200729,9.83,2,254.65,23 / 23,-10.379904860010171,-5.925054043988119,0.6450465105157615,-282.8948321975628,-173.95843427608622,28.297317658193123,False,48.998999999999796,-5.74239311384017,-0.6467963902710632,-264.32425707361944,-147.93317443354968,5.778719444445013,263.5741299999972,4.637511746170001,5.278257653717056,18.570575123943343,26.025259842536542
13414510.0,-0.8674,3.4491,11.3898,0.0279,-0.0188,9.8065,0.4847,-0.2417,0.3064,89.11,-77.74,-157.29,52.20189,-2.200729,9.83,2,254.65,23 / 23,-10.395047402643584,-5.996204234576436,0.5884057105154432,-283.9439672868327,-174.5604578191571,28.35960699535555,False,49.100000000000364,-5.399997067744676,-0.649264209687552,-264.8547161268421,-148.00044736414677,5.438888888884598,263.14400000001007,4.995050334898909,5.346940024888884,19.089251159990567,26.560010455010342
13414610.0,-0.5032,-1.753,13.3323,-0.0751,0.0358,9.8063,0.1823,0.3524,-0.5179,88.46,-77.11,-156.54,52.20189,-2.200729,9.83,2,254.65,23 / 23,-10.339601010043078,-5.901277420148801,0.8438457105163726,-284.98069970747076,-175.15533190189552,28.4312195664074,False,49.20000000000073,-5.17161413808149,-0.5711342406952921,-265.37263606576283,-148.0560448283976,5.203055555546097,263.69799999997224,5.167986871961587,5.3301431794535095,19.60806364170793,27.09928707349792
13414710.0,-0.1294,6.8309,9.2055,0.1362,0.0822,9.8053,0.2946,-0.6532,0.0501,90.49,-77.2,-158.95,52.20189,-2.200729,9.83,2,254.65,23 / 23,-10.114007215609211,-5.848513402941434,0.9900707105142448,-286.0033801187385,-175.7428214430415,28.522915387457598,False,49.29999999999927,-4.9055242030154265,-0.607972465685622,-265.8564823244496,-148.12276178436036,4.943055555565015,262.93500000002774,5.208483012593785,5.240540937255812,20.14689779428892,27.62005965868113
13414810.0,-0.3997,-1.6146,14.1622,0.1505,0.0741,9.8052,0.5347,0.1488,0.0053,87.92,-78.3,-156.98,52.20189,-2.200729,9.83,2,254.65,23 / 23,-9.881642631504095,-5.801636282351897,1.177790710514928,-287.0031626110978,-176.32532892730828,28.63130845850945,False,49.399999999999636,-4.404902138989002,-0.5322716872972123,-266.2858106948549,-148.17835924719657,4.43694444445365,263.10999999999683,5.476740492515092,5.269364595054684,20.717351916242933,28.14696968011171
13414909.0,2.4725,-2.5748,7.0933,0.058,-0.0526,9.8063,-0.0797,-0.2389,0.4493,93.79,-78.03,-156.8,52.20189,-2.200729,9.83,2,254.65,23 / 23,-10.124248239333228,-5.871683964819531,1.2590796105150595,-287.9934542092059,-176.9031582795442,28.751933539400632,False,49.498999999999796,-4.328957540893526,-0.4163274736714902,-266.71759237024713,-148.21138414040146,4.348944444444639,264.50688999999693,5.795290698439702,5.4553564911480406,21.275861838958747,28.691774139142723
13415010.0,0.8089,-5.3306,13.1036,0.0565,0.1413,9.8054,0.37,0.2965,-0.3897,89.82,-78.35,-154.91,52.20189,-2.200729,9.83,2,254.65,23 / 23,-10.558166862716167,-6.001585299202994,1.2885514105152251,-289.0379161718652,-177.5027583773807,28.880588905963386,False,49.600000000000364,-4.234892330523067,-0.4435358644483502,-267.137652699688,-148.26731518801677,4.258055555552918,264.02100000001104,6.3232745321931,5.558049434754644,21.900263472177244,29.235443189363934
13415110.0,0.1595,3.8382,10.8916,-0.089,-0.0162,9.8062,-0.517,-0.0663,-0.0662,92.93,-77.8,-155.74,52.20189,-2.200729,9.83,2,254.65,23 / 23,-10.660119698518644,-6.033323747876349,1.5076464105160223,-290.09883049993084,-178.10450382973687,29.020398797015456,False,49.70000000000073,-4.09497689582268,-0.385214519074615,-267.5465368619539,-148.30067366670892,4.1130555555483905,264.62599999998326,6.565142802695964,5.648109228801734,22.55229363797696,29.803830163027953
13415210.0,3.3719,3.0161,5.8648,-0.0709,-0.0462,9.8062,-0.5368,0.3341,-0.0406,86.74,-77.91,-157.21,52.20189,-2.200729,9.83,2,254.65,23 / 23,-10.336216908989348,-6.184285593333193,1.364801410518101,-291.14864733029094,-178.71538429678847,29.16402118806507,False,49.79999999999927,-3.895827870714409,-0.3980595889924171,-267.9281620800765,-148.34515163711498,3.9161111111182763,264.1660000000167,6.4403890382749385,5.786226004340776,23.220485250214438,30.37023265967349
13415310.0,-1.054,1.2169,13.7167,-0.011,-0.0714,9.8063,0.2852,-0.3639,0.2838,86.28,-77.84,-157.83,52.20189,-2.200729,9.83,2,254.65,23 / 23,-10.147804222486016,-6.262539927320294,1.3632114105180952,-292.17284838686845,-179.33772557282342,29.300421829117376,False,49.899999999999636,-3.7668718591671517,-0.4180626706989914,-268.30297256217955,-148.37851011439247,3.790000000002294,263.6670000000091,6.380932363318864,5.844477256621302,23.869875824688904,30.959215458430947
13415410.0,1.2157,-0.1943,8.2764,-0.0954,-0.036,9.8061,-0.1308,-0.0843,-0.0296,86.03,-77.23,-159.59,52.20189,-2.200729,9.83,2,254.65,23 / 23,-10.125177515756075,-6.2425399000569985,1.4822014105185282,-293.18649747378424,-179.96297956419457,29.442692470169725,False,50.0,-3.611648772595601,-0.3446451183554174,-268.66415357222786,-148.4118685930842,3.6280555555555556,264.54900000000004,6.5135287431604745,5.897894781701581,24.522343901556383,31.551110971110376
13415510.0,4.326,-1.2195,6.3992,0.1143,0.048,9.8058,0.1562,-0.3234,0.0188,88.5,-77.36,-159.22,52.20189,-2.200729,9.83,2,254.65,23 / 23,-10.214648412991608,-6.496343570967159,1.2353164105176302,-294.2034887702253,-180.5999237377481,29.578568361222025,False,50.100000000000364,-3.304979432815834,-0.33529962809581204,-268.9912609020841,-148.4452270710686,3.3219444444386586,264.207000000006,6.909668980175773,6.1610439428713475,25.212227868141213,32.15469666667951
13415610.0,2.6622,2.2051,10.6206,0.0784,0.0034,9.8062,0.1319,-0.345,0.2456,89.87,-78.12,-158.06,52.20189,-2.200729,9.83,2,254.65,23 / 23,-10.187218992166175,-6.820743562152959,1.1056414105171586,-295.2235821404869,-181.26577809440653,29.695616252274192,False,50.20000000000073,-2.990249871818782,-0.28592684525494794,-269.2842945516951,-148.47858554905258,3.0038888888821584,264.53800000000166,7.196969120347393,6.534816716898011,25.939287588791785,32.787192545353946
13415710.0,4.7666,-1.2629,8.2415,0.0065,-0.0037,9.8066,-0.0293,0.019,0.0116,90.48,-78.24,-157.13,52.20189,-2.200729,9.83,2,254.65,23 / 23,-8.643803215480835,-6.0899402851823705,0.9078691989400494,-296.16513325085555,-181.9113122867639,29.796291782745588,False,50.29999999999927,-2.806299726277679,-0.2661135363580752,-269.5636987292806,-148.5008245346093,2.8188888888956187,264.5829999999984,5.837503489203156,5.823826748824295,26.60143452157496,33.41048775215458
13415809.0,3.2237,1.0101,8.5152,0.0313,-0.0186,9.8065,-0.0106,-0.305,0.1723,90.39,-78.25,-157.19,52.20189,-2.200729,9.83,2,254.65,23 / 23,-8.68636328606067,-6.458649226112594,0.7664674989398208,-297.02297649268326,-182.53246746757398,29.879171449290777,False,50.39899999999943,-2.5125125878125445,-0.20744394145893694,-269.8065759216733,-148.52284112961212,2.5210638888950174,265.28094999998564,6.173850698248126,6.251205284653657,27.216400571009956,34.00962633796186
13415910.0,3.5631,0.4277,8.5571,-0.0312,-0.0202,9.8065,-0.2325,-0.0119,0.0964,92.62,-78.23,-156.42,52.20189,-2.200729,9.83,2,254.65,23 / 23,-8.65012433855264,-6.774867916926895,0.6381469989390998,-297.89846911773117,-183.20076008330122,29.95010448143406,False,50.5,-2.286012896010736,-0.16478584797354529,-270.0339155159041,-148.5341830125939,2.2919444444444443,265.877,6.364111442541904,6.61008206895335,27.864553601827083,34.66657707070732
13416010.0,3.2459,3.099,9.2066,-0.013,-0.0186,9.8066,-0.1613,-0.1166,0.1389,90.74,-78.15,-155.8,52.20189,-2.200729,9.83,2,254.65,23 / 23,-8.510727552950328,-7.090630279040255,0.5456669989387634,-298.7565117123094,-183.8940349931021,30.00929518132817,False,50.600000000000364,-2.0171778004196828,-0.13875538870749918,-270.2315428610232,-148.55642199744509,2.021944444439897,266.0649999999901,6.493549752530646,6.951874890332756,28.524968851286246,35.337612995657025
13416110.0,2.7846,3.4984,10.2761,-0.0298,0.0062,9.8065,0.0957,0.1507,-0.1356,92.27,-78.36,-154.94,52.20189,-2.200729,9.83,2,254.65,23 / 23,-8.215366601266942,-7.373575728115118,0.5391369989387397,-299.5928164200233,-184.6172452934625,30.06353538122224,False,50.70000000000073,-1.7665353826799708,-0.13834686811364696,-270.4019112619785,-148.56754149057852,1.7719444444386943,265.5219999999664,6.448831218586971,7.235228860001471,29.190905158044814,36.04970380288398
13416210.0,4.5159,0.3807,7.4989,-0.0226,-0.011,9.8065,0.0282,0.2849,-0.1192,92.26,-78.18,-155.42,52.20189,-2.200729,9.83,2,254.65,23 / 23,-8.062367271825426,-7.718253668553738,0.44722199894007725,-300.4067031136661,-185.37183676328496,30.112853331115463,False,50.79999999999927,-1.6067210902755007,-0.15193644645525656,-270.5586501908382,-148.58978047542792,1.6138888888946388,264.5980000000336,6.455646181549925,7.566317222098482,29.84805292282789,36.782056287857046
13416314.0,1.8159,1.9039,9.2263,0.027,0.0407,9.8065,0.1578,0.125,-0.1638,92.81,-78.22,-154.77,52.20189,-2.200729,9.83,2,254.65,24 / 24,-7.984895573711971,-8.02386581195669,0.2970407989383752,-301.2411607816435,-186.19042697628078,30.151554996605583,False,50.90400000000045,-1.455112815796858,-0.11420960813809676,-270.7134809936338,-148.60089996856152,1.459588888890431,265.51359999999676,6.529782757915113,7.909656203818592,30.527679788009664,37.589527007719255
13416410.0,3.315,-0.7451,10.5108,-0.0017,0.02,9.8066,0.1308,0.2439,-0.0947,92.04,-78.14,-155.77,52.20189,-2.200729,9.83,2,254.65,24 / 24,-7.964552126512679,-8.246448886833033,0.30298319893834735,-302.00673427125065,-186.971402081819,30.18035614850353,False,51.0,-1.2996224785934904,-0.09452615510380973,-270.8312396323683,-148.60089996856152,1.3030555555555554,265.84,6.664929647919188,8.151922731729224,31.175494638882356,38.37050211325749
13416510.0,2.0936,1.4418,9.1801,-0.0099,0.0052,9.8066,-0.0713,0.0698,0.0921,94.28,-78.14,-154.89,52.20189,-2.200729,9.83,2,254.65,24 / 24,-7.96955047675222,-8.492391349832042,0.3068631989383615,-302.80343940141677,-187.8083440936553,30.210848468397476,False,51.100000000000364,-1.1743770703912015,-0.09302359114602743,-270.94709014505054,-148.6231389534127,1.1780555555534435,265.4709999999801,6.795173406361018,8.399367758686015,31.85634925636623,39.1852051402426
13416610.0,3.1753,0.1709,8.7754,0.0068,0.0351,9.8065,-0.0724,0.0737,-0.0784,98.6,-78.17,-153.58,52.20189,-2.200729,9.83,2,254.65,24 / 24,-7.945043835862687,-8.730849834623479,0.22397319893805995,-303.5991691170504,-188.6695061528812,30.237390288291394,False,51.20000000000073,-1.056832708208703,-0.10407031243744021,-271.0493111856232,-148.63425844654532,1.0619444444369865,264.3760000000394,6.8882111276539835,8.62677952218604,32.5498579314272,40.035247706335895
13416709.0,3.4109,1.2371,9.9382,-0.0133,0.0003,9.8065,-0.0346,0.0652,-0.065,94.3,-78.18,-153.28,52.20189,-2.200729,9.83,2,254.65,24 / 24,-7.935808464033344,-9.031204554120064,0.17943804893798798,-304.38527130589654,-189.54872784512543,30.25735914506129,False,51.29900000000089,-0.8562825663487373,-0.06817911339438407,-271.13027024972996,-148.63425844654532,0.8589944444484716,265.4501499999787,7.079525897684607,8.96302544072568,33.25500105616658,40.91446939858011
13416810.0,3.3844,0.5761,9.1505,-0.0175,-0.0139,9.8066,-0.0922,0.0921,0.0174,92.42,-78.09,-153.43,52.20189,-2.200729,9.83,2,254.65,24 / 24,-7.8906803250203,-9.351123680795684,0.15294574893831625,-305.18450898973384,-190.47703542097716,30.274144526853835,False,51.399999999999636,-0.7949247317859329,-0.05670201343572794,-271.2128648505443,-148.64537793897063,0.7969444444455358,265.91999999999166,7.095755593234367,9.294421667359956,33.97164413918955,41.831657482006534
13416910.0,1.4358,1.0441,9.4414,-0.0189,0.0042,9.8065,-0.1178,0.0795,0.0999,96.01,-78.05,-152.68,52.20189,-2.200729,9.83,2,254.65,24 / 24,-7.850057858036305,-9.569661586372519,0.10187574893813046,-305.97154589888953,-191.423074684339,30.286885601747702,False,51.5,-0.6639695769574675,-0.03700541683215736,-271.27419747487244,-148.64537793897082,0.665,266.81,7.186088281078837,9.532656169540362,34.69734842401709,42.77769674536819
13417010.0,4.9431,1.3105,9.0323,-0.0576,0.0227,9.8064,-0.1943,0.0197,-0.0168,95.41,-77.73,-151.67,52.20189,-2.200729,9.83,2,254.65,24 / 24,-7.788395371919154,-9.869478775371945,0.04489574893792318,-306.75346856039016,-192.39503170242978,30.29422417664153,False,51.600000000000364,-0.5276193576939213,-0.02145887089350106,-271.3219006271456,-148.64537793897082,0.5280555555558284,267.6709999999696,7.2607760142252324,9.848019904478445,35.43156793324454,43.74965376345895
13417110.0,2.4698,-0.6777,11.8393,-0.0778,-0.0045,9.8062,0.233,-0.2388,-0.111,93.79,-77.3,-152.36,52.20189,-2.200729,9.83,2,254.65,24 / 24,-7.813668270801681,-10.213900597480741,0.10781074893815208,-307.53357174252903,-193.39920067107607,30.301859501535365,False,51.70000000000073,-0.5417313768613046,-0.03790055061794363,-271.3764185154453,-148.64537793897122,0.5430555555495125,265.99799999997094,7.271936893940377,10.176000046862798,36.15715322708371,44.75382273210485
13417210.0,-0.3141,2.972,7.9618,-0.0609,-0.1006,9.8059,0.0117,-0.2303,0.3039,90.83,-76.23,-154.58,52.20189,-2.200729,9.83,2,254.65,24 / 24,-7.733184170649663,-10.29357737146963,0.11720074893801549,-308.3109143645903,-194.42457456950868,30.31311007642901,False,51.79999999999927,-0.37562189666151746,-0.03154845401108401,-271.41049219563337,-148.6564974313959,0.37694444445048747,265.19900000002906,7.357562273988146,10.262028917458546,36.900422168956936,45.76807713811277
13417310.0,1.232,0.4428,7.331,0.0132,-0.0042,9.8066,0.0906,0.038,-0.1797,91.44,-75.9,-154.79,52.20189,-2.200729,9.83,2,254.65,23 / 24,-7.590713683398259,-10.314948499359543,-0.09882425106277032,-309.0771092572955,-195.4550008630539,30.314028901322775,False,51.899999999999636,-0.3804706246508346,-0.03352107426246214,-271.45138061187885,-148.6564974313963,0.3819444444443535,264.96500000000424,7.210243058747424,10.281427425097082,37.62572864541664,46.79850343165759
13417410.0,2.7714,-0.6258,8.3792,0.0197,-0.0265,9.8065,-0.0095,-0.2605,0.0918,86.21,-76.1,-156.25,52.20189,-2.200729,9.83,2,254.65,23 / 24,-7.620163519870129,-10.491339845855837,-0.29397925106348016,-309.8376531174617,-196.49531528031844,30.29438872621639,False,52.0,-0.3528411467041199,-0.02721159443204414,-271.485454292043,-148.6564974313963,0.35388888888888886,265.59,7.267322373166009,10.464128251423793,38.35219882541867,47.83881784892213
13417509.0,2.5692,-3.9832,11.687,-0.0482,-0.0093,9.8065,0.0209,0.3857,-0.1266,89.95,-75.85,-156.45,52.20189,-2.200729,9.83,2,254.65,23 / 24,-7.86710299878579,-10.732148425415343,-0.2715607010634438,-310.60427281013637,-197.54587794974805,30.266394498586063,False,52.09900000000016,-0.284251447282602,-0.013824962946588495,-271.5124406467651,-148.6564974313963,0.2845888888877684,267.2195400000263,7.582851551503188,10.718323462468755,39.09183216337124,48.88938051835174
13417610.0,3.6344,0.9231,9.6411,-0.0029,0.0029,9.8066,-0.2153,0.0092,-0.013,92.1,-75.96,-155.4,52.20189,-2.200729,9.83,2,254.65,23 / 24,-8.05552552952095,-11.019760179621064,-0.18496330106295722,-311.40836555082035,-198.64434933430854,30.24334003647855,False,52.20000000000073,-0.25952057236871673,-0.01578203147294025,-271.53315744431615,-148.6676169245291,0.26,266.5200000000372,7.796004957152232,11.003978148148125,39.8752081065042,49.97673240977943
13417710.0,2.5253,6.684,9.8729,0.0286,0.095,9.8061,0.0052,0.4716,-0.4199,90.73,-76.38,-154.32,52.20189,-2.200729,9.83,2,254.65,23 / 24,-7.710287793589976,-11.306217352180127,-0.18992830106288494,-312.1966562169644,-199.76064821088235,30.22459545637253,False,52.29999999999927,-0.259760975814826,-0.011146095447671372,-271.5604163884775,-148.6676169245291,0.26,267.5429999999628,7.45052681777515,11.295071256732456,40.63623982848691,51.09303128635324
13417810.0,3.1838,3.4138,8.7268,0.0229,0.0078,9.8066,0.0242,0.2646,-0.1185,93.03,-76.95,-152.4,52.20189,-2.200729,9.83,2,254.65,23 / 24,-7.242252130969585,-11.57716225442247,-0.24060830106306924,-312.9442832131951,-200.90481719121664,30.203068626266155,False,52.399999999999636,-0.17862321764668693,-0.009745803505781773,-271.5740458605328,-148.6676169245291,0.1788888888903643,266.8770000000121,7.063628913322898,11.567416450916689,41.370237352662286,52.23720026668752
13417910.0,2.0419,3.9021,8.8564,-0.0158,0.032,9.8066,0.1048,0.397,-0.2222,93.33,-77.1,-152.45,52.20189,-2.200729,9.83,2,254.65,23 / 24,-6.917308538404729,-11.830248963867351,-0.3421133010634384,-313.6522612466664,-202.07518775213538,30.173932546159723,False,52.5,-0.18510544850590344,-0.01932145471854236,-271.59449006869613,-148.6676169245291,0.18611111111111112,264.041,6.732203089898825,11.81092750914881,42.05777117797027,53.407570827606264
13418010.0,2.7228,-3.2403,9.0187,-0.031,0.0151,9.8065,0.0697,0.3446,-0.2875,96.63,-76.91,-152.65,52.20189,-2.200729,9.83,2,254.65,23 / 24,-6.930144004471235,-12.031080554768069,-0.4290233010637544,-314.3446338738127,-203.2682542280715,30.135375716053222,False,52.600000000000364,-0.15852038046196776,-0.010815174083865429,-271.60811954075086,-148.6676169245291,0.1588888888886565,266.0969999999638,6.771623624009267,12.020265380684204,42.73651433306185,54.600637303542385
13418109.0,1.4289,1.3955,10.2873,-0.0096,0.0255,9.8066,0.0745,0.1732,-0.125,93.51,-76.79,-153.01,52.20189,-2.200729,9.83,2,254.65,23 / 24,-7.065146560346082,-12.19256756884843,-0.4442346510637789,-315.0374007567723,-204.46732481019245,30.092149447422837,False,52.699000000000524,-0.14547104099335637,-0.014957002079217015,-271.621612718112,-148.6676169245291,0.14623888888845193,264.127889999932,6.919675519352726,12.177610566769212,43.41578803866031,55.79970788566334
13418210.0,2.5696,-2.0213,9.7044,-0.0115,0.0213,9.8065,-0.0201,0.2909,-0.1739,94.28,-76.76,-153.22,52.20189,-2.200729,9.83,2,254.65,23 / 24,-7.1365395620714525,-12.361926551857492,-0.4251254510640156,-315.7545859059455,-205.70732676327273,30.04824676226593,False,52.79999999999927,-0.12737905854083525,-0.013145370061761981,-271.6353784849134,-148.6676169245291,0.12805555555621242,264.108,7.009160503530617,12.34878118179573,44.11920742103206,57.03970983874362
13418310.0,1.8049,1.632,9.4467,0.0122,0.0238,9.8066,0.0152,-0.0054,-0.034,93.99,-76.88,-153.21,52.20189,-2.200729,9.83,2,254.65,23 / 24,-6.1176658741131344,-10.667179237284483,-0.38100013340448474,-316.4172961777571,-206.85878205273403,30.007940483042358,False,52.899999999999636,-0.12931323079563747,-0.013344974379330533,-271.6490079569953,-148.6676169245291,0.12999999999996462,264.108,5.988352643317497,10.653834262905152,44.768288220761804,58.191165128204915
13418409.0,2.6553,-0.8896,9.174,-0.0049,0.0304,9.8065,-0.0056,0.1756,-0.1084,98.1,-77.04,-152.18,52.20189,-2.200729,9.83,2,254.65,23 / 24,-6.129647927993364,-10.856740560972225,-0.4301338334045642,-317.0235382109624,-207.92421608274947,29.967789351685244,False,52.998999999999796,-0.10086432002068743,-0.010409080015887123,-271.65575454566255,-148.6676169245291,0.10140000000006305,264.108,6.028783607972676,10.846331480956339,45.36778366529984,59.256599158220354
13418510.0,1.6271,1.346,9.5365,0.0239,0.0061,9.8065,0.043,-0.0903,0.0771,98.16,-77.16,-151.8,52.20189,-2.200729,9.83,2,254.65,23 / 24,-6.161042505450509,-11.043555106545227,-0.4757252334048203,-317.6442180778548,-209.03018101396532,29.922043468811115,False,53.100000000000364,-0.11826081790782113,-0.012204378278381393,-271.6694521650776,-148.6676169245293,0.11888888888954574,264.1080000000824,6.042781687542688,11.031350728266846,45.97476591277723,60.362564089436006
13418609.0,1.6308,0.9102,10.3193,0.0059,0.0115,9.8066,0.0423,0.051,-0.0613,98.36,-77.27,-151.26,52.20189,-2.200729,9.83,2,254.65,23 / 24,-6.096792288220286,-11.18911387647463,-0.46372148340480085,-318.2509809001425,-210.1306981286266,29.875540856328964,False,53.199000000000524,-0.15458925455734962,-0.003769419188857266,-271.6829453424655,-148.67862522203075,0.15463888889012375,268.5927000001549,5.942203033662936,11.185344457285773,46.568035557677035,61.452072906595845
13418710.0,1.4904,1.0352,9.6802,0.0165,0.0057,9.8066,0.0384,-0.1291,0.0156,96.42,-77.43,-151.42,52.20189,-2.200729,9.83,2,254.65,23 / 24,-6.043791375879398,-11.327633122628058,-0.4442183834050425,-318.86408037517197,-211.2677938520672,29.829689893055637,False,53.29999999999927,-0.14694100531665097,-0.0010053405911782834,-271.69671110924014,-148.67873641695462,0.14694444444473753,269.6079999999647,5.896850370562747,11.32662778203688,47.167369265931825,62.58905743511258
13418810.0,1.265,0.0189,10.1315,0.0133,0.0064,9.8066,0.0637,-0.0007,0.0212,96.32,-77.46,-151.45,52.20189,-2.200729,9.83,2,254.65,23 / 24,-6.031043174118701,-11.440884315787116,-0.4342983834050063,-319.46782210267406,-212.4062197239921,29.785764054714974,False,53.399999999999636,-0.17618709750379305,-0.016353687435725614,-271.7171553173492,-148.67873641695462,0.17694444444389873,264.69700000008936,5.854856076614908,11.424530628351391,47.75066678532488,63.72748330703749
13418910.0,1.3661,-0.4432,9.5199,0.0134,-0.005,9.8066,0.005,-0.09,0.0668,94.44,-77.43,-151.35,52.20189,-2.200729,9.83,2,254.65,23 / 24,-6.089282949234563,-11.541108452007949,-0.4323933834049993,-320.0738384088439,-213.55531936238603,29.742429466374315,False,53.5,-0.1913658130609169,-0.0148927950573629,-271.73759952548556,-148.67873641695462,0.19194444444444442,265.55,5.897917136173646,11.526215656950585,48.33623888335836,64.87658294543141
13419010.0,1.0533,0.0685,10.0263,0.0124,0.0087,9.8065,0.0242,-0.0662,-0.0155,97.74,-77.57,-151.15,52.20189,-2.200729,9.83,2,254.65,23 / 24,-5.223104340005782,-9.88610533428768,-0.3703861258942597,-320.639457773308,-214.6266800517047,29.702290490909206,False,53.600000000000364,-0.191099558307823,-0.0021013340761417624,-271.7580437335678,-148.6676169245293,0.19111111111169216,269.3699999999634,5.0320047816979585,9.884004000211538,48.88141403974021,65.9590631271754
13419110.0,1.4055,-0.341,9.3598,0.0094,-0.0049,9.8066,-0.0123,-0.0401,0.0208,96.02,-77.64,-151.25,52.20189,-2.200729,9.83,2,254.65,23 / 24,-4.483914908630598,-8.48051830595408,-0.32448420701015573,-321.12480873574157,-215.54501123372015,29.66754697426386,False,53.70000000000073,-0.222818278853523,-0.010285692641323285,-271.7784879416499,-148.67873641695462,0.22305555555591933,267.35700000006256,4.261096629777075,8.470232613312756,49.34632079409164,66.86627481676553
13419210.0,1.0005,0.4361,9.77,0.0135,-0.0017,9.8066,0.0204,-0.0383,0.0339,97.22,-77.77,-151.21,52.20189,-2.200729,9.83,2,254.65,23 / 24,-3.8395322955925963,-7.28562493207302,-0.29636032595833334,-321.5409810959467,-216.33331839561004,29.636504747615888,False,53.79999999999927,-0.2330251846152958,-0.0037623543353447622,-271.79893214983866,-148.67873641695462,0.23305555555519178,269.07499999993746,3.6065071109773004,7.281862577737675,49.742048946108014,67.65458197865541
13419310.0,1.0692,0.1882,9.6726,0.0032,-0.0006,9.8066,-0.0079,-0.0311,-0.0001,96.35,-77.83,-151.11,52.201775,-2.201708,1.44,3,261.62,24 / 24,-3.268134142826281,-6.258068201411213,-0.2591610270646097,-321.89636441786894,-217.0105030522867,29.60872867996464,False,53.899999999999636,-0.2111094249226427,-0.0008437674841995091,-271.81937635794793,-148.67873641695462,0.21111111111151026,269.77099999998734,3.057024717903638,6.257224433927013,50.07698805992101,68.33176663533209
13419409.0,1.0698,0.6215,10.042,0.0057,-0.0026,9.8066,0.0109,-0.025,0.0176,96.98,-77.9,-151.13,52.201775,-2.201708,1.44,3,261.62,24 / 24,-2.7748799992046376,-5.387822001393205,-0.21602467550491133,-322.19549361789996,-217.58697461732646,29.58520698768741,False,53.998999999999796,-0.23992191122516404,-0.02059254147372491,-271.8463627126431,-148.67873641695462,0.24081111111104564,265.1001800000103,2.5349580879794735,5.36722945991948,50.34913090525686,68.90823820037184
13419510.0,1.022,-0.1209,9.5825,0.0098,-0.0048,9.8066,0.0349,-0.0118,-0.0192,93.26,-77.96,-151.26,52.201775,-2.201708,1.44,3,261.62,24 / 24,-2.3668500085974715,-4.647073427332506,-0.1831402141791719,-322.4551509832954,-218.09373683647996,29.56504916075825,False,54.100000000000364,-0.17886325342357728,0.003028389434860096,-271.8602647742207,-148.67873641695442,0.178888888888707,270.9699999999824,2.187986755173894,4.650101816767366,50.59488620907473,69.41500041952554
13419610.0,0.5564,-0.1157,9.6217,0.0097,-0.0049,9.8066,0.0087,-0.1133,0.0526,93.57,-78.06,-151.51,52.201775,-2.201708,1.44,3,261.62,24 / 24,-2.409119873187852,-4.696887777457834,-0.20359521417924625,-322.69394947738556,-218.5609348967212,29.54571238934026,False,54.20000000000073,-0.16888888886287282,2.9476668407640167e-06,-271.8807089822758,-148.6676169245291,0.16888888888860595,270.00099999987896,2.240230984324979,4.696890725124675,50.81324049510977,69.89331797219208
13419709.0,-1.0961,0.3365,10.5073,-0.0136,0.0005,9.8065,-0.0001,0.0738,-0.0294,96.48,-78.05,-151.29,52.201775,-2.201708,1.44,3,261.62,24 / 24,-2.418637566356026,-4.643308604848979,-0.17806806417920484,-322.93292347064335,-219.02327461764614,29.526820057061485,False,54.29900000000089,-0.16092022582844256,-0.009253690662135581,-271.9009487483024,-148.6676169245291,0.16118888888904168,266.7072700000654,2.2577173405275834,4.6340549141868435,51.03197472234092,70.35565769311702
13419810.0,-2.6243,0.0968,11.4067,-0.0047,-0.0113,9.8065,0.0559,-0.0673,0.004,96.18,-77.94,-151.9,52.201775,-2.201708,1.44,3,261.62,24 / 24,-2.4009744739155936,-4.429159212740356,-0.06188271418064434,-323.176313878674,-219.48143424242872,29.514702542754463,False,54.399999999999636,-0.10787354592490099,-0.006269065019330683,-271.91478266246537,-148.6676169245291,0.10805555555652063,266.67400000000004,2.2931009279906927,4.422890147721025,51.26153121620865,70.8138173178996
13419910.0,-2.325,-0.3451,10.3151,-0.026,-0.0172,9.8065,0.001,0.1498,-0.0642,94.85,-77.83,-152.72,52.201775,-2.201708,1.44,3,261.62,24 / 24,-2.414169600378071,-4.152744777893079,0.04354228581973925,-323.41707108238955,-219.91052944196196,29.513785521336416,False,54.5,-0.08873916374205659,-0.005157071481151417,-271.92159739849285,-148.6676169245291,0.08888888888888889,266.67400000000004,2.3254304366360143,4.147587706411928,51.495473683896705,71.24291251743284
13420010.0,-1.2469,-2.1635,9.2553,-0.0178,0.0085,9.8066,0.0148,0.0121,-0.065,91.97,-77.58,-153.57,52.201775,-2.201708,1.44,3,261.62,24 / 24,-2.1703212679188137,-3.34999572118179,0.03518769294677175,-323.64629562580524,-220.28566646691706,29.517722020274757,False,54.600000000000364,-0.08097448691391539,-0.0047058277265093346,-271.9284121345202,-148.6676169245291,0.08111111111039866,266.67400000000004,2.0893467810048985,3.3452898934552806,51.71788349128502,71.61804954238795
13420111.0,-2.8507,-0.3849,10.841,-0.0194,0.0136,9.8066,0.0454,0.0045,-0.0151,85.85,-77.5,-153.85,52.201775,-2.201708,1.44,3,261.62,24 / 24,-2.3353558745655407,-3.1147590846475945,0.05957919294690883,-323.873832321502,-220.6121365846133,29.522507748012416,False,54.70100000000093,-0.04157429821202037,-0.002416087988853587,-271.93522687057447,-148.6676169245291,0.04164444444330939,266.67400000000004,2.2937815763535205,3.112342996658741,51.938605450927525,71.94451966008418
13420210.0,-1.6286,-0.595,9.9386,-0.0197,0.0049,9.8066,-0.0076,-0.0555,-0.0369,83.64,-77.3,-153.28,52.201775,-2.201708,1.44,3,261.62,24 / 24,-2.0674182896559787,-2.443526187265982,0.09971438650405019,-324.0917696426273,-220.8872717055684,29.530392780195108,False,54.79999999999927,-0.011924325128928406,-0.0006929814803430412,-271.93522687057447,-148.6676169245291,0.01194444444553584,266.67400000000004,2.0554939645270505,2.442833205785639,52.15654277205283,72.21965478103928
13420310.0,-3.6713,0.9927,10.671,-0.0016,0.0041,9.8066,-0.0274,-0.2737,0.0604,87.18,-77.35,-152.89,52.201775,-2.201708,1.44,3,261.62,24 / 24,-2.094955078375912,-2.1557262657231018,0.14952938650423142,-324.29988831102963,-221.11723432821867,29.542854968845567,False,54.899999999999636,-0.028008298555794016,-0.0016277006862214119,-271.9284121345202,-148.6676169245291,0.028055555555262464,266.67400000000004,2.066946779820118,2.1540985650368802,52.37147617650942,72.44961740368956
13420409.0,-2.8761,0.9458,9.7057,-0.0127,0.0059,9.8065,-0.084,-0.2327,0.0279,91.74,-77.32,-152.76,52.201775,-2.201708,1.44,3,261.62,24 / 24,-2.0311103511157405,-1.8047878555822037,0.18731768650429256,-324.5041285497898,-221.3132797772236,29.559528898959517,False,54.998999999999796,-0.020046731709121524,-0.0011650146792898824,-271.9284121345201,-148.6676169245291,0.020080555555573136,266.67400000000004,2.011063619406619,1.8036228409029138,52.57571641526971,72.6456628526945
13420510.0,-1.766,2.2183,10.2382,0.0151,0.0042,9.8066,-0.0255,-0.4351,0.1066,91.6,-77.41,-152.67,52.201775,-2.201708,1.44,3,261.62,24 / 24,-1.891426892022908,-1.5473014351340115,0.20401298650438648,-324.70221668056945,-221.48256028640574,29.579291097946566,False,55.100000000000364,-0.044924201643851185,-0.002610767437300073,-271.9284121345201,-148.6676169245291,0.04499999999943409,266.67400000000004,1.846502690379057,1.5446906676967114,52.77380454604935,72.81494336187663
13420609.0,0.1206,2.4251,9.8376,0.0137,0.0146,9.8066,-0.0961,-0.4182,0.0523,95.41,-77.63,-151.94,52.201775,-2.201708,1.44,3,261.62,24 / 24,-1.6857845883530502,-1.4522383577683098,0.2269067365044236,-324.87928864884833,-221.63103750615466,29.600621624235536,False,55.199000000000524,-0.014176081406731426,-0.0008238421690522143,-271.9284121345201,-148.6676169245291,0.014199999998936091,266.67400000000004,1.671608506946319,1.4514145155992575,52.95087651432823,72.96342058162554
13420710.0,0.6758,2.0884,9.8484,0.0256,0.0078,9.8066,-0.1094,-0.6778,0.1466,101.91,-77.96,-151.24,52.201775,-2.201708,1.44,3,261.62,24 / 24,-1.4916105806615325,-1.4942435777542535,0.23057808650437817,-325.0397471048816,-221.7798348438967,29.623724607797193,False,55.29999999999927,-0.009983155921122602,-0.0005801705416377424,-271.9284121345201,-148.6676169245291,0.010000000000141476,266.67400000000004,1.48162742474041,1.4936634072126158,53.1113349703615,73.1122179193676
13420810.0,1.3296,2.8382,9.8644,0.0057,-0.0043,9.8066,-0.1287,-0.5953,0.1263,106.35,-78.25,-150.33,52.201775,-2.201708,1.44,3,261.62,24 / 24,-1.2990573525000872,-1.620046772524329,0.2355530865043963,-325.1792805015402,-221.9355493614112,29.647031166447718,False,55.399999999999636,-0.011924325127803542,-0.0006929814802776696,-271.9284121345201,-148.67873641695442,0.011944444444409074,266.67400000000004,1.2871330273722836,1.6193537910440514,53.250868367020075,73.25681294445678
13420910.0,0.7477,2.2547,10.6144,0.0158,-0.0577,9.8064,-0.0067,-0.7287,0.1143,113.73,-78.59,-152.39,52.201775,-2.201708,1.44,3,261.62,24 / 24,-1.110063810521783,-1.7689782311787325,0.27882808650455376,-325.2997365596917,-222.10500061159698,29.67275022509826,False,55.5,-0.00804198671412385,-0.0004673596029793456,-271.9284121345201,-148.67873641695462,0.008055555555555528,266.67400000000004,1.1020218238076591,1.7685108715757532,53.37132442517162,73.42626419464236
13421010.0,1.1947,3.1177,10.9359,0.0026,-0.0416,9.8065,0.0003,-0.6778,-0.0511,112.69,-78.77,-154.25,52.201775,-2.201708,1.44,3,261.62,24 / 24,-0.9158513630498609,-1.9284752348102174,0.37567808650490614,-325.40103231837065,-222.2898732848971,29.70547553374885,False,55.600000000000364,-0.01802514263552392,-0.0010475301446332128,-271.93522687057447,-148.67873641695462,0.018055555555974937,266.67400000000004,0.897826220414337,1.9274277046655843,53.465805447796185,73.61113686794249
13421110.0,0.6476,0.5396,10.0419,0.0028,-0.0249,9.8066,0.053,-0.713,-0.1237,120.01,-78.96,-157.65,52.201775,-2.201708,1.44,3,261.62,24 / 24,-0.8006462245776472,-2.049232247292867,0.4439030865051544,-325.48685719775233,-222.488758659003,29.746454592399502,False,55.70000000000073,-0.04104186323218417,-0.0023851455601187153,-271.935226870575,-148.67873641695462,0.04111111111259661,266.67400000000004,0.759604361345463,2.046847101732748,53.55163032717735,73.81002224204838
13421210.0,0.6432,2.7695,10.3141,-0.0201,-0.0414,9.8065,0.075,-0.7739,0.2407,126.13,-79.02,-161.13,52.201775,-2.201708,1.44,3,261.62,24 / 24,-0.709040158243953,-2.1611017723191392,0.4810380865046141,-325.56234151689233,-222.69927535998053,29.792701651049317,False,55.79999999999927,-0.0818064165732254,-0.004754175271600279,-271.9488563426827,-148.67873641695462,0.08194444444295894,266.67400000000004,0.6272337416707275,2.1563475970475388,53.61348517420964,74.02053894302591
13421309.0,0.7659,3.0054,8.9675,-0.0143,0.0001,9.8065,0.0937,-0.6361,0.23,133.51,-78.63,-160.98,52.201775,-2.201708,1.44,3,261.62,24 / 24,-0.539255000832699,-2.359951894682995,0.4646189365045876,-325.6241321272667,-222.9230675164975,29.83951167368835,False,55.89899999999943,-0.10761287462991419,-0.006253916121767947,-271.95560293135003,-148.68974471445563,0.1077944444439125,266.67400000000004,0.43164212620278475,2.353697978561227,53.668529195916676,74.23332280204187
13421411.0,0.6779,2.8368,9.6071,0.0066,0.0296,9.8065,-0.0037,-0.881,0.0249,141.25,-78.24,-160.93,52.201775,-2.201708,1.44,3,261.62,24 / 24,-0.39033615759827645,-2.5893321309872253,0.4116452365041871,-325.67154127634706,-223.17548100180858,29.884201146512133,False,56.001000000000204,-0.1589624704657795,0.006749605163423393,-271.9695049928733,-148.6898559093801,0.15911111111115964,272.4374499999903,0.23137368713249695,2.5960817361506487,53.702036283473774,74.48562509242848
13421510.0,1.5997,1.9002,10.1216,0.0106,-0.0062,9.8066,0.0301,-0.735,0.0127,148.61,-78.19,-162.22,52.201775,-2.201708,1.44,3,261.62,24 / 24,-0.34123404594740303,-2.8040383979576395,0.4173575365041965,-325.70775400142264,-223.44245284299177,29.925236783776114,False,56.100000000000364,-0.18100374157243346,-0.0062353913171572795,-271.9897447589014,-148.6898559093803,0.18111111111167197,268.02699999990307,0.16023030437496957,2.7978030066404824,53.71800924252125,74.75259693361147
13421610.0,3.1128,1.6624,10.5901,-0.0208,-0.03,9.8065,0.0713,-0.8369,0.1288,159.03,-78.26,-163.37,52.201775,-2.201708,1.44,3,261.62,24 / 24,-0.4638346058498934,-3.0238564188101256,0.47227753650439636,-325.74800743401266,-223.73384758383122,29.969718537426704,False,56.20000000000073,-0.21022557639782408,-0.026937976151481597,-272.01018896701066,-148.70097540251294,0.21194444444462635,262.6980000001262,0.2536090294520693,2.996918442658644,53.737818467002,75.03287218131828
13421710.0,3.4105,2.5239,9.7726,-0.0142,-0.0318,9.8066,-0.0509,-0.7102,-0.0594,160.84,-78.52,-165.02,52.201775,-2.201708,1.44,3,261.62,24 / 24,-0.6834458811882203,-3.29740168062183,0.5097475365038512,-325.8053714583637,-224.04991048879822,30.018819791076403,False,56.29999999999927,-0.2164596744067563,-0.014494872574280237,-272.0306331751181,-148.70097540251294,0.2169444444442625,266.1689999998738,0.46698620678146396,3.2829068080475494,53.7747382832456,75.34893508628528
13421809.0,4.0216,-0.3391,10.077,-0.0449,-0.0364,9.8064,-0.1064,-0.6946,-0.0875,164.75,-78.91,-169.33,52.201775,-2.201708,1.44,3,261.62,24 / 24,-0.981207819390943,-3.473227390286065,0.5214443865038701,-325.8877718165425,-224.3850566278087,30.06986379126537,False,56.39899999999943,-0.26640931279762226,-0.024611674338783723,-272.0576195298131,-148.70097540251294,0.2675444444434032,264.7245900000297,0.7147985065933208,3.4486157159472812,53.8301522867294,75.68408122529576
13421910.0,1.7222,3.9024,10.4425,-0.0249,-0.0314,9.8065,0.022,-0.6698,-0.0494,168.14,-79.53,-174.42,52.201775,-2.201708,1.44,3,261.62,24 / 24,-1.2065799607880228,-3.6876006467456417,0.5672074865041274,-325.9982550994422,-224.74667844368082,30.12484071085258,False,56.5,-0.30346601087573366,-0.016026135943907123,-272.0919657994456,-148.70097540251294,0.30388888888888893,266.97700000000003,0.9031139499122891,3.6715745108017344,53.906289299996615,76.04570304116788
13422009.0,0.4608,1.0044,10.0238,-0.0225,0.016,9.8065,0.0467,-0.6903,0.0185,172.69,-79.46,-176.57,52.201775,-2.201708,1.44,3,261.62,24 / 24,-1.2451094829598741,-3.9152027951128607,0.6094309865041958,-326.1196137269079,-225.12301721405342,30.183084315266587,False,56.59900000000016,-0.27673891083536606,-0.016219954972619296,-272.1189521541677,-148.7119836993141,0.2772138888884576,266.6453499999946,0.9683705721245081,3.8989828401402415,54.00066157274023,76.41103351473933
13422110.0,1.7614,1.1002,9.6218,0.0023,-0.0055,9.8066,0.1043,-0.6147,0.0328,172.37,-79.19,-177.67,52.201775,-2.201708,1.44,3,261.62,24 / 24,-1.3194141639448702,-4.004349713118376,0.611062136504205,-326.2491221710773,-225.52295461572135,30.244719217978858,False,56.70000000000073,-0.23665933877898404,-0.011620117110211804,-272.1396689517458,-148.7120948942307,0.2369444444441918,267.18900000011183,1.0827548251658863,3.9927295960081643,54.1094532193315,76.81085972149066
13422210.0,2.3751,1.9448,11.1382,-0.0073,-0.0097,9.8066,0.0608,-0.664,0.0343,180.85,-79.02,-178.28,52.201775,-2.201708,1.44,3,261.62,24 / 24,-1.4946471197468008,-4.137123132021949,0.6683971365033707,-326.3898252352599,-225.93002825797245,30.308692181628306,False,56.79999999999927,-0.22999759533624367,0.0010517317414689715,-272.16692789588006,-148.70097540251334,0.2300000000002526,270.2619999998882,1.2646495244105571,4.1381748637634175,54.22289733937981,77.22905285545912
13422310.0,0.3229,-0.1995,9.8354,-0.0477,-0.0309,9.8064,-0.0739,-0.5969,0.0047,182.99,-79.45,178.33,52.201775,-2.201708,1.44,3,261.62,23 / 24,-1.6028573368252657,-4.195240383999012,0.7364121365036183,-326.54470045808904,-226.34664643377502,30.378932645278912,False,56.899999999999636,-0.21493764082294667,0.005177891229347715,-272.18737210398956,-148.70097540251294,0.21500000000027283,271.37999999997965,1.387919696002319,4.20041827522836,54.35732835409948,77.64567103126208
13422410.0,3.5506,-1.2763,10.6676,-0.0809,-0.02,9.8062,-0.0562,-0.9451,0.285,181.14,-79.66,174.93,52.201775,-2.201708,1.44,3,261.62,23 / 24,-1.7670400111574456,-4.090624339192591,0.7808971365037801,-326.7131953254888,-226.7609396699361,30.45479810892956,False,57.0,-0.2280439111096563,-0.0023045662421052595,-272.21463104815325,-148.70097540251294,0.22805555555555554,269.421,1.5389961000477892,4.088319772950486,54.49856427733556,78.05996426742317
13422510.0,-4.7086,0.0581,9.92,-0.0763,0.0171,9.8063,-0.0625,-0.444,0.172,176.36,-79.82,173.44,52.201775,-2.201708,1.44,3,261.62,23 / 24,-1.682077135805306,-3.9832306407386358,0.8296121365039574,-326.8856511828376,-227.16463241893413,30.53532357258024,False,57.100000000000364,-0.21804877029512912,0.0017201980603660791,-272.2350752562354,-148.70097540251314,0.21805555555542924,270.4519999999488,1.464028365510177,3.984950838799002,54.65057592660219,78.463657016421
13422610.0,2.1525,-1.3627,9.7264,-0.0588,0.0128,9.8064,-0.0018,-0.8345,0.3058,178.65,-79.73,170.47,52.201775,-2.201708,1.44,3,261.62,23 / 24,-1.5306871135510343,-3.877012353315194,0.8312671365039634,-327.046289395306,-227.55764456863827,30.618367536230938,False,57.20000000000073,-0.21093144375961187,-0.008707885379644186,-272.2555194643718,-148.7120948942307,0.21111111111048456,267.63600000010865,1.3197556697914223,3.86830446793555,54.79076993093423,78.84554967440758
13422710.0,-2.8762,-0.2387,9.2042,0.0013,-0.0029,9.8066,-0.062,-0.1459,-0.0474,182.81,-79.79,170.9,52.201775,-2.201708,1.44,3,261.62,23 / 24,-1.4686587073410313,-3.7794607634250457,0.7971321365044602,-327.1962566863484,-227.9404682244697,30.699787499880173,False,57.29999999999927,-0.19387746394325925,0.0021048063419282868,-272.2759636725063,-148.70097540251334,0.1938888888895154,270.6219999998914,1.274781243397772,3.781565569766974,54.92029301384213,79.23949282195636
13422810.0,2.3428,-1.0278,9.6074,-0.04,0.0001,9.8066,-0.0254,-0.4145,0.1656,181.74,-79.88,170.41,52.201775,-2.201708,1.44,3,261.62,23 / 24,-1.4122175659019678,-3.69328826584935,0.7570471365043145,-327.3403005000111,-228.31410567593477,30.777496463530895,False,57.399999999999636,-0.20303394109162112,0.00296266884948266,-272.3032226166427,-148.70097540251294,0.2030555555553888,270.83599999999615,1.2091836248103467,3.6962509346988326,55.0370778833684,79.61313027342183
13422910.0,1.9661,-0.6586,10.159,0.0054,0.0032,9.8066,-0.0648,0.2302,-0.2655,181.47,-79.98,169.94,52.201775,-2.201708,1.44,3,261.62,23 / 24,-1.5977357225544448,-3.576221514863399,0.7647021365043425,-327.49079816443447,-228.67758116497174,30.853583927181603,False,57.5,-0.17790376385256174,0.007350623870765392,-272.3236668247792,-148.70097540251294,0.17805555555555552,272.366,1.419831958701883,3.5835721387341644,55.16713133965527,79.9766057624588
13423010.0,1.8781,-1.8563,9.7807,-0.0396,0.0064,9.8065,-0.0268,-0.0909,-0.0417,180.01,-80.02,167.49,52.201775,-2.201708,1.44,3,261.62,23 / 24,-1.7620254614537694,-3.4208375170164507,0.7810221365044019,-327.6587862236355,-229.027434116567,30.930870140832322,False,57.600000000000364,-0.16999989723281317,-0.00018692472494294762,-272.3509257689158,-148.6898559093801,0.17000000000007073,269.93700000009227,1.5920255642209562,3.4206505922915076,55.30786045471973,80.33757820718691
13423109.0,-1.4221,-1.2528,9.9071,0.0173,-0.0142,9.8066,-0.0258,0.3721,-0.2118,179.06,-80.03,165.89,52.201775,-2.201708,1.44,3,261.62,23 / 24,-1.7594207213872688,-3.23837585837349,0.7847098865044079,-327.8330978096864,-229.35706517864935,31.008373875971383,False,57.699000000000524,-0.17319281964303218,0.015025936928605986,-272.37116553497077,-148.6898559093801,0.173850000000133,274.9572900001734,1.5862279017442367,3.253401795302096,55.46193227471565,80.66720926926925
13423210.0,-3.5918,-1.3222,10.038,0.0118,-0.0104,9.8066,-0.0354,0.1536,-0.0305,180.27,-80.18,166.43,52.201775,-2.201708,1.44,3,261.62,23 / 24,-1.4801743572023018,-3.080133493048932,0.8014657865042003,-327.99669736115317,-229.67614990089223,31.088475747457327,False,57.79999999999927,-0.16975059172163676,0.009205249056983267,-272.3849994491054,-148.6898559093801,0.17000000000014145,273.10400000006933,1.3104237654806652,3.089338742105915,55.61169791204776,80.98629399151213
13423312.0,-2.4888,-2.6854,9.4586,0.0606,-0.0088,9.8063,-0.0441,0.3135,-0.1657,176.07,-80.29,167.08,52.201775,-2.201708,1.44,3,261.62,23 / 24,-1.153148874932108,-2.8393874301739963,0.7955140865041554,-328.130996845993,-229.9780454679789,31.169921720981367,False,57.902000000000044,-0.17331680901075758,0.017598747448054872,-272.40585254137727,-148.68963351953175,0.17421111111088838,275.8022200000323,0.9798320659213504,2.8569861776220513,55.72514430461575,81.28841194844713
13423410.0,-1.1045,-3.7911,9.0521,0.022,0.0001,9.8066,-0.0217,0.148,0.0237,181.58,-80.38,170.06,52.201775,-2.201708,1.44,3,261.62,23 / 24,-0.9557247573383626,-2.4881428643500305,0.7414866865041796,-328.2343316539742,-230.23909445241046,31.245234758858743,False,58.0,-0.1896435843654622,0.01163232173814968,-272.42588786535083,-148.67873641695462,0.19,273.51,0.7660811729729005,2.49977518608818,55.80844378862338,81.56035803545583
13423510.0,2.5068,-4.1336,10.0258,0.0564,0.011,9.8064,-0.0022,0.3487,-0.1843,183.71,-80.31,173.56,52.201775,-2.201708,1.44,3,261.62,23 / 24,-0.9790873077641316,-2.059629703383913,0.7147166865040823,-328.33107225722966,-230.46648308079799,31.318044927509423,False,58.100000000000364,-0.16953516636118068,0.012562936246786073,-272.4463320734331,-148.67873641695462,0.1700000000007478,274.23799999998045,0.8095521414029508,2.0721926396306993,55.884740183796566,81.78774666384336
13423610.0,0.365,-3.6463,9.0205,0.0195,0.0254,9.8066,0.0,0.2516,-0.0636,183.84,-80.2,173.8,52.201775,-2.201708,1.44,3,261.62,23 / 24,-1.0683636416090738,-1.6364999708165335,0.6863666865039793,-328.4334448046987,-230.6512895645087,31.38809909616008,False,58.20000000000073,-0.21078930194215179,0.011652099427171905,-272.46677628156965,-148.67873641695462,0.211111111110525,273.16399999998356,0.857574339666922,1.6481520702437054,55.966668523129044,81.97255314755407
13423710.0,0.7797,-4.598,8.9189,0.0152,-0.0222,9.8066,0.0708,0.2136,-0.1128,180.44,-80.08,174.4,52.201775,-2.201708,1.44,3,261.62,23 / 24,-1.0839099824585565,-1.196745799029495,0.6026716865051973,-328.5410584859005,-230.79295185299893,31.4525510148096,False,58.29999999999927,-0.19478143642207021,0.009229952631705058,-272.4940352257039,-148.67873641695462,0.19500000000058612,272.71300000001645,0.8891285460364863,1.2059757516612,56.047023260196625,82.1142154360443
13423810.0,-1.4377,-3.9752,10.0352,0.0259,-0.0363,9.8065,0.0645,0.1833,-0.1026,180.59,-80.3,175.23,52.201775,-2.201708,1.44,3,261.62,23 / 24,-1.020278048610359,-0.7413242656097372,0.5697116865050775,-328.64626788745437,-230.88985535623124,31.511170183460326,False,58.399999999999636,-0.25499919463960946,0.000640884226792279,-272.52129416986764,-148.67873641695462,0.2549999999989086,270.14400000004673,0.7652788539707496,0.7419651498365295,56.12497371758673,82.21111893927662
13423909.0,0.7433,-3.4585,9.4969,0.0078,-0.0016,9.8066,-0.0245,0.0677,-0.0298,180.76,-80.21,174.92,52.201775,-2.201708,1.44,3,261.62,23 / 24,-0.8116483973686368,-0.2947404269413806,0.48083844352931043,-328.73694824653046,-230.94114055851261,31.563172414897114,False,58.498999999999796,-0.3400912230996216,0.01036050327128727,-272.55502711328353,-148.67873641695462,0.34024999999981204,271.7408699999965,0.4715571742690152,0.3051009302126679,56.18192113324693,82.262404141558
13424010.0,-1.5087,-1.325,10.1,0.0318,-0.0017,9.8066,0.0264,0.2161,-0.1073,181.18,-80.21,175.63,52.201775,-2.201708,1.44,3,261.62,23 / 24,-0.7419050129271582,-0.026999415838106444,0.4800102435293058,-328.81540269375085,-230.95738842057307,31.611695273593845,False,58.600000000000364,-0.412905197800365,0.01114403902135745,-272.59625626630447,-148.67873641695442,0.4130555555567177,271.5460000000136,0.32899981512679316,0.038143454859463896,56.21914642744639,82.27865200361865
13424110.0,0.0729,-1.4893,9.6683,0.0202,0.0082,9.8065,0.0461,0.038,0.0321,181.48,-80.07,176.14,52.201775,-2.201708,1.44,3,261.62,23 / 24,-0.5436050862757207,0.11819359955624976,0.41459620699993394,-328.87967819871125,-230.95282871138716,31.65642559612047,False,58.70000000000073,-0.47656221746237915,0.01909073012049552,-272.643959418578,-148.6676169245291,0.47694444444735484,272.2940000000331,0.06704286881334154,-0.09910286943575425,56.235718780133254,82.28521178685804
13424210.0,-1.2479,-0.6195,9.611,0.0289,-0.0006,9.8065,0.0014,0.1629,-0.0711,182.08,-79.95,177.14,52.201775,-2.201708,1.44,3,261.62,23 / 24,-0.45433103732351965,0.24803623016316723,0.3978962070001771,-328.92957500489047,-230.93451721990144,31.697050216819886,False,58.79999999999927,-0.5560744081116573,0.031118593116598738,-272.7052920429003,-148.6676169245291,0.556944444441534,273.2029999999669,-0.10174337078813767,-0.2169176370465685,56.224282961990184,82.26690029537232
13424309.0,0.9622,-0.978,9.1555,0.0059,-0.0046,9.8066,-0.0524,-0.082,0.0742,182.26,-79.91,177.45,52.201775,-2.201708,1.44,3,261.62,23 / 23,-0.4097501518149875,0.3528573204195076,0.3559796070001094,-328.9723470237529,-230.90477298914755,31.73436706961296,False,58.89899999999943,-0.6405078476308459,0.05674413899567062,-272.76601134101156,-148.65660862632785,0.6430194444426731,275.06023999996177,-0.23075769581585842,-0.296113181423837,56.206335682741326,82.2481643628197
13424410.0,-0.7056,-0.6726,10.4102,0.0087,0.0054,9.8066,-0.023,0.0823,-0.0946,182.64,-79.91,178.16,52.201775,-2.201708,1.44,3,261.62,23 / 23,-0.39109206201245245,0.4629709859205521,0.35357580700009594,-329.0127895555514,-230.86357365967714,31.770199618020172,False,59.0,-0.7283523184785714,0.06345358112047948,-272.8415867636647,-148.6564974313963,0.7311111111111112,274.97900000000004,-0.33726025646611896,-0.3995174048000726,56.17120279188674,82.20707622828084
13424510.0,-0.598,-1.224,9.8509,-0.0203,0.0106,9.8066,-0.0683,-0.0772,0.0665,182.28,-79.99,177.48,52.201775,-2.201708,1.44,3,261.62,23 / 23,-0.2941588062807895,0.581192469614946,0.38596580700021377,-329.0470520989662,-230.81136548690017,31.807176698720323,False,59.100000000000364,-0.8263768731069521,0.10527498392009689,-272.9301783321836,-148.63425844654512,0.833055555557612,277.2600000000105,-0.5322180668261626,-0.4759174856948491,56.116873766782646,82.17710704035505
13424610.0,-1.3651,-0.8681,10.1154,0.0204,-0.0017,9.8066,-0.0054,0.1037,-0.0748,182.31,-80.11,177.99,52.201775,-2.201708,1.44,3,261.62,23 / 23,-0.16414378251502634,0.7081434528577601,0.403615807000278,-329.0699672284061,-230.7468986907763,31.84665577942049,False,59.20000000000073,-0.9372699225609243,0.12904002027551872,-273.0255846367025,-148.6231389534117,0.9461111111122733,277.83900000006525,-0.773126140045898,-0.5791034325822414,56.044382591703595,82.1237597373646
13424709.0,0.9582,-1.0997,9.7344,-0.0127,0.0087,9.8066,-0.0201,-0.0905,0.0907,186.71,-80.1,178.58,52.201775,-2.201708,1.44,3,261.62,23 / 23,-0.10719493999740168,0.8329668754310143,0.41532255700029697,-329.08339849517046,-230.67061372952588,31.887193228438584,False,59.29900000000089,-0.9639948490154487,0.163318258160483,-273.12003687819606,-148.60112235841046,0.9777361111104836,279.6150599999647,-0.856799909018047,-0.6696486172705314,55.963361616974396,82.06949137111542
13424810.0,0.8733,-1.1012,9.939,0.0171,0.0017,9.8066,-0.0198,0.1526,-0.0678,187.35,-80.12,179.63,52.201775,-2.201708,1.44,3,261.62,23 / 23,-0.15525374547504667,0.9787996308795328,0.4183576070002595,-329.09665215378664,-230.57911952095833,31.92929407672009,False,59.399999999999636,-1.04885264155917,0.21722603121260503,-273.2232119817861,-148.5786609830036,1.0711111111094185,281.7009999999624,-0.8935988960841232,-0.7615735996669277,55.87344017200053,82.00045853795473
13424909.0,1.4202,-1.0253,9.7758,-0.007,0.0,9.8066,-0.0533,-0.0248,0.0015,183.89,-80.16,-179.87,52.201775,-2.201708,1.44,3,261.62,23 / 23,-0.1945787816506729,0.9505157548976287,0.3598745784502275,-329.1139688638794,-230.4836184093622,31.967816569899952,False,59.498999999999796,-1.1451924448086401,0.22923801638953903,-273.33790398934127,-148.5566443873005,1.1679111111108977,281.3198500000008,-0.9506136631579672,-0.7212777385080897,55.77606487453812,81.9269740220617
13425010.0,-0.0389,-1.3427,10.0917,0.0108,0.0029,9.8066,-0.0218,0.1342,-0.0671,184.19,-80.22,-179.38,52.201775,-2.201708,1.44,3,261.62,23 / 23,-0.2268771387597475,1.100289234018472,0.3727116784502997,-329.13525238786025,-230.38005275742137,32.00481217587364,False,59.600000000000364,-1.229781947557187,0.25989555187949387,-273.46172774315136,-148.5341830125931,1.2569444444462836,281.93300000005354,-1.0029048087974395,-0.8403936821389781,55.67352464470889,81.84586974482826
13425110.0,-1.0554,-0.7092,9.8795,-0.0044,0.0024,9.8065,-0.0261,0.0834,-0.0506,184.06,-80.27,-179.61,52.201775,-2.201708,1.44,3,261.62,23 / 23,-0.13630110993201888,1.2242080481442297,0.39060667845036484,-329.1534113002949,-230.26382789331282,32.04297809371881,False,59.70000000000073,-1.3125385609548563,0.34865085399753243,-273.5980224639434,-148.48970504147567,1.3580555555597391,284.87600000003243,-1.1762374510228375,-0.8755571941466973,55.55538883635154,81.77412285183715
13425210.0,-0.4422,0.8858,9.7871,0.0165,0.0166,9.8066,0.0428,0.0634,-0.0095,184.2,-80.18,-179.78,52.201775,-2.201708,1.44,3,261.62,23 / 23,-0.028696782059329032,1.0501924723175955,0.33428092668277726,-329.16166119489435,-230.15010786729138,32.07922247397494,False,59.79999999999927,-1.417624347470031,0.40029224224422877,-273.7411319206953,-148.4452270710696,1.4730555555513718,285.7679999999675,-1.3889275654107018,-0.6499002300733667,55.420529274199055,81.70488079622177
13425313.0,-0.6012,1.3153,9.8686,0.0159,0.0169,9.8066,-0.0135,0.0562,-0.0073,184.64,-79.92,-178.55,52.201775,-2.201708,1.44,3,261.62,23 / 23,0.038785389012657365,0.8152267920591079,0.2859948476803783,-329.16114163163627,-230.05403877517506,32.11116667635494,False,59.90300000000025,-1.6113296585478452,0.5031800738877849,-273.90959219557186,-148.38762809955495,1.6881499999987775,287.33656999996253,-1.6501150475605024,-0.312046718171323,55.25154943606441,81.66641067562011
13425410.0,0.1159,2.2087,10.201,0.0089,0.0067,9.8066,0.0371,-0.0029,0.0286,185.04,-79.83,-177.85,52.201775,-2.201708,1.44,3,261.62,23 / 23,0.07570877181569932,0.667429484470786,0.308125397680322,-329.1555886648361,-229.98212994576355,32.13998150825486,False,60.0,-1.6770913690762004,0.6256712713319321,-274.0682392505514,-148.32291265226561,1.79,290.459,-1.7528001408918996,-0.04175821313885386,55.08734941428469,81.65921729349793
13425510.0,0.6519,1.6374,9.9178,0.0088,0.016,9.8065,-0.0141,0.0175,0.0017,185.7,-79.68,-176.96,52.201775,-2.201708,1.44,3,261.62,23 / 23,0.04147853619472789,0.42886390276004877,0.2833903380283519,-329.14972929943553,-229.9273152764018,32.169557295040406,False,60.100000000000364,-1.8136638123299054,0.7268461776592214,-274.24542238756203,-148.24507620316336,1.9538888888913646,291.83900000006224,-1.8551423485246332,0.29798227489917267,54.904306911873505,81.68223907323843
13425610.0,-0.5731,1.7007,9.8649,-0.0056,-0.0055,9.8066,-0.0194,0.0029,0.0169,185.58,-79.69,-177.17,52.201775,-2.201708,1.44,3,261.62,23 / 23,0.04284891997030492,0.244735077478842,0.24808128732412538,-329.14551292662725,-229.89363532738975,32.196130876308125,False,60.20000000000073,-1.8901400579514496,0.8918915636734392,-274.4362349966273,-148.14500076921013,2.090000000005891,295.2610000000406,-1.9329889779217544,0.6471564861945973,54.70927792999993,81.74863455817962
13425710.0,-0.6052,2.6444,10.1705,-0.0005,-0.0081,9.8066,-0.0382,0.0685,0.0004,189.85,-79.78,-176.93,52.201775,-2.201708,1.44,3,261.62,23 / 23,0.10039564110544474,0.04548363375508041,0.2691862873238184,-329.13835069857356,-229.87912439182827,32.221994255040144,False,60.29999999999927,-2.0175123662518963,1.0004487157562216,-274.633862341729,-148.04492533526602,2.2519444444385535,296.3759999999594,-2.1179080073573413,0.9549650820011413,54.50448835684455,81.83419905656226
13425810.0,0.2466,1.8717,9.8787,0.0182,-0.0102,9.8066,-0.0398,0.0322,0.0412,186.09,-79.95,-176.12,52.201775,-2.201708,1.44,3,261.62,23 / 23,0.09827035458555644,-0.13449444988290468,0.2473340942253131,-329.128417398789,-229.88357493263467,32.24782027411769,False,60.399999999999636,-2.065392032022451,1.2590390029037435,-274.83830442287575,-147.9003719309043,2.4188888888858524,301.3659999999092,-2.1636623866080074,1.393533452786648,54.290112975913246,81.98320300173037
13425910.0,-0.4704,1.0956,9.7822,0.0245,-0.0081,9.8066,0.001,0.0511,-0.007,187.18,-80.11,-174.23,52.201775,-2.201708,1.44,3,261.62,23 / 23,0.10390385790968432,-0.22043906796782234,0.21225698009152355,-329.1183086881642,-229.90132160852727,32.27079982783362,False,60.5,-2.0389470040512085,1.312752876466322,-275.0427465040227,-147.76693801896644,2.4250000000000003,302.775,-2.142850861960893,1.5331919444341444,54.07556218414146,82.13438358956083
13426010.0,-0.8167,-0.8486,9.0749,-0.0018,-0.0491,9.8065,-0.0927,0.0168,0.0529,187.95,-80.31,-173.08,52.201775,-2.201708,1.44,3,261.62,23 / 23,0.19676266951800012,-0.21764578737929957,0.174446980091386,-329.1032753617927,-229.92322585129472,32.29013502584284,False,60.600000000000364,-2.175970688992198,1.533329640348734,-275.25400332125145,-147.61126512076237,2.6619444444476277,305.17100000005837,-2.372733358510198,1.7509754277280336,53.84927204054128,82.31196073053235
13426109.0,0.7159,-1.4648,10.1422,0.0196,-0.0497,9.8065,-0.0723,-0.0226,0.0255,193.29,-81.06,-171.12,52.201775,-2.201708,1.44,3,261.62,23 / 23,0.25572474232083003,-0.08109372366996098,0.15483508009135438,-329.08087723490667,-229.93801345709167,32.30643448782191,False,60.699000000000524,-2.223430384074736,1.759105001611424,-275.4698941588939,-147.43513235723844,2.835194444450429,308.3479100001097,-2.479155126395566,1.840198725281385,53.61098307601276,82.50288109985323
13426210.0,0.3173,-2.3958,9.0562,-0.0117,-0.0281,9.8065,-0.0742,-0.1842,0.1356,190.16,-81.57,-170.49,52.201775,-2.201708,1.44,3,261.62,23 / 23,0.2751198878507157,0.1427987777277061,0.1338826300916141,-329.05406958108335,-229.9348973518618,32.32101473218597,False,60.79999999999927,-2.359235429881196,1.9583272280242159,-275.70377589974345,-147.23320236981823,3.0661111111027743,309.69499999995213,-2.6343553177319117,1.8155284502965099,53.350293681339906,82.70169498204356
13426310.0,1.3802,-0.5442,10.3043,-0.0071,-0.0377,9.8066,0.0633,-0.0812,0.1473,191.03,-81.75,-169.31,52.201775,-2.201708,1.44,3,261.62,23 / 24,0.24937510200304738,0.3255063202721813,0.12124263009156819,-329.0278448315906,-229.91148209696172,32.33377099519518,False,60.899999999999636,-2.394707709489731,2.180774225053481,-275.94229166105424,-147.0108125170612,3.238888888885746,312.3229999999522,-2.6440828114927784,1.8552679047812999,53.08555317053634,82.90066957990052
13426410.0,-7.7691,-0.8456,11.466,-0.0628,0.0592,9.8062,-0.1277,-0.6861,0.509,191.72,-81.51,-171.05,52.201775,-2.201708,1.44,3,261.62,23 / 24,0.607358755136289,0.34956827533890694,0.22909263009196054,-328.98500813873346,-229.87772836718105,32.35128775820442,False,61.0,-2.553644284525635,2.434353481151819,-276.1944368945011,-146.75506418631957,3.5280555555555555,313.63,-3.161003039661924,2.084785205812912,52.79057124423235,83.12266418086148
13426510.0,4.2393,-1.9317,11.7692,-0.0574,0.0272,9.8064,0.0803,-0.9197,0.3879,194.31,-81.42,-169.32,52.201775,-2.201708,1.44,3,261.62,23 / 24,0.8469554688279667,0.4787816328947161,0.4101876300926194,-328.91229242753496,-229.83631087176923,32.383251771213764,False,61.100000000000364,-2.6954708364266398,2.599896530634797,-276.4670263360304,-146.49931585486937,3.7450000000044916,313.96600000003224,-3.5424263052546063,2.121114897740081,52.44526609150455,83.33699501689986
13426610.0,-8.0349,-0.0052,8.7415,0.0142,0.0436,9.8065,-0.0322,0.0921,-0.204,190.94,-81.13,-168.87,52.201775,-2.201708,1.44,3,261.62,23 / 24,1.091953021066473,0.569729456350763,0.45505763009278266,-328.8153470030399,-229.78388531730675,32.42651403422319,False,61.20000000000073,-2.7861395676566767,2.8588540986044633,-276.7396157775871,-146.21020904472724,3.9919444444493557,315.73800000005434,-3.87809258872315,2.2891246422537,52.075731225452785,83.57367627257952
13426710.0,3.0874,0.3237,9.0065,-0.1176,0.0207,9.8059,0.075,-0.5896,0.6975,193.45,-80.39,-170.53,52.201775,-2.201708,1.44,3,261.62,23 / 24,1.3644133612066605,0.5351067214055525,0.36179263009414,-328.69252868392806,-229.72864350841974,32.467356547231944,False,61.29999999999927,-2.802324889633467,3.029627973931897,-277.01901995511844,-145.8988632504702,4.126944444439532,317.2319999999457,-4.166738250840128,2.4945212525263445,51.67350872880962,83.82978025794952
13426810.0,-1.6485,1.6045,9.5225,-0.0864,0.1064,9.8057,-0.0399,0.0363,0.2942,188.76,-79.25,-171.01,52.201775,-2.201708,1.44,3,261.62,23 / 24,1.3111981890961575,0.48521944547725554,0.3075776300939429,-328.55874810641245,-229.67762720007542,32.50082506024147,False,61.399999999999636,-2.9337761024587765,3.1887816212685616,-277.31205360478367,-145.57639796375952,4.333055555551806,317.3849999999972,-4.244974291554934,2.703562175791306,51.24669450162878,84.1012292363159
13426910.0,6.4455,0.1634,9.983,-0.0253,0.0203,9.8066,0.0759,-0.9087,0.3847,189.38,-79.05,-169.96,52.201775,-2.201708,1.44,3,261.62,23 / 24,1.091817918597452,0.46075298086327576,0.3021876300939234,-328.43859730102736,-229.63032857875822,32.53131332325097,False,61.5,-2.8751028427760708,3.3819400070613597,-277.59827251836793,-145.2428131832083,4.438888888888889,319.631,-3.9669207613735225,2.921187026198084,50.84032478265942,84.38751539554991
13427010.0,-3.225,-2.2626,8.0928,-0.0432,0.0054,9.8065,0.1277,0.2463,0.1395,189.74,-78.66,-169.03,52.201775,-2.201708,1.44,3,261.62,23 / 24,0.9814519229994642,0.6120851824159881,0.22531263009364383,-328.33493380894714,-229.57668667059406,32.55768833626045,False,61.600000000000364,-2.829390393108951,3.5338047493437807,-277.87767669595155,-144.8869894178051,4.526944444446192,321.3170000000321,-3.810842316108415,2.9217195669277927,50.45725711299559,84.68969725278896
13427110.0,1.0064,1.4036,9.7173,-0.0251,0.0291,9.8065,0.0598,0.1425,-0.0124,189.62,-78.1,-168.86,52.201775,-2.201708,1.44,3,261.62,23 / 24,1.129090514759515,0.6581046690552279,0.1351526300933159,-328.2294066870588,-229.51317717802027,32.57571159926986,False,61.70000000000073,-2.776872854166926,3.696162851062798,-278.15026613748086,-144.5089266675505,4.623055555559193,323.0830000000693,-3.9059633689264412,3.0380581820075703,50.07914054957797,85.00425051046977
13427210.0,3.9078,-0.1529,11.09,0.0754,-0.0184,9.8063,0.0315,0.4496,-0.3837,189.32,-77.94,-169.07,52.201775,-2.201708,1.44,3,261.62,23 / 24,0.9070086979187096,0.6592049725001835,0.1948526300924472,-328.1276017264264,-229.44731169594345,32.59221186227891,False,61.79999999999927,-2.7098436154740115,3.8683331501440894,-278.42285557901255,-144.1197444256133,4.723055555551918,324.9879999999307,-3.6168523133927213,3.209128177643906,49.70474614741386,85.32756727033015
13427309.0,-1.1596,-1.1564,10.3067,0.0271,-0.0344,9.8065,-0.0167,0.4246,-0.084,190.15,-78.28,-167.73,52.201775,-2.201708,1.44,3,261.62,23 / 24,0.8145669257281828,0.7665590588721409,0.28313093009258994,-328.0423837330558,-229.3767363763904,32.61587204850811,False,61.89899999999943,-2.638980703966271,4.014440406773492,-278.67922594876546,-143.7234457064595,4.804180555553886,326.67990999996516,-3.453547629694454,3.247881347901351,49.36315778429031,85.6532906699309
13427410.0,3.8036,2.2219,10.9537,-0.0319,-0.0209,9.8065,0.0637,-0.0625,0.2608,190.64,-78.43,-166.92,52.201775,-2.201708,1.44,3,261.62,23 / 24,0.7045101313469777,0.7613306061027693,0.3663094800930573,-327.96567034167305,-229.29957794830872,32.64866878922267,False,62.0,-2.5811997461108422,4.086053581851778,-278.93396078185356,-143.30802145944043,4.833055555555556,327.719,-3.28570987745782,3.3247229757490087,49.03170955981949,85.9915564888683
13427509.0,-2.4045,-1.4835,10.736,0.0467,-0.0088,9.8064,0.1656,0.2572,-0.1003,187.29,-78.48,-166.31,52.201775,-2.201708,1.44,3,261.62,23 / 24,0.6568513388968279,0.7684661306383708,0.46909128009322354,-327.8982829488959,-229.22385300983993,32.69002112685195,False,62.09900000000016,-2.55404966522925,4.366727448394002,-279.18358456299256,-142.86768955028055,5.058830555559206,329.6762300000317,-3.210901004126078,3.598261317755631,48.71469838590332,86.35616345955938
13427610.0,-4.9418,-0.5375,8.6362,-0.0496,-0.0197,9.8064,0.0323,-0.6606,0.4859,191.24,-78.29,-165.92,52.201775,-2.201708,1.44,3,261.62,23 / 24,1.0679072443532285,0.8283699043123887,0.4569157300931552,-327.81118264044125,-229.14321279007447,32.736784480866625,False,62.20000000000073,-2.489134639051299,4.617996377092038,-279.43143651266615,-142.39622306143488,5.246111111114668,331.67500000004816,-3.557041883404527,3.7896264727796494,48.37974612777509,86.74698972863959
13427710.0,-3.388,-0.3651,10.5986,0.0281,-0.0247,9.8065,0.0882,-0.1908,0.0313,191.38,-78.35,-165.73,52.201775,-2.201708,1.44,3,261.62,23 / 24,1.5167120688233937,0.812733324653548,0.4379907300934307,-327.6819516747843,-229.06115762862737,32.7815298038753,False,62.29999999999927,-2.4261578896548244,4.761397520814367,-279.67676701000937,-141.91808487656363,5.343888888885331,332.9989999999519,-3.942869958478218,3.948664196160819,48.0051846647749,87.14307275206374
13427810.0,-1.8884,-1.4802,9.2723,-0.0591,0.0097,9.8064,-0.0886,-0.5365,0.3606,194.32,-78.34,-167.23,52.201775,-2.201708,1.44,3,261.62,23 / 24,1.8282806707729227,0.8663942595885168,0.45087073009347756,-327.51470203780383,-228.97720124941497,32.825972876884805,False,62.399999999999636,-2.310686508895232,5.003306260522894,-279.90165329932057,-141.4177077075056,5.511111111108069,335.21099999995977,-4.138967179668155,4.136912000934378,47.61304873848326,87.55949354190938
13427910.0,4.7933,-1.0661,9.6283,-0.0205,-0.0119,9.8066,0.0292,-0.3555,0.2116,191.03,-78.33,-166.37,52.201775,-2.201708,1.44,3,261.62,23 / 24,1.7450719956682177,1.0338542150567402,0.4152357300933479,-327.3360344044811,-228.88218882568236,32.8692781998943,False,62.5,-2.2903887788507893,5.115676323001133,-280.12653958857686,-140.89509155218116,5.605,335.881,-4.035460774519007,4.081822107944393,47.209494815904236,87.9870972735012
13428009.0,-0.1461,-1.292,8.7514,-0.0562,-0.0011,9.8064,-0.053,-0.3291,0.2509,191.16,-78.26,-166.05,52.201775,-2.201708,1.44,3,261.62,23 / 24,1.5729044856435555,1.2139867479474455,0.3541725300932492,-327.1717945686559,-228.77092069801347,32.907363908773604,False,62.59900000000016,-2.2094195370168808,5.329611923190188,-280.34243042627304,-140.36669326020893,5.769450000002658,337.4828200000259,-3.782324022660436,4.115625175242743,46.82936414238287,88.40422743780454
13428110.0,2.4871,-1.6218,10.392,-0.023,-0.0284,9.8065,0.0305,-0.3399,0.1563,190.7,-78.35,-167.0,52.201775,-2.201708,1.44,3,261.62,23 / 24,1.5162761753860263,1.402490452214321,0.33044258009311595,-327.01579094527307,-228.63878859940456,32.94193697183821,False,62.70000000000073,-2.0774078877149162,5.522171354467557,-280.549053222952,-139.80538127112052,5.900000000003678,339.38400000006357,-3.593684063100943,4.119680902253236,46.46673772232106,88.83340732828404
13428210.0,-1.7811,-1.177,10.9901,-0.0149,0.0212,9.8066,-0.1696,-0.1498,0.0752,190.91,-78.48,-166.71,52.201775,-2.201708,1.44,3,261.62,23 / 24,1.5390744628167623,1.568162975317964,0.418882580091829,-326.86302341336517,-228.4902559280301,32.97940322984691,False,62.79999999999927,-1.940792275668127,5.678614259708333,-280.7398658319998,-139.23828714543717,6.001111111107432,341.1309999999364,-3.4798667384848896,4.110451284390368,46.123157581365376,89.25196878259294
13428311.0,1.2324,-0.5475,10.0591,-0.0292,-0.0013,9.8065,-0.0617,-0.25,0.2232,191.07,-78.54,-167.0,52.201984,-2.201881,4.17,3,342.41,22 / 23,1.614611319266816,1.6706777070050467,0.4913955300922366,-326.70376228136905,-228.32669447357188,33.02537227441146,False,62.90099999999984,-1.8507495171845347,5.84669475076574,-280.92563553640804,-138.6430607030231,6.132636111110004,342.43489999998417,-3.4653608364513504,4.176017043760693,45.778126744961014,89.68363377054877
13428410.0,-0.9509,-0.9124,9.4587,0.0391,0.0161,9.8065,0.0347,0.2039,-0.1703,187.54,-78.4,-165.98,52.201984,-2.201881,4.17,3,342.41,22 / 23,1.6429788100109661,1.7701321699990231,0.48666828009222907,-326.5425115699695,-228.1563743846599,33.07378643301567,False,63.0,-1.77002946273942,5.943128360836579,-281.10104684202105,-138.0596209221433,6.2011111111111115,343.415,-3.4130082727503863,4.172996190837556,45.44146472794847,90.0967534625166
13428509.0,1.5833,-0.5102,9.1544,0.0105,-0.0229,9.8066,0.033,-0.0122,0.0256,191.75,-78.58,-165.84,52.201984,-2.201881,4.17,3,342.41,22 / 23,1.6545503737373055,1.871776666725704,0.43715838009214913,-326.37928387537374,-227.97609989724174,33.11951585269487,False,63.09900000000016,-1.7087398494629613,6.1995488191001815,-281.2629649702999,-137.43214795125783,6.430736111114824,344.590130000019,-3.363290223200267,4.327772152374477,45.116318905073854,90.5439519459839
13428610.0,-0.3025,-1.199,10.2467,0.0166,-0.0181,9.8065,0.0485,0.1285,-0.1522,188.23,-78.63,-165.63,52.201984,-2.201881,4.17,3,342.41,22 / 23,1.6366340071676782,1.9936535099265187,0.42644228009208907,-326.2130790641371,-227.7808956733197,33.163127686034414,False,63.20000000000073,-1.5384353235273405,6.212343901897915,-281.41452469979583,-136.81423774429325,6.400000000009782,346.0910000000297,-3.1750693306950186,4.218690391971396,44.79855436434127,90.96665792902644
13428710.0,1.1581,-0.2655,10.3671,0.0092,0.0018,9.8066,0.0727,-0.0738,-0.0068,191.33,-78.63,-166.62,52.201984,-2.201881,4.17,3,342.41,22 / 23,1.636958668257676,2.097735122833868,0.47646728009136124,-326.0493994303682,-227.57632624168465,33.20827316404293,False,63.29999999999927,-1.510832187379164,6.495495755813716,-281.5644488926558,-136.15818767709044,6.668888888879107,346.90599999997033,-3.14779085563684,4.397760632979848,44.48495053771245,91.41813856459422
13428809.0,-0.1408,0.518,10.1029,0.0014,0.0043,9.8066,0.0602,-0.0233,-0.0945,191.0,-78.53,-167.11,52.201984,-2.201881,4.17,3,342.41,22 / 23,1.6164549482705701,2.1169412046404217,0.5188739300914299,-325.8883554563498,-227.36769976347435,33.257542553947054,False,63.39899999999943,-1.3710951748555527,6.5761328786529925,-281.69938066618624,-135.49768981230062,6.717563888887887,348.2226999999729,-2.987550123126123,4.459191674012571,44.18897479016357,91.87000995117373
13428910.0,-1.8381,0.5389,9.5624,-0.0074,-0.0195,9.8066,-0.0917,-0.4011,0.1522,190.12,-78.52,-168.22,52.201984,-2.201881,4.17,3,342.41,22 / 23,1.7366104650967813,2.069131911870096,0.5214999300914447,-325.7190256529738,-227.15630307108938,33.31008143388659,False,63.5,-1.4370007163946448,6.68535958060189,-281.8438530702129,-134.82384855700712,6.838055555555556,347.869,-3.173611181491426,4.616227668731794,43.87517258276091,92.33245451408226
13429010.0,-2.7672,1.7403,11.3849,-0.0052,-0.0498,9.8065,0.1224,0.0937,0.1765,190.42,-78.66,-167.76,52.201984,-2.201881,4.17,3,342.41,22 / 23,1.9738366188965606,1.9381178037904532,0.5881999300916874,-325.5335032987735,-226.95594058530563,33.365566426895946,False,63.600000000000364,-1.3199491597279547,6.791815491646547,-281.97333305494993,-134.14555950418554,6.918888888892274,349.00200000002206,-3.2937857786245153,4.853697687856094,43.56017024382356,92.81038108112008
13429110.0,1.9978,0.345,9.3476,-0.0486,0.0254,9.8064,-0.1261,-0.3917,0.1747,190.01,-78.38,-168.31,52.201984,-2.201881,4.17,3,342.41,22 / 23,2.0239328625739743,1.8501834398829768,0.644159930091891,-325.3336148246992,-226.76652552312126,33.42718441990535,False,63.70000000000073,-1.2070166984554918,7.001723765593177,-282.0891835676056,-133.4450314658052,7.105000000001597,350.21900000000375,-3.2309495610294663,5.151540325710201,43.24443125709365,93.32149405731607
13429210.0,5.3359,-2.391,6.7804,0.0314,-0.0205,9.8065,-0.1308,-0.4658,0.2232,194.06,-78.34,-168.21,52.201984,-2.201881,4.17,3,342.41,22 / 23,1.7246022279433195,2.052623415444643,0.46989493009442695,-325.1461880701761,-226.5713851803577,33.482887162913855,False,63.79999999999927,-1.2018060321020643,7.047146557782041,-282.21184881627715,-132.73338393577163,7.148888888887292,350.3219999999962,-2.926408260045384,4.994523142337398,42.93433925389894,93.83800124458608
13429311.0,4.7957,0.2018,8.2202,-0.1341,0.1678,9.8043,-0.5304,-1.1944,0.9837,195.18,-78.28,-165.71,52.201984,-2.201881,4.17,3,342.41,22 / 22,1.2892144867672946,2.3088306654154036,0.23695358009311812,-324.9939903260823,-226.35113174927304,33.518583012678526,False,63.90099999999984,-1.2981167543582506,7.093392327876518,-282.3425554535014,-132.02540583871738,7.2111999999963015,349.6291899999885,-2.587331241125545,4.784561662461114,42.65143487258092,94.32572591055566
13429410.0,9.1541,-1.2115,5.5699,-0.1268,0.0917,9.8053,-0.4636,-0.8796,0.6981,193.82,-77.49,-167.82,52.201984,-2.201881,4.17,3,342.41,22 / 22,0.664182525242442,2.547529601006428,-0.05129481990734791,-324.8972971739877,-226.11074191608478,33.52777312130774,False,64.0,-1.248312825160164,7.334528961735759,-282.4639940496971,-131.28784989001673,7.4399999999999995,350.341,-1.912495350402606,4.786999360729331,42.4333031242906,94.82289202606805
13429510.0,-4.1348,1.2188,10.4056,-0.081,0.0096,9.8063,-0.0874,-0.4114,0.0538,192.55,-77.71,-169.84,52.201984,-2.201881,4.17,3,342.41,22 / 22,0.4549910496566195,2.631927912228322,-0.2331848199080096,-324.8413384952425,-225.85176904042208,33.51354913931692,False,64.10000000000036,-1.1882688579740792,7.2595032750302355,-282.57984456232526,-130.5650828660781,7.356111111110671,350.7040000000128,-1.6432599076306986,4.627575362801913,42.26149393291723,95.286686174344
13429610.0,5.645,-0.1873,12.0718,-0.0752,-0.007,9.8063,-0.068,-0.91,0.3179,191.89,-78.02,-171.62,52.201984,-2.201881,4.17,3,342.41,22 / 22,0.4011690104648239,2.616029619035308,-0.0899798199074886,-324.7985304922363,-225.58937116385795,33.497390907326086,False,64.20000000000073,-1.0956256580208987,7.249621628325204,-282.68888033895354,-129.8423158428468,7.331944444442736,351.40599999997005,-1.4967946684857227,4.633592009289895,42.10965015328276,95.74705532101115
13429709.0,-5.9336,2.0127,9.5183,-0.0243,0.0317,9.8065,-0.3504,-0.3616,0.206,191.66,-78.17,-172.19,52.201984,-2.201881,4.17,3,342.41,22 / 22,0.4285656419295636,2.546964638324528,0.007871780092669659,-324.7574586269427,-225.33380294811823,33.493326559355246,False,64.29900000000089,-1.1909986971909698,7.187452819163604,-282.8035723464738,-129.12677649060154,7.285469444445366,350.5912300000162,-1.6195643391205334,4.6404881808390765,41.95388628046891,96.20702645751669
13429809.0,3.9893,-1.4178,9.895,-0.0838,0.0013,9.8062,-0.2472,-0.6213,0.5904,191.87,-78.41,-171.59,52.201984,-2.201881,4.17,3,342.41,22 / 22,0.5498817761080784,2.520293037082459,-0.0021282199071847863,-324.70853625604155,-225.08044006435156,33.49361373736452,False,64.39899999999943,-1.1476974533524622,7.454563279265009,-282.91942285912694,-128.38199287238896,7.542399999994703,351.2472899999863,-1.6975792294605405,4.934270242182549,41.789113396914615,96.6984471919626
13429909.0,0.6927,-0.1116,9.2729,-0.0094,0.0219,9.8065,-0.0013,-0.0567,-0.0186,197.6,-78.77,-168.22,52.201984,-2.201881,4.17,3,342.41,22 / 22,0.3706798939361063,2.666234477119604,-0.02439821990726577,-324.66250817253916,-224.8211136886405,33.492287415373795,False,64.4989999999998,-1.2192105085520524,7.775594195896872,-283.04201996044935,-127.59295367220066,7.870599999999282,351.0886700000004,-1.5898904024881586,5.109359718777268,41.62048821208981,97.22816001643984
13430010.0,3.6495,-2.5684,7.3706,-0.0121,0.0216,9.8066,-0.1081,-0.3055,0.0094,196.36,-78.53,-170.1,52.201984,-2.201881,4.17,3,342.41,22 / 22,0.2326031425169155,2.8772049133835864,-0.17437311990810844,-324.63204237919814,-224.5411699994185,33.482249462713064,False,64.60000000000036,-1.0877468018741288,7.5944412864720485,-283.1522823895645,-126.82893333189162,7.671944444445535,351.8489999999906,-1.3203499443910443,4.717236373088462,41.479759989633635,97.7122366675269
13430110.0,0.6395,-0.6158,12.9824,0.029,0.053,9.8064,0.0025,0.2803,-0.4339,191.87,-78.42,-171.71,52.201984,-2.201881,4.17,3,342.41,22 / 22,0.1012737243720026,3.1086423906277254,-0.13738811990797384,-324.6153485358536,-224.24187763421685,33.4666614007222,False,64.70000000000073,-1.165004617594579,7.6436724899076856,-283.26813290221963,-126.07280782926085,7.731944444445283,351.3340000000077,-1.2662783419665815,4.53503009927996,41.34721563363399,98.169069804956
13430210.0,6.7587,-5.6654,4.5136,-0.097,0.1431,9.8051,-0.1641,0.123,0.1597,193.99,-78.3,-173.99,52.201984,-2.201881,4.17,3,342.41,22 / 22,-0.15097481874279295,3.522706834740941,-0.24325311990643322,-324.6178335905721,-223.91031017295325,33.44762933873176,False,64.79999999999927,-1.140237769407547,7.670715926770034,-283.37716867883773,-125.30556283639653,7.754999999999162,351.54499999999234,-0.989262950664754,4.148009092029094,41.24066491173437,98.60474733655671
13430311.0,8.9774,-3.7422,8.8819,0.1522,-0.1813,9.8037,0.6933,1.2792,-0.9213,198.05,-78.35,-173.02,52.201984,-2.201881,4.17,3,342.41,22 / 22,-0.7519609180293966,4.222199573066407,-0.5572520199081976,-324.6634318452794,-223.51919239935677,33.40720382917089,False,64.90099999999984,-1.1292079800507742,7.6518714492912965,-283.4942458439527,-124.53053419717871,7.73474444444174,351.60537000000585,-0.3772470620213776,3.42967187622489,41.16918600132669,98.98865820217806
13430410.0,-11.0966,1.524,10.5038,0.1166,-0.0966,9.8054,0.2449,0.7845,-0.824,197.15,-78.81,-169.03,52.201984,-2.201881,4.17,3,342.41,22 / 22,-0.5810703291997248,4.319886881799154,-0.5685182199082158,-324.7294168920173,-223.09635911984023,33.35147820229989,False,65.0,-1.2026157827484283,7.809893807355564,-283.6156844401484,-123.75995335527357,7.901944444444444,351.246,-0.6215454535487035,3.4900069255564103,41.113732451868884,99.33640576456666
13430510.0,4.989,-1.452,8.3298,0.0872,-0.0545,9.8061,0.1024,0.532,-0.2516,201.16,-78.94,-168.87,52.201984,-2.201881,4.17,3,342.41,22 / 22,-0.24561480362016253,4.258396227397465,-0.6075032199083575,-324.77075114865846,-222.66744496437883,33.292677130308846,False,65.10000000000036,-1.2474946582925608,7.817197208782186,-283.7383496888312,-122.97046937678097,7.916111111111344,350.9330000000023,-1.0018798546723984,3.5588009813847217,41.03240145982727,99.69697558759786
13430609.0,-11.6649,5.0182,11.2607,0.0846,-0.1211,9.8055,0.1491,1.3079,-0.762,202.07,-79.07,-168.15,52.201984,-2.201881,4.17,3,342.41,22 / 22,0.026360183880014654,3.9829579178973753,-0.6086318199083592,-324.7816042523356,-222.25949793418607,33.23247844583782,False,65.19900000000052,-1.2325740457956165,7.832369438499624,-283.8597882850537,-122.19988853487583,7.928761111111547,351.05675000000434,-1.2589342296756312,3.849411520602249,40.92181596728193,100.05960939931025
13430710.0,-1.6522,0.0184,9.8535,-0.0289,0.0102,9.8066,-0.0581,-0.8007,0.5448,204.67,-79.26,-168.93,52.201984,-2.201881,4.17,3,342.41,22 / 22,0.5882121414037043,3.5058671464986713,-0.5328363699092983,-324.7505683499092,-221.88131226843876,33.17483430225274,False,65.29999999999927,-1.1964125460131831,7.946551378415854,-283.9836801862397,-121.39150141845272,8.03611111110721,351.43799999998623,-1.7846246874168874,4.440684231917182,40.76688816366948,100.48981084998604
13430809.0,-9.0735,1.9105,9.5036,0.1144,-0.0365,9.8059,0.0638,0.3764,-0.307,205.56,-79.23,-167.47,52.201984,-2.201881,4.17,3,342.41,22 / 22,1.061982120450839,3.205211616023176,-0.5455182699093187,-324.66888373394727,-221.5491138696934,33.121455747581635,False,65.39899999999943,-1.1388556305934556,7.7627154276044665,-284.0916256050481,-120.62092057654677,7.845811111115028,351.65381999999556,-2.2008377510442947,4.557503811581291,40.57725812889919,100.92819329314663
13430910.0,1.5375,-1.6664,8.6732,-0.077,-0.0006,9.8063,0.0692,-0.9751,0.6422,209.27,-79.17,-167.5,52.201984,-2.201881,4.17,3,342.41,22 / 22,1.443806100095522,3.0440546391766587,-0.6180615199097264,-324.542341428809,-221.23352592380402,33.062694968195444,False,65.5,-1.0240632067538202,7.989638261434186,-284.1949370034148,-119.81253346005205,8.055,352.696,-2.4678693068493422,4.9455836222575265,40.34740442539419,101.42099246375197
13431009.0,6.6215,-3.6106,10.5803,0.0184,-0.0486,9.8064,0.1922,-0.3192,0.0899,209.14,-79.3,-167.39,52.201984,-2.201881,4.17,3,342.41,22 / 22,1.2548134985403645,3.479771223357602,-0.6358716199097552,-324.4087597586763,-220.91059654360805,33.00062527777428,False,65.59900000000016,-1.2332996928530264,8.09132538101189,-284.32312218830447,-119.00892772494242,8.184800000002097,351.333759999978,-2.488113191393391,4.611554157654288,40.08563757037183,101.90166881866563
13431110.0,2.0819,-3.323,8.0754,-0.1073,0.0198,9.806,-0.1914,-0.8267,0.5677,209.68,-79.27,-170.35,52.201984,-2.201881,4.17,3,342.41,22 / 22,1.080377966189063,4.010640414848694,-0.6842304199100269,-324.2908325897068,-220.5323307558765,32.93396012476301,False,65.70000000000073,-1.1345633963032915,8.229100309445093,-284.4334527647533,-118.1779680388154,8.30694444444772,352.149999999979,-2.2149413624923544,4.218459894596399,39.857379824953455,102.35436271706111
13431210.0,3.6297,-1.5693,9.8589,-0.0488,-0.0323,9.8065,-0.0493,-0.6146,0.2369,207.26,-79.56,-169.19,52.201984,-2.201881,4.17,3,342.41,22 / 22,0.983353208585812,4.370831747537924,-0.7681804199088051,-324.1876460309695,-220.11325714776328,32.86133958277313,False,65.79999999999927,-1.2305654565916606,8.306285852297314,-284.5629327494788,-117.34400608857368,8.39694444444117,351.573000000021,-2.2139186651774727,3.9354541047593905,39.6247132814907,102.7692510591896
13431310.0,-3.4169,2.7045,10.7106,-0.0323,0.0408,9.8065,-0.1198,-0.2633,0.1551,208.45,-79.74,-169.16,52.201984,-2.201881,4.17,3,342.41,22 / 22,0.9801705711356219,4.335238050423161,-0.7203704199086312,-324.0894698419831,-219.67795365786364,32.786912040781985,False,65.89999999999964,-1.2905232626447547,8.247701574816434,-284.69241273421613,-116.52116363138873,8.348055555556446,351.1070000000085,-2.270693833780377,3.9124635243932726,39.397057107766955,103.15679002647491
13431410.0,2.8624,-1.7067,10.264,-0.048,0.0016,9.8064,-0.0359,-0.5659,0.2895,210.49,-79.87,-170.02,52.201984,-2.201881,4.17,3,342.41,22 / 22,1.0226610136118492,4.291888439975347,-0.6523054199083835,-323.98932826274535,-219.24659733334215,32.71827824879088,False,66.0,-1.3208047450829072,8.329823324386293,-284.8218927189263,-115.68720168107139,8.433888888888887,350.99,-2.3434657586947565,4.037934884410946,39.16743554381907,103.55939565227077
13431510.0,-2.8012,-0.0124,9.8126,0.0032,0.0187,9.8065,-0.104,0.1052,-0.0375,210.27,-79.91,-169.23,52.201984,-2.201881,4.17,3,342.41,22 / 22,1.1008079989057693,4.378173840835561,-0.6291404199082993,-323.8831548121191,-218.81309421930004,32.654205956799814,False,66.10000000000036,-1.2927022616724375,8.392975712476735,-284.95137270366337,-114.84212023903545,8.49194444444601,351.2440000000075,-2.393510260578207,4.014801871641175,38.93178210845571,103.97097398026459
13431610.0,-1.2763,-1.5247,8.3203,-0.0366,-0.0345,9.8065,-0.0375,-0.1636,0.1235,210.88,-80.22,-168.77,52.201984,-2.201881,4.17,3,342.41,22 / 22,1.352915943173031,4.350857140667043,-0.7031604199085686,-323.7604686150147,-218.37664267022333,32.58759091480873,False,66.20000000000073,-1.2452580112350986,8.487188556855221,-285.07403795237303,-113.99703879629222,8.578055555553332,351.65300000000076,-2.5981739544081295,4.136331416188178,38.68643066264167,104.37960387393112
13431710.0,-3.1081,1.2566,10.7714,0.0196,0.0276,9.8065,-0.0593,0.3735,-0.3315,206.13,-79.96,-169.2,52.201984,-2.201881,4.17,3,342.41,22 / 22,1.5951796202731503,4.270073301676259,-0.729240419908189,-323.61306383684456,-217.94559614811243,32.51597087281893,False,66.29999999999927,-1.2334450845841485,8.427155860259507,-285.18988846499076,-113.15195735433313,8.516944444446668,351.67299999999926,-2.8286247048572988,4.157082558583248,38.4231753718538,104.7936387937793
13431809.0,-0.9935,-0.3856,8.3797,-0.0075,0.0714,9.8064,-0.2487,0.1419,-0.0051,204.52,-80.04,-171.55,52.201984,-2.201881,4.17,3,342.41,22 / 22,1.7940741258689272,4.156702836383438,-0.752119319908226,-323.44529577641026,-217.5284707292778,32.4426435656979,False,66.39899999999943,-1.2363925886214688,8.618737969297376,-285.3180736498799,-112.29331013031674,8.706969444440535,351.8363499999967,-3.0304667144903963,4.462035132913938,38.12722212653034,105.23516059896107
13431910.0,1.6916,-1.456,9.4145,-0.0016,0.0117,9.8066,0.0485,0.5489,-0.0473,205.58,-80.27,-171.9,52.201984,-2.201881,4.17,3,342.41,22 / 22,1.8386481578828155,4.270520795353568,-0.8439838699087421,-323.26184330107975,-217.1028959358727,32.36204035461169,False,66.5,-1.2624482538102981,8.621111385468168,-285.44203369841046,-111.42843599086282,8.713055555555556,351.66900000000004,-3.1010964116931135,4.3505905901146,37.819809602669295,105.67445994500989
13432010.0,-1.855,0.1261,8.0915,0.0619,0.0177,9.8064,-0.1647,0.3909,-0.5065,204.73,-80.21,-171.75,52.201984,-2.201881,4.17,3,342.41,22 / 22,1.9112158758819857,4.341692786089109,-0.9493488699091254,-323.0743500993908,-216.672285256799,32.272373717620475,False,66.60000000000036,-1.3019554574664343,8.63630286119532,-285.5715136831477,-110.56111556326778,8.733888888892345,351.4270000000036,-3.21317133334842,4.2946100751062115,37.5028364162431,106.11116969353122
13432110.0,1.5128,-0.8193,9.8834,0.0195,-0.0419,9.8065,-0.0129,0.3136,-0.1493,202.9,-80.43,-174.49,52.201984,-2.201881,4.17,3,342.41,22 / 22,1.9745729852132752,4.378683394713377,-1.0312688699094235,-322.88006065633533,-216.2362664477573,32.17334283062919,False,66.70000000000073,-1.2999306716825185,8.828701668419498,-285.7009936678843,-109.67155615011563,8.923888888883289,351.6240000000255,-3.274503656895794,4.450018273706121,37.17906698845104,106.56471029764165
13432210.0,-1.6123,-0.1164,11.1075,0.0099,-0.0202,9.8066,-0.0344,0.3091,-0.1351,205.79,-80.83,-173.77,52.201984,-2.201881,4.17,3,342.41,22 / 22,2.0315657923225676,4.4300373020627575,-0.9623888699104257,-322.67975371746144,-215.7958304129249,32.07365994363965,False,66.79999999999927,-1.1714182979703556,8.69141410653514,-285.8100294444752,-108.81535521502457,8.770000000005599,352.32399999997455,-3.202984090292923,4.261376804472382,36.86972427298622,106.98047519790032
13432310.0,2.373,-1.8895,9.9959,-0.023,-0.0333,9.8065,0.1004,-0.2848,0.2898,201.17,-81.05,-174.13,52.201984,-2.201881,4.17,3,342.41,22 / 23,2.065539102068905,4.545698349814039,-0.8878838699101546,-322.47489847274113,-215.3470436303294,31.98114630664828,False,66.89999999999964,-1.2537551181909221,8.754568452105365,-285.93950942921174,-107.9369152942977,8.843888888887545,351.85000000000866,-3.3192942202598275,4.208870102291327,36.53538904352939,107.4101283360317
13432409.0,-1.5122,2.3845,10.5672,0.0223,-0.0462,9.8065,0.175,0.2432,0.0126,200.51,-81.0,-171.54,52.201984,-2.201881,4.17,3,342.41,22 / 23,2.0528870232896,4.554571031914529,-0.8408687699100784,-322.27103637953553,-214.89658029593312,31.895573050977042,False,66.9989999999998,-1.4180290215394977,8.702422742690732,-286.08793438010235,-107.07826807098056,8.817213888888947,350.7451600000025,-3.4709160448290977,4.147851710776203,36.18310199943318,107.81831222495256
13432510.0,-2.6409,0.4264,8.6797,-0.0273,0.0014,9.8065,0.0127,-0.2088,0.1177,201.25,-80.77,-170.53,52.201984,-2.201881,4.17,3,342.41,22 / 23,2.233773346612037,4.362935118826728,-0.8593719699101823,-322.0545600308543,-214.44624623531814,31.809710893615637,False,67.10000000000036,-1.2629864964798072,8.695703409123368,-286.2120988707407,-106.20227443910842,8.786944444443137,351.7360000000004,-3.4967598430918443,4.33276829029664,35.8424611601136,108.24397179620972
13432610.0,-2.8554,0.3782,10.673,0.0047,-0.0368,9.8065,0.0732,0.089,-0.031,192.81,-81.0,-172.01,52.201984,-2.201881,4.17,3,342.41,22 / 23,2.517595458663343,4.263506082933715,-0.8724019699102296,-321.8169915905897,-214.01492417522854,31.723122196624303,False,67.20000000000073,-1.249333937557049,8.624986360133878,-286.33476411939665,-105.34607350323175,8.715000000001567,351.7579999999936,-3.766929396220392,4.3614802772001635,35.48222747119303,108.6688506719968
13432710.0,-3.0294,1.6544,8.6192,-0.0406,-0.0191,9.8064,-0.1124,-0.246,0.2644,192.93,-81.06,-171.86,52.201984,-2.201881,4.17,3,342.41,22 / 23,2.8138622698024567,4.119725160931111,-0.8884569699099959,-321.5504187041703,-213.59576261304142,31.635079249634572,False,67.29999999999927,-1.282276334516626,8.663677309093911,-286.46424410412214,-104.47875307571599,8.75805555555399,351.58100000000644,-4.096138604319083,4.5439521481628,35.08617460004814,109.11700953732543
13432810.0,2.4711,-1.0698,9.9532,-0.0002,-0.0616,9.8064,0.1311,0.0035,0.1573,190.11,-81.51,-170.68,52.201984,-2.201881,4.17,3,342.41,22 / 23,2.862349085954169,4.101130970299176,-0.9405019699101852,-321.2666081363814,-213.1847198064784,31.54363130264323,False,67.39999999999964,-1.2279256906596157,8.661447598485351,-286.5800946168051,-103.61143264812135,8.748055555555736,351.9309999999936,-4.090274776613785,4.560316628186175,34.686513519576295,109.57328715835705
13432910.0,-0.6485,-0.368,8.8747,-0.0315,0.0457,9.8064,-0.1527,-0.0581,0.2192,194.56,-81.21,-169.98,52.201984,-2.201881,4.17,3,342.41,22 / 23,2.8180145839976785,4.2062485964082175,-0.9797719699103279,-320.9825899528828,-212.7693508281415,31.447617605651857,False,67.5,-1.2321462030435641,8.70433514418112,-286.7027598654607,-102.7441122205267,8.791111111111112,351.94300000000004,-4.050160787041243,4.498086547772903,34.27983008742211,110.02523860761481
13433010.0,2.3498,-0.5436,9.2247,0.0128,0.0269,9.8065,-0.0571,-0.1584,0.1826,199.62,-81.05,-168.22,52.201984,-2.201881,4.17,3,342.41,22 / 23,2.7860178352102327,4.299349552615398,-1.0554669699106032,-320.7023883319214,-212.34407092068878,31.34585565866044,False,67.60000000000036,-1.2294225747907626,8.614659438815064,-286.82542511414385,-101.88791128465064,8.701944444442919,351.87799999998265,-4.015440410000995,4.315309886199666,33.87696321777753,110.45615963603814
13433110.0,-2.0032,2.5219,9.9515,-0.0324,0.0389,9.8064,-0.1096,0.0824,0.1458,195.92,-80.86,-166.98,52.201984,-2.201881,4.17,3,342.41,22 / 23,2.7799742008237915,4.233669652721404,-1.0773219699106826,-320.4240887301187,-211.91741996042037,31.23921621166899,False,67.70000000000073,-1.3595989332608323,8.510133506557413,-286.9685345709903,-101.0428298426135,8.618055555562133,350.92299999998124,-4.139573134084624,4.276463853836009,33.45555415912838,110.87459011780687
13433210.0,-0.4536,2.1791,11.0672,-0.0144,-0.013,9.8066,0.062,-0.011,0.0234,198.61,-80.67,-167.73,52.201984,-2.201881,4.17,3,342.41,22 / 23,2.8620448193391783,3.99274260496755,-1.007051969911705,-320.14198777911463,-211.50609934754192,31.134997514679387,False,67.79999999999927,-1.4663197285494558,8.675848784560676,-287.11845876382324,-100.16438992196574,8.79888888888231,350.40700000001874,-4.328364547888635,4.683106179593127,33.02352901529139,111.34170942557618
13433310.0,0.0744,0.0527,8.9137,-0.0024,0.0097,9.8066,-0.1455,-0.0541,0.17,198.75,-80.52,-167.37,52.201984,-2.201881,4.17,3,342.41,22 / 23,2.8784656848964962,3.898417355565258,-0.9886719699116382,-319.8549622539018,-211.11154134951386,31.035211317687857,False,67.89999999999964,-1.4970143842911587,8.614786174623106,-287.26838295666977,-99.3081889875033,8.74388888888989,350.1420000000048,-4.375480069187655,4.716368819057848,32.58657929723205,111.80335236201056
13433410.0,0.2097,-1.8966,8.3399,0.0281,-0.0396,9.8065,-0.0402,0.0711,-0.0367,196.6,-80.66,-165.31,52.201984,-2.201881,4.17,3,342.41,22 / 23,2.924888902196917,4.009052729427921,-1.1066569699120674,-319.5647945245461,-210.71616784526276,30.93044487069629,False,68.0,-1.4738381012801596,8.512238394557732,-287.411492413462,-98.46310754405252,8.63888888888889,350.177,-4.3987270034770765,4.503185665129811,32.15330211108409,112.25306030121024
13433510.0,1.211,-0.4134,9.2552,0.0112,0.0353,9.8065,-0.1356,0.0575,0.0153,200.51,-80.62,-164.6,52.201984,-2.201881,4.17,3,342.41,22 / 23,2.926471656160945,4.1610346341138245,-1.2075669699124345,-319.2722264966271,-210.3076634770842,30.814733673704644,False,68.10000000000036,-1.4689746033037165,8.542675267680329,-287.56141660633574,-97.60690660959109,8.668055555555044,350.2429999999886,-4.395446259464661,4.381640633566504,31.710809890291387,112.7007568674931
13433610.0,-1.53,0.0847,10.0929,0.0382,-0.0204,9.8065,0.0014,0.1822,-0.1529,198.1,-80.8,-163.2,52.201984,-2.201881,4.17,3,342.41,22 / 23,2.982648296416083,4.19091069572632,-1.2208269699124827,-318.9767704989972,-209.89006621059067,30.693313976712957,False,68.20000000000073,-1.55760890126053,8.49843835717377,-287.7181555351833,-96.76182516614092,8.63999999999822,349.6139999999636,-4.540257197676613,4.30752766144745,31.258614963813898,113.12824104444975
13433709.0,1.9889,-0.0766,8.7863,0.0011,-0.0249,9.8065,0.0522,0.1186,0.0061,201.4,-80.99,-163.28,52.201984,-2.201881,4.17,3,342.41,22 / 23,2.9970824760318284,4.219504579824251,-1.2571649199125414,-318.6807738257606,-209.47375065445024,30.57065337816642,False,68.29900000000089,-1.694945082070007,8.422738687050195,-287.8935668408104,-95.9362028367888,8.59160000000096,348.6220200000197,-4.692027558101835,4.203234107225944,30.78720698495016,113.53754781766145
13433810.0,-3.3216,-0.3092,10.1051,0.0483,-0.0362,9.8064,0.097,0.4295,-0.3117,198.82,-81.15,-162.39,52.201984,-2.201881,4.17,3,342.41,22 / 23,3.10361725665777,4.237197723711111,-1.2936208699120897,-318.37268848926357,-209.046687188127,30.441838695781872,False,68.39999999999964,-1.7417200242138489,8.50232460583009,-288.0725218091608,-95.0716622814384,8.678888888887291,348.4230000000034,-4.845337280871619,4.265126882118979,30.30016668010279,113.9750249066886
13433909.0,4.0488,-0.9808,9.503,0.0176,0.0145,9.8066,-0.0915,-0.1243,0.1106,198.38,-81.27,-163.13,52.201984,-2.201881,4.17,3,342.41,22 / 23,3.123001932714425,4.325253558320359,-1.29387826991209,-318.0644708393891,-208.62284584966577,30.313757488360366,False,68.4989999999998,-1.6985474573257147,8.531242676591562,-288.23443993743984,-94.22402335562286,8.698688888888844,348.7397999999994,-4.82154939004014,4.205989118271203,29.83003090194927,114.3988224940429
13434010.0,0.5472,-0.8953,8.989,0.0564,-0.0142,9.8064,0.0319,0.4217,-0.1879,203.12,-81.13,-161.28,52.201984,-2.201881,4.17,3,342.41,22 / 23,2.971916953891268,4.505536736103242,-1.3505039199124083,-317.7566774356138,-208.17689093979487,30.18021618777348,False,68.60000000000036,-1.669593034262878,8.466956897252617,-288.4064438750726,-93.38149939665902,8.629999999999617,348.8449999999785,-4.641509988154146,3.961420161149375,29.3502335605412,114.79539154313585
13434110.0,4.292,-0.5525,9.3536,-0.0185,0.025,9.8065,-0.0505,-0.237,0.2002,202.4,-80.88,-162.09,52.201984,-2.201881,4.17,3,342.41,22 / 23,2.811673736881844,4.679769402977044,-1.4140389199126393,-317.4674979010741,-207.7176256328392,30.041989045781722,False,68.70000000000073,-1.8395330916616548,8.410058614892982,-288.5904417480829,-92.53641795533042,8.60888888889002,347.66200000001265,-4.651206828543499,3.730289211915938,28.8770561529912,115.18120767750878
13434210.0,-1.1721,-0.7191,10.1927,0.0353,-0.0159,9.8065,0.092,0.086,-0.1484,203.28,-80.91,-161.17,52.201984,-2.201881,4.17,3,342.41,22 / 23,2.727080261897224,4.811905473715049,-1.4173889199125904,-317.1905602011392,-207.2430418890115,29.90041765379252,False,68.79999999999927,-1.7947344625561776,8.451539990374151,-288.7676248850501,-91.69133651124938,8.639999999998867,348.01099999998735,-4.521814724453401,3.639634516659102,28.42293531608908,115.55170537776212
13434310.0,1.0439,-3.2684,10.4177,0.0117,-0.0063,9.8065,-0.1924,-0.0475,-0.0117,198.78,-80.98,-162.36,52.201984,-2.201881,4.17,3,342.41,22 / 23,2.833046102659047,5.009340256009734,-1.367533919912409,-316.91255388291034,-206.75197960252348,29.761171511800764,False,68.89999999999964,-1.8248615490149989,8.347868310350616,-288.95162275811464,-90.86849405406403,8.545000000001728,347.66900000000624,-4.657907651674046,3.338528054340882,27.960931124795707,115.88348554845945
13434410.0,-6.2878,-3.3051,6.8131,0.0267,-0.0028,9.8066,-0.3116,0.3732,-0.0481,203.19,-81.2,-160.97,52.201984,-2.201881,4.17,3,342.41,22 / 23,3.2250193718119755,5.22503936099237,-1.4866589199128424,-316.6096506091857,-206.2402606216715,29.618461869808982,False,69.0,-1.7214774290683441,8.373769563092607,-289.12199115909783,-90.02341261202851,8.54888888888889,348.38300000000004,-4.94649680088032,3.1487302021002366,27.487659450087847,116.21684800964299
13434509.0,-7.3382,0.7733,10.2711,-0.0631,-0.0419,9.8064,0.2642,-0.7068,0.1557,202.76,-81.74,-162.16,52.201984,-2.201881,4.17,3,342.41,22 / 23,3.930615663520466,5.091755794984718,-1.6118493699130447,-316.25544667493614,-205.7295792614498,29.465085709462354,False,69.09900000000016,-1.830370620951203,8.345568139196057,-289.31089564207184,-89.1977902812158,8.543938888888809,347.62960999998785,-5.760986284471669,3.2538123442113394,26.944551032864297,116.531788980234
13434610.0,5.5546,-3.4787,10.489,-0.0692,-0.0059,9.8064,-0.0949,-0.892,0.6133,206.72,-81.74,-162.02,52.201984,-2.201881,4.17,3,342.41,22 / 23,4.121722653783553,5.20932330203645,-1.553935969912719,-315.84880358991,-205.2093747670473,29.305213549800254,False,69.20000000000073,-1.805585503602093,8.381612712850654,-289.4899869051464,-88.35548871280804,8.573888888890384,347.8429999999798,-5.927308157385646,3.1722894108142032,26.35881668476361,116.85388605423927
13434710.0,-3.8229,-1.6746,9.345,-0.0721,-0.0459,9.8062,0.0904,0.2489,0.1532,205.31,-81.77,-158.68,52.201984,-2.201881,4.17,3,342.41,22 / 23,4.196464679562608,5.496512354854694,-1.5429009699128795,-315.43289422324875,-204.67408298421054,29.150371702811228,False,69.29999999999927,-1.8958818610503487,8.403800150462542,-289.6807995141942,-87.52152676256634,8.614999999998505,347.2870000000202,-6.092346540612956,2.9072877956078482,25.752094709054575,117.1525562216442
13434810.0,-2.3161,-2.3597,8.8839,-0.021,-0.0006,9.8065,-0.0188,0.1306,-0.1163,204.84,-82.05,-159.65,52.201984,-2.201881,4.17,3,342.41,22 / 23,4.595512352984382,5.5624757135314695,-1.6121209699131311,-314.9932953716198,-204.12113358078923,28.992620605819354,False,69.39999999999964,-1.7857361629563926,8.388988160642967,-289.85798265120496,-86.68756481224877,8.576944444445136,347.9829999999873,-6.381248515940775,2.8265124471114973,25.135312720414845,117.43356876854047
13434910.0,0.0838,-0.8192,10.3981,0.0102,-0.0012,9.8066,-0.0905,0.0591,-0.1248,204.08,-82.15,-160.82,52.201984,-2.201881,4.17,3,342.41,22 / 23,4.798706166917772,5.673952350985609,-1.6286859699131913,-314.523584445623,-203.55931217756134,28.83058025882745,False,69.5,-2.050149533659446,8.364357357492176,-290.0624247323244,-85.85360286334587,8.611944444444445,346.228,-6.848855700577218,2.690405006506567,24.46115971329857,117.70570931421547
13435010.0,1.8592,-2.2227,10.6612,-0.0264,0.0066,9.8066,-0.0606,-0.2225,0.1752,203.05,-82.13,-162.18,52.201984,-2.201881,4.17,3,342.41,22 / 23,4.804996790545688,5.866221782902431,-1.5563859699129283,-314.04339929774807,-202.98230347086485,28.671326661835565,False,69.60000000000036,-1.916963047924908,8.426651556444542,-290.2532373414438,-85.0085214198957,8.641944444442974,347.18399999999565,-6.721959838470596,2.5604297735421104,23.790161956304246,117.97378205096915
13435110.0,0.5391,-1.3354,8.8386,-0.0289,-0.0102,9.8065,0.0784,0.2196,0.097,203.57,-82.35,-161.98,52.201984,-2.201881,4.17,3,342.41,22 / 23,4.80032984168866,6.091522100067446,-1.562060969912949,-313.5631329661346,-202.38441627671418,28.515404314843703,False,69.70000000000073,-1.9339830875443,8.339804126829627,-290.4508646865361,-84.18567896271075,8.561111111111213,346.9440000000023,-6.73431292923296,2.2482820267621806,23.11226827959854,118.19873731400342
13435210.0,-3.1316,-0.6319,10.951,0.0421,-0.0265,9.8065,0.1986,0.5308,-0.3882,201.06,-82.21,-160.51,52.201984,-2.201881,4.17,3,342.41,22 / 23,4.994894815999127,6.151989720965008,-1.5532459699130774,-313.0733717332574,-201.77224068567145,28.359638967854668,False,69.79999999999927,-1.9255820010707192,8.344598663709675,-290.6416772955838,-83.3517170138837,8.563888888888787,347.0059999999977,-6.920476817069846,2.192608942744667,22.43169443767357,118.42052367178775
13435310.0,6.706,-2.8429,7.9796,0.0287,0.039,9.8064,-0.2307,-0.2192,0.1275,202.57,-82.22,-162.95,52.201984,-2.201881,4.17,3,342.41,20 / 22,4.932274608867382,6.400737844267123,-1.5873809699132015,-312.57701326201226,-201.14460430740755,28.202607620862782,False,69.89999999999964,-1.9363688532148005,8.26223683117635,-290.83248990467604,-82.52887455740607,8.486111111112525,346.8100000000036,-6.868643462082183,1.8614989869092273,21.74452335733622,118.61572975000148
13435410.0,-1.6514,-1.8686,9.8934,0.0585,-0.0101,9.8064,-0.037,0.2465,-0.1129,199.45,-82.02,-162.31,52.201984,-2.201881,4.17,3,342.41,20 / 22,4.8209161447790025,6.737356529112924,-1.674395969913518,-312.0893537243282,-200.48769958873615,28.039518773870853,False,70.0,-1.9688328620760132,8.271979868331025,-291.0301172497684,-81.70603209880689,8.503055555555555,346.612,-6.789749006855016,1.5346233392181006,21.059236474559782,118.78166748992926
13435510.0,-4.903,0.3261,10.5868,-0.0751,0.0469,9.8062,-0.1537,-0.5012,0.3011,199.8,-81.99,-161.8,52.201984,-2.201881,4.17,3,342.41,20 / 22,5.189368486081434,6.716483202019854,-1.6310509699133602,-311.58883949278334,-199.81500760217708,27.87424642687891,False,70.10000000000036,-2.022532363598296,8.18492500919008,-291.23455933091515,-80.89430913475557,8.431111111109125,346.12000000000506,-7.211900849679729,1.4684418071702252,20.35428016186819,118.9206984674215
13435610.0,-0.7135,-0.4945,10.6161,-0.0378,-0.0044,9.8066,0.0881,-0.3976,0.2398,201.25,-81.97,-164.74,52.201984,-2.201881,4.17,3,342.41,20 / 22,5.491321546466509,6.644577250009048,-1.551570969913071,-311.054804991154,-199.1469545795732,27.71511532988701,False,70.20000000000073,-1.9571219461896165,8.088537137459921,-291.4253719400074,-80.09370566313015,8.321944444438776,346.3979999999986,-7.448443492656125,1.4439598874508732,19.629433051146634,119.05324891644304
13435710.0,-1.9564,-2.8529,8.0197,-0.057,-0.0147,9.8064,-0.0218,-0.2053,0.2484,196.73,-82.1,-166.11,52.201984,-2.201881,4.17,3,342.41,20 / 22,5.702407772163665,6.780411556360943,-1.6004459699123599,-310.4951185252306,-198.47570513926445,27.557514482898032,False,70.29999999999927,-1.9258758297500078,7.9357654304729595,-291.6161845490822,-79.3042216832945,8.16611111111678,346.35900000000146,-7.628283601913672,1.1553538741120164,18.878933976148403,119.17148345596995
13435809.0,2.3115,-3.1248,10.5029,0.0062,-0.0952,9.8061,0.2743,-0.1147,0.0154,198.9,-82.37,-163.6,52.201984,-2.201881,4.17,3,342.41,20 / 22,5.811109254742808,7.088975360796742,-1.654435619912447,-309.92519943239785,-197.78917048686404,27.396397844201445,False,70.39899999999943,-1.8779914999911453,7.8514094809210935,-291.80508903202946,-78.53364084208921,8.072886111113029,346.54808999999614,-7.689100754733953,0.7624341201243512,18.12011040036839,119.25552964477482
13435910.0,3.8118,-4.2671,8.1975,-0.0175,-0.0086,9.8066,-0.1201,-0.2135,0.3151,202.26,-82.29,-163.69,52.201984,-2.201881,4.17,3,342.41,20 / 22,5.690224470019386,7.564916651216276,-1.700537069912706,-309.34438207929406,-197.04914894025322,27.226971723364322,False,70.5,-1.8773392041266066,7.630506839446959,-291.99099503118515,-77.76973169530355,7.858055555555556,346.17800000000005,-7.567563674145992,0.06559018823068286,17.353387048108914,119.27941724494967
13436010.0,-2.0978,-2.0512,10.2916,0.0606,-0.0615,9.8063,0.1255,0.14,-0.2227,201.13,-82.49,-160.57,52.201984,-2.201881,4.17,3,342.41,20 / 22,5.764405016026436,7.908074942668001,-1.7567470699129104,-308.7716506049897,-196.27549936055618,27.05410751637241,False,70.60000000000036,-1.8873302905032534,7.389740586321203,-292.18180764024976,-77.03584517964694,7.626944444440008,345.6730000000198,-7.651735306529689,-0.5183343563467977,16.589842964739944,119.23965418090924
13436110.0,0.2649,-3.4956,9.0773,-0.0018,-0.0287,9.8065,-0.0424,-0.1914,-0.022,200.21,-82.54,-161.83,52.201984,-2.201881,4.17,3,342.41,20 / 22,5.981815957130904,8.150798866638468,-1.7689670699129547,-308.1843395563297,-195.47255567008793,26.877821809380478,False,70.70000000000073,-1.69107034382121,7.186778863200055,-292.3453613051787,-76.32419764954946,7.383055555546855,346.7589999999623,-7.672886300952115,-0.9640200034384128,15.83897825115099,119.14835802053847
13436210.0,-3.4791,-1.3528,10.6344,0.0099,-0.0381,9.8065,0.1923,0.2272,-0.1646,199.74,-82.89,-162.57,52.201984,-2.201881,4.17,3,342.41,20 / 22,6.2507967736851535,8.34100064095641,-1.7640470699130264,-307.5727089197978,-194.64796569472017,26.70117110239175,False,70.79999999999927,-1.7617544745112712,6.923248488134262,-292.5225444421459,-75.63478910365794,7.143888888897591,345.7230000000377,-8.012551248196425,-1.4177521528221488,15.05016447765189,119.01317659106223
13436311.0,0.9926,-4.387,8.4672,-0.0292,-0.0255,9.8065,-0.0049,-0.2755,0.1428,198.39,-82.97,-164.82,52.201984,-2.201881,4.17,3,342.41,21 / 23,6.496090187239186,8.58941654642924,-1.7898879199131716,-306.92899112826746,-193.79297962675238,26.52169738540452,False,70.90099999999984,-1.6546503307625553,6.763425119185932,-292.68766549636393,-74.96105904399505,6.962888888892268,346.2529399999921,-8.15074051800174,-1.8259914272433075,14.241325631903521,118.83192058275733
13436410.0,0.5736,-3.6133,9.6496,0.0303,-0.0588,9.8064,0.134,0.0809,-0.0806,199.35,-83.09,-163.65,52.201984,-2.201881,4.17,3,342.41,21 / 23,6.584230075892108,9.006329461641856,-1.8639646699132915,-306.2815152752414,-192.92199019935146,26.340831682207817,False,71.0,-1.5489118753621804,6.573879153575824,-292.84283703594883,-74.31156947670625,6.753888888888889,346.742,-8.133141951254288,-2.4324503080660325,13.438678239292585,118.6104207226452
13436509.0,1.2226,-3.6652,9.5504,-0.0126,0.0064,9.8066,-0.056,-0.1492,0.0287,199.32,-83.05,-163.44,52.201984,-2.201881,4.17,3,342.41,21 / 23,6.653538223813741,9.392633467426098,-1.8844230199133245,-305.6262457444049,-192.01124153436112,26.1552864915611,False,71.09900000000016,-1.5020078913866255,6.297289392995372,-292.99126198689345,-73.69510480402245,6.473938888884362,346.5845899999975,-8.155546115200366,-3.0953440744307255,12.634983757511463,118.31613673033867
13436610.0,0.8783,-3.3225,8.6619,-0.0029,0.0062,9.8066,-0.1184,-0.0457,-0.0317,198.23,-83.2,-164.81,52.201984,-2.201881,4.17,3,342.41,21 / 23,6.701306497453472,9.77855638761275,-1.9551735199137221,-304.95182608597713,-191.04309644667623,25.961386866298746,False,71.20000000000073,-1.475980818256723,6.042340657729157,-293.13587068558735,-73.11066426926833,6.219999999992653,346.2730000000007,-8.177287315710196,-3.736215729883594,11.815955400389782,117.9324321774079
13436710.0,0.2271,-5.6005,7.9736,-0.0251,-0.0478,9.8065,0.1468,-0.0311,-0.007,197.19,-83.44,-166.5,52.201984,-2.201881,4.17,3,342.41,21 / 23,6.817240664709463,10.23899689907208,-2.1040635199115556,-304.2758987278788,-190.04221878235654,25.758425014310436,False,71.29999999999927,-1.4262235220538912,5.846612620567716,-293.27898014239344,-72.53245065116026,6.018055555562902,346.2909999999993,-8.243464186763354,-4.392384278504363,10.996918585485389,117.50976813119628
13436809.0,-5.216,-2.6459,10.383,0.0071,-0.0675,9.8063,0.2679,0.3377,-0.1603,197.02,-83.91,-166.79,52.201984,-2.201881,4.17,3,342.41,21 / 23,7.206890611547715,10.57503759980711,-2.166270169911656,-303.58170422970295,-189.01192407466036,25.547043496663846,False,71.39899999999943,-1.3167019702731033,5.632446548869124,-293.40041873861674,-71.98203576418439,5.784305555560366,346.84242999998867,-8.523592581820818,-4.9425910509379865,10.181285491086214,117.02988831047597
13436909.0,3.4744,-4.6363,8.9273,-0.011,-0.0073,9.8065,-0.0559,-0.2575,0.0419,199.51,-83.88,-168.37,52.201984,-2.201881,4.17,3,342.41,21 / 23,7.442596884452518,10.91943533342379,-2.1814201699117115,-302.8492298549003,-187.9372004279949,25.329658979671887,False,71.4989999999998,-1.2084248764099317,5.455839597183443,-293.51633739860597,-71.44807772657781,5.588069444444872,347.5112999999986,-8.65102176086245,-5.463595736240347,9.332892456294303,116.48912270141709
13437010.0,0.6432,-2.7279,9.1589,0.0551,-0.0239,9.8064,0.068,0.2016,-0.1371,192.23,-83.82,-168.67,52.201984,-2.201881,4.17,3,342.41,21 / 23,7.386278860038482,11.359507579594109,-2.2585387199121447,-302.10037162979927,-186.81211381088116,25.105441055734524,False,71.60000000000036,-1.1182976686683985,5.313596740834402,-293.62653168036036,-70.9090047223493,5.4299999999958715,348.1150000000004,-8.504576528706881,-6.045910838759706,8.473839949438911,115.90310908853186
13437110.0,3.4115,-3.6853,9.9481,-0.0394,-0.017,9.8065,0.0434,-0.3585,0.2437,195.63,-83.86,-168.8,52.201984,-2.201881,4.17,3,342.41,21 / 23,7.301608799240081,11.743250014119916,-2.2838537199122366,-301.36597724683264,-185.65697593119125,24.878321433742478,False,71.70000000000073,-1.0696038317753567,5.09192839277891,-293.7287527209338,-70.40862755187624,5.203055555549695,348.13700000000546,-8.371212631015437,-6.651321621341006,7.63722452589883,115.24834837931502
13437210.0,-1.905,-1.7885,10.729,0.02,-0.0306,9.8066,0.1431,0.1175,-0.1801,195.38,-84.07,-168.94,52.201984,-2.201881,4.17,3,342.41,21 / 23,7.335589601614892,12.04694846383887,-2.230663719913011,-300.63411732680055,-184.46746600731063,24.6525955617545,False,71.79999999999927,-1.023390130239795,4.93699062407972,-293.83097376149806,-69.9193698745803,5.041944444450305,348.2889999999945,-8.358979731854687,-7.10995783975915,6.803143565302491,114.54809613273034
13437311.0,-2.9996,-2.0381,9.3865,-0.0527,-0.0073,9.8064,-0.0442,-0.5409,0.1806,193.55,-84.07,-171.21,52.202488,-2.202045,4.79,2,348.66,22 / 23,7.656692386287559,12.193210156940687,-2.2053026199128682,-299.8770070864072,-183.24333799695438,24.428579261592034,False,71.90099999999984,-0.8898058022394324,4.787873666932673,-293.9203149509818,-69.447680995879,4.869861111113112,349.47216999998534,-8.546498188526991,-7.405336490008014,5.956692135425442,113.79565700107538
13437410.0,-1.532,-2.4647,10.8212,-0.0152,-0.0422,9.8065,0.0552,-0.1892,0.1014,191.53,-84.39,-174.28,52.202488,-2.202045,4.79,2,348.66,22 / 23,7.955044060247034,12.381682995289509,-2.175879819912821,-299.10422613230253,-182.02688078591703,24.21171073082031,False,72.0,-0.7931364583924028,4.679370175288668,-293.9945274264272,-68.98533249101601,4.7461111111111105,350.38,-8.748180518639437,-7.7023128200008415,5.109698705875303,113.04154829490102
13437510.0,-0.8928,-3.0914,9.1945,-0.0505,-0.0169,9.8064,-0.0501,-0.3328,0.197,189.68,-84.62,-176.25,52.202488,-2.202045,4.79,2,348.66,22 / 23,8.155996001618071,12.654062684705336,-2.1557598199127477,-298.29867412920635,-180.77509350191272,23.995128748828243,False,72.10000000000036,-0.7272693966141115,4.54608316311355,-294.06267478680917,-68.52943329166058,4.603888888884746,350.9110000000375,-8.883265398232183,-8.107979521591787,4.235999342397179,112.24566021025214
13437611.0,2.2171,-4.5576,9.8213,0.001,-0.014,9.8065,0.0686,-0.2868,0.0472,190.48,-84.66,-175.29,52.202488,-2.202045,4.79,2,348.66,22 / 23,8.189839990758633,13.06965009794118,-2.185933569912917,-297.4732094115867,-179.47604600638178,23.775873232640816,False,72.20100000000093,-0.5345944122055133,4.341567929908364,-294.11085497060503,-68.10277835799938,4.37436111110449,352.9805800000287,-8.724434402964146,-8.728082168032817,3.362354440981676,111.3732676483824
13437711.0,-0.2124,-3.0631,9.0647,-0.0287,0.0224,9.8066,-0.0041,-0.3019,0.0902,192.94,-84.51,-175.61,52.202488,-2.202045,4.79,2,348.66,22 / 23,8.198617771275659,13.482249750382984,-2.222298569912388,-296.65378652349693,-178.1484510139849,23.555461625652757,False,72.30099999999948,-0.4578060160742572,4.174464407758522,-294.15842182815345,-67.69146832401445,4.19950000000551,353.7418999999627,-8.656423787349915,-9.307785342624463,2.4953646953434827,110.45698268997045
13437810.0,1.1688,-3.0516,9.6567,-0.0424,-0.0187,9.8065,0.0262,-0.3153,0.1141,190.94,-84.49,-178.65,52.202488,-2.202045,4.79,2,348.66,22 / 23,8.246138941027187,13.808087998497593,-2.266447619912459,-295.8397710662366,-176.79757929541313,23.33326868925607,False,72.39999999999964,-0.36468095622700736,4.023506903211293,-294.1921547715426,-67.2951696048602,4.040000000002931,354.8209999999802,-8.610819897254194,-9.784581095286299,1.6476162946939894,109.50240969055292
13437909.0,-1.1955,-3.9049,9.3612,-0.0237,0.0002,9.8066,0.0253,-0.151,0.0239,190.11,-84.52,-179.04,52.202488,-2.202045,4.79,2,348.66,22 / 23,8.341121361414197,14.169184086119479,-2.2959199199125067,-295.0187016812644,-175.41270432722234,23.10743149603437,False,72.4989999999998,-0.2517899681499448,3.7722696412829078,-294.20564794887724,-66.93189578101062,3.7806750000005716,356.182249999997,-8.592911329564142,-10.396914444836572,0.8130537323871749,108.48080854621172
13438010.0,-0.402,-3.7853,10.3691,-0.0157,0.0071,9.8066,0.0208,-0.1869,0.0559,188.69,-84.45,178.6,52.202488,-2.202045,4.79,2,348.66,22 / 23,8.515231229903495,14.561578239160749,-2.2900114199124735,-294.1674558753981,-173.96180082978753,22.875841963371908,False,72.60000000000036,-0.21599055551055268,3.5796006734176222,-294.2262284517339,-66.57240258304334,3.5861111111065433,356.547000000028,-8.731221785414048,-10.981977565743126,-0.05877257633579802,107.3893982467442
13438109.0,-1.4181,-3.106,9.9372,-0.0182,0.0076,9.8066,-0.0247,-0.1227,0.0539,187.22,-84.48,177.46,52.202488,-2.202045,4.79,2,348.66,22 / 23,8.682089518433504,14.91076628800806,-2.255707919912418,-293.31618849835405,-172.50291977569032,22.65082885605021,False,72.69900000000052,-0.11249059124870098,3.3356020407668234,-294.232975040401,-66.24215365099836,3.3375111111025233,358.06962000005257,-8.794580109682204,-11.575164247241236,-0.9167865420469639,106.26076612469195
13438210.0,-0.4523,-2.7305,9.5012,-0.0124,-0.0094,9.8066,0.0468,-0.1483,0.0292,190.06,-84.57,177.22,52.202488,-2.202045,4.79,2,348.66,22 / 23,8.85022028679353,15.212521207114106,-2.2645403699123086,-292.43080685320103,-170.9816937572055,22.42255631741689,False,72.79999999999927,-0.027701519892186763,3.199880095539027,-294.23304318776104,-65.92747200752835,3.200000000004911,359.5039999999484,-8.877921806685716,-12.012641111575078,-1.802236334560007,105.05422174967715
13438310.0,-0.8895,-2.3435,9.1403,0.0008,0.0055,9.8066,-0.0429,-0.0872,0.0074,189.85,-84.5,176.99,52.202488,-2.202045,4.79,2,348.66,21 / 23,8.99122237774365,15.473271609061426,-2.313130369912485,-291.53873471997093,-169.44740411639114,22.19367278042482,False,72.89999999999964,-0.007377916028651767,2.956101904132512,-294.2262284517339,-65.6383651995082,2.9561111111155474,359.8569999999936,-8.998600293772302,-12.517169704928914,-2.68749373176297,103.80903891688294
13438410.0,0.2454,-1.5595,10.0684,-0.0116,-0.0051,9.8066,-0.0014,-0.1221,0.0055,189.65,-84.54,176.74,52.202488,-2.202045,4.79,2,348.66,21 / 23,9.087003099317831,15.68258573453868,-2.3333603699125587,-290.6348234461146,-167.88961124920547,21.96134824343272,False,73.0,0.12040622059475618,2.7912931529129783,-294.2057842435978,-65.3603778824997,2.7938888888888886,2.47,-8.966596878723076,-12.891292581625702,-3.570960797483224,102.52923336670577
13438510.0,0.5761,-0.811,10.6865,0.0003,0.0246,9.8066,-0.0348,-0.046,-0.0597,191.35,-84.37,175.38,52.202488,-2.202045,4.79,2,348.66,21 / 23,9.098947100150907,15.829076950483197,-2.276280369912351,-289.72552593613784,-166.31402811494866,21.730866206440638,False,73.10000000000036,0.1386094425286305,2.574326682836176,-294.19215477154273,-65.10462955105054,2.5780555555535547,3.082000000036252,-8.960337657622276,-13.25475026764702,-4.46662883540489,101.20939856389812
13438609.0,0.3141,-0.7118,9.6084,-0.0177,0.0157,9.8066,-0.026,-0.0968,-0.0175,187.54,-84.33,173.34,52.202488,-2.202045,4.79,2,348.66,21 / 23,9.098594490466509,15.933489300645629,-2.2425411699122964,-288.8247476274008,-164.74178108551524,21.507184540218955,False,73.19900000000052,0.21752627363941746,2.4595396456440293,-294.1651684168207,-64.87345529861905,2.4691555555517937,5.055070000068155,-8.88106821682709,-13.4739496550016,-5.340420789419852,99.8683257868962
13438710.0,-0.346,0.3285,9.9093,-0.0015,0.0068,9.8066,-0.0441,-0.0172,-0.0348,186.23,-84.34,171.72,52.202488,-2.202045,4.79,2,348.66,21 / 23,7.763243728386745,13.580553744099428,-1.910263624425401,-287.9732247973593,-163.25132191177408,21.2974678981075,False,73.29999999999927,0.2588493570476683,2.3055144784583086,-294.13082214719066,-64.63761085858272,2.320000000005386,6.405999999951579,-7.504394371339076,-11.27503926564112,-6.157597349831349,98.61371105319137
13438815.0,-0.3669,-0.4131,9.0895,-0.0054,0.0038,9.8066,-0.0732,-0.1451,0.0626,188.74,-84.4,171.04,52.202488,-2.202045,4.79,2,348.66,21 / 23,7.833284294457182,13.604880197292875,-1.9425248744258257,-287.1544070761492,-161.8240866298322,21.095196501915147,False,73.40500000000065,0.3018424834779244,2.189696316195588,-294.0953855197909,-64.41577698090299,2.210402777778164,7.848400000001106,-7.531441810979258,-11.415183881097287,-6.940978443641711,97.40830964892922
13438910.0,0.0241,-0.4868,9.8565,-0.0076,-0.0079,9.8066,0.0222,-0.0607,0.0642,186.54,-84.57,172.05,52.202488,-2.202045,4.79,2,348.66,21 / 23,7.883568555206335,13.667211898501956,-1.9742216244256072,-286.4078565657953,-160.5286622552909,20.909151043220987,False,73.5,0.28955959654403707,2.140503501526978,-294.06948952283557,-64.2150701379176,2.1599999999999997,7.704,-7.594008958662298,-11.526708396974978,-7.66163295704024,96.31359211737329
13439010.0,0.2587,-0.8097,9.5551,0.0069,-0.0005,9.8066,-0.0248,-0.0678,-0.0532,186.16,-84.67,172.49,52.202488,-2.202045,4.79,2,348.66,21 / 23,7.906177644042122,13.757511494823314,-1.9843066244256438,-285.61836925583003,-159.15742608561965,20.711224630777703,False,73.60000000000036,0.28687152074835265,1.9843713691188356,-294.04223057867176,-64.01491927001135,2.0049999999987618,8.226000000002548,-7.61930612329377,-11.773140125704478,-8.42386132284173,95.1425068156083
13439109.0,1.0304,-0.2614,9.9441,0.0199,-0.0112,9.8066,0.0399,-0.0234,-0.077,189.4,-84.74,172.88,52.202488,-2.202045,4.79,2,348.66,21 / 23,7.879375216558361,13.843181610498439,-1.9899545744256528,-284.83698438922903,-157.79119177690401,20.514498701434245,False,73.69900000000052,0.281868124675999,1.9170135031756041,-294.01524422397654,-63.827778208285785,1.9376249999976727,8.364600000004787,-7.597507091882362,-11.926168107322834,-9.178259834747507,93.96341356861822
13439210.0,-0.4637,0.3345,9.6433,0.0064,0.0016,9.8066,0.0057,-0.0306,-0.0333,189.89,-84.71,172.39,52.202488,-2.202045,4.79,2,348.66,21 / 23,6.699335706919859,11.786838890393831,-1.692573145761791,-284.1007594876025,-156.496875741625,20.328531051567083,False,73.79999999999927,0.32495392749973817,1.944140930422283,-293.9740832183198,-63.636856519067024,1.971111111109868,9.488999999959146,-6.374381779420121,-9.842697959971549,-9.873323730717289,92.86001922255797
13439309.0,0.8824,-0.4204,10.3398,0.003,-0.0113,9.8066,0.0339,-0.0929,0.0269,189.83,-84.76,172.3,52.202488,-2.202045,4.79,2,348.66,23 / 24,6.710294267814898,11.816808155785031,-1.6742680457617614,-283.43698280385206,-155.32849521283725,20.161872412586398,False,73.89899999999943,0.40068786636348097,2.0057195113470576,-293.93360368623667,-63.43870715984044,2.0453611111095826,11.2967399999628,-6.309606401451417,-9.811088644437973,-10.496620882384605,91.8897880529968
13439410.0,-0.8015,-0.2917,9.8168,0.0125,-0.009,9.8066,0.0146,-0.0523,-0.0626,190.65,-84.91,173.17,52.202488,-2.202045,4.79,2,348.66,23 / 24,6.74395678585478,11.874834283515021,-1.646831395761607,-282.75754312563794,-154.1320672696459,19.994156890788524,False,74.0,0.4494393768830244,2.005250419899469,-293.87867691374686,-63.23655478325452,2.0549999999999997,12.633,-6.294517408971756,-9.869583863615553,-11.12113378810892,90.89551248639137
13439510.0,0.7321,-0.7834,9.4688,0.0188,-0.0233,9.8066,0.0158,-0.1558,-0.0169,193.4,-85.0,172.82,52.202488,-2.202045,4.79,2,348.66,23 / 24,6.791309282888125,11.949642699314207,-1.6632163957616666,-282.08077982219834,-152.9408434205001,19.82865450121176,False,74.10000000000036,0.5095212526216955,2.1259044859196154,-293.82415902547336,-63.025284422215044,2.186111111111783,13.478000000028958,-6.28178803026643,-9.823738213394591,-11.743379203275026,89.91555899828506
13439610.0,0.5336,-0.7736,9.9538,0.0065,-0.0158,9.8066,0.0029,-0.1339,0.0324,196.58,-85.22,174.99,52.202488,-2.202045,4.79,2,348.66,23 / 24,6.783104126498672,12.060533120552458,-1.6727513957617013,-281.4020591517265,-151.7403346295024,19.661856111634982,False,74.20000000000073,0.5779921161705485,2.146602226014012,-293.76282640111816,-62.81401406188289,2.223055555554939,15.070000000036998,-6.205112010328123,-9.913930894538446,-12.360767249391643,88.92632056761951
13439710.0,1.1016,-0.9345,9.7334,-0.011,-0.0228,9.8066,-0.014,-0.2144,0.0352,197.35,-85.54,175.77,52.202488,-2.202045,4.79,2,348.66,23 / 24,6.763458479619603,12.184723740298331,-1.669056395761755,-280.72473102143044,-150.5280717864775,19.494765722061242,False,74.29999999999927,0.6113060034696592,2.1197243228053306,-293.6946790407421,-62.602743701569956,2.2061111111117273,16.086999999963002,-6.1521524761499435,-10.064999417493,-12.96994801931163,87.92532808490756
13439810.0,0.4403,-1.2126,9.8066,-0.0065,-0.0165,9.8066,-0.0167,-0.1924,-0.0054,200.4,-85.73,175.58,52.202488,-2.202045,4.79,2,348.66,23 / 24,6.759431741098467,12.327597079535163,-1.6727213957617684,-280.04858651039206,-149.30245574548138,19.327676832484457,False,74.39999999999964,0.7297665942507592,2.2180319469981873,-293.61290220827834,-62.38035384810519,2.3349999999976556,18.211999999961346,-6.029665146847708,-10.109565132536975,-13.564315697886286,86.9221018973762
13439910.0,1.0742,-0.664,9.9316,-0.0037,-0.019,9.8066,0.066,-0.2335,0.0317,200.07,-85.81,175.22,52.202488,-2.202045,4.79,2,348.66,23 / 24,6.75540412592604,12.458252756599695,-1.6664763957617457,-279.3728447170384,-148.06316325367013,19.160716942907673,False,74.5,0.7785793297745189,2.2364036624557277,-293.5311253758412,-62.15796399464002,2.368055555555556,19.195,-5.97682479615152,-10.221849094143966,-14.158280658802823,85.9051992590301
13440010.0,1.037,-1.0341,10.2116,0.0084,-0.02,9.8065,0.0333,-0.2893,0.0194,204.67,-85.95,176.88,52.202488,-2.202045,4.79,2,348.66,23 / 24,6.72590461263722,12.591724668517552,-1.6399813957616491,-278.6987792801078,-146.8106643824097,18.9953940533309,False,74.60000000000036,0.8697522317006567,2.2850724398722555,-293.43571907129495,-61.93557414117465,2.4450000000024907,20.838000000039365,-5.856152380936563,-10.306652228645296,-14.736939791187183,84.87509024123506
13440110.0,0.9977,-1.5528,9.9704,0.0039,-0.0227,9.8065,-0.0273,-0.3559,0.0231,204.38,-86.01,178.16,52.202488,-2.202045,4.79,2,348.66,23 / 24,6.722648891533896,12.765570485157467,-1.6115463957615457,-278.0263516048968,-145.54279962472134,18.83281766375415,False,74.70000000000073,1.008929028082206,2.3766571756420904,-293.33349803069314,-61.702064795283384,2.581944444452377,23.002000000095386,-5.71371986345169,-10.388913309515376,-15.307146425796361,83.84073482943796
13440209.0,1.784,-0.1216,9.7933,-0.0041,-0.0109,9.8065,0.0268,-0.3735,0.1079,211.48,-86.27,-179.08,52.202488,-2.202045,4.79,2,348.66,23 / 24,6.673225277413808,12.918840568563082,-1.6041015957615337,-277.3632558335328,-144.2714212775601,18.6736430881735,False,74.79900000000089,1.2088780280341171,2.523144406780844,-293.19856625717307,-61.45988224536809,2.7978194444401607,25.59777999994849,-5.46434724937969,-10.395696161782238,-15.835310423640294,82.81153903219202
13440309.0,2.1205,-0.8296,9.3586,0.0073,-0.0128,9.8066,-0.0114,-0.4021,0.1156,220.12,-86.29,-174.37,52.202488,-2.202045,4.79,2,348.66,23 / 24,6.583573552316483,13.077295790158916,-1.6271715957611979,-276.7004158920559,-142.97161445964292,18.512079428599712,False,74.89899999999943,1.4386940033314324,2.75370374877097,-293.04877835902386,-61.18222851385288,3.1068999999936846,27.583209999959685,-5.144879548985051,-10.323592041387945,-16.348362466967956,81.78938594579004
13440410.0,1.3776,-1.3729,10.0582,0.0144,-0.03,9.8066,0.0394,-0.4395,0.0526,226.91,-86.33,-170.04,52.202488,-2.202045,4.79,2,348.66,23 / 24,6.57035661689458,13.278064553524791,-1.6370948457612535,-276.036142418507,-141.6406687622794,18.3472339733019,False,75.0,1.6791152838320718,2.940462603127553,-292.8700959801392,-60.8903418305482,3.386111111111111,29.728,-4.891241333062508,-10.337601950397238,-16.8339535616322,80.7503269317312
13440510.0,1.3668,-1.0306,9.6372,0.0011,-0.016,9.8066,0.0094,-0.5481,0.1582,233.08,-86.29,-165.85,52.202488,-2.202045,4.79,2,348.66,23 / 24,6.611705227499278,13.45807424161532,-1.6329898457612386,-275.3770393262849,-140.30386182251755,18.18372973872518,False,75.10000000000036,2.073522243347035,3.167829359679862,-292.64520969085544,-60.578996036262616,3.786111111114583,33.207000000050805,-4.538182984152243,-10.290244881935457,-17.26817036457055,79.72486578625492
13440610.0,2.7098,-0.9769,9.7956,0.0188,-0.0305,9.8065,-0.0173,-0.5832,0.0431,241.85,-86.3,-159.02,52.202488,-2.202045,4.79,2,348.66,23 / 24,6.6283844756100665,13.678473377202135,-1.6420148457612713,-274.715034841127,-138.94703444157173,18.01997950414846,False,75.20000000000073,2.337589293638483,3.2174156412386132,-292.39987919343497,-60.25653074884503,3.976944444447466,36.0000000001027,-4.290795181971584,-10.461057735963522,-17.684844352307948,78.69050369272671
13440710.0,2.059,-0.9181,9.3782,0.0147,-0.0149,9.8065,-0.0071,-0.6042,0.0757,247.07,-86.26,-155.81,52.202488,-2.202045,4.79,2,348.66,23 / 24,6.645938951349654,13.921463208013007,-1.6639898457609514,-274.0513186697887,-137.56703761233106,17.854679269574753,False,75.29999999999927,2.5452814251419005,3.1630906510565975,-292.1341044879843,-59.95630444771997,4.059999999996978,38.8229999998973,-4.100657526207754,-10.75837255695641,-18.08278581819559,77.61073316461109
13440809.0,3.4711,-1.7755,10.1817,-0.0026,-0.0112,9.8066,0.0295,-0.7341,0.1601,255.81,-86.11,-151.05,52.202488,-2.202045,4.79,2,348.66,23 / 24,6.725250037684037,14.204822062980707,-1.6666331457609558,-273.3894448148305,-136.17478649141464,17.68981343149415,False,75.39899999999943,2.828259697403438,3.1390057521562276,-291.8440011748168,-59.64807211067822,4.225274999996599,42.017729999934254,-3.896990340280599,-11.065816310824479,-18.454556359986327,76.52671438073642
13440909.0,4.0598,-2.314,10.464,0.0371,-0.0145,9.8065,0.0013,-0.7827,0.0955,265.93,-85.7,-146.19,52.202488,-2.202045,4.79,2,348.66,23 / 24,6.90099582119411,14.583637871791089,-1.615013145760768,-272.7081325218841,-134.73536349467082,17.52573111691747,False,75.4989999999998,3.0294979612921145,3.1060663831471316,-291.530727759177,-59.34773461318674,4.338869444444198,44.284429999995076,-3.8714978599019956,-11.477571488643957,-18.822595237292887,75.38762888148409
13441010.0,3.6949,-3.2182,9.0951,0.0151,0.0237,9.8066,-0.0606,-0.8128,0.2412,270.06,-85.52,-145.53,52.202488,-2.202045,4.79,2,348.66,23 / 24,7.194363480543628,14.956917081121412,-1.6177502457607833,-271.99631687714236,-133.24356546954036,17.362476565644712,False,75.60000000000036,3.3746166489308926,3.011643078360404,-291.1800414426325,-59.05562554214133,4.523055555559648,48.25300000006012,-3.8197468316127354,-11.945274002761009,-19.183724565490138,74.18793992739903
13441110.0,1.8374,-1.8632,9.1872,-0.0184,-0.0011,9.8065,0.0151,-0.8648,0.2708,278.4,-85.31,-140.6,52.202488,-2.202045,4.79,2,348.66,23 / 24,7.486398939100889,15.190215084135971,-1.6843002457610252,-271.26227875615746,-131.736208861272,17.19737404106802,False,75.70000000000073,3.718857165483386,2.9519710265208885,-290.8052309605019,-58.777638225132634,4.748055555560285,51.558000000070905,-3.767541773617503,-12.238244057615082,-19.54295220434443,72.95857063613936
13441210.0,3.9315,-3.9319,9.3795,0.0233,-0.0209,9.8066,-0.0949,-0.9839,0.103,285.32,-85.14,-137.78,52.202488,-2.202045,4.79,2,348.66,23 / 24,7.854879045439669,15.373444805266729,-1.7366302457602636,-270.4952148569416,-130.2080258668241,17.026327516494444,False,75.79999999999927,3.9216128902326224,2.9010995057392703,-290.40997627032567,-58.48853141501761,4.878055555550826,53.50699999992909,-3.933266155207047,-12.472345299527458,-19.9147614133841,71.7194944518065
13441310.0,1.673,-2.4506,10.0501,-0.0158,-0.0149,9.8066,-0.0245,-0.8339,0.1402,294.83,-84.95,-133.17,52.202488,-2.202045,4.79,2,348.66,24 / 24,8.259333266435032,15.501192653178114,-1.745815245760297,-269.68950424134493,-128.66429399389625,16.852205241917783,False,75.89999999999964,4.229924520236472,2.8367152562491658,-289.98064789989655,-58.21054409871624,5.093055555551645,56.15299999995187,-4.02940874619856,-12.664477396928948,-20.29114365855162,70.45374989518001
13441410.0,2.4656,-4.069,9.6391,-0.0099,0.0114,9.8066,-0.1329,-0.9441,0.13,298.83,-84.86,-131.65,52.202488,-2.202045,4.79,2,348.66,24 / 24,8.655800109034457,15.499372923986078,-1.7420202457602831,-268.84374757256836,-127.1142657150324,16.67781346734112,False,76.0,4.5368836366150775,2.7857637676315834,-289.51724584930275,-57.94367627484076,5.323888888888889,58.449,-4.11891647241938,-12.713609156354494,-20.673498276734392,69.17058944019163
13441509.0,1.6338,1.0797,9.2715,0.0316,0.0114,9.8065,-0.082,-0.497,-0.1704,301.45,-84.84,-131.42,52.202488,-2.202045,4.79,2,348.66,24 / 24,8.897952744408348,15.569565292951305,-1.7768038957603394,-267.97483680632155,-125.57635327329152,16.50363167233557,False,76.09900000000016,4.65758073075076,2.760295041133692,-289.0517312304944,-57.66846883170336,5.414088888890348,59.34693000001452,-4.240372013657589,-12.809270251817612,-21.07689442417285,67.90788444158815
13441610.0,2.2755,-4.1245,9.546,0.0042,0.0695,9.8063,-0.0866,-0.8031,0.1198,302.12,-84.94,-137.13,52.202488,-2.202045,4.79,2,348.66,24 / 24,9.141374243580284,15.617467626610427,-1.8169917957605652,-267.063850793423,-124.0014081108448,16.322144989912744,False,76.20000000000073,4.893252604312759,2.7516953696292465,-288.55636806789397,-57.39882113395821,5.61388888889471,60.64900000010223,-4.2481216392675245,-12.865772256981181,-21.49251727447097,66.6025869768866
13441710.0,3.6569,-0.8168,10.9988,0.03,0.0183,9.8066,-0.2214,-0.4488,-0.058,300.56,-84.99,-141.01,52.202488,-2.202045,4.79,2,348.66,24 / 24,9.514238335413808,15.703798067898846,-1.7704167957612431,-266.13107016448686,-122.43534482614213,16.142774560339262,False,76.29999999999927,5.165406684728037,2.579993543118167,-288.03163339296526,-57.15419229566389,5.773888888883068,63.45899999989778,-4.348831650685771,-13.12380452478068,-21.900563228478404,65.28115253047824
13441810.0,0.9446,-3.7305,10.7039,-0.0105,0.0381,9.8065,-0.1928,-0.706,0.302,303.5,-85.19,-140.88,52.202488,-2.202045,4.79,2,348.66,24 / 24,9.833108803891857,15.739747484529335,-1.665946795760863,-265.16370280751806,-120.863167548515,15.970956380762532,False,76.39999999999964,5.3420713787342295,2.571769204509832,-287.49326924593447,-56.90956345664001,5.92888888888607,64.29299999998483,-4.491037425157628,-13.167978280019504,-22.329566438416407,63.953604091874986
13441910.0,1.5779,-1.1617,11.1093,0.0471,0.0027,9.8065,-0.0892,-0.441,0.0597,308.17,-85.04,-136.57,52.202488,-2.202045,4.79,2,348.66,24 / 24,10.115778511267642,15.664638681472017,-1.5559517957604627,-264.16625844175644,-119.29294824020921,15.80986145118588,False,76.5,5.530435154025365,2.5947659747866596,-286.94127562682155,-56.65381512660528,6.108888888888889,64.865,-4.5853433572422775,-13.069872706685357,-22.77501718506511,62.63913311360393
13442010.0,0.7494,-3.1191,9.2419,0.026,0.0248,9.8065,-0.0878,-0.3682,0.1295,308.9,-84.82,-137.99,52.202488,-2.202045,4.79,2,348.66,24 / 24,10.359962314901935,15.58402061001696,-1.5190567957603285,-263.14247140044426,-117.73051527562907,15.65611102160928,False,76.60000000000036,5.795333928150325,2.4932275615344244,-286.3552083275441,-56.4091862875816,6.308888888890455,66.72200000001995,-4.56462838675161,-13.090793048482535,-23.212736927099854,61.321328988047476
13442110.0,1.9505,-1.5775,9.676,0.0347,0.0477,9.8064,-0.0789,-0.3984,0.018,309.9,-84.76,-139.26,52.202488,-2.202045,4.79,2,348.66,24 / 24,10.632217576412575,15.501428230027363,-1.553826795760455,-262.0928624058747,-116.1762428336212,15.502466842032682,False,76.70000000000073,5.921743337014284,2.4143282400315615,-285.75551155613033,-56.17567694169113,6.395000000006841,67.81900000003841,-4.710474239398291,-13.087099989995801,-23.662649150255618,60.00056589193007
13442209.0,0.8804,-2.6616,9.0459,0.016,0.0437,9.8065,-0.0996,-0.4798,0.1045,302.65,-84.97,-146.19,52.202488,-2.202045,4.79,2,348.66,24 / 24,10.894775078747244,15.453721932445358,-1.5979510957605263,-261.02727626944255,-114.64396290057633,15.34645383640214,False,76.79900000000089,6.138461241370267,2.3729762742215357,-285.1483185751691,-55.95551098677708,6.581174999996306,68.86443999997925,-4.756313837376977,-13.080745658223822,-24.121042305726576,58.68845191379925
13442309.0,2.3217,1.5073,11.1846,0.0307,0.0273,9.8065,-0.1061,-0.2136,-0.0166,301.27,-85.06,-149.99,52.202488,-2.202045,4.79,2,348.66,24 / 24,11.035591422969603,15.520163869176756,-1.5670910957609754,-259.93075794437266,-113.09526861051776,15.18820172682837,False,76.89899999999943,6.324564448067846,2.2703314182459025,-284.5080059770187,-55.73312113331612,6.719730555552743,70.25307999997163,-4.711026974901757,-13.249832450930853,-24.577248032646025,57.362147477201646
13442410.0,1.6424,-1.7899,8.4,0.0533,0.0676,9.8063,-0.1699,-0.3375,0.2867,299.52,-85.15,-151.75,52.202488,-2.202045,4.79,2,348.66,24 / 24,11.161202476011422,15.650256203561792,-1.5685404457609835,-258.8098198524678,-111.52116239683562,15.029852333980621,False,77.0,6.449452101399748,2.25136549766937,-283.8610149375366,-55.50850738131585,6.8311111111111105,70.757,-4.711750374611674,-13.398890705892422,-25.051195085068798,56.01265501551977
13442510.0,2.4994,2.1955,10.5548,-0.0168,0.0431,9.8065,0.1007,-0.1177,0.0917,304.69,-85.08,-149.16,52.202488,-2.202045,4.79,2,348.66,24 / 24,11.269479528692425,15.80569783494367,-1.6014654457611033,-257.6882857522285,-109.94836469490463,14.87135203940394,False,77.10000000000036,6.577964659078673,2.2087462408088347,-283.1999855418224,-55.2972370209835,6.938888888891022,71.43900000001157,-4.691514869613752,-13.596951594134836,-25.511699789593877,54.651127673921124
13442609.0,2.5509,-0.8669,10.2578,0.0189,0.0444,9.8065,-0.0553,-0.4579,0.0928,299.14,-85.3,-152.28,52.202488,-2.202045,4.79,2,348.66,24 / 24,11.358604558926737,16.021923868804627,-1.5421000957610072,-256.56819558988957,-108.37289742056653,14.715745545098343,False,77.19900000000052,6.712289995161325,2.1719267561462625,-282.5388198513729,-55.07707106605343,7.054938888892897,72.06963000002179,-4.646314563765412,-13.849997112658365,-25.97062426148335,53.2958263545131
13442710.0,1.9082,4.106,10.0908,-0.017,0.0086,9.8065,0.0705,0.2931,-0.2558,297.24,-85.42,-154.24,52.202488,-2.202045,4.79,2,348.66,24 / 24,11.33103710193425,16.256863962964882,-1.5049674457614672,-255.4223686860303,-106.74281863508237,14.561868634253365,False,77.29999999999927,6.848257726504032,2.1738424761951776,-281.84385307023797,-54.8635768072058,7.184999999995311,72.38899999998861,-4.482779375430217,-14.083021486769704,-26.421484384207673,51.87924182787657
13442810.0,-0.3023,-1.1903,9.1819,0.0284,0.0654,9.8064,-0.0719,-0.2006,-0.0482,290.99,-85.6,-160.34,52.202488,-2.202045,4.79,2,348.66,24 / 24,11.256471607300458,16.364716564107827,-1.521997445761529,-254.29299325056445,-105.1117396087228,14.410520389676664,False,77.39999999999964,6.948526379748412,2.0296535407809735,-281.1487499942788,-54.66342593859161,7.2388888888879075,73.71699999997584,-4.307945227552047,-14.335063023326853,-26.855756743714323,50.44831367013119
13442910.0,0.6431,-3.1855,10.596,0.002,-0.0437,9.8064,-0.0183,0.4907,-0.367,289.74,-85.64,-161.77,52.202488,-2.202045,4.79,2,348.66,24 / 24,11.483858443012469,16.271192387063607,-1.5137674457614991,-253.15597674804468,-103.47994416115829,14.25873214509996,False,77.5,7.116688247138931,2.078099335889587,-280.44001744634613,-54.452155578259664,7.413888888888889,73.722,-4.3671701958735385,-14.19309305117402,-27.284040698301453,49.02778858289862
13443010.0,0.8157,-2.3944,8.7692,0.0264,0.039,9.8064,-0.0119,0.1158,-0.0102,287.58,-85.69,-166.4,52.202488,-2.202045,4.79,2,348.66,24 / 24,11.788560018354653,16.21632815107446,-1.5261724457615442,-251.9923558249721,-101.85556813424547,14.106735150523255,False,77.60000000000036,7.3799235407121975,1.902120685223477,-279.697211218168,-54.28536318904434,7.6211111111118885,75.54699999999846,-4.408636477642456,-14.314207465850984,-27.704855393195885,47.570204945201134
13443110.0,2.0855,-1.8828,9.5544,-0.0351,-0.0212,9.8065,0.154,0.2892,-0.139,282.71,-85.7,-168.7,52.202488,-2.202045,4.79,2,348.66,24 / 24,12.049302207751353,16.26716110007928,-1.5906574457617788,-250.80046271366245,-100.23139367168187,13.95089365594652,False,77.70000000000073,7.418535235324871,1.9236756128672616,-278.9612197260162,-54.08521232043136,7.663888888893002,75.46300000003832,-4.630766972426482,-14.34348548721202,-28.16075701235377,46.14618135125051
13443210.0,2.9884,3.1098,10.6398,-0.0176,-0.0428,9.8064,0.1097,0.228,-0.3343,284.91,-85.82,-166.55,52.202488,-2.202045,4.79,2,348.66,24 / 24,12.07256401847996,16.500111130052733,-1.5616124457622016,-249.59436940236844,-98.59303006019911,13.793280161372616,False,77.79999999999927,7.56257353641952,1.8133798273273445,-278.1979692897438,-53.9073004380998,7.776944444440331,76.51599999996169,-4.509990482060441,-14.68673130272539,-28.603599887375367,44.68572962209931
13443310.0,0.7227,-0.2259,10.2034,-0.0365,-0.0421,9.8064,0.0792,0.2046,-0.3055,279.25,-85.78,-172.04,52.202488,-2.202045,4.79,2,348.66,22 / 23,11.9989554779305,16.68656362903011,-1.500117445761978,-248.39079342754354,-96.93369632223893,13.64019366679585,False,77.89999999999964,7.734515227949318,1.69884532054767,-277.42108938137494,-53.751627539895324,7.918888888886308,77.61199999998006,-4.264440249981181,-14.98771830848244,-29.0302959538314,43.182068782343606
13443410.0,1.2616,2.1878,10.2882,-0.0208,0.0004,9.8066,0.0127,0.3023,-0.1693,278.72,-86.08,-172.99,52.202488,-2.202045,4.79,2,348.66,22 / 23,11.940306903688398,16.768710467546097,-1.4562024457618181,-247.19383030845825,-95.26093261740404,13.492377672219122,False,78.0,7.789111748712799,1.7666408024004763,-276.6442094730055,-53.57371565754798,7.986944444444444,77.221,-4.151195154975599,-15.002069665145621,-29.450379164547257,41.68721695985606
13443510.0,-0.8981,-2.9372,10.2391,-0.0056,-0.0479,9.8065,0.0748,0.3263,-0.185,277.99,-86.2,-171.55,52.202488,-2.202045,4.79,2,348.66,22 / 23,12.004229560815734,16.752379688508686,-1.4105024457616517,-245.9966034852287,-93.5848781095952,13.349042427642427,False,78.10000000000036,7.885742111100911,1.828687058310315,-275.86051482860836,-53.38468428206782,8.095000000001399,76.94400000002581,-4.118487449714823,-14.92369263019837,-29.86391134337967,40.20019382752737
13443610.0,0.1499,-2.1288,8.8084,0.044,-0.0602,9.8063,-0.0834,0.2772,-0.1848,281.18,-85.91,-170.49,52.202488,-2.202045,4.79,2,348.66,22 / 23,12.271921901745605,16.64334714023971,-1.4387924457617545,-244.78279591209622,-91.9150917681517,13.206577683065738,False,78.20000000000073,8.003971719111663,1.6483666833648658,-275.0563759760749,-53.2290113852784,8.171944444449355,78.36299999998752,-4.2679501826339425,-14.994980456874845,-30.27358006397867,38.6860803828733
13443710.0,-0.2622,-4.1919,10.6198,0.0041,-0.0802,9.8063,0.1518,0.3582,-0.2405,286.77,-85.65,-164.68,52.202488,-2.202045,4.79,2,348.66,22 / 23,12.594875015298472,16.52455494764719,-1.4480474457616197,-243.53945606626212,-90.25669666378148,13.06223568849167,False,78.29999999999927,8.126020158139726,1.7242744539404251,-274.24542238758806,-53.062218995371516,8.306944444439534,78.02000000001247,-4.468854857158746,-14.800280493706765,-30.705966321325946,37.19447766840997
13443810.0,0.0926,2.6166,9.834,0.0231,-0.0277,9.8066,-0.0829,0.0911,-0.2154,286.56,-85.52,-166.99,52.202488,-2.202045,4.79,2,348.66,22 / 23,12.686346630044989,16.45982379246905,-1.4060224457614667,-242.27539498399034,-88.60747772676967,12.919532193914996,False,78.39999999999964,8.25112234244999,1.632718657132099,-273.41402459091887,-52.89542660544947,8.411111111109216,78.80699999998569,-4.435224287594998,-14.82710513533695,-31.138629606928532,35.7120511213202
13443910.0,1.6323,0.6107,11.3584,-0.0085,-0.0484,9.8065,0.0788,0.0336,-0.251,282.26,-85.73,-169.12,52.202488,-2.202045,4.79,2,348.66,22 / 23,12.56969894123599,16.55514030443195,-1.3270674457611795,-241.0125927054217,-86.95672952191862,12.782877699338368,False,78.5,8.33653252210115,1.7879586647800885,-272.58262679422194,-52.71751472239461,8.526111111111112,77.895,-4.2331664191348395,-14.767181639651863,-31.57003408880024,34.23921479952401
13444010.0,-1.7956,-2.881,8.8278,0.0367,0.0429,9.8065,-0.1764,-0.2038,0.1261,281.5,-85.73,-169.75,52.202488,-2.202045,4.79,2,348.66,22 / 23,12.7018302352921,16.492923738318755,-1.2984224457610754,-239.74901624659068,-85.30432631977507,12.651603204761777,False,78.60000000000036,8.281444705075018,1.6890939845843465,-271.75804373355226,-52.55072233247256,8.451944444444374,78.47200000000701,-4.420385530217082,-14.803829753734409,-32.00902748696157,32.75360398730251
13444109.0,1.5115,3.1914,10.6771,0.0209,-0.0087,9.8066,0.0314,-0.1587,-0.1662,282.69,-85.86,-168.95,52.202488,-2.202045,4.79,2,348.66,22 / 23,12.707224702639309,16.45357055604864,-1.303788245761084,-238.49126802716106,-83.67347485220125,12.522793775531222,False,78.69900000000052,8.288746716725157,1.6330785422420317,-270.93495991485077,-52.385597867150324,8.448094444444312,78.8541400000132,-4.418477985914151,-14.820492013806607,-32.44369188768971,31.28787698505093
13444210.0,0.2151,-3.119,9.9796,0.0521,0.0932,9.806,-0.0481,-0.2839,0.4737,278.33,-85.56,-172.6,52.202488,-2.202045,4.79,2,348.66,22 / 23,12.746524367192686,16.519842162787395,-1.251096545761737,-237.20585369915048,-82.00831750992066,12.393772093560917,False,78.79999999999927,8.358322397132971,1.800262954548894,-270.09524814026105,-52.206018060218554,8.549999999996292,77.84500000003685,-4.388201970059715,-14.719579208238502,-32.88939444111057,29.802299449702105
13444310.0,-0.6593,-1.7108,9.4332,-0.031,-0.0603,9.8064,-0.0268,0.2067,-0.246,287.15,-85.7,-166.84,52.202488,-2.202045,4.79,2,348.66,23 / 23,12.995242973331603,16.419186972516158,-1.2611215457617733,-235.9187653321196,-80.3613660531495,12.268161188984285,False,78.89999999999964,8.424687145853774,1.7123376639364967,-269.25022087153684,-52.0392256702961,8.59694444444359,78.5109999999879,-4.570555827477829,-14.706849308579661,-33.33145553941725,28.322140382853398
13444409.0,1.2901,-0.8701,11.1335,-0.0036,-0.0285,9.8065,0.0058,0.2454,-0.216,281.48,-85.78,-169.84,52.202488,-2.202045,4.79,2,348.66,23 / 23,13.141244642558636,16.384769559781876,-1.213928245761697,-234.62500919513093,-78.73757020479812,12.145646224303675,False,78.9989999999998,8.436195204014368,1.7881193034604848,-268.42039046414135,-51.85208460927118,8.623619444444385,78.03283000000106,-4.705049438544268,-14.596650256321391,-33.79538126901042,26.885485595526937
13444510.0,0.6347,0.5027,10.3672,0.0274,0.0078,9.8065,-0.0724,-0.0438,-0.0064,284.22,-85.88,-170.13,52.202488,-2.202045,4.79,2,348.66,23 / 23,13.20157957213891,16.444749625695614,-1.1186145457611611,-233.29469657228123,-77.07967948592218,12.027852813331108,False,79.10000000000036,8.230236674932499,2.338854766828102,-267.60786948627793,-51.594445963368386,8.556111111114163,74.13600000010108,-4.97134289720641,-14.105894858867511,-34.31317291399671,25.4852335225538
13444610.0,0.1262,1.625,11.5531,0.0062,-0.0044,9.8066,0.1653,0.0638,-0.1215,280.57,-85.97,-171.19,52.202488,-2.202045,4.79,2,348.66,23 / 23,13.127380124141363,16.470860611159434,-1.0032645457607414,-231.97824858746242,-75.43389897407344,11.921758858754627,False,79.20000000000073,8.583085870470377,1.5610490978429126,-266.73558327336247,-51.46101205142994,8.723888888892638,79.69200000000134,-4.544294253670985,-14.909811513316521,-34.75733468590005,23.972886922643504
13444710.0,1.7799,1.1623,9.9304,0.0213,0.018,9.8065,0.128,0.0763,0.0123,278.15,-85.66,-172.98,52.202488,-2.202045,4.79,2,348.66,23 / 23,13.026505919559908,16.557521855068035,-0.909754545762102,-230.6705542852964,-73.7824798507861,11.826107904179876,False,79.29999999999927,8.685496294970157,1.5738812964458717,-265.86329706052624,-51.30533915465507,8.826944444440695,79.72899999999865,-4.34100962458975,-14.983640558622163,-35.192742775229846,22.47714069613103
13444810.0,-1.1959,1.2514,6.2922,-0.0813,0.0104,9.8062,0.2723,-0.3924,0.1908,280.74,-85.68,-173.25,52.202488,-2.202045,4.79,2,348.66,23 / 23,12.931682206963671,16.575955735030494,-1.0792895457627187,-229.3726448789655,-72.12580597127516,11.726655699603274,False,79.39999999999964,8.588731617572904,1.5918273151735813,-265.0046403196921,-51.14966625786605,8.735000000001673,79.50000000000416,-4.342950589390767,-14.984128419856912,-35.6319954407266,20.976139713409104
13444910.0,-0.2892,4.6151,11.172,-0.1108,-0.0314,9.8059,0.3291,0.2652,-0.0929,281.01,-85.52,-170.21,52.202488,-2.202045,4.79,2,348.66,23 / 23,12.651730395774171,16.527365626319323,-1.1867445457631096,-228.09347424882395,-70.47063990320164,11.61335399502657,False,79.5,8.761397254770815,1.5358851337565655,-264.12553937072244,-50.99399335966237,8.895,80.057,-3.8903331410033566,-14.991480492562758,-36.03206512189848,19.476646543539275
13445010.0,1.4035,-2.894,10.0969,0.0167,0.0307,9.8065,-0.0948,0.0707,0.035,280.51,-85.5,-170.82,52.202488,-2.202045,4.79,2,348.66,23 / 23,12.59953108266976,16.56851067247643,-1.1039645457628084,-226.83091117489715,-68.81584608825584,11.498818540449857,False,79.60000000000036,8.73137206351619,1.5730671040261444,-263.25325315780685,-50.83832046287355,8.871944444445102,79.78700000001065,-3.8681590191535697,-14.995443568450288,-36.4223419829097,17.97752562538229
13445110.0,1.1028,2.8113,8.9666,0.0035,-0.0774,9.8063,0.0786,0.1028,-0.4289,280.8,-85.33,-172.52,52.202488,-2.202045,4.79,2,348.66,23 / 23,12.648915560978018,16.660322642776404,-1.1314545457629084,-225.56848884271017,-67.15440442248715,11.387047585873164,False,79.70000000000073,8.782606435008354,1.4897241317162861,-262.37415220891836,-50.69376705780208,8.908055555555809,80.37299999996698,-3.8663091259696643,-15.170598511060117,-36.805663366208194,16.46063736468507
13445210.0,-1.1519,-1.3071,8.8508,0.0231,-0.0191,9.8066,-0.0796,-0.0407,0.0233,276.39,-85.09,-176.73,52.202488,-2.202045,4.79,2,348.66,23 / 23,12.602859710160791,16.645855820046332,-1.2212495457616017,-224.3059000791716,-65.48909549937025,11.26941238129865,False,79.79999999999927,8.764723435688914,1.6299840784131256,-261.501865996055,-50.5269746678952,8.914999999999749,79.46500000003303,-3.8381362744718768,-15.015871741633207,-37.19596591688341,14.962120831475048
13445311.0,0.7812,3.311,10.353,-0.0271,-0.0041,9.8066,0.045,0.3503,-0.0167,276.8,-85.08,-173.63,52.202488,-2.202045,4.79,2,348.66,24 / 24,12.525082872150847,16.609720305477058,-1.2419292957617178,-223.03693897875775,-63.809688905021886,11.145021849801024,False,79.90099999999984,8.753817894083866,1.5865958893684187,-260.6140421849543,-50.36974504142317,8.896438888888365,79.72689000000338,-3.7712649780669807,-15.02312441610864,-37.57710320619657,13.439943863598714
13445410.0,-0.3565,-0.1606,10.4057,0.0074,0.0007,9.8066,-0.0502,-0.2168,0.134,281.89,-85.15,-171.2,52.202488,-2.202045,4.79,2,348.66,24 / 24,12.393577767344903,16.618173597234197,-1.1852319957616262,-221.8034652771007,-62.16490815683502,11.024877365870424,False,80.0,8.779884573468712,1.6244025568465492,-259.7504788341696,-50.215628872902094,8.928888888888888,79.518,-3.613693193876191,-14.993771040387648,-37.947013557068885,11.949279283932924
13445510.0,0.4268,2.0883,9.098,0.0053,-0.0648,9.8064,0.0522,0.2409,-0.2408,280.98,-85.17,-169.44,52.202488,-2.202045,4.79,2,348.66,24 / 24,12.320949951920806,16.608323061298847,-1.190711995761646,-220.56773889113293,-60.50358332390232,10.906080166293828,False,80.10000000000036,8.888886905676005,1.5838321078943443,-258.85774841317203,-50.05995597611287,9.028888888888565,79.8969999999952,-3.432063046244801,-15.024490953404502,-38.2900095220391,10.443627347789452
13445610.0,0.1846,-1.3707,9.3361,-0.0252,-0.0031,9.8066,0.0551,-0.205,0.0876,280.1,-85.19,-170.53,52.202488,-2.202045,4.79,2,348.66,24 / 24,12.313719377137375,16.614979333058272,-1.2496719957618605,-219.33600542467553,-58.84241820417842,10.784060966717208,False,80.20000000000073,8.864035538851951,1.621418336750394,-257.9718327281749,-49.89316358619122,9.011111111110596,79.63399999999636,-3.4496838382854236,-14.993560996307878,-38.635827303499354,8.9492546179872
13445710.0,-1.1429,-2.7784,10.508,-0.0246,-0.0093,9.8066,0.1348,-0.1074,0.0926,281.03,-85.16,-169.58,52.202488,-2.202045,4.79,2,348.66,24 / 24,12.530334689004208,16.498121226629767,-1.2381319957620285,-218.09380272138654,-57.186763176218115,10.659670767142824,False,80.29999999999927,8.847261156677334,1.6343131162593947,-257.0927317793119,-49.73749068870903,8.99694444444496,79.53400000000363,-3.6830735323268744,-14.863808110370371,-38.99892905792538,7.449272487509084
13445811.0,-1.1635,-3.2651,8.3522,0.0246,0.0566,9.8064,-0.1635,-0.4014,0.2777,282.72,-84.89,-167.31,52.202488,-2.202045,4.79,2,348.66,24 / 24,12.826507818201327,16.288935188117826,-1.2761635457622422,-216.81328217476548,-55.531016827264054,10.532698842295135,False,80.40099999999984,8.954104513724864,1.5223963936394063,-256.18419117066077,-49.591269359738824,9.082605555554498,80.35075000000681,-3.872403304476462,-14.76653879447842,-39.37090899589529,5.93974746752523
13445910.0,-0.6744,-2.6567,10.5095,-0.01,0.0106,9.8065,0.0534,-0.2634,0.2096,280.51,-84.83,-169.61,52.202488,-2.202045,4.79,2,348.66,24 / 24,13.11600163780159,16.10902102740363,-1.3133677457623023,-215.52912795669127,-53.927317994593146,10.404517043364462,False,80.5,9.007128541381789,1.599548650887627,-255.29364146515405,-49.42614489371633,9.148055555555555,79.93,-4.108873096419801,-14.509472376516005,-39.764513508462784,4.501173100876819
13446010.0,2.4336,4.1675,10.8581,0.0582,0.0614,9.8062,-0.1887,-0.3963,0.3544,277.77,-84.41,-171.66,52.202488,-2.202045,4.79,2,348.66,24 / 24,13.07331406876128,16.169679895439454,-1.2256527457619832,-214.21966217135835,-52.31338294844512,10.277566018787786,False,80.60000000000036,8.940176370576518,1.6710091151760607,-254.40772578015628,-49.248233011369194,9.095000000000908,79.41300000001515,-4.133137698184761,-14.498670780263394,-40.18806360879793,3.0651499370759225
13446110.0,-0.9069,-1.0099,10.6926,-0.0181,0.0264,9.8065,-0.1078,-0.3312,0.1741,287.17,-84.59,-168.2,52.202488,-2.202045,4.79,2,348.66,24 / 24,12.939143082697115,16.22831435167041,-1.1287827457616308,-212.9190393137807,-50.69348323608373,10.159844244211177,False,80.70000000000073,9.01280201837846,1.5493304287534002,-253.5013658870774,-49.10367960700586,9.14499999999716,80.24600000000493,-3.9263410643186543,-14.67898392291701,-40.58232657329671,1.5898036290778705
13446209.0,0.6565,1.1237,10.5298,0.0285,0.019,9.8066,-0.2122,-0.1948,0.0229,289.65,-84.88,-165.96,52.202488,-2.202045,4.79,2,348.66,24 / 24,12.949646698032414,16.1863387483104,-1.049132295761502,-211.63754421963253,-49.088957907632086,10.052037449655607,False,80.79900000000089,8.940202699772874,1.5153903145349337,-252.62430935899553,-48.96057173599661,9.067725000001532,80.37964999999735,-4.00944399825954,-14.670948433775468,-40.986765139363,0.1283861716354764
13446310.0,-2.8242,-1.9816,8.2637,0.0205,0.0488,9.8065,-0.176,-0.2474,0.2467,286.85,-85.03,-168.86,52.20269,-2.201431,10.34,3,79.61,23 / 24,12.97968313182255,16.036874018073064,-1.0905321957609888,-210.3281130632411,-47.46168566294988,9.94398439283506,False,80.89999999999964,9.002865529656331,1.548107636730474,-251.71590504510888,-48.80345330515973,9.134999999998762,80.24300000000251,-3.9768176021662196,-14.48876638134259,-41.38779198186779,-1.3417676422098452
13446410.0,1.511,1.4637,10.9881,0.0927,0.0155,9.8062,-0.0726,-0.0891,0.0474,286.46,-85.01,-166.62,52.20269,-2.201431,10.34,3,79.61,23 / 24,13.003460954671457,15.93276923550828,-1.1086071957610546,-209.02895585891167,-45.863203500265,9.834027423258558,False,81.0,9.086416347200455,1.5752134146673837,-250.8095451520023,-48.6477804083707,9.221944444444444,80.165,-3.917044607471002,-14.357555820840897,-41.78058929309063,-2.7845769081056986
13446510.0,-2.2508,-4.4302,7.5229,0.1066,0.0472,9.8059,-0.2097,-0.4126,0.3247,282.36,-84.3,-169.53,52.20269,-2.201431,10.34,3,79.61,23 / 24,13.166913452734327,15.835962830480655,-1.1637221957612551,-207.72043713853662,-44.274766896959775,9.720410953682029,False,81.10000000000036,9.11374909703456,1.3547419876515974,-249.89637052284115,-48.51434649572554,9.213888888889672,81.54499999999203,-4.053164355699767,-14.481220842829059,-42.17593338430453,-4.239579598765765
13446610.0,-1.4698,3.0499,8.4531,-0.0565,0.036,9.8064,0.0613,-0.2847,0.1967,283.62,-84.65,-168.69,52.20269,-2.201431,10.34,3,79.61,23 / 24,13.214447711691998,15.610937966560428,-1.3455871957619168,-206.4013690803105,-42.702421857102,9.594945484105414,False,81.20000000000073,9.145664492086247,1.4310281079257683,-248.9831958937073,-48.36979309065569,9.256944444441787,81.10700000003514,-4.06878321960575,-14.179909858634659,-42.58182681339679,-5.667371233553688
13446710.0,-4.0174,-2.3482,10.1768,-0.0213,0.0493,9.8064,-0.0008,-0.3368,0.1925,283.01,-84.76,-167.07,52.20269,-2.201431,10.34,3,79.61,23 / 24,13.138689983903191,15.320995590744332,-1.3947571957612013,-205.0837121955499,-41.155825179259274,9.457928264531253,False,81.29999999999927,9.096133010472906,1.2665620313627757,-248.07683600068302,-48.2474786718622,9.183888888891545,82.07299999996485,-4.042556973430285,-14.054433559381556,-42.99312380513311,-7.091653492602923
13446810.0,0.2485,3.4565,14.8668,0.0958,-0.0211,9.8061,0.1757,0.8472,-0.6775,283.74,-84.72,-168.67,52.20269,-2.201431,10.34,3,79.61,23 / 24,13.063482285877633,15.119663730682342,-1.1232421957602134,-203.7736035820561,-39.6337922131824,9.332028294954725,False,81.39999999999964,8.99017773281666,1.5267085184438287,-247.1772908436035,-48.10292526679235,9.118888888890073,80.36200000003112,-4.073304553060973,-13.592955212238513,-43.40368726154739,-8.469133053609944
13446910.0,0.9332,10.5184,13.6002,0.094,0.0157,9.8062,0.0558,0.387,-0.2785,277.62,-83.99,-173.67,52.20269,-2.201431,10.34,3,79.61,23 / 24,12.405475194314189,15.25750908223155,-0.680557195758603,-202.50015570804186,-38.114933572531186,9.241838325378456,False,81.5,9.073568826660665,1.3128562059894064,-246.26411621446965,-47.98061084798733,9.168055555555556,81.767,-3.3319063676535237,-13.944652876242143,-43.76396050642779,-9.865677275456143
13447010.0,-4.8582,-2.7158,6.6799,-0.1169,-0.118,9.8052,0.0079,0.4675,-0.3534,277.94,-84.13,-175.91,52.20269,-2.201431,10.34,3,79.61,23 / 24,12.014916773093196,15.084008148747335,-0.6472171957584817,-201.27913610966704,-36.597857710976726,9.17544960580236,False,81.60000000000036,9.162713031901212,1.2898554218440346,-245.35094158530808,-47.84717693605009,9.25305555555748,81.98700000001612,-2.8522037411919836,-13.7941527269033,-44.07180547564104,-11.249319225073364
13447109.0,0.1498,6.0957,9.4325,-0.0775,-0.0905,9.8059,0.0119,0.7294,-0.3803,284.67,-84.78,-167.85,52.20269,-2.201431,10.34,3,79.61,23 / 24,11.846262551346701,14.879678508021465,-0.8205117457587618,-200.09800773310536,-35.114655221464275,9.10279702319714,False,81.69900000000052,9.285339548537394,1.1624358790428777,-244.42665893643903,-47.73709395823494,9.357830555559174,82.86414000003029,-2.5609230028093073,-13.717242628978587,-44.32865120333366,-12.622438736770661
13447210.0,-0.1908,4.5497,9.2041,0.0014,0.0066,9.8066,-0.0805,-0.1341,0.1413,285.31,-84.9,-169.98,52.20269,-2.201431,10.34,3,79.61,23 / 24,11.34605275178275,14.98312875647198,-0.8698350957581507,-198.92679581031183,-33.60658345462604,9.017434507701592,False,81.79999999999927,9.171999262580375,1.1595061566467209,-243.50414811898736,-47.624787082595034,9.245000000004142,82.79500000000284,-2.1740534892023753,-13.82362259982526,-44.57735230867553,-14.018203627968994
13447309.0,0.5776,3.5181,10.8156,0.0042,-0.0932,9.8062,0.001,0.3681,-0.3182,285.29,-84.95,-167.61,52.20269,-2.201431,10.34,3,79.61,23 / 24,10.985152671300922,15.07433886255869,-0.8497182957581181,-197.8214011418674,-32.11873880748162,8.9323166148214,False,81.89899999999943,9.167820161773346,1.0272368695412595,-242.60010523614645,-47.525712402981135,9.225200000000408,83.6067999999833,-1.817332509527576,-14.047101993017431,-44.77870409427905,-15.406973595499515
13447409.0,0.5358,-3.0331,9.9298,0.0166,0.0176,9.8066,-0.0687,-0.3669,0.1778,283.76,-85.01,-169.17,52.20269,-2.201431,10.34,3,79.61,23 / 24,10.996655185150505,15.105824427685189,-0.7931132957579121,-196.72231074904082,-30.609730642963935,8.850175035245298,False,81.9989999999998,9.306135926969922,1.2164944760081986,-241.66669084095773,-47.40362037332523,9.385324999999646,82.55273000000234,-1.6905192581805828,-13.88932995167699,-44.94438009191691,-16.793889730361297
13447510.0,-1.3763,-3.6578,9.7608,0.0033,-0.0223,9.8066,0.0108,0.1969,-0.0241,283.69,-84.91,-169.1,52.20269,-2.201431,10.34,3,79.61,23 / 24,11.335439153804689,14.951672722708976,-0.7892096457578901,-195.59453998491725,-29.0918270368605,8.770267726698302,False,82.10000000000036,9.321984443377362,1.2171672690603548,-240.73055055139432,-47.2800828089106,9.401111111110293,82.56100000000502,-2.013454710427327,-13.734505453648621,-45.13601056647707,-18.1882557720501
13447610.0,0.287,-3.1324,8.9226,-0.0044,0.0698,9.8063,-0.0668,-0.6202,0.308,279.46,-84.92,-173.14,52.20269,-2.201431,10.34,3,79.61,23 / 24,11.675230351114578,14.798318752640593,-0.8357046457580593,-194.4440065096671,-27.60432746308761,8.689022012122209,False,82.20000000000073,9.283090697432119,1.1666371444132677,-239.80374645015124,-47.157768390105986,9.35611111111212,82.83699999998309,-2.3921396536824595,-13.631681608227325,-45.35973994048413,-19.553440927018375
13447710.0,-1.3271,-2.0114,10.2418,-0.0352,0.0328,9.8064,-0.0376,-0.2808,0.2037,280.45,-85.09,-172.44,52.20269,-2.201431,10.34,3,79.61,23 / 24,11.941380153046003,14.672215025335658,-0.8581496457577327,-193.26317598447625,-26.13080077421024,8.604329297547652,False,82.29999999999927,9.300848878249159,1.245624671787012,-238.87694234901952,-47.035453971312485,9.383888888887878,82.37200000001693,-2.640531274796844,-13.426590353548647,-45.61376636454327,-20.904653197102245
13447810.0,2.0996,2.2763,9.6522,0.0116,0.0827,9.8063,-0.0957,-0.2839,0.5658,281.06,-85.27,-169.52,52.20269,-2.201431,10.34,3,79.61,23 / 24,11.958684480810197,14.682251519773617,-0.8441146457576816,-192.06817275277908,-24.663077446949437,8.519216082971571,False,82.39999999999964,9.341477430644092,1.3032173325416265,-237.94332351177644,-46.90202005866794,9.43194444444357,82.0580000000057,-2.6172070501661047,-13.37903418723199,-45.875150758997364,-22.2389426117185
13447909.0,1.8165,6.277,11.1522,-0.0368,-0.083,9.8061,0.1843,0.237,-0.3495,283.37,-85.25,-167.25,52.20269,-2.201431,10.34,3,79.61,23 / 24,11.607518365409502,14.933637548088726,-0.7851551957575862,-190.90164571188933,-23.197090938087882,8.438567225816435,False,82.4989999999998,9.280792063959979,1.4431956039112832,-237.03253404024133,-46.75891218764847,9.392344444444532,81.16106000000198,-2.326726301449524,-13.490441944177443,-46.130888328352,-23.561821249560587
13448010.0,0.3262,1.5789,9.0427,0.0446,0.0156,9.8064,-0.3628,-0.502,0.0284,281.56,-85.26,-171.6,52.20269,-2.201431,10.34,3,79.61,23 / 24,11.266780697464498,15.096010985317491,-0.7557843957574211,-189.7464936092077,-21.68059368714235,8.36074977644449,False,82.60000000000036,9.311612413738427,1.4248769267281711,-236.08971530931714,-46.61291324994167,9.420000000000526,81.30000000000437,-1.9551682837260707,-13.67113405858932,-46.34322170010944,-24.93231956279932
13448110.0,-0.9087,-0.8211,7.4066,-0.0684,0.0608,9.8062,-0.0001,-0.2185,0.3059,274.78,-85.58,-176.2,52.20269,-2.201431,10.34,3,79.61,23 / 24,11.253181527153494,15.048856795525342,-0.9139843957579965,-188.6204954979727,-20.173350298094725,8.277261336868415,False,82.70000000000073,9.346098020371402,1.389947131445971,-235.15609647207353,-46.47947933800363,9.448888888890858,81.54100000000538,-1.907083506782092,-13.65890966407937,-46.53560097410082,-26.306129039908903
13448212.0,0.3227,-0.9166,9.6656,0.0589,0.029,9.8064,-0.2239,0.0992,0.182,276.66,-85.48,-174.18,52.20269,-2.201431,10.34,3,79.61,23 / 24,11.364545025997787,14.980247451022988,-1.0435804957566652,-187.46699144377385,-18.64186598153649,8.177425527402193,False,82.80199999999968,9.402414886093016,1.3735776837692473,-234.19699052211234,-46.33225725470643,9.502216666668009,81.68858000000067,-1.9621301399047706,-13.606669767253742,-46.729999078338494,-27.690391273169936
13448310.0,0.3957,0.869,9.6082,0.0104,-0.0043,9.8066,-0.0594,0.1094,-0.0621,279.72,-85.73,-171.56,52.20269,-2.201431,10.34,3,79.61,24 / 24,11.395197539687292,14.987344530092342,-1.0602159957566577,-186.35176405805578,-17.173453974462493,8.074339499318086,False,82.89999999999964,9.361249187695327,1.3709985786565104,-233.28204406161757,-46.20149202100808,9.461111111111876,81.66800000000039,-2.033948351991965,-13.616345951435832,-46.93028000356179,-29.028038046545586
13448410.0,-0.5759,1.8437,8.559,-0.0154,0.0311,9.8066,0.0724,-0.2667,0.1895,278.51,-85.72,-172.49,52.20269,-2.201431,10.34,3,79.61,24 / 24,11.283166991968177,14.968656736550148,-1.1325209957569207,-185.21784583146888,-15.67565391112492,7.964702649742008,False,83.0,9.41599688156981,1.297700938686421,-232.33479575226548,-46.09029709462875,9.505,82.15299999999999,-1.8671701103983658,-13.670955797863726,-47.1169499207966,-30.414643183503834
13448510.0,1.923,1.9538,11.6719,-0.0382,0.0003,9.8065,0.1966,-0.1232,-0.0085,276.6,-85.7,-174.52,52.20269,-2.201431,10.34,3,79.61,24 / 24,11.12545595148762,15.03051008441077,-1.1016409957568083,-184.097414684292,-14.175695570071417,7.852994550165915,False,83.10000000000036,9.450186496429025,1.4374741642248325,-231.39436217896773,-45.93462419713261,9.558888888887838,81.350999999999,-1.6752694550585954,-13.593035920185937,-47.29694749467572,-31.758928627061188
13448609.0,0.5279,0.8642,9.8508,0.0124,0.0637,9.8064,-0.0442,-0.3049,0.2456,278.33,-85.6,-175.0,52.20269,-2.201431,10.34,3,79.61,24 / 24,11.025305311585798,15.138521738078765,-1.0071256957566554,-183.0009520017681,-12.68232849485577,7.74861059893583,False,83.19900000000052,9.392274862623923,1.4377982534455465,-230.4700795301255,-45.791516326813195,9.501688888886914,81.29654999999812,-1.6330304489618754,-13.700723484633219,-47.469127528357404,-33.10918783195743
13448710.0,-1.5922,-3.2674,9.2342,0.0244,0.0119,9.8066,-0.1177,-0.2567,0.0492,276.92,-85.5,-179.03,52.20269,-2.201431,10.34,3,79.61,24 / 24,11.164012991919414,15.041138406452328,-1.033804845756325,-181.88039142745498,-11.158255657575834,7.645543606590701,False,83.29999999999927,9.555111019162766,1.2993744105932725,-229.49986556037658,-45.667756373269256,9.643055555550392,82.25599999996507,-1.608901972756648,-13.741763995859056,-47.619474132921596,-34.50950071569342
13448810.0,1.3967,1.8151,10.0505,0.0165,0.0737,9.8063,0.0515,-0.4454,0.1195,268.43,-85.43,174.9,52.20269,-2.201431,10.34,3,79.61,24 / 24,11.25008075355641,14.981894612004691,-1.0502348457563846,-180.7596867401771,-9.657104006647522,7.541341622014687,False,83.39999999999964,9.529563124116038,1.442061564380828,-228.54580251502367,-45.52320296890674,9.638055555555647,81.39500000001566,-1.7205176294403728,-13.539833047623862,-47.786115774846564,-35.866098962259215
13448909.0,-1.8556,-5.7763,9.5458,0.0513,0.0988,9.8059,-0.0997,-0.5516,0.38,266.17,-85.17,173.21,52.20269,-2.201431,10.34,3,79.61,24 / 24,11.478190839579291,14.950900354974193,-1.0510763457563859,-179.63463729631508,-8.175430655779671,7.437326718034637,False,83.4989999999998,9.478600461735143,1.5483052529388208,-227.61477327746042,-45.369086800385865,9.60423055555563,80.7227900000015,-1.9995903778441484,-13.402595102035372,-47.98013598114534,-37.193656144606194
13449010.0,-0.6429,0.4489,8.1898,-0.0232,-0.0071,9.8065,0.1012,0.1834,-0.2186,263.93,-85.08,173.67,52.20269,-2.201431,10.34,3,79.61,24 / 24,11.786343502422614,14.817759834453504,-1.1459001957569186,-178.45977831203737,-6.672113316205125,7.326379402687591,False,83.60000000000036,9.578829018071362,1.3958634039730304,-226.64449116031852,-45.23409615947295,9.679999999999854,81.70899999999804,-2.207514484351252,-13.421896430480473,-48.18471284828115,-38.56198284326782
13449110.0,-0.8671,-7.9972,10.2705,-0.0379,0.0776,9.8062,0.2517,-0.6029,0.2134,263.57,-85.27,170.63,52.20269,-2.201431,10.34,3,79.61,24 / 24,12.199824849121896,14.761590919771193,-1.2035501957571282,-177.26046989445578,-5.19314577848851,7.208906883111461,False,83.70000000000073,9.568211703266028,1.4127399399508147,-225.6904281149656,-45.10066224753451,9.671944444445971,81.6009999999921,-2.6316131458558676,-13.348850979820378,-48.42995822050983,-39.907516469046
13449210.0,-1.171,0.1042,9.6718,-0.0118,-0.0645,9.8064,-0.0234,0.9716,-0.508,259.12,-85.26,168.48,52.20269,-2.201431,10.34,3,79.61,24 / 24,12.63909873351229,14.682583969385279,-1.1871001957573675,-176.01852371534216,-3.7209370340521097,7.089374363537476,False,83.79999999999927,9.604263615193307,1.4552517842364285,-224.7295503336188,-44.944989350759634,9.713888888887363,81.3840000000079,-3.0348351183189823,-13.22733218514885,-48.711026618276634,-41.22405231670753
13449310.0,-0.2493,7.4465,9.7537,0.0115,-0.0023,9.8066,-0.0619,0.1413,-0.1949,258.76,-85.27,168.31,52.20269,-2.201431,10.34,3,79.61,24 / 24,12.314347954449532,14.518390671752567,-1.1964901957574017,-174.77085138093952,-2.2608883019899055,6.970194843961304,False,83.89999999999964,9.632975192302043,1.362742806560959,-223.76867255218454,-44.82267493053916,9.728888888888616,81.94799999998973,-2.6813727621474897,-13.155647865191607,-48.99782117124502,-42.56178662854925
13449410.0,-0.8666,-3.8945,8.67,-0.0341,-0.0923,9.8061,0.1357,0.4055,-0.4248,266.03,-85.54,172.34,52.20269,-2.201431,10.34,3,79.61,24 / 24,12.179539396257132,14.381085130077254,-1.255970195757618,-173.54615701339972,-0.8159145118931577,6.847571824385106,False,84.0,9.621534606098024,1.3662633730442835,-222.80779477077743,-44.67812152688355,9.718055555555555,81.918,-2.5580047901591083,-13.014821757032971,-49.26163775737771,-43.862207014990396
13449509.0,-3.2224,-0.9375,8.4578,-0.0158,0.0189,9.8066,-0.1882,0.2944,-0.1067,262.33,-85.46,168.67,52.20269,-2.201431,10.34,3,79.61,24 / 24,12.47181317966188,14.176245387016921,-1.3790024457578167,-172.32591506088977,0.5976733487052897,6.717140678629882,False,84.09900000000016,9.642840321669468,1.439393262249797,-221.8565257672131,-44.53501365586389,9.749680555556067,81.5101199999934,-2.8289728579924116,-12.736852124767125,-49.53061070632333,-45.132687004569185
13449610.0,0.6468,-2.6151,12.1676,0.0114,-0.0605,9.8064,-0.0156,0.492,-0.3327,261.91,-85.47,168.26,52.20269,-2.201431,10.34,3,79.61,24 / 24,12.69777129311256,14.049325814001783,-1.3278913957575293,-171.05485104500752,2.0230646943647432,6.580442539632589,False,84.20000000000073,9.666567852856218,1.2959778608918273,-220.87922447193563,-44.41125370300706,9.753055555557848,82.36399999994073,-3.0312034402563413,-12.753347953109955,-49.824373426928105,-46.434318397371804
13449709.0,3.4026,3.641,12.342,0.0484,-0.0467,9.8064,0.0332,0.6905,-0.316,265.25,-85.34,171.93,52.20269,-2.201431,10.34,3,79.61,24 / 24,12.657822913851795,14.228971845079842,-1.0855245457571374,-169.79974913176076,3.422840428491547,6.46097845052742,False,84.29900000000089,9.687837736510017,1.577559010575272,-219.92120887969344,-44.24612923629633,9.815480555554316,80.751290000032,-2.969985177341778,-12.65141283450457,-50.121459747932676,-47.66896966478788
13449810.0,-2.1093,-2.9657,10.0167,-0.0475,-0.055,9.8063,0.1051,-0.0325,-0.1681,262.29,-85.28,168.95,52.20269,-2.201431,10.34,3,79.61,24 / 24,12.653544516374941,14.275756445590941,-0.9468818457588553,-168.52152507655015,4.862329207152586,6.358341927757134,False,84.39999999999964,9.691240210179007,1.4559749958756234,-218.95065417315462,-44.099907907321395,9.800000000000294,81.45599999998689,-2.962304306195934,-12.819781449715318,-50.42912909660447,-48.96223711447398
13449911.0,0.4113,1.579,11.3278,-0.0179,-0.0426,9.8065,0.224,0.3335,-0.0083,264.46,-85.46,170.88,52.20269,-2.201431,10.34,3,79.61,24 / 24,12.765529758907128,14.179708508344987,-0.859456245758364,-167.2378618256412,6.299330187334425,6.267121854135001,False,84.5010000000002,9.822441857725305,1.3829054133895133,-217.9595189637146,-43.96525085119527,9.919319444444296,81.98602000000132,-2.9430879011818227,-12.796803094955473,-50.7216571380734,-50.2645810385297
13450011.0,0.7837,2.6879,8.3621,-0.0264,0.0481,9.8065,0.059,-0.286,0.3047,263.49,-85.3,170.37,52.20269,-2.201431,10.34,3,79.61,24 / 24,12.577099961959968,14.19260448768938,-0.85562624575835,-165.97073033959325,7.717945837141304,6.181367729558854,False,84.60100000000057,9.768938931673544,1.274840122662121,-216.97840141630655,-43.8424916526715,9.851813888888621,82.56492999996523,-2.808161030286424,-12.917764365027258,-51.00767107671331,-51.5604374898128
13450110.0,1.156,0.6572,10.8408,-0.0015,0.0265,9.8066,0.0213,-0.2326,-0.0607,263.92,-85.16,170.95,52.20269,-2.201431,10.34,3,79.61,24 / 24,12.432017037653946,14.2462474683536,-0.8759410457583828,-164.73277904811036,9.125669008967709,6.095655148628637,False,84.70000000000073,9.714374830637894,1.5603384946302354,-216.0271324127144,-43.677367185949976,9.838888888891729,80.87500000003736,-2.717642207016052,-12.685908973723365,-51.294353364604035,-52.80303619491768
13450209.0,1.3074,1.9516,9.7608,-0.0195,-0.0457,9.8065,-0.272,-0.2859,0.2492,261.68,-85.3,171.02,52.20269,-2.201431,10.34,3,79.61,24 / 24,12.318931701857407,14.326968346778617,-0.8270201957583037,-163.50760708550257,10.54004319181904,6.011358567173425,False,84.79900000000089,9.817021546077212,1.3986006904372859,-215.0488770544455,-43.5452676131416,9.916163888887356,81.89172999997983,-2.5019101557801946,-12.928367656341331,-51.54126996894294,-54.085310804960635
13450313.0,-0.3312,-1.4597,9.4308,-0.0054,-0.0249,9.8065,-0.1741,-0.3826,0.2455,258.89,-85.48,167.87,52.20269,-2.201431,10.34,3,79.61,23 / 24,12.319301015152545,14.354759511263829,-0.8489485957581686,-162.22641898422594,12.031493040428064,5.924208190015105,False,84.90300000000025,9.808232661064936,1.3904565715698343,-214.0354576581878,-43.40549559041,9.906347222222886,81.931100000012,-2.511068354087609,-12.964302939693995,-51.80903867396185,-55.43698863083806
13450410.0,0.3775,3.0792,9.6246,0.0202,0.0,9.8066,-0.0763,-0.0039,-0.1472,259.34,-85.69,167.86,52.20269,-2.201431,10.34,3,79.61,23 / 24,12.272758057105957,14.322626082232556,-0.8760067457580996,-161.03370411922444,13.422346241709091,5.84054785595178,False,85.0,9.727991775432486,1.5525998005199906,-213.0967959162821,-43.24370697287272,9.851111111111111,80.932,-2.5447662816734713,-12.770026281712566,-52.063091797057666,-56.666053214581815
13450510.0,-0.6154,-2.4026,9.8936,-0.0161,0.067,9.8063,-0.048,-0.2588,0.273,255.58,-85.75,164.1,52.20269,-2.201431,10.34,3,79.61,23 / 24,12.274551661005122,14.292743596363843,-0.8807617457581168,-159.80633863331443,14.853114725644117,5.752709431375649,False,85.10000000000036,9.960200631718989,1.222958861075383,-212.09502971862966,-43.14363153821115,10.034999999998977,82.99999999997188,-2.314351029286133,-13.06978473528846,-52.288691085315236,-57.99674626385527
13450610.0,-2.2325,-0.9174,10.2752,0.0019,0.0179,9.8065,0.1076,0.4523,-0.0832,258.07,-85.99,166.3,52.20269,-2.201431,10.34,3,79.61,23 / 24,12.499324051122732,14.173415895506755,-0.8529867457580158,-158.56764484770352,16.276422700242826,5.666022006799527,False,85.20000000000073,9.868092044466856,1.4828967795198402,-211.113707729113,-42.98795864071562,9.978888888888424,81.45400000002434,-2.6312320066558765,-12.690519115986914,-52.54606288140948,-59.264381340958444
13450710.0,-1.4869,-3.6418,8.1719,0.0572,-0.0335,9.8064,-0.0534,0.1014,-0.276,260.63,-85.73,166.54,52.20269,-2.201431,10.34,3,79.61,23 / 24,12.79095227132296,14.008839950487873,-0.9112967457571672,-157.30313103159963,17.685535492522053,5.5778078322250515,False,85.29999999999927,9.872076439854714,1.3658248221080818,-210.12557100360488,-42.854524729497435,9.966111111111577,82.12299999997565,-2.9188758314682453,-12.643015128379792,-52.82243997200524,-60.54006022201949
13450809.0,-3.3415,-3.127,7.6982,-0.0533,-0.1365,9.8056,0.2024,0.3438,-0.4783,253.47,-85.55,162.16,52.20269,-2.201431,10.34,3,79.61,23 / 24,13.20859862863479,13.831433642282946,-1.0965851457574667,-156.01615326204964,19.063629035366436,5.478417678594917,False,85.39899999999943,9.92127979088127,1.4070680878735886,-209.14731564531849,-42.71141685847818,10.020561111109991,81.92797000000401,-3.2873188377535207,-12.424365554409357,-53.131162383268844,-61.77504589384462
13450910.0,0.0276,-0.3292,10.8481,-0.0797,-0.024,9.8063,0.2954,0.4935,0.0617,264.48,-85.86,170.46,52.20269,-2.201431,10.34,3,79.61,23 / 24,13.456636822363526,13.696532965999364,-1.1504686457577693,-154.66955887176667,20.453791349092505,5.36494146212276,False,85.5,9.956770843053095,1.4237963118261578,-208.14248281646286,-42.56541792006385,10.058055555555557,81.862,-3.4998659793104316,-12.272736654173206,-53.47292394469619,-63.019209269156356
13451010.0,0.88,-1.8582,9.7434,0.0184,0.0319,9.8065,-0.044,0.1086,0.2306,265.2,-85.65,174.08,52.20269,-2.201431,10.34,3,79.61,23 / 24,13.591538029051769,13.727011718006155,-1.1015586457575912,-153.317150129191,21.824968583297768,5.252340097546582,False,85.60000000000036,9.95059849193674,1.4871269086422998,-207.14753135483747,-42.409745022567705,10.06111111111202,81.50000000000429,-3.6409395371150293,-12.239884809363856,-53.83038122564648,-64.23471360586547
13451110.0,-0.008,1.6724,8.2734,0.0048,-0.0741,9.8063,-0.0292,-0.4273,0.4844,265.8,-85.6,174.76,52.20269,-2.201431,10.34,3,79.61,23 / 24,13.626542788131745,13.74766921262638,-1.1813836457578815,-151.95624608832688,23.198702629834393,5.138192982970393,False,85.70000000000073,10.006120320302694,1.4533148443698065,-206.1525798932389,-42.26519161820437,10.111111111111393,81.73599999998648,-3.6204224678290515,-12.294354368256574,-54.19633380491203,-65.46389424803877
13451209.0,-0.7072,-5.093,9.5819,-0.0097,-0.0928,9.8062,-0.0293,-0.3385,0.1233,258.06,-85.62,166.85,52.20269,-2.201431,10.34,3,79.61,23 / 24,13.82845632376655,13.736838279864793,-1.268404645758022,-150.5972236322857,24.559185750714907,5.01692846254016,False,85.79900000000089,10.004182825207254,1.5187565981163602,-205.16083135769045,-42.12208374719512,10.118811111110958,81.3677200000073,-3.8242734985592968,-12.218081681748433,-54.56360772540475,-66.68126949791002
13451309.0,2.6776,3.9079,10.7619,0.0294,0.0281,9.8065,-0.2322,-0.3502,0.0403,258.39,-85.62,167.19,52.20269,-2.201431,10.34,3,79.61,23 / 23,13.898898489227024,13.826233560887097,-1.2318796457585535,-149.2108558916562,25.937339342732447,4.891914247966151,False,85.89899999999943,10.02132904739387,1.5051993891579802,-204.15906516003034,-41.966522045326435,10.133738888888583,81.45804999999807,-3.8775694418331543,-12.321034171729117,-54.94820926837414,-67.90386138805889
13451410.0,-2.234,-1.1426,11.7888,-0.0631,-0.027,9.8063,-0.0048,-0.3039,0.371,258.91,-86.04,167.1,52.20269,-2.201431,10.34,3,79.61,23 / 23,13.78919385235324,13.798400161682812,-1.0835409457577199,-147.81260722839855,27.332383345730065,4.774985508093922,False,86.0,9.97281706016407,1.6359711716970782,-203.16091077250746,-41.787053433303576,10.10611111111111,80.684,-3.8163767921891694,-12.162428989985735,-55.348303544108916,-69.11943677903363
13451511.0,1.0685,4.1408,14.062,-0.0709,-0.0945,9.8059,0.2918,0.0388,0.1896,260.58,-86.14,168.47,52.20269,-2.201431,10.34,3,79.61,23 / 23,13.684481450657481,13.696222133429663,-0.7685471957559499,-146.4251866255887,28.720861771641047,4.681455056946956,False,86.10100000000057,10.068313582179533,1.6113679695780245,-202.14224402946164,-41.629935001763506,10.196444444443427,80.90731000000675,-3.616167868477948,-12.084854163851638,-55.71705740387293,-70.35079677340455
13451610.0,-0.812,1.1009,10.165,0.0459,0.0324,9.8065,-0.2481,-0.5535,0.1028,265.96,-85.73,174.73,52.20269,-2.201431,10.34,3,79.61,23 / 23,13.452152352946046,13.647902177407662,-0.5401690457555807,-145.08192325230817,30.074395925029684,4.616673602992031,False,86.20000000000073,10.028444883791135,1.546213042062777,-201.14374890514736,-41.486827131443285,10.146944444446415,81.23499999997966,-3.4237074691549108,-12.101689135344884,-56.06182565283919,-71.56122305647297
13451709.0,1.4087,3.7679,9.3412,-0.0412,-0.0953,9.8061,0.0778,0.0657,-0.1181,274.73,-85.74,-179.08,52.20269,-2.201431,10.34,3,79.61,23 / 23,13.247446519942642,13.662346326367246,-0.5454704957555891,-143.76029310809804,31.42625322596873,4.562934445687141,False,86.29900000000089,10.065954507249966,1.6516898336598125,-200.15200036951845,-41.321702664732555,10.20056944444338,80.68159000001098,-3.181492012692676,-12.010656492707433,-56.39170726142041,-72.74795589070129
13451810.0,-0.8679,-2.7269,8.538,0.0104,-0.0306,9.8065,-0.0437,-0.2179,0.299,267.51,-85.91,175.95,52.20269,-2.201431,10.34,3,79.61,23 / 23,13.230313626890078,13.683703129183513,-0.6330425457545039,-142.42316622069956,32.80722872345693,4.503419537091618,False,86.39999999999964,9.97268142142404,1.8405868180301703,-199.14703124598714,-41.13100336605646,10.141111111112203,79.54300000002061,-3.257632205466038,-11.843116311153343,-56.72386502528758,-73.93823208951339
13451909.0,-1.1709,-0.9754,9.7325,-0.0706,-0.0208,9.8063,0.1318,0.2109,-0.2077,269.24,-86.4,177.0,52.20269,-2.201431,10.34,3,79.61,23 / 23,13.444001814292996,13.563707432650542,-0.6995111457546113,-141.10278760635885,34.1559755462699,4.4374581293618105,False,86.4989999999998,10.087444844397371,1.76639207383958,-198.141789532979,-40.96587890073381,10.24093611111089,80.06769999999885,-3.3565569698956246,-11.797315358810962,-57.03900192662016,-75.12185444700371
13452010.0,-1.3004,-5.2758,8.7993,0.0291,0.0675,9.8063,-0.064,-0.3762,0.107,264.92,-86.31,172.7,52.20269,-2.201431,10.34,3,79.61,23 / 23,13.79428682932608,13.437937086466578,-0.7541268957549181,-139.72725402984835,35.51955859449298,4.364049408265167,False,86.60000000000036,10.037603981157774,1.8407963813218318,-197.136684114654,-40.77517960065365,10.205000000002057,79.60800000000472,-3.756682848168305,-11.597140705144746,-57.40943008480565,-76.29473819514664
13452110.0,-1.0021,2.009,8.8907,0.0197,-0.0718,9.8063,0.2473,0.277,-0.0749,270.77,-86.21,178.92,52.20269,-2.201431,10.34,3,79.61,23 / 23,13.9900909445323,13.322187779549317,-0.8502918957552679,-138.33803514115039,36.85756483779864,4.283828468689366,False,86.70000000000073,10.157114656071268,1.815294001254753,-196.11447370891878,-40.60838721073201,10.318055555557446,79.86700000002631,-3.8329762884610314,-11.506893778294565,-57.776438567768395,-77.46595204853065
13452210.0,1.9264,1.6072,11.2588,0.0648,-0.0037,9.8064,0.2096,0.0546,-0.0398,268.97,-86.19,176.96,52.20269,-2.201431,10.34,3,79.61,23 / 23,13.834415878055548,13.341686064132672,-0.8234818957556579,-136.94680980004125,38.19075852996334,4.200139779115037,False,86.79999999999927,10.230457555329869,1.695475805947751,-195.08544856719578,-40.45271431395714,10.36999999999811,80.5899999999737,-3.6039583227256795,-11.64621025818492,-58.13863876715453,-78.64347284392048
13452310.0,-0.5778,-2.8122,9.7603,-0.0018,0.0317,9.8066,-0.0283,0.1028,-0.4241,269.43,-86.06,177.89,52.20269,-2.201431,10.34,3,79.61,24 / 24,13.921058031448085,13.382765725381141,-0.753191895755402,-135.55903610456102,39.52698111944389,4.121306089539198,False,86.89999999999964,10.14517311525952,1.8424100540097001,-194.07686763354195,-40.263682938477594,10.311111111112181,79.70700000001605,-3.7758849161885646,-11.54035567137144,-58.517831528980935,-79.79066405792148
13452410.0,0.3878,-3.293,9.3948,-0.0149,0.0195,9.8065,0.0003,-0.2206,0.3435,271.46,-86.1,179.86,52.20269,-2.201431,10.34,3,79.61,24 / 24,14.254287370825473,13.343579600034492,-0.7761018957554853,-134.15026883444222,40.86329838571953,4.044841399963375,False,87.0,10.16440532504137,1.8028700428364302,-193.0614719637803,-40.08577105612965,10.323055555555554,79.942,-4.089882045784103,-11.540709557198062,-58.91120312933808,-80.94906944184919
13452510.0,0.4352,1.9644,10.1876,-0.0159,-0.069,9.8064,0.0016,0.3138,0.0117,267.9,-86.34,178.34,52.20269,-2.201431,10.34,3,79.61,24 / 24,14.348022394397718,13.350404302920019,-0.7776468957554908,-132.72015334617586,42.19799758087211,3.967153960387544,False,87.10000000000036,10.156400806651854,1.8129714075042855,-192.04607629409972,-39.907859173074584,10.316944444446065,79.8790000000028,-4.191621587745864,-11.537432895415733,-59.32592294792386,-82.1058567539467
13452609.0,-0.643,1.1843,9.3781,0.0034,0.0508,9.8065,-0.1847,-0.4618,-0.0054,263.89,-86.55,171.38,52.20269,-2.201431,10.34,3,79.61,24 / 24,14.224147452401747,13.30610056242244,-0.7800030957554946,-131.305830938757,43.517494571708696,3.8900502858076256,False,87.19900000000052,10.248162507355987,1.8010411243193207,-191.03408799237047,-39.731726409550674,10.405219444447495,80.0324500000053,-3.9759849450457594,-11.50505943810312,-59.728257053613476,-83.24922098125937
13452709.0,-0.0631,6.2685,10.7984,-0.0278,-0.064,9.8064,0.112,0.4188,-0.3676,270.09,-86.64,177.35,52.20269,-2.201431,10.34,3,79.61,24 / 24,13.884042567096143,13.24000676087063,-0.7518430957553921,-129.900421437777,44.84479993787818,3.8134579762318026,False,87.29900000000089,10.291652658002176,1.9416137050375448,-190.0051309980149,-39.53179793151346,10.47321111110978,79.31625000001424,-3.592389909093967,-11.298393055833085,-60.10470956023789,-84.37659786939165
13452810.0,0.7829,-1.15,10.3026,0.0319,0.035,9.8065,0.0756,-0.1547,0.1307,266.47,-86.64,173.41,52.20269,-2.201431,10.34,3,79.61,24 / 24,13.651526398173745,13.254268817518037,-0.6767142457563229,-128.5098752050481,46.182760854570226,3.741315830486355,False,87.39999999999964,10.408919085288247,1.7127347331141598,-188.95218613274352,-39.37412352533981,10.548888888887523,80.6559999999755,-3.2426073128854984,-11.541534084403878,-60.44231092769542,-85.55688437991003
13452910.0,-0.4416,-5.0877,9.8489,0.0139,-0.0026,9.8066,-0.0286,0.6025,-0.439,262.39,-86.47,172.58,52.20269,-2.201431,10.34,3,79.61,24 / 24,13.991476896860322,13.284812180455312,-0.6498042457562249,-127.12772504029137,47.50971490447372,3.6749899059104862,False,87.5,10.29947763510386,1.8539108511455946,-187.9299757269811,-39.18509214915233,10.465,79.796,-3.691999261756461,-11.430901329309718,-60.80225068668973,-86.69480705362605
13453009.0,-0.1162,-2.3232,9.298,-0.0182,0.0788,9.8062,-0.0936,0.2594,-0.105,266.01,-86.51,176.19,52.20269,-2.201431,10.34,3,79.61,24 / 24,14.388815525385128,13.275244899748529,-0.6728910457562621,-125.72290056538795,48.824437729945934,3.6095164889805122,False,87.59900000000016,10.279579544108993,1.6957808860279406,-186.89774765927734,-39.04198428023343,10.41852499999925,80.63255000001354,-4.109235981276136,-11.579464013720589,-61.1748470938894,-87.86642201017936
13453110.0,-0.7096,-3.1516,11.5134,-0.0492,0.0095,9.8065,0.1148,0.3192,-0.2099,261.67,-86.85,171.1,52.20269,-2.201431,10.34,3,79.61,24 / 24,14.699373731941431,13.241360687628424,-0.612386995755922,-124.2539470078847,50.163526312116,3.544609947883782,False,87.70000000000073,10.268479973147132,1.945261550012767,-185.86511070734753,-38.829268384456846,10.451111111115509,79.27300000001625,-4.4308937587943,-11.296099137615657,-61.61116369946282,-88.99279469657284
13453211.0,-0.6448,0.255,9.5789,0.0,0.049,9.8065,-0.1982,0.0828,-0.1161,260.3,-86.82,169.76,52.20269,-2.201431,10.34,3,79.61,24 / 24,14.886447209791578,13.172431795068984,-0.5376974957568473,-122.7598630503457,51.49742283247569,3.486530681063107,False,87.80099999999948,10.402386175674756,1.8840353250539577,-184.8188442834843,-38.649799773149205,10.571655555556543,79.73415999995157,-4.484061034116822,-11.288396470015027,-62.05898123313861,-90.1472226056249
13453310.0,-0.2973,1.7379,12.1775,-0.0513,-0.0303,9.8065,0.1998,0.0883,-0.144,259.68,-87.07,171.61,52.20269,-2.201431,10.34,3,79.61,24 / 24,14.828747215596868,13.087672155986283,-0.4316140457566757,-121.28896092628659,52.79729797805503,3.43854975975811,False,87.89999999999964,10.417138558385496,1.6245752376971776,-183.78661621575375,-38.495683604628134,10.54305555555608,81.13599999997426,-4.411608657211373,-11.463096918289105,-62.49765528946716,-91.29298158268315
13453410.0,-2.5748,-3.8452,7.8105,0.0355,0.0218,9.8066,-0.0744,-0.3009,0.1163,260.98,-87.03,172.82,52.20269,-2.201431,10.34,3,79.61,24 / 24,14.987536530481748,12.938791562966582,-0.4128790457566075,-119.79814673897724,54.098621164007405,3.3963251051822922,False,88.0,10.414753292661569,1.8908037584569808,-182.7507763379097,-38.29553273601516,10.585,79.71,-4.572783237820179,-11.047987804509601,-62.952629598932475,-92.39415390002256
13453510.0,-2.698,3.406,8.9949,-0.0171,-0.0536,9.8065,0.0723,0.1366,-0.1459,265.0,-86.78,172.41,52.20269,-2.201431,10.34,3,79.61,24 / 24,15.070200339285122,12.669444992608831,-0.5532740457571182,-118.29525989548343,55.37903299179084,3.3480174506064304,False,88.10000000000036,10.469293469295032,1.8763671873340224,-181.69449225195643,-38.11762085366802,10.63611111111242,79.83900000002974,-4.600906869990091,-10.793077805274809,-63.39923235647301,-93.49665384545887
13453610.0,-1.278,-0.3621,11.1129,0.0184,-0.0266,9.8065,0.1206,-0.1603,0.2008,263.77,-86.74,170.84,52.20269,-2.201431,10.34,3,79.61,24 / 24,14.967175443622672,12.434797346749589,-0.5285490457570283,-116.79339110633258,56.634245108763324,3.2939262960305262,False,88.20000000000073,10.589717490038053,1.5875570106635946,-180.6382081660298,-37.97306745001161,10.708055555558396,81.47400000000628,-4.377457953584619,-10.847240336085994,-63.844817059697235,-94.60731255877494
13453709.0,-0.931,2.8694,8.7747,0.0465,-0.0179,9.8065,0.0224,0.2769,-0.1699,264.27,-86.73,171.35,52.20269,-2.201431,10.34,3,79.61,24 / 24,14.884923310165386,12.290386184230846,-0.5149711957570063,-115.31571221801768,57.85814169354883,3.242272044075498,False,88.29900000000089,10.6708705125444,1.5671206949458856,-179.57899374365422,-37.81895128150175,10.78533055555402,81.64526999999659,-4.214052797620985,-10.72326548928496,-64.26328152563654,-95.67709297505058
13453810.0,-1.4527,-0.5812,10.2764,0.0059,0.0466,9.8065,0.0865,-0.0687,-0.0348,264.14,-86.76,173.91,52.20269,-2.201431,10.34,3,79.61,24 / 24,14.81243788993312,12.13515151028559,-0.5433622957566545,-113.81599547743129,59.09163134710663,3.1888262027547207,False,88.39999999999964,10.38014955078637,1.9024922764727163,-178.53926946627394,-37.617243684624576,10.553055555559794,79.61400000003697,-4.43228833914675,-10.232659233812875,-64.72327398884265,-96.7088750317312
13453910.0,-2.0591,-3.8402,9.749,-0.0114,-0.0189,9.8066,0.0081,0.5342,-0.3363,262.11,-86.89,174.36,52.20269,-2.201431,10.34,3,79.61,24 / 24,15.083538724581503,11.967046097790073,-0.5227572957565795,-112.32119664670012,60.296741227514794,3.1355202231788653,False,88.5,10.55527694177396,1.730006238049319,-177.476170644321,-37.45045129470193,10.696111111111112,80.692,-4.528261782807544,-10.237039859740754,-65.15497399762089,-97.74719252221672
13454010.0,-0.4182,-0.7748,9.9846,0.0013,0.058,9.8065,0.0596,0.2892,-0.1355,262.98,-86.93,175.19,52.20269,-2.201431,10.34,3,79.61,24 / 24,15.359557801635804,11.852517050886954,-0.5167422957565575,-110.7990418203837,61.487719384952975,3.0835452436030195,False,88.60000000000036,10.615141869357625,1.704451001597831,-176.41307182231353,-37.294778397204965,10.751111111110218,80.877999999985,-4.744415932278178,-10.148066049289124,-65.61403000192982,-98.78249778215795
13454110.0,-0.7516,-2.4783,9.8908,0.0063,0.0284,9.8066,0.0475,0.3263,-0.2105,261.72,-86.85,171.18,52.20269,-2.201431,10.34,3,79.61,24 / 24,15.55936374333482,11.794372965801097,-0.5036372957565097,-109.25309574312955,62.67006388579168,3.0325262640271804,False,88.70000000000073,10.541072392543743,1.8486231923067142,-175.36360247238744,-37.10574702243234,10.701944444444779,80.05300000001903,-5.018291350791078,-9.945749773494382,-66.11050672925789,-99.77581090822402
13454210.0,-0.2841,2.8384,10.1614,0.0189,0.0511,9.8064,-0.0143,0.2259,-0.1921,258.44,-86.76,170.59,52.20269,-2.201431,10.34,3,79.61,24 / 24,15.582837136656346,11.711134699432378,-0.481692295756829,-107.69598569915264,63.845339269036245,2.98325978445223,False,88.79999999999927,10.566550327038211,1.753828788887072,-174.30731838653026,-36.93895463181814,10.711111111110778,80.57599999998098,-5.016286809618135,-9.957305910545307,-66.61133268737761,-100.78429390085438
13454309.0,0.6255,0.4667,10.3558,-0.0018,0.0126,9.8066,0.123,0.3279,-0.1866,264.58,-86.83,174.1,52.20269,-2.201431,10.34,3,79.61,25 / 25,15.4528245166535,11.675768083745973,-0.43694924575675653,-106.15972044731132,65.00299095680545,2.937787028147234,False,88.89899999999943,10.604637284580015,1.7221379880384007,-173.26159714146553,-36.7738301664959,10.743561111110443,80.7759799999959,-4.848187232073485,-9.953630095707572,-67.10187669415421,-101.77682112330135
13454410.0,0.1714,3.9573,9.6679,0.0046,0.0433,9.8065,0.0133,0.4548,-0.2321,266.16,-86.81,175.58,52.20269,-2.201431,10.34,3,79.61,25 / 25,15.25621998715845,11.675626685833505,-0.41622404575664,-104.6089136998601,66.18223639267583,2.894701776925565,False,89.0,10.509387149898867,1.9673478941526714,-172.20156495067818,-36.57201137399024,10.691944444444443,79.39699999999999,-4.746832837259584,-9.708278791680833,-67.59265125081808,-102.75424776666608
13454510.0,0.172,-2.5075,10.0367,-0.0108,0.0621,9.8064,0.0365,0.1594,-0.1586,260.75,-86.76,170.18,52.20269,-2.201431,10.34,3,79.61,25 / 25,15.210876096334022,11.676220860127685,-0.4116590457566234,-103.08555889567992,67.34982876997815,2.8533076223497513,False,89.10000000000036,10.63518643723073,1.7610251120759832,-171.13846612869753,-36.39409949093538,10.780000000000873,80.59800000000769,-4.575689659103292,-9.915195748051701,-68.0529072330176,-103.74392826091352
13454610.0,-1.4962,2.2097,8.8436,-0.0235,0.0317,9.8065,-0.129,0.3325,-0.1923,257.9,-86.86,169.75,52.20269,-2.201431,10.34,3,79.61,25 / 25,15.272806583250983,11.58743270855884,-0.4483090457567567,-101.56137476169513,68.5130114484167,2.8103092177739257,False,89.20000000000073,10.695364345017918,1.6899611360953648,-170.07536730668977,-36.22730710171944,10.828055555555485,81.02099999994753,-4.577442238233065,-9.897471572463475,-68.51399254499464,-104.74031855013615
13454709.0,-1.3853,-1.418,9.976,-0.0242,0.0245,9.8065,0.0684,-0.0066,0.0303,257.86,-87.12,169.34,52.20269,-2.201431,10.34,3,79.61,25 / 25,15.296548434976692,11.419697231198498,-0.4875971957568201,-100.04819168829042,69.65186438043654,2.7639818588189287,False,89.29900000000089,10.648015291000974,1.9555403632882098,-169.02289947306133,-36.02915774250687,10.826130555555594,79.59342000002832,-4.648533143975719,-9.464156867910289,-68.97470778477091,-105.6810221229434
13454810.0,-1.5773,-0.4387,10.4429,0.0052,-0.0085,9.8066,-0.0725,0.1298,-0.0633,261.34,-87.31,170.11,52.20269,-2.201431,10.34,3,79.61,25 / 25,15.447292017601013,11.269469600305985,-0.44691439575732406,-98.49562774545448,70.79766730541331,2.716789023448049,False,89.39999999999964,10.515729718829633,1.939295128332085,-167.9627991349337,-35.838124857642704,10.693055555557976,79.55100000000051,-4.9315622987713805,-9.330174471973901,-69.46717138947922,-106.63579216305601
13454909.0,0.0373,-0.8914,10.8862,-0.0111,0.0085,9.8066,0.2166,-0.1568,0.0683,262.89,-87.39,171.5,52.20269,-2.201431,10.34,3,79.61,25 / 25,15.554621789912128,11.180418073439533,-0.36198229575718666,-96.9610330119801,71.9089367452655,2.676748637218016,False,89.4989999999998,10.617122880968276,1.712547128528188,-166.9103313011484,-35.6730003916198,10.754380555555421,80.83700999999716,-4.9374989089438515,-9.467870944911345,-69.9492982891683,-107.5819371368853
13455010.0,-1.4036,0.1696,9.7716,0.0346,-0.015,9.8065,0.027,0.0232,0.0245,263.41,-87.46,174.77,52.20269,-2.201431,10.34,3,79.61,25 / 25,13.285019842008456,9.429066775210059,-0.26284978889335664,-95.50463110955994,72.94971573012816,2.6451946169429865,False,89.60000000000036,10.692009560783928,1.891640029067206,-165.83660149091872,-35.471181600521525,10.858055555552498,79.96700000000983,-2.5930102812245277,-7.537426746142852,-70.33197038135879,-108.4208973306497
13455111.0,-1.9269,0.4333,9.1774,-0.0048,0.0013,9.8066,-0.0046,-0.0966,0.1165,266.2,-87.41,177.66,52.20269,-2.201431,10.34,3,79.61,25 / 25,13.29931374509697,9.23481139923595,-0.29639693889354507,-94.16212226340357,73.89224157794298,2.6169526571895894,False,89.70100000000093,10.54396945986535,1.7635630595624656,-164.77663744751962,-35.29149059864275,10.690438888890549,80.50472999998762,-2.7553442852316206,-7.471248339673484,-70.61451518411604,-109.18373217658574
13455210.0,-1.2883,0.2063,9.4461,0.0105,-0.0084,9.8065,0.0966,-0.0387,-0.057,267.8,-87.61,178.93,52.20269,-2.201431,10.34,3,79.61,25 / 25,13.305005702079018,9.049153724692967,-0.345392038892724,-92.84520845079044,74.79729785156229,2.5851841027897016,False,89.79999999999927,10.576652451580818,1.830517303236289,-163.73766279121665,-35.115357835134894,10.733888888887293,80.18100000001189,-2.7283532504982,-7.2186364214566785,-70.89245434042621,-109.91265568669718
13455310.0,-1.3458,1.4098,8.6552,0.008,-0.0061,9.8066,-0.0028,-0.0249,-0.1025,272.46,-87.74,-176.65,52.20282,-2.199965,10.76,2,78.84,24 / 24,13.251235150752127,8.893470980657854,-0.42099203889299897,-91.51739640814405,75.6944290868331,2.5468648989002762,False,89.89999999999964,10.571593641121929,1.983767658156874,-162.68137870526368,-34.904087474096634,10.756111111110707,79.37200000001472,-2.6796415096301978,-6.90970332250098,-71.16398229711963,-110.59851656092974
13455410.0,-1.4993,-1.5672,10.5083,-0.0182,-0.0099,9.8066,0.0193,-0.1254,0.1826,278.51,-88.02,-171.06,52.20282,-2.199965,10.76,2,78.84,24 / 24,13.269076117974778,8.714394326377342,-0.4434820388930807,-90.19138084470288,76.57482235218806,2.503641195010815,False,90.0,10.434793145596409,2.085266814493185,-161.64553882744642,-34.68169762063167,10.64111111111111,78.699,-2.83428297237837,-6.629127511884157,-71.45415798274354,-111.25651997281973
13455510.0,-0.3551,0.0475,10.4259,-0.0105,-0.0325,9.8066,-0.135,0.0387,0.1166,282.17,-88.15,-167.53,52.20282,-2.199965,10.76,2,78.84,24 / 24,13.351630423359532,8.580647067155185,-0.3774370388928403,-88.86034551763132,77.43957442186783,2.46259524112137,False,90.10000000000036,10.352702900797746,2.062286216307438,-160.61651368562949,-34.48154675272562,10.556111111112784,78.73400000002337,-2.998927522561786,-6.518360850847747,-71.75616816799817,-111.92112117459345
13455610.0,-1.3297,0.2211,10.3302,-0.0214,-0.002,9.8066,-0.0315,-0.0112,-0.0391,280.81,-88.16,-168.99,52.20282,-2.199965,10.76,2,78.84,24 / 24,13.343832383286822,8.468950044433408,-0.3202970388926324,-87.52557237729414,78.29205427745036,2.427708537231969,False,90.20000000000073,10.48690024577549,1.8455379566247956,-159.5670443357034,-34.3036348703799,10.648055555555514,80.01900000009094,-2.8569321375113326,-6.623412087808612,-72.04147195840926,-112.59568914783026
13455710.0,-0.9886,0.346,10.0316,-0.0042,-0.0134,9.8066,-0.1372,-0.0828,-0.028,285.06,-88.14,-164.77,52.20282,-2.199965,10.76,2,78.84,24 / 24,13.31173289712639,8.330356429238071,-0.282872038893177,-86.19279411329288,79.13201960112171,2.3975500833431176,False,90.29999999999927,10.55631862203705,1.3862045855908984,-158.5107602498733,-34.181320450171754,10.646944444444486,82.51899999990904,-2.75541427508934,-6.944151843647172,-72.31796613658042,-113.31334005129347
13455809.0,-1.785,-1.0064,9.5903,-0.0328,-0.023,9.8066,-0.0828,-0.1069,0.1472,290.0,-88.28,-157.57,52.20282,-2.199965,10.76,2,78.84,24 / 24,13.317023545683284,8.154143343086261,-0.2824463388931764,-84.87467066937167,79.94800233985309,2.3695668236426477,False,90.39899999999943,10.474124755736646,1.4179579183601598,-157.47178559344857,-34.03821258125365,10.569669444446035,82.29031000000471,-2.842898789946638,-6.736185424726101,-72.5971149240769,-113.98621492110675
13455910.0,-2.2443,-0.8942,9.4735,-0.0191,-0.0104,9.8066,0.0335,0.0713,0.0485,291.54,-88.49,-156.35,52.20282,-2.199965,10.76,2,78.84,24 / 24,13.350719396468092,7.895028556091651,-0.31019608889333233,-83.52794965078546,80.75848552076613,2.339638381039261,False,90.5,10.480251801715182,1.8766321364966814,-156.41863628607575,-33.83661617861111,10.646944444444445,79.848,-2.8704675947529097,-6.0183964195949695,-72.8906866352903,-114.59510169937724
13456010.0,-2.1213,-0.2424,10.8027,-0.0027,0.024,9.8065,0.003,0.0896,-0.167,294.21,-88.55,-153.88,52.20282,-2.199965,10.76,2,78.84,24 / 24,13.333592850535016,7.637284868725115,-0.2770510888932117,-82.19373403843045,81.53510119200979,2.310276022149827,False,90.60000000000036,10.230889053702219,1.8616657310744367,-155.40324061636832,-33.65870429626297,10.39888888888716,79.68699999999534,-3.102703796832797,-5.775619137650678,-73.20950657793787,-115.19380548827276
13456109.0,-0.7773,-0.5007,10.0734,-0.0231,0.0327,9.8065,0.0047,-0.1586,0.0362,287.78,-88.78,-160.55,52.20282,-2.199965,10.76,2,78.84,24 / 24,13.329221293266972,7.458045568118292,-0.21454248889311064,-80.87392473831012,82.28232004863474,2.2859421400493645,False,90.69900000000052,10.13009874188714,1.889651509897331,-154.4047454920001,-33.46055493703598,10.304838888885639,79.43355999999125,-3.1991225513798316,-5.568394058220961,-73.53082075368998,-115.74287498567072
13456210.0,-1.6094,-1.9202,9.8414,0.0032,-0.0281,9.8065,-0.1211,-0.0392,0.06,289.25,-88.75,-161.49,52.20282,-2.199965,10.76,2,78.84,24 / 24,13.42380741431781,7.269891475720351,-0.19931673889329926,-79.52289678859383,83.02608086933938,2.26504224904641,False,90.79999999999927,10.203432405168309,1.8292694500852993,-153.37926401307263,-33.28064154531844,10.366111111108848,79.83599999998526,-3.2203750091495014,-5.440622025635053,-73.8563672244788,-116.30672241465783
13456311.0,-1.8963,2.2153,9.513,-0.0327,-0.0092,9.8066,0.0899,-0.1865,0.1043,294.5,-88.84,-156.42,52.20282,-2.199965,10.76,2,78.84,25 / 25,13.362731294798134,7.085142771632469,-0.21239118889337266,-78.17017658377587,83.75101009883477,2.244250998693066,False,90.90099999999984,10.085505809966275,1.8008195294970832,-152.3674801534408,-33.089719856089964,10.245019444444413,79.87623000000603,-3.2772254848318596,-5.284323242135386,-74.19730356966492,-116.84072995492474
13456410.0,-3.1237,0.2654,9.5485,-0.0076,-0.0371,9.8065,-0.1067,-0.1369,0.1041,301.83,-88.81,-149.21,52.20282,-2.199965,10.76,2,78.84,25 / 25,13.142788992551038,6.8847189042221535,-0.23970528889341675,-76.85815332954996,84.44251825179069,2.221872223042584,False,91.0,10.07545617332395,1.8668297584298317,-151.37573161776655,-32.90257879506464,10.246944444444445,79.503,-3.0673328192270883,-5.017889145792322,-74.51757828821658,-117.34509704685533
13456510.0,-1.5104,0.8926,9.8667,-0.0091,-0.0221,9.8065,0.0021,-0.1954,0.0831,308.53,-88.77,-145.18,52.20282,-2.199965,10.76,2,78.84,25 / 25,12.974249023374465,6.69018215666718,-0.2496102888934527,-75.55230142874893,85.12126330483763,2.197406444153151,False,91.10000000000036,9.927685892260511,1.745695513126268,-150.38759489222295,-32.735786404435075,10.079999999996906,80.02699999999385,-3.0465631311139543,-4.944486643540912,-74.83529346347402,-117.8570497092727
13456610.0,-2.7249,-2.2419,9.8825,0.0068,-0.0328,9.8066,0.082,-0.0468,0.1184,292.47,-88.63,-158.17,52.20282,-2.199965,10.76,2,78.84,25 / 25,12.953826626679009,6.453600701604995,-0.2428152888934279,-74.25589764624155,85.77845244775362,2.1727851652637176,False,91.20000000000073,9.749960360103518,1.7738018424948359,-149.41308763876106,-32.557874522087324,9.910000000001414,79.68899999999657,-3.2038662665754902,-4.679798859110159,-75.1571899925195,-118.33632696984094
13456710.0,-2.4015,-0.9486,9.3897,0.0016,0.0011,9.8066,-0.0373,-0.1769,0.1832,288.72,-88.64,-161.88,52.20282,-2.199965,10.76,2,78.84,25 / 25,13.028035194159388,6.121298803498407,-0.2598702888931797,-72.95680455521854,86.40719742299964,2.1476508863747528,False,91.29999999999927,9.785286512636723,1.7968188525943571,-148.43858038530647,-32.37996263975577,9.948888888887476,79.59500000000342,-3.2427486815226647,-4.32447995090405,-75.48177583008793,-118.78716006275542
13456810.0,-1.8905,-1.0058,11.0557,-0.0238,-0.0223,9.8066,-0.0045,-0.1586,0.0511,292.27,-88.61,-158.37,52.20282,-2.199965,10.76,2,78.84,25 / 25,13.061509610063819,5.8512347218708065,-0.21826528889302832,-71.65232731500264,87.00582409927028,2.1237441074853556,False,91.39999999999964,9.681539160123327,1.913835779857148,-147.47088786787168,-32.179811771142795,9.868888888890343,78.81800000001414,-3.379970449940492,-3.9373989420136586,-75.81856055286904,-119.18563587041308
13456910.0,-1.513,2.8497,11.006,0.042,-0.0176,9.8065,-0.2486,-0.2837,0.269,293.08,-88.49,-154.82,52.20282,-2.199965,10.76,2,78.84,25 / 25,12.926543546478532,5.69576353024367,-0.0958452888925829,-70.35292465717079,87.58317401187811,2.108038578596018,False,91.5,9.590993449873656,1.7319140956190868,-146.51682482249169,-32.013019381927464,9.74611111111111,79.764,-3.3355500966048766,-3.963849434624583,-76.1639001653209,-119.59619339380558
13457009.0,-1.1153,2.0388,11.3534,-0.0217,-0.0777,9.8063,0.1167,-0.1618,0.1079,294.99,-88.49,-155.52,52.20282,-2.199965,10.76,2,78.84,25 / 25,12.666689460444797,5.639570537202651,0.04008666110763698,-69.08605962332604,88.14427304821761,2.1052785265206584,False,91.59900000000016,9.464060179386195,1.7921915389555587,-145.58579558495552,-31.836886618403557,9.632261111109269,79.27691999999212,-3.202629281058602,-3.8473789982470925,-76.49973596162948,-119.98115966662117
13457110.0,0.1717,2.0393,9.4245,0.0176,0.0188,9.8065,-0.0769,-0.3844,0.0834,277.1,-88.21,-172.84,52.20282,-2.199965,10.76,2,78.84,25 / 25,12.46742587209966,5.620198852624416,0.09889896110796755,-67.81678679902541,88.71289140240708,2.112297300442586,False,91.70000000000073,9.419763818436323,1.792997414434066,-144.6427724119513,-31.65719561581693,9.58888888888016,79.22299999999021,-3.0476620536633376,-3.82720143819035,-76.8259856129259,-120.37008701822401
13457210.0,-4.496,-3.2434,8.694,-0.0458,-0.0553,9.8063,-0.0818,-0.3564,0.3307,280.83,-87.99,-168.9,52.20282,-2.199965,10.76,2,78.84,25 / 25,12.507302429226266,5.359440127415434,0.024158961109055258,-66.56805038397728,89.26187335140108,2.1184501965533475,False,91.79999999999927,9.175688342623667,1.7912193880129375,-143.7295977829003,-31.468164241060688,9.34888888889762,78.95400000000978,-3.331614086602599,-3.5682207394024967,-77.16154739892302,-120.73003759246177
13457310.0,-2.4921,-3.4626,11.3941,-0.0507,-0.0791,9.8061,-0.1706,-0.2071,0.4583,294.98,-88.21,-152.69,52.20282,-2.199965,10.76,2,78.84,24 / 24,12.746451383529212,4.888541434681498,0.04789896110914171,-65.30536269333491,89.77427242950779,2.1220530926642707,False,91.89999999999964,9.05730041716631,1.8029237790980597,-142.82323788979335,-31.29025235871254,9.235000000002072,78.74200000000386,-3.6891509663629023,-3.0856176555834383,-77.51787519645843,-121.06452478822033
13457410.0,-4.066,-0.7621,7.3031,-0.0404,-0.0357,9.8064,-0.3731,-0.11,-0.1205,288.8,-88.14,-163.63,52.20282,-2.199965,10.76,2,78.84,24 / 24,12.836832888701757,4.462805232631141,0.002093961108975112,-64.02619847971872,90.24183976287512,2.1245527387751855,False,92.0,8.985531554305437,1.7591456351290755,-141.9305074687412,-31.112340475657476,9.156111111111112,78.923,-3.85130133439632,-2.7036595975020656,-77.9043089890225,-121.35418023853259
13457510.0,-2.1251,0.6048,10.5861,-0.0022,0.0364,9.8065,0.1806,-0.4285,0.0657,284.96,-87.95,-167.17,52.20282,-2.199965,10.76,2,78.84,24 / 24,12.769265121636101,4.129741963877712,-0.08411103889133846,-62.745893579197165,90.67146712270213,2.1204518848860525,False,92.10000000000036,8.806709388044425,1.7298828730569749,-141.0582212558258,-30.945548085735226,8.97499999999809,78.88699999999443,-3.9625557335916763,-2.399859090820737,-78.31232767662863,-121.61701520843735
13457610.0,-2.4214,-0.4602,7.9067,0.033,-0.0583,9.8064,-0.0435,-0.2808,0.1899,283.66,-87.06,-169.71,52.20282,-2.199965,10.76,2,78.84,24 / 24,12.726401835254178,3.8791808792707645,-0.14013603889154222,-61.471110231348014,91.07191326486101,2.109239530996868,False,92.20000000000073,8.694423450845129,1.7561038856675253,-140.1927497789384,-30.76763620268016,8.869999999992249,78.58099999998247,-4.031978384409049,-2.123076993603239,-78.7216395475904,-121.83954946754116
13457710.0,-1.6012,-1.2361,9.4704,-0.022,-0.0427,9.8065,0.1216,-0.0071,-0.0179,289.89,-86.91,-166.25,52.20282,-2.199965,10.76,2,78.84,24 / 24,12.769614927730064,3.626372609025848,-0.2519460388899151,-60.196309393217355,91.44719093927039,2.0896354271080804,False,92.29999999999927,8.47086676529309,1.7852460219769393,-139.34772251029062,-30.5897243203486,8.656944444452193,78.09900000001753,-4.298748162436974,-1.8411265870489086,-79.15141311707328,-122.03691525961898
13457810.0,-1.7131,-0.8763,11.8474,0.0337,0.0302,9.8065,0.1392,-0.0782,-0.086,299.42,-86.67,-156.29,52.20282,-2.199965,10.76,2,78.84,24 / 24,12.81036688674278,3.3983533199540155,-0.16672103888960502,-58.91731030248906,91.79842723572065,2.068702073219028,False,92.39999999999964,8.366637411675502,1.799914807305589,-138.51632471359315,-30.411812437293534,8.558055555557354,77.85900000000436,-4.443729475067279,-1.5984385126484264,-79.5990144111041,-122.21023967301419
13457910.0,-1.4277,-6.3606,12.4647,0.003,0.0098,9.8066,0.1791,-0.2042,0.0909,301.61,-86.73,-156.95,52.20282,-2.199965,10.76,2,78.84,24 / 24,13.04999737723108,3.0378187663459357,0.06821896111124978,-57.62429208928566,92.12023584003683,2.0637769693300925,False,92.5,8.323512923731084,1.5305038206098502,-137.68492691692327,-30.26725903363692,8.463055555555554,79.581,-4.726484453499996,-1.5073149457360855,-80.06063482763761,-122.38749487367375
13458010.0,-0.9714,1.1992,10.1032,0.0504,-0.0168,9.8065,0.0583,-0.0227,-0.2207,301.41,-86.6,-158.88,52.20282,-2.199965,10.76,2,78.84,24 / 24,13.21641051890669,2.7630350345578463,0.21594896111178727,-56.31097169447399,92.41027853008308,2.077985365441296,False,92.60000000000036,8.057507046362508,1.8540018520872676,-136.8876028004446,-30.06710816573127,8.268055555553863,77.04200000002305,-5.158903472544182,-0.9090331824705786,-80.5766311059706,-122.47738669581435
13458109.0,-0.3728,-4.1071,10.3531,0.063,0.0256,9.8064,0.1518,-0.4018,-0.0339,302.04,-85.84,-159.82,52.20282,-2.199965,10.76,2,78.84,24 / 24,13.312469863421322,2.5926779835670866,0.25767746111185474,-54.99779211554663,92.67538632448068,2.101429873341404,False,92.69900000000052,8.005927785146937,1.6585034054023287,-136.09825192510544,-29.91299199721019,8.175930555552373,78.29633000004333,-5.306542078274385,-0.9341745781647579,-81.10045980955881,-122.58837832169087
13458210.0,-2.0404,-2.7147,10.6981,0.0323,-0.0015,9.8066,0.0536,-0.2441,0.0619,305.71,-84.96,-160.08,52.20282,-2.199965,10.76,2,78.84,24 / 24,13.537476941755498,2.265191791553557,0.33029141111095506,-53.641869801902004,92.92070874812124,2.131122301388288,False,92.79999999999927,7.863049260998636,1.647976637638902,-135.30658403958662,-29.74464287832764,8.033888888894023,78.16300000000531,-5.674427680756862,-0.6172151539146551,-81.66471423768462,-122.66535162644888
13458310.0,-1.3915,-1.755,10.0467,0.0196,-0.0338,9.8066,0.1256,-0.6464,0.0344,311.43,-84.39,-158.53,52.20282,-2.199965,10.76,2,78.84,23 / 24,13.612729532355047,1.95496710298467,0.38686641111116093,-52.28435947819154,93.13171669284893,2.1669801924995244,False,92.89999999999964,7.552538365236934,1.6416113116386726,-134.56377781140688,-29.577850486990947,7.728888888894437,77.73700000000774,-6.060191167118113,-0.31335579134599745,-82.27941833321535,-122.70956717983987
13458410.0,-2.8951,-2.83,8.9603,-0.0014,-0.0815,9.8063,-0.0685,-0.3682,0.018,313.45,-83.94,-157.69,52.20282,-2.199965,10.76,2,78.84,23 / 24,13.637920860676651,1.6041246529445967,0.3565514111110507,-50.921826958535,93.30967128064604,2.2041510836107703,False,93.0,7.426719260383196,1.5658674999671178,-133.827786319283,-29.422177590201713,7.59,78.094,-6.211201600293455,-0.03825715297747889,-82.905959360748,-122.73184887084776
13458510.0,-4.9653,-4.5711,9.4655,-0.0018,-0.0166,9.8066,-0.065,-0.6625,0.1072,324.54,-83.38,-152.04,52.20282,-2.199965,10.76,2,78.84,23 / 24,13.56936668075746,1.0334861652593998,0.2971764111108348,-49.56146258145834,93.44155182155673,2.2368374747219835,False,93.10000000000036,7.281762706463544,1.526280408942994,-133.10542429918706,-29.26650469341269,7.439999999997746,78.16199999999945,-6.287603974293916,0.49279424368359415,-83.54396171772872,-122.70805651496941
13458610.0,-4.2492,-5.8445,12.0502,0.0285,-0.0459,9.8065,-0.1264,-0.5597,-0.0156,326.98,-82.96,-151.46,52.20282,-2.199965,10.76,2,78.84,23 / 24,13.474240646956263,0.30479243618640117,0.39229641111118096,-48.20928221506774,93.50846575162926,2.2713111158332095,False,93.20000000000073,7.159721909936967,1.5046142237384932,-132.3898770151743,-29.11083179591755,7.316111111096377,78.13200000002286,-6.314518737019296,1.199821787552092,-84.18059480010658,-122.61929754754681
13458709.0,-6.7388,-5.1365,9.1086,0.0596,-0.0065,9.8064,-0.1927,-0.7132,0.0921,328.97,-82.95,-152.19,52.20282,-2.199965,10.76,2,78.84,23 / 24,13.292785834837408,-0.4792719692044375,0.4687986611113047,-46.88431440421681,93.49982901474485,2.3139353219082914,False,93.29900000000089,6.782362973359349,1.3486828962158628,-131.72871132479975,-28.989740520609782,6.915161111119067,78.75371999998767,-6.51042286147806,1.8279548654203004,-84.84439692058294,-122.48956953535463
13458810.0,-5.414,-4.0245,10.9871,0.0139,-0.0488,9.8065,0.0305,-0.6741,0.0881,332.57,-82.88,-151.71,52.20282,-2.199965,10.76,2,78.84,23 / 24,12.975880353586463,-1.2206495839239182,0.49315986111100285,-45.557746761717844,93.41398297631292,2.3625142272799162,False,93.39999999999964,6.598000526198689,1.081883009599032,-131.06781822377937,-28.88844194246269,6.686111111115204,80.68799999996493,-6.377879827387774,2.30253259352295,-85.51007146206152,-122.30242491877561
13458910.0,-4.884,-1.9015,9.1927,0.0295,-0.0431,9.8064,-0.1532,-0.7326,0.0361,337.77,-82.27,-150.88,52.20282,-2.199965,10.76,2,78.84,23 / 24,12.625565128328843,-1.7404362093299992,0.5214848611111059,-44.277674487617425,93.26592868664969,2.4132464633912063,False,93.5,6.246520196242491,1.1631377606630864,-130.45449198033765,-28.76612752365848,6.353888888888888,79.452,-6.379044932086352,2.9035739699930856,-86.17681749272023,-122.03205621030817
13459010.0,-4.8225,-3.216,11.1002,0.0355,-0.0265,9.8065,-0.0335,-0.898,0.06,339.12,-82.12,-151.42,52.20282,-2.199965,10.76,2,78.84,23 / 24,12.252784949978494,-2.1923500979247574,0.5554648611112296,-43.03375698369753,93.06928937128623,2.467093949502519,False,93.60000000000036,6.114201958927605,1.0689685410826752,-129.8479804728972,-28.65493259657264,6.206944444441135,80.0830000000109,-6.138582991050889,3.261318639007433,-86.81422348919968,-121.72422196785887
13459110.0,-7.3456,-2.7145,9.0799,0.0573,-0.0162,9.8064,-0.1041,-0.9644,0.1131,340.43,-81.74,-154.23,52.20282,-2.199965,10.76,2,78.84,23 / 24,11.76866728046466,-2.7144255413778593,0.5838048611113328,-41.832684372171,92.8239505893202,2.5240574356138543,False,93.70000000000073,5.9454995126769346,0.9755309040117829,-129.255098437566,-28.565976655752834,6.024999999993705,80.68200000003806,-5.823167767787726,3.689956445389642,-87.422414065395,-121.38992724507304
13459210.0,-5.2688,-2.8563,10.385,0.0435,0.0107,9.8065,0.0571,-0.7341,-0.0024,338.42,-81.66,-158.63,52.20282,-2.199965,10.76,2,78.84,23 / 24,11.260297217398653,-3.23010983040909,0.5763848611114408,-40.68123614729459,92.52672382073519,2.5820669217241488,False,93.79999999999927,5.791062082302788,0.8419345223070213,-128.67584587436883,-28.488140206658077,5.85194444445074,81.72799999996195,-5.4692351350958655,4.072044352716111,-87.99460972707425,-121.01486402739326
13459310.0,-6.2365,-0.9521,9.6316,0.0327,-0.004,9.8065,-0.0033,-0.8507,-0.0372,339.48,-81.45,-161.55,52.20282,-2.199965,10.76,2,78.84,23 / 23,10.77746545232355,-3.6489056293729774,0.5965498611115143,-39.57934801380447,92.18277304774483,2.64071365783551,False,93.89999999999964,5.589972210817716,0.5085305812690547,-128.1170375192005,-28.44366223624676,5.6130555555599,84.80199999994409,-5.187493241505835,4.157436210642032,-88.53768950539603,-120.62643528399158
13459410.0,-4.2675,-0.3994,9.9093,0.0242,-0.0199,9.8065,0.145,-0.6508,-0.1563,339.46,-81.2,-165.48,52.20282,-2.199965,10.76,2,78.84,23 / 23,10.293957400859586,-3.931432919915459,0.5929298611115013,-38.52577687114148,91.80375612027903,2.7001876439468773,False,94.0,5.172322314232417,0.6161212011313428,-127.61274705238648,-28.376945280278342,5.208888888888889,83.20700000000001,-5.121635086627169,4.547554121046802,-89.086970181245,-120.18070140055738
13459509.0,-3.2752,-0.0514,10.4371,0.0483,0.0192,9.8065,0.0355,-0.7782,0.0549,338.41,-80.92,-169.91,52.20282,-2.199965,10.76,2,78.84,23 / 23,9.938397076594066,-4.120943672000405,0.6292183111115599,-37.52427532450591,91.40516347897855,2.7606839784720165,False,94.09900000000016,5.219682750142811,0.3696249005895761,-127.09325972418765,-28.35492868457526,5.232813888889275,85.94930000004435,-4.718714326451256,4.490568572589981,-89.56898439968174,-119.76009216355381
13459610.0,-1.5696,0.1939,10.3166,0.0338,0.0077,9.8065,0.0704,-0.5006,-0.17,335.48,-80.88,-172.99,52.20282,-2.199965,10.76,2,78.84,23 / 23,9.695453176405358,-4.244263851744932,0.6868085111118835,-36.532765886723865,90.98272049902704,2.827143332994674,False,94.20000000000073,4.94131637321737,0.2736671962437913,-126.59735138265292,-28.33246730916132,4.948888888884786,86.83000000008025,-4.754136803187988,4.517931047988723,-90.06458549592905,-119.31518780818836
13459710.0,-4.8287,-1.5303,10.7171,0.0723,0.0094,9.8063,0.0469,-0.7018,0.0257,333.87,-80.57,-178.54,52.20282,-2.199965,10.76,2,78.84,23 / 23,9.424600119287598,-4.4792673713786355,0.75782851111085,-35.57676322195313,90.5465439378772,2.8993751841047595,False,94.29999999999927,4.835426624700693,0.08136360480218163,-126.12031985999288,-28.321347817443957,4.836111111115214,89.03599999991975,-4.589173494586905,4.560630976180817,-90.54355663803975,-118.86789175532115
13459810.0,-2.7943,-0.3507,10.818,0.0387,-0.0302,9.8065,0.05,-0.3208,-0.1258,331.93,-80.34,178.25,52.20282,-2.199965,10.76,2,78.84,23 / 23,9.115271900294495,-4.772100808904969,0.8539185111111997,-34.64976962097065,90.08397552886134,2.979962535216155,False,94.39999999999964,4.845194806356614,-0.23951263180898014,-125.6364736013165,-28.354706294719424,4.851111111110839,92.82999999993099,-4.270077093937881,4.532588177095989,-90.98670398034585,-118.43868182358077
13459910.0,-0.9808,0.8019,9.4227,0.0529,-0.0312,9.8064,0.0261,-0.423,-0.0615,332.85,-79.64,175.14,52.20282,-2.199965,10.76,2,78.84,23 / 23,8.927397616697032,-4.876712605266035,0.8852885111113139,-33.747636145117795,89.60153485815104,3.066922886327597,False,94.5,4.586121150901991,-0.33107050793555826,-125.17988628672187,-28.38806477341116,4.598055555555556,94.129,-4.341276465795041,4.545642097330477,-91.43225014160407,-117.9895996315622
13460009.0,-1.2285,-1.1902,10.292,0.0284,-0.0149,9.8065,0.0832,-0.2561,-0.1177,330.27,-79.27,172.5,52.20282,-2.199965,10.76,2,78.84,23 / 23,8.832221472514796,-4.98133665306823,0.8903078111113221,-32.86853500020039,89.1135614198627,3.15481490427776,False,94.59900000000016,4.622679597248416,-0.4799929310858845,-124.7211182566343,-28.443106261618492,4.647555555556356,95.92783000002909,-4.20954187526638,4.501343721982346,-91.85258325643392,-117.5566676814812
13460110.0,-0.2561,0.0026,9.7528,0.0443,-0.0184,9.8065,0.0314,-0.2712,-0.1132,328.59,-78.7,169.71,52.20282,-2.199965,10.76,2,78.84,23 / 23,8.787957276284775,-5.108503847895632,0.9120985611114446,-31.97871597338101,88.60402447456117,3.245836426075521,False,94.70000000000073,4.639947842030192,-0.7295006082113055,-124.2530821855069,-28.52149868535001,4.696944444438695,98.93500000011169,-4.1480094342545835,4.379003239684327,-92.27436621212588,-117.12552315991118
13460209.0,-0.5825,-0.3248,10.6862,0.0164,-0.015,9.8066,0.0301,-0.3041,-0.093,328.79,-78.41,167.52,52.20282,-2.199965,10.76,2,78.84,23 / 23,8.752305119459487,-5.18064361953359,0.9529707111115108,-31.110472984790267,88.0947116749226,3.3381573550507064,False,94.79900000000089,4.441624176789791,-0.941929748037517,-123.82130051014599,-28.620573364256046,4.54046944444755,101.97429999993969,-4.310680942669697,4.238713871496072,-92.71082752535573,-116.71528503917865
13460314.0,0.2418,0.3251,9.5397,0.0327,0.0109,9.8066,0.0578,-0.2731,0.1949,327.47,-78.21,165.97,52.20282,-2.199965,10.76,2,78.84,23 / 23,8.72794719352669,-5.229131573646206,0.985132211111377,-30.19275973836231,87.54819847728294,3.439907758466985,False,94.90400000000045,4.456442362886553,-1.1185372640633466,-123.34999336572972,-28.73855118116871,4.594911111111592,104.0911199999716,-4.271504830640137,4.11059430958286,-93.1572336273674,-116.28674965845164
13460410.0,-2.9779,-1.5386,7.8813,0.0332,-0.0095,9.8066,-0.1492,-0.3552,0.1976,330.29,-78.18,167.15,52.20282,-2.199965,10.76,2,78.84,23 / 23,8.63349766509218,-5.380513739179924,0.8799018111118716,-29.35941038515252,87.03893550226968,3.5294293915332804,False,95.0,4.348070380121621,-1.3271813003794637,-122.937838130146,-28.87732245003538,4.546111111111111,106.974,-4.2854272849705595,4.05333243880046,-93.57842774499349,-115.91625795230506
13460510.0,-0.3352,-0.0812,11.216,-0.0133,0.0239,9.8065,0.1256,-0.0367,0.0201,329.7,-78.16,166.68,52.20282,-2.199965,10.76,2,78.84,23 / 23,8.520511787363045,-5.570206320490989,0.8541018111117777,-28.501709912526636,86.49139949928414,3.616129572644778,False,95.10000000000036,4.324260787276562,-1.4749624817648006,-122.50850975971602,-29.021875854399322,4.568888888886782,108.83400000006853,-4.196251000086483,4.095243838726189,-94.00679984718938,-115.51327535368347
13460610.0,3.2111,-3.4953,10.2789,0.073,-0.0077,9.8063,-0.4019,-0.5197,0.4502,327.74,-77.95,165.38,52.20282,-2.199965,10.76,2,78.84,23 / 23,8.728603857754763,-5.681571326726774,0.9481818111121201,-27.63925413026761,85.92881061692121,3.706243753756301,False,95.20000000000073,4.111076518018564,-1.7113601736323136,-122.09962559739492,-29.199787737455196,4.453055555559486,112.60100000006653,-4.617527339736199,3.9702111530944597,-94.46037146712732,-115.12859835437641
13460710.0,2.2863,0.1349,12.4172,-0.0134,0.0116,9.8066,-0.4332,-0.0431,-0.0456,330.25,-78.23,165.61,52.20282,-2.199965,10.76,2,78.84,23 / 23,9.04484104078998,-5.718349167054422,1.1023218111098771,-26.750581885353306,85.35881459224045,3.808768934865909,False,95.29999999999927,4.152742221895467,-1.8863898341412144,-121.69074143513812,-29.399938606050767,4.561111111107181,114.42999999993347,-4.892098818894512,3.8319593329132076,-94.94015954978482,-114.75875319829122
13460810.0,0.6071,-2.7516,15.1837,0.0412,-0.0709,9.8062,0.0367,-0.4099,0.0483,327.36,-78.45,164.37,52.20282,-2.199965,10.76,2,78.84,23 / 23,9.231914924609592,-5.792544217230854,1.50170181111133,-25.836744087080003,84.7832699230241,3.938970115977443,False,95.39999999999964,3.88658043644669,-2.060270848176177,-121.30230148095265,-29.611208965675193,4.39888888889184,117.92799999993638,-5.345334488162902,3.732273369054677,-95.46555739387264,-114.39447888869928
13460909.0,-1.472,-0.2232,11.7641,0.0749,-0.1175,9.8056,-0.0453,-0.0721,0.1378,326.91,-77.68,164.23,52.20282,-2.199965,10.76,2,78.84,23 / 23,9.268238706597579,-5.977233305800114,1.8647595611119172,-24.920986482333767,84.20066593563313,4.105609953902763,False,95.4989999999998,3.836582968134764,-2.290159930497283,-120.93123910367137,-29.84238321950678,4.468188888888736,120.8336499999936,-5.4316557384628155,3.6870733753028313,-96.0102526213376,-114.0430491551399
13461009.0,1.0788,-3.4557,12.6709,-0.0283,0.0525,9.8064,0.7052,0.067,-0.1849,328.39,-77.22,165.0,52.20282,-2.199965,10.76,2,78.84,23 / 23,9.341326459112352,-6.183113556732315,2.1058445611127943,-23.990508224044884,83.59264859250429,4.304140160014721,False,95.59900000000016,3.633034196841195,-2.4690737167075443,-120.57666838756987,-30.086900862212957,4.392713888887657,124.20128000005397,-5.708292262271157,3.7140398400247707,-96.58616016352498,-113.67954945471725
13461110.0,2.6235,-2.2078,14.3724,-0.0302,0.0379,9.8065,0.4185,0.1509,-0.1558,328.62,-76.73,164.96,52.20282,-2.199965,10.76,2,78.84,23 / 23,9.641870943347245,-6.36710419435276,2.4810595611149027,-23.031856755215287,82.95886259607093,4.535778818188521,False,95.70000000000073,3.35228440281341,-2.7151107948472792,-120.24601739500092,-30.378453960024334,4.313888888885109,129.00500000016459,-6.2895865405338345,3.6519933995054807,-97.21416063978563,-113.33731655609526
13461210.0,-0.6722,1.9981,8.7072,-0.0042,0.0633,9.8064,-0.1599,0.1409,0.2374,329.45,-76.99,164.49,52.20282,-2.199965,10.76,2,78.84,23 / 23,9.72286981765318,-6.361361767536467,2.654374561112381,-22.063619717179357,82.32243929798572,4.792550524296149,False,95.79999999999927,3.052358915041315,-2.8995180726795815,-119.95298374538895,-30.66756076872471,4.210000000003779,133.5289999998354,-6.6705109026118645,3.4618436948568854,-97.8893640282096,-112.99000006671044
13461310.0,4.663,0.3124,13.207,-0.1052,0.0738,9.8057,0.2315,0.4723,-0.3754,332.63,-77.44,166.3,52.20282,-2.199965,10.76,2,78.84,23 / 23,9.832973156986322,-6.208279471235729,2.7694195611127994,-21.085827568443825,81.69395723604482,5.063740230408395,False,95.89999999999964,2.8767992057825675,-3.004933664761277,-119.66676483175038,-30.967787070583988,4.16000000000091,136.24799999995054,-6.956173951203754,3.2033458064744518,-98.58093726330657,-112.6617443066288
13461410.0,-2.2975,-1.8259,9.7377,0.0211,-0.0868,9.8062,-0.3014,-0.0862,0.1445,331.56,-77.32,166.06,52.20282,-2.199965,10.76,2,78.84,23 / 23,9.964586470162905,-6.258956787426589,2.9359895611134057,-20.095949587082764,81.07059542310944,5.349010686520743,False,96.0,2.673513303075251,-3.099262879967405,-119.40780486230246,-31.279132865576486,4.093055555555555,139.218,-7.291073167087654,3.159693907459184,-99.3118552752197,-112.34972828868592
13461510.0,0.0207,0.0363,7.8036,-0.0121,-0.0211,9.8066,-0.0586,0.6328,-0.148,331.82,-76.71,167.22,52.20282,-2.199965,10.76,2,78.84,23 / 23,9.896645345161767,-6.428680474200444,2.832389561113029,-19.102887996312916,80.43621356002578,5.637429642633114,False,96.10000000000036,2.592281189499072,-3.2805134290259828,-119.15565962891,-31.612717645420783,4.181111111110581,141.68400000007912,-7.304364155662695,3.1481670451744614,-100.05277163259709,-112.04893120544656
13461610.0,-5.0375,-0.4488,9.4874,0.0736,-0.0305,9.8062,-0.0999,-0.3244,0.4042,327.16,-76.13,166.7,52.20282,-2.199965,10.76,2,78.84,23 / 23,9.68821308803517,-6.619207314293148,2.7162745611126065,-18.123645074649506,79.78381917059872,5.914862848745405,False,96.20000000000073,2.319694866359282,-3.4434950844597347,-118.93077333962736,-31.957421918397895,4.1519444444395734,146.03400000006948,-7.368518221675888,3.1757122298334135,-100.80712826497786,-111.74124108899662
13461709.0,3.3045,0.7532,9.7103,-0.0544,-0.039,9.8064,-0.0584,0.3174,-0.1652,329.34,-76.13,168.46,52.20282,-2.199965,10.76,2,78.84,23 / 23,9.604297968209329,-6.694621275593105,2.695702361112573,-17.16866577736386,79.12478465539829,6.182755706395985,False,96.29900000000089,2.134445671640069,-3.4058023804458486,-118.72837567930698,-32.29867914721921,4.019394444447075,147.92489999996246,-7.469852296569259,3.288818895147257,-101.55970990194312,-111.4234638026175
13461810.0,4.7829,1.2183,11.0108,0.0356,-0.0272,9.8065,-0.0031,-0.3514,0.3498,327.9,-76.06,168.99,52.20282,-2.199965,10.76,2,78.84,23 / 23,9.89180789626446,-6.434038734055996,2.7516462611118797,-16.184112431220132,78.46178732491923,6.457846811814911,False,96.39999999999964,1.9464989072335577,-3.5081106352917777,-118.54233338546051,-32.64683046361345,4.011944444444556,150.97599999994486,-7.945308989030902,2.925928098764218,-102.35822095424038,-111.10861778853268
13461910.0,4.7252,2.0134,9.9507,-0.0257,-0.0288,9.8065,0.0964,0.1043,0.0859,329.31,-75.78,170.5,52.20282,-2.199965,10.76,2,78.84,23 / 23,10.205345924736005,-6.085533549473299,2.819056261112125,-15.179254740166453,77.83580871074048,6.736381937927125,False,96.5,1.6631281261581652,-3.597195320301829,-118.39240919261334,-33.01377372144154,3.963055555555555,155.187,-8.54221779857784,2.4883382291714695,-103.21315445244689,-110.84958243218202
13462010.0,3.1354,0.1934,9.0735,0.0013,0.0221,9.8066,0.0149,-0.2847,0.3933,331.49,-75.59,172.33,52.20282,-2.199965,10.76,2,78.84,23 / 23,10.480648344639397,-5.832099147435677,2.789601261112018,-14.14495502669392,77.23992707589287,7.0168148140393525,False,96.60000000000036,1.6838975330815038,-3.6240023607092375,-118.22204079163092,-33.38071697927004,3.9961111111109795,155.07800000004445,-8.796750811557892,2.20809678672644,-104.077085764937,-110.6206440551629
13462110.0,-3.2775,-0.1915,9.1104,-0.0453,0.0048,9.8065,0.0445,-0.107,0.1811,332.71,-75.85,174.58,52.20282,-2.199965,10.76,2,78.84,23 / 23,10.461820947437577,-5.869168097898612,2.718131261111758,-13.097831562086261,76.65486371362402,7.292201440151543,False,96.70000000000073,1.525130873115553,-3.685812039125829,-118.07893133486692,-33.74766023709936,3.988888888888383,157.5210000001254,-8.936690074322023,2.183356058772783,-104.98109977278067,-110.40252395072338
13462210.0,-1.8704,1.8074,7.8241,0.02,-0.0029,9.8065,-0.076,-0.331,0.4047,335.42,-75.62,176.41,52.20282,-2.199965,10.76,2,78.84,23 / 23,10.185962977244353,-5.9458852385798195,2.5841912611137072,-12.065442365867188,76.0641110468087,7.557317566258958,False,96.79999999999927,1.2962323188704195,-3.7577129714119657,-117.96308082219501,-34.13684248045117,3.9750000000005055,160.9679999998746,-8.889730658373933,2.188172267167854,-105.89763845632783,-110.20095352725988
13462310.0,-2.12,0.1402,10.8632,-0.0439,0.0338,9.8064,0.14,-0.1617,0.1998,337.09,-75.73,179.08,52.20282,-2.199965,10.76,2,78.84,22 / 22,9.949600146634136,-5.973286466674184,2.537891261113539,-11.058664209669601,75.46815246154384,7.813421692371252,False,96.89999999999964,1.2212208716529713,-3.827974664253092,-117.84041557351246,-34.5149052314131,4.018055555554772,162.30599999997568,-8.728379274981165,2.1453118024210918,-106.78175136384286,-109.98305769295695
13462410.0,1.1628,-0.0467,12.616,0.0007,-0.1018,9.8061,-0.2336,-0.3495,0.1675,337.55,-75.67,-178.84,52.20282,-2.199965,10.76,2,78.84,22 / 22,9.889832859700388,-6.02367228813465,2.7311862611142423,-10.066692559349265,74.86830452380121,8.076875568483599,False,97.0,1.0850385436169592,-4.008810522635916,-117.74500926899297,-34.9263264596511,4.1530555555555555,164.855,-8.804794316083429,2.0148617654987335,-107.67831670964371,-109.79463098345232
13462510.0,-2.2039,0.6088,9.2872,0.0252,-0.0647,9.8064,-0.2239,-0.1766,0.4526,340.63,-75.08,-176.37,52.20282,-2.199965,10.76,2,78.84,22 / 22,9.815291119209029,-6.046619418157145,2.845681261114659,-9.081436360400211,74.26478993848443,8.355718944596058,False,97.10000000000036,0.8934292996785094,-4.057808409291861,-117.66323243650164,-35.337747688597645,4.155000000005296,167.58300000002703,-8.92186181953052,1.9888110088652837,-108.58179607610143,-109.60253762708207
13462609.0,-0.8011,0.4745,11.532,0.0254,-0.0129,9.8066,0.1026,-0.4133,0.4011,345.36,-74.95,-173.28,52.20282,-2.199965,10.76,2,78.84,22 / 22,9.640784890018073,-6.07536187544824,2.9053733111147557,-8.118360597941912,73.66475186445,8.640396145921875,False,97.19900000000052,0.8436046838060886,-4.36236568429886,-117.58227337238905,-35.77807959775754,4.443200000009955,169.05414000005084,-8.797180206211985,1.7129961911493803,-109.46391277444714,-109.44283146220754
13462710.0,-4.3536,0.5113,9.9941,-0.0081,-0.0244,9.8066,-0.0633,-0.4313,0.1022,348.53,-74.63,-172.29,52.20282,-2.199965,10.76,2,78.84,22 / 22,9.355011454733322,-6.113908988122241,3.001969711113559,-7.159072882543853,73.04919368584731,8.938716968540708,False,97.29999999999927,0.7666404777212852,-4.376414633883899,-117.51330824368888,-36.21618760857813,4.443055555555667,170.0639999999638,-8.588370977012037,1.7374943542383425,-110.35423536114503,-109.26538129442545
13462809.0,-3.4637,-1.7589,9.187,-0.0085,0.0038,9.8066,0.0447,-0.2745,0.1049,348.92,-74.55,-171.98,52.20282,-2.199965,10.76,2,78.84,22 / 22,8.96666942262263,-6.282176085922041,2.9805758111135243,-6.252149679113267,72.43558747468113,9.234852971891428,False,97.39899999999943,0.7046638735503493,-4.535204624458999,-117.44584235688369,-36.66752781593889,4.589630555552539,171.16784999997728,-8.262005549072281,1.7469714614630414,-111.19369267777041,-109.10311529062002
13462910.0,-7.3419,-1.4366,10.0592,0.0065,0.02,9.8066,0.013,-0.8646,0.2264,349.96,-74.5,-172.24,52.20282,-2.199965,10.76,2,78.84,22 / 22,8.438239534669522,-6.571237232613146,2.9620372611134203,-5.373201776765074,71.78649010209145,9.534954932040575,False,97.5,0.6025379595529405,-4.609676334465615,-117.39064299500588,-37.13910549971489,4.648888888888889,172.553,-7.835701575116582,1.961560898147531,-112.0174412182408,-108.92559560180634
13463010.0,-0.9045,-0.0044,9.8303,0.0348,0.0324,9.8065,-0.0702,-0.4477,0.144,352.09,-74.53,-172.76,52.20282,-2.199965,10.76,2,78.84,22 / 22,8.02246190215059,-6.743687292387314,2.9758472611134708,-4.550166704921074,71.120743875839,9.831849158153,False,97.60000000000036,0.5678742215017625,-4.677599738767604,-117.33612510667832,-37.60612419149702,4.711944444448068,173.0780000000058,-7.454587680648828,2.0660875536197096,-112.78595840175726,-108.72686806733601
13463110.0,-3.6346,0.9938,9.4484,0.0721,0.0311,9.8062,0.0406,-0.7673,0.2147,352.03,-74.82,-174.38,52.20282,-2.199965,10.76,2,78.84,22 / 22,7.768205436210182,-6.756998960547782,2.95911726111341,-3.7606333380001633,70.44570956318978,10.128597384265424,False,97.70000000000073,0.5647245571045899,-4.8785344644001905,-117.28160721837813,-38.095381868838274,4.911111111117073,173.39700000002597,-7.203480879105592,1.8784644961475916,-113.52097388037797,-108.54109143202805
13463210.0,2.9766,-1.932,10.9858,0.0621,-0.0022,9.8064,0.0557,-0.7031,0.0497,351.69,-74.72,-176.3,52.20282,-2.199965,10.76,2,78.84,22 / 22,7.720050296041474,-6.838023158355437,3.0001622611128127,-2.9862205513988496,69.76595845725451,10.4265613603724,False,97.79999999999927,0.5207910536645218,-5.0482077689376395,-117.23390406610942,-38.606878530983586,5.074999999994038,174.10999999997406,-7.199259242376952,1.7898153894177975,-114.24768351471057,-108.3728369882381
13463310.0,-3.6964,-2.3111,10.7444,0.1053,-0.0214,9.806,0.0174,-0.5672,0.247,349.65,-74.37,-179.64,52.20282,-2.199965,10.76,2,78.84,22 / 23,7.698358731294024,-7.090395522884815,3.1060072611131977,-2.2153001000292702,69.06953752318996,10.731869836484812,False,97.89999999999964,0.5047061688086464,-4.952404345101638,-117.18620091383636,-39.09613620832485,4.978055555557319,174.1809999999987,-7.1936525624853775,2.137991177783176,-114.97090081380709,-108.16567373151481
13463410.0,-2.2328,-0.8988,10.4788,0.011,0.0083,9.8066,-0.028,-0.0417,-0.1903,348.26,-74.54,179.18,52.20282,-2.199965,10.76,2,78.84,22 / 23,7.416225952369097,-7.336050881181198,3.1865022611134908,-1.4595708658433648,68.34821520298404,11.04649531259729,False,98.0,0.534541438148786,-5.2679493591816,-117.1384977615904,-39.629871856781904,5.295,174.206,-6.881684514220312,2.0681015219995986,-115.67892689574704,-107.97808705976594
13463509.0,-3.5635,-1.5809,10.7736,0.0219,0.0156,9.8065,0.1478,-0.135,-0.0556,345.89,-74.5,177.37,52.20282,-2.199965,10.76,2,78.84,22 / 23,7.145417032259123,-7.553392110870617,3.267637711113622,-0.7387695381031025,67.61118777487629,11.36597524122305,False,98.09900000000016,0.519998759227721,-5.179864455841933,-117.08452505214625,-40.1362535523508,5.205899999998559,174.267380000001,-6.625418273031402,2.373527655028684,-116.34575551404315,-107.74744132722708
13463610.0,-1.2341,-1.0237,9.8658,-0.0166,0.0071,9.8066,-0.076,0.4946,-0.4541,343.84,-74.64,176.08,52.20282,-2.199965,10.76,2,78.84,22 / 23,6.926116621051087,-7.775491776643301,3.3194557611139133,-0.028157088606943992,66.83707913855248,11.698623461572408,False,98.20000000000073,0.5147145015539456,-5.357274958879963,-117.03627672098968,-40.686223659858726,5.381944444450559,174.51200000000009,-6.411402119497142,2.418216817763338,-117.00811963238273,-107.52330279841121
13463710.0,3.8443,-0.2754,9.9743,0.0197,-0.0179,9.8066,0.011,0.1546,-0.0905,341.34,-74.45,174.58,52.20282,-2.199965,10.76,2,78.84,22 / 23,7.050378198006194,-7.82755110927797,3.330795761113748,0.6706676523357509,66.05692699426777,12.031136037678953,False,98.29999999999927,0.5305940331027226,-5.524578714433158,-116.9817588326942,-41.2533177855421,5.549999999993886,174.51399999999992,-6.519784164903472,2.3029723948448124,-117.65242648502995,-107.31024477980986
13463810.0,0.2108,-0.0211,9.9023,0.005,-0.0091,9.8066,-0.0694,0.4065,-0.1349,340.82,-74.53,173.95,52.20282,-2.199965,10.76,2,78.84,22 / 23,7.230865263041266,-7.811257894338292,3.343960761113796,1.3847298253907216,65.27498654408411,12.364873863791544,False,98.39999999999964,0.5904951770054222,-5.676313093714619,-116.92042620833952,-41.82041191198439,5.70694444444159,174.06100000000822,-6.640370086035843,2.134944800623673,-118.30515603373024,-107.0953984560685
13463910.0,4.653,-0.9592,9.1077,-0.0333,0.001,9.8065,-0.1125,0.3007,-0.3737,342.48,-74.66,173.84,52.20282,-2.199965,10.76,2,78.84,22 / 23,7.460789136352758,-7.818949153930199,3.313795761113686,2.119312545363095,64.49347619166785,12.69776168990413,False,98.5,0.5033321451902536,-5.695859556558425,-116.87272305606622,-42.38750603771935,5.718055555555556,174.95,-6.957456991162504,2.1230895973717745,-118.99203560142932,-106.8809822293872
13464010.0,-5.6553,-1.3389,9.5025,-0.0667,-0.0289,9.8063,0.114,0.4633,-0.399,341.62,-74.35,174.61,52.20282,-2.199965,10.76,2,78.84,22 / 23,7.432938892486192,-7.981682865067562,3.263640761113504,2.863998946807752,63.703444590715094,13.026633516016686,False,98.60000000000036,0.6510411050883075,-5.945572773327366,-116.80457569571097,-42.98795864073119,5.981111111110237,173.75099999999006,-6.7818977873978845,2.0361100917401957,-119.66857464251872,-106.69140323144629
13464110.0,-2.1613,0.131,8.568,-0.0391,0.0045,9.8065,0.1182,0.3572,-0.2264,343.44,-74.35,174.22,52.20282,-2.199965,10.76,2,78.84,22 / 23,7.063058043957515,-8.193094029734528,3.1865007611132232,3.588798793632574,62.89470574597205,13.349140592129196,False,98.70000000000073,0.701880380570486,-5.891393057393378,-116.7364283353018,-43.57729175273218,5.933055555557587,173.2060000000173,-6.3611776633870285,2.30170097234115,-120.32522712893437,-106.47199749870423
13464209.0,-0.984,0.339,8.8645,-0.0613,0.0391,9.8063,0.0353,0.4105,-0.5226,342.54,-74.08,173.75,52.20282,-2.199965,10.76,2,78.84,22 / 23,6.889863216995789,-8.2496996659452,3.0785511611130487,4.279468396050879,62.080787458034585,13.659260662279898,False,98.79900000000089,0.6594849037846373,-5.951903748006591,-116.67570903722178,-44.16073153216904,5.988330555554458,173.67723999999066,-6.230378313211152,2.2977959179386103,-120.95517743327265,-106.24151899020362
13464310.0,6.6329,1.3685,9.333,0.0108,0.0291,9.8065,0.0393,0.4139,-0.2156,341.1,-74.54,172.69,52.20256,-2.199373,7.72,3,178.22,23 / 23,7.114896931508043,-8.109149803040777,3.007053261113935,4.986708783541559,61.25466555986103,13.966583685598552,False,98.89999999999964,0.8461228810269904,-6.019714793380073,-116.57968940646175,-44.76707746769122,6.078888888887252,171.99900000003063,-6.268774050481053,2.089435009660704,-121.56639819000331,-106.02174302755225
13464410.0,0.0765,0.9033,8.5074,-0.0141,-0.0433,9.8065,-0.2612,0.1354,-0.1798,343.0,-74.21,172.53,52.20256,-2.199373,7.72,3,178.22,23 / 23,7.38003734800174,-7.927019161146201,2.9184082611136124,5.711455497519685,60.45285711164877,14.262856761711006,False,99.0,1.0132360477519562,-6.191529253880614,-116.4774683658884,-45.3897690569689,6.273888888888888,170.706,-6.366801300249784,1.7354899072655865,-122.18892386340808,-105.84262616861767
13464510.0,3.5145,0.3503,10.5479,0.0397,0.0038,9.8065,-0.0812,0.38,-0.0003,341.41,-74.45,171.4,52.20256,-2.199373,7.72,3,178.22,23 / 23,7.514456504718577,-7.844384341198319,2.890508261113511,6.45618019015841,59.664286936528676,14.553302587823419,False,99.10000000000036,0.7692045804849721,-6.205564284917895,-116.40932100547809,-46.01246064624698,6.253055555557536,172.93399999995484,-6.745251924233605,1.6388200562804238,-122.8655011956365,-105.67674758277565
13464610.0,5.0,0.2706,12.7656,0.0855,-0.0808,9.8059,-0.3918,-0.4003,0.5111,344.74,-74.08,170.56,52.20256,-2.199373,7.72,3,178.22,23 / 23,7.8955339509010445,-7.726933226659709,3.075518261114184,7.226679712942194,58.885721058132944,14.85160391393589,False,99.20000000000073,1.0556085002134725,-6.273757072792681,-116.29347049282245,-46.63515223481733,6.361944444439938,170.44899999994377,-6.839925450687572,1.4531761538670276,-123.52015020576465,-105.52087329295028
13464710.0,5.0386,2.2163,9.4404,-0.0298,-0.0287,9.8065,-0.1984,0.257,-0.1816,344.48,-74.34,171.89,52.20256,-2.199373,7.72,3,178.22,23 / 23,8.327818458347629,-7.507451405590465,3.2051532611122973,8.037847333392824,58.12400182653152,15.165637490042643,False,99.29999999999927,1.2006422076385805,-6.121421028118346,-116.17080524415084,-47.24672433232142,6.238055555560062,168.90300000005624,-7.127176250709049,1.3860303774721192,-124.20865257754366,-105.37072615885293
13464810.0,-0.719,-0.3705,11.1119,-0.0013,-0.054,9.8064,-0.0428,-0.0724,0.0778,344.46,-74.33,171.55,52.20256,-2.199373,7.72,3,178.22,23 / 23,8.492887958497784,-7.394346655546629,3.252103261112468,8.878882654238154,57.378911923471954,15.488500316155056,False,99.39999999999964,1.352237420402612,-6.553897649970068,-116.03451052338666,-47.90277439816765,6.691944444436188,168.34200000001022,-7.140650538095172,0.840449005576561,-124.91339317762481,-105.2816863216396
13464910.0,2.1207,-0.036,8.617,-0.0099,-0.0394,9.8065,-0.1353,0.2606,-0.1117,340.65,-74.0,172.2,52.20256,-2.199373,7.72,3,178.22,23 / 23,8.546649155631659,-7.422566827912448,3.257883261112489,9.730859509947726,56.6380662492963,15.813999642267488,False,99.5,1.5696770355958047,-6.413770862267864,-115.87095685845874,-48.54770497300465,6.603055555555556,166.248,-6.976972120035854,1.008795965644584,-125.60181636840646,-105.18577122230096
13465010.0,0.9019,0.3082,10.5398,-0.0363,-0.0185,9.8065,-0.1199,-0.0672,-0.1306,339.63,-74.29,172.96,52.20256,-2.199373,7.72,3,178.22,23 / 23,8.668441405200022,-7.3938773895818155,3.235058261112406,10.591614037992441,55.89724403841889,16.138646718379913,False,99.60000000000036,1.7767791480165043,-6.479700900537853,-115.69377372147576,-49.19263554713452,6.718888888890602,164.66600000001853,-6.891662257183518,0.9141764890439621,-126.28538775946821,-105.0898795855534
13465110.0,-1.0986,2.9,8.1393,0.0509,-0.0307,9.8064,-0.1391,0.2088,0.2851,339.11,-74.34,172.55,52.20256,-2.199373,7.72,3,178.22,23 / 23,8.587039127520594,-7.282950707279079,3.1883482611122362,11.45438806463161,55.16340263357318,16.459817044492315,False,99.70000000000073,1.6845463267215601,-6.60151722531739,-115.53022005654731,-49.85980510894427,6.813055555551665,165.68500000001572,-6.902492800799034,0.6814334819616894,-126.98460812117892,-105.02320774251746
13465210.0,1.6181,1.1272,11.2036,0.0366,-0.0152,9.8065,-0.1577,0.2226,0.1392,341.66,-74.39,174.14,52.20256,-2.199373,7.72,3,178.22,23 / 23,8.527171809159237,-7.122928011345177,3.174828261112433,12.31009861145315,54.44310869765245,16.77797587059892,False,99.79999999999927,1.6090643974378598,-6.510210288425246,-115.36666639163377,-50.51585517473245,6.706111111115001,166.1169999999843,-6.918107411721377,0.612717722919931,-127.67676500308693,-104.9589638723849
13465309.0,1.8014,-1.2131,11.1626,-0.04,-0.0823,9.8061,-0.1345,0.3593,-0.2301,342.33,-74.19,175.07,52.20256,-2.199373,7.72,3,178.22,23 / 23,8.672118689870066,-7.108930000088034,3.3110968111126535,13.161463491156477,53.738631726085366,17.09902916167458,False,99.89899999999943,1.7819236000418048,-6.744735085405717,-115.19125508602121,-51.18736133702328,6.9761611111055535,165.20125000001886,-6.890195089828262,0.3641949146823178,-128.35271857717768,-104.92599306310865
13465410.0,1.9548,-1.8355,8.7008,-0.0161,-0.0857,9.8062,-0.1939,0.5105,-0.2164,341.13,-73.7,176.09,52.20256,-2.199373,7.72,3,178.22,22 / 23,8.88389365181671,-7.230253937603534,3.3237268611127244,14.04804211441664,53.014502937227874,17.434087757123844,False,100.0,1.6411067322693602,-6.716295724668577,-115.02592958972234,-51.86131378724124,6.913888888888889,166.269,-7.242786919547349,0.5139582129349565,-129.07397170413898,-104.8758167244691
13465509.0,5.3313,-0.4454,10.1391,-0.0172,-0.0222,9.8065,-0.1423,0.6965,-0.1801,341.14,-73.69,176.36,52.20256,-2.199373,7.72,3,178.22,22 / 23,9.245497863818507,-7.254754249731105,3.2854435611126624,14.945446994442035,52.29749503195365,17.76124169302453,False,100.09900000000016,1.555228194985772,-6.664706874358604,-114.87750463877775,-52.52181165203145,6.843763888887755,166.8649800000096,-7.690269668832735,0.5900473753725013,-129.8229516332198,-104.8193066839851
13465610.0,0.4615,-1.2468,12.0593,-0.0062,-0.0585,9.8065,-0.1559,-0.1186,0.0794,342.12,-73.99,176.73,52.20256,-2.199373,7.72,3,178.22,22 / 23,9.532227169074595,-7.276587500850658,3.415991111113396,15.893722108608465,51.56366227354515,18.099664143973847,False,100.20000000000073,1.4326843363808104,-6.633153066578429,-114.7328959400841,-53.19565290661761,6.786111111112889,167.81200000001377,-8.099542832693785,0.6434344342722289,-130.62661804869256,-104.75931518016276
13465710.0,4.9839,-0.1249,9.5995,-0.0212,-0.0224,9.8065,-0.0154,0.1798,0.0624,340.61,-73.75,177.75,52.20256,-2.199373,7.72,3,178.22,22 / 23,9.79395973128105,-7.286533070407126,3.518266111111908,16.860031453612187,50.83550624499286,18.446377005080066,False,100.29999999999927,1.3988982158093433,-6.690314550286933,-114.59660121930476,-53.86282246624512,6.834999999998222,168.18999999998624,-8.395061515471706,0.5962185201201926,-131.45663267291695,-104.69832871123798
13465810.0,3.909,2.0679,9.2023,0.0372,0.021,9.8065,0.0043,-0.6768,0.4105,341.8,-73.62,178.68,52.20256,-2.199373,7.72,3,178.22,22 / 23,10.168066028275717,-7.085013014229274,3.4776911111117603,17.858132741593657,50.11692894075842,18.796174866192523,False,100.39999999999964,1.122759768432503,-6.4034253475370395,-114.48756544270287,-54.507753041790046,6.501111111117185,170.05499999996607,-9.045306259843214,0.6815876666922343,-132.34569818429654,-104.62468198254847
13465910.0,-5.0805,-0.8895,10.829,0.0015,0.0454,9.8065,0.2195,-0.3544,0.3342,341.93,-73.84,178.7,52.20256,-2.199373,7.72,3,178.22,22 / 23,10.076939106106568,-7.081219157679899,3.4985911111118364,18.870382998316455,49.40861733216038,19.144988977304973,False,100.5,1.0849960056670513,-6.368232381727801,-114.37852966610197,-55.14156412349402,6.46,170.331,-8.991943100439517,0.712986775952098,-133.2489126644184,-104.55018145565441
13466009.0,0.6579,1.9197,8.1968,0.0113,0.027,9.8065,-0.055,-0.1833,0.1665,343.23,-73.75,179.38,52.20256,-2.199373,7.72,3,178.22,22 / 23,9.838219857697013,-7.134546274204936,3.4695098611117894,19.856183367026325,48.70493694328095,19.4899099754306,False,100.59900000000016,0.9413118682699533,-6.254803309538446,-114.29082401326863,-55.75802879687808,6.32524999999782,171.44178000001796,-8.89690798942706,0.87974296466649,-134.14700738029495,-104.46296574015904
13466110.0,-2.8248,3.4981,9.7787,-0.0163,0.044,9.8065,0.1479,-0.2367,0.0513,343.22,-73.92,179.77,52.20256,-2.199373,7.72,3,178.22,22 / 23,9.63668922824617,-6.938520737718441,3.386800961111325,20.839666275871984,47.994247059174825,19.83615367195481,False,100.70000000000073,0.8812359783759901,-6.064362129884233,-114.20134652909239,-56.375827809623885,6.1280555555542415,171.73200000005323,-8.755453249870179,0.8741586078342074,-135.04101280496437,-104.37007486879871
13466210.0,3.3134,-0.035,9.0541,-0.0299,0.0286,9.8065,-0.1741,-0.0886,-0.0214,340.9,-73.75,179.74,52.20256,-2.199373,7.72,3,178.22,22 / 23,9.591173080550899,-6.793617653869134,3.3477759611118927,21.801059391297848,47.30764013960544,20.172882518061073,False,100.79999999999927,0.7218382769318106,-6.0490277413952045,-114.13319916868916,-56.976280412581325,6.091944444445758,173.19499999994676,-8.869334803619088,0.7445899124739297,-135.934258559987,-104.28392055218677
13466310.0,0.7383,-0.5749,11.3642,-0.0117,0.1049,9.8061,0.1088,-0.1204,0.2941,340.23,-74.48,-179.43,52.20256,-2.199373,7.72,3,178.22,22 / 23,9.776738201517917,-6.790397135638903,3.388025961112039,22.76945495540481,46.62843940012757,20.509672614173496,False,100.89999999999964,0.613949344680293,-5.77635320298916,-114.07186654436107,-57.554494031450105,5.808888888894037,173.93299999998658,-9.162788856837624,1.0140439326497432,-136.84132149976588,-104.18293343157768
13466410.0,3.4943,1.1701,10.2036,-0.0264,-0.0033,9.8066,-0.1245,0.2534,-0.1186,342.35,-74.46,-177.96,52.20256,-2.199373,7.72,3,178.22,21 / 23,9.953496580158532,-6.730797514792454,3.485750961112395,23.755966694492223,45.952379667603545,20.853361460285967,False,101.0,0.6465422680775739,-5.829254505988661,-114.01053392003324,-58.143827142743575,5.865,173.671,-9.306954312080958,0.9015430088037926,-137.76650061452546,-104.09620681034713
13466510.0,1.1666,-0.0306,10.5823,0.0112,-0.0201,9.8066,0.0579,-0.3147,0.2277,342.94,-74.37,-177.36,52.20256,-2.199373,7.72,3,178.22,21 / 23,10.14118978592946,-6.640590344940343,3.5443809611126085,24.76070101280028,45.283810274614474,21.204868056398496,False,101.10000000000036,0.4167305290089615,-5.658564375318404,-113.96964550376038,-58.710921269185455,5.6738888888866,175.78799999998216,-9.724459256920499,0.9820259696219393,-138.73034651656064,-103.99473154379993
13466610.0,5.0437,3.1603,8.8307,-0.0324,0.0287,9.8065,0.1537,0.3515,-0.0084,344.98,-74.33,-175.82,52.20256,-2.199373,7.72,3,178.22,21 / 23,10.381972956237629,-6.440725962880606,3.534365961112572,25.786859149912367,44.629744459221044,21.55880540251104,False,101.20000000000073,0.502063118649239,-5.525292125515779,-113.92194235151564,-59.25577640936089,5.548055555543479,174.808000000099,-9.87990983758839,0.9154338373648265,-139.708801501428,-103.88552086858193
13466709.0,-2.6864,0.3267,11.4318,-0.0143,0.0482,9.8064,0.2093,-0.2338,0.2171,344.81,-74.18,-174.33,52.20256,-2.199373,7.72,3,178.22,21 / 23,10.431584130167147,-6.277298731974623,3.566501361112624,26.81713022569107,44.00020223682469,21.910298334961755,False,101.29900000000089,0.22756767138144696,-5.214405217656937,-113.90844917415559,-59.7731664030938,5.2194305555620755,177.50277999994654,-10.2040164587857,1.062893514317686,-140.72557939984665,-103.77336863991849
13466810.0,1.0976,2.1284,10.4081,-0.028,-0.0213,9.8065,-0.1443,0.0585,-0.0715,345.91,-73.94,-173.45,52.20256,-2.199373,7.72,3,178.22,21 / 23,10.304874533690729,-6.21282197862382,3.6789446611112306,27.864321388202917,43.369451140947284,22.276193359079524,False,101.39999999999964,0.23228954715296773,-5.101658860110673,-113.88105393529882,-60.28988922753778,5.106944444446431,177.3930000000025,-10.07258498653776,1.1111631185131472,-141.74537532350175,-103.65934036848506
13466910.0,-2.74,-0.4994,10.0012,0.0409,0.0055,9.8065,-0.1433,-0.228,0.3734,346.79,-73.99,-172.7,52.20256,-2.199373,7.72,3,178.22,21 / 23,10.185085042313904,-6.1848394462350935,3.7187446611113755,28.888819367006874,42.749568069702086,22.646077825192002,False,101.5,0.18948568077109573,-5.162634907595964,-113.86060972718941,-60.81250538144778,5.16611111111111,177.898,-9.995599361542808,1.0222045386391292,-142.74942909419627,-103.56207345114987
13467010.0,1.2098,1.2635,9.601,0.0272,-0.0022,9.8066,-0.2386,0.2279,0.1472,348.29,-73.98,-171.13,52.20256,-2.199373,7.72,3,178.22,21 / 23,10.083703707883943,-6.198885695798766,3.7181896611113734,29.902258804520454,42.13038181259814,23.01792454130449,False,101.60000000000036,0.15540607219079788,-4.928661658386584,-113.84698025510752,-61.301763060202866,4.9311111111111465,178.1940000000104,-9.928297635693145,1.2702240374121816,-143.74923905962797,-103.432144872801
13467110.0,-1.6422,3.6532,6.8238,-0.0075,-0.0086,9.8066,-0.2613,-0.0343,-0.0394,348.95,-74.19,-170.7,52.20256,-2.199373,7.72,3,178.22,21 / 23,9.993782031814582,-5.9933966217392,3.5587646611107937,30.90613309150903,41.52076769671902,23.381772257416923,False,101.70000000000073,0.10632287255124284,-4.931909626193466,-113.83335078302565,-61.79102073754331,4.933055555552494,178.7649999999976,-9.88745915926334,1.0614869955457342,-144.73948387453467,-103.31178843426233
13467210.0,1.7424,2.299,10.1131,0.0144,-0.0565,9.8064,-0.1002,-0.1591,-0.0422,347.55,-74.24,-170.66,52.20256,-2.199373,7.72,3,178.22,21 / 23,9.917950192589569,-5.731147114040243,3.424944661112741,31.90171970271475,40.93454050993858,23.73095772352302,False,101.79999999999927,0.11009296695611685,-4.847638909350263,-113.819721310945,-62.280278414131935,4.84888888889195,178.6990000000024,-9.807857225633452,0.8835082046899796,-145.72144101365976,-103.21481892407051
13467310.0,-2.3308,1.1434,8.7696,0.0679,-0.0112,9.8064,-0.2019,-0.1136,0.3056,346.35,-74.35,-171.05,52.20256,-2.199373,7.72,3,178.22,20 / 22,9.83171378764255,-5.604838495021017,3.3884146611126083,32.88920290172995,40.36774122948346,24.071625689635525,False,101.89999999999964,0.14352012169893313,-4.662791757595304,-113.8060918388902,-62.74729710591448,4.665000000003345,178.2370000000084,-9.688193665943619,0.9420467374257129,-146.69529474062014,-103.11503833539794
13467410.0,0.4809,1.7562,9.2177,0.0144,-0.0017,9.8065,0.0003,0.0668,0.0523,347.86,-74.5,-169.98,52.20256,-2.199373,7.72,3,178.22,20 / 22,9.690140620069922,-5.518601100075052,3.307114661112313,33.86529562211913,39.81156924972663,24.40640215574799,False,102.0,0.0818207917838383,-4.573156997735055,-113.79927710280849,-63.20319630456339,4.573888888888888,178.975,-9.608319828286083,0.9454441023399971,-147.6645727249276,-103.01476555429002
13467510.0,-4.221,1.3625,9.9923,-0.0123,0.0131,9.8066,-0.0374,-0.2389,-0.019,346.72,-74.58,-170.08,52.20256,-2.199373,7.72,3,178.22,20 / 22,9.454145773956995,-5.442530563832843,3.2869496611122395,34.82250994182395,39.263512666529245,24.73610537186042,False,102.10000000000036,0.18276527319851232,-4.5763519155446195,-113.7720181586722,-63.65909550533407,4.579999999999601,177.7130000000174,-9.271380500758482,0.8661786482882237,-148.59452810049615,-102.92260817186332
13467610.0,2.4816,0.5254,11.3344,-0.0211,-0.0288,9.8065,-0.1041,0.3055,-0.3614,347.04,-74.7,-170.63,52.20256,-2.199373,7.72,3,178.22,20 / 22,9.328371184990147,-5.404078289746958,3.372619661112551,35.76163578977473,38.72118222384828,25.06908383797287,False,102.20000000000073,0.10579609057050647,-4.5568275844903745,-113.7652034226172,-64.1149947039832,4.55805555555792,178.66999999998558,-9.22257509441964,0.8472507052565836,-149.52683921239193,-102.83617692783147
13467710.0,1.8434,0.7463,9.4459,0.0614,0.0003,9.8064,-0.0529,-0.0937,0.3035,345.37,-74.79,-171.13,52.20256,-2.199373,7.72,3,178.22,20 / 22,9.503798376965744,-5.324290902433673,3.430969661111702,36.70324426785882,38.18476376424706,25.409263304079133,False,102.29999999999927,0.1392456330417338,-4.620958052548193,-113.74475921453688,-64.58201339572244,4.623055555553191,178.2740000000144,-9.36455274392401,0.7033328498854798,-150.4480034823957,-102.76677715996951
13467810.0,0.3707,2.0194,9.0365,0.0124,-0.0102,9.8066,-0.1468,0.1944,0.0943,347.2,-74.81,-169.79,52.20256,-2.199373,7.72,3,178.22,20 / 22,9.559856828567728,-5.195336856734764,3.3744246611114965,37.656427028138964,37.65878237628672,25.74953302019153,False,102.39999999999964,0.11577181025001138,-4.7235814683282324,-113.73794447848191,-65.06015157992947,4.724999999998146,178.59599999999412,-9.444085018317717,0.47175538840653175,-151.39437150662087,-102.71893395621619
13467910.0,-0.3865,2.5008,7.1766,0.0087,-0.0513,9.8065,-0.2686,0.2142,-0.0221,346.65,-74.75,-168.69,52.20256,-2.199373,7.72,3,178.22,20 / 22,9.48811451312388,-5.008353880453034,3.204414661110878,38.60882559522701,37.14859783942548,26.078474986303846,False,102.5,0.22803214841784422,-4.65247062300558,-113.70387079826412,-65.5271702717114,4.658055555555556,177.19400000000002,-9.260082364706037,0.35588325744745397,-152.31269639349114,-102.67576811113688
13468010.0,2.1951,2.431,9.2924,0.0354,0.0334,9.8065,0.0081,-0.4547,0.259,349.59,-74.93,-168.78,52.20256,-2.199373,7.72,3,178.22,20 / 22,9.50598011058584,-4.784127366621372,3.047199661110306,39.55853032641595,36.658973777069974,26.391055702416043,False,102.60000000000036,0.2986411952832002,-4.758693856232196,-113.6766118541543,-66.00530845662595,4.768055555555352,176.40899999999021,-9.207338915302639,0.02543351038917585,-153.23514218057025,-102.66428223369593
13468109.0,1.3248,2.0298,9.3257,0.0139,0.0072,9.8066,-0.0498,-0.1589,0.0515,347.64,-75.3,-169.59,52.20256,-2.199373,7.72,3,178.22,20 / 22,9.613135559049228,-4.565816560398604,2.9979372611102266,40.50492655206441,36.196151552681734,26.690289980066442,False,102.69900000000052,0.3421541549985105,-4.744732681744963,-113.63613232207118,-66.46765696148893,4.7570555555551755,175.87538999998156,-9.270981404050717,-0.17891612134635881,-154.14105887413558,-102.66380851417065
13468210.0,0.6745,3.6645,10.254,0.0189,0.0269,9.8065,0.1129,-0.5155,0.2301,347.63,-75.39,-169.71,52.20256,-2.199373,7.72,3,178.22,20 / 22,9.629794272632418,-4.2961702969836395,2.9962404611102476,41.47669450855229,35.74862121638947,26.992995955034825,False,102.79999999999927,0.3509109163759508,-4.907469972267769,-113.60164975769374,-66.97270431883685,4.919999999994068,175.90999999999855,-9.278883356256468,-0.6112996752841298,-155.07834426624603,-102.72132553522633
13468311.0,-3.6936,-0.2185,11.8937,0.0404,-0.0091,9.8065,-0.0485,-0.3294,0.2457,347.58,-75.39,-170.39,52.20256,-2.199373,7.72,3,178.22,22 / 22,9.423271632134998,-4.191877922037516,3.1242276611109667,42.438874336748455,35.31997478132649,27.302079595208735,False,102.90099999999984,0.3227105281869837,-4.918953873215026,-113.56716719336723,-67.46696576786907,4.929530555554528,176.24653000000876,-9.100561103948015,-0.7270759511775093,-156.00604153011568,-102.78694054919556
13468410.0,-2.1267,1.4341,9.9904,0.04,0.1086,9.8059,0.1983,-0.5399,0.381,346.53,-75.41,-169.86,52.20256,-2.199373,7.72,3,178.22,22 / 22,9.10848411070268,-4.229659947835959,3.2366322611111484,43.3561962460204,34.90310865676708,27.616942161359237,False,103.0,0.37393844731916775,-4.979033422109229,-113.52668766128413,-67.9623391652363,4.993055555555556,175.705,-8.734545663383512,-0.7493734742732698,-156.88288390730452,-102.86544782200338
13468510.0,-2.8513,0.9938,10.9037,0.0035,0.0437,9.8065,0.1458,-0.4211,0.078,345.66,-75.92,-171.23,52.20256,-2.199373,7.72,3,178.22,22 / 22,8.818646113369404,-4.20493039735963,3.3006722611113815,44.25255275722727,34.48137913950577,27.94380738747155,False,103.10000000000036,0.548007129580903,-5.117687495354705,-113.47216977298382,-68.48495532126807,5.146944444442883,173.88800000001018,-8.270638983788501,-0.9127570979950752,-157.7247225302111,-102.96633446077385
13468610.0,1.4528,2.6945,9.0811,-0.0197,0.0363,9.8065,-0.1272,-0.0974,0.0424,345.45,-76.17,-171.46,52.20256,-2.199373,7.72,3,178.22,22 / 22,8.685696806977917,-4.076692229098131,3.319247261111449,45.127769903247824,34.067298008181375,28.274803363583896,False,103.20000000000073,0.48965797464090666,-5.037368434706502,-113.42446662071025,-68.98533249103542,5.061111111120458,174.44799999997923,-8.196038832337011,-0.9606762056083706,-158.55223652395807,-103.0526304992168
13468709.0,-3.5192,1.7377,10.3587,0.0133,0.0466,9.8064,-0.0109,-0.221,0.2258,345.43,-76.6,-170.91,52.20256,-2.199373,7.72,3,178.22,22 / 22,8.51283212451261,-3.9230501456084874,3.3106590111114356,45.979097085357985,33.67131076063276,28.60298372405946,False,103.29900000000089,0.5663737116807936,-5.285223462123458,-113.36374732263023,-69.51373078226895,5.315486111106063,173.88370000001117,-7.946458412831816,-1.3621733165149705,-159.34284440798822,-103.1850415429017
13468810.0,-1.097,2.4799,9.9125,0.0106,0.0123,9.8066,-0.0301,0.1613,-0.0522,345.88,-76.7,-170.59,52.20256,-2.199373,7.72,3,178.22,22 / 22,8.215244379549441,-3.808435141431066,3.343882961111024,46.82386494880265,33.2808707536421,28.93903809365253,False,103.39999999999964,0.6362748942471981,-5.406577521269221,-113.30180137203305,-70.06392327891328,5.443888888886599,173.28800000001073,-7.578969485302243,-1.5981423798381549,-160.1256663208357,-103.34479403255537
13468910.0,-0.4126,3.5009,9.6638,0.0084,0.0008,9.8066,-0.0431,-0.1067,-0.0931,346.18,-76.86,-171.09,52.20256,-2.199373,7.72,3,178.22,22 / 22,8.050698111530398,-3.569605976197254,3.342032961111017,47.637162073359605,32.91196869775934,29.27333388976485,False,103.5,0.6047014307111759,-5.4887345196526605,-113.24046874767811,-70.60877841979685,5.521944444444444,173.713,-7.445996680819222,-1.9191285434554066,-160.8776308210377,-103.5207471175562
13469010.0,2.1618,4.0146,9.1229,-0.0113,0.0134,9.8065,0.0021,0.3387,-0.2562,345.44,-77.08,-172.61,52.20256,-2.199373,7.72,3,178.22,22 / 22,8.023877622305267,-3.216261127911227,3.3007029611108667,48.44089086005431,32.572675342552685,29.60547068587715,False,103.60000000000036,0.7514038554548081,-5.534222370488438,-113.15869191524087,-71.16475305381344,5.585000000000637,172.26799999998627,-7.272473766850459,-2.3179612425772107,-161.59958277529518,-103.73742839636613
13469110.0,-0.604,3.8942,9.0228,0.0133,0.0173,9.8066,-0.0027,0.0928,-0.0041,342.47,-77.31,-173.3,52.20256,-2.199373,7.72,3,178.22,22 / 22,7.972547352210036,-2.8519860562255226,3.2273229611105996,49.240712108782986,32.269262983344746,29.931871981989413,False,103.70000000000073,0.8293307243993823,-5.558471961754681,-113.07010034674953,-71.72072768641578,5.620000000004072,171.51400000001186,-7.143216627810654,-2.7064859055291586,-162.31081245553253,-103.98999066976053
13469210.0,-1.9318,1.932,9.7326,-0.016,-0.0083,9.8066,-0.0097,0.2506,-0.1412,341.17,-77.36,-173.58,52.20256,-2.199373,7.72,3,178.22,22 / 22,7.745726776500176,-2.649571214113978,3.184427961111224,50.02662581520706,31.994185119831773,30.25245952809584,False,103.79999999999927,0.8135801851062701,-5.673911736760916,-112.98832351429272,-72.28782181209915,5.731944444440373,171.83999999998815,-6.932146591393906,-3.0243405226469378,-163.01494932949979,-104.28200693193092
13469310.0,-1.4567,1.6508,10.367,0.0001,0.0196,9.8066,0.0056,0.106,-0.0481,342.34,-77.57,-173.49,52.20256,-2.199373,7.72,3,178.22,22 / 24,7.511947658843962,-2.5671925753685945,3.2087429611113123,50.78950953697704,31.733346930356696,30.57211807420813,False,103.89999999999964,0.816123639196089,-5.647445990702025,-112.9065466818556,-72.85491593783412,5.706111111111581,171.77700000000115,-6.695824019647873,-3.0802534153334302,-163.69605621883264,-104.58826286819081
13469410.0,1.3193,3.2923,9.2322,-0.0131,0.0043,9.8066,-0.1177,0.1627,-0.0663,344.79,-77.85,-173.34,52.20256,-2.199373,7.72,3,178.22,22 / 24,7.420158130672842,-2.3683615448017656,3.2080379611113097,51.5361148264556,31.48656922434728,30.89295712032043,False,104.0,0.927603616980156,-5.710146804572132,-112.81114037728265,-73.42201006356908,5.785,170.773,-6.492554513692686,-3.341785259770367,-164.34725520373826,-104.90857928791635
13469510.0,0.3732,3.0422,8.6806,-0.0145,0.0112,9.8065,-0.0642,-0.0579,0.1266,343.76,-78.1,-172.56,52.20256,-2.199373,7.72,3,178.22,22 / 24,7.397765400586571,-2.0746087981090118,3.1230129611110002,52.277011003021265,31.264420707200934,31.209509666432695,False,104.10000000000036,0.973248691004318,-5.8028385676552015,-112.7157340727634,-74.01134317557006,5.883888888890435,170.47899999999308,-6.424516709582253,-3.7282297695461897,-164.99274507578465,-105.275763882771
13469610.0,1.206,3.3635,9.5258,-0.0461,-0.0126,9.8065,-0.0232,0.2771,-0.0484,343.71,-78.17,-171.0,52.20256,-2.199373,7.72,3,178.22,22 / 24,7.365929969401711,-1.7788452622363016,3.0526679611107443,53.015195771523366,31.071748004182968,31.518293712544907,False,104.20000000000073,1.026430946714381,-5.879972285613953,-112.60669829613542,-74.60067628615683,5.968888888893912,170.09799999998884,-6.33949902268733,-4.101127023377652,-165.6218940676588,-105.67242429033979
13469710.0,-1.837,1.2869,10.5856,-0.0015,0.0229,9.8065,0.012,-0.0916,0.1117,346.46,-78.32,-168.86,52.20256,-2.199373,7.72,3,178.22,22 / 24,7.253569753530493,-1.5928473360014337,3.077572961110382,53.74617075765934,30.903163374273536,31.824805758651504,False,104.29999999999927,1.0822858745946455,-6.010276843301179,-112.49766251951733,-75.20112888982159,6.106944444439422,169.79200000001114,-6.1712838789358475,-4.417429507299746,-166.2438332771767,-106.10429226409512
13469810.0,-2.4345,1.4147,10.0924,0.0029,-0.0021,9.8066,-0.0317,0.1458,-0.0806,346.63,-78.24,-167.95,52.20256,-2.199373,7.72,3,178.22,22 / 24,6.994870387730999,-1.5440386616455122,3.1308079611105755,54.45859276472501,30.74631907439062,32.13522480476368,False,104.39999999999964,1.095078734528327,-6.052848128477082,-112.38862674291644,-75.81270098667356,6.151111111110307,169.74500000000086,-5.899791653202672,-4.50880946683157,-166.84721950764146,-106.55902006106419
13469910.0,-1.7436,1.2249,9.8287,0.0235,0.0121,9.8066,0.0713,-0.0728,0.043,345.63,-78.27,-169.59,52.20256,-2.199373,7.72,3,178.22,22 / 24,6.741120181513026,-1.4987296020335206,3.1461979611106314,55.14539229318971,30.594180661206114,32.44907510087588,False,104.5,1.1982308925643983,-6.134064128137586,-112.26596149420682,-76.42427308423328,6.25,168.947,-5.542889288948628,-4.6353345261040655,-167.41135378739654,-107.01845374543939
13470009.0,0.241,1.2648,9.6037,0.0148,-0.0074,9.8065,0.0379,0.0588,-0.0646,346.11,-78.19,-171.41,52.20256,-2.199373,7.72,3,178.22,22 / 24,6.620041508286131,-1.4305840603094298,3.137243411110617,55.80676979683584,30.449179634919904,32.76010544880133,False,104.59900000000016,1.1685581542505188,-6.153781357161492,-112.15126948670503,-77.04073775691708,6.263750000000223,169.24796000000484,-5.451483354035612,-4.723197296852062,-167.95803928354087,-107.48991739183698
13470110.0,1.816,2.4387,9.0978,0.0088,-0.0043,9.8065,0.0302,-0.0317,0.0558,341.95,-78.22,-172.41,52.20256,-2.199373,7.72,3,178.22,22 / 24,5.6502033640269405,-1.066073599630282,2.6275178844438045,56.42641716289113,30.32309842309224,33.051225894228466,False,104.70000000000073,1.287841513864339,-6.272207321407247,-112.02063099684126,-77.66965626137521,6.403055555556828,168.39700000001562,-4.362361850162602,-5.206133721776966,-168.4470481597324,-107.99275468446746
13470210.0,0.1825,1.0567,10.2624,-0.0221,-0.0106,9.8066,0.0336,-0.0505,0.1145,339.47,-78.22,-172.93,52.20256,-2.199373,7.72,3,178.22,22 / 24,5.672666284882702,-0.9040492895367878,2.6148628844439887,56.99256064532837,30.22459227863532,33.31334493266904,False,104.79999999999927,1.2476255578165283,-6.316010592445699,-111.89796574814255,-78.30346734372864,6.438055555554282,168.8259999999844,-4.425040727066174,-5.411961302908911,-168.8905263934709,-108.52805962236397
13470310.0,1.7587,2.5402,9.7196,-0.0264,-0.0063,9.8066,-0.01,0.0867,0.07,340.77,-78.24,-171.76,52.20256,-2.199373,7.72,3,178.22,22 / 24,5.688131133939651,-0.7373774085734048,2.633297884444056,57.56060051627155,30.14252094372951,33.5757529711144,False,104.89999999999964,1.3070076099968932,-6.368373166390896,-111.76848576340554,-78.93727842543244,6.501111111109965,168.40200000000772,-4.381123523942757,-5.630995757817491,-169.32908627967709,-109.07979936916195
13470410.0,-0.6888,1.3704,9.811,-0.0342,-0.018,9.8065,0.0312,-0.026,0.1523,338.39,-78.3,-171.29,52.20256,-2.199373,7.72,3,178.22,21 / 21,5.6566572283391565,-0.5725065075668077,2.629162884444041,58.12783993438755,30.07702674792226,33.83887600955976,False,105.0,1.4039019008257108,-6.374171572347433,-111.6253763066408,-79.5822089995617,6.526944444444444,167.579,-4.252755327513446,-5.801665064780625,-169.75321624102835,-109.65923574748396
13470509.0,0.5546,2.1689,9.4624,-0.0305,-0.0317,9.8065,0.0056,0.1703,0.0314,340.53,-78.15,-168.75,52.20256,-2.199373,7.72,3,178.22,21 / 21,5.5748837977587575,-0.4463428948197671,2.612337834444014,58.683801215180296,30.026593702504044,34.09833029514514,False,105.09900000000016,1.327551384934017,-6.330949758797607,-111.49044453305724,-80.20968197184767,6.468644444443501,168.15716000000933,-4.247332412824741,-5.88460686397784,-170.17424574823752,-110.23627567435172
13470610.0,-1.8533,0.3348,9.9289,-0.0235,-0.0109,9.8065,0.0374,0.0299,0.1349,340.49,-77.97,-167.16,52.20256,-2.199373,7.72,3,178.22,21 / 21,5.4547714500356586,-0.3841973082354794,2.601126834443951,59.240798805197045,29.98465142224952,34.36161026092546,False,105.20000000000073,1.3791483022499726,-6.429866818686676,-111.35278686508364,-80.86095065610208,6.576111111108705,167.89399999996385,-4.075623147785686,-6.045669510451197,-170.59358567028067,-110.84560207835159
13470709.0,-0.4647,0.6308,10.1947,-0.0074,-0.0025,9.8066,0.0152,0.2704,-0.0692,341.65,-77.89,-167.13,52.20256,-2.199373,7.72,3,178.22,21 / 21,5.314941243330156,-0.41110070598814996,2.626386684443992,59.773899583519515,29.94528417054539,34.620372180110834,False,105.29900000000089,1.4745364943203596,-6.341476379705412,-111.19761532551006,-81.48842362764213,6.51066111111241,166.90994000001953,-3.840404749009797,-5.930375673717262,-170.97151490902957,-111.43370779818753
13470810.0,-0.5935,0.8945,9.6332,0.0027,0.0125,9.8066,-0.0195,0.1562,-0.0206,340.27,-77.85,-167.29,52.20256,-2.199373,7.72,3,178.22,21 / 21,5.222756372616065,-0.3908558950432108,2.6372239844438576,60.306053313118205,29.904785362193806,34.886184518886374,False,105.39999999999964,1.5172976593082066,-6.447767972358812,-111.04612374340425,-82.1396923132919,6.6238888888868175,166.75800000000257,-3.7054587133078583,-6.0569120773156016,-171.35217705652246,-112.04447767548571
13470910.0,-0.4411,2.0241,9.7059,-0.0043,-0.0024,9.8066,-0.0067,0.3046,-0.0413,340.04,-77.92,-167.5,52.20256,-2.199373,7.72,3,178.22,21 / 21,5.108676695228222,-0.3060633902696681,2.623513984443808,60.8226249665123,29.869939397928036,35.14922141733172,False,105.5,1.4779654151924233,-6.341150221586747,-110.89619955053061,-82.7735033949959,6.511111111111111,166.88,-3.6307112800357983,-6.035086831317079,-171.71882451704292,-112.64344279292393
13471010.0,0.1669,1.8981,9.4333,-0.0122,0.005,9.8066,-0.0145,0.2529,-0.0534,339.82,-77.89,-167.53,52.20256,-2.199373,7.72,3,178.22,21 / 21,5.0128589570575075,-0.16145609983610343,2.5998089844437215,61.32870174912843,29.846563423422662,35.41038756577704,False,105.60000000000036,1.5748274954153691,-6.281714215335029,-110.7326458856023,-83.40731447599235,6.476111111111237,165.9259999999985,-3.4380314616421384,-6.120258115498926,-172.06134763473074,-113.25387789941502
13471110.0,-0.3281,0.6789,9.6372,0.0041,0.0066,9.8065,-0.0227,0.2508,-0.0794,340.66,-77.84,-166.97,52.20256,-2.199373,7.72,3,178.22,21 / 21,4.945409748625621,-0.0777632062504256,2.572668984443623,61.82661518441439,29.83460245811829,35.66901146422235,False,105.70000000000073,1.585404718474928,-6.286215174099728,-110.5759069567281,-84.04112555840345,6.483055555557445,165.84499999999716,-3.3600050301506927,-6.208451967849302,-172.4025221411425,-113.87572801652175
13471210.0,0.823,0.7277,9.3195,-0.0033,0.0087,9.8066,-0.0315,0.2937,-0.0546,339.1,-77.76,-166.68,52.20256,-2.199373,7.72,3,178.22,21 / 21,4.928550224927546,-0.03745382839292474,2.5398389844441005,62.32031318308487,29.828841606386206,35.924636862663014,False,105.79999999999927,1.6067323860838512,-6.334401000843299,-110.41235329181455,-84.67493664004958,6.53499999999811,165.76700000000284,-3.321817838843695,-6.296947172450374,-172.73266647489942,-114.50377824643579
13471310.0,1.2565,-0.433,9.6811,0.0014,0.0289,9.8066,0.1185,0.0324,0.0758,338.59,-77.7,-166.92,52.20256,-2.199373,7.72,3,178.22,22 / 24,5.005437080763535,-0.021242443345835856,2.5092039844439893,62.81701254837123,29.825906792799255,36.177089011108336,False,105.89999999999964,1.6964105189979795,-6.201032470221113,-110.23517015480473,-85.29762823003539,6.428888888890818,164.7000000000194,-3.3090265617655557,-6.179790026875278,-173.05218270317596,-115.12353502283464
13471409.0,0.9914,-0.111,9.5201,0.0215,0.0083,9.8066,0.0641,0.1471,0.029,337.57,-77.63,-167.84,52.20256,-2.199373,7.72,3,178.22,22 / 24,5.104272699572235,-0.03992526685248016,2.4888050344439563,63.317443182498664,29.822878991144435,36.42449045754369,False,105.9989999999998,1.6641564773632964,-6.292860451213962,-110.07325202655248,-85.91409290341944,6.509188888888712,165.18707999999893,-3.440116222208938,-6.252935184361482,-173.39069520905116,-115.73697189456388
13471510.0,1.0661,-0.5457,10.1714,0.0039,0.0105,9.8066,0.0849,0.1789,-0.0664,337.23,-77.52,-168.06,52.20256,-2.199373,7.72,3,178.22,22 / 24,5.198781664514975,-0.06653647797036738,2.4927541344439783,63.83774742788799,29.81750267303085,36.67605919557394,False,106.10000000000036,1.6660836296440715,-6.183361403011346,-109.90124808892008,-86.54301140788404,6.403888888887635,164.91999999998782,-3.5326980348709034,-6.116824925040978,-173.73899551680807,-116.3605140809149
13471610.0,2.3119,-0.4475,9.7685,-0.0044,-0.0041,9.8066,0.001,0.3152,-0.1345,334.44,-77.43,-168.8,52.20256,-2.199373,7.72,3,178.22,22 / 24,5.359334865562142,-0.07733944968051851,2.5090841344440378,64.36565325439376,29.810308876648282,36.92615110901925,False,106.20000000000073,1.7194688342217122,-6.097183934253657,-109.7240649519913,-87.15458350402909,6.334999999998474,164.25100000000248,-3.6398660313404294,-6.019844484573138,-174.08971820638504,-116.96489238067737
13471709.0,0.5758,-1.1489,10.798,0.0046,0.0109,9.8066,0.0426,0.1598,0.0328,334.55,-77.46,-168.9,52.20256,-2.199373,7.72,3,178.22,22 / 24,5.510176177387159,-0.12295976599574103,2.556267534444114,64.90369405102062,29.80039406547229,37.176886016629624,False,106.29900000000089,1.7009756004299277,-6.059249871888589,-109.55540023503082,-87.76003987986768,6.293475000000824,164.31930999999864,-3.809200576957231,-5.936290105892848,-174.45909428605142,-117.56043394533997
13471810.0,4.0785,0.7069,9.5194,-0.0011,0.0016,9.8066,-0.0035,0.4297,-0.1135,332.82,-77.5,-168.75,52.20256,-2.199373,7.72,3,178.22,22 / 24,5.716424113942067,-0.07381625420713478,2.5918245844436734,65.47063736572572,29.79045687645217,37.436864668630236,False,106.39999999999964,1.580213911187172,-5.967372863069028,-109.39695762212233,-88.35548871282766,6.173055555557739,165.16799999998457,-4.136210202754896,-5.893556608861893,-174.86759498784807,-118.14594558927983
13471910.0,3.0347,-0.075,9.8142,0.0041,0.0159,9.8066,0.0528,0.3733,0.046,331.75,-77.51,-168.53,52.20256,-2.199373,7.72,3,178.22,22 / 24,6.006278173747921,0.0825768703069038,2.5778395844436224,66.05677248011236,29.790894907257158,37.69534787707554,False,106.5,1.7159547761431366,-5.817192123888599,-109.21977448513948,-88.94482182341402,6.0649999999999995,163.565,-4.2903233976047845,-5.899768994195503,-175.27654696525184,-118.73571673067117
13472010.0,3.3623,-0.1815,10.6536,-0.014,-0.004,9.8066,0.012,0.4522,0.0056,330.45,-77.48,-167.05,52.20256,-2.199373,7.72,3,178.22,22 / 24,6.2823556316481985,0.18917877424020338,2.6205645844437777,66.6712041703844,29.804482689484562,37.955268085520856,False,106.60000000000036,1.7433580092573504,-5.679569005313089,-109.03577661210214,-89.51191594985629,5.941111111110035,162.93600000002073,-4.538997622390848,-5.868747779553293,-175.70698078248654,-119.31639863934085
13472110.0,2.9234,0.0947,10.083,-0.0191,-0.0079,9.8066,-0.0569,0.5442,-0.0347,330.61,-77.55,-165.55,52.20256,-2.199373,7.72,3,178.22,22 / 24,6.548397598406004,0.30302281285270194,2.676729584443982,67.31274183188944,29.829092768839296,38.22013279396621,False,106.70000000000073,1.6138810430898798,-5.6562053026932375,-108.8722229471732,-90.07901007559045,5.881944444438482,164.0749999999485,-4.934516555316124,-5.9592281155459395,-176.18496477906262,-119.90810284442975
13472210.0,3.2566,-0.3512,10.4817,-0.024,0.0073,9.8066,-0.0291,0.5402,-0.0935,328.91,-77.73,-164.21,52.20256,-2.199373,7.72,3,178.22,22 / 24,6.812724264910603,0.41077197242988817,2.72429958444329,67.98079792504555,29.864782508102905,38.49018425240664,False,106.79999999999927,1.7043122621430276,-5.458157111113247,-108.695039810179,-90.62386521642445,5.718055555561518,162.6590000000515,-5.108412002767576,-5.868929083543136,-176.67583773522455,-120.48864772452735
13472310.0,3.1918,2.3037,9.1486,-0.0119,0.0093,9.8066,0.0058,0.6641,-0.0962,327.4,-78.07,-163.23,52.20256,-2.199373,7.72,3,178.22,22 / 23,7.025449550347428,0.6254382468654951,2.7251495844432934,68.67270661581097,29.916593019067864,38.762656710851964,False,106.89999999999964,1.6235596314772565,-5.339743004830204,-108.53148614525006,-91.15760086346809,5.581111111113602,163.08799999999218,-5.401889918870172,-5.965181251695699,-177.20419276106102,-121.07419388253595
13472411.0,1.738,2.9784,8.405,-0.0166,0.0354,9.8065,0.0883,0.6429,-0.0397,323.88,-78.29,-163.08,52.20256,-2.199373,7.72,3,178.22,22 / 23,7.074212105725612,0.9454405582097016,2.621134734442709,69.38473952944666,29.99592239872461,39.032644068957225,False,107.0010000000002,1.6620474349402317,-5.234677716411176,-108.35948220764475,-91.68533198541608,5.492199999999631,162.38508000000067,-5.412164670785381,-6.180118274620877,-177.7442217370914,-121.68125438414069
13472509.0,3.732,6.1052,7.3996,-0.0254,-0.018,9.8065,-0.2235,0.9297,-0.4312,322.32,-78.39,-162.86,52.20256,-2.199373,7.72,3,178.22,22 / 23,7.014097375113259,1.4248573429150528,2.434508434442792,70.07506669400746,30.11206699587967,39.28037058423251,False,107.09900000000016,1.5851927548341416,-5.085348570126937,-108.19919961601553,-92.18659871436203,5.326688888886186,162.68692000000493,-5.428904620279118,-6.5102059130419905,-178.274266310023,-122.2986657102417
13472610.0,3.9166,2.0459,11.0051,-0.0498,-0.0374,9.8064,0.0556,0.9628,-0.4517,317.33,-78.95,-161.93,52.20256,-2.199373,7.72,3,178.22,22 / 23,7.047509734375264,1.9555526190595767,2.373474134442449,70.78517785304062,30.28277769896035,39.52317370396258,False,107.20000000000073,1.6011871733325194,-4.948510526009023,-108.04082515049186,-92.68097135903193,5.2011111111056545,162.069999999991,-5.446322561042745,-6.9040631450686,-178.8260030035325,-122.96374905799227
13472710.0,2.0904,3.8076,8.4812,0.0106,-0.0188,9.8066,-0.0714,0.8244,-0.2052,313.32,-79.12,-162.8,52.20256,-2.199373,7.72,3,178.22,22 / 23,7.055702039866957,2.33189194938634,2.3671241344425415,71.49033844174247,30.497149927379525,39.76020361740338,False,107.29999999999927,1.5757120432379703,-4.799047302709159,-107.87727148557829,-93.1591095439032,5.051111111116568,161.82300000000896,-5.479989996628987,-7.130939252095499,-179.36760992732076,-123.65625947128272
13472810.0,-0.1247,-0.6813,10.1006,-0.0204,-0.0374,9.8065,0.0277,0.8787,-0.2448,314.59,-79.28,-162.5,52.20256,-2.199373,7.72,3,178.22,22 / 23,7.010037007016967,2.471931303655907,2.315549134442354,72.19362539408922,30.737341090032512,39.99433728084848,False,107.39999999999964,1.4987734225658342,-4.676824838874586,-107.72053255667701,-93.6372477274033,4.911111111113657,162.23099999999258,-5.511263584451132,-7.148756142530493,-179.91415795076625,-124.37458881743582
13472910.0,3.0,0.7093,10.3141,0.0236,-0.0182,9.8065,-0.0254,0.7612,-0.2133,310.87,-79.2,-161.83,52.20256,-2.199373,7.72,3,178.22,22 / 23,7.103321472042611,2.542003504530373,2.3556191344424997,72.89929331804477,30.98803783044274,40.22789569429357,False,107.5,1.38672383602079,-4.659989354438053,-107.5774230999118,-94.10426641989255,4.861944444444444,163.428,-5.716597636021821,-7.201992858968426,-180.47671641795657,-125.09230425033529
13473011.0,1.8034,-1.1711,10.74,0.002,-0.0043,9.8066,-0.0828,0.7134,-0.1725,308.05,-79.4,-162.46,52.20256,-2.199373,7.72,3,178.22,22 / 23,7.282360136059445,2.6768535621405465,2.4283795344429087,73.625770239258,31.251590112311103,40.46948762707364,False,107.60100000000057,1.4284284237684512,-4.4828841821381005,-107.4261359598573,-94.55338272826128,4.704961111108768,162.3260400000021,-5.8539317122909935,-7.159737744278647,-181.0519061991153,-125.80497284057239
13473110.0,3.5014,3.5148,9.1581,-0.0115,-0.0313,9.8066,-0.085,0.861,-0.3128,305.41,-79.64,-161.95,52.20256,-2.199373,7.72,3,178.22,22 / 23,7.34764738774733,2.9160749091672864,2.4424771344429317,74.3499556116876,31.52844007164129,40.71059503218388,False,107.70000000000073,1.385998591344576,-4.376906343446016,-107.29120418627299,-94.98270634061961,4.591111111104522,162.42899999995973,-5.961648796402754,-7.292981252613302,-181.6411597979606,-126.5111464122609
13473210.0,1.6731,-0.5395,10.0127,-0.0153,-0.0461,9.8065,0.0072,0.4632,-0.0766,305.13,-79.82,-160.33,52.20256,-2.199373,7.72,3,178.22,22 / 23,7.383069597101551,3.175847908517079,2.4203521344432537,75.08649146091933,31.833036212521073,40.95373649562465,False,107.79999999999927,1.412299255661858,-4.177739916810859,-107.13446525741331,-95.40524706053816,4.410000000006589,161.32200000004028,-5.970770341439693,-7.3535878253279385,-182.22095671833264,-127.23828327305924
13473309.0,2.6058,1.2355,9.7629,0.0098,-0.0547,9.8065,-0.0151,0.6519,-0.1684,304.69,-79.65,-158.74,52.202164,-2.199157,4.29,2,88.58,21 / 22,7.482871784211298,3.3318638537088017,2.428385984443267,75.8223555592955,32.155167944751774,41.19374903250993,False,107.89899999999943,1.297387682620769,-4.096714717765473,-107.01302666121637,-95.81255407789446,4.29725000000232,162.42782999997723,-6.185484101590529,-7.428578571474275,-182.83538222051186,-127.96772202264623
13473410.0,0.0863,-1.4933,9.6352,-0.0408,-0.032,9.8065,-0.0093,0.2175,-0.0099,304.8,-79.71,-158.71,52.202164,-2.199157,4.29,2,88.58,21 / 22,7.578309656249741,3.3981691179957063,2.417518384443206,76.58294522204307,32.49503460982476,41.43846720314007,False,108.0,1.2050224374191105,-4.039077360650141,-106.8891347600465,-96.22808951843042,4.215,163.388,-6.37328721883063,-7.4372464786458465,-183.47207998208955,-128.7231241282552
13473510.0,2.7305,3.2783,9.9205,-0.0166,-0.0197,9.8065,-0.0002,0.4597,-0.2235,304.45,-79.93,-156.77,52.202164,-2.199157,4.29,2,88.58,21 / 22,7.59158537392882,3.5268509066625793,2.4146383844431956,77.34143997355476,32.841285611058936,41.68007504158527,False,108.10000000000036,1.2484618020563165,-3.911712104127747,-106.75284003925499,-96.61727176181745,4.106111111109055,162.29900000000134,-6.343123571872503,-7.438563010790326,-184.09428001280975,-129.45855737287638
13473610.0,1.659,-0.8725,10.6348,-0.0001,0.0232,9.8065,-0.0553,-0.1075,0.1005,304.54,-80.16,-156.97,52.202164,-2.199157,4.29,2,88.58,21 / 22,7.624138936754054,3.7382124616149546,2.461738384443367,78.10222618909167,33.204538779474134,41.923893880030484,False,108.20000000000073,1.2091732407361504,-3.8055739046304633,-106.63017479057247,-96.99533451277856,3.993055555551008,162.37300000002023,-6.414965696017903,-7.543786366245418,-184.73240097966413,-130.19987329225268
13473710.0,1.1555,-1.454,10.2163,0.0107,-0.0157,9.8066,-0.0453,0.1962,0.0054,302.1,-80.28,-157.37,52.202164,-2.199157,4.29,2,88.58,21 / 22,7.807683338802817,3.754748635834607,2.5236283844424663,78.87381730285828,33.57918683434116,42.17316221847115,False,108.29999999999927,1.1354929175048627,-3.697635679078676,-106.51432427795471,-97.3622777705737,3.8680555555601033,162.92899999997977,-6.672190421297954,-7.452384314913283,-185.388141580813,-130.94146460491487
13473810.0,2.3278,-2.087,10.9969,-0.0208,0.0303,9.8065,0.127,-0.1505,0.1568,301.56,-80.46,-157.73,52.202164,-2.199157,4.29,2,88.58,21 / 22,8.059065578487182,3.7724703142012515,2.6036233844427574,79.66715474872566,33.95554778184432,42.42952480691634,False,108.39999999999964,1.1650529207849099,-3.696875577761363,-106.39165902924509,-97.7403405215348,3.8761111111109647,162.50800000000763,-6.894012657702272,-7.469345891962615,-186.05881377797076,-131.69588830337912
13473910.0,2.4891,-1.0956,10.4377,0.0007,0.0006,9.8066,0.0264,-0.0543,0.0231,298.89,-80.38,-157.73,52.202164,-2.199157,4.29,2,88.58,21 / 22,8.327285099185893,3.8626663750211288,2.6946883844430887,80.4864722826123,34.337304616306824,42.694440395361596,False,108.5,1.146905342442421,-3.466297806184005,-106.26899378056231,-98.08504479309788,3.651111111111111,161.692,-7.180379756743472,-7.328964181205134,-186.7554660631746,-132.42234940940472
13474010.0,1.9682,2.7647,9.4389,-0.0068,0.0368,9.8065,0.1015,-0.1012,0.0735,301.38,-80.39,-158.13,52.202164,-2.199157,4.29,2,88.58,21 / 22,8.378957031597675,4.064314569463079,2.7078533844431365,81.32178438915452,34.73365366353248,42.96456748380689,False,108.60000000000036,1.0365397833743928,-3.4234656177769427,-106.16677273996171,-98.42974906678171,3.5769444444411906,163.1550000000022,-7.342417248223283,-7.487780187240022,-187.48855712911623,-133.1634027303142
13474110.0,2.3285,0.8012,10.3357,0.0054,0.0286,9.8066,0.0609,-0.0592,0.1232,296.46,-80.37,-159.91,52.202164,-2.199157,4.29,2,88.58,21 / 22,8.33932217905651,4.305793735958931,2.715918384443166,82.15769834969026,35.1521590788051,43.23575607225219,False,108.70000000000073,0.9778302650273998,-3.254324742771258,-106.06455169941556,-98.74109486036016,3.398055555551847,163.2759999999956,-7.361491914029109,-7.560118478730189,-188.2222500491058,-133.89325393916528
13474210.0,2.5833,1.7676,9.3511,0.0035,0.0252,9.8065,-0.0887,0.0139,0.0321,297.9,-80.37,-159.25,52.202164,-2.199157,4.29,2,88.58,21 / 22,8.349909153272694,4.547107844716529,2.7195933844431126,82.99215991629458,35.59480415783243,43.50753166069254,False,108.79999999999927,0.9551588933403614,-3.15468222572217,-105.96914539487813,-99.06356014774923,3.2961111111148194,163.1550000000044,-7.394750259932333,-7.701790070438699,-188.9613053111727,-134.65836430558164
13474309.0,1.7794,-0.4459,9.1719,0.0168,0.0279,9.8066,-0.0429,0.1197,0.0611,293.62,-80.42,-160.79,52.202164,-2.199157,4.29,2,88.58,21 / 22,8.40093014754858,4.7373419556724174,2.6656235344430255,83.82132646168658,36.054384422952424,43.77409989817784,False,108.89899999999943,0.901291488325362,-3.1055410443509093,-105.88143974207136,-99.36078418729078,3.2336861111123953,163.81631999998638,-7.499638659223218,-7.842883000023327,-189.70276620375796,-135.4151686102432
13474410.0,1.171,1.4614,10.7853,0.0226,0.0272,9.8065,-0.1058,0.1106,0.0036,293.26,-80.48,-160.81,52.202164,-2.199157,4.29,2,88.58,21 / 22,8.42784464715832,4.858371955988406,2.682990484443123,84.67117958882406,36.53896797549402,44.0442049061331,False,109.0,0.9176151645288079,-3.078078869038982,-105.77833278581303,-99.68625173773505,3.2119444444444447,163.4,-7.510229482629512,-7.9364508250273875,-190.4495123746371,-136.22521971322908
13474510.0,1.8196,0.5711,9.4503,0.0096,0.0056,9.8066,-0.0825,-0.0056,0.0564,292.55,-80.64,-162.06,52.202164,-2.199157,4.29,2,88.58,21 / 22,8.40726569082987,5.000733096783904,2.714105484443236,85.51293510572653,37.031923228134424,44.314059704578405,False,109.10000000000036,0.853876902604225,-2.9540682516140024,-105.6897412173213,-99.97535854716904,3.0749999999991613,163.87799999998234,-7.553388788225646,-7.954801348397906,-191.20267632304783,-137.00728177530345
13474610.0,2.0219,1.0751,10.8149,-0.0084,0.0182,9.8066,0.0502,0.0554,0.0849,291.96,-80.61,-162.57,52.202164,-2.199157,4.29,2,88.58,21 / 22,8.419045862379496,5.174480873894272,2.746700484443355,86.35425068339005,37.540683926670184,44.58710000302373,False,109.20000000000073,0.8902617774813845,-2.8950996301931142,-105.59433491274808,-100.26446535589488,3.0288888888813306,162.90699999995243,-7.528784084898112,-8.069580504087385,-191.94858559613812,-137.80514928256508
13474710.0,1.4225,0.3621,9.1598,0.0288,0.0072,9.8065,-0.0723,-0.0143,0.0158,289.64,-80.45,-162.04,52.202164,-2.199157,4.29,2,88.58,21 / 22,8.430044985116659,5.32673313342659,2.764770484443092,87.1967052257526,38.065744627028586,44.86267355146404,False,109.29999999999927,0.8905277256583578,-2.676869117291842,-105.49892860818356,-100.53133318045322,2.82111111111867,161.59900000004757,-7.539517259458301,-8.003602250718432,-192.69563383393614,-138.5970778074818
13474809.0,1.337,0.3415,9.6166,-0.0028,0.0063,9.8065,0.0786,0.0663,0.0031,292.31,-80.38,-161.94,52.202164,-2.199157,4.29,2,88.58,21 / 22,8.4622418326096,5.432337260888932,2.723343934443025,88.0328734232314,38.598318611548066,45.13433521519934,False,109.39899999999943,0.9367762007355507,-2.582177341833332,-105.3977297780699,-100.78452402788794,2.746861111112639,160.05955000003166,-7.525465631874049,-8.014514602722265,-193.4306032013013,-139.382842639436
13474910.0,0.8771,1.1159,9.2894,0.0053,0.0008,9.8066,-0.0146,0.0792,0.0158,289.22,-80.34,-162.26,52.202164,-2.199157,4.29,2,88.58,21 / 22,8.449662816563396,5.526710551742182,2.6876252844428246,88.88692460801943,39.151750526089046,45.40758916075461,False,109.5,0.8814118082653859,-2.497060561852472,-105.30811599914556,-101.04282984264546,2.648055555555555,160.558,-7.56825100829801,-8.023771113594654,-194.19504060716497,-140.1945803687345
13475010.0,1.6541,-0.2883,10.2368,-0.0084,-0.0053,9.8066,-0.0332,0.011,0.0315,290.26,-80.32,-161.28,52.202164,-2.199157,4.29,2,88.58,21 / 22,8.470413021523152,5.624702614318777,2.6832702844428087,89.73292839992683,39.70932118439412,45.67613393919987,False,109.60000000000036,0.8433358761767732,-2.3938484920812018,-105.21952443065382,-101.2763391878292,2.5380555555555353,160.59299999998404,-7.627077145346378,-8.018551106399979,-194.95245283058065,-140.98566037222332
13475110.0,1.3062,-1.1102,9.8167,0.0,-0.0099,9.8066,-0.0126,0.0434,0.021,288.45,-80.39,-160.58,52.202164,-2.199157,4.29,2,88.58,21 / 22,7.312521549296669,4.85130597425258,2.2994882417764555,90.52207512847069,40.23312161382459,45.92527186551174,False,109.70000000000073,0.8794919934823039,-2.3796178154411107,-105.12411812616264,-101.52096802685227,2.5369444444378955,159.7160000000451,-6.433029555814365,-7.230923789693691,-195.64619325463332,-141.75408964067685
13475210.0,0.6129,-0.0076,9.7465,0.0125,-0.0044,9.8066,-0.0364,-0.0566,-0.0323,291.07,-80.42,-160.68,52.202164,-2.199157,4.29,2,88.58,21 / 22,6.301933606796954,4.1563046038749825,1.9524357555100182,91.20279788626546,40.683502142724414,46.13786806537297,False,109.79999999999927,0.7690572183383829,-2.227944817348474,-105.04915602970556,-101.74335788100454,2.356944444450993,160.9559999999549,-5.532876388458571,-6.384249421223457,-196.251953915971,-142.42686002372895
13475311.0,-0.4097,-0.1936,8.6566,0.0158,0.0183,9.8066,-0.0075,0.0805,0.0296,287.56,-80.37,-161.37,52.202164,-2.199157,4.29,2,88.58,22 / 22,6.3337522017857575,4.1277888370425,1.8913206555096749,91.84090001960247,41.101848861493096,46.331977764130556,False,109.90099999999984,0.792169283795528,-2.094036166987091,-104.95967854547541,-101.95674094424058,2.2388694444444757,159.27847000001685,-5.54158291799023,-6.221825004029591,-196.8005785650779,-143.05858980573367
13475410.0,-0.2567,-0.0977,7.8218,-0.0587,0.0114,9.8064,0.178,-0.1642,0.0292,288.91,-80.18,-162.28,52.202164,-2.199157,4.29,2,88.58,22 / 22,6.354782819273297,4.058386015539949,1.736143105509424,92.46898250314591,41.50706451669658,46.51153722030129,False,110.0,0.8294240531855679,-2.0774927647354366,-104.87197289269572,-102.16589860166924,2.236944444444444,158.236,-5.525358766087729,-6.135878780275386,-197.34095539584163,-143.67296311836583
13475510.0,2.0289,2.801,10.7039,-0.0368,0.0083,9.8066,0.2298,0.0146,0.0146,285.86,-80.53,-162.81,52.202164,-2.199157,4.29,2,88.58,22 / 22,6.26647856614819,4.146866638340843,1.6817631055092264,93.10004557241928,41.917327149392115,46.68243253085285,False,110.10000000000036,0.828305569875285,-1.969883611167022,-104.78338132423107,-102.35492997714981,2.136944444441862,157.19399999996418,-5.438172996272905,-6.116750249507865,-197.88342689665035,-144.27225712654192
13475610.0,-0.1981,1.3767,5.3565,-0.0524,0.0088,9.8065,-0.0299,-0.2938,0.1599,288.37,-80.42,-163.17,52.202164,-2.199157,4.29,2,88.58,22 / 22,6.109424208393088,4.261448367625624,1.5041181055085802,93.71884071114859,42.33774289969197,46.84172659140432,False,110.20000000000073,0.8359850053279964,-1.811395614122345,-104.68797501965739,-102.53284185949795,1.9949999999987673,155.22599999992934,-5.273439203065092,-6.072843981747969,-198.406815730806,-144.8705847591899
13475710.0,1.7788,-3.6564,9.9744,-0.1912,-0.0273,9.8046,0.7743,-0.216,0.2717,294.03,-80.98,-160.62,52.202164,-2.199157,4.29,2,88.58,22 / 22,6.2601042584305056,4.245767056740206,1.289998105511696,94.33731713448077,42.76310367090407,46.9814324019533,False,110.29999999999927,0.8816536971046057,-1.751754420148529,-104.5789392430935,-102.72187323496152,1.9611111111123438,153.28400000007065,-5.3784505613258995,-5.9975214768887355,-198.91625637757426,-145.4849769058656
13475810.0,0.5825,-4.0438,6.3806,0.1468,0.0968,9.805,-0.5992,-0.1991,0.4256,286.86,-79.95,-163.46,52.202164,-2.199157,4.29,2,88.58,22 / 22,6.681624042561158,4.187262098811673,1.1270831055111035,94.9844035495327,43.1847551286832,47.10228646250488,False,110.39999999999964,0.9326611047460851,-1.6827036936093154,-104.48353293851982,-102.87754613245909,1.923888888889566,151.0020000000415,-5.748962937815073,-5.869965792420988,-199.46793648805252,-146.0623012611423
13475910.0,3.5779,-0.7515,10.733,-0.047,0.0094,9.8065,-0.0442,-0.167,-0.0041,289.74,-80.39,-161.47,52.202164,-2.199157,4.29,2,88.58,22 / 22,6.997049463020777,4.278245140760808,1.0020981055106488,95.66833722481428,43.60803049066337,47.20874552305635,False,110.5,0.879750488245144,-1.490900653110319,-104.39494137005518,-103.02209953682262,1.731111111111111,149.45600000000002,-6.117298974775633,-5.769145793871127,-200.06327859486947,-146.630130027486
13476009.0,3.0262,2.7034,11.9624,0.0813,0.0265,9.8062,-0.2381,-0.3322,0.1577,290.2,-80.69,-161.76,52.202164,-2.199157,4.29,2,88.58,22 / 22,7.034549235106625,4.585063525027535,1.1546620555108955,96.3629013603727,44.0467642696206,47.31550515102709,False,110.59900000000016,0.8768442389451566,-1.400950058630195,-104.2937425398876,-103.16520740784227,1.652736111109844,147.95713999997577,-6.157704996161469,-5.98601358365773,-200.6566439002603,-147.21197167746288
13476110.0,0.5948,3.2836,11.3763,-0.0041,0.0196,9.8066,0.0537,0.0492,0.1676,288.18,-80.43,-163.04,52.202164,-2.199157,4.29,2,88.58,22 / 22,6.828356740955969,4.821344984715059,1.3427947555119528,97.0629781121678,44.52178789936527,47.441626719984455,False,110.70000000000073,0.8140299855789443,-1.329469725291467,-104.20412876099056,-103.30008685382991,1.5588888888847454,148.52099999993024,-6.0143267553770245,-6.150814710006525,-201.26710687315835,-147.82187475319517
13476209.0,-1.3826,1.1518,7.7893,0.0121,0.0748,9.8062,-0.047,-0.4507,0.3295,286.41,-80.38,-164.89,52.202164,-2.199157,4.29,2,88.58,22 / 22,6.627195534175612,4.817192408042662,1.320633605511917,97.72902794978789,44.99889550030755,47.57346642385535,False,110.79900000000089,0.7955679885427956,-1.2076275393013571,-104.1231696968302,-103.41016983093681,1.4461388888911266,146.62218000003767,-5.831627545632816,-6.024819947344019,-201.8521976466181,-148.40906533124436
13476311.0,-1.5152,-4.435,9.7489,-0.0698,0.0104,9.8063,0.211,-0.4543,0.1373,287.38,-80.54,-164.2,52.202164,-2.199157,4.29,2,88.58,21 / 23,6.762594313666132,4.5906621083062085,1.2148035055130042,98.41190723202081,45.47869608063641,47.70277371651629,False,110.90099999999984,0.764119333821252,-1.1407368771189934,-104.03307888641099,-103.53459695335013,1.3730111111125163,146.18415999999496,-5.998474979844881,-5.731398985425201,-202.4449861184318,-149.01329303398654
13476410.0,-2.0667,0.7179,7.3708,0.0256,0.0537,9.8064,-0.3309,-0.3531,0.3291,287.49,-80.37,-163.92,52.202164,-2.199157,4.29,2,88.58,21 / 23,6.903085272624456,4.333273574981059,1.0913703055128048,99.0883583715433,45.92043089695984,47.81692932016225,False,111.0,0.7099084428584544,-1.0724326519095457,-103.96561299963261,-103.63367163366388,1.286111111111111,146.497,-6.193176829766002,-5.405706226890605,-203.05397137117592,-149.5541025306237
13476510.0,0.2226,-2.6569,12.0892,-0.0558,0.0384,9.8064,0.1037,-0.2647,0.2777,285.15,-80.61,-164.03,52.202164,-2.199157,4.29,2,88.58,21 / 23,6.987784247680013,4.188216860773742,1.083705305512777,99.78290184756105,46.34650541874913,47.925683100713925,False,111.10000000000036,0.6658129500189763,-0.9498911072239423,-103.89065090319592,-103.73374706690939,1.1599999999983275,144.9719999999685,-6.321971297661037,-5.138107967997684,-203.67355275075698,-150.08025248565852
13476610.0,2.7919,5.5742,12.6911,0.1336,0.0769,9.8053,-0.6236,-0.5433,0.4831,285.69,-80.19,-165.7,52.202164,-2.199157,4.29,2,88.58,21 / 23,6.907725777915989,4.340989553147378,1.342055305513717,100.47767734884337,46.77296573944674,48.04697113126569,False,111.20000000000073,0.6392082005417191,-0.8556608826634579,-103.82250354281382,-103.81158351601202,1.0680555555589004,143.23900000006287,-6.268517577374269,-5.196650435810836,-204.3001808916572,-150.58454925545877
13476710.0,0.0608,0.7785,10.2717,0.0268,0.0445,9.8064,-0.4586,-0.4066,0.3465,285.22,-80.33,-163.56,52.202164,-2.199157,4.29,2,88.58,21 / 23,6.659748809910752,4.530877980503858,1.5095303055112799,101.15605107822483,47.216559116122845,48.18955041181487,False,111.29999999999927,0.6658958411199389,-0.9498330004644857,-103.76117091846447,-103.91165894995616,1.159999999996655,144.96699999993714,-5.993852968790813,-5.480710980968343,-204.9172219966893,-151.128218066079
13476809.0,1.265,2.5596,12.1214,0.0459,0.0619,9.8063,-0.1493,-0.545,0.3518,287.81,-80.59,-161.49,52.202164,-2.199157,4.29,2,88.58,21 / 23,6.540431111531174,4.609227963709984,1.6471304055115024,101.80945998433727,47.66899436036216,48.34580511701075,False,111.39899999999943,0.5660661985846251,-0.7369534456477227,-103.69370503171316,-103.96670043886535,0.929275000004748,142.46527000005148,-5.974364912946549,-5.346181409357707,-205.50316501605045,-151.6356947992275
13476910.0,-0.1593,-5.1101,9.887,0.0595,0.0603,9.8062,-0.1899,-0.3695,0.2681,281.4,-80.53,-163.09,52.202164,-2.199157,4.29,2,88.58,21 / 23,6.708297647613806,4.617676486619983,1.768082955512182,102.47852078667785,48.13495303510644,48.51827339174341,False,111.5,0.5638089462162716,-0.6925804628165159,-103.63169093375443,-104.04509286260233,0.8930555555555555,140.852,-6.144488701397535,-5.310256949436499,-206.1102117204323,-152.18004589770877
13477010.0,-0.1231,0.6919,11.2397,-0.049,0.0526,9.8063,0.2286,-0.3372,0.1841,283.86,-80.52,-162.42,52.202164,-2.199157,4.29,2,88.58,21 / 23,6.943083647656806,4.529649457659276,1.8437529555124572,103.16108985144386,48.59231933232207,48.698865187295304,False,111.60000000000036,0.6440008536500057,-0.8394905950214769,-103.56354357337246,-104.1340488027144,1.0580555555505886,142.50699999996675,-6.2990827940068,-5.369140052680753,-206.72463342481632,-152.72636813503647
13477110.0,1.5952,-2.6577,12.0149,-0.0256,0.0463,9.8065,0.204,-0.38,0.1467,281.95,-80.71,-164.54,52.202164,-2.199157,4.29,2,88.58,21 / 23,7.0753478933342,4.5503461528893006,2.0258179555131197,103.86201142849596,49.04631911285115,48.89234373284729,False,111.70000000000073,0.4974265990115418,-0.607282289065085,-103.51584042109818,-104.17852677454037,0.7850000000104794,140.6789999998621,-6.577921294322659,-5.157628441954386,-207.37785184959415,-153.22484588739152
13477209.0,-0.0099,2.2722,8.1857,-0.0228,0.0272,9.8065,0.1298,-0.0268,0.0799,280.03,-80.73,-166.0,52.202164,-2.199157,4.29,2,88.58,21 / 23,7.131212216197051,4.588360002721713,2.054889305513167,104.56523615391889,49.498685067554625,49.09433874226841,False,111.79900000000089,0.7309955175594128,-0.7815904228730315,-103.43488135696465,-104.25558485774492,1.0701749999943408,136.92591000007448,-6.400216698637638,-5.369950425594745,-208.00011751088354,-153.75426992529955
13477310.0,1.0382,-3.2488,10.7118,-0.0554,-0.0076,9.8064,0.2136,-0.203,-0.0373,280.75,-80.66,-165.2,52.202164,-2.199157,4.29,2,88.58,22 / 23,7.211517966812796,4.5972563197562435,2.018741405513615,105.28954402815191,49.96255869183401,49.30005709317272,False,111.89999999999964,0.6260163733105891,-0.6918787249980234,-103.36591622825857,-104.33419967061499,0.9330555555581022,137.86099999998228,-6.585501593502206,-5.289135044754267,-208.6554602564105,-154.296758362449
13477410.0,-1.2494,-1.0008,8.8492,-0.0016,-0.0568,9.8064,-0.1036,0.4057,-0.3906,282.38,-80.63,-166.22,52.202164,-2.199157,4.29,2,88.58,22 / 23,7.437825663319219,4.514573470867019,2.0161264055136057,106.02201120966117,50.41815018136683,49.501800483724814,False,112.0,0.642372307453323,-0.6461279094786239,-103.3045836039306,-104.38979713415853,0.911111111111111,135.167,-6.795453355865896,-5.1607013803456425,-209.32659481359178,-154.80794731552535
13477510.0,-0.1663,4.1299,9.245,-0.0214,0.0172,9.8066,-0.011,0.3579,0.0694,282.63,-80.75,-166.21,52.202164,-2.199157,4.29,2,88.58,22 / 23,7.291025384200972,4.447875304713383,1.9401714055133295,106.75845376203986,50.866272620147484,49.69961537427688,False,112.10000000000036,0.7299941907472969,-0.6670904856504546,-103.22962150749379,-104.45651409012756,0.9888888888900359,132.42200000002327,-6.561031193453675,-5.114965790363838,-209.98807526953365,-155.32278671027504
13477609.0,-1.1292,-0.9832,9.9312,0.0368,-0.034,9.8065,-0.1422,0.3865,-0.0826,285.02,-80.83,-163.66,52.202164,-2.199157,4.29,2,88.58,22 / 23,7.142345352465353,4.385809521953451,1.9185349555132944,107.472905613506,51.3035400190682,49.890621339148005,False,112.19900000000052,0.7601908860134323,-0.7261994011043752,-103.15540903204828,-104.53357217473821,1.0513138888910452,133.68920000004377,-6.3821544664519205,-5.112008923057826,-210.62831464555427,-155.8371121938064
13477710.0,0.087,2.6821,8.1633,0.0356,-0.0598,9.8064,-0.1633,0.4196,-0.3234,286.98,-80.7,-162.01,52.202164,-2.199157,4.29,2,88.58,22 / 23,7.06649525081719,4.328083297852322,1.841835555514245,108.19045206396288,51.74359160646294,50.08052004995254,False,112.29999999999927,0.7355308968361327,-0.6186508447475625,-103.07288257859993,-104.58994800205932,0.9611111111144155,130.06700000013225,-6.330964353981058,-4.946734142599884,-211.26333464256282,-156.33353960852224
13477810.0,-0.7595,-3.0145,9.6427,-0.0079,-0.0017,9.8066,0.0284,0.1816,-0.1481,282.29,-81.03,-163.9,52.202164,-2.199157,4.29,2,88.58,22 / 23,7.098507018903574,4.2694974304407705,1.7514705555139163,108.8987021774515,52.17347064287916,50.2601853555046,False,112.39999999999964,0.9194192864172221,-0.639584377355645,-102.98429101010856,-104.63442597246983,1.1199999999971098,124.82400000009537,-6.1790877324863525,-4.909081807796415,-211.88299318756006,-156.807896615349
13477910.0,-1.1862,3.1352,7.8456,0.0265,-0.0375,9.8065,-0.0579,0.5042,-0.3243,283.95,-81.08,-165.04,52.202164,-2.199157,4.29,2,88.58,22 / 23,7.091945946639169,4.148329309927666,1.6452205555135297,109.60822482573121,52.59436197989911,50.4300199110566,False,112.5,0.9801686428290481,-0.7179794089071506,-102.88206996953531,-104.71226242157105,1.2149999999999999,126.223,-6.11177730381012,-4.866308718834817,-212.49029479526652,-157.30662440147017
13478010.0,-0.6766,-3.6758,10.5751,-0.0417,-0.0268,9.8065,0.2282,0.0,-0.1647,282.06,-81.2,-167.04,52.202164,-2.199157,4.29,2,88.58,22 / 23,7.118926726871437,4.024908116464384,1.585590555513313,110.31876845940933,53.0030238512202,50.59156046660853,False,112.60000000000036,1.1097935723005448,-0.7841793412464345,-102.77303419293393,-104.79009887067329,1.3588888888931636,125.24499999999642,-6.009133154570892,-4.8090874577108185,-213.09180265234326,-157.7931227218935
13478110.0,0.6387,1.1798,11.8956,0.0103,-0.035,9.8065,0.1722,0.31,-0.1331,279.54,-81.26,-166.92,52.202164,-2.199157,4.29,2,88.58,22 / 23,7.260680834401964,3.9633523513969706,1.7284605555138328,111.03774883747562,53.40243687461472,50.75726302216049,False,112.70000000000073,1.3048709908921534,-0.9153105960691074,-102.63673947216877,-104.8901743039192,1.5938888888966802,125.04799999995984,-5.955809843509811,-4.878662947466078,-213.6744883096444,-158.29261117853392
13478211.0,-0.6774,-2.9021,9.5809,-0.0245,-0.0013,9.8065,0.0571,-0.0497,0.065,279.13,-81.01,-166.92,52.202164,-2.199157,4.29,2,88.58,22 / 23,7.369539218191571,3.9169197904896715,1.822552155512667,111.77657495012244,53.800390617775065,50.936589164065104,False,112.80099999999948,1.500747856161201,-1.0093194618020043,-102.48517974265991,-104.99113929797943,1.8085944444426016,123.92319000007117,-5.86879136203037,-4.926239252291676,-214.26175469278235,-158.7915299157545
13478310.0,0.215,3.0817,10.5253,-0.0299,-0.0541,9.8064,0.0699,0.3021,-0.194,280.58,-81.14,-165.73,52.202164,-2.199157,4.29,2,88.58,22 / 23,7.3803186980719495,3.868818136455842,1.8469507055127063,112.50669291697866,54.185784645159494,51.118229555686156,False,112.89999999999964,1.5813731772597905,-0.9829018203447759,-102.3232616144079,-105.07920567939126,1.8619444444434639,121.86300000003786,-5.798945520812159,-4.8517199568006175,-214.82995453138656,-159.26499032455075
13478409.0,-0.554,-0.1477,9.1765,-0.0229,-0.0054,9.8066,0.0693,-0.1172,0.1107,283.53,-81.17,-165.57,52.202164,-2.199157,4.29,2,88.58,22 / 23,7.254078205865428,3.847420748852199,1.8513314555127136,113.23109556372474,54.56773846998286,51.30129452265721,False,112.9989999999998,1.7406920693188606,-0.9387356500360832,-102.1613434861291,-105.14525546580067,1.977719444444189,118.33959000000777,-5.513386136546567,-4.7861563988882825,-215.39243904985383,-159.71299393578352
13478510.0,-0.2687,1.5535,9.7152,-0.0184,-0.0533,9.8064,0.0587,0.1439,-0.1452,282.86,-81.26,-163.89,52.202164,-2.199157,4.29,2,88.58,22 / 23,7.196132988796343,3.7901445577045707,1.8148906555125088,113.96083122905925,54.95343551796614,51.486438739265026,False,113.10000000000036,2.073794720249446,-1.1553025210173018,-101.94845113227775,-105.26823705487223,2.373888888891693,119.12199999998401,-5.122338268546897,-4.945447078721872,-215.909282361337,-160.22167257283837
13478610.0,-1.0912,-2.5969,8.4839,-0.0212,-0.0014,9.8065,-0.0396,-0.0578,0.1355,283.73,-81.24,-163.39,52.202164,-2.199157,4.29,2,88.58,22 / 23,7.251190468688345,3.678239618267165,1.7441806555122517,114.68319740193611,55.326854726766086,51.664392304816914,False,113.20000000000073,2.227086897569843,-1.1963063331129453,-101.72356484302146,-105.37943198195806,2.5280555555552224,118.24299999993659,-5.024103571118502,-4.87454595138011,-216.40676224495758,-160.70628670872415
13478710.0,0.0776,-0.0605,9.2529,-0.0269,-0.0351,9.8065,0.0569,0.1493,-0.1959,285.52,-81.44,-161.99,52.202164,-2.199157,4.29,2,88.58,22 / 23,7.388161182175624,3.5646075587191817,1.650355655513617,115.41516498446866,55.68899708561013,51.834119120365735,False,113.29999999999927,2.254240219723224,-1.1239227136914516,-101.49867855378565,-105.47950741519487,2.5188888888892222,116.50000000006341,-5.1339209624524,-4.688530272410633,-216.9138435382543,-161.168504500805
13478810.0,-0.201,-2.9106,9.8105,-0.0228,-0.0246,9.8065,-0.0095,0.0007,0.0219,283.93,-81.82,-161.56,52.202164,-2.199157,4.29,2,88.58,22 / 23,7.550720840433067,3.4899705493044397,1.622860655513517,116.16210908560181,56.0417259910126,51.997779935917684,False,113.39999999999964,2.4932342457135634,-1.1410706956181478,-101.2465333203395,-105.5907023415734,2.7419444444403873,114.5920000000347,-5.057486594719504,-4.631041244922588,-217.4086424059413,-161.63242833258602
13478910.0,-0.9321,3.0884,9.2951,-0.0097,-0.0401,9.8065,-0.1207,0.431,-0.287,284.87,-81.97,-160.9,52.202164,-2.199157,4.29,2,88.58,22 / 23,7.54830580909459,3.4070991664709935,1.5974756555134246,116.91706041808094,56.38657947680262,52.158796751469616,False,113.5,2.691602913152875,-1.0576466459361757,-100.97394387883763,-105.67965828310133,2.8919444444444444,111.452,-4.856702895941714,-4.46474581240717,-217.89100429691857,-162.06623775990397
13479011.0,-0.0854,-0.3632,10.0468,0.0007,0.0278,9.8066,-0.0045,-0.1267,0.0854,284.39,-82.54,-161.73,52.202164,-2.199157,4.29,2,88.58,22 / 23,7.422209932852606,3.359818583082623,1.5837699555133475,117.67307146305352,56.728308823157,52.31944965482737,False,113.60100000000057,2.847643130816758,-1.055399965188075,-100.68459018667437,-105.79163157467815,3.03698888889294,110.33806999992885,-4.574566802035848,-4.415218548270698,-218.3576616497279,-162.51994039783514
13479110.0,0.4483,4.6069,10.0295,-0.0164,-0.06,9.8064,0.1543,0.3219,-0.2398,283.95,-82.65,-162.32,52.202164,-2.199157,4.29,2,88.58,22 / 23,7.242501108331718,3.395506133069849,1.6066884555133847,118.39897465959332,57.06269739660709,52.477377346173455,False,113.70000000000073,3.094556786029332,-0.9390184469829806,-100.37424710744995,-105.8686896592888,3.2338888888976602,106.87999999988591,-4.1479443223023855,-4.33452458005283,-218.77322176704325,-162.9313870558959
13479210.0,-1.3008,-2.9358,8.0013,-0.0188,-0.0117,9.8065,-0.0337,-0.1067,0.2242,284.87,-82.54,-161.76,52.202164,-2.199157,4.29,2,88.58,22 / 23,7.169493879767525,3.339588172774623,1.5275634555145363,119.1195744089878,57.39945211189441,52.63408994172257,False,113.79999999999927,3.3755001682522563,-0.8256049988140822,-100.03351030556928,-105.94652610696892,3.474999999991228,103.74400000011408,-3.7939937115152684,-4.165193171588705,-219.15308471455708,-163.34597821886334
13479310.0,-0.1738,-0.109,10.3191,-0.03,-0.099,9.806,0.2109,0.0673,-0.1848,289.85,-82.53,-157.01,52.202164,-2.199157,4.29,2,88.58,22 / 22,7.315085243094031,3.1954084907124747,1.4629184555143013,119.84380336513351,57.72620194506995,52.78361403727456,False,113.89999999999964,3.500936240689221,-0.639637054956924,-99.68595876760337,-105.99100407738024,3.558888888887363,100.35400000006166,-3.81414900240481,-3.8350455456693986,-219.5297621327369,-163.7172060224502
13479409.0,-0.3255,-0.9012,11.7015,0.0738,0.0031,9.8063,-0.2747,0.1846,0.0713,287.52,-82.4,-158.7,52.202164,-2.199157,4.29,2,88.58,22 / 22,7.372217296012023,3.1229700215069025,1.582079805514494,120.57082484082044,58.03896168142532,52.93434145119573,False,113.9989999999998,3.651737708269718,-0.49250503610737273,-99.32838956765679,-106.02402897128519,3.6848388888886108,97.6819900000059,-3.7204795877423047,-3.615475057614275,-219.89921440847723,-164.0629906527105
13479510.0,-1.5008,4.908,9.453,0.0116,-0.0831,9.8063,-0.1879,0.6739,-0.2284,288.44,-82.5,-155.79,52.202164,-2.199157,4.29,2,88.58,22 / 22,7.169630053606072,3.0659064033436145,1.6599104055149314,121.30518813198027,58.35149994088203,53.098061956853634,False,114.10000000000036,3.786706142736858,-0.3175792634631958,-98.94996727547948,-106.03548204849787,3.8000000000030365,94.79399999997209,-3.382923910869214,-3.3834856668068105,-220.25515540745977,-164.3869819893799
13479610.0,-0.4498,-4.7806,13.2863,0.0297,-0.001,9.8065,-0.0422,-0.1519,-0.0457,293.62,-82.52,-153.37,52.202164,-2.199157,4.29,2,88.58,22 / 22,7.139129735062053,2.921245628474009,1.8162104055155002,122.02062612141629,58.650857542474,53.271867997405785,False,114.20000000000073,3.960524978622827,-0.225588384099562,-98.55471258524028,-106.04660154162927,3.9669444444480826,93.25999999989432,-3.1786047564392255,-3.146834012573571,-220.57533870665657,-164.6974590841033
13479710.0,-1.4554,-3.7041,8.5781,0.0393,-0.0278,9.8064,-0.2122,0.0375,-0.0242,289.79,-82.66,-154.18,52.202164,-2.199157,4.29,2,88.58,22 / 22,7.514391345481263,2.6387686459460777,1.9287654055138623,122.7533021754328,58.928858256190956,53.45911678795453,False,114.29999999999927,4.0668663808907795,-0.02519829650513683,-98.15945789506412,-106.01324306294056,4.066944444440806,90.35500000010569,-3.4475249645904835,-2.6639669424512147,-220.91276007049692,-164.94210131913152
13479809.0,0.1173,-1.7548,10.1609,0.0061,0.0622,9.8064,-0.0279,-0.5897,0.51,292.02,-83.03,-152.39,52.202164,-2.199157,4.29,2,88.58,22 / 22,7.761196859121575,2.447352626707434,1.8854875555137924,123.50944379156185,59.18062125918771,53.647922309525704,False,114.39899999999943,4.254741598420454,0.050205349178244395,-97.73442280831333,-106.01324306293935,4.255044444440573,89.3244100000212,-3.506455260701121,-2.3971472775291893,-221.24386659987516,-165.19386432212707
13479910.0,-1.8702,-4.1228,8.4863,-0.0178,0.0475,9.8065,-0.1826,-0.4477,0.1672,291.37,-83.22,-151.58,52.202164,-2.199157,4.29,2,88.58,22 / 22,8.02085318979648,2.22051367524714,1.8366995055135182,124.30643731903669,59.41634850743774,53.83589275610864,False,114.5,4.653755992103629,-0.035170386449777796,-97.2394685298779,-106.05772103405597,4.653888888888889,90.433,-3.3670971976928508,-2.255684061696918,-221.54590584891457,-165.47406954149372
13480010.0,-1.3129,5.9148,10.9809,-0.0216,0.0731,9.8063,-0.2717,-0.2001,-0.0063,287.42,-84.23,-153.67,52.202164,-2.199157,4.29,2,88.58,22 / 22,7.893951175097356,2.0499586133453804,1.8293945055134917,125.10217753728428,59.62987212186814,54.019197456660656,False,114.60000000000036,4.518658155827292,0.04566465728466513,-96.78969595133788,-106.04660154162967,4.518888888891911,89.42099999993863,-3.375293019270064,-2.004293956060715,-221.89187348862214,-165.6764736634978
13480110.0,-2.2586,-4.7653,6.5655,0.0295,0.1263,9.8057,-0.416,-0.7188,0.5746,287.48,-84.68,-154.32,52.202164,-2.199157,4.29,2,88.58,22 / 22,7.803661088002123,1.8628940350206402,1.7260495055131158,125.8870581504421,59.825514754287155,54.196969657212634,False,114.70000000000073,4.673854086054375,0.3229752038910527,-96.31947916468845,-106.00212357121917,4.685000000006002,86.04699999994384,-3.129807001947748,-1.5399188311295875,-222.20653731513056,-165.8276383255063
13480210.0,1.3365,11.9137,11.2793,-0.0051,-0.0039,9.8065,0.0212,0.1383,-0.3393,293.31,-84.85,-149.05,52.202164,-2.199157,4.29,2,88.58,22 / 22,7.492803099499766,1.9461677454494093,1.6376245055144025,126.65188135980607,60.015967843307884,54.365153357761564,False,114.79999999999927,4.827695895046095,0.4645991227889521,-95.83563290600165,-105.94652610697376,4.849999999993998,84.50300000005616,-2.6651072044536708,-1.4815686226604572,-222.4875142658077,-165.96249395028164
13480310.0,-0.6233,11.4493,8.6646,-0.0387,0.2083,9.8043,-0.2,-0.9903,0.783,297.59,-84.91,-140.15,52.202164,-2.199157,4.29,2,88.58,22 / 23,6.463704867531433,2.444902040752545,1.6541545055144626,127.34970675816017,60.23552133261878,54.52974230831361,False,114.89999999999964,4.847261689672372,0.5193063756878524,-95.35178664729793,-105.89092864413797,4.874999999999545,83.88500000001125,-1.616443177859061,-1.9255956650646924,-222.7014934054581,-166.12644997675676
13480410.0,-0.6716,-2.4182,6.621,-0.1255,-0.0679,9.8056,-0.3831,0.7005,-0.3826,298.91,-85.86,-142.65,52.202164,-2.199157,4.29,2,88.58,22 / 23,6.043075130055816,2.558071311816507,1.4377695055136754,127.9750457580418,60.48567000024814,54.68433850886558,False,115.0,4.909229883865011,0.7289598033483008,-94.86794038854002,-105.81309219503655,4.963055555555556,81.554,-1.1338452461908046,-1.829111508468206,-222.84298614658184,-166.2987621952847
13480509.0,2.0553,-9.9026,10.5773,-0.0991,0.0215,9.8061,-0.1565,-1.2477,0.9341,313.43,-86.73,-125.71,52.202164,-2.199157,4.29,2,88.58,22 / 23,6.564012438944051,2.170938357401864,1.3182270055134822,128.5990965927083,60.71975597887483,54.82076033616164,False,115.09900000000016,5.030914724165331,0.9362829309148417,-94.36869282636934,-105.70300921792162,5.11733055555805,79.45816999996612,-1.5330977147787195,-1.2346554264870224,-222.96778941907763,-166.42276519679643
13480610.0,0.7478,-4.7809,9.772,0.0501,-0.1936,9.8045,-0.0584,-0.4849,0.3089,319.74,-87.25,-117.22,52.202164,-2.199157,4.29,2,88.58,22 / 23,7.182871733182309,1.7040795982200958,1.355395005513691,129.29331424340458,60.915444385634835,54.95577824771927,False,115.20000000000073,5.132952258995135,0.8512274790680047,-93.85254471883182,-105.62406082026209,5.203055555560356,80.58399999987289,-2.049919474187174,-0.8528521191520911,-223.1458589622364,-166.53950520589692
13480711.0,-1.9292,10.6124,7.8604,0.0221,-0.0402,9.8065,0.1168,-1.1443,0.6134,326.99,-86.69,-109.99,52.202164,-2.199157,4.29,2,88.58,22 / 23,6.988996143656093,1.9023226431550164,1.2553595555149306,130.00899357117606,61.09756769882202,55.087621353049585,False,115.30099999999948,5.20109789101597,1.1923917597396403,-93.32256269717962,-105.50052325657299,5.336030555552031,77.08768000000794,-1.7878982526401224,-0.7099308834153761,-223.33155626835568,-166.598090955395
13480810.0,0.4644,-0.9374,10.5391,0.0703,-0.1426,9.8054,0.1014,-1.0514,0.6714,326.42,-86.19,-109.92,52.202164,-2.199157,4.29,2,88.58,22 / 23,6.660397767170745,2.2276495797313647,1.1952764555148334,130.68463856976308,61.30200132385522,55.20892783559575,False,115.39999999999964,5.295630496115654,1.236424633327122,-92.8030753689808,-105.37943198195666,5.438055555553681,76.85800000000422,-1.3647672710550909,-0.9912249464042426,-223.48771393874387,-166.68143330581188
13480910.0,-0.5326,7.6661,7.4769,0.0474,-0.1288,9.8057,-0.1223,-0.5646,0.3732,331.62,-86.41,-105.44,52.202164,-2.199157,4.29,2,88.58,22 / 23,6.491318464930951,2.4887877025561713,1.115411455514543,131.34222438137056,61.53782318797046,55.32446223114764,False,115.5,5.409976787618169,1.2996194540456194,-92.25789648589542,-105.24599807001923,5.563888888888889,76.492,-1.081341677312782,-1.189168248510552,-223.60012086726596,-166.7838212579897
13481009.0,2.9422,-3.3045,11.0901,0.0254,-0.0809,9.8063,0.0464,-0.689,0.5342,336.0,-86.96,-101.73,52.202164,-2.199157,4.29,2,88.58,22 / 23,6.475641064296028,2.6839024318704103,1.063619605514459,131.98408887806832,61.79387134962499,55.43232426866875,False,115.59900000000016,5.647409905150346,1.383533026930497,-91.69792962564027,-105.11389849720123,5.81441388889294,76.23459999999584,-0.8282311591456812,-1.3003694049399133,-223.6820185037086,-166.90776984682623
13481110.0,-0.441,-1.1699,10.4706,0.0505,-0.054,9.8064,0.3099,-0.3215,0.3623,336.59,-86.71,-98.66,52.202164,-2.199157,4.29,2,88.58,22 / 23,6.6687676959518,2.4925941482477434,1.1619633055150118,132.64788152046455,62.05528442692243,55.54471620567637,False,115.70000000000073,5.6794316262444005,1.3895379589458046,-91.12665030353143,-104.9680107523034,5.846944444454419,76.2519999999948,-0.9893360697073996,-1.1030561893019388,-223.77453182399597,-167.02329517922584
13481210.0,-1.4156,-0.438,10.291,0.0807,0.0086,9.8063,0.219,-0.1532,-0.081,347.78,-87.14,-90.98,52.202164,-2.199157,4.29,2,88.58,22 / 23,6.590317341224348,2.359625992706071,1.2193783055141763,133.3108357723137,62.29789543396659,55.6637832862261,False,115.79999999999927,5.942094347527293,1.469529176141111,-90.53376826822657,-104.82345734724589,6.121111111101137,76.1090000000052,-0.6482229936970549,-0.8900968165649601,-223.84460404054028,-167.12135278121247
13481310.0,-0.2768,-0.5906,6.5186,-0.0132,0.051,9.8065,0.2617,-0.0304,-0.0299,335.06,-87.48,-99.86,52.202164,-2.199157,4.29,2,88.58,22 / 23,6.5092442211364725,2.25631147281783,1.0791933055136664,133.96581385043413,62.528692307243624,55.77871186677791,False,115.89999999999964,5.967499887816795,1.648878976460588,-89.94088623289487,-104.6566649587393,6.191111111109837,74.55400000002828,-0.5417443333196772,-0.607432496357242,-223.90670008332899,-167.18535726598293
13481410.0,-0.3725,4.6164,10.5135,0.0328,-0.0374,9.8064,0.2667,0.2954,-0.1004,340.09,-87.59,-97.77,52.202164,-2.199157,4.29,2,88.58,23 / 23,6.398860402000916,2.3988539873296366,0.950133305513197,134.61121908159336,62.76145058025185,55.88017819732962,False,116.0,6.126246393221429,1.7125535604595463,-89.32074525339988,-104.47875307568444,6.361111111111111,74.382,-0.27261400877948727,-0.6863004268700903,-223.93196433499324,-167.24020365593628
13481510.0,-0.358,-0.4903,9.06,0.0307,0.0546,9.8064,0.1168,-0.3166,0.1863,337.98,-87.6,-97.85,52.202164,-2.199157,4.29,2,88.58,23 / 23,6.280258734138173,2.544915415941504,0.9481433055131898,135.24517503840264,63.008639050416306,55.97509202788128,False,116.10000000000036,6.156578861368659,1.8828425479052378,-88.70741900998561,-104.2897217009112,6.4380555555581935,72.99500000000542,-0.12367987276951453,-0.6620728680362662,-223.95259404838825,-167.2983607513275
13481610.0,1.6876,-1.1731,10.8906,0.0518,-0.0103,9.8064,0.1587,-0.0017,-0.0166,340.86,-87.48,-94.44,52.202164,-2.199157,4.29,2,88.58,23 / 23,6.35648644282797,2.4526568949087952,0.9650083055132512,135.87701229725323,63.25851766595973,56.070749608432955,False,116.20000000000073,6.305167532862632,1.8924806023025476,-88.07364855838141,-104.11180981856266,6.583055555557516,73.29299999997534,-0.051318909965337944,-0.5601762926062477,-223.95066085563462,-167.3703274845224
13481710.0,3.6058,-0.6741,9.9582,0.0485,-0.0064,9.8064,0.1639,-0.3901,0.2825,330.97,-87.29,-103.6,52.202164,-2.199157,4.29,2,88.58,23 / 23,6.616330052879901,2.4471064058979293,1.0267833055123523,136.52565312202918,63.5035058309965,56.17033918898279,False,116.29999999999927,6.33375942769549,1.9830590184596693,-87.44669284291555,-103.91165894996708,6.636944444442484,72.61500000002466,-0.2825706251844107,-0.46404738743826,-223.97234596494474,-167.41516478096358
13481810.0,0.0505,-2.6034,11.3321,0.0792,-0.0646,9.8061,0.1722,-0.1784,0.2154,323.62,-86.83,-109.98,52.202164,-2.199157,4.29,2,88.58,23 / 23,6.861972548274063,2.364378747768812,1.1106333055126574,137.19956825208934,63.74408008868072,56.27721001953443,False,116.39999999999964,6.503262726885283,2.020810210054799,-86.7924781832299,-103.7115080813533,6.809999999996852,72.73799999999777,-0.35870982138878027,-0.3435685377140132,-223.99204643531925,-167.45558817003402
13481910.0,-0.4621,3.3242,8.7289,0.023,0.0021,9.8066,0.0493,-0.3076,0.2393,323.7,-87.21,-110.97,52.202164,-2.199157,4.29,2,88.58,23 / 23,6.818978712437553,2.3434234397051177,1.133018305512739,137.8836158151274,63.979470198055274,56.389392600086104,False,116.5,6.556175620518409,2.2453198509165784,-86.13826352354326,-103.47799873617036,6.93,71.095,-0.2628030919191442,-0.09810358878853931,-224.02187933867066,-167.45746893422563
13482010.0,1.3679,0.7402,9.0169,0.0145,-0.0301,9.8065,0.0118,-0.2454,0.1104,325.53,-87.3,-109.33,52.202164,-2.199157,4.29,2,88.58,23 / 23,6.731552223095361,2.4950891788744727,1.0396433055123993,138.56114236190652,64.22139582898514,56.49802568063776,False,116.60000000000036,6.615326974215435,2.2978764410804517,-85.484048863856,-103.24448938957237,7.003055555559663,70.84500000001356,-0.11622524887992558,-0.19721273779402093,-224.04519122576252,-167.4658852185575
13482110.0,1.8366,4.0155,9.1584,-0.0307,-0.0414,9.8065,0.0014,-0.4382,0.2413,332.26,-87.22,-104.87,52.202164,-2.199157,4.29,2,88.58,23 / 23,6.746175133466574,2.747524331284452,0.9677433055121377,139.23502872973708,64.48352650449404,56.59839501118935,False,116.70000000000073,6.858920905239013,2.2829889582744407,-84.79576052397819,-103.02209953681373,7.228888888890749,71.58999999997232,0.11274577177243916,-0.46453537301001147,-224.03078925371528,-167.50562604130778
13482210.0,2.8058,-2.824,10.7993,0.049,-0.0488,9.8063,0.0778,-0.275,0.2687,337.9,-87.52,-97.22,52.202164,-2.199157,4.29,2,88.58,23 / 23,6.904496691229953,2.8538214359783534,0.9849633055118873,139.91756232096196,64.7635937928531,56.69603034173913,False,116.79999999999927,6.876270882436356,2.3906691011786867,-84.10747218419007,-102.77747069781208,7.2799999999981395,70.82900000002768,-0.028225808793597373,-0.46315233479966667,-224.02503450515204,-167.54106449066518
13482309.0,-0.8108,0.8091,9.8695,0.0188,-0.0337,9.8065,-0.0994,-0.0692,0.1634,332.33,-87.32,-102.3,52.202164,-2.199157,4.29,2,88.58,23 / 23,7.019124681367428,2.757656173350735,1.037210555511972,140.60678157890663,65.04136193451534,56.79612794785997,False,116.89899999999943,6.991924701543468,2.438194417243323,-83.41257355035187,-102.53528814787917,7.40484999999743,70.7755400000011,-0.027199979823960163,-0.3194617561074118,-224.01935512925849,-167.5766500823945
13482410.0,0.5868,-2.7024,7.6795,-0.0112,-0.0327,9.8066,-0.1784,-0.3011,0.14,335.96,-87.19,-96.29,52.202396,-2.198061,10.22,3,63.33,23 / 23,7.034400375003274,2.6255763369137632,0.9329634055113862,141.31648459425733,65.31321517628523,56.89562173289221,False,117.0,7.088801614236137,2.5805331313324342,-82.69682182421681,-102.27709352875347,7.543888888888889,69.997,0.05440123923286233,-0.045043205581329016,-224.01330641847414,-167.5903087050387
13482510.0,0.3454,-0.0223,10.1853,-0.0191,-0.0716,9.8063,0.0901,0.1348,-0.1542,338.78,-86.94,-96.0,52.202396,-2.198061,10.22,3,63.33,23 / 23,7.118690182488864,2.4837400917133405,0.8455384055110682,142.0241391221345,65.56868099771751,56.98454682344366,False,117.10000000000036,7.112414639425847,2.5740965639226143,-81.98808927622922,-102.02134519659657,7.563888888892891,70.10400000000513,-0.006275543063017253,0.09035647220927379,-224.01222839836373,-167.59002619431408
13482610.0,0.7116,-2.6531,9.7341,-0.0056,0.0183,9.8065,-0.1275,-0.1319,0.2115,336.47,-87.0,-98.89,52.202396,-2.198061,10.22,3,63.33,23 / 23,7.206562079860709,2.345990383742321,0.8608434055111239,142.74040173525458,65.81016752149117,57.06986591399508,False,117.20000000000073,7.332232304120745,2.61290942685633,-81.25209778407861,-101.76559686514699,7.783888888887514,70.38599999999856,0.12567022426003582,0.26691904311400894,-223.9924995193332,-167.57576438663816
13482710.0,1.1312,-0.0318,10.6246,-0.0145,-0.0241,9.8065,0.0261,0.1169,-0.0792,338.61,-87.16,-97.0,52.202396,-2.198061,10.22,3,63.33,23 / 23,7.33122769932525,2.222154889913415,0.8981134055105816,143.4672912242033,66.03857478517062,57.15781375454488,False,117.29999999999927,7.29482948490617,2.6053215025873246,-80.52292102804854,-101.509848534428,7.7461111111124845,70.34600000000145,-0.03639821441907998,0.3831666126739095,-223.99021225225187,-167.5484233195986
13482810.0,0.7669,-1.5592,10.5439,0.0054,0.0043,9.8066,0.0713,-0.2928,0.0773,334.17,-87.42,-100.64,52.202396,-2.198061,10.22,3,63.33,23 / 23,7.439517694548167,2.1520192795907516,0.9758734055108645,144.20582849389967,66.25728349364663,57.25151309509629,False,117.39999999999964,7.397953134197465,2.708144892837119,-79.78692953589794,-101.23186121742052,7.878055555553155,69.89400000000822,-0.041564560350701996,0.5561256132463672,-223.9927580297976,-167.48914471106713
13482910.0,-1.56,1.1192,8.5028,0.0458,-0.0239,9.8065,-0.0628,0.0916,0.0491,334.15,-87.49,-101.43,52.202396,-2.198061,10.22,3,63.33,23 / 23,7.401363878041632,2.078564246327431,0.9475434055107615,144.94787257253185,66.4688126699433,57.34768393564772,False,117.5,7.461732711601081,2.772029029541783,-79.03730857166543,-100.95387390111954,7.959999999999999,69.62,0.060368833559448554,0.6934647832143521,-223.98518114419727,-167.42268657106285
13483010.0,0.3754,0.6843,9.2585,-0.018,0.0321,9.8065,0.0626,-0.065,-0.1307,335.17,-87.84,-99.99,52.202396,-2.198061,10.22,3,63.33,23 / 23,7.297079569394393,2.0976152925943494,0.8549434055104248,145.68279474490632,66.67762164689016,57.43780827619911,False,117.60000000000036,7.646043820808801,2.652463405139575,-78.27405813537777,-100.68700607724426,8.093055555557065,70.86799999999754,0.348964251414408,0.5548481125452254,-223.9568528802841,-167.36462772413444
13483110.0,3.1759,-1.8938,10.6545,-0.0149,-0.0014,9.8066,-0.0722,0.2405,-0.2951,337.04,-87.63,-100.68,52.202396,-2.198061,10.22,3,63.33,23 / 23,7.469633718741665,2.075397227433292,0.8699284055104793,146.4211304093158,66.8862722728923,57.52405186675047,False,117.70000000000073,7.718176592888252,2.697877495784513,-77.50399296303576,-100.42013825336818,8.176111111113295,70.73299999994572,0.2485428741465867,0.6224802683512212,-223.92512337235155,-167.3064105262605
13483210.0,-0.8724,-0.8038,8.5067,-0.0294,-0.0055,9.8066,-0.1816,0.1275,0.1801,336.57,-87.29,-98.97,52.202396,-2.198061,10.22,3,63.33,23 / 23,7.615038720970167,1.9601845747490287,0.8473234055108084,147.1753640312904,67.08805136299848,57.609914457300285,False,117.79999999999927,7.701419040588299,2.919190126695121,-76.73392779079084,-100.13103144396048,8.236111111108928,69.24100000005429,0.08638031961813208,0.9590055519460923,-223.90929182208123,-167.21908280695897
13483310.0,0.1869,1.2833,9.4622,-0.0202,-0.0641,9.8063,-0.0318,0.0179,0.1947,343.1,-87.08,-92.83,52.202396,-2.198061,10.22,3,63.33,23 / 23,7.565734654844216,1.935157663823877,0.7651034055105094,147.9344027000839,67.28281847492784,57.690535797851645,False,117.89999999999964,7.7200251584638995,2.7460929838869816,-75.96386261842174,-99.85304412765912,8.193888888889656,70.41899999997857,0.15429050361968333,0.8109353200631046,-223.89826531850565,-167.13586260258694
13483410.0,-2.6269,-1.4771,8.5544,-0.0573,-0.0529,9.8063,-0.1972,0.1089,-0.0569,335.54,-86.76,-97.23,52.202396,-2.198061,10.22,3,63.33,23 / 24,7.451819567751867,1.8426215463912685,0.685268405510219,148.68528041121644,67.47170743543928,57.76305438840294,False,118.0,7.816422710378932,2.7734687512043523,-75.18016797402517,-99.57505680994349,8.293888888888889,70.464,0.3646031426270646,0.9308472048130838,-223.86544838524162,-167.04676424538278
13483510.0,2.2059,-5.2335,11.8649,-0.088,0.0398,9.8062,-0.1493,-0.3929,0.149,344.83,-86.79,-91.08,52.202396,-2.198061,10.22,3,63.33,23 / 24,7.522034036496252,1.462553260138207,0.7255684055103656,149.43397309143157,67.63696617576636,57.83359622895423,False,118.10000000000036,7.84565268767514,2.8490727374047973,-74.39647332960125,-99.29706949364252,8.346944444444773,70.0420000000062,0.32361865117888833,1.3865194772665903,-223.83044642103283,-166.9340356694089
13483610.0,-1.4809,1.4675,8.2947,0.024,-0.0747,9.8063,-0.2069,0.2001,0.126,334.02,-86.63,-98.49,52.202396,-2.198061,10.22,3,63.33,23 / 24,7.583000420388686,1.2374553251116505,0.7528834055104651,150.18922481427856,67.77196660502935,57.90751881950554,False,118.20000000000073,7.879477673206042,2.808390392637568,-73.61277868520443,-99.01908217734074,8.365000000000729,70.38299999996565,0.2964772528173558,1.5709350675259175,-223.802003499483,-166.79104878237007
13483710.0,-4.7038,11.9399,6.4185,-0.0039,-0.0144,9.8066,-0.0892,-1.6665,0.9953,333.79,-86.92,-98.96,52.202396,-2.198061,10.22,3,63.33,23 / 24,6.997738515321693,1.6663223702101222,0.5078784055140304,150.91826176105346,67.91715548979333,57.97055691005585,False,118.29999999999927,7.850865520884159,2.9448489898430115,-72.82908404087888,-98.71885587550837,8.384999999999271,69.43900000003434,0.8531270055624658,1.2785266196328893,-223.74734580193234,-166.6360113653017
13483810.0,1.2119,5.3035,13.1359,-0.0212,-0.2633,9.8031,-0.0142,-1.0326,0.6509,343.75,-87.42,-92.37,52.202396,-2.198061,10.22,3,63.33,23 / 24,6.492164630205778,2.334474141383682,0.5049334055140198,151.5927569183323,68.11719531537375,58.021197500607435,False,118.39999999999964,7.881129288451561,2.812855296594548,-72.03857466040074,-98.44086855849928,8.368055555555864,70.35799999998329,1.3889646582457829,0.4783811552108661,-223.63133157873304,-166.55806387387304
13483910.0,-3.8415,15.1217,8.568,0.0995,-0.1858,9.8043,-0.614,-1.001,0.73,346.39,-86.56,-87.16,52.202396,-2.198061,10.22,3,63.33,23 / 24,6.092841733060988,3.262270535925235,0.6094634055144,152.22200723649792,68.39703254924021,58.07691734115906,False,118.5,7.913462581714109,2.9231969907659385,-71.2548800159767,-98.15176174906549,8.436111111111112,69.726,1.820620848653121,-0.33907354515929633,-223.47688725247463,-166.5487942983057
13484010.0,-1.6543,-10.6245,9.6109,-0.0136,-0.1735,9.805,-0.216,-1.7114,1.0197,353.3,-87.39,-80.98,52.202396,-2.198061,10.22,3,63.33,23 / 24,5.686694586976565,3.3830034766510297,0.5377434055141392,152.81098405250194,68.72929624987023,58.13427768171069,False,118.60000000000036,7.934476294235938,2.877096789515715,-70.45755589949799,-97.86265494033862,8.440000000002,70.06899999999222,2.2477817072593727,-0.5059066871353148,-223.2685399519999,-166.59195119020885
13484110.0,-3.4546,9.9418,11.1813,0.0458,-0.2053,9.8043,0.0875,0.3433,-0.2761,356.22,-86.6,-80.03,52.202396,-2.198061,10.22,3,63.33,23 / 24,5.437348212236408,3.3006047560128597,0.5966884055143538,153.3671861924646,69.06347666150464,58.190999272262324,False,118.70000000000073,8.015891609722363,2.9745557149214186,-69.66023178299194,-97.56242863847973,8.549999999999384,69.64100000002652,2.578543397485955,-0.32604904109144117,-223.02741797545656,-166.62590529998437
13484209.0,0.0426,-7.1175,9.2029,0.0039,0.0901,9.8061,-0.0488,-0.8376,0.4164,354.57,-87.69,-84.8,52.202396,-2.198061,10.22,3,63.33,23 / 24,5.245573526494402,3.4006285610676725,0.6348479555144155,153.89599081853262,69.39518771070065,58.25196032213335,False,118.79900000000089,8.036916345035566,2.8677147064996777,-68.86413431907044,-97.28722119536236,8.533225000000334,70.36270999998568,2.791342818541164,-0.5329138545679948,-222.76012513760307,-166.68240890606302
13484310.0,-1.0551,-6.0211,9.5377,0.0023,-0.1335,9.8057,0.017,0.9249,-0.6903,350.93,-87.14,-84.96,52.202396,-2.198061,10.22,3,63.33,24 / 24,5.253828933126389,2.7034500454327923,0.5907766055149616,154.4262106427369,69.70344368032511,58.31385436246457,False,118.89999999999964,7.995876705678831,2.9276578877300814,-68.05876881408004,-96.98421501963784,8.51500000000033,69.89000000000873,2.742047772552442,0.22420784229728907,-222.48497945681692,-166.68765869996295
13484409.0,-2.8945,-7.5042,9.6688,-0.0702,0.1333,9.8054,-0.1292,0.1592,-0.0077,356.92,-86.82,-77.57,52.202396,-2.198061,10.22,3,63.33,24 / 24,5.102773709901895,1.992491786626204,0.570640005514929,154.9388624735676,69.9358928010124,58.37134448471064,False,118.9989999999998,8.07613968160766,2.9039806475415504,-67.25592476140692,-96.69799927829858,8.582374999999852,70.22263999999926,2.973365971705766,0.9114888609153464,-222.1947872349745,-166.63389207931098
13484510.0,-4.3147,-8.8329,9.2109,-0.004,0.0041,9.8066,0.2197,1.2174,-0.4985,5.94,-87.07,-69.26,52.202396,-2.198061,10.22,3,63.33,24 / 24,4.686748675289843,1.1581353743199916,0.5335932055147209,155.43323335402258,70.09499947264108,58.42710826186795,False,119.10000000000036,8.096433579665593,2.981795760920511,-66.43686163693188,-96.39488190834417,8.628055555557136,69.78200000001375,3.40968490437575,1.8236603866005194,-221.87009499095444,-166.48988138098525
13484610.0,-4.7143,9.1033,10.3011,-0.0057,0.1635,9.8052,0.3302,1.1584,-0.9753,2.08,-86.76,-74.72,52.202396,-2.198061,10.22,3,63.33,24 / 24,4.178912427002721,1.1790943806272651,0.5285282055147026,155.87651640913882,70.21186096038886,58.480214332419614,False,119.20000000000073,8.217048193891115,2.903677664500366,-65.61909331231631,-96.10577509961752,8.715000000002728,70.53799999999708,4.038135766888394,1.7245832838731008,-221.49560972145514,-166.31763606000638
13484711.0,0.1279,-5.1756,9.8706,-0.017,0.2161,9.8042,-0.0394,0.5214,-0.4433,0.42,-87.55,-76.22,52.202396,-2.198061,10.22,3,63.33,24 / 24,3.9346861573039122,1.3586028199116849,0.5567274055143532,156.2862531376412,70.3400146690145,58.5350197407759,False,119.30099999999948,8.283452060531452,2.9410654596495838,-64.77944968511346,-95.81366602719103,8.79008055555528,70.45244000001901,4.34876590322754,1.582462639737899,-221.06570282275467,-166.15368069620553
13484810.0,-2.707,7.9717,10.1175,-0.0042,0.1509,9.8054,0.1546,0.9352,-0.831,354.06,-87.58,-79.61,52.202396,-2.198061,10.22,3,63.33,24 / 24,3.7399945373668113,1.4526022884835177,0.5752800055143832,156.66614983202803,70.47916932188028,58.591054107621915,False,119.39999999999964,8.262308938153275,3.023248678020347,-63.96311245505225,-95.51644198835054,8.79805555555541,69.90200000001012,4.522314400786463,1.5706463895368294,-220.62926228708028,-165.9956113102308
13484910.0,-2.4664,-7.2543,9.1314,-0.0034,0.1487,9.8055,0.1911,0.4298,-0.3318,3.12,-87.33,-76.33,52.202396,-2.198061,10.22,3,63.33,24 / 24,3.395332374398244,1.451553974628735,0.5570600055143169,157.0229161776176,70.62437713503643,58.647671108173554,False,119.5,8.299668112681307,2.9960848357144156,-63.13852939443686,-95.21621568649086,8.823888888888888,70.15100000000001,4.904335738283063,1.5445308610856807,-220.16144557205445,-165.84059282152728
13485010.0,-5.558,2.7672,10.3666,-0.0176,0.1041,9.806,0.1521,0.7895,-0.5928,358.05,-86.95,-75.85,52.202396,-2.198061,10.22,3,63.33,24 / 24,2.9430771500436235,1.197752078927953,0.5512950055142959,157.33983665384085,70.75684243771474,58.70308885872519,False,119.60000000000036,8.364532127541842,3.058335725652545,-62.30031686168541,-94.91598938463096,8.906111111112546,69.91599999999823,5.421454977498219,1.8605836467245922,-219.64015351552626,-165.6728318223457
13485110.0,-1.7606,-6.0206,9.3895,0.008,0.1212,9.8058,0.0311,-0.0405,0.015,3.9,-87.62,-72.97,52.202396,-2.198061,10.22,3,63.33,24 / 24,2.5252245146331216,1.0052627315839944,0.5584350055143219,157.61325173707567,70.86699317824073,58.75857535927682,False,119.70000000000073,8.43338817522956,3.099707871056858,-61.46210432898765,-94.60464358963908,8.984999999999676,69.81900000002958,5.908163660596438,2.094445139472864,-219.0753560660633,-165.47163676787983
13485210.0,-2.0069,0.2052,9.3932,-0.004,0.0294,9.8066,0.028,0.2904,-0.3981,356.24,-87.41,-77.55,52.202396,-2.198061,10.22,3,63.33,24 / 24,2.2894713192383773,0.6872080505879569,0.5169050055149264,157.85398652876574,70.9516167173481,58.8123423598275,False,119.79999999999927,8.468135251938536,2.9767861921699077,-60.61026232425887,-94.31553678023138,8.976111111111434,70.63199999997043,6.178663932700159,2.2895781415819507,-218.46424885302463,-165.2671534975795
13485310.0,-3.0339,-2.7751,10.0414,-0.0367,0.0337,9.8065,-0.0683,-0.4057,0.036,359.15,-87.27,-77.4,52.202396,-2.198061,10.22,3,63.33,22 / 23,2.0135071387254384,0.5213734251201241,0.5079700055148939,158.06913545166472,71.01204579113373,58.863586110379174,False,119.89999999999964,8.624670787605455,2.9527166466666004,-59.75160558345257,-94.0153104783721,9.116111111108564,71.10099999999147,6.611163648880016,2.4313432215464763,-217.8207410351173,-165.02735626950584
13485410.0,-2.125,-1.9584,10.7834,0.0087,-0.0542,9.8065,0.0181,-0.0755,0.21,3.96,-87.21,-73.53,52.202396,-2.198061,10.22,3,63.33,22 / 23,1.7237406249856133,0.26333171443771014,0.5685450055151143,158.25599783985095,71.05128104811176,58.91741186093087,False,120.0,8.615263873166263,3.0523480135325696,-58.89294884259185,-93.71508417651242,9.14,70.491,6.8915232481806505,2.7890162990948593,-217.14894668244278,-164.76636522462417
13485510.0,-1.4322,1.7485,10.8671,0.0116,0.0055,9.8066,-0.1359,-0.2556,0.2716,5.32,-87.61,-74.24,52.202396,-2.198061,10.22,3,63.33,22 / 23,1.5189776294734354,0.24146025992842984,0.670405005515485,158.4181337525745,71.07652064683016,58.97935936148262,False,120.10000000000036,8.532965117140689,3.1072633171400454,-58.04792157384009,-93.39261888909343,9.08111111111333,69.99099999996224,7.013987487667253,2.8658030572116155,-216.4660553264146,-164.4691395359236
13485609.0,-3.4396,0.4346,9.457,-0.0191,-0.0402,9.8065,-0.1382,-0.1643,-0.0221,4.73,-87.66,-72.76,52.202396,-2.198061,10.22,3,63.33,22 / 23,1.25981824952513,0.34492256186875975,0.705589605515542,158.55568414858516,71.10554659650917,59.04747109472877,False,120.19900000000052,8.527852273934663,3.456651170416596,-57.21134457777754,-93.04035336134535,9.201836111115282,67.93575999992902,7.268034024409532,3.111728608547836,-215.7670287263627,-164.1458999578545
13485709.0,-3.2426,1.3619,10.1708,-0.0172,-0.0248,9.8066,0.0104,-0.0246,-0.0571,5.41,-87.42,-71.59,52.202396,-2.198061,10.22,3,63.33,22 / 23,0.9062295733483752,0.43884248405232884,0.7063146055155447,158.66398653972922,71.14473484880537,59.11806630528058,False,120.29900000000089,8.402585043828742,3.71737294399418,-56.386557075087254,-92.65150470346511,9.18820555555585,66.13498000003533,7.496355470480367,3.2785304599418508,-215.0505436148165,-163.7962395522705
13485810.0,-2.0099,-0.3685,9.9942,-0.0022,0.0056,9.8066,0.0512,-0.1792,0.1885,4.08,-87.41,-73.4,52.202396,-2.198061,10.22,3,63.33,22 / 23,0.617981835447257,0.4860008024678627,0.7341754555151995,158.74095921587244,71.19143943477407,59.19081105336173,False,120.39999999999964,8.561934238947067,3.439445575786183,-55.519654503689196,-92.31402809978414,9.226944444443737,68.11399999996367,7.943952403499811,2.9534447733183202,-214.26061371956163,-163.5054675345582
13485910.0,-5.5682,-0.279,9.2833,0.0081,-0.0371,9.8065,-0.2024,0.0737,0.0351,3.26,-87.42,-74.16,52.202396,-2.198061,10.22,3,63.33,22 / 23,0.20929882157995167,0.4509815118963008,0.7173854555151384,158.78232324872394,71.23828855049244,59.26338909891351,False,120.5,8.674254470713404,3.113521059773685,-54.647368290746826,-92.0138017993385,9.216111111111113,70.255,8.464955649133453,2.662539547877384,-213.42969153947075,-163.25209034983095
13486010.0,-2.4556,-0.967,9.1922,-0.0264,0.006,9.8065,-0.0863,-0.1541,-0.0356,12.75,-87.51,-67.35,52.202396,-2.198061,10.22,3,63.33,22 / 23,-0.23001445677025223,0.4094282968665473,0.6604954555149315,158.78128746696441,71.28130904093074,59.33228314446526,False,120.60000000000036,8.706920048965436,3.0387172618310787,-53.7750820778313,-91.71357549677148,9.221944444444809,70.76099999999464,8.936934505735689,2.6292889649645312,-212.5563695447957,-162.9948845377022
13486109.0,0.1969,-3.2213,12.2832,-0.0263,-0.0043,9.8065,-0.0603,0.2729,-0.2587,5.91,-87.43,-71.69,52.202396,-2.198061,10.22,3,63.33,22 / 23,-0.3962708301150344,0.2074533329058611,0.7526694055150807,158.75028634526353,71.31184468160453,59.40223480508636,False,120.69900000000052,8.709977187379634,3.089678851302531,-52.91151872704668,-91.41635145793099,9.241744444445128,70.46894999998992,9.106248017494668,2.8822255183966696,-211.66180507231022,-162.7281961395355
13486210.0,-3.4655,-0.8378,7.2373,-0.0103,0.0426,9.8065,-0.25,0.0794,-0.0356,2.45,-87.49,-74.91,52.202396,-2.198061,10.22,3,63.33,22 / 23,-0.6086669409539309,-0.015856393215854803,0.7479830055151389,158.69953698782518,71.32152032705875,59.478017751842444,False,120.79999999999927,8.761229487256267,3.007499974551182,-52.023694916079656,-91.12424238621183,9.263055555554788,71.05399999997861,9.369896428210199,3.023356367767037,-210.72323190390483,-162.4457627132706
13486310.0,-3.6738,-0.1088,10.6924,-0.0478,-0.0503,9.8064,0.3907,-0.0896,-0.0111,1.67,-87.74,-78.13,52.202396,-2.198061,10.22,3,63.33,23 / 23,-0.9949906807289239,-0.07686877560331261,0.6638030055148326,158.61935410674076,71.31688406861777,59.548607052394196,False,120.89999999999964,8.76293996440321,3.087981356690448,-51.14459396710964,-90.81289659121994,9.2911111111106,70.58800000000848,9.757930645132134,3.1648501322937603,-209.7639480738504,-162.1297806598377
13486410.0,0.6547,-0.8754,12.8307,0.1107,0.013,9.806,0.2348,-0.1737,0.0115,356.78,-87.75,-82.72,52.202396,-2.198061,10.22,3,63.33,23 / 23,-1.1698982016747186,-0.14660897048973914,0.8592930055155439,158.51110966262019,71.30571018131307,59.624761852945994,False,121.0,8.717468729580036,2.886909815912853,-50.272307754193996,-90.54602876734386,9.183055555555555,71.67699999999999,9.887366931254753,3.0335187864025923,-208.7834174168142,-161.85173894865693
13486510.0,-2.1358,0.5633,9.012,0.0436,0.0213,9.8065,0.099,-0.0674,-0.0977,359.79,-87.85,-79.89,52.202396,-2.198061,10.22,3,63.33,23 / 23,-1.2674828305161714,-0.18893466913809476,0.9707630055159495,158.3892406110102,71.28893299933162,59.7162646534979,False,121.10000000000036,8.65540276996982,2.9365971616180313,-49.406836277332715,-90.24580246477726,9.14000000000133,71.25899999999935,9.92288560048599,3.125531830756126,-207.7960768883429,-161.53473546410888
13486609.0,-2.2668,-1.42,10.7354,-0.0126,0.0051,9.8066,0.0374,-0.1207,0.1214,0.11,-87.86,-82.13,52.202396,-2.198061,10.22,3,63.33,23 / 23,-1.512033854037506,-0.25872237124655534,0.9774009555159603,158.25165453512457,71.26677397583255,59.81269876956914,False,121.19900000000052,8.722050170036868,2.965260934204286,-48.53652633785415,-89.9705950223401,9.2123250000025,71.22335999999876,10.234084024074374,3.2239833054508416,-206.78818087297873,-161.23736899817266
13486710.0,-2.4239,0.1679,9.6708,0.0052,-0.0312,9.8066,-0.0431,0.0017,0.0858,355.81,-87.9,-81.15,52.202396,-2.198061,10.22,3,63.33,23 / 23,-1.7752648445918362,-0.35935628814786763,1.0174424055154643,158.08564595084584,71.23556100353352,59.913438359299974,False,121.29999999999927,8.699912357995222,3.139023835874642,-47.65544911555384,-89.65646935351069,9.248888888887585,70.16000000003866,10.475177202587059,3.4983801240225096,-205.74109506639968,-160.8920303570442
13486810.0,-0.3922,-0.5686,9.9068,0.0125,-0.0155,9.8066,0.0006,-0.0542,-0.0213,0.93,-88.01,-78.33,52.202396,-2.198061,10.22,3,63.33,23 / 23,-1.6512755418055567,-0.3537078286005892,0.8633087946881391,157.91431893152534,71.19990779769597,60.007475919310494,False,121.39999999999964,8.730177537924483,2.8509323527218005,-46.783162902611224,-89.3784820372085,9.18388888889007,71.91499999996809,10.38145307973004,3.2046401813223895,-204.69748183413657,-160.57838983490447
13486910.0,-0.5619,0.6782,10.7813,-0.012,-0.0199,9.8065,0.0577,-0.2598,-0.0463,359.87,-87.77,-79.82,52.202396,-2.198061,10.22,3,63.33,23 / 23,-1.7263828786294764,-0.3752421563175277,0.9170487946883348,157.74543601050297,71.16346029844993,60.09649379877964,False,121.5,8.606933694699459,3.019165493357674,-45.92450616180443,-89.07825573605655,9.12111111111111,70.67,10.333316573328934,3.394407649675202,-203.6699421723074,-160.24171603450648
13487010.0,0.0581,-3.7662,11.0767,0.0369,-0.0309,9.8065,0.0704,-0.3335,0.3466,357.09,-87.56,-82.41,52.202396,-2.198061,10.22,3,63.33,23 / 23,-1.7680247743850686,-0.5574659613690001,1.0292837946887432,157.5707156278516,71.11682489256543,60.193810428248845,False,121.60000000000036,8.569266764759725,3.300935693219771,-45.06584942094369,-88.74467095621326,9.183055555553882,68.93300000002834,10.337291539144793,3.858401654588771,-202.6365650487953,-159.8614958487787
13487110.0,-2.6754,0.2213,9.2728,0.0453,-0.0316,9.8064,0.0192,-0.011,0.1117,357.01,-87.76,-82.51,52.202396,-2.198061,10.22,3,63.33,23 / 23,-1.9149566986868396,-0.770110492861328,1.0660937946888773,157.38656655419734,71.05044606985368,60.29857930771811,False,121.70000000000073,8.569181742063458,3.036021328333037,-44.20719268011104,-88.45556414606871,9.091111111113728,70.4909999998885,10.484138440750298,3.806131821194365,-201.59375923430838,-159.5060102159224
13487210.0,-0.9544,-1.9149,11.1932,-0.0123,-0.0013,9.8066,0.0587,-0.1703,-0.0026,1.39,-87.81,-80.93,52.202396,-2.198061,10.22,3,63.33,23 / 23,-2.125421758373766,-0.8884075311647621,1.108728794688257,157.18454763134724,70.96752016865358,60.40732043718538,False,121.79999999999927,8.461023561875678,3.5174802628480366,-43.3757948835168,-88.07750139514158,9.163055555552937,67.4260000001115,10.586445320249442,4.4058877940127985,-200.56034251486403,-159.04502156379516
13487310.0,-2.2356,-1.3585,10.776,0.0221,-0.006,9.8066,-0.0856,0.0103,-0.0857,350.41,-87.64,-88.68,52.202396,-2.198061,10.22,3,63.33,23 / 23,-2.2988840972052538,-1.0977279582090604,1.2265237946886856,156.96333233856748,70.86821339418452,60.524083066654654,False,121.89999999999964,8.2636818085454,3.7841067904733294,-42.55802655890122,-87.68831915175477,9.088888888890237,65.39600000003692,10.562565905750652,4.88183474868239,-199.5213588974687,-158.5565325459393
13487410.0,-2.7681,-1.6821,9.9527,0.0024,-0.0135,9.8066,-0.0324,-0.0198,-0.0068,350.53,-87.57,-91.1,52.202396,-2.198061,10.22,3,63.33,24 / 24,-2.5422288527560326,-1.3205549340327403,1.2822937946888886,156.72127669106854,70.747299249572,60.64952394612399,False,122.0,8.474552896142848,3.4796422230741326,-41.706184554122686,-87.35473437190966,9.16111111111111,67.67699999999999,11.01678174889888,4.800197157106873,-198.42746124519124,-158.10203362148167
13487510.0,-2.4527,0.158,9.0533,0.0136,-0.0182,9.8066,-0.0094,-0.0317,-0.0341,346.64,-87.46,-92.17,52.202396,-2.198061,10.22,3,63.33,24 / 24,-2.806753632984274,-1.4791151387621173,1.2519287946887783,156.45382756678055,70.60731574593174,60.776235075593334,False,122.10000000000036,8.44048435127661,3.4041808666185207,-40.85434254928959,-87.03226908519798,9.10111111111151,68.03499999998233,11.247237984260883,4.883296005380638,-197.30817011607013,-157.63958483112972
13487609.0,-0.8087,-0.4609,9.4815,0.0417,0.0097,9.8065,-0.0974,-0.1024,0.0689,341.97,-87.33,-99.02,52.202396,-2.198061,10.22,3,63.33,24 / 24,-2.975743311642761,-1.5669328840383652,1.198543044688692,156.16759396802104,70.45653636880287,60.897533431642714,False,122.19900000000052,8.402180351868736,3.5537681365548837,-40.024512141947795,-86.68000355744991,9.122836111111862,67.0737099999668,11.377923663511497,5.120701020593248,-196.19210610996885,-157.1365399262528
13487710.0,-0.8969,-0.3843,9.3945,0.0117,-0.0138,9.8066,-0.0413,0.032,0.085,343.87,-87.06,-97.13,52.202396,-2.198061,10.22,3,63.33,24 / 24,-3.063098605763138,-1.667352962831301,1.1613093946891535,155.86263245119582,70.29320493353798,61.016705979829815,False,122.29999999999927,8.466962743309812,3.5183895975521216,-39.164288011863064,-86.34286053998223,9.16888888888722,67.4349999999865,11.53006134907295,5.185742560383423,-195.0269204630589,-156.6360654735202
13487809.0,0.4072,0.0152,9.6244,0.0176,0.0197,9.8065,0.0496,-0.3549,0.1607,343.99,-86.81,-99.76,52.202396,-2.198061,10.22,3,63.33,24 / 24,-3.099147997087959,-1.7251128832754834,1.131886594689106,155.5576012443542,70.12527787415542,61.13021918130422,False,122.39899999999943,8.623672744413636,3.6134319657371603,-38.307471249746044,-86.00160330973597,9.35011388888516,67.26571000000348,11.722820741501595,5.338544849012644,-193.86507249410025,-156.12688118389138
13487910.0,-0.7242,0.3044,10.0012,0.0127,-0.0226,9.8066,0.012,-0.076,-0.1158,341.83,-86.72,-104.19,52.202396,-2.198061,10.22,3,63.33,24 / 24,-3.136735761263193,-1.7499247823985251,1.1325077446891094,155.2426891145557,69.9497884720379,61.24457109544346,False,122.5,8.553776986724184,3.822169315157745,-37.4333450581144,-85.62009351745925,9.36888888888889,65.923,11.690512747987377,5.5720940975562705,-192.6760341726701,-155.56988198949716
13488010.0,0.7303,-1.0654,9.8056,0.0142,-0.0054,9.8066,-0.0528,-0.3458,0.0421,339.77,-86.8,-106.08,52.202396,-2.198061,10.22,3,63.33,24 / 24,-3.1393630155075476,-1.8188133464712213,1.1421827446891448,154.92888417571604,69.77135156559376,61.35830561991279,False,122.60000000000036,8.468737569378916,3.6803787839497395,-36.58150305333537,-85.27538924448133,9.233888888889565,66.5109999999752,11.608100584886465,5.499192130420961,-191.5103872290514,-155.0467408100751
13488110.0,0.7829,-3.0575,10.0964,0.0077,-0.0008,9.8066,0.055,-0.2499,0.1408,338.18,-86.62,-107.5,52.202396,-2.198061,10.22,3,63.33,24 / 24,-3.0085644761268284,-2.018743224942012,1.1566177446891974,154.62148780113318,69.5794737370224,61.473245644382125,False,122.70000000000073,8.41250504431504,3.8965703014282003,-35.736475784556276,-84.88620700109493,9.271111111112749,65.1470000000009,11.421069520441868,5.915313526370213,-190.35796358568945,-154.46568073811733
13488210.0,0.2939,-0.6755,9.1866,0.0206,0.0328,9.8065,-0.0623,-0.2713,0.1076,334.73,-86.52,-110.61,52.202396,-2.198061,10.22,3,63.33,24 / 24,-2.9011747712541247,-2.206200358802237,1.1401027446894378,154.32600083876844,69.36822655783826,61.588081668849384,False,122.79999999999927,8.455045200402662,3.9117945873582576,-34.88463377985459,-84.51926374259246,9.316111111109475,65.17199999999909,11.356219971656786,6.117994946160495,-189.21063461862303,-153.88749030043073
13488311.0,0.5201,-2.1924,10.1056,-0.0032,0.0262,9.8066,0.0041,-0.368,0.0729,337.52,-86.55,-110.55,52.202396,-2.198061,10.22,3,63.33,23 / 24,-2.819996442113049,-2.3592297615077955,1.123887194689347,154.03708169249177,69.1376723367613,61.70241316078865,False,122.90099999999984,8.599775204616273,3.911527894051763,-34.010643882917215,-84.13708678005608,9.447605555554498,65.54216000003176,11.419771646729323,6.270757655559558,-188.04772557540898,-153.2747591168174
13488410.0,1.1125,-0.3623,10.437,0.0242,0.026,9.8066,-0.0986,-0.2309,0.0658,336.21,-86.54,-111.75,52.202396,-2.198061,10.22,3,63.33,23 / 24,-2.710692545973357,-2.479233243081596,1.1698875446894215,153.76331258758105,68.89816841803373,61.81595501038809,False,123.0,8.519330967174703,4.233110661773981,-33.16732029818756,-83.72977976410067,9.513055555555555,63.578,11.23002351314806,6.712343904855578,-186.9306328857686,-152.6279481821344
13488510.0,-0.2202,-0.0654,10.8026,0.0081,0.0389,9.8065,-0.0317,-0.2051,-0.0453,329.4,-86.72,-118.17,52.202396,-2.198061,10.22,3,63.33,23 / 24,-2.671456844910655,-2.5183420162455192,1.2512025446897173,153.49420511803586,68.64828965506646,61.937009514857486,False,123.10000000000036,8.641616699653955,4.144078552684815,-32.295034085272285,-83.32947802758004,9.58388888888851,64.37999999998735,11.31307354456461,6.662420568930334,-185.78923920330814,-151.97776768264652
13488610.0,-0.2326,1.8674,10.1516,0.0347,0.0391,9.8064,-0.0479,-0.2993,-0.0191,321.06,-87.02,-126.13,52.202396,-2.198061,10.22,3,63.33,23 / 24,-2.753235179571125,-2.4991178491230674,1.3182475446899613,153.2229705168108,68.39741666179712,62.065482019326936,False,123.20000000000073,8.572039970819642,4.239358712988581,-31.436377344410804,-82.90693730691653,9.563055555559739,63.685000000016515,11.325275150390766,6.738476562111648,-184.6593478612216,-151.30435396871366
13488709.0,-1.7192,-1.1794,10.3861,-0.0043,0.029,9.8065,0.053,-0.5171,0.1652,324.69,-87.14,-125.32,52.202396,-2.198061,10.22,3,63.33,23 / 24,-2.860635196651383,-2.5688823653208472,1.3640053446900353,152.94508393318733,68.14655065118174,62.19825353735146,False,123.29900000000089,8.70747758087024,4.221643966643121,-30.566067405022398,-82.51063858779115,9.676905555553297,64.13445999999108,11.568112777521623,6.790526331963969,-183.51115133820974,-150.65718923897288
13488809.0,-2.4418,0.6212,8.5343,0.0199,-0.0067,9.8065,-0.1583,0.314,-0.0618,323.67,-86.98,-126.07,52.202396,-2.198061,10.22,3,63.33,23 / 24,-3.019015784096441,-2.751874315794138,1.3293603446905395,152.65110138415423,67.88051281712987,62.33292182181853,False,123.39899999999943,8.77995031616836,4.229170526472368,-29.686966456096105,-82.09932855447772,9.745430555554169,64.28056999999708,11.798966100264801,6.981044842266506,-182.33806784025035,-149.9798413716076
13488911.0,-0.2536,3.9253,10.5634,-0.013,-0.0369,9.8065,0.1164,0.3277,-0.4233,322.11,-86.96,-127.58,52.202396,-2.198061,10.22,3,63.33,23 / 24,-3.276062867208438,-2.6888339227087013,1.3030647446903407,152.33005237293526,67.60303669696412,62.46717550137797,False,123.5010000000002,8.835792471021806,4.217002420214935,-28.7766540160889,-81.69046480931827,9.790538888889005,64.48660999999773,12.111855338230244,6.905836342923636,-181.10670638902417,-149.29350150628238
13489010.0,1.8024,0.1496,9.8632,0.024,-0.0322,9.8065,-0.0249,0.013,-0.1541,313.76,-87.47,-138.49,52.202396,-2.198061,10.22,3,63.33,23 / 24,-3.350329943924849,-2.5114182324593193,1.343323094690406,152.00204592878362,67.3456242152829,62.59817169942753,False,123.60000000000036,8.806412311876656,4.39877831335487,-27.906344076609972,-81.2501329001592,9.843888888890111,63.45800000001406,12.156742255801504,6.910196545814189,-179.90839000539358,-148.5957571154421
13489110.0,-0.2994,0.3336,11.1577,-0.042,0.0006,9.8065,0.1342,0.2817,-0.2537,311.32,-87.5,-140.68,52.202396,-2.198061,10.22,3,63.33,23 / 24,-3.3136168187194044,-2.479599099926481,1.4137030946906621,151.66884859065019,67.0960733486627,62.736023008897085,False,123.70000000000073,8.925491967672356,4.308795259921754,-27.00679891955802,-80.84983116434344,9.911111111117185,64.23099999994416,12.23910878639176,6.788394359848235,-178.6756475102082,-147.94590451300616
13489210.0,-1.6243,-3.8413,9.5297,0.0318,-0.0302,9.8065,0.0276,0.5274,-0.2516,300.93,-87.34,-150.49,52.202396,-2.198061,10.22,3,63.33,23 / 24,-3.2065922794165465,-2.685796341968116,1.4674080946898806,151.34283813574814,66.83780357657173,62.88007856836401,False,123.79999999999927,8.955211119380488,4.62292089355455,-26.114068498587315,-80.37169297947219,10.078055555549481,62.69600000005585,12.161803398797034,7.308717235522666,-177.45690663433544,-147.20949655604392
13489310.0,0.6218,6.5554,9.8266,0.006,-0.1,9.8061,0.0907,0.9828,-0.6219,299.4,-87.14,-154.35,52.202396,-2.198061,10.22,3,63.33,23 / 23,-3.3435428075800075,-2.7030518892350917,1.454558094689834,151.01533138139712,66.56836116501059,63.02617687783353,False,123.89999999999964,8.911417308124706,4.693687937265623,-25.228152813589656,-79.90467428769006,10.071944444444556,62.22400000000858,12.254960115704714,7.396739826500715,-176.24348419498676,-146.47303545270063
13489410.0,-1.2363,-3.7625,10.2891,0.0035,-0.0651,9.8064,0.0491,0.1914,-0.2514,289.87,-87.2,-166.13,52.202396,-2.198061,10.22,3,63.33,23 / 23,-3.4441297482161053,-2.672710352736699,1.4796780946899253,150.67594775360607,66.29957305291101,63.17288868730305,False,124.0,8.835205994015233,5.149027432448522,-24.362681336755337,-79.35981914610058,10.226111111111111,59.767,12.27933574223134,7.821737785185221,-175.0386290903614,-145.6593921990116
13489510.0,0.6867,0.9925,10.0798,-0.0022,-0.0752,9.8063,0.1545,0.4602,-0.3255,290.32,-87.01,-165.43,52.202396,-2.198061,10.22,3,63.33,23 / 23,-3.306204849516765,-2.779842682909469,1.5174580946900629,150.3384310237182,66.02694540112772,63.3227454967726,False,124.10000000000036,9.061731086171353,4.811717959515467,-23.442691971567257,-78.90391994745126,10.2600000000004,62.03199999998808,12.367935935688118,7.591560642424936,-173.78112299528544,-144.93086534857898
13489610.0,-0.7632,-3.101,10.1199,0.0062,-0.0337,9.8065,0.0423,0.2729,-0.1966,278.6,-86.78,-174.26,52.202396,-2.198061,10.22,3,63.33,23 / 23,-3.173392607277897,-2.8238457417188716,1.5467780946901697,150.01445115087728,65.74676097989529,63.475957306242165,False,124.20000000000073,9.025395678726426,4.925506512139041,-22.54996155054146,-78.41466227081854,10.281944444447173,61.37700000001958,12.198788286004323,7.7493522538579125,-172.56441270141875,-144.16142325071382
13489710.0,1.5545,2.8416,9.9629,-0.0066,-0.0119,9.8066,0.0124,0.4072,-0.2349,275.55,-86.75,-177.24,52.202396,-2.198061,10.22,3,63.33,23 / 23,-3.1357317377475455,-2.8235056076934444,1.570253094689828,149.6989949336306,65.46439341242878,63.6318088657089,False,124.29999999999927,9.137415752450675,4.875851883734576,-21.62997218543656,-77.93652408594727,10.356944444441714,61.914999999980424,12.27314749019822,7.699357491428021,-171.32896711906716,-143.40091749837603
13489810.0,2.6176,0.3903,11.8195,-0.001,-0.0238,9.8065,0.1581,0.3065,-0.1804,273.74,-86.67,178.51,52.202396,-2.198061,10.22,3,63.33,23 / 23,-3.2553579031969306,-2.6293388770912935,1.6787080946902226,149.3794404515822,65.19175118818855,63.794256925178495,False,124.39999999999964,9.212685993523465,4.9875164959162515,-20.70998282024798,-77.43614691547461,10.476111111108944,61.570000000006274,12.468043896720395,7.616855373007545,-170.08942327183019,-142.62789810366314
13489909.0,1.0127,3.6323,9.1937,0.0298,-0.0404,9.8064,-0.0018,0.4721,-0.1851,269.43,-86.46,176.99,52.202396,-2.198061,10.22,3,63.33,23 / 23,-3.420047063422367,-2.4775785041851726,1.7480031446903348,149.04900790573402,64.93895877781496,63.96387913152811,False,124.4989999999998,9.150394693144026,5.035054215340081,-19.805939937406936,-76.94077351810739,10.444211111111182,61.177960000000866,12.570441756566392,7.512632719525254,-168.85494784314096,-141.87973229592234
13490010.0,1.8537,-0.077,10.3239,0.0047,0.0332,9.8065,0.1053,-0.2154,0.0967,268.24,-86.24,176.15,52.202396,-2.198061,10.22,3,63.33,23 / 23,-3.5746905790316736,-2.3609499533678364,1.7431702946903076,148.6957736547881,64.69461309070716,64.14018339021783,False,124.60000000000036,9.269178778224198,4.998662422280742,-18.87000408989755,-76.45763156150086,10.531111111112798,61.663000000003635,12.843869357255873,7.359612375648579,-167.56577774468565,-141.15224465220803
13490112.0,1.1331,-1.2615,9.9407,0.0417,0.0256,9.8065,-0.0711,0.0969,-0.0321,260.12,-85.92,171.42,52.202396,-2.198061,10.22,3,63.33,23 / 23,-3.489654443068043,-2.222533864046393,1.7763865946899664,148.33549205866473,64.46085541602145,64.31968079157438,False,124.70199999999932,9.368307237305627,5.012400742603079,-17.910898139869136,-75.95814395021644,10.62495000000112,61.851579999987955,12.85796168037367,7.234934606649472,-166.24639019853387,-140.41899936623787
13490210.0,1.3336,0.8366,11.3593,0.0081,0.0399,9.8065,0.1355,-0.0035,0.0402,260.14,-85.75,168.58,52.202396,-2.198061,10.22,3,63.33,23 / 23,-3.458867950921118,-2.12101095592418,1.8590348946899296,147.9950144613594,64.24802171984298,64.49781644455392,False,124.79999999999927,9.3645248593835,5.128627187435236,-16.99595167941439,-75.45687722130695,10.676944444442512,61.29200000002078,12.823392810304618,7.249638143359416,-164.9909661407738,-139.70489894114993
13490310.0,1.3782,0.3366,10.8607,0.0236,0.0111,9.8065,0.1102,-0.0416,0.0182,253.78,-85.35,165.83,52.202396,-2.198061,10.22,3,63.33,23 / 24,-3.514185831551586,-2.020775177360741,1.9893698946904037,147.6463617722345,64.04093241317798,64.69023668402363,False,124.89999999999964,9.521340962254763,5.114502045401207,-16.041888634062484,-74.95650005154042,10.80805555555317,61.75699999999154,13.03552679380635,7.135277222761948,-163.688250406297,-138.9974324647184
13490410.0,2.8053,1.2166,9.6688,0.0201,0.0126,9.8066,0.1374,-0.0028,0.0588,257.08,-85.06,166.89,52.202396,-2.198061,10.22,3,63.33,23 / 24,-3.6069716366621365,-1.8550990803160121,2.0351798946905704,147.29030389882254,63.84713870029344,64.89146417349342,False,125.0,9.516301838677094,5.072697397153924,-15.087825588628556,-74.45612288177428,10.783888888888889,61.94,13.12327347533923,6.927796477469936,-162.3781294874511,-138.3032615820677
13490510.0,0.774,0.4302,11.1882,0.0113,0.0085,9.8066,0.0431,-0.0354,0.0382,256.31,-84.53,166.98,52.202396,-2.198061,10.22,3,63.33,23 / 24,-3.6948194861208856,-1.7191169187861406,2.097364894690797,146.92521434268207,63.66842790033768,65.09809141296324,False,125.10000000000036,9.504199371899354,5.210729953178352,-14.140577279329898,-73.93350672644962,10.83888888889273,61.266000000008994,13.199018858020239,6.929846871964493,-161.06579162201197,-137.6019346267873
13490610.0,1.0522,1.8485,11.0815,0.0751,0.0263,9.8063,-0.068,-0.028,0.1115,258.09,-83.89,167.08,52.202396,-2.198061,10.22,3,63.33,23 / 24,-3.7934857968928797,-1.674131360052388,2.23018489469128,146.55079907853002,63.498765486395136,65.31446890243313,False,125.20000000000073,9.734755347929653,5.22848336670536,-13.166070025841126,-73.42201006355047,11.049999999998182,61.760000000013605,13.528241144822532,6.902614726757748,-159.71686910437114,-136.9207755499456
13490710.0,-1.6505,-0.9568,9.9897,0.0505,0.0047,9.8064,0.0715,-0.0836,0.1249,259.94,-83.55,169.25,52.202396,-2.198061,10.22,3,63.33,23 / 24,-3.801222090940306,-1.7355801526493724,2.3030798946902196,146.1710636841439,63.32827991076253,65.54113214189891,False,125.29999999999927,9.72447464571376,5.141458243038651,-12.1983775084946,-72.91051340140514,11.000000000001819,62.133999999986386,13.525696736654066,6.877038395688023,-158.36944119263848,-136.23879331216767
13490810.0,-1.3284,-1.2479,4.0673,0.1565,0.0511,9.8052,-0.6736,-0.7763,0.4591,266.21,-83.52,172.93,52.202396,-2.198061,10.22,3,63.33,23 / 24,-3.642622239433521,-1.8937666345579873,2.025264894689209,145.79887146762385,63.146812571401504,65.75754938136868,False,125.39999999999964,9.796740623810757,5.1693879110639065,-11.217055518978677,-72.41013623093127,11.076944444443045,62.180999999999145,13.439362863244279,7.063154545621893,-157.01592698660252,-135.55694880233278
13490910.0,-1.4784,-7.3362,7.5649,0.0553,0.1073,9.8059,-0.4033,-0.5627,0.8319,261.96,-82.53,173.08,52.202396,-2.198061,10.22,3,63.33,23 / 24,-3.1723872373679387,-2.0014953074376107,1.6262098946877572,145.45812099378253,62.95204947430101,65.9401231208382,False,125.5,9.895017789332881,5.093210269566767,-10.222104057353526,-71.90975906187246,11.12888888888889,62.764,13.06740502670082,7.094705577004378,-155.68022505113606,-134.86180853617347
13491010.0,1.8998,6.3717,13.0288,0.1036,0.1132,9.8054,-0.1169,-0.4849,0.4082,270.14,-82.51,178.63,52.202396,-2.198061,10.22,3,63.33,23 / 24,-3.0880373353234023,-1.952275617475781,1.6752298946879356,145.14509976514682,62.75436092805462,66.10519511030758,False,125.60000000000036,9.989060412210886,5.118041995857084,-9.220337859727703,-71.4093818913992,11.223888888890329,62.87100000001143,13.077097747534289,7.070317613332865,-154.36543762487452,-134.16374281945383
13491110.0,1.74,0.6591,11.6963,0.0914,0.0496,9.8061,-0.0864,-0.5541,0.5342,266.67,-81.88,176.18,52.202396,-2.198061,10.22,3,63.33,23 / 24,-3.416162618505659,-1.7974587365465715,1.9308198946888655,144.81988976745419,62.56687421035282,66.28549759977707,False,125.70000000000073,10.11540478230745,5.043575218242314,-8.211756926020668,-70.92012421405715,11.303055555556577,63.4989999999574,13.53156740081311,6.841033954788886,-153.03164669347484,-133.48699842441
13491210.0,2.6999,4.5219,10.9462,0.062,0.1159,9.8057,-0.0943,-0.5696,0.6919,270.6,-81.85,-179.35,52.202396,-2.198061,10.22,3,63.33,23 / 24,-3.6507127179041916,-1.6011643449037414,2.0822798946866614,144.46654600063883,62.39694305628278,66.48615258924293,False,125.79999999999927,10.035066380615243,5.262273439205366,-7.209990728513171,-70.38638856635514,11.33111111111009,62.32800000004261,13.685779098519435,6.863437784109108,-151.676536729152,-132.78333162263792
13491310.0,0.8142,-6.4534,9.8913,0.0578,0.0049,9.8064,0.0099,-0.5573,0.32,269.79,-81.2,-179.06,52.202633,-2.197152,8.08,3,74.3,23 / 24,-3.525494093285505,-1.4486860932364722,2.143489894686884,144.10773566007805,62.24445053437521,66.69744107871237,False,125.89999999999964,10.126722832393819,5.4415122305124735,-6.201409794806136,-69.84153342547197,11.49611111110811,61.74900000001053,13.652216925679323,6.890198323748946,-150.30914545488417,-132.08598395984717
13491410.0,-0.2883,0.6416,9.843,0.0413,0.022,9.8064,-0.0254,-0.4217,0.1625,273.7,-80.8,-177.23,52.202633,-2.197152,8.08,3,74.3,23 / 24,-3.209298814890334,-1.4465930112783771,2.1495398946869058,143.77099601466804,62.099686579148944,66.91209256818185,False,126.0,10.310059427406427,5.037687922385412,-5.1655699169897655,-69.36339524197066,11.475,63.959,13.51935824229676,6.484280933663789,-148.9365659316578,-131.4630818211196
13491510.0,-0.5002,-6.1715,10.7323,-0.0038,0.0392,9.8065,0.0736,-0.6548,0.4871,273.69,-80.59,-177.29,52.202633,-2.197152,8.08,3,74.3,23 / 24,-2.9102321653020544,-1.532116181961696,2.197639894687081,143.46501946565732,61.9507511194864,67.12945155765134,False,126.10000000000036,10.362231312469282,5.019342543860566,-4.122915303091441,-68.8852570570551,11.513888888891001,64.15499999999142,13.272463477771336,6.551458725822262,-147.58793476874877,-130.8360081765415
13491609.0,0.0706,2.0494,9.7209,-0.0095,0.0216,9.8065,-0.075,-0.2436,0.2101,275.74,-80.42,-174.97,52.202633,-2.197152,8.08,3,74.3,23 / 24,-2.682637743786602,-1.5914129648180075,2.239214944687148,143.188172405157,61.79613642672055,67.34907587220071,False,126.19900000000052,10.423984059796826,5.154644532846512,-3.0974338240279935,-68.36786706328454,11.62883888889286,63.68771999998386,13.106621803583428,6.74605749766452,-146.285606229185,-130.1640034900051
13491710.0,1.7422,-4.9395,11.6899,-0.0292,0.041,9.8065,0.0639,-0.6595,0.2629,279.98,-80.5,-173.67,52.202633,-2.197152,8.08,3,74.3,23 / 24,-2.5005654427484387,-1.5645570033487155,2.3299886946860235,142.9264206442402,61.636759943330105,67.5798206559862,False,126.29999999999927,10.557661781386146,5.166205737492254,-2.030791339416658,-67.851144238878,11.75388888888438,63.92599999999116,13.058227224134585,6.730762740840969,-144.95721198365686,-129.48790418220813
13491810.0,1.0888,3.8446,10.2912,0.046,-0.0157,9.8065,-0.1848,0.1898,-0.1923,279.89,-80.37,-173.54,52.202633,-2.197152,8.08,3,74.3,23 / 24,-2.399807673252568,-1.4659335663319344,2.448378694686454,142.68140198843926,61.48523541484552,67.81873902545568,False,126.39999999999964,10.59465081573923,5.238273442693623,-0.9813219894905658,-67.31740859112827,11.818888888887706,63.69100000000428,12.994458488991798,6.704207009025557,-143.66272397792983,-128.80264400597378
13491910.0,0.5468,1.9961,8.7777,0.0439,0.0496,9.8064,-0.1059,-0.3864,0.2291,279.12,-80.04,-174.04,52.202633,-2.197152,8.08,3,74.3,23 / 24,-2.651362533515733,-1.3673163890533733,2.4211586946863553,142.42884347809994,61.34357291707574,68.06221589492522,False,126.5,10.859946249969946,4.563985916692087,0.12947998476200637,-66.92822634844575,11.78,67.205,13.51130878348568,5.931302305745461,-142.29936349333792,-128.27179926552148
13492010.0,0.3303,3.8517,11.0756,0.023,-0.0555,9.8064,0.0243,0.5868,-0.3397,279.47,-80.0,-173.65,52.202633,-2.197152,8.08,3,74.3,23 / 24,-2.9100244134690616,-1.3072881349631338,2.433158694686399,142.15077413074968,61.209842690874424,68.30493176439474,False,126.60000000000036,10.810404847594612,4.929092032588052,1.1993935427707825,-66.4167296855478,11.881111111113364,65.48900000002378,13.720429261063673,6.236380167551186,-140.9513805879789,-127.62657237642223
13492110.0,0.4958,2.1292,8.2182,0.0428,-0.0069,9.8065,-0.1375,0.2142,-0.1937,277.41,-79.78,-172.76,52.202633,-2.197152,8.08,3,74.3,23 / 24,-3.1763973825284384,-1.251412364589208,2.4171836946863405,141.8464530409487,61.081907665896345,68.54744888386426,False,126.70000000000073,11.033972108500363,4.729850368548701,2.3101955170513158,-65.97194997932439,12.005000000001022,66.79700000001542,14.210369491028802,5.981262733137909,-139.53625752389738,-127.05385764522075
13492210.0,0.2354,-5.0105,9.283,-0.0281,-0.0721,9.8063,0.2885,0.3809,-0.2724,281.33,-79.71,-171.4,52.202633,-2.197152,8.08,3,74.3,23 / 24,-3.008078405870245,-1.2815503921090585,2.3115786946878774,141.53722925153326,60.95525952806327,68.78388700332954,False,126.79999999999927,11.094538850068785,4.658930532576763,3.414182755150107,-65.51605077930249,12.033055555554535,67.22099999998458,14.10261725593903,5.940480924685821,-138.12304649638315,-126.47131030736577
13492310.0,-2.1353,3.1398,8.1121,0.0183,-0.0293,9.8065,0.0523,0.5669,-0.247,280.53,-79.42,-172.2,52.202633,-2.197152,8.08,3,74.3,22 / 22,-2.9120770910246563,-1.4269036339243124,2.200668694687474,141.24122147668743,60.81983682676111,69.00949937279913,False,126.89999999999964,11.161174837818796,4.586864339059329,4.531799465457787,-65.07127107307906,12.066944444443829,67.65899999999202,14.073251928843453,6.013767972983642,-136.70942201122963,-125.89110789984016
13492410.0,-1.2206,-5.5527,9.4012,-0.0421,-0.0265,9.8065,0.2952,-0.1151,0.0482,279.99,-79.28,-172.52,52.202633,-2.197152,8.08,3,74.3,22 / 22,-2.8008266454250834,-1.6425893610993445,2.095668694687092,140.9555762898639,60.66636217700937,69.22431624226864,False,127.0,11.315055797763625,4.628189418497883,5.663045647820509,-64.61537187372323,12.225,67.75399999999999,14.115882443188708,6.270778779597228,-135.2925306420434,-125.28173405073261
13492509.0,0.3959,-0.6532,11.1043,-0.0127,-0.0788,9.8062,0.2126,0.3118,-0.2297,281.66,-79.07,-170.96,52.202633,-2.197152,8.08,3,74.3,22 / 22,-2.4832500937776203,-1.7681589700392755,2.1398325946871637,140.69401449127295,60.49753013461773,69.43397355609301,False,127.09900000000016,11.370249022748155,4.676242515722546,6.789725957051514,-64.15302336816,12.29430000000112,67.64410999999822,13.853499116525775,6.444401485761821,-133.90428853422145,-124.65055350277774
13492611.0,-0.423,-5.8522,9.4519,-0.0021,0.0093,9.8066,0.0442,-0.4174,0.3489,286.15,-78.85,-170.74,52.202633,-2.197152,8.08,3,74.3,22 / 22,-2.145226175452959,-1.8919757846586656,2.1879204946875275,140.4579622015404,60.31086326212672,69.65468896365279,False,127.20100000000093,11.457809382424784,4.733810935391254,7.957703566671515,-63.6659895905075,12.397238888893158,67.55182000005986,13.603035557877742,6.62578672004992,-132.50025863486889,-123.97685285263422
13492710.0,0.6189,0.2717,10.6049,-0.0372,-0.0402,9.8064,0.0834,0.0505,-0.0028,288.03,-78.72,-169.12,52.202633,-2.197152,8.08,3,74.3,22 / 22,-1.8578828577318307,-1.99259908990884,2.20987374468716,140.25980830440108,60.118576805838856,69.87237977849819,False,127.29999999999927,11.68726129512687,4.4587245546109155,9.118116819185955,-63.24767427498806,12.508888888884783,69.11799999994244,13.5451441528587,6.451323644519755,-131.14169148521512,-123.36625108082691
13492810.0,1.8788,2.2677,10.5222,0.0346,0.0344,9.8065,-0.0176,-0.5371,0.2838,285.9,-78.49,-170.28,52.202633,-2.197152,8.08,3,74.3,22 / 22,-1.9260556484332878,-1.8710827341077674,2.2855637446874355,140.07061137909213,59.925392714637326,70.09715165296774,False,127.39999999999964,11.780362773837,4.393720396185038,10.297066153821728,-62.81401406189846,12.57305555555439,69.54599999999222,13.706418422270287,6.264803130292805,-129.7735452252704,-122.73940677653579
13492910.0,0.1868,4.0492,10.4843,0.0221,-0.0165,9.8065,-0.0335,0.0089,-0.0065,285.67,-78.27,-170.17,52.202633,-2.197152,8.08,3,74.3,22 / 22,-2.1826113047322737,-1.7191380163568268,2.355223744687689,139.8651780314331,59.745881677113445,70.32919102743733,False,127.5,11.888195701096677,4.3349402515804245,11.482830224485019,-62.39147334123396,12.65388888888889,69.96600000000001,14.07080700582895,6.054078267937252,-128.38234780694808,-122.1373550183474
13493010.0,1.6037,0.7305,10.8668,0.0023,0.0459,9.8065,0.0494,-0.4646,0.299,285.97,-78.33,-169.49,52.202633,-2.197152,8.08,3,74.3,22 / 22,-2.368929656818921,-1.6014741988578598,2.442113744688005,139.6376009833547,59.579851066352106,70.56905790190699,False,127.60000000000036,11.952602504117637,4.333389442177926,12.6754090312028,-61.95781312672932,12.713888888889127,70.07199999999574,14.321532160936558,5.934863641035785,-126.9621919521519,-121.53766419308143
13493110.0,1.1758,-3.9629,11.244,0.0286,-0.005,9.8065,0.0841,0.019,0.1092,285.36,-78.11,-169.97,52.202633,-2.197152,8.08,3,74.3,22 / 22,-2.156106226952799,-1.5432298587019755,2.566988744688459,139.4113491891653,59.42261586347354,70.81951302637673,False,127.70000000000073,11.947060538150895,4.386668370165098,13.861173101867207,-61.5241529129324,12.726944444447394,69.83800000002857,14.103166765103694,5.929898228867073,-125.55017608729808,-120.94676877640595
13493209.0,-1.1632,-4.5605,9.9103,-0.0184,0.0258,9.8066,0.046,-0.4401,0.3858,285.59,-77.93,-168.99,52.202633,-2.197152,8.08,3,74.3,22 / 22,-1.7304138530697024,-1.6879025779176544,2.6432682446885827,139.21896644520388,59.262674807860606,71.07742074735131,False,127.79900000000089,12.081200086719468,4.250860125088684,15.062065886483138,-61.105837599506025,12.80724444444285,70.61514999998458,13.81161393978917,5.938762703006338,-124.15690055872074,-120.36851240736664
13493310.0,-0.1266,-0.941,10.5396,-0.0141,-0.0361,9.8065,0.0526,-0.0927,0.0494,290.47,-77.99,-167.81,52.202633,-2.197152,8.08,3,74.3,23 / 24,-1.4640670617717717,-1.8631601394849475,2.6855165446880593,139.05764515900637,59.083346140634,71.3465243792115,False,127.89999999999964,12.089025852398981,4.356369353028888,16.273589659356958,-60.66795197780229,12.849999999999236,70.18300000000801,13.553092914170753,6.219529492513836,-122.78405549964941,-119.7512981184363
13493410.0,0.5512,2.4564,10.1107,-0.0081,0.0478,9.8064,-0.12,-0.4287,0.267,286.87,-78.07,-168.51,52.202633,-2.197152,8.08,3,74.3,23 / 24,-1.5142710197773417,-1.8575748486009287,2.737366544688248,138.90872825492838,58.89730939122903,71.6176685336813,False,128.0,12.11393008562703,4.351971008796409,17.479797938156626,-60.234291764004965,12.871944444444443,70.23899999999999,13.628201105404372,6.209545857397337,-121.42893031677175,-119.131601155234
13493510.0,-0.1021,2.6482,11.3109,-0.0671,-0.0133,9.8064,0.2495,-0.0965,0.0486,289.43,-78.44,-166.95,52.202633,-2.197152,8.08,3,74.3,23 / 24,-1.7325949754186916,-1.7902208447005201,2.827781544688577,138.746384955168,58.71491960656329,71.89592593815115,False,128.10000000000036,12.166707590725073,4.278130713856384,18.69282095301078,-59.81175104263314,12.896944444442974,70.62699999999676,13.899302566143765,6.068351558556904,-120.05356400215722,-118.52667064919643
13493610.0,-4.5217,0.0811,6.2721,0.0031,0.0078,9.8066,-0.0861,-0.2489,0.0938,289.6,-78.34,-166.37,52.202633,-2.197152,8.08,3,74.3,23 / 24,-1.921851223392546,-1.996930575637056,2.7262665446882077,138.56366264522677,58.525562035545725,72.173628342621,False,128.20000000000073,12.077185283709087,4.288857614245581,19.899029231756383,-59.378090828836626,12.816111111109798,70.44900000001807,13.999036507101632,6.285788189882637,-118.66463341347038,-117.90365286438235
13493710.0,-3.1026,-0.6345,8.6983,-0.0838,0.0091,9.8062,0.0911,-0.0437,0.1008,289.47,-78.42,-166.89,52.202633,-2.197152,8.08,3,74.3,23 / 24,-2.006348215748978,-2.399712255024366,2.494121544691586,138.36725267327256,58.305729894015855,72.43464774708619,False,128.29999999999927,12.079800605097263,4.172147809117616,21.105237510473557,-58.96666959992811,12.780000000001316,70.94599999998192,14.08614882084624,6.571860064141982,-117.262015162799,-117.27239949394396
13493809.0,-0.4307,-1.475,7.6857,0.071,0.0235,9.8063,-0.2691,-0.0891,0.1395,289.42,-78.28,-165.97,52.202633,-2.197152,8.08,3,74.3,23 / 24,-1.9493128721541482,-2.633313821573598,2.3342711946913273,138.17144744942104,58.056595103223856,72.67365318768603,False,128.39899999999943,12.069853233351475,4.07533170032921,22.29263711778926,-58.57037088147373,12.739300000000837,71.34298999999183,14.019166105505624,6.708645521902808,-115.87881033163178,-116.62696598469759
13493909.0,2.0364,-1.4287,9.1978,0.0015,-0.0139,9.8066,-0.192,-0.1642,0.0213,288.76,-77.99,-166.64,52.202633,-2.197152,8.08,3,74.3,23 / 24,-1.7693077450964876,-2.6388980546729215,2.197781194690831,137.98551641855784,57.79298450941057,72.90025580715596,False,128.4989999999998,12.06555934996004,4.059241183920347,23.498777249228365,-58.15906084745935,12.73008888888891,71.40540999999988,13.834867095056527,6.698139238593268,-114.48673916932947,-115.95204535686992
13494010.0,-0.9957,-3.2104,10.7824,0.0251,-0.0237,9.8065,0.0055,0.15,-0.193,291.84,-78.01,-166.23,52.202633,-2.197152,8.08,3,74.3,23 / 24,-1.5194764162956877,-2.7065935422824925,2.216309644690935,137.8194328184066,57.52303718376281,73.12316739454599,False,128.60000000000036,12.09880777499445,3.932775212394231,24.717047610791226,-57.76576439319609,12.721944444442792,71.99299999999208,13.618284191290137,6.639368754676724,-113.10238520761537,-115.2888015769589
13494110.0,-5.3344,-2.8104,7.3695,0.023,-0.0123,9.8066,-0.1709,-0.1179,-0.0611,291.59,-78.22,-166.76,52.202633,-2.197152,8.08,3,74.3,23 / 24,-1.340838287724317,-3.1471781380494797,2.1432396446906696,137.67641708320508,57.23034859974515,73.34114485901586,False,128.70000000000073,11.982432491658356,3.9957827123360556,25.909626417536966,-57.35434316283632,12.631111111115839,71.55800000001824,13.323270779382673,7.142960850385535,-111.76679066566811,-114.58469176258147
13494210.0,-2.7607,-0.9676,10.5093,-0.0229,-0.0556,9.8064,0.149,0.2157,-0.2024,292.1,-78.49,-167.1,52.202633,-2.197152,8.08,3,74.3,23 / 24,-1.2998643396391178,-3.627965231476785,2.056514644691932,137.54438195183883,56.89159143127377,73.55113257348194,False,128.79999999999927,12.140592135751962,3.9309005817140483,27.122649432253827,-56.96516092089916,12.76111111110638,72.05899999998176,13.44045647539108,7.558865813190833,-110.421732519585,-113.85675235217292
13494310.0,1.5461,4.565,10.8123,0.0121,0.0116,9.8066,-0.0809,-0.3994,0.024,293.45,-78.59,-165.57,52.202633,-2.197152,8.08,3,74.3,22 / 22,-1.470614279107413,-3.64753305783808,2.1419296446922425,137.405858020901,56.5278165168067,73.7610547879519,False,128.89999999999964,12.076771704603,3.7376924072714184,28.322042974999626,-56.58709816993723,12.641944444446612,72.80299999998647,13.547385983710413,7.385225465109498,-109.08381504590139,-113.11491468674393
13494409.0,-2.4324,-7.5114,9.8154,-0.0343,-0.0954,9.8061,-0.0012,0.7274,-0.5821,295.05,-78.74,-166.63,52.202633,-2.197152,8.08,3,74.3,22 / 22,-1.3476631898643219,-3.7891485163010015,2.192142444692324,137.26635328618667,56.159700778886226,73.97559135637678,False,128.9989999999998,12.111462851741203,3.651416552631933,29.51618917100888,-56.22382434538779,12.649919444444425,73.22275999999908,13.459126041605526,7.440565068932934,-107.7501641151778,-112.38352512427402
13494510.0,-3.7303,-7.2071,9.7909,-0.0131,0.0051,9.8066,-0.0776,-0.1682,0.0632,297.36,-78.83,-164.59,52.202633,-2.197152,8.08,3,74.3,22 / 22,-0.806374073457159,-4.432030030250778,2.191788944692322,137.15757440438833,55.744531262283026,74.19697989154196,False,129.10000000000036,12.24805961477674,3.6380413699200385,30.74808900465363,-55.84209216185453,12.77694444444268,73.45700000000592,13.054433688233898,8.070071400170816,-106.4094853997347,-111.58662342413756
13494610.0,-2.5399,-3.0858,9.7914,0.0053,-0.0937,9.8062,-0.0142,0.9805,-0.5306,294.91,-78.76,-164.5,52.202633,-2.197152,8.08,3,74.3,22 / 22,-0.47270198143003495,-4.979496517410716,2.1902389446923163,137.09362060164372,55.27395493489824,74.41608128601199,False,129.20000000000073,12.175473769232013,3.5412199161777798,31.95429728345416,-55.47514890332072,12.679999999999778,73.78300000005021,12.648175750662048,8.520716433588497,-105.13932331818955,-110.74910383821896
13494710.0,1.8272,8.2872,8.9509,0.0176,-0.0354,9.8065,-0.1196,0.5221,-0.4566,298.77,-78.52,-163.04,52.202633,-2.197152,8.08,3,74.3,22 / 22,-0.6930441833756524,-4.9163323443400815,2.1466889446929502,137.03533329340428,54.779163491817904,74.63292768047809,False,129.29999999999927,12.25131896696325,3.2454033859645253,33.180949770251665,-55.16380310906366,12.673888888889111,75.16299999994979,12.944363150338903,8.161735730304606,-103.85438352315262,-109.94296660088156
13494809.0,-0.9385,-0.759,10.7497,-0.0386,-0.0805,9.8062,0.1608,0.6803,-0.5209,299.34,-78.58,-162.14,52.202633,-2.197152,8.08,3,74.3,22 / 22,-0.988164622041585,-4.734810456637701,2.1510102946929575,136.952113457536,54.30143192316873,74.84566379282803,False,129.39899999999943,12.178622225299591,3.2491255345785532,34.375095966261796,-54.81153758131721,12.604588888890316,75.06202000000208,13.166786847341177,7.983935991216255,-102.5770174912742,-109.11296950448593
13494910.0,1.5809,6.1572,9.6574,-0.0112,-0.0597,9.8064,0.0975,0.6789,-0.5284,298.84,-78.65,-163.55,52.202633,-2.197152,8.08,3,74.3,22 / 22,-1.2007005364211651,-4.612015736497092,2.191097194693183,136.84157576703302,53.82941720041277,75.06494022104327,False,129.5,12.293992415181087,3.149928845234097,35.606995799906535,-54.47439456311065,12.69111111111111,75.62899999999999,13.494692951602252,7.761944581731189,-101.23457996712648,-108.30381176352341
13495010.0,-3.2011,-5.006,9.7564,-0.0396,-0.0935,9.806,0.1209,0.1213,-0.3108,298.65,-78.68,-165.02,52.202633,-2.197152,8.08,3,74.3,22 / 22,-1.2780858402108624,-4.691336023325575,2.1811221946931467,136.71763644820098,53.36424961241995,75.28355119051338,False,129.60000000000036,12.25492141434568,3.1768697058969777,36.82001881476119,-54.12969029154879,12.660000000001384,75.46700000001675,13.533007254556543,7.868205729222552,-99.89761763343978,-107.49393990396874
13495111.0,-2.4954,-0.6392,8.6119,-0.0095,-0.0337,9.8066,-0.1256,0.1588,-0.089,302.47,-78.68,-162.61,52.202633,-2.197152,8.08,3,74.3,22 / 22,-1.1639841066556018,-5.115336811220821,2.1182496946927936,136.59431191588354,52.86901263427257,75.50066947092859,False,129.70100000000093,12.378149989534098,2.9966977919551163,38.06568441520752,-53.81511984298084,12.735730555554115,76.39079000001055,13.542134096189699,8.112034603175937,-98.52862750067601,-106.68413247725341
13495210.0,-1.5752,-3.4368,10.0522,-0.0197,-0.009,9.8066,0.0706,0.1531,-0.0269,303.34,-79.05,-161.68,52.202633,-2.197152,8.08,3,74.3,22 / 22,-1.0958571300670528,-5.432116203379139,2.071264294693581,136.48244977466763,52.34691371005862,75.70805041339973,False,129.79999999999927,12.355794861047022,2.9283012556317205,39.273323788467884,-53.49587920916662,12.69805555555694,76.66699999998986,13.451651991114074,8.36041745901086,-97.20912598619975,-105.84279291922525
13495310.0,0.6334,1.2969,10.3321,-0.0056,-0.0484,9.8064,-0.067,0.3404,-0.2923,305.47,-79.12,-160.17,52.202633,-2.197152,8.08,3,74.3,23 / 23,-1.0224364742248193,-5.566457631094836,2.109814294693721,136.37653509445266,51.796985018332926,75.91710434286986,False,129.89999999999964,12.294574481943702,2.622264837101049,40.49316153932247,-53.22901138528932,12.57111111111342,77.95999999997647,13.31701095616852,8.188722468195884,-95.88337355513019,-105.02599640362224
13495409.0,-1.7285,-4.2857,11.9135,-0.0294,-0.0339,9.8065,0.1037,-0.0756,-0.0383,306.29,-79.35,-159.45,52.202633,-2.197152,8.08,3,74.3,23 / 23,-0.929624990915026,-5.735527932937559,2.240113144693932,136.2799080519281,51.23753673291242,76.1324257511199,False,129.9989999999998,12.182375262039614,2.6025155513042715,41.6873077353321,-52.953803941451866,12.457261111111361,77.94119000000005,13.11200025295464,8.33804348424183,-94.59260031659599,-104.19134067436428
13495510.0,1.9137,1.1408,10.8308,-0.0017,-0.0675,9.8063,0.0995,0.2213,-0.1948,307.39,-79.31,-159.09,52.202633,-2.197152,8.08,3,74.3,23 / 23,-0.7878878026039545,-5.860407391978732,2.3982286446948207,136.1931736558549,50.651941999000854,76.36666201148535,False,130.10000000000036,12.25625425243065,2.6380310276460808,42.91920756903102,-52.67303675198046,12.536944444442918,77.8530000000104,13.044142055034605,8.498438419624812,-93.27396608682389,-103.32497875098132
13495610.0,0.0868,1.8272,7.8197,-0.0216,0.0391,9.8065,0.1426,-0.6149,0.2728,305.68,-79.12,-159.72,52.202633,-2.197152,8.08,3,74.3,23 / 23,-0.8406002710888059,-5.730713144480203,2.3500886446946456,136.11174925216997,50.0723859721758,76.60407787595568,False,130.20000000000073,12.199752821414837,2.498924521891002,44.125415847749544,-52.40616892810519,12.453055555554535,78.42400000001327,13.040353092503643,8.229637666371204,-91.98633340442044,-102.47855490028098
13495710.0,1.7143,0.9979,11.228,-0.0557,0.0068,9.8065,0.2554,-0.2885,0.0223,305.7,-79.24,-160.12,52.202633,-2.197152,8.08,3,74.3,23 / 23,-0.8960402366241437,-5.612864790034545,2.321808644695057,136.0249172267856,49.505207075458316,76.83767274042177,False,130.29999999999927,12.187904248386598,2.415701768055202,45.331624126466714,-52.13930110425418,12.42500000000102,78.78899999998673,13.083944485010742,8.028566558089747,-90.69329310031887,-101.64450817971249
13495810.0,-2.5027,1.2564,9.1718,0.0546,0.0327,9.8064,-0.2144,-0.2207,0.1271,306.19,-79.0,-160.88,52.202633,-2.197152,8.08,3,74.3,23 / 23,-1.0045563762729797,-5.61575634113007,2.3611336446952005,135.9298873961404,48.94377601889804,77.07181985489213,False,130.39999999999964,12.02128061081053,2.3876917816433774,46.51738819713088,-51.89467226593681,12.256111111114182,78.76600000000042,13.02583698708351,8.003448122773447,-89.41249919900952,-100.83844828483485
13495909.0,-3.848,-1.2243,7.3887,-0.0273,0.0273,9.8065,-0.2285,-0.4023,0.154,306.18,-79.32,-162.26,52.202633,-2.197152,8.08,3,74.3,23 / 23,-1.1850740515165028,-5.905903682617663,2.2100200446949563,135.82150068996464,48.373453847721606,77.2980919625173,False,130.4989999999998,11.990746539537657,2.252893042368527,47.69129462711211,-51.652489716003906,12.200561111111233,79.35900999999869,13.17582059105416,8.15879672498619,-88.13020606285252,-100.02594356372552
13496011.0,2.9881,-0.3519,11.2118,0.0085,0.0122,9.8065,0.0812,-0.2918,-0.0272,305.79,-79.61,-161.91,52.202633,-2.197152,8.08,3,74.3,23 / 23,-1.1401685123329128,-6.026522769638442,2.1583672446945656,135.70291331920743,47.76490009865194,77.52087971427785,False,130.60100000000057,11.92666669769519,2.3235005408299187,48.893686653724615,-51.39196000201145,12.150886111106693,78.97596999999993,13.066835210028103,8.35002331046836,-86.80922666548281,-99.1568601006634
13496110.0,-0.8763,-3.3175,9.3572,0.0286,0.0743,9.8062,-0.1395,-0.3256,0.1427,305.91,-79.87,-163.1,52.202633,-2.197152,8.08,3,74.3,23 / 23,-0.9254056855464551,-6.085505614022225,2.2056743946946424,135.60066739641223,47.16535469365977,77.73689977542797,False,130.70000000000073,11.715736575632238,2.2830385338939094,50.04060672898402,-51.16078575028021,11.936111111113687,78.97300000001219,12.641142261178693,8.368544147916134,-85.56006066742822,-98.32614044393998
13496210.0,0.1868,3.0771,8.7199,-0.036,0.0498,9.8064,0.0871,-0.4416,0.001,302.69,-80.42,-164.13,52.202633,-2.197152,8.08,3,74.3,23 / 23,-0.9335466602579027,-6.164821931612586,2.12886439469576,135.50771977912336,46.552838316386946,77.95362671489434,False,130.79999999999927,11.798488410916972,2.2276413780883026,51.20592659148636,-50.92727640370326,12.006944444441867,79.30799999998781,12.732035071174876,8.392463309700888,-84.301793187637,-97.4801147200902
13496311.0,-0.9323,-3.4151,9.1904,0.0325,0.0757,9.8063,-0.1189,-0.6567,0.5007,301.2,-80.76,-166.88,52.202633,-2.197152,8.08,3,74.3,23 / 23,-0.9268245663293395,-6.2401022021326105,2.042862894695277,135.4137710321802,45.92638964762929,78.16429894300977,False,130.90099999999984,11.575542045389575,2.1558302140178123,52.36231914978494,-50.69176554913232,11.77460000000064,79.45012999998379,12.502366611718914,8.395932416150423,-83.05145188239526,-96.61815519676162
13496410.0,2.2818,3.2617,10.5797,0.0253,0.0471,9.8064,-0.0752,-0.2881,0.1809,305.06,-80.7,-164.46,52.202633,-2.197152,8.08,3,74.3,23 / 23,-0.8650828072647415,-6.218901900989375,2.0506244946952896,135.32507161718715,45.30966894452376,78.36692656878493,False,131.0,11.572468846281557,1.9463272596978198,53.502492636376985,-50.49361618990533,11.735000000000001,80.453,12.437551653546299,8.165229160687195,-81.82257898081016,-95.80328513442909
13496510.0,-3.5934,-3.1618,8.4481,0.0116,0.0679,9.8063,-0.2804,-0.8035,0.3858,304.0,-81.13,-165.9,52.202633,-2.197152,8.08,3,74.3,23 / 23,-0.8949454868138951,-6.306729000690372,2.0213494946951833,135.2370702024829,44.68338739943749,78.5705252682552,False,131.10000000000036,11.57164704589624,1.7357954602219048,54.64736829082172,-50.31570430685027,11.701111111109329,81.46899999999813,12.466592532710136,8.042524460912277,-80.58970191166118,-94.99909170628777
13496610.0,2.8526,3.2678,9.0636,-0.0008,0.01,9.8066,-0.1164,0.175,-0.2104,303.43,-81.69,-164.96,52.202633,-2.197152,8.08,3,74.3,23 / 23,-0.9140997590085697,-6.372469098845751,1.9162694946948011,135.14661794019145,44.04942749445838,78.76740621772541,False,131.20000000000073,11.471593990563118,1.7416743498271408,55.78542920926577,-50.13779242450374,11.603055555549663,81.36700000004497,12.385693749571688,8.114143448672891,-79.36118873092568,-94.18721991896211
13496710.0,-1.3731,-3.5843,9.363,0.0086,0.0792,9.8063,-0.1581,-0.4337,0.2206,304.96,-82.1,-166.95,52.202633,-2.197152,8.08,3,74.3,23 / 23,-0.8566244081515461,-6.359873677090613,1.8569344946956645,135.05808173183473,43.41281035567082,78.95606641719219,False,131.29999999999927,11.345897094630473,1.4729706633122217,56.90986065547198,-49.99323902015355,11.441111111117003,82.60299999995503,12.20252150278202,7.8328443404028345,-78.14822107636274,-93.40604937582438
13496809.0,-0.9169,0.0422,9.8866,0.0112,0.0424,9.8065,-0.0561,0.0061,-0.0174,303.66,-82.43,-166.37,52.202633,-2.197152,8.08,3,74.3,23 / 23,-0.6540660455804262,-5.602347363654891,1.56309164299129,134.9833025543749,42.82068041415296,79.12535771100796,False,131.39899999999943,11.268618753723828,1.4203938241822383,58.02304778734195,-49.85013114843365,11.357786111112826,82.81584999999562,11.922684799304255,7.022741187837129,-76.96025476703294,-92.67081156258661
13496909.0,-1.571,-0.1541,8.58,0.0368,0.0577,9.8063,-0.1573,-0.1749,0.0569,299.18,-82.68,-170.75,52.202633,-2.197152,8.08,3,74.3,23 / 23,-0.7032827812694755,-5.748726715120871,1.5057566429910814,134.91543511303215,42.25312671021211,79.27880012530764,False,131.4989999999998,11.306925554736072,1.258361522069757,59.147479233704345,-49.72759434045909,11.3767444444444,83.64959999999816,12.010208336005547,7.0070882371906285,-75.7679558793278,-91.9807210506712
13497010.0,0.2487,1.5576,10.3493,-0.0044,-0.0053,9.8066,-0.1106,-0.1168,-0.1411,298.46,-82.99,-171.8,52.202633,-2.197152,8.08,3,74.3,23 / 23,-0.7870252329404661,-5.810237586355571,1.4712146429908872,134.84017455831412,41.669399012984265,79.42913717525057,False,131.60000000000036,11.133585604321189,1.1110833267954536,60.26271078636905,-49.615176269898946,11.188888888885746,84.30100000000496,11.920610837261655,6.921320913151025,-74.57746377194508,-91.28457528288321
13497110.0,-3.2143,0.1898,9.1639,-0.0157,0.0531,9.8064,-0.0807,-0.2537,0.2033,296.79,-83.45,-173.13,52.202633,-2.197152,8.08,3,74.3,23 / 23,-0.9185173948111038,-5.937743982131813,1.466209642990869,134.75489742692622,41.08199993455776,79.5760083895502,False,131.70000000000073,10.966749647884162,1.0416842962013102,61.34625381645922,-49.50398134281352,11.01611111110998,84.57400000003071,11.885267042695267,6.979428278333124,-73.40864361046701,-90.58598127737127
13497210.0,0.4581,1.1106,8.8852,0.0317,0.006,9.8065,-0.1275,0.0903,0.0865,299.68,-83.51,-171.53,52.202633,-2.197152,8.08,3,74.3,23 / 23,-1.0247606447154072,-6.0660175277601835,1.3879996429920072,134.6577335249513,40.48181185907189,79.71871885384726,False,131.79999999999927,10.94989220915417,0.8775452170280061,62.43661158245026,-49.41502540200139,10.985000000001131,85.41799999996928,11.974652853869577,6.943562744788189,-72.22112194250104,-89.89683726107327
13497311.0,0.0814,-0.1644,8.8749,-0.0083,0.0138,9.8065,-0.185,-0.0783,0.038,300.77,-83.67,-170.49,52.202633,-2.197152,8.08,3,74.3,22 / 23,-1.0423953442496066,-6.0561037207442965,1.2944130429914813,134.553342147508,39.86964473601898,79.8541806944902,False,131.90099999999984,10.860534793097539,0.6693940756051796,63.530853748150534,-49.35876076819011,10.881144444445724,86.47300999999999,11.902930137347145,6.725497796349476,-71.02248839935747,-89.22840550420909
13497410.0,0.2765,-0.6868,11.2268,0.0562,-0.0536,9.8063,-0.2246,0.1422,-0.1511,302.75,-83.97,-170.11,52.202633,-2.197152,8.08,3,74.3,22 / 23,-0.988132504417627,-6.100444592211001,1.3185888429915205,134.4528310189988,39.26789559452671,79.98352428784656,False,132.0,10.781496284818436,0.6643354885225247,64.59006817062999,-49.29271098178112,10.801944444444445,86.47399999999999,11.769628789236062,6.764780080733526,-69.86276284836882,-88.56060657630783
13497509.0,-0.5575,1.7042,9.2208,0.0512,-0.0108,9.8064,-0.1406,0.2323,0.0148,301.97,-83.62,-170.19,52.202633,-2.197152,8.08,3,74.3,22 / 23,-1.0294820623981664,-6.122928602753203,1.3598866929915874,134.35295909794127,38.66283862137501,80.11610882687795,False,132.09900000000016,10.757670996314763,0.43457193411798634,65.64928259308263,-49.2486777910752,10.76646944444387,87.6867500000196,11.78715305871293,6.557500536871189,-68.70367650485863,-87.91151641245021
13497610.0,-1.1371,-1.6107,11.435,0.004,-0.0041,9.8066,0.0966,0.1606,0.0406,304.04,-83.71,-168.41,52.202633,-2.197152,8.08,3,74.3,22 / 23,-1.0735575301014126,-6.232057232593447,1.4125329429918834,134.24675559851943,38.038911836686495,80.2561160184959,False,132.20000000000073,10.608031718607295,0.3265138317106694,66.71626581461787,-49.214874534094534,10.61305555555406,88.23700000000794,11.681589248708708,6.558571064304116,-67.53048978390156,-87.25378637078103
13497710.0,0.1727,3.1904,9.6343,0.0102,-0.0519,9.8065,0.0098,0.2409,-0.3002,303.41,-83.59,-167.95,52.202633,-2.197152,8.08,3,74.3,22 / 23,-1.15902511336444,-6.2666402389186215,1.485332942990824,134.13512646634777,37.413976963119985,80.40100931279292,False,132.29999999999927,10.568101091547256,0.28504149748596985,67.76573516439406,-49.192635547123196,10.57194444444594,88.45499999999207,11.727126204911695,6.551681736404591,-66.36939130195371,-86.60661251024318
13497809.0,-2.535,1.5133,8.2756,-0.0664,-0.0067,9.8063,0.0034,-0.1822,-0.0338,302.1,-83.96,-167.42,52.202633,-2.197152,8.08,3,74.3,22 / 23,-1.4077101352137429,-6.2759565020965775,1.4010146429906878,134.00807307154295,36.79311842443873,80.54388351829924,False,132.39899999999943,10.390412521096328,0.07716571332265595,68.79121664345801,-49.192635547122386,10.390719444448173,89.57468999997695,11.79812265631007,6.3531222154192335,-65.21685642808494,-85.98575397156111
13497910.0,0.8256,2.2598,10.102,-0.0032,0.0001,9.8066,0.0422,0.1566,0.0735,302.38,-83.94,-167.14,52.202633,-2.197152,8.08,3,74.3,22 / 23,-1.605439492058003,-6.285052573442402,1.3386117929903372,133.8559090153649,36.15878746612045,80.68223465331705,False,132.5,10.32997003715664,-0.024880342563163932,69.83060018405521,-49.20375504096253,10.33,90.138,11.935409529214644,6.260172230879238,-64.02530883130967,-85.36254250708298
13498010.0,-1.6007,1.4652,10.6574,0.0355,0.0394,9.8064,0.0037,-0.1762,0.1641,303.65,-83.93,-166.78,52.202633,-2.197152,8.08,3,74.3,22 / 23,-1.775596797117011,-6.253039718469096,1.3959167929905458,133.6868572009055,35.531882851522596,80.8189610826166,False,132.60000000000036,10.266013385129497,-0.04479421793054934,70.85281058978995,-49.20375504096293,10.266111111108144,90.25000000000688,12.041610182246508,6.208245500538546,-62.834046611115554,-84.73563789248553
13498110.0,-0.3926,0.8187,9.5164,0.0202,-0.0136,9.8066,-0.0765,-0.086,-0.063,299.45,-83.78,-169.67,52.202633,-2.197152,8.08,3,74.3,22 / 23,-1.9167902466967197,-6.313113532956632,1.423941792990648,133.50223784871415,34.90357518894903,80.95995401191617,False,132.70000000000073,10.102448690094251,-0.11073401750105129,71.86139152349699,-49.22599402581392,10.103055555554425,90.62800000001273,12.01923893679097,6.202379515455581,-61.640846325217154,-84.12956921476294
13498210.0,-2.3114,1.236,9.3806,-0.0257,0.0075,9.8065,0.06,-0.042,0.0159,299.38,-83.71,-170.44,52.202633,-2.197152,8.08,3,74.3,22 / 23,-1.7525458500176518,-5.454613331173802,1.1799077740424937,133.3187710438811,34.31518884575107,81.09014649026592,False,132.79999999999927,10.070477190703125,-0.17191289517100342,72.86315772103157,-49.237113518945925,10.071944444445576,90.97799999998726,11.823023040720777,5.2827004360027985,-60.45561332284953,-83.552302364697
13498311.0,2.1117,0.5534,11.9082,-0.0509,0.0178,9.8064,0.2447,0.1087,-0.007,300.81,-83.99,-169.48,52.202633,-2.197152,8.08,3,74.3,22 / 22,-1.8230983268621854,-5.457015212008399,1.264520524042969,133.13820101294766,33.76415160431727,81.21359011931993,False,132.90099999999984,9.967785824948162,-0.195573612403564,73.86799054988794,-49.25979728280752,9.969719444444895,91.1240599999839,11.790884151810348,5.261441599604835,-59.270210463059726,-83.02394888712479
13498410.0,-1.8884,-1.294,4.9675,-0.0725,0.0352,9.8063,0.377,0.3644,-0.2019,300.55,-84.16,-170.14,52.202633,-2.197152,8.08,3,74.3,22 / 22,-1.7755325495070167,-5.5028498124449365,1.1290093240427501,132.96006878456708,33.221638285605955,81.33206984680037,False,133.0,9.935139599333894,-0.3677777564879355,74.84624590820115,-49.30383047491394,9.941944444444443,92.12,11.71067214884091,5.135072055957001,-58.11382287636593,-82.52546876051989
13498510.0,2.3315,1.1213,12.0774,-0.1615,-0.0104,9.8053,0.5179,0.4126,-0.5877,299.16,-84.61,-172.0,52.202633,-2.197152,8.08,3,74.3,22 / 22,-1.749429213325212,-5.524734851789779,1.000589324042283,132.78382069642484,32.67025905239221,81.438549779205,False,133.10000000000036,9.78856652591861,-0.32283886932819245,75.82075316169018,-49.337188952191426,9.793888888887999,91.88900000001563,11.537995739243822,5.201895982461586,-56.96306753473466,-82.00744800458364
13498610.0,-2.2665,-2.2951,8.215,-0.0505,-0.0594,9.8063,-0.2914,0.3446,-0.1899,292.24,-84.77,-177.28,52.202633,-2.197152,8.08,3,74.3,22 / 22,-1.6651100487677006,-5.579825028544486,1.0345443240424066,132.61309373331957,32.115031058373475,81.5403064616096,False,133.20000000000073,9.733793840822797,-0.4672070892265909,76.79526041517822,-49.39278641644187,9.744999999993016,92.74800000002514,11.398903889590498,5.112617939317896,-55.81783331814135,-81.50781747481534
13498710.0,1.7839,3.7869,9.5793,-0.0592,-0.0536,9.8062,0.3338,0.5293,-0.2897,300.05,-85.07,-171.72,52.202633,-2.197152,8.08,3,74.3,22 / 22,-1.708148118871466,-5.592094784061814,0.9435943240437301,132.44443082494007,31.556435067751288,81.63921339401247,False,133.29999999999927,9.53585268160829,-0.573048062842694,77.7425087244444,-49.44838387927261,9.553055555562537,93.43899999997485,11.244000800479757,5.01904672121912,-54.701922100495665,-81.00481894702389
13498809.0,-1.2493,-0.7733,8.773,0.0686,-0.0718,9.806,-0.1533,0.2649,0.0003,298.64,-84.52,-173.29,52.202633,-2.197152,8.08,3,74.3,22 / 22,-1.8114771006933763,-5.530755686184876,0.8811748240436292,132.27020937657133,31.005853969473186,81.72953946684294,False,133.39899999999943,9.44712271301923,-0.490107498748257,78.67353796198083,-49.503425368180196,9.459830555557472,92.96974000000966,11.258599813712607,5.040648187436619,-53.5966714145905,-80.50927933765338
13498910.0,1.0107,3.982,8.9648,-0.0066,-0.0881,9.8062,-0.0495,0.4285,-0.2331,305.79,-83.74,-169.06,52.202633,-2.197152,8.08,3,74.3,22 / 22,-1.9316273274040037,-5.483348481997487,0.7864620740430971,132.08118260295134,30.449641708976852,81.8137551301968,False,133.5,9.486573419557919,-0.7349488113720133,79.63019060706763,-49.58181779120985,9.514999999999999,94.43,11.418200746961922,4.748399670625473,-52.45099199588371,-80.0314595001867
13499010.0,-1.0657,-0.046,11.3231,-0.001,-0.0296,9.8065,-0.1329,0.0944,-0.0238,301.34,-83.72,-167.36,52.202633,-2.197152,8.08,3,74.3,22 / 22,-2.0812001307051666,-5.41000898093687,0.8201920740432199,131.88054123004517,29.90497383582815,81.8940878376014,False,133.60000000000036,9.380032545825552,-0.7110507858970303,80.57062418036539,-49.648534747178864,9.406944444444829,94.33500000000585,11.461232676530718,4.69895819503984,-51.30991704967978,-79.55350858300702
13499110.0,-0.0067,2.6919,8.4604,0.0317,-0.0311,9.8065,-0.0996,0.3363,-0.0783,298.6,-83.8,-166.55,52.202633,-2.197152,8.08,3,74.3,22 / 22,-2.214823024642927,-5.429397341334887,0.8287020740432509,131.66574007227698,29.363003519712592,81.97653254500602,False,133.70000000000073,9.396929775777151,-0.7654687110739617,81.50424301760825,-49.72637119628071,9.428055555549118,94.65699999998657,11.611752800420078,4.6639286302609255,-50.16149705466873,-79.0893747159933
13499210.0,0.8336,-0.549,11.4725,0.0033,-0.0093,9.8066,0.0551,-0.1922,0.0155,298.36,-83.67,-166.6,52.202633,-2.197152,8.08,3,74.3,22 / 22,-2.2777850710662944,-5.378166318942424,0.8446820740430184,131.44110966749477,28.82262533670659,82.06020175240911,False,133.79999999999927,9.225215541161488,-0.6917044234027959,82.42423238271316,-49.80420764466814,9.251111111117549,94.28800000001343,11.503000612227781,4.686461895539628,-49.016877284781614,-78.62683298137473
13499309.0,-1.1782,-1.8263,9.5966,0.0446,0.0038,9.8064,-0.0762,0.0934,0.1443,298.37,-83.74,-166.04,52.202633,-2.197152,8.08,3,74.3,22 / 22,-2.171063332215624,-5.485191058387892,0.916744174043135,131.22089167153197,28.28488914652787,82.14739235168952,False,133.89899999999943,9.209972074412345,-0.8264266563084152,83.33502185424801,-49.8812657292788,9.246986111111196,95.12751999998272,11.38103540662797,4.658764402079477,-47.88586981728396,-78.16615487580667
13499409.0,-1.7776,-1.446,10.6814,0.0236,0.0542,9.8064,0.0469,0.1146,-0.113,295.76,-83.32,-168.53,52.202633,-2.197152,8.08,3,74.3,22 / 22,-2.07990755009231,-5.728125014029601,0.949979174043256,131.0083431274158,27.724223342904956,82.24072851909418,False,133.9989999999998,9.15184574521299,-0.9338056609130551,84.24826463074278,-49.98111877268282,9.199369444444548,95.82602999999848,11.2317532953053,4.794319353116546,-46.76007849667302,-77.70534211558777
13499510.0,0.7717,1.9762,10.9674,-0.0182,-0.0172,9.8065,0.0371,0.5252,-0.388,301.28,-83.34,-165.64,52.202633,-2.197152,8.08,3,74.3,22 / 22,-2.1067204941902418,-5.79245914926615,1.0527719240438338,130.79691841117835,27.14243384265525,82.34186744954815,False,134.10000000000036,9.020286655175283,-0.8047217626583208,85.15694153411549,-50.05995597611793,9.056111111113328,95.09800000002772,11.127007149365525,4.9877373866078285,-45.639976877062864,-77.20238981877318
13499610.0,0.8962,2.9751,9.7513,0.0278,0.037,9.8065,-0.0904,0.085,0.0865,297.97,-83.16,-165.67,52.202633,-2.197152,8.08,3,74.3,22 / 22,-2.2708168488681424,-5.63558382282512,1.108041924044035,130.57804154402464,26.57103169404861,82.44990814195293,False,134.20000000000073,9.116824705614794,-1.0584002399455934,86.07011616324908,-50.171150902497246,9.178055555553442,96.62200000001812,11.387641554482936,4.577183582879526,-44.50792538077556,-76.74218259654586
13499709.0,2.0199,3.9579,11.6781,-0.0395,-0.0277,9.8065,0.2064,0.2793,-0.1832,299.01,-83.04,-166.63,52.202633,-2.197152,8.08,3,74.3,22 / 22,-2.4916271800765086,-5.381059654161186,1.1979388740441803,130.3423005645915,26.025707841936907,82.56405419145848,False,134.2990000000009,9.050344753929023,-1.1296844262748065,86.96066586863734,-50.292242177805015,9.120580555556696,97.11501999999022,11.541971934005531,4.2513752278863794,-43.381634695954176,-76.31795001974191
13499810.0,-0.8155,0.3648,9.0248,0.0542,0.0221,9.8064,-0.054,-0.0199,0.0341,298.5,-82.79,-166.77,52.202633,-2.197152,8.08,3,74.3,22 / 22,-2.6414426854954134,-5.2592861258721015,1.2529636740434986,130.08308053638333,25.488370380051883,82.68782477013538,False,134.39999999999964,9.049010065289417,-1.1837739862973997,87.87602121332591,-50.41577974151001,9.126111111111,97.45299999999395,11.69045275078483,4.075512139574702,-42.20705932305742,-75.90415012156188
13499910.0,-1.4165,0.9166,9.2973,-0.0148,-0.0186,9.8066,0.2035,0.1583,-0.1574,297.7,-82.53,-167.16,52.202633,-2.197152,8.08,3,74.3,22 / 22,-2.7387700795858994,-5.364286424411798,1.1884036740432637,129.81406989812828,24.957191752535756,82.80989313754016,False,134.5,9.044987584079331,-1.1275746555553445,88.7823811064326,-50.526974667889135,9.115,97.106,11.78375766366523,4.236711768856454,-41.031688791695686,-75.48416642042488
13500010.0,-0.8754,-0.3129,9.6848,0.0379,-0.0329,9.8065,0.0987,-0.0781,0.2097,298.91,-82.11,-165.78,52.202633,-2.197152,8.08,3,74.3,22 / 22,-2.808207243261414,-5.488075397899479,1.156843674043149,129.5367210319849,24.414573661418217,82.9271555049449,False,134.60000000000036,9.067441232356103,-1.2117879126644076,89.68874099956625,-50.66040857982657,9.148055555554478,97.61200000000466,11.875648475617517,4.276287485235072,-39.84798003241866,-75.07498224124478
13500110.0,0.3218,0.5799,9.6918,-0.0004,-0.0457,9.8064,0.0732,0.1926,0.0332,301.23,-81.94,-163.47,52.202633,-2.197152,8.08,3,74.3,22 / 22,-2.8217269488401238,-5.542000689227451,1.1450086740431058,129.2552243223788,23.863069857059862,83.04224812234963,False,134.70000000000073,9.003326745707852,-1.2441899953740905,90.58828615661845,-50.782722998631186,9.088888888888858,97.86799999999582,11.825053694547975,4.297810693853361,-38.66693816576036,-74.64579285569104
13500209.0,-0.2375,0.7814,9.637,0.0056,-0.0171,9.8066,0.02,0.0532,0.0438,302.79,-81.8,-161.6,52.202633,-2.197152,8.08,3,74.3,22 / 22,-2.437667295685332,-4.708349097300159,0.9612870354366206,128.9948843072744,23.355677542625926,83.14650975996905,False,134.7990000000009,9.004963608501331,-1.2261861048642615,91.47883586203355,-50.9038142746392,9.088063888888904,97.75415000000226,11.442630904186663,3.4821629924358977,-37.51604844524084,-74.25949181726513
13500310.0,-0.9828,1.1044,10.3523,-0.0129,-0.0303,9.8066,-0.0418,0.026,0.0804,303.56,-81.6,-160.66,52.202625,-2.195978,9.29,2,91.71,22 / 22,-2.5427769914145246,-4.7453157332764535,0.9802750354363854,128.74337187077896,22.878267468687724,83.24455864454693,False,134.89999999999964,9.067397684285831,-1.2183871044221886,92.3941912066953,-51.03847133077656,9.148888888887782,97.65300000000182,11.610174675700357,3.526928628854265,-36.34918066408366,-73.91673879946428
13500410.0,-1.3087,0.8725,10.1888,0.0077,-0.0334,9.8066,-0.0563,-0.0056,0.1634,306.64,-81.41,-158.01,52.202625,-2.195978,9.29,2,91.71,22 / 22,-2.6828876243953124,-4.819810588395052,1.0266650354365543,128.48208863998752,22.40001115260241,83.34490564809094,False,135.0,9.067929409082259,-1.430054625495501,93.300551099802,-51.18302473443237,9.18,98.962,11.75081703347757,3.3897559628995513,-35.18153754018553,-73.58303588703478
13500509.0,-1.4952,1.8677,9.3625,0.0334,-0.0099,9.8066,-0.0273,0.0177,0.0848,307.97,-81.33,-156.15,52.202625,-2.195978,9.29,2,91.71,22 / 22,-2.869002813056968,-4.884962965905855,1.0235960354365494,128.2072700633332,21.91962486166374,83.44639357109932,False,135.09900000000016,9.1031620173872,-1.4165943877585718,94.19784739397579,-51.32613260475178,9.21272500000053,98.84517999999811,11.972164830444168,3.468368578147283,-34.009422669357406,-73.24575746641551
13500610.0,-1.049,1.2198,10.1386,-0.0188,0.0011,9.8066,0.0639,0.0424,0.0048,305.3,-81.07,-155.92,52.202625,-2.195978,9.29,2,91.71,22 / 22,-3.0645221980822663,-4.932257576080486,1.0179299354365177,127.90762705026899,21.42385522429064,83.54949063262899,False,135.20000000000073,9.023738638744552,-1.363101240578567,95.10645614998859,-51.47213154457408,9.126111111116204,98.590000000025,12.08826083682682,3.569156335501919,-32.8011709002804,-72.89598676886473
13500709.0,-0.7283,1.411,9.5661,0.0216,-0.018,9.8065,-0.0929,0.4857,-0.1493,304.9,-80.82,-155.97,52.202625,-2.195978,9.29,2,91.71,22 / 22,-3.2146593360782747,-4.966589898842893,1.0224542354365251,127.59680756432753,20.93386227428114,83.65048964908736,False,135.2990000000009,9.143703328059646,-1.4924614101965172,96.01724562145718,-51.62624771308395,9.264711111108362,99.27012999998651,12.358362664137921,3.474128488646376,-31.579561942870356,-72.56010998736508
13500810.0,-0.5787,4.2885,8.7881,0.0306,-0.0496,9.8064,-0.109,0.4569,-0.3168,304.51,-80.81,-156.29,52.202625,-2.195978,9.29,2,91.71,22 / 22,-3.481698126827268,-4.895311114622398,0.9588696854373131,127.258641512455,20.435836273107313,83.75054650709025,False,135.39999999999964,9.147016236006891,-1.5118185118566718,96.9328054081465,-51.772357846420014,9.27111111111102,99.38499999999804,12.62871436283416,3.3834926027657266,-30.325836104308493,-72.20819411952732
13500910.0,-1.7656,-0.7104,10.2603,0.0001,-0.0292,9.8065,0.1116,0.2436,-0.1608,304.79,-80.91,-158.45,52.202625,-2.195978,9.29,2,91.71,22 / 22,-3.688559668197297,-4.927996618547806,0.9306246854372104,126.90012862270247,19.944670886447017,83.84502122563431,False,135.5,9.224664867054674,-1.5069600320041812,97.85960950941629,-51.92803074320884,9.346944444444444,99.278,12.91322453525197,3.421036586543625,-29.04051911328618,-71.87270162965586
13501010.0,-0.5259,4.9742,8.0227,0.0297,-0.0342,9.8065,-0.0255,0.6818,-0.3096,304.23,-80.63,-158.61,52.202625,-2.195978,9.29,2,91.71,22 / 22,-3.9226656950220438,-4.940139702331617,0.8641096854369685,126.51956735454011,19.45126407040125,83.93475794417834,False,135.60000000000036,9.143918150378557,-1.42961038720714,98.76596940249614,-52.0725841482797,9.255000000001784,98.88600000000744,13.0665838454006,3.510529315124477,-27.753597952043975,-71.52384821868095
13501110.0,-1.8791,-2.4056,9.2015,-0.0463,-0.0208,9.8064,0.1707,0.2065,-0.075,300.29,-80.59,-159.76,52.202625,-2.195978,9.29,2,91.71,22 / 22,-4.077638659841837,-5.000965832599301,0.744654685436534,126.11955213679546,18.954208793652896,84.0151961627223,False,135.70000000000073,9.230248208067838,-1.5106840314097822,99.68595876768471,-52.22825704577565,9.353055555554898,99.29499999998039,13.307886867909675,3.490281801189519,-26.433593369110753,-71.18246583942854
13501210.0,0.3718,4.8872,10.7313,-0.047,-0.0739,9.8062,0.2013,0.5968,-0.3625,305.89,-80.7,-157.8,52.202625,-2.195978,9.29,2,91.71,22 / 22,-4.199803835059472,-5.021746718082908,0.7606296854363015,125.70568001205642,18.453073166126078,84.09046038126485,False,135.79999999999927,9.226205940055612,-1.4210379839028062,100.60594813276252,-52.37281045012583,9.335000000000658,98.75600000001961,13.426009775115084,3.6007087341801016,-25.0997318792939,-70.82588361625191
13501310.0,-2.0415,-0.2988,9.0015,-0.0331,-0.0521,9.8064,-0.0269,0.4017,0.0082,302.61,-80.68,-158.27,52.202625,-2.195978,9.29,2,91.71,22 / 22,-4.421616059294246,-4.994960187566203,0.7666046854363232,125.27460901733717,17.952237820841802,84.16682209980875,False,135.89999999999964,9.269585655970491,-1.4093407446438606,101.53275223397824,-52.517363855196486,9.376111111110362,98.64500000000201,13.691201715264738,3.5856194429223427,-23.741856783358926,-70.46960167603828
13501410.0,0.869,6.4478,10.931,-0.0792,-0.104,9.8057,0.204,0.8391,-0.3648,308.44,-80.56,-152.89,52.202625,-2.195978,9.29,2,91.71,22 / 22,-4.6827041284453585,-4.892153167406678,0.7825646854363812,124.81939300794853,17.457882153091358,84.24428056835268,False,136.0,9.38006709260475,-1.4977421212245683,102.47318580730294,-52.673036751985315,9.498888888888889,99.072,14.062771221050108,3.39441104618211,-22.346207200645594,-70.13091890507667
13501510.0,-3.9747,-3.2852,7.9304,-0.0045,-0.0543,9.8065,-0.1767,0.1585,0.2095,306.66,-80.36,-151.52,52.202625,-2.195978,9.29,2,91.71,22 / 22,-4.88958366923286,-4.953071323658329,0.7449696854362444,124.34077861806288,16.965620928536318,84.32065728689659,False,136.10000000000036,9.424839466394703,-1.4849923458713306,103.40680464457378,-52.81759015634864,9.541111111113203,98.95399999999016,14.314423135627564,3.4680789777869983,-20.933973973489103,-69.78321108488495
13501610.0,-2.2551,3.8265,8.5712,-0.0488,-0.1373,9.8055,0.0919,0.9181,-0.3656,310.47,-79.96,-145.49,52.202625,-2.195978,9.29,2,91.71,22 / 22,-5.090368091365891,-5.21012402850511,0.5893846854356783,123.84178103003113,16.457461160926297,84.38737500544043,False,136.20000000000073,9.552203266738022,-1.4127613177585898,104.36086768992594,-52.96214356141849,9.656111111106593,98.41299999997052,14.642571358103913,3.79736271074652,-19.48091334010519,-69.41960472234479
13501711.0,-4.9202,-4.1926,9.8626,0.0172,-0.0118,9.8066,-0.1395,-0.2149,0.2924,314.24,-79.8,-143.8,52.202625,-2.195978,9.29,2,91.71,22 / 22,-5.330609790415133,-5.535638204648164,0.5298199354364165,123.31552164700771,15.91480016815878,84.44389483879377,False,136.30099999999948,9.448002347959248,-1.2609451728764174,105.31070559887311,-53.085792319331226,9.531775000000579,97.6018600000039,14.778612138374381,4.274693031771746,-18.0048160481346,-69.00059248749001
13501811.0,-2.7775,6.1408,8.22,0.0195,-0.0715,9.8063,-0.108,0.6409,-0.1308,311.9,-79.69,-141.66,52.202625,-2.195978,9.29,2,91.71,22 / 22,-5.671494378612426,-5.794684661666981,0.4532849354361381,122.76541643855434,15.348284024840963,84.49305008233758,False,136.40099999999984,9.435338770713889,-1.2396732552026086,106.25127546689131,-53.21911503635186,9.516430555553264,97.48506000000631,15.106833149326315,4.555011406464372,-16.514140971663025,-68.56739906119282
13501910.0,-2.0362,9.8209,8.3268,-0.0377,0.0592,9.8063,0.1142,-0.3645,0.4511,313.59,-79.7,-140.08,52.202625,-2.195978,9.29,2,91.71,22 / 22,-6.409119761330464,-5.469675807939588,0.3014931854358928,122.1674260386262,14.790698181594536,84.5304115993208,False,136.5,9.584101123490408,-1.192913563049481,107.19579788178852,-53.340206312368686,9.658055555555555,97.095,15.993220884820872,4.276762244890107,-14.971628156837681,-68.13090449396321
13502010.0,-2.0368,6.2923,8.5925,-0.0186,-0.0234,9.8066,0.0454,0.1176,0.1863,312.43,-79.79,-138.65,52.202625,-2.195978,9.29,2,91.71,22 / 22,-7.134022290261254,-5.105981457656273,0.16679318543540284,121.49026893604416,14.26191531831282,84.55382591786444,False,136.60000000000036,9.714948497685905,-1.1849292155631193,108.17030513527703,-53.4625207311729,9.78694444444152,96.95399999999303,16.84897078794716,3.9210522420931535,-13.319963800767127,-67.72443604948572
13502111.0,-1.7822,6.7581,8.7873,-0.0379,0.0583,9.8064,0.0467,0.0094,0.3347,315.23,-79.57,-136.4,52.202625,-2.195978,9.29,2,91.71,22 / 22,-7.7408600471370494,-4.82723751283254,0.05400143543476908,120.73908737800133,13.760287760300317,84.56497604621845,False,136.70100000000093,9.563876442243698,-1.1011572535027687,109.12723036977916,-53.563708114397535,9.627061111114706,96.56797999998857,17.304736489380748,3.7260802593297715,-11.611857008222174,-67.32399587469786
13502210.0,-2.8802,2.3114,9.9166,-0.0206,0.0053,9.8065,-0.0102,0.2666,-0.0267,317.01,-79.85,-135.11,52.202625,-2.195978,9.29,2,91.71,22 / 22,-8.221578093719573,-4.7032938246530875,0.008986135435523492,119.94894669004216,13.288526459102684,84.56809393097647,False,136.79999999999927,9.66298063535603,-1.0615114107888832,110.08524596200375,-53.67379109220267,9.721111111107655,96.26900000001099,17.884558729075604,3.6417824138642043,-9.86370072803841,-66.96231755130535
13502310.0,-1.0959,8.2171,9.8255,-0.0408,0.0274,9.8065,0.0901,0.3744,-0.0598,312.55,-80.43,-134.48,52.202625,-2.195978,9.29,2,91.71,22 / 22,-8.744746470212128,-4.517736114417966,0.01542613543554701,119.1006304618425,12.827474962147454,84.56931454452003,False,136.89999999999964,9.613457525256763,-0.9859933401875757,111.03930900738399,-53.773866526156304,9.663888888889929,95.85600000000751,18.35820399546889,3.5317427742303904,-8.061321454458508,-66.60134148830376
13502410.0,-3.8667,0.8539,9.3249,-0.0249,0.0546,9.8064,-0.0371,0.0769,0.3884,310.41,-80.66,-133.93,52.202625,-2.195978,9.29,2,91.71,22 / 23,-9.239408343548888,-4.437969980699755,-0.007718864564537161,118.20142272115118,12.379689657389939,84.56969990806358,False,137.0,9.758459166248036,-0.9222741418065541,112.01381626084556,-53.873941960109526,9.801944444444445,95.399,18.997867509796926,3.515695838893201,-6.1876064603056165,-66.25363161749947
13502511.0,-3.9077,8.639,7.8735,-0.0302,-0.0205,9.8065,0.092,0.7765,0.1467,306.91,-80.39,-128.74,52.202625,-2.195978,9.29,2,91.71,22 / 23,-9.86134809052131,-4.492828025290015,-0.12967131456522238,117.2368345212252,11.92868435808492,84.56276170401749,False,137.10100000000057,9.720733380948547,-0.8020905305280087,112.99118570351054,-53.94143728056265,9.753769444444202,94.71697999999589,19.582081471469856,3.690737494762006,-4.245648817714667,-65.87012163864757
13502610.0,-1.7353,0.6248,8.4164,-0.0452,0.0119,9.8065,0.0116,0.2669,0.3221,308.54,-80.01,-124.78,52.202625,-2.195978,9.29,2,91.71,22 / 23,-10.39180691683613,-4.4761105064938125,-0.29417961456548836,116.23430334835939,11.484721900760903,84.54178108302548,False,137.20000000000073,9.711686067966173,-0.767225700736319,113.94920129576856,-54.018495364473466,9.74194444444223,94.51700000001732,20.1034929848023,3.7088848057574935,-2.2851020525908297,-65.50321726523437
13502709.0,-3.5472,3.8876,6.9058,-0.0813,-0.0561,9.8061,0.1022,1.0405,-0.1212,304.89,-79.73,-121.77,52.202625,-2.195978,9.29,2,91.71,22 / 23,-10.72179797561965,-4.595382831430787,-0.5065890645658317,115.18917990618114,11.03568298053291,84.50214303340842,False,137.2990000000009,9.645047688763938,-0.8418325486426615,114.90047029929049,-54.10656174657914,9.681719444445637,94.98823999999064,20.36684566438359,3.7535502827881255,-0.28870960689064873,-65.14224472711204
13502809.0,-3.4852,5.8639,9.9782,-0.0824,-0.0276,9.8062,0.0921,0.8501,-0.2489,308.27,-80.3,-115.81,52.202625,-2.195978,9.29,2,91.71,22 / 23,-11.314656553860498,-4.622663468793886,-0.6430540645638458,114.08735717972317,10.574780665528383,84.44466087695277,False,137.39899999999943,9.68780600497409,-0.604636837377742,115.8680946693463,-54.162492794201455,9.706686111110585,93.57136000002926,21.002462558834587,4.018026631416143,1.7807374896231352,-64.73727345972983
13502910.0,-4.064,5.5368,9.3397,-0.0397,-0.0267,9.8065,0.0547,0.984,-0.1245,305.82,-81.05,-111.29,52.202625,-2.195978,9.29,2,91.71,22 / 23,-11.997085742459442,-4.618413170573117,-0.6579717645639296,112.91011419375239,10.108106295237727,84.37895907258145,False,137.5,9.57189749328357,-0.588963817285679,116.83183463990258,-54.21864623308037,9.59,93.521,21.568983235743012,4.029449353287438,3.9217204461501893,-64.3267525283181
13503010.0,-4.8466,5.9783,8.8898,-0.0309,-0.0584,9.8064,0.073,0.9447,-0.1833,304.97,-81.19,-108.13,52.202625,-2.195978,9.29,2,91.71,22 / 23,-12.717388739548774,-4.686067969446055,-0.7271617645641812,111.67439046964749,9.642882238235076,84.30970239612479,False,137.60000000000036,9.591197227948326,-0.5498338778440137,117.78589768525522,-54.274243695916375,9.606944444443752,93.2810000000049,22.308585967497102,4.1362340916020415,6.11150721560773,-63.91712593415145
13503109.0,-4.241,0.3595,7.8551,-0.0424,-0.0411,9.8064,0.1339,1.0252,-0.0739,305.99,-81.49,-105.39,52.202625,-2.195978,9.29,2,91.71,22 / 23,-13.228341104483867,-4.909735575227458,-0.8691475645644108,110.3900768423658,9.16788996277297,84.2306850843328,False,137.69900000000052,9.550934260561855,-0.5920746492949276,118.73042010020609,-54.340293481625125,9.569269444443144,93.54731000000919,22.77927536504572,4.317660925932531,8.340343257840289,-63.50818344439809
13503209.0,-3.0564,3.0022,9.7342,0.0169,-0.0653,9.8064,0.0375,1.3631,-0.5483,300.03,-82.03,-102.64,52.202625,-2.195978,9.29,2,91.71,22 / 23,-13.565450768152134,-5.16520947764801,-0.9703475645647789,109.05038724872912,8.664142710127363,84.13871032787601,False,137.7990000000009,9.497666601203187,-0.3380346468187605,119.67098996815682,-54.36297724687773,9.503713888890182,92.03827000003,23.06311736935532,4.827174830829249,10.620602719427694,-63.0271199570051
13503310.0,-0.6176,0.2025,9.9755,-0.0175,-0.0513,9.8065,-0.0652,0.7261,-0.1152,304.92,-82.6,-92.96,52.202625,-2.195978,9.29,2,91.71,22 / 22,-13.791269500458917,-5.2802715755043454,-0.9654793645648392,107.66887287518138,8.136645916949705,84.04095106795617,False,137.89999999999964,9.414628726651284,-0.3712183367477548,120.62082787714466,-54.39655811542427,9.421944444445922,92.25799999999572,23.2058982271102,4.909053238756591,12.951955001963285,-62.53320403237397
13503410.0,-7.5901,2.6429,8.567,0.0088,-0.0553,9.8064,-0.1363,1.1258,-0.2576,304.76,-82.99,-87.28,52.202625,-2.195978,9.29,2,91.71,22 / 22,-14.134884394886878,-5.573818767979314,-1.0190193645650338,106.272565180409,7.593941399773548,83.94172613149932,False,138.0,9.323000987403432,-0.38895649727942133,121.54763197838797,-54.44103608583417,9.331111111111111,92.389,23.45788538229031,5.184862270699893,15.275066797978965,-62.03497748560772
13503510.0,-6.3057,2.4621,10.1635,-0.0806,0.0126,9.8062,-0.132,0.4155,0.1681,304.46,-83.31,-81.15,52.202625,-2.195978,9.29,2,91.71,22 / 22,-14.732270437568662,-6.038114662175793,-1.0631593645651942,104.82920743878097,7.0133447282636805,83.83761719504243,False,138.10000000000036,9.23002301101394,-0.26716891377329055,122.46762134357643,-54.463275071392886,9.233888888888236,91.6580000000005,23.9622934485826,5.770945748402502,17.638413904795456,-61.47661979965657
13503610.0,-7.1223,1.9904,9.8436,-0.018,-0.0006,9.8066,-0.0504,0.8094,-0.0799,305.15,-83.87,-75.86,52.202625,-2.195978,9.29,2,91.71,22 / 22,-15.291244474959724,-6.499875974254003,-1.0434693645651225,103.32803169314909,6.38644519643991,83.73228575858553,False,138.20000000000073,9.194078247063707,-0.2704647664571229,123.38079597271026,-54.4855140569516,9.19805555555221,91.68499999998731,24.485322722023433,6.22941120779688,20.052764279561174,-60.87195925339151
13503710.0,-2.8444,0.7401,10.9148,-0.0931,0.0681,9.8059,-0.0069,0.0648,0.3016,308.12,-84.23,-73.57,52.202625,-2.195978,9.29,2,91.71,22 / 22,-15.688430003176403,-6.86058094932512,-0.9862143645659556,101.77904796926482,5.718422350270675,83.63080157213045,False,138.29999999999927,9.103635679555708,-0.21231340485769704,124.28715586573452,-54.50775304180097,9.106111111114455,91.33600000001269,24.79206568273211,6.648267544467424,22.508107896469696,-60.22617539207164
13503810.0,0.728,-0.0147,10.2002,-0.012,0.0271,9.8065,0.076,0.5374,0.0125,302.74,-85.04,-73.3,52.202625,-2.195978,9.29,2,91.71,22 / 22,-15.778128847241435,-6.957019343007111,-0.9111293645656824,100.2057200267382,5.02754233565155,83.53593438567353,False,138.39999999999964,8.928265592744445,-0.10550021609689997,125.17307155073269,-54.51887253422707,8.928888888892113,90.677000000012,24.70639443998588,6.851519126910211,24.96735152399448,-59.54641486987862
13503910.0,-0.6373,0.8014,10.2963,-0.0857,0.0107,9.8063,0.1065,0.127,0.1679,302.43,-85.74,-72.39,52.202625,-2.195978,9.29,2,91.71,22 / 22,-15.799962319608369,-6.9694732568094295,-0.8669693645655216,98.62681546838998,4.331217705658189,83.44702944921664,False,138.5,8.78694367356743,0.003680666574255071,126.05217249964862,-54.51887253422727,8.786944444444446,89.976,24.586905993175797,6.973153923383685,27.425357031258642,-58.85009023988546
13504010.0,1.4713,3.0172,9.245,-0.0384,0.0184,9.8065,-0.0158,0.0775,0.1488,297.64,-85.95,-73.22,52.202625,-2.195978,9.29,2,91.71,22 / 22,-15.939975842844865,-6.876531809408306,-0.8705693645655347,97.03981856026154,3.638917452344784,83.36015251275977,False,138.60000000000036,8.796004929929932,0.2252619621035509,126.92445871256366,-54.48551405695019,8.798888888883795,88.53299999998555,24.735980772774795,7.101793771511857,29.884640152302126,-58.12443150929497
13504110.0,-4.1761,1.5176,8.7115,-0.0431,-0.0085,9.8065,0.0279,0.08,0.1461,296.95,-86.08,-74.37,52.202625,-2.195978,9.29,2,91.71,22 / 22,-16.18959486216515,-6.929413827989581,-0.9534093645658361,95.4333400250052,2.9486201704723785,83.26895357630286,False,138.70000000000073,8.512256767612625,0.33608425041960527,127.76948598134202,-54.45215557825764,8.518888888883797,87.73899999996438,24.701851629777778,7.265498078409187,32.33614595633682,-57.40077574873002
13504210.0,-1.1276,0.2424,9.0891,-0.0699,-0.0249,9.8063,-0.0022,-0.1132,0.2185,292.61,-85.93,-74.2,52.202625,-2.195978,9.29,2,91.71,22 / 22,-16.37099058815037,-7.164245003820171,-1.0440443645645172,93.80531075251311,2.2439372288921455,83.1690808898478,False,138.79999999999927,8.365495654862874,0.4735625205827164,128.60088377793628,-54.3965581154269,8.378888888893982,86.76000000003562,24.736486243013246,7.637807524402888,34.79557302542317,-56.64049534431904
13504310.0,-1.7664,1.6838,8.5535,-0.0278,-0.0012,9.8066,-0.082,0.2537,-0.0189,303.51,-86.28,-64.88,52.202625,-2.195978,9.29,2,91.71,22 / 22,-16.51118007420873,-7.27508620398191,-1.1425793645648756,92.16120221938917,1.521970668499415,83.05974970339093,False,138.89999999999964,8.129651553475494,0.6900967471104011,129.40502263049754,-54.32984115945849,8.158888888892891,85.14800000002931,24.640831627684225,7.965182951092311,37.24382041110837,-55.8518118279579
13504409.0,0.8829,-0.2034,9.4787,-0.042,-0.0242,9.8065,-0.0884,-0.0327,0.079,304.96,-86.32,-59.68,52.202625,-2.195978,9.29,2,91.71,22 / 22,-16.588036211959132,-7.309052521327956,-1.2208438145650022,90.52279101322121,0.8000558015954093,82.94276025602382,False,138.9989999999998,7.752199960602651,0.8495758982463535,130.1606405624214,-54.230766479145345,7.798638888889683,83.7451700000031,24.34023617256178,8.15862841957431,39.6378495492002,-55.03082228074076
13504510.0,1.3847,-0.0246,10.3644,0.0256,-0.0114,9.8066,-0.0035,0.2636,-0.0652,307.2,-86.1,-56.91,52.202625,-2.195978,9.29,2,91.71,22 / 22,-16.504255415567837,-7.2615511583127805,-1.209238914564937,88.8516302860217,0.06424031576941758,82.82004107820207,False,139.10000000000036,7.5746823507830605,1.0487834004428325,130.92470876704496,-54.11857079841941,7.646944444437259,82.11699999996637,24.078937766350897,8.310334558755613,42.07307848102326,-54.18281111418883
13504610.0,1.9422,0.0605,9.6748,-0.0093,-0.0094,9.8066,-0.0646,0.027,0.0315,307.74,-85.87,-56.0,52.202625,-2.195978,9.29,2,91.71,22 / 22,-13.938982907636449,-6.0914221161822875,-1.0097523273801305,87.32946836985595,-0.6034083479577647,82.70909151610441,False,139.20000000000073,7.147583257600738,1.2258677746421587,131.62662657903127,-53.996256379613584,7.251944444439937,80.26799999991997,21.086566165237187,7.317289890824446,44.29715820917532,-53.39284803165582
13504710.0,1.5334,1.1499,9.8868,0.0403,0.0257,9.8065,-0.1079,0.1129,-0.1388,308.2,-85.71,-55.29,52.202625,-2.195978,9.29,2,91.71,22 / 22,-13.874470271585993,-5.954894216381571,-1.0123373273800929,85.93879571091506,-1.2057241645771928,82.60798703336786,False,139.29999999999927,6.974044408970961,1.473730160120497,132.31491491879228,-53.840583482131386,7.128055555560063,78.06800000008003,20.848514680556953,7.428624376502068,46.376119207877224,-52.634859317554195
13504810.0,0.3735,1.7307,9.5901,0.0043,0.0368,9.8065,-0.0286,0.1275,0.03,303.99,-85.81,-59.26,52.202625,-2.195978,9.29,2,91.71,22 / 22,-13.927079730528646,-5.8329340041035165,-1.0191573273801178,84.54871821080427,-1.7951155756035915,82.50641230062948,False,139.39999999999964,6.52014750097128,1.4929538283503003,132.9555001064259,-53.68491058392772,6.6888888888968765,77.10300000001756,20.447227231499927,7.325887832453817,48.40678189562162,-51.88979500832413
13504910.0,0.4684,2.5873,10.8781,-0.0287,-0.0009,9.8066,0.1412,-0.0608,0.0273,304.01,-86.07,-60.25,52.202625,-2.195978,9.29,2,91.71,22 / 22,-14.07467640040849,-5.71477194652489,-0.9764123273799622,83.14863040425232,-2.3725008731371124,82.4066338178911,False,139.5,6.255374919930991,1.747944395882876,133.57564108589463,-53.50699870158038,6.495,74.388,20.330051320339482,7.4627163424077665,50.427010681642315,-51.134497828443266
13505010.0,0.2669,-0.0251,9.2905,0.0004,0.0279,9.8065,-0.0125,-0.0881,-0.0214,300.67,-86.27,-63.23,52.202625,-2.195978,9.29,2,91.71,22 / 22,-14.15199903800632,-5.649374200914197,-0.9486473273798611,81.73729663232645,-2.940708180511134,82.31038083515277,False,139.60000000000036,5.8920642829349426,1.933224637244914,134.1617083851712,-53.306847832966604,6.201111111106523,71.83499999997474,20.044063320941262,7.582598838159111,52.42441175284476,-50.36613965245547
13505109.0,-2.026,-0.9392,8.8035,-0.0161,-0.0268,9.8065,0.0743,-0.2431,0.0488,301.51,-86.45,-66.22,52.202625,-2.195978,9.29,2,91.71,22 / 22,-14.147327663303873,-5.785095877755334,-1.0238526773799828,80.33647996060932,-3.506714449406191,82.212742084917,False,139.69900000000052,5.608692539420676,1.9903888806944519,134.70818206811896,-53.108698474439855,5.951411111102486,70.46087999995254,19.75602020272455,7.775484758449786,54.371702107509634,-49.601984025033666
13505210.0,1.196,0.0154,9.904,-0.0273,-0.0096,9.8066,0.0862,-0.2541,0.2187,299.39,-86.36,-64.79,52.202625,-2.195978,9.29,2,91.71,22 / 22,-14.121149013005768,-5.881381914222166,-1.069595577379416,78.90892188847337,-4.095871577893755,82.10702294805296,False,139.79999999999927,5.369297681943928,2.1481093923218584,135.24525141526627,-52.884307112321714,5.78305555556159,68.19500000008192,19.490446694949696,8.029491306544024,56.336329526792895,-48.78843553442796
13505313.0,-1.3444,0.1621,10.2395,-0.0015,0.0142,9.8066,-0.0647,0.0451,-0.0381,296.13,-86.17,-67.0,52.202625,-2.195978,9.29,2,91.71,22 / 22,-14.117373891888215,-5.923283102608707,-1.0422902773791574,77.45463795885756,-4.7038118262663,81.99826082653186,False,139.90300000000025,5.022466990860928,2.3355496898544663,135.7500189136286,-52.63267299362763,5.53899444444753,65.05869000001603,19.139840882749144,8.258832792463174,58.29538095477103,-47.92886116736133
13505409.0,0.6329,1.2306,9.5719,-0.0346,0.0144,9.8065,-0.0138,-0.1498,0.1008,300.8,-86.33,-67.49,52.202625,-2.195978,9.29,2,91.71,22 / 23,-14.177001897297872,-5.956501324139334,-1.0327814773792021,76.09650792098302,-5.2740414787475265,81.89865738230392,False,139.9989999999998,4.7390825081977574,2.338347257328013,136.2014270288078,-52.408504021574274,5.284594444445022,63.736770000003006,18.91608440549563,8.294848581467347,60.1049191078248,-47.134462542826746
13505510.0,-1.8185,0.2532,9.6813,-0.0304,0.0173,9.8065,0.0024,0.0013,-0.0172,296.1,-86.67,-68.61,52.202625,-2.195978,9.29,2,91.71,22 / 23,-12.11620636719026,-5.109301041289717,-0.8933215482724086,74.7687009036189,-5.832864498204834,81.80138917950796,False,140.10000000000036,4.393340952810168,2.5482675719069063,136.6286428310511,-52.13930110423962,5.078888888888201,59.884999999958055,16.50954732000043,7.657568613196624,61.8599419274322,-46.30643660603479
13505610.0,1.4828,1.4606,9.0561,-0.0351,0.0309,9.8065,-0.0438,-0.2063,0.0863,297.11,-86.88,-71.52,52.202625,-2.195978,9.29,2,91.71,22 / 23,-12.186192048164026,-5.12225880986564,-0.9371165482725679,73.55358098284677,-6.344442490764463,81.70986727468038,False,140.20000000000073,4.255360573059619,2.702722262420686,137.05115646542575,-51.87243328036273,5.041111111108272,57.57899999985193,16.441552621223643,7.824981072286326,63.49757548257898,-45.52799078959826
13505709.0,-0.3273,0.8401,9.9361,-0.0076,0.0177,9.8066,-0.0138,-0.0577,-0.0692,296.76,-86.95,-72.15,52.202625,-2.195978,9.29,2,91.71,22 / 23,-12.24925292870404,-5.055579206811053,-0.9678609982726175,72.34402645648984,-6.848245472590774,81.61557088612624,False,140.2990000000009,3.9927030360133573,2.9490239216426426,137.4357120200399,-51.56420094404325,4.963836111112645,53.54970000007995,16.2419559647174,8.004603128453695,65.09168556355004,-44.715955471452475
13505810.0,0.9674,0.4161,9.8237,-0.0554,0.0265,9.8064,-0.0831,-0.1781,0.1371,294.68,-87.31,-71.41,52.202625,-2.195978,9.29,2,91.71,22 / 23,-12.279978686742469,-5.034374901760008,-0.9604627482727092,71.10530025992514,-7.357788155067299,81.51819053692691,False,140.39999999999964,3.847984341596478,3.0255646591735657,137.81440690167847,-51.26086118353825,4.895000000001238,51.82300000003067,16.127963028338947,8.059939560933573,66.70910664175332,-43.903073028470956
13505910.0,-1.3221,1.4591,9.7309,-0.018,0.0082,9.8066,-0.0469,-0.1824,0.103,297.29,-87.26,-68.97,52.202625,-2.195978,9.29,2,91.71,22 / 23,-12.360836843013102,-5.043036104592225,-0.9633977482727197,69.87325948343289,-7.861658705386743,81.42199751209928,False,140.5,3.7787541776787674,3.1849382657518763,138.18921738378128,-50.938395896120255,4.941944444444444,49.874,16.13959102069187,8.227974370344102,68.3159579003484,-43.07673719073351
13506010.0,1.8849,-0.4455,9.5724,-0.0291,0.005,9.8066,-0.0584,-0.1335,0.1534,298.62,-87.34,-67.88,52.202625,-2.195978,9.29,2,91.71,22 / 23,-12.379533837342445,-5.0327083359314635,-0.9788977482727761,68.6362409494106,-8.36544592741476,81.32488273727165,False,140.60000000000036,3.657744385871235,3.395894010579471,138.55039839382894,-50.59369162385007,4.9911111111117625,47.12599999994587,16.03727822321368,8.428602346510935,69.91415744441834,-42.22824569643531
13506110.0,-1.0328,0.9196,10.2675,-0.0364,0.0096,9.8065,0.0517,0.0187,-0.0187,295.52,-87.54,-70.81,52.202625,-2.195978,9.29,2,91.71,22 / 23,-12.366271294829478,-5.023678396328277,-0.9675677482727348,67.39895069279751,-8.868265264029576,81.22755946244402,False,140.70000000000073,3.5014639368989364,3.606926773036358,138.89113519576648,-50.22674836602156,5.026944444436593,44.149999999909596,15.867735231728414,8.630605169364635,71.49218450296897,-41.358483101991986
13506210.0,1.3646,0.2228,9.9563,-0.0241,0.0247,9.8065,0.0307,-0.258,-0.01,292.0,-87.79,-75.2,52.202625,-2.195978,9.29,2,91.71,22 / 23,-12.400404464181255,-5.018498808843781,-0.9370427482731789,66.160616904865,-9.370374124280872,81.13232893761811,False,140.79999999999927,3.1983022285117864,3.594113656887777,139.19779831745907,-49.859805108933756,4.811111111118963,41.6650000000904,15.598706692693042,8.612612465731559,73.03718141259408,-40.489430984652884
13506310.0,1.813,-0.6396,9.6737,0.0344,0.0007,9.8065,0.0626,0.2776,-0.2068,284.95,-88.02,-82.09,52.202625,-2.195978,9.29,2,91.71,21 / 22,-12.313332387552494,-4.905671909065938,-0.9362077482731758,64.92493006227382,-9.866582660178164,81.03866641279045,False,140.89999999999964,3.0496644475799544,3.8622378648973568,139.4908319670982,-49.45950337241474,4.921111111109109,38.2950000000613,15.36299683513245,8.767909773963295,74.56590190482437,-39.59292071223658
13506410.0,2.6287,0.0787,10.2674,-0.0287,0.0176,9.8066,0.0428,-0.1031,0.026,276.64,-88.1,-90.46,52.202625,-2.195978,9.29,2,91.71,21 / 22,-12.225839583644575,-4.726597463138757,-0.919817748273116,63.6979714637095,-10.34819612879015,80.9458651379628,False,141.0,2.721023069240816,4.08339775646746,139.74979193657333,-49.048082144176334,4.906944444444444,33.678000000000004,14.946862652885391,8.809995219606217,76.05182047286382,-38.699886015386184
13506510.0,-1.0392,-0.5602,8.8443,0.0085,0.0092,9.8066,0.0563,0.1687,-0.0817,269.4,-88.22,-97.84,52.202625,-2.195978,9.29,2,91.71,21 / 22,-12.160032596436,-4.675283283057358,-0.9448977482732072,62.47867785470103,-10.818290166101665,80.85262936313514,False,141.10000000000036,2.425397981633502,4.316357939891359,139.97467822582988,-48.60330243724619,4.951111111111839,29.33199999998756,14.585430578069502,8.991641222948719,77.49600037112884,-37.785012271144524
13506610.0,-1.4197,1.6928,11.2603,-0.0199,-0.0307,9.8065,0.2296,0.1016,-0.0585,270.17,-88.21,-101.6,52.202625,-2.195978,9.29,2,91.71,21 / 22,-12.188770374783209,-4.824253543123218,-0.9203327482731176,61.261237706135645,-11.293267007412421,80.75936783830748,False,141.20000000000073,2.392874560485122,4.380107471422724,140.21319398716628,-48.16964222274074,4.9911111111088164,28.647999999863107,14.581644935268331,9.204361014545942,78.95195628103063,-36.87637521532832
13506710.0,1.2665,-0.1347,9.3376,0.0241,-0.0183,9.8066,0.082,0.144,-0.0739,263.21,-88.04,-104.13,52.202625,-2.195978,9.29,2,91.71,21 / 22,-12.24551814976687,-4.856310451441809,-0.8711027482738339,60.03952327992592,-11.777295207133628,80.66979606348144,False,141.29999999999927,2.0737175744194163,4.47050634494626,140.40400659624115,-47.71374302342617,4.928055555557849,24.8850000001369,14.319235724186285,9.32681679638807,80.36448331631522,-35.93644781629254
13506810.0,-4.7744,2.4465,11.4344,0.0515,-0.0551,9.8063,0.237,0.4856,-0.3612,261.89,-88.0,-105.51,52.202625,-2.195978,9.29,2,91.71,21 / 22,-12.303056109650846,-5.069112192209574,-0.8131677482736231,58.81209456695057,-12.273566339318002,80.58558253865377,False,141.39999999999964,1.7634059154713146,4.8333657607548055,140.56074552511635,-47.22448534679425,5.144999999996053,20.044000000088058,14.066462025122162,9.902477952964379,81.74865095816577,-34.95091900747625
13506910.0,2.4589,-0.4426,9.5621,0.0297,-0.0202,9.8065,0.1721,0.098,-0.0544,256.2,-88.16,-111.54,52.202625,-2.195978,9.29,2,91.71,21 / 22,-12.366325561054936,-5.218972954014016,-0.7440077482733716,57.5786254834108,-12.787970596631054,80.50772376382614,False,141.5,1.520307543406841,4.744305578374049,140.70385498193573,-46.74634716187931,4.981944444444444,17.768,13.886633104461776,9.963278532388065,83.12522949852493,-33.95837656524825
13507009.0,-1.3677,0.4652,9.2673,0.091,-0.0183,9.8061,0.1282,0.4081,-0.4221,252.85,-87.82,-114.84,52.202625,-2.195978,9.29,2,91.71,21 / 22,-12.342889828505779,-5.185216938256019,-0.7828107982734342,56.355519321625565,-13.302977996299253,80.43214624577195,False,141.59900000000016,1.28471164656831,4.894448134987863,140.8185469894375,-46.26198206131325,5.060319444445711,14.707909999950521,13.627601475074089,10.079665073243882,84.46302766781193,-32.95900406501399
13507110.0,2.0026,0.1964,10.709,0.0522,0.0022,9.8065,0.1533,0.1465,-0.3056,238.84,-88.08,-129.24,52.202625,-2.195978,9.29,2,91.71,21 / 22,-12.369725823210233,-5.189869523160188,-0.7644792982733312,55.107532231206896,-13.826919862603715,80.35400809589589,False,141.70000000000073,1.0175236358443545,5.017872621988022,140.91511179908142,-45.74559282234662,5.12000000000014,11.462999999891588,13.387249459054587,10.20774214514821,85.80757956787451,-31.918672959742906
13507210.0,-1.7803,1.2237,11.1307,0.0057,0.0207,9.8066,0.0614,0.1732,-0.0831,235.34,-87.93,-137.28,52.202625,-2.195978,9.29,2,91.71,21 / 22,-12.392112803138922,-5.2247539718791804,-0.6531592982749511,53.86944029990745,-14.347651037348106,80.28312616606951,False,141.79999999999927,0.7558553766733966,5.067831883086583,140.97644442343076,-45.23409615949399,5.123888888888748,8.48300000010841,13.147968179812318,10.292585854965765,87.10700412352331,-30.88644512214588
13507311.0,1.2443,-0.5661,10.3337,-0.009,-0.0155,9.8065,0.114,0.0199,0.0162,229.98,-88.0,-138.9,52.202625,-2.195978,9.29,2,91.71,21 / 22,-12.371976880392488,-5.271937004746877,-0.5596787482744259,52.61885377088209,-14.8777339316707,80.22187784471842,False,141.90099999999984,0.45759075637952207,5.208977176461762,141.01051810362355,-44.706031452760016,5.229124999998288,5.0210000000528225,12.82956763677201,10.48091418120864,88.39166433274147,-29.828297521089315
13507410.0,-2.5567,0.3367,9.9148,0.0239,-0.0111,9.8066,0.0808,0.1991,-0.1855,226.73,-87.9,-142.27,52.202625,-2.195978,9.29,2,91.71,22 / 23,-12.277663603331385,-5.31199156298099,-0.5282363482743749,51.39869656693578,-15.401638395774077,80.16802604743917,False,142.0,0.1632952471238292,5.332500319949992,141.01051810362355,-44.16662486328637,5.335,1.754,12.440958850455214,10.644491882930982,89.61182153668777,-28.764986467512294
13507510.0,-0.6923,-0.7377,9.9198,0.0016,0.003,9.8066,0.0483,-0.1455,-0.0061,220.07,-87.91,-149.41,52.202625,-2.195978,9.29,2,91.71,22 / 23,-12.11387982277215,-5.409047322684409,-0.5171713482743346,50.17911939562617,-15.937690340059296,80.11575566261155,False,142.10000000000036,-0.09435222657473105,5.438070430127678,140.99688863156825,-43.62176972311013,5.438888888889854,359.0059999999584,12.019527596197419,10.847117752812087,90.81776923594208,-27.68407938305083
13507610.0,-1.2242,-1.5254,9.2991,0.0078,0.0235,9.8065,-0.0689,0.0748,-0.0361,216.83,-87.81,-152.74,52.202625,-2.195978,9.29,2,91.71,22 / 23,-11.930981034763898,-5.373831851647994,-0.5368913482744063,48.97687635274499,-16.476834298777877,80.06305252778392,False,142.20000000000073,-0.31393746049674137,5.482964257744552,140.95600021532283,-43.07691458222737,5.491944444439281,356.72299999998216,11.617043574267155,10.856796109392546,91.97912386257784,-26.60008028344949
13507710.0,-1.5096,-0.5498,10.3814,-0.0216,-0.0159,9.8066,0.1375,-0.0179,-0.0294,212.07,-88.04,-158.2,52.202625,-2.195978,9.29,2,91.71,22 / 23,-11.720210396213027,-5.358709955312038,-0.5335313482744553,47.79431678121335,-17.01346138911807,80.00953139295726,False,142.29999999999927,-0.35158387753557135,5.3384350494421335,140.9219265351619,-42.55429842765737,5.350000000005164,356.2320000000179,11.368626518677456,10.697145004754171,93.12760975394855,-25.5408370385393
13507810.0,-1.1932,-0.8337,10.5728,-0.0319,0.0162,9.8066,0.0452,-0.1817,0.0304,204.0,-87.91,-166.78,52.202625,-2.195978,9.29,2,91.71,22 / 23,-11.533832855761053,-5.350005122471954,-0.46648634827421126,46.63161461861041,-17.548897143009217,79.95953050812965,False,142.39999999999964,-0.43383631234707887,5.52103662281558,140.87422338291643,-41.99832379434932,5.538055555552136,355.50700000001314,11.099996543413974,10.871041745287535,94.24260876430601,-24.4494266513401
13507910.0,-3.7481,-0.3358,9.5105,0.0111,0.0154,9.8066,-0.0114,0.1806,-0.149,200.53,-87.79,-170.45,52.202625,-2.195978,9.29,2,91.71,22 / 23,-11.245908832933681,-5.370890160772874,-0.44298634827412564,45.49262753417153,-18.08494190717341,79.91405687330206,False,142.5,-0.594113129654367,5.60554834596272,140.81289075853462,-41.43122966861456,5.6369444444444445,353.95,10.651795703279314,10.976438506735594,95.32026322436309,-23.346287761441154
13508009.0,0.2256,-2.6187,9.3159,-0.0398,0.0215,9.8065,-0.0858,-0.0267,0.148,192.64,-87.68,-174.76,52.202625,-2.195978,9.29,2,91.71,22 / 23,-11.01587039761886,-5.272988587777524,-0.4819378982741886,44.3906694622574,-18.611813905227507,79.86827312309784,False,142.59900000000016,-0.7856373250179401,5.578005824699693,140.72518510572812,-40.89182307914093,5.633094444444382,351.9828699999682,10.23023307260092,10.850994412477217,96.33451564347072,-22.28000917391342
13508110.0,-1.1284,-2.1718,9.9873,-0.0161,-0.0026,9.8066,-0.0221,0.056,-0.0434,193.93,-87.69,-173.35,52.202625,-2.195978,9.29,2,91.71,22 / 23,-10.883743705539326,-5.027923832441082,-0.4975979482742766,43.2847389500417,-19.132009982451468,79.81880656284686,False,142.70000000000073,-0.8127002281544796,5.632784748085522,140.64933709360545,-40.31928040199483,5.691111111119479,351.789999999964,10.071043477384846,10.660708580526604,97.36459814356375,-21.187270419543363
13508210.0,-0.9069,-1.9563,10.0584,-0.03,-0.0043,9.8065,-0.0392,0.0006,0.0381,188.71,-87.8,-179.18,52.202625,-2.195978,9.29,2,91.71,22 / 23,-10.711691715487666,-4.824621983840771,-0.47597794827459117,42.20496717900606,-19.624637273258394,79.77012776802012,False,142.79999999999927,-0.9466742768948904,5.844943507296673,140.54711605304126,-39.72994729075475,5.921111111102743,350.80000000003605,9.765017438592775,10.669565491137444,98.3421488740352,-20.105310017496357
13508310.0,-2.5778,-0.9857,10.4613,-0.0084,0.0282,9.8066,-0.077,0.082,-0.012,182.92,-87.86,179.09,52.202625,-2.195978,9.29,2,91.71,20 / 23,-10.491539671977092,-4.667561549233836,-0.4306579482744262,41.14480560962897,-20.09924644991385,79.7247959731925,False,142.89999999999964,-1.0568714116384648,5.980386826961264,140.43808027641353,-39.129494686328464,6.073055555552792,349.97800000001496,9.434668260338627,10.6479483761951,99.29327466678455,-19.030248236414614
13508410.0,-1.0511,-2.0089,9.8209,-0.0313,0.0415,9.8064,-0.066,-0.0695,0.1312,179.34,-87.58,174.87,52.202625,-2.195978,9.29,2,91.71,20 / 23,-10.281712086358569,-4.496946654292112,-0.39721294827430453,40.106143021708405,-20.557471860091812,79.68340242836491,False,143.0,-1.0447785504486224,6.016064384774904,140.3358592358399,-38.540161575034595,6.106111111111111,350.148,9.236933535909946,10.513011039067017,100.2297162141315,-17.982689714942783
13508510.0,-0.9507,-0.9995,9.1082,-0.004,0.0457,9.8065,-0.0575,-0.0273,0.1219,179.0,-87.33,178.89,52.202625,-2.195978,9.29,2,91.71,20 / 23,-10.157386016096734,-4.3172619253090865,-0.43142294827442895,39.08418811658192,-20.998182289073476,79.64197063353733,False,143.10000000000036,-1.173633591404001,6.1020487802552115,140.21319398715735,-37.92858947888933,6.213888888891253,349.1130000000178,8.983752424692732,10.419310705564298,101.12900587057544,-16.930407189815853
13508610.0,1.095,-0.9437,9.6707,-0.0249,0.026,9.8065,-0.0218,-0.0977,0.2019,184.82,-86.85,-178.94,52.202625,-2.195978,9.29,2,91.71,20 / 23,-10.133780500099034,-4.18832442095262,-0.47314294827458064,38.06962979076844,-21.42346160638811,79.59674233870972,False,143.20000000000073,-1.0920079613295013,6.249195535988622,140.10415821052987,-37.305897889610435,6.343888888893589,350.0880000000342,9.041772538769532,10.437519956941241,102.03452841976144,-15.882436283222326
13508709.0,-2.2728,-1.1073,10.81,-0.0096,0.0613,9.8064,-0.077,0.131,0.1313,187.57,-86.3,-175.69,52.202625,-2.195978,9.29,2,91.71,20 / 23,-10.035941402714151,-4.073539032499566,-0.43020664827451116,37.07122855657757,-21.832423847334653,79.55202653368046,False,143.2990000000009,-1.0104201889736883,6.3923915467420604,140.0097059690363,-36.66741662056975,6.471763888886351,351.0176099999815,9.025521213740463,10.465930579241626,102.93847741245872,-14.8349927732351
13508809.0,-0.9874,-0.2914,8.9463,0.0043,0.0483,9.8065,-0.1099,0.1266,-0.004,193.7,-86.08,-172.36,52.202625,-2.195978,9.29,2,91.71,20 / 23,-9.833340446868787,-4.00913031401194,-0.4230566482746151,36.07776446411288,-22.23655731465435,79.50936336885363,False,143.39899999999943,-0.9604595024557385,6.370255392368638,139.92104625315886,-36.04450264144743,6.442255555556189,351.4259699999918,8.872880944413048,10.379385706380578,103.84328178904599,-13.807945326793082
13508910.0,-3.3504,0.7179,11.4519,-0.0009,0.0067,9.8066,-0.0126,0.297,-0.1289,193.75,-86.16,-172.87,52.202625,-2.195978,9.29,2,91.71,20 / 23,-9.592926187285176,-4.061522631504332,-0.38341919827439225,35.09673799908259,-22.64412528840521,79.46863633860268,False,143.5,-1.122042984021679,6.5870631620358475,139.79749508881844,-35.37110616586603,6.6819444444444445,350.333,8.470883203263497,10.648585793540178,104.70075708973584,-12.726980877460822
13509010.0,-3.4572,-0.0511,10.0299,-0.0136,0.036,9.8066,-0.0963,0.1687,0.0832,192.71,-86.19,-174.02,52.202625,-2.195978,9.29,2,91.71,20 / 23,-9.237300290451149,-4.151120070341999,-0.2899941982740523,34.15522667519235,-23.05475742349902,79.43496566877513,False,143.60000000000036,-1.071576337720095,6.67143330760199,139.6952740482447,-34.70393660617764,6.756944444446975,350.87499999999847,8.165723952731053,10.822553377943988,105.54004737305235,-11.649179182678623
13509110.0,-2.3835,0.0835,10.2371,0.044,-0.0115,9.8065,0.0718,0.3995,0.0024,195.2,-86.21,-171.6,52.202625,-2.195978,9.29,2,91.71,20 / 23,-8.921698616405186,-4.201723069586162,-0.2573091982739334,33.247276729846234,-23.472399580496948,79.40760049894763,False,143.70000000000073,-1.1035089166883265,6.807247353199246,139.5794235356164,-34.02564755335603,6.896111111115365,350.7919999999983,7.818189699716859,11.008970422785408,106.33214680577017,-10.553247972859083
13509210.0,-3.9134,-0.2056,9.3218,0.0331,-0.0034,9.8065,0.013,0.4519,-0.0767,197.5,-86.06,-164.2,52.202625,-2.195978,9.29,2,91.71,20 / 23,-8.584760908962883,-4.267196606758296,-0.26002919827389376,32.37195375359057,-23.895845564308008,79.38173357912062,False,143.79999999999927,-1.1277797769877516,6.9217816348008565,139.46357302297153,-33.33623900817183,7.013055555551301,350.74600000000163,7.456981131975131,11.188978241559152,107.09161926938097,-9.440393443863822
13509310.0,0.3214,-0.1403,10.1506,0.0395,0.0058,9.8065,0.0027,0.4927,-0.0699,195.98,-85.81,-160.49,52.202625,-2.195978,9.29,2,91.71,20 / 23,-8.375120941104301,-4.2864519144292,-0.2670741982739193,31.523959661084124,-24.323527990368937,79.35537840929314,False,143.89999999999964,-0.9435444674102412,6.9330336359104,139.3817961904248,-32.646830463632256,6.996944444444737,352.24999999997266,7.43157647369406,11.2194855503396,107.85783652934069,-8.323302473263318
13509410.0,-4.1622,-1.4662,9.4258,-0.0288,-0.0055,9.8066,0.0739,0.0527,0.1713,194.2,-85.88,-162.63,52.203053,-2.195737,6.61,3,344.47,21 / 21,-8.13600211433781,-4.235698330969777,-0.2689191982739259,30.698403508309013,-24.749635502640437,79.32857873946566,False,144.0,-1.0841643003898562,7.2482549703662595,139.26594567785133,-31.92406343969423,7.328888888888889,351.49300000000005,7.051837813947953,11.483953301336037,108.56754216954232,-7.1744279370537924
13509509.0,-0.2238,-0.0895,9.5639,0.014,0.0085,9.8066,-0.1104,0.2066,0.0961,200.04,-85.85,-155.48,52.203053,-2.195737,6.61,3,344.47,21 / 21,-7.87333979930142,-4.197330233390794,-0.2997873982739757,29.90594108358259,-25.167070416576962,79.3004277629365,False,144.09900000000016,-1.1259023548028726,7.367100156647285,139.15125367032275,-31.19751578919526,7.45263888889089,351.3108399999971,6.747437444498548,11.56443039003808,109.24531258674016,-6.030445372618299
13509610.0,-1.1944,-0.9903,9.2168,0.0327,0.0024,9.8065,-0.1337,0.5463,-0.0837,200.44,-85.86,-150.65,52.203053,-2.195737,6.61,3,344.47,21 / 21,-7.752314356550293,-4.154458628588485,-0.34183369827421195,29.116845548707644,-25.588835754109287,79.26802589756063,False,144.20000000000073,-1.0861347107922497,7.436096851849784,139.04105938859541,-30.445170915953913,7.515000000005204,351.69000000001984,6.666179645758044,11.590555480438269,109.92421383988777,-4.856335161844626
13509710.0,-0.487,-1.0018,9.4278,-0.0209,-0.0378,9.8065,-0.1218,0.0331,0.1171,203.7,-86.41,-147.37,52.203053,-2.195737,6.61,3,344.47,21 / 21,-7.601606713646976,-4.077420138082155,-0.39026869827350713,28.349149495208952,-26.00042969243683,79.23142077773377,False,144.29999999999927,-1.0346824418727634,7.587835471092903,138.9388383480041,-29.689045414099642,7.658055555550352,352.2349999999802,6.566924271774212,11.665255609175057,110.58968885279516,-3.6886157216628135
13509809.0,-0.9555,-0.305,9.64,0.0102,-0.0217,9.8066,-0.0473,0.1961,0.0871,204.12,-86.6,-142.45,52.203053,-2.195737,6.61,3,344.47,21 / 21,-7.475101886984876,-4.033102515835777,-0.4172709482735507,27.60285241947647,-26.401900563806414,79.19144756522962,False,144.39899999999943,-1.0787368122052132,7.63669136916951,138.83089292916972,-28.92947287109683,7.712505555554435,351.95978000000565,6.396365074779663,11.669793885005287,111.22804050969324,-2.5275723072904164
13509911.0,-3.4182,-0.9428,8.7714,-0.0223,-0.0328,9.8065,0.0067,0.1765,0.0957,207.65,-86.63,-138.43,52.203053,-2.195737,6.61,3,344.47,21 / 21,-7.210844939450622,-4.0638136736595785,-0.4785678482740141,26.853869131322597,-26.8148432894738,79.14575978660535,False,144.5010000000002,-1.0707409264959529,7.697932800703039,138.71988087911748,-28.146882976872195,7.772055555555579,352.08126000000226,6.140104012954669,11.761746474362617,111.86601174779489,-1.332039687398396
13510009.0,-0.5708,-0.6572,9.2299,-0.0078,-0.0248,9.8066,-0.0274,0.121,0.0305,205.24,-86.94,-137.06,52.203053,-2.195737,6.61,3,344.47,21 / 21,-6.966627133685022,-4.070967888938085,-0.5575558482739789,26.15917299973926,-27.213447586040907,79.09498972547452,False,144.59900000000016,-0.9368029717676356,7.726346639555453,138.63306114199605,-27.394982882413505,7.782944444444621,353.0867400000164,6.029824161917387,11.797314528493539,112.4738881422568,-0.1815352963725978
13510110.0,-2.7688,-0.9106,9.7919,0.0005,-0.0238,9.8066,-0.015,0.3311,-0.0499,202.77,-87.09,-135.62,52.203053,-2.195737,6.61,3,344.47,21 / 21,-6.743788667424033,-4.050582435496769,-0.5874265982741466,25.466797001779362,-27.62358587742717,79.03716811192352,False,144.70000000000073,-1.0100705995173573,7.868489552100859,138.53676892176475,-26.60894594640117,7.933055555555485,352.6850000000055,5.7337180679066755,11.919071987597627,113.06997191998539,1.0146399310260001
13510210.0,-2.0243,-1.1838,9.8183,-0.0164,-0.02,9.8066,-0.0833,0.2542,-0.0238,204.59,-87.41,-134.01,52.203053,-2.195737,6.61,3,344.47,21 / 21,-6.446395228243916,-4.036044851967425,-0.5875815982741442,24.80728780700556,-28.027917241794498,78.97841770209696,False,144.79999999999927,-0.9890876358708045,7.869194946457911,138.4413626172002,-25.830581459697527,7.931111111111182,352.8359999999945,5.457307592373112,11.905239798425336,113.63407481019465,2.197335782096971
13510310.0,-1.8056,-0.9633,9.474,0.0095,-0.0075,9.8066,-0.0391,0.361,-0.0949,201.24,-87.74,-131.97,52.203053,-2.195737,6.61,3,344.47,21 / 22,-6.192884303545214,-3.9972535196575376,-0.6036315982742025,24.175323830413806,-28.42958216037721,78.91885704226932,False,144.89999999999964,-0.8807836141677725,7.937391945973794,138.35958578473551,-25.029977988072513,7.986111111110111,353.6679999999849,5.312100689377441,11.934645465631332,114.18426195432171,3.399604172304695
13510410.0,-1.0266,-1.3704,9.4627,-0.0114,0.0022,9.8066,-0.0609,0.2524,-0.0135,199.14,-87.92,-134.51,52.203053,-2.195737,6.61,3,344.47,21 / 22,-5.985819966889049,-3.920600849149056,-0.6374615982743256,23.566388616889878,-28.825474878818977,78.85680238244167,False,145.0,-1.059951360643263,8.082740954551193,138.25055000813512,-24.22937451644669,8.151944444444444,352.529,4.925868606245786,12.003341803700248,114.68416139124524,4.596100362372287
13510510.0,-2.6432,-2.3406,10.9726,-0.031,-0.0029,9.8066,0.0099,0.1224,0.0177,199.19,-88.08,-132.33,52.203053,-2.195737,6.61,3,344.47,21 / 22,-5.717363742418374,-3.7884317550418576,-0.596361598274176,22.981229431422378,-29.210926509029925,78.79511122261403,False,145.10000000000036,-0.9596241841556017,8.122397729859257,138.15514370361586,-23.417651551687644,8.178888888891892,353.2619999999891,4.757739558262772,11.910829484901114,115.17391427219349,5.79327495734228
13510610.0,-0.7536,-0.534,8.9374,-0.0593,0.0185,9.8064,-0.0465,0.0963,0.1588,186.27,-87.95,-144.52,52.203053,-2.195737,6.61,3,344.47,21 / 22,-5.481840319936859,-3.6781463398576184,-0.581526598274122,22.421269228302577,-29.584255413776255,78.7362168127864,False,145.20000000000073,-1.0654128919089894,8.275589233389086,138.04610792698813,-22.59480909450351,8.343888888883361,352.66400000000016,4.41642742802787,11.953735573246703,115.62483869868555,6.989446319272744
13510710.0,-3.787,-1.9712,10.0238,-0.0416,-0.0055,9.8065,0.082,0.0933,0.0115,179.58,-87.75,-145.47,52.203053,-2.195737,6.61,3,344.47,21 / 22,-5.224851817708635,-3.529756740676432,-0.6141315982736475,21.885934621428092,-29.944650567797712,78.67643390295987,False,145.29999999999927,-1.0453024044244414,8.12497979469852,137.9438868864239,-21.783086129818493,8.191944444449971,352.66899999999987,4.179549413284194,11.654736535374951,116.05795226499582,8.16156443797922
13510810.0,-0.0246,0.2085,9.6457,-0.0613,-0.0029,9.8064,0.0184,0.025,0.166,167.81,-87.52,-158.69,52.203053,-2.195737,6.61,3,344.47,21 / 22,-5.009450090912638,-3.4096767447601537,-0.6113215982736373,21.374219525995166,-30.291622242070805,78.61516124313228,False,145.39999999999964,-0.961116764658478,8.26122384738664,137.85529531790473,-20.960243672634363,8.31694444444217,353.3639999999874,4.048333326254159,11.670900592146793,116.48107579190957,9.331378569436442
13510910.0,-3.7312,-1.5003,10.0713,-0.0344,0.0182,9.8065,-0.073,0.1573,0.0401,163.04,-87.21,-161.57,52.203053,-2.195737,6.61,3,344.47,21 / 22,-4.83059100627459,-3.260173006234652,-0.6061365982736183,20.882217471134016,-30.625114729621757,78.5542883333047,False,145.5,-0.9930545599231213,8.167909210215582,137.75988901341293,-20.148520707875317,8.228055555555555,353.06800000000004,3.8375364463514687,11.428082216450234,116.87767154227892,10.47659402174644
13511010.0,2.2791,0.5083,9.2751,-0.0619,-0.0003,9.8064,-0.0974,-0.2352,0.3271,159.23,-87.12,-162.09,52.203053,-2.195737,6.61,3,344.47,21 / 22,-4.755207992214666,-3.163581958167201,-0.6194815982736668,20.40292752120781,-30.94630247784302,78.49300742347711,False,145.60000000000036,-0.9917052633164496,8.15799961907989,137.66448270883973,-19.336797743823595,8.218055555555535,353.06900000000235,3.763502728898217,11.321581577247091,117.26155518763191,11.609504734019424
13511111.0,-2.569,-1.1561,9.5387,-0.0034,0.0046,9.8066,0.0295,0.3085,0.0279,165.39,-86.91,-155.16,52.203053,-2.195737,6.61,3,344.47,21 / 22,-4.725690153407872,-3.1046172334291624,-0.6598563482738936,19.924142164851183,-31.262846537020415,78.4284008571761,False,145.70100000000093,-0.9730771325867387,8.157372283181203,137.56812234127514,-18.506060447547515,8.215205555548975,353.1974299999979,3.7526130208211335,11.261989516610367,117.64398017642395,12.7567860894729
13511210.0,0.0534,0.3684,10.2836,-0.0237,-0.0248,9.8065,0.0239,0.085,0.1536,164.32,-86.77,-153.35,52.203053,-2.195737,6.61,3,344.47,21 / 22,-4.596298632419365,-3.0022960210407135,-0.6495108482740669,19.462703719960466,-31.565138743111607,78.36358718094806,False,145.79999999999927,-0.9605532172987606,7.985491856272337,137.4736700997833,-17.724471307511944,8.04305555556188,353.14100000000207,3.635745415120604,10.98778787731305,118.01096637982283,13.840667435599663
13511310.0,-2.7524,-0.6957,9.6115,0.0014,0.0217,9.8066,-0.0718,0.3347,-0.0927,159.37,-86.71,-152.03,52.203053,-2.195737,6.61,3,344.47,22 / 22,-4.460575139518765,-2.905336243791181,-0.6354208482740156,19.00986003136191,-31.860520356354275,78.29934059612042,False,145.89999999999964,-0.996640771935075,8.01633886074861,137.37826379526427,-16.923867835886526,8.078055555554918,352.91300000000416,3.4639343675836898,10.92167510453979,118.36840376390236,14.93665252046775
13511409.0,-1.4218,-0.9213,9.9669,0.0075,-0.0098,9.8066,0.0676,0.2513,0.0965,160.53,-86.68,-150.18,52.203053,-2.195737,6.61,3,344.47,22 / 22,-4.278559144833168,-2.724058589221559,-0.6371483982740183,18.57727288428579,-32.139175400588854,78.23634841841618,False,145.9989999999998,-1.0263251690056252,7.796012085825706,137.27706496507002,-16.15328699398099,7.863280555556028,352.5001700000009,3.2522339758275427,10.520070675047265,118.69979208078423,15.985888406607863
13511510.0,-1.1516,-1.3419,8.6977,-0.041,0.0029,9.8065,-0.1493,0.1504,0.1282,159.93,-86.49,-151.6,52.203053,-2.195737,6.61,3,344.47,22 / 22,-4.1790287344280905,-2.537439804923898,-0.6850577482742874,18.150164696380696,-32.40488106949469,78.16957700801512,False,146.10000000000036,-1.0004863682231029,7.745652136968864,137.1806364501447,-15.378258354763355,7.809999999995563,352.6399999999895,3.1785423662049874,10.283091941892762,119.030471753764,17.02662271473134
13511609.0,-0.807,-0.3364,9.4446,0.0023,-0.0163,9.8066,0.0167,0.0781,0.0828,158.55,-86.56,-149.18,52.203053,-2.195737,6.61,3,344.47,22 / 22,-4.10213252544575,-2.3906014657525616,-0.7578722482744051,17.74024721401628,-32.648819112393575,78.09815197318585,False,146.19900000000052,-1.0440584012760772,7.496187847126511,137.0794376199771,-14.640702406762975,7.56854999999166,352.0707499999803,3.058074124169673,9.886789312879072,119.33919040596084,18.0081167056306
13511710.0,-0.7374,-0.2914,10.2497,-0.0023,0.026,9.8066,-0.0363,0.4646,-0.107,155.91,-86.5,-147.96,52.203053,-2.195737,6.61,3,344.47,22 / 22,-4.028319773085692,-2.2952608598403392,-0.7537817482744558,17.329659372945528,-32.885455159833086,78.02181344636108,False,146.29999999999927,-1.0388702639874832,7.281261811988053,136.976194369007,-13.910485324223213,7.3550000000076805,351.8800000000067,2.989449509098209,9.576522671828393,119.64653499606148,18.974969835609873
13511809.0,0.5494,0.3742,10.6081,-0.0104,-0.0019,9.8066,-0.0018,0.2494,-0.0396,157.26,-86.4,-147.84,52.203053,-2.195737,6.61,3,344.47,22 / 22,-4.005375693575049,-2.2593497115097882,-0.692178998274356,16.93199144734518,-33.11090838311528,77.95023838940679,False,146.39899999999943,-1.0723787124132735,7.164359706717548,136.86824895014573,-13.216962565527437,7.24417500000228,351.4869700000081,2.932996981161775,9.423709418227336,119.93625750280054,19.89394581758784
13511910.0,-0.5379,-0.8837,11.3767,0.0027,0.0555,9.8065,0.0918,0.5734,-0.2126,153.76,-86.47,-150.55,52.203053,-2.195737,6.61,3,344.47,22 / 22,-4.006009153324237,-2.199072535994898,-0.572418248273683,16.527416512574494,-33.33605870661553,77.88637622845576,False,146.5,-1.1302083031494925,7.0184706614803085,136.75812281575125,-12.509429247462567,7.108888888888888,350.852,2.875800850174744,9.217543197475207,120.23070630317676,20.826629459152965
13512010.0,-2.3108,-3.794,9.2154,-0.0443,0.0471,9.8064,-0.0727,0.3477,-0.0672,151.09,-85.94,-151.4,52.203053,-2.195737,6.61,3,344.47,22 / 22,-3.9810558803200755,-1.8889537776239258,-0.523478248273505,16.128063260890826,-33.54046002229722,77.8315814036282,False,146.60000000000036,-1.0979004413482316,6.761443235053555,136.64908703915037,-11.84225968777438,6.849999999997382,350.7769999999955,2.883155438971844,8.65039701267748,120.52102377825955,21.698200334522838
13512109.0,-1.3939,-1.8487,9.5333,0.0014,0.031,9.8065,-0.0135,0.4735,-0.0878,151.03,-85.62,-150.43,52.203053,-2.195737,6.61,3,344.47,22 / 22,-3.9457182980209162,-1.5192068809908834,-0.5662759482735741,15.735687939062313,-33.70916397489892,77.77763857089904,False,146.69900000000052,-1.1034239315558343,6.616167630087877,136.5411416203157,-11.181761823684411,6.707549999995079,350.5314799999915,2.842294366465082,8.13537451107876,120.80545368125338,22.52740215121451
13512210.0,-2.5847,-4.7876,8.7705,0.0178,0.033,9.8065,-0.1211,0.6006,-0.2818,149.93,-85.67,-148.67,52.203053,-2.195737,6.61,3,344.47,22 / 22,-3.9277560159950133,-1.0913898911217461,-0.6324056982727546,15.338077486209436,-33.840999111888976,77.71710514774921,False,146.79999999999927,-1.1764251926747056,6.412988676594413,136.42420074990437,-10.541279047148597,6.520000000006771,349.6050000000336,2.7513308233203078,7.504378567716159,121.08612326369493,23.299720064740377
13512310.0,0.4416,0.5059,10.383,0.0367,0.0515,9.8064,-0.0011,0.3552,-0.1901,149.2,-86.07,-149.1,52.203053,-2.195737,6.61,3,344.47,22 / 22,-3.932781021629296,-0.8153169627874658,-0.6553956982728383,14.94505063432679,-33.93633445458478,77.6527150779217,False,146.89999999999964,-1.2085083146844873,6.271568144394913,136.308350237249,-9.918587457162788,6.386944444446864,349.09300000000934,2.7242727069448085,7.086885107182379,121.3632996029222,24.017746997421995
13512410.0,0.6526,-2.2578,8.5872,-0.0213,0.037,9.8065,-0.1465,0.3421,0.0076,151.22,-85.96,-144.36,52.203053,-2.195737,6.61,3,344.47,22 / 22,-4.012237830485357,-0.7280350965153372,-0.6875506982729552,14.547799691719613,-34.0135020575502,77.58556775809416,False,147.0,-1.2733968852866,6.14954147660965,136.17887025251198,-9.3070153603102,6.28,348.301,2.7388409451987568,6.877576573124987,121.63107056079237,24.70648669724
13512509.0,-0.2799,-0.0386,11.0447,-0.0005,-0.0031,9.8066,0.1247,0.1501,0.1318,148.22,-85.96,-141.79,52.203053,-2.195737,6.61,3,344.47,22 / 22,-4.074490914289868,-0.5999296994321612,-0.6866299982729537,14.147506618852592,-34.0792363149497,77.51754581361503,False,147.09900000000016,-1.4231120681411795,6.047410645343618,136.03719189026128,-8.712567282629228,6.212624999998911,346.75758999997504,2.6513788461486882,6.647340344775779,121.8896852714087,25.366669032320473
13512610.0,-1.1445,-0.9124,10.5742,-0.0216,0.04,9.8065,0.0008,0.2832,-0.1337,143.83,-85.69,-141.43,52.203053,-2.195737,6.61,3,344.47,22 / 22,-4.037197779657904,-0.48149226223232466,-0.5853471982723845,13.737866339805928,-34.133848124014065,77.45331096518913,False,147.20000000000073,-1.3687816049912809,6.183367172306307,135.89946607495438,-8.083871166605833,6.333055555552938,347.51799999991977,2.6684161746666235,6.664859434538632,122.16159973514844,26.049976957408234
13512709.0,-0.7248,0.4136,10.9237,0.036,-0.004,9.8065,0.2169,0.04,0.032,138.56,-85.62,-144.58,52.203053,-2.195737,6.61,3,344.47,22 / 22,-3.9741327776037685,-0.36550401402396915,-0.4920594982722336,13.341305477220834,-34.17577443968882,77.39997933371009,False,147.2990000000009,-1.5854553322470284,6.057744705506356,135.73754794668733,-7.489423089668361,6.261830555556969,345.33307000004334,2.3886774453567403,6.423248719530325,122.3962424694665,26.686351350020463
13512810.0,-1.9929,-2.2172,11.3925,0.0247,0.0136,9.8065,0.164,0.2187,-0.0585,136.3,-85.69,-143.14,52.203053,-2.195737,6.61,3,344.47,22 / 22,-3.936387127107174,-0.16781088438851008,-0.3555630482739248,12.94182422203788,-34.20270684205832,77.35717439511004,False,147.39999999999964,-1.6794400359442867,6.004557116530177,135.55872927305808,-6.871846467503739,6.2350000000004755,344.3740000000171,2.2569470911628873,6.172368000918687,122.6169050510202,27.33086037455458
13512909.0,0.9239,-0.1582,7.4792,0.0502,0.0029,9.8064,0.1422,0.2916,-0.0027,136.33,-85.62,-143.26,52.203053,-2.195737,6.61,3,344.47,22 / 22,-3.979058964941302,-0.008323553364055436,-0.3922722482739841,12.550009640480846,-34.21142549672709,77.32015654793085,False,147.4989999999998,-1.768674627777089,6.138734317825947,135.38331796741824,-6.2663900916211,6.388449999999662,343.927510000001,2.2103843371642133,6.147057871190003,122.83330832693738,27.945035405105987
13513010.0,-1.6524,-3.516,11.0671,0.0597,0.0423,9.8063,0.1479,0.4565,-0.255,139.25,-85.77,-139.49,52.203053,-2.195737,6.61,3,344.47,22 / 22,-4.069688219812949,0.1928529722855067,-0.44615574827428683,12.143547907648472,-34.202106761071505,77.27781593410492,False,147.60000000000036,-1.958875762721907,5.954101627763976,135.18391879092792,-5.670941260065206,6.268055555554793,341.78899999997736,2.1108124570910425,5.761248655478469,123.04037088327945,28.5311655010063
13513110.0,-0.3848,0.3782,9.9734,-0.0017,0.0093,9.8066,-0.0431,0.0244,0.1077,138.4,-85.74,-140.56,52.203053,-2.195737,6.61,3,344.47,22 / 22,-4.092910319080683,0.4168284905994609,-0.3747957482740272,11.735417980702305,-34.17162268792715,77.23676835927736,False,147.70000000000073,-2.073708460229023,5.870621158780044,134.9726619737528,-5.092727640489501,6.226111111114416,340.5449999999446,2.0192018588516594,5.453792668180583,123.23724399305048,29.078895047437648
13513210.0,-0.2255,-0.2107,10.1173,-0.0227,0.0347,9.8065,0.1043,0.2565,-0.0925,138.57,-85.41,-141.04,52.203053,-2.195737,6.61,3,344.47,22 / 22,-4.062711590438171,0.4690647720892722,-0.35092574827437445,11.327636885232296,-34.12732802479336,77.20048228445047,False,147.79999999999927,-2.261628774851239,5.898205014995635,134.74096094843603,-4.5033945299567515,6.316944444441139,339.02100000005544,1.8010828155869323,5.429140242906363,123.41332406320373,29.623933494836606
13513310.0,-0.2411,-0.411,10.9338,-0.0436,-0.0031,9.8065,0.1747,0.0618,-0.0537,130.52,-85.12,-146.05,52.203053,-2.195737,6.61,3,344.47,22 / 22,-4.069874599211839,0.5451206714487598,-0.27903574827411287,10.921007575748316,-34.07661875261627,77.16898420962293,False,147.89999999999964,-2.4015299501206284,5.785236201835743,134.49563045107095,-3.936300403513661,6.263888888889855,337.4560000000285,1.6683446490912104,5.2401155303869835,123.57462287532263,30.140318349102607
13513409.0,-0.4757,-1.3639,11.6816,-0.0342,-0.0109,9.8066,0.1811,0.1517,-0.1212,121.5,-84.53,-152.87,52.203053,-2.195737,6.61,3,344.47,22 / 23,-4.129291107517013,0.6599949051921015,-0.13043179827387258,10.515148873264582,-34.01696553157245,77.14871556606877,False,147.9989999999998,-2.565639749930691,5.831399608174822,134.23926008131875,-3.3528606240347587,6.370863888888652,336.2521600000027,1.5636513575863225,5.17140470298272,123.72411120805417,30.664104907537695
13513509.0,0.391,-1.9797,8.6208,0.0053,-0.0231,9.8066,0.2138,0.0005,-0.0596,122.08,-84.32,-158.07,52.203053,-2.195737,6.61,3,344.47,22 / 23,-4.278550540271706,0.7890538559182778,-0.09597679827374725,10.094756790873618,-33.94451309351667,77.13739513624135,False,148.09900000000016,-2.780206529428736,5.817014229579997,133.9600603457895,-2.7745358102495756,6.447294444445663,334.4550299999711,1.4983440108429695,5.0279603736617196,123.86530355491587,31.169977283267094
13513610.0,0.2713,-0.4257,10.9779,0.0309,-0.0161,9.8065,0.268,-0.0535,-0.0549,113.75,-84.1,-161.98,52.203053,-2.195737,6.61,3,344.47,22 / 23,-4.410804704605975,0.8582338873641343,-0.09671409827375138,9.655944351004829,-33.86132506248044,77.12766424596565,False,148.20000000000073,-2.8579782651672248,5.7555941698685436,133.67786212645487,-2.201659548324983,6.42611111111489,333.59299999994096,1.5528264394387503,4.897360282504409,124.02191777545004,31.659665514155456
13513710.0,1.4443,-0.7156,9.0918,-0.0156,0.0072,9.8066,0.0839,0.3485,-0.1488,112.6,-83.75,-164.73,52.203053,-2.195737,6.61,3,344.47,22 / 23,-4.511280329197787,0.8367997800712131,-0.07389409827408344,9.209840099321132,-33.776573379109905,77.11913383613837,False,148.29999999999927,-3.0687683717731518,5.763988261642642,133.36438426873548,-1.6345654219342782,6.529999999996221,331.96900000005905,1.4425119574246357,4.927188481571429,124.15454416941435,32.14200795717563
13513810.0,0.6656,-3.1211,9.8628,0.0018,0.0162,9.8066,-0.019,0.2168,-0.1916,106.91,-83.56,-166.2,52.203053,-2.195737,6.61,3,344.47,22 / 23,-4.747859441220382,0.831776714194396,-0.10682909827420324,8.74688311079854,-33.69314455439632,77.11009767631093,False,148.39999999999964,-3.257262905832913,5.636518283682643,133.04409167493336,-1.0785907893319338,6.510000000000364,329.9770000000362,1.490596535387469,4.804741569488248,124.29720856413482,32.614553765064386
13513910.0,-0.135,-1.5769,10.0599,-0.0335,0.0147,9.8066,-0.0284,0.265,-0.1525,108.1,-83.67,-168.8,52.203053,-2.195737,6.61,3,344.47,22 / 23,-4.997857419376807,0.9099378528072217,-0.09135909827414687,8.259597267766909,-33.606058826045924,77.10018826648347,False,148.5,-3.440131648688162,5.582026037849065,132.6965401369677,-0.5226161560226705,6.5569444444444445,328.355,1.557725770688645,4.672088185041844,124.4369428692008,33.08344267002325
13514010.0,0.0403,-0.7514,9.0502,-0.0458,-0.0209,9.8064,-0.1435,0.0949,0.0102,109.16,-83.34,-171.47,52.203053,-2.195737,6.61,3,344.47,22 / 23,-5.12435287321834,0.9853263417883117,-0.1165190982742383,7.75348675313531,-33.511295616315806,77.08979435665601,False,148.60000000000036,-3.5770968479032903,5.4786817888828585,132.34217386297368,0.011119491728080917,6.543055555557885,326.8589999999727,1.54725602531505,4.4933554470945465,124.58868710983838,33.52241510804389
13514110.0,-1.5073,-2.8114,10.7389,-0.0546,-0.0269,9.8064,-0.0738,-0.0866,0.0919,104.22,-83.1,-174.29,52.203053,-2.195737,6.61,3,344.47,22 / 23,-5.296877908803729,1.136748239995033,-0.10772909827420629,7.232425214032311,-33.40519188722625,77.07858194682855,False,148.70000000000073,-3.7923645646992274,5.488323465795501,131.96054864481584,0.5559746326108396,6.6711111111110695,325.35599999993303,1.504513344104502,4.3515752258004685,124.72812343078354,33.96116651983709
13514209.0,-1.0565,-0.8261,10.4485,-0.0396,-0.0191,9.8065,-0.1784,-0.0767,0.1081,107.94,-83.18,-173.92,52.203053,-2.195737,6.61,3,344.47,22 / 23,-5.455042934333779,1.3384975169382876,-0.029811148274080324,6.700205132296144,-33.28266722225786,77.0717737046244,False,148.7990000000009,-3.9643271593843785,5.364019354339771,131.56924650153513,1.073364626343754,6.670011111111132,323.53341000003616,1.4907157749494004,4.025521837401483,124.86904136923899,34.35603184860161
13514310.0,0.2492,0.3935,9.526,0.0231,0.0036,9.8065,0.0458,0.2528,-0.1325,107.66,-83.41,-173.69,52.203053,-2.195737,6.61,3,344.47,22 / 23,-5.481352179744784,1.418218845111879,-0.011570548274306328,6.14791717904202,-33.143453045976045,77.06968392894873,False,148.89999999999964,-4.064366704834114,5.380494541761613,131.16322452837332,1.6123264363456293,6.743055555554227,322.93300000001057,1.4169854749106694,3.9622756966497343,125.0153073493313,34.75577948232167
13514410.0,1.566,0.8103,9.5285,0.0171,-0.0017,9.8066,0.0104,0.041,-0.0615,107.01,-83.7,-173.72,52.203053,-2.195737,6.61,3,344.47,22 / 23,-4.6484901925176025,1.145202443661107,-0.033583966033246766,5.641425060427058,-33.01528198153693,77.06742620323335,False,149.0,-4.32322915990474,5.220318644024221,130.7270814219162,2.123823098537869,6.7780555555555555,320.37,0.3252610326128629,4.075116200363114,125.08565636148916,35.1391050800748
13514509.0,1.1256,-0.1077,9.1173,0.0065,0.0134,9.8066,0.0484,0.1523,-0.0938,102.32,-83.69,-174.43,52.203053,-2.195737,6.61,3,344.47,22 / 23,-4.6695063476974275,1.0384512660552727,-0.08147521603332417,5.1801842316856685,-32.90719112290579,77.06173077372105,False,149.09900000000016,-4.425317014608631,5.183690561741325,130.28855315782997,2.6302047948070126,6.815730555556164,319.51265999998617,0.2441893330887961,4.145239295686052,125.1083689261443,35.53739591771281
13514612.0,0.3757,-0.322,10.3298,0.0006,-0.0178,9.8066,0.0894,-0.0011,0.0199,104.58,-83.55,-175.56,52.203053,-2.195737,6.61,3,344.47,22 / 23,-4.729327088661498,1.001746063532095,-0.09003451603325394,4.69614430971715,-32.8021209604329,77.0528980225197,False,149.20199999999932,-4.603483611674567,5.073657600921061,129.81813192913654,3.1452596941856483,6.85091666666441,317.78099999995993,0.12584347698693144,4.071911537388966,125.12198761941939,35.94738065461855
13514711.0,0.5147,0.5911,9.5338,-0.0064,0.0004,9.8066,-0.0094,0.1046,-0.0095,101.76,-83.36,-175.78,52.203053,-2.195737,6.61,3,344.47,22 / 23,-4.746429167426403,0.9887535595914384,-0.07764466603323385,4.227094375040041,-32.703591229088126,77.0445979030074,False,149.30099999999948,-4.696242005615448,4.846909880294091,129.35234472089533,3.6187276921400744,6.74888888887939,315.90508000004763,0.05018716181095506,3.8581563207026526,125.12525034585529,36.3223189212282
13514810.0,-0.3081,-1.2697,10.2533,0.0115,0.0104,9.8066,0.0209,0.1449,-0.1571,100.91,-83.38,-176.21,52.203053,-2.195737,6.61,3,344.47,22 / 23,-4.803268611675044,1.0159552071016655,-0.06904156603321994,3.754384334973755,-32.60435814513666,77.0373369345201,False,149.39999999999964,-5.007471388273917,4.925469055735038,128.85984374744538,4.103092792706136,7.023888888883836,314.5270000000253,-0.20420277659887276,3.909513848633372,125.10545941247163,36.70745093784279
13514910.0,0.208,1.2294,10.353,-0.0047,0.006,9.8065,0.0569,0.1783,-0.1319,99.32,-83.21,-178.7,52.203053,-2.195737,6.61,3,344.47,22 / 23,-4.826062775455829,1.053961534459707,-0.0193915660330393,3.2729177656154596,-32.50086230805821,77.03291527791677,False,149.5,-5.113716479710032,4.688978423613969,128.34873854457814,4.5589919920627775,6.938055555555556,312.519,-0.2876537042542031,3.6350168891542625,125.07582077896268,37.05985430012099
13515009.0,0.7728,-0.3112,10.7687,-0.0146,0.002,9.8066,0.0919,0.0937,-0.0982,98.21,-82.95,179.53,52.203053,-2.195737,6.61,3,344.47,22 / 23,-4.811230467322236,1.028527010187546,0.05527423396708151,2.795871750097174,-32.397779125098005,77.0346914699795,False,149.59900000000016,-5.348911670384034,4.555649296962337,127.81575803899145,5.01033219942434,7.026055555556979,310.42118999996603,-0.5376812030617977,3.527122286774791,125.01988628889427,37.408111324522345
13515110.0,1.8899,-0.845,9.7851,-0.0332,-0.025,9.8065,0.0807,-0.0668,0.0609,98.28,-82.56,178.71,52.203053,-2.195737,6.61,3,344.47,22 / 23,-4.911914773597138,0.934487371261573,0.10276948396734849,2.3048529154279866,-32.298646898834264,77.04267267773524,False,149.70000000000073,-5.497166695028489,4.441042907687879,127.26519551446052,5.4485514052153246,7.066944444443899,308.93399999994574,-0.5852519214313512,3.506555536426306,124.96034259903253,37.74719830404959
13515210.0,0.6637,0.436,11.9605,-0.0087,-0.005,9.8066,0.1677,0.0091,-0.0319,98.02,-82.12,177.41,52.203053,-2.195737,6.61,3,344.47,22 / 23,-4.973777180570225,0.8414600424126227,0.20938448396579706,1.8105683177268113,-32.20984952815185,77.05828037613168,False,149.79999999999927,-5.599026529576358,4.287286130950145,126.7063871593437,5.871092126548521,7.05194444444499,307.4420000000543,-0.6252493490061335,3.445826088537522,124.8958188416169,38.08094165470037
13515310.0,0.5243,-0.8406,9.9821,0.012,-0.0043,9.8066,0.151,0.1928,-0.0812,93.59,-81.92,175.99,52.203053,-2.195737,6.61,3,344.47,22 / 23,-5.025012555458129,0.8113217530136975,0.3258494839662208,1.3106288309235747,-32.12721043838023,77.08504207452837,False,149.89999999999964,-5.740892718984471,4.216642175549541,126.13394933214887,6.2825133547875325,7.123055555554262,306.29700000002083,-0.7158801635263421,3.4053204225358438,124.8233205012253,38.409723793167764
13515409.0,0.4947,-2.8625,10.9169,0.0027,0.0315,9.8066,0.1355,0.2006,-0.2655,89.67,-81.58,175.66,52.203053,-2.195737,6.61,3,344.47,21 / 21,-5.236124340477914,0.7898785964614307,0.3894916339663238,0.8027025545739194,-32.04795102108108,77.12045145986609,False,149.9989999999998,-6.009150086556949,4.122293033993204,125.53350293978441,6.68982037144318,7.287230555555192,304.4506500000041,-0.7730257460790355,3.332414437531773,124.73080038521049,38.737771392524266
13515510.0,1.4208,1.3627,10.4338,0.0022,0.051,9.8065,0.0262,0.2661,-0.2194,91.76,-81.37,173.87,52.203053,-2.195737,6.61,3,344.47,21 / 21,-5.341346355689001,0.717516907847326,0.47723033396681686,0.26854028441448874,-31.971827548113062,77.16422091924696,False,150.10000000000036,-6.030582849593601,3.866959336036966,124.92774105332222,7.071997333987661,7.163888888891021,302.6689999999816,-0.6892364939046001,3.14944242818964,124.65920076890774,39.04382488210072
13515610.0,1.7728,0.3232,11.3914,-0.0008,-0.0007,9.8066,0.086,0.0405,0.0817,89.99,-81.16,175.07,52.203053,-2.195737,6.61,3,344.47,21 / 21,-5.286296667477719,0.5828703244545741,0.5878253339672193,-0.26284186674578036,-31.90680818649773,77.21747370264386,False,150.20000000000073,-6.197786565824346,3.8212590460289904,124.30760007382625,7.4500600849487775,7.28111111111293,301.655999999952,-0.9114898983466269,3.2383887215744163,124.57044194057202,39.35686827144651
13515710.0,0.6985,-0.3818,9.3511,-0.0279,-0.0207,9.8065,0.025,0.0908,0.1374,88.57,-80.97,176.65,52.203053,-2.195737,6.61,3,344.47,21 / 21,-5.31612519517048,0.4851701217649499,0.6442853339663978,-0.792962959870476,-31.853406164187533,77.27907923603964,False,150.29999999999927,-6.327323473110771,3.70272437403198,123.67382962233363,7.817003342743907,7.3311111111092915,300.33600000004805,-1.0111982779402906,3.21755425226703,124.4667925822041,39.67040950693144
13515809.0,0.0131,-0.803,9.2506,-0.0126,0.0198,9.8066,0.0401,0.1358,-0.1541,93.07,-80.55,177.46,52.203053,-2.195737,6.61,3,344.47,21 / 21,-5.400666319182178,0.4783903854207885,0.5942111339663169,-1.3234441398317904,-31.80570991908176,77.3403848112024,False,150.39899999999943,-6.422711639888001,3.5363386133729,123.03965028660646,8.158260572291116,7.3319361111110934,298.83714000003084,-1.022045320705823,3.057948227952111,124.36309442643825,39.963970491372876
13515910.0,2.8374,-0.1272,8.5609,-0.0081,0.0199,9.8066,-0.1322,0.111,-0.087,89.43,-80.51,176.8,52.203053,-2.195737,6.61,3,344.47,21 / 21,-5.473320012822492,0.3640842486354491,0.5032202339658056,-1.872580449601112,-31.763164950061682,77.39580509528328,False,150.5,-6.59620139645559,3.49103499877987,122.37902977504272,8.506411887991616,7.463055555555556,297.89,-1.1228813836330982,3.1269507501444207,124.25161022464384,40.2695768380533
13516010.0,0.8927,-1.0097,10.5192,0.0178,0.0098,9.8066,0.1194,0.153,-0.0585,89.73,-80.58,176.38,52.203053,-2.195737,6.61,3,344.47,21 / 21,-5.556197764032054,0.20376018755106667,0.4765602339657087,-2.424056338445846,-31.734772728252253,77.44479411868004,False,150.60000000000036,-6.548709636506709,3.4375662414928163,121.72481511535582,8.83999666783571,7.396111111112854,297.6959999999886,-0.9925118724746556,3.2338060539417497,124.14887145380168,40.57476939608796
13516110.0,2.0884,0.0013,9.2554,0.0145,-0.0085,9.8066,-0.0554,0.0858,0.0726,89.4,-80.59,176.3,52.203053,-2.195737,6.61,3,344.47,21 / 21,-5.632975632936035,0.08094152268728934,0.48462523396573803,-2.9835150082962856,-31.720537642740283,77.49285339207678,False,150.70000000000073,-6.671389468714425,3.409075258096587,121.0569709835868,9.173581447678993,7.491944444444515,297.06699999992037,-1.0384138357783899,3.3281337354092977,124.04048599188307,40.894119090419274
13516210.0,1.5071,-0.7444,9.5912,0.0061,0.0292,9.8065,0.0282,0.1587,-0.1901,87.66,-80.64,175.31,52.203053,-2.195737,6.61,3,344.47,21 / 21,-5.69406211094554,-0.07432343749476027,0.44629023396629597,-3.549866895482123,-31.720206738480663,77.5393991654727,False,150.79999999999927,-6.798498067459368,3.152585400232568,120.37549737982546,9.484927241936056,7.493888888888818,294.8780000000796,-1.1044359565138286,3.2269088377273283,123.92536427530759,41.20513398041672
13516310.0,1.5065,-0.2783,10.689,-0.0022,0.0246,9.8065,0.0289,0.1777,-0.088,89.38,-80.64,176.4,52.203053,-2.195737,6.61,3,344.47,21 / 21,-5.769410760049297,-0.20065080764333787,0.4796352339664174,-4.1230405390339495,-31.733955450737618,77.58569543886951,False,150.89999999999964,-6.90169644253452,3.136850633054526,119.69402377600214,9.79627303692876,7.581111111109525,294.44200000000797,-1.1322856824852234,3.337501440697864,123.81706431503609,41.53022848766638
13516410.0,1.7331,-1.5907,8.9108,-0.0032,0.0157,9.8066,-0.0009,0.2016,-0.1088,89.46,-80.61,176.42,52.203053,-2.195737,6.61,3,344.47,21 / 21,-5.888953869391013,-0.3371253591409375,0.478960233966415,-4.705958770508086,-31.76084425907693,77.63362521226632,False,151.0,-7.048028129058417,3.0410493718657015,118.98529122798844,10.096499338788645,7.676111111111111,293.339,-1.1590742596674035,3.378174731006639,123.69124999849653,41.85734359786557
13516509.0,1.695,0.8129,9.6342,0.0033,0.0078,9.8065,-0.0825,-0.0043,-0.0739,85.34,-80.48,175.8,52.203053,-2.195737,6.61,3,344.47,21 / 21,-5.948297211646165,-0.4788748960655388,0.42607938396632955,-5.2919026990203735,-31.801236271709715,77.67842467335407,False,151.09900000000016,-7.1311457222332315,2.999601075631207,118.27689941681554,10.382715080127713,7.736336111112085,292.8133099999915,-1.1828485105870667,3.4784759716967457,123.56880211583591,42.18395135183743
13516610.0,1.2579,-1.5559,10.085,0.0118,-0.0017,9.8066,-0.0655,0.2567,-0.0235,83.95,-80.65,175.32,52.203053,-2.195737,6.61,3,344.47,21 / 21,-6.001993900556819,-0.6080700841505827,0.4314273339663597,-5.8953924001900155,-31.85612699321094,77.72172876260991,False,151.20000000000073,-7.1570468166503085,2.8296302053268607,117.56101139595916,10.6635934645234,7.696111111114668,291.57199999998045,-1.1550529160934895,3.4377002894774433,123.45640379614917,42.51972045773434
13516709.0,0.4706,1.6253,11.3016,-0.0201,0.0015,9.8066,-0.054,0.0748,-0.0466,87.57,-80.65,174.97,52.203053,-2.195737,6.61,3,344.47,21 / 21,-6.019701396257302,-0.6736537814081472,0.5192056839665018,-6.490466317383277,-31.9195723245562,77.76878509699766,False,151.2990000000009,-7.273388219231374,2.7977196143904486,116.83912640747774,10.938800908341031,7.792911111109191,291.03938000001057,-1.253686822974072,3.471373395798596,123.32959272486102,42.85837323289723
13516810.0,0.4993,-0.9566,8.0648,-0.0426,0.0268,9.8064,-0.1995,0.2168,-0.147,87.71,-80.49,174.77,52.203053,-2.195737,6.61,3,344.47,21 / 21,-6.012773283172819,-0.6952639941324296,0.5067372339666564,-7.098106288686969,-31.988702672220143,77.82059521435265,False,151.39999999999964,-7.3436622280545505,2.625508137766364,116.0958431477785,11.197329112249475,7.798888888888798,289.6730000000248,-1.3308889448817318,3.3207721318987935,123.19394943646546,43.18603178446962
13516910.0,0.4747,0.9448,11.5619,-0.0115,0.0041,9.8065,-0.0158,-0.0119,0.0021,90.61,-80.54,174.36,52.203053,-2.195737,6.61,3,344.47,21 / 21,-6.040422734489614,-0.7200939637621916,0.5074072339666589,-7.700766089572284,-32.05947057011513,77.8713024377495,False,151.5,-7.379661478289969,2.535403807863656,115.35985165562764,11.453077443699055,7.803055555555556,288.961,-1.3392387438003546,3.2554977716258477,123.06061774519992,43.51254801381418
13517010.0,3.3476,-0.4539,7.5712,-0.0858,-0.0027,9.8063,-0.2218,0.0681,0.0174,91.23,-80.35,174.15,52.203053,-2.195737,6.61,3,344.47,21 / 21,-6.046749169250661,-0.8840710331082049,0.4833972339665716,-8.305124684761497,-32.139678819958945,77.92084266114635,False,151.60000000000036,-7.425665268262066,2.370974551487109,114.62386016347602,11.67546729716463,7.795000000004694,287.7079999999889,-1.3789160990114055,3.2550455845953135,122.92898484823752,43.815146117123575
13517110.0,2.17,-0.7594,9.5891,0.0235,0.0004,9.8066,0.249,-0.0228,-0.0878,86.67,-80.43,173.41,52.203053,-2.195737,6.61,3,344.47,21 / 21,-6.1325580941088855,-1.1352993627804266,0.36074723396612546,-8.914090047931689,-32.24064733975374,77.96304988454314,False,151.70000000000073,-7.697219541241367,2.3673857131355436,113.84698025510711,11.920096134772654,8.053055555553263,287.0959999999567,-1.5646614471324813,3.50268507591597,122.7610703030388,44.1607434745264
13517211.0,3.3877,-0.2606,8.2898,-0.0531,0.0014,9.8065,-0.1172,-0.0235,-0.0135,90.67,-80.2,173.22,52.203053,-2.195737,6.61,3,344.47,21 / 21,-6.2079733473656065,-1.3915637708677053,0.2731600339672108,-9.537286885718428,-32.368253928001394,77.99506220157338,False,151.80099999999948,-7.685184626740435,2.188717115541998,113.07596101980423,12.13336800518718,7.990788888886191,285.8968800000312,-1.4772112793748287,3.5802808864097035,122.61324790552266,44.501621933188574
13517310.0,2.8778,0.1172,8.3962,0.0326,-0.0179,9.8066,0.2208,0.0573,0.0166,90.72,-80.24,173.36,52.203053,-2.195737,6.61,3,344.47,22 / 23,-6.245685801758707,-1.6748676205557858,0.12825868396697654,-10.153743013601078,-32.5200422818771,78.01493242811115,False,151.89999999999964,-7.794166819361092,2.0875659254695895,112.30684991052004,12.331517365114419,8.068888888887454,284.9940000000166,-1.5484810176023842,3.7624335460253753,122.46059292412112,44.85155964699152
13517409.0,2.6435,1.1278,11.12,0.0792,0.031,9.8062,0.2601,0.1938,-0.1135,82.96,-80.49,173.51,52.203053,-2.195737,6.61,3,344.47,22 / 23,-6.198766957879871,-1.915590768996739,0.1234522339669688,-10.769743425204183,-32.69776997216024,78.0273921185489,False,151.9989999999998,-7.793019987477583,2.045752116705874,111.53773880123588,12.529666723641162,8.057063888888914,284.70888000000065,-1.594253029597712,3.961342885702613,122.30748222644006,45.2274366958014
13517510.0,1.1347,-3.0886,9.829,-0.0125,-0.0485,9.8064,-0.1579,-0.3231,0.3696,87.71,-80.22,173.32,52.203053,-2.195737,6.61,3,344.47,22 / 23,-6.309249867893582,-2.0800121966874707,0.19090508396734787,-11.401398274909292,-32.89954792192842,78.04326716310467,False,152.10000000000036,-7.952601749711271,1.9990311179269296,110.73264588564521,12.731819100926725,8.199999999997068,284.1099999999707,-1.643351881817689,4.079043314614401,122.13404416055451,45.631367022855144
13517609.0,-1.1255,-8.1689,11.984,0.0493,0.0613,9.8062,0.1726,0.38,-0.3113,83.41,-80.36,173.66,52.203053,-2.195737,6.61,3,344.47,22 / 23,-6.896980183854534,-2.109096683699599,0.299790233967524,-12.05510666247188,-33.10690881150792,78.06755658134249,False,152.19900000000052,-7.849467971211057,1.742118147848335,109.96353477636103,12.896943566248966,8.040499999994491,282.51312999994485,-0.9524877873565227,3.8512148315479338,122.01864143883292,46.003852377756886
13517710.0,3.8082,-0.674,8.2024,-0.0325,-0.0571,9.8064,-0.0861,-0.4607,0.3891,84.9,-80.11,170.91,52.203053,-2.195737,6.61,3,344.47,22 / 23,-7.360445817798382,-2.2705794699083977,0.3287317839671655,-12.775106675546432,-33.32808245726238,78.0992969432478,False,152.29999999999927,-8.019589780980867,1.9864304034468763,109.14481238878771,13.109881851163326,8.26194444443633,283.91199999994853,-0.6591439631824851,4.257009873355274,121.91991906433415,46.437964308425705
13517810.0,2.7961,2.1705,8.5886,0.0317,0.0303,9.8065,-0.0995,-0.221,-0.0067,82.58,-80.2,172.5,52.203053,-2.195737,6.61,3,344.47,22 / 23,-7.281614657553908,-2.5643320712708224,0.1876167839666522,-13.50720969931671,-33.56982803432222,78.12511437164459,False,152.39999999999964,-8.009923633774836,1.7265394593148657,108.34748827225432,13.276674240379668,8.193888888890127,282.16400000003176,-0.7283089762209283,4.290871530585688,121.85469797157103,46.84650227470189
13517910.0,6.3041,0.2481,8.4453,-0.0157,0.003,9.8066,-0.1207,-0.1361,-0.042,78.06,-80.39,171.9,52.203053,-2.195737,6.61,3,344.47,22 / 23,-7.11012589236126,-2.9731076435617005,0.05864678396618303,-14.226796726815087,-33.84670002006485,78.13742755004127,False,152.5,-8.165106086524338,1.771176895683556,107.5297199476667,13.454586123434531,8.355,282.23900000000003,-1.054980194163078,4.744284539245257,121.75651667448179,47.30128614349938
13518010.0,1.0138,-3.3022,14.5456,0.0613,-0.0341,9.8064,0.4636,0.5012,0.1417,79.49,-80.5,171.38,52.203053,-2.195737,6.61,3,344.47,22 / 23,-7.21799685849948,-3.3380642835787655,0.22752678396679746,-14.94320286436073,-34.162258616423024,78.15173622843797,False,152.60000000000036,-8.090155888004539,1.7392534915365387,106.72558109516011,13.621378513356376,8.275000000002274,282.13299999996946,-0.8721590295050587,5.077317775115304,121.66878395952084,47.7836371297794
13518110.0,1.1046,-0.6606,8.7703,0.0108,-0.0368,9.8065,-0.0315,0.2931,0.355,83.55,-79.83,173.87,52.203053,-2.195737,6.61,3,344.47,22 / 23,-7.428781937348006,-3.4542903920414973,0.4126567839674711,-15.675541804155769,-34.50187635020527,78.1837454068348,False,152.70000000000073,-8.260514341427315,1.5244352446479599,105.89418329846315,13.777051410852726,8.40000000000305,280.45599999999644,-0.8317324040793093,4.9787256366894574,121.56972510261892,48.278927761058
13518210.0,1.491,-7.4618,11.1418,-0.0195,0.1625,9.8052,0.0338,0.5703,-0.7412,82.91,-79.49,176.28,52.203053,-2.195737,6.61,3,344.47,22 / 23,-7.846847539892935,-3.6096579087328333,0.42759678396725376,-16.4393232780067,-34.85507376523885,78.22575808523092,False,152.79999999999927,-8.345658103712042,1.52524145462484,105.0627855018689,13.932724307627597,8.483888888885838,280.3570000000036,-0.4988105638191067,5.134899363357674,121.5021087798756,48.787798072866444
